ligand_type,r_max,time_weighted_mean_b,time_weighted_variance,total_bound_time,n_binding_events,n_unbinding_events,binding_unbinding_events,mean_bound_dwell_time,total_signal,signal_rate,ratio,time_weighted_variance_observed,total_signal_observed
ag,50,2.312743861558406,1.5095740194218836,2312.743861558406,2270,2267,4537,1.0201781480187058,4950,4.95,9,1.1706190441628925,4465.337071972201
ag,50,2.2812652618551987,1.642984039689785,2281.265261855199,2280,2278,4558,1.0014333897520626,4620,4.62,9,1.2168401885182718,3851.6118541219284
ag,50,1.625556278517553,1.06236030936551,1625.556278517553,1647,1645,3292,0.9881801085213088,2251,2.251,9,1.216319068231226,2486.0243516347446
ag,50,1.7216173501248613,1.0957166124828501,1721.6173501248613,1655,1653,3308,1.0415107986236305,2493,2.493,9,1.3667730982483093,2982.8696153962755
ag,50,2.30244331915013,1.4847590321761963,2302.4433191501303,2262,2258,4520,1.0196826036980204,4641,4.641,9,1.6971848263303615,4320.643887364522
ag,50,0.9538242147484429,0.6382475104073153,953.824214748443,975,973,1948,0.9802921014886361,836,0.836,9,0.6446603678821979,784.8125157539254
ag,50,3.403403330894814,2.3254577683181337,3403.403330894814,3478,3475,6953,0.9793966419841192,10428,10.428,9,1.8215316201115177,11188.899219103856
ag,50,0.9798788501076424,0.6775636827766321,979.8788501076424,1006,1005,2011,0.975003830952878,767,0.767,9,0.6826187351484891,914.460522138312
ag,50,3.168975684323622,2.0780966848677833,3168.975684323622,3198,3196,6394,0.9915443317658391,9125,9.125,9,2.313169551355908,6497.342865549517
ag,50,0.6870271221614622,0.4459139429006929,687.0271221614622,645,645,1290,1.0651583289324995,371,0.371,9,0.4698501168992204,360.6869258869459
ag,50,1.986279720513444,1.310573180244595,1986.2797205134439,1932,1930,3862,1.029160476949971,3221,3.221,9,1.2438802727408,3399.960010486466
ag,50,0.9937216032322617,0.6562308812371096,993.7216032322617,961,961,1922,1.034049535101209,738,0.738,9,0.6227575959551632,724.3859664693377
ag,50,1.2728666090036806,0.884554033703717,1272.8666090036807,1322,1320,2642,0.964292885608849,1523,1.523,9,0.8046674896849456,1219.8060549574407
ag,50,0.9828241133519978,0.6652204331820768,982.8241133519978,989,989,1978,0.9937554230050534,906,0.906,9,0.69895768863338,989.3971387232042
ag,50,1.9676798054536702,1.3000514950612982,1967.6798054536703,1962,1961,3923,1.0034063260855024,3394,3.394,9,1.2040492490935175,3150.97012412018
ag,50,1.0122321711549058,0.6840803444118913,1012.2321711549059,1014,1012,2026,1.0002294181372589,862,0.862,9,0.7498259056603804,633.5853641097049
ag,50,1.3471040669631122,0.9275723454896825,1347.1040669631122,1287,1285,2572,1.0483300132008655,1547,1.547,9,0.6905839244123739,1232.8438180342441
ag,50,1.629382825298204,1.076074360247417,1629.3828252982041,1641,1639,3280,0.9941322912130592,2571,2.571,9,0.9817040569547023,1783.6299063375077
ag,50,1.6189439138877681,1.1043068780381047,1618.943913887768,1572,1571,3143,1.0305180864976244,2107,2.107,9,1.0976773005822011,2482.9613889045836
ag,50,1.3188455730450372,0.864440457232721,1318.8455730450373,1285,1285,2570,1.0263389673502237,1470,1.47,9,0.908062269205044,1756.4916263773216
ag,50,1.9636372532619535,1.3189072745214951,1963.6372532619534,1896,1895,3791,1.0362201864179175,3154,3.154,9,1.0508388244104387,3564.170257294153
ag,50,1.3052260881620177,0.864548251650476,1305.2260881620177,1301,1300,2601,1.0040200678169366,1403,1.403,9,0.6967357398926181,1499.3611765981577
ag,50,1.3203944737233806,0.8480386154485384,1320.3944737233805,1367,1365,2732,0.9673219587717073,1541,1.541,9,0.9295514843894365,1480.5188433871003
ag,50,0.32832931896882644,0.22052917727429305,328.32931896882644,330,330,660,0.994937330208565,64,0.064,9,0.20340940634382265,63.2089745379897
ag,50,0.9690148549089842,0.6541370809245177,969.0148549089841,961,958,1919,1.011497760865328,725,0.725,9,0.802691602667438,782.2239308540871
ag,50,0.0,0.0,0.0,0,0,0,,0,0.0,9,0.0,0.0
ag,50,1.9269071106238462,1.2729747916269527,1926.9071106238462,1916,1914,3830,1.0067435269717064,3172,3.172,9,1.2779793910629356,2802.067539643767
ag,50,1.6603842116778829,1.0733453496530547,1660.3842116778828,1598,1595,3193,1.040993236161682,2307,2.307,9,1.0864888791646268,2496.1205609147905
ag,50,2.511844891327113,1.793109819879146,2511.844891327113,2565,2563,5128,0.9800409252154167,5647,5.647,9,1.3048520801984747,6899.165842157369
ag,50,0.9483153693733345,0.6602734154535675,948.3153693733345,1021,1019,2040,0.9306333359895334,805,0.805,9,0.7009086779374856,1072.1456063626695
ag,50,1.3116535339355582,0.8475809724222695,1311.6535339355582,1306,1306,2612,1.0043288927531073,1425,1.425,9,0.8723133877480589,1684.3477247047538
ag,50,1.3142526693931036,0.8736502546049792,1314.2526693931036,1310,1308,2618,1.0047803282821892,1548,1.548,9,0.9976575518122388,1050.2540114315952
ag,50,1.0154091802990153,0.6731400961664151,1015.4091802990152,1019,1017,2036,0.9984357721720897,956,0.956,9,0.5166821614011493,826.1555570178049
ag,50,1.944289289613421,1.216558977402284,1944.289289613421,1900,1898,3798,1.0243884560660805,3318,3.318,9,1.3063587435927033,2688.3977596285113
ag,50,0.9391073795793834,0.6174482835428888,939.1073795793834,1012,1012,2024,0.9279717189519598,794,0.794,9,0.5914909017490454,735.4307944043179
ag,50,0.35812006555488174,0.22987008420184896,358.12006555488176,328,328,656,1.0918294681551273,66,0.066,9,0.26809149835915214,80.07499581079428
ag,50,1.6382218064396723,1.062573796980142,1638.2218064396723,1615,1613,3228,1.015636581797689,2372,2.372,9,1.2177074355262612,2372.958639326724
ag,50,1.3289658870359644,0.9266262182290095,1328.9658870359644,1303,1301,2604,1.0214956856540849,1558,1.558,9,1.034890107615069,1770.203825681754
ag,50,0.32462195403066085,0.21924254099197638,324.62195403066085,323,323,646,1.00502152950669,60,0.06,9,0.2703498792932178,62.47270311376239
ag,50,1.0197447543855178,0.6464353445716552,1019.7447543855178,995,995,1990,1.0248690998849426,810,0.81,9,0.7319635842654326,913.5070766176722
ag,50,2.2941217818853374,1.5263126080642646,2294.1217818853374,2306,2303,4609,0.996144933515127,4731,4.731,9,1.4113264308335813,6040.665081046572
ag,50,1.389226137026474,0.9406031354473473,1389.226137026474,1335,1334,2669,1.0413989033181963,1645,1.645,9,0.9286249795688286,1975.1271160931758
ag,50,0.3094444294752996,0.21368857454200593,309.4444294752996,318,318,636,0.9730956901738982,44,0.044,9,0.22256552374554153,52.66965336400563
ag,50,2.8824853733113023,1.9105768209339786,2882.4853733113023,2894,2888,5782,0.9980905032241352,7187,7.187,9,1.6624114675202435,6647.644354776157
ag,50,1.6479965258627676,1.059540716808048,1647.9965258627676,1642,1641,3283,1.0042635745659767,2361,2.361,9,1.0311088026580573,2472.2120501550385
ag,50,2.916806071872749,1.8194084694326176,2916.806071872749,2867,2867,5734,1.0173721910961802,7598,7.598,9,1.8644732406712294,7939.458702966731
ag,50,1.3280741719640956,0.8692957342754067,1328.0741719640955,1315,1313,2628,1.0114807097974832,1462,1.462,9,1.0332720918877332,1250.8087615228196
ag,50,1.6418042390137548,1.107641194260083,1641.8042390137548,1661,1660,3321,0.989038698201057,2401,2.401,9,1.103852085760585,2031.5325317173713
ag,50,1.2834036039470433,0.8263647860015387,1283.4036039470434,1260,1260,2520,1.0185742888468599,1388,1.388,9,0.9168402685565937,1106.5946695033483
ag,50,1.5673071961061995,1.0710209409256173,1567.3071961061994,1556,1553,3109,1.0092126182267864,2101,2.101,9,1.0945957736689016,2217.2718801761816
ag,50,2.2311746454500625,1.4424007087294486,2231.1746454500626,2276,2275,4551,0.9807361078901374,4457,4.457,9,1.3085475861475588,4151.674032242001
ag,50,1.9382548736498388,1.269472639909748,1938.2548736498388,1988,1987,3975,0.9754679786863809,3312,3.312,9,1.4016627730654632,3418.2368555656203
ag,50,0.9837194993592333,0.6522079816864954,983.7194993592333,980,980,1960,1.0037954075094218,834,0.834,9,0.6359284858784024,920.4028947437523
ag,50,1.8623868592409054,1.2309831831906997,1862.3868592409053,1936,1936,3872,0.9619766834922031,3314,3.314,9,1.231053947395996,3877.4115102610253
ag,50,1.8937947588498412,1.2895080251959647,1893.7947588498412,1969,1967,3936,0.9627833039399294,3403,3.403,9,1.0106865574273551,3661.018611910906
ag,50,1.6121447315175905,1.0940212427879892,1612.1447315175906,1659,1658,3317,0.9723430226282211,2329,2.329,9,1.084904328072775,2153.668876079864
ag,50,1.5749028949133885,1.1288173264512176,1574.9028949133885,1628,1627,3255,0.9679796526818614,2119,2.119,9,1.0387380110077413,1818.6264447514513
ag,50,1.6709439042936565,1.064619800239683,1670.9439042936565,1698,1697,3395,0.9846457892125259,2375,2.375,9,0.9046381755716542,2692.20350027104
ag,50,1.9514938006012128,1.3314860191364222,1951.4938006012128,1999,1997,3996,0.9772127193796759,3518,3.518,9,1.0991750753875449,3510.1932545396417
ag,50,1.9631094876125565,1.2427560921378562,1963.1094876125564,1981,1978,3959,0.9924719350922935,3452,3.452,9,1.3134423651879583,4075.8258326419136
ag,50,1.9660293968479627,1.2545517328048823,1966.0293968479627,1971,1969,3940,0.9984913137876906,3683,3.683,9,1.102007393169527,3535.0477370482704
ag,50,1.356199121959219,0.91050785858269,1356.1991219592192,1322,1321,2643,1.0266458152605746,1639,1.639,9,0.8434763726829171,1745.7008396243302
ag,50,1.0332494419111762,0.6676662070519567,1033.2494419111763,994,993,1987,1.040533174130087,852,0.852,9,0.48582007451764436,838.7513005330594
ag,50,1.3024463119486613,0.8734714427266883,1302.4463119486613,1307,1305,2612,0.9980431509185145,1510,1.51,9,0.7423297014757207,1534.015974107034
ag,50,1.5719891432068323,1.0342490828195532,1571.9891432068323,1599,1597,3196,0.9843388498477347,2180,2.18,9,1.3037516805431075,3047.5091530066666
ag,50,2.235146824664279,1.401740932818495,2235.146824664279,2310,2307,4617,0.9688542803052791,4364,4.364,9,1.6707436755089256,3923.4485405280343
ag,50,0.6818069269814145,0.44285757952426374,681.8069269814146,643,643,1286,1.0603529191001781,379,0.379,9,0.5280681855667483,365.5551889349056
ag,50,0.9848192509504684,0.6282502506520191,984.8192509504684,1015,1014,2029,0.9712221409767933,774,0.774,9,0.624044782303201,846.1454131300678
ag,50,2.857433556907663,1.7822585041305457,2857.433556907663,2852,2850,5702,1.0026082655816362,7297,7.297,9,1.8041631247753906,6666.665554804437
ag,50,1.0081415890609373,0.665413024485583,1008.1415890609373,1029,1028,2057,0.980682479631262,878,0.878,9,0.7067904119479566,895.2046932949117
ag,50,1.935190995761899,1.321046416878509,1935.1909957618989,1985,1983,3968,0.9758905677064543,3444,3.444,9,1.5066498030929518,4376.14723204388
ag,50,2.305519187966041,1.5166545940445582,2305.519187966041,2265,2262,4527,1.0192392519743771,4659,4.659,9,1.2284168577804393,4515.845454016509
ag,50,2.3876178286763032,1.510210416561566,2387.6178286763034,2289,2287,4576,1.0439955525475748,4979,4.979,9,1.3007009857170473,3799.6084945914513
ag,50,2.0601956861365163,1.3295038893330733,2060.195686136516,2053,2051,4104,1.0044835134746544,3667,3.667,9,1.4116453826778208,3667.025274960917
ag,50,1.0301515151709844,0.7004156581469957,1030.1515151709843,1006,1006,2012,1.024007470348891,822,0.822,9,0.5775205456430571,936.7736222188743
ag,50,1.610134370592588,1.1032405568254717,1610.1343705925879,1675,1674,3349,0.9618484890039354,2300,2.3,9,0.9973924335921527,2347.465701873199
ag,50,1.3329237356650006,0.8735505319064857,1332.9237356650005,1272,1270,2542,1.0495462485551186,1429,1.429,9,0.7685375458190044,1471.5894259002391
ag,50,1.6297937894749701,1.1574739352417904,1629.79378947497,1656,1654,3310,0.9853650480501632,2222,2.222,9,1.0112201204500275,1822.1358231132265
ag,50,1.5637783510347265,1.0883873568454079,1563.7783510347265,1573,1572,3145,0.9947699434063145,2102,2.102,9,1.0590920228715393,2070.1502326772284
ag,50,0.32861371272843476,0.22062674053526848,328.61371272843473,328,328,656,1.0018710753915694,62,0.062,9,0.2466269910012343,68.95768642931925
ag,50,1.6182132966062999,1.096637020398149,1618.2132966062998,1669,1667,3336,0.9707338311975403,2329,2.329,9,0.798752524930585,2221.378109160947
ag,50,1.2973645818311392,0.8420408494781362,1297.3645818311393,1320,1319,2639,0.983597105254844,1422,1.422,9,0.8492735380062109,1303.3521568707292
ag,50,0.6739622758726337,0.4408554050919482,673.9622758726337,665,665,1330,1.013477106575389,364,0.364,9,0.3671385079162269,204.61251981028485
ag,50,1.2563063928435354,0.8474844325211861,1256.3063928435354,1310,1310,2620,0.9590125136210194,1501,1.501,9,1.1163773184028574,1663.9147001531126
ag,50,1.9589977495449853,1.3556727162284352,1958.9977495449853,1874,1873,3747,1.0459144418286093,3178,3.178,9,1.2741841934797553,4429.590689910511
ag,50,3.416154998737203,2.2552733751479668,3416.1549987372027,3431,3430,6861,0.9959635564831495,10457,10.457,9,2.321016853881892,8909.269654118736
ag,50,1.3256141598748419,0.8599867695647274,1325.6141598748418,1307,1306,2613,1.01501849913847,1497,1.497,9,0.8146011114549713,1650.0430969083532
ag,50,0.6587782133114579,0.43563659838329233,658.7782133114579,662,662,1324,0.9951332527363412,393,0.393,9,0.358949666815341,357.9615963290755
ag,50,1.3131295894817394,0.8913253295733148,1313.1295894817395,1320,1319,2639,0.9955493475979829,1467,1.467,9,0.8156207562904715,1924.2081987657978
ag,50,0.9761689515564289,0.6758910765258384,976.168951556429,985,985,1970,0.991034468585207,828,0.828,9,0.5926798428548922,768.6838293951292
ag,50,2.2362976925639075,1.4284058638180415,2236.2976925639077,2228,2225,4453,1.005077614635464,4374,4.374,9,1.6574791302781913,4081.6581353491415
ag,50,1.615023793524312,1.0939032951462542,1615.023793524312,1594,1593,3187,1.0138253568890847,2207,2.207,9,1.1583404969328557,2561.38789921206
ag,50,0.0,0.0,0.0,0,0,0,,0,0.0,9,0.0,0.0
ag,50,0.0,0.0,0.0,0,0,0,,0,0.0,9,0.0,0.0
ag,50,1.285783707101203,0.8588123096122311,1285.783707101203,1317,1315,2632,0.9777822867689756,1440,1.44,9,0.9170155208382105,1545.6373136989264
ag,50,1.6141056571705208,1.0803356028862539,1614.1056571705208,1590,1590,3180,1.0151607906732836,2121,2.121,9,0.9646203437177868,2034.4048925703125
ag,50,1.6259410254259616,1.1261464022342436,1625.9410254259617,1655,1653,3308,0.9836303844077203,2241,2.241,9,1.3473634902589846,2012.9037519565811
ag,50,1.948386420373543,1.3411654644221043,1948.386420373543,1941,1940,3881,1.0043228970997644,3299,3.299,9,1.5802557682740686,3537.088719086171
ag,50,1.6554557700047225,1.0145825625960763,1655.4557700047226,1618,1617,3235,1.023782170689377,2225,2.225,9,0.9435669428095732,2475.214892148314
ag,50,1.9725460084532904,1.3808432379866071,1972.5460084532904,1899,1896,3795,1.0403723673276848,3391,3.391,9,1.3128588408716264,3782.0525945737863
ag,50,1.9821211438114217,1.363823352882535,1982.1211438114217,1991,1990,3981,0.996040775784634,3598,3.598,9,1.348651056753919,2758.252843200011
ag,50,1.6216013220935015,1.086032279520736,1621.6013220935015,1607,1605,3212,1.0103435028619947,2394,2.394,9,1.1103500067071475,2190.4650274419814
ag,50,1.6458826342436448,1.1205826178882277,1645.8826342436448,1611,1611,3222,1.0216527835156082,2295,2.295,9,1.1514190830851263,1994.1587306420054
ag,50,2.2770974718423087,1.4439162794665434,2277.0974718423086,2286,2284,4570,0.9969778773390142,4717,4.717,9,1.1417620613610266,4394.129348666789
ag,50,1.5638725785915049,1.0181119705356205,1563.8725785915049,1577,1577,3154,0.9916756998043785,2280,2.28,9,0.9908161240671108,1855.7642660663155
ag,50,2.0034464778184407,1.2997281259416906,2003.4464778184406,2028,2027,4055,0.9883801074585301,3508,3.508,9,1.2818473420490144,3329.2067359777784
ag,50,1.941464527278779,1.2399477633225129,1941.4645272787789,1907,1905,3812,1.019141484135842,3313,3.313,9,1.4042204703462615,2874.119247423518
ag,50,1.882267669072617,1.2685772328387412,1882.267669072617,1932,1931,3863,0.9747631636833853,3246,3.246,9,1.1773384326949237,3393.7805351862257
ag,50,2.540404950124502,1.7260913720107707,2540.4049501245017,2583,2579,5162,0.9850348779079107,5732,5.732,9,1.3231426889625326,5260.527900575272
ag,50,1.6203400524813647,1.0663924542860008,1620.3400524813646,1663,1663,3326,0.9743475962004597,2353,2.353,9,0.9878432339826027,1999.777487268112
ag,50,1.9559877519170357,1.307891542298077,1955.9877519170357,1921,1921,3842,1.0182133013623298,3323,3.323,9,1.4835905547840824,3279.7067168708795
ag,50,0.7013960274387866,0.4488492065031635,701.3960274387866,686,685,1371,1.0239358064799804,333,0.333,9,0.3853362443835789,328.94144202551485
ag,50,1.568600885753512,1.0526749429683555,1568.600885753512,1585,1584,3169,0.9902783369656011,2088,2.088,9,0.9335501192165142,2181.0216599051705
ag,50,1.9222412776514097,1.2776216353362115,1922.2412776514097,1896,1895,3791,1.0143753444070764,3229,3.229,9,1.3686732498913536,3385.7783173797566
ag,50,1.313364154537528,0.8815521590141048,1313.364154537528,1309,1306,2615,1.0056387094468056,1429,1.429,9,0.9679940293223759,1544.789946160548
ag,50,1.7025314783797776,1.079796032595278,1702.5314783797776,1603,1602,3205,1.0627537318225828,2423,2.423,9,1.218125413802925,1989.802258738154
ag,50,2.619306284726566,1.7183193386218185,2619.306284726566,2633,2631,5264,0.9955554103863801,6083,6.083,9,1.273432347274353,5224.821068771909
ag,50,3.791233923140972,2.515729501775765,3791.2339231409724,3741,3738,7479,1.0142412849494309,12446,12.446,9,2.402817109241036,12139.728223682549
ag,50,2.6639317004084013,1.8235614418011936,2663.9317004084014,2571,2568,5139,1.0373565811559196,5898,5.898,9,2.1854649827718147,5986.532164282387
ag,50,0.9973284424122091,0.6619953336138054,997.328442412209,955,954,1909,1.0454176545201352,768,0.768,9,0.6191023789382799,974.2341722692769
ag,50,1.3841909874019214,0.8468251134087341,1384.1909874019213,1336,1334,2670,1.0376244283372724,1682,1.682,9,0.6774263072951915,1089.7670630327852
ag,50,1.0203310171098379,0.6601311819780192,1020.3310171098378,989,988,1977,1.032723701528176,893,0.893,9,0.5883235757909374,829.0896723308756
ag,50,3.195726668235363,2.0545913350720735,3195.726668235363,3126,3123,6249,1.0232874377955052,8885,8.885,9,1.8584602915292732,7409.710387534611
ag,50,0.9426077078784985,0.655305073950366,942.6077078784984,922,921,1843,1.0234611377616705,704,0.704,9,0.5169284227611064,703.654643753644
ag,50,0.9630220563267844,0.6616986159720161,963.0220563267844,984,982,1966,0.9806741917788029,769,0.769,9,0.6726019704793111,884.44902817823
ag,50,1.9275630846530085,1.276922342601853,1927.5630846530084,1945,1945,3890,0.9910350049629864,3170,3.17,9,1.0243705557502765,3330.2354420482307
ag,50,2.576551838428192,1.7823026855781874,2576.5518384281922,2559,2557,5116,1.0076463975080925,6167,6.167,9,1.810901284983727,4304.113031717946
ag,50,0.6559699807961924,0.44547202881274484,655.9699807961924,679,678,1357,0.9675073463070685,365,0.365,9,0.4112249571305936,399.50731790443984
ag,50,1.0036365943595968,0.6436557043132668,1003.6365943595968,993,992,1985,1.0117304378624967,825,0.825,9,0.5482173576163045,682.0597663216814
ag,50,1.3032120078436609,0.868155828952606,1303.2120078436608,1339,1339,2678,0.9732725973440335,1525,1.525,9,0.7622823227809861,1745.80905821802
ag,50,0.9474818249994766,0.6731368313751561,947.4818249994767,945,944,1889,1.0036883739401237,777,0.777,9,0.6778045395110915,713.4445965480905
ag,50,1.941538903355225,1.3037829777649868,1941.538903355225,1947,1944,3891,0.998734003783552,3353,3.353,9,1.3084973996299565,3887.8648289293355
ag,50,1.057311718389577,0.64673521502689,1057.311718389577,1033,1032,2065,1.0245268589046288,971,0.971,9,0.48543975860549704,1029.1344731056815
ag,50,0.33461130169600417,0.22264657847330985,334.61130169600415,315,315,630,1.0622581006222354,55,0.055,9,0.17196755701002744,46.902046543542596
ag,50,0.3438260119751919,0.22560968546442708,343.82601197519193,330,330,660,1.04189700598543,55,0.055,9,0.15390401175278556,52.06309408493475
ag,50,1.351534785733963,0.8656446435619192,1351.534785733963,1351,1349,2700,1.0018790109221372,1656,1.656,9,0.9774252155139583,1553.3750358532648
ag,50,1.3079300113404835,0.8698153060080596,1307.9300113404836,1281,1281,2562,1.0210226474164588,1451,1.451,9,0.7347724179089812,1280.5314372274684
ag,50,1.3146254914923592,0.920779663167357,1314.6254914923593,1329,1329,2658,0.9891839665104284,1489,1.489,9,0.8312970230889154,1786.1671811329295
ag,50,1.2782971876759703,0.8298314496798418,1278.2971876759702,1310,1308,2618,0.9772914278868274,1350,1.35,9,0.6329702799057806,1427.064780093203
ag,50,2.284375428782784,1.5196042651838015,2284.375428782784,2205,2203,4408,1.0369384606367609,4434,4.434,9,1.8021654052468867,4461.063761876046
ag,50,3.520718778906514,2.2766582067009975,3520.7187789065138,3460,3457,6917,1.0184318133949997,10383,10.383,9,2.333780131260828,9377.595333572277
ag,50,2.6646035866733966,1.7272802052405158,2664.6035866733964,2601,2599,5200,1.0252418571271245,6271,6.271,9,1.3655754262050572,6239.579429201995
ag,50,2.922577179261101,1.8496819479552828,2922.5771792611013,2968,2964,5932,0.986024689359346,7873,7.873,9,2.234873234307133,7216.667948300301
ag,50,1.2633288699408163,0.8442340807409113,1263.3288699408163,1316,1314,2630,0.961437496149784,1367,1.367,9,0.6277956316039865,1390.3808021243124
ag,50,0.6644684946202769,0.4750506824914547,664.4684946202769,661,660,1321,1.006770446394359,328,0.328,9,0.4438116562180539,322.9952477799752
ag,50,2.0368811104372155,1.3081715917409464,2036.8811104372157,2008,2007,4015,1.014888445658802,3505,3.505,9,1.4385372900971019,3600.655159270511
ag,50,1.3603550793251182,0.8549056010415523,1360.3550793251181,1300,1299,2599,1.0472325475943942,1565,1.565,9,0.9028758483610014,1814.9721488567886
ag,50,1.8991280398268844,1.3212296702549207,1899.1280398268843,1964,1962,3926,0.9679551681074844,3154,3.154,9,1.3802008431425299,2411.497473598829
ag,50,2.197367965309458,1.4694700359929131,2197.367965309458,2230,2228,4458,0.9862513309288412,4353,4.353,9,1.2754919593776415,5210.774697040274
ag,50,1.2264164839751415,0.8101542467911181,1226.4164839751415,1338,1338,2676,0.9166042481129608,1427,1.427,9,0.668617408773358,1335.4367049030977
ag,50,2.8982081180957358,1.9222371182183853,2898.2081180957357,2921,2919,5840,0.9928770531331743,7656,7.656,9,1.9791760101336289,7862.032093802042
ag,50,2.6242105108494944,1.7049416569315368,2624.2105108494943,2608,2607,5215,1.0066016535671247,5923,5.923,9,1.2419117414380778,6868.506141881824
ag,50,2.250650372782195,1.599922972068005,2250.650372782195,2228,2225,4453,1.0115282574302,4360,4.36,9,1.461598075135641,5011.384623205672
ag,50,1.6111792499516082,1.1015192079797254,1611.1792499516082,1608,1608,3216,1.0019771454922937,2174,2.174,9,0.7460031798293796,1833.7477006289148
ag,50,0.6746575205274455,0.45613969693300055,674.6575205274455,682,682,1364,0.9892339010666357,346,0.346,9,0.3510540944725945,300.28328555759356
ag,50,1.2498407295587513,0.8427755798404101,1249.8407295587513,1279,1278,2557,0.9779661420647506,1349,1.349,9,0.7543801248822076,885.911738658111
ag,50,1.9215284778332675,1.3029307895927014,1921.5284778332675,1953,1949,3902,0.9859048116127591,3280,3.28,9,1.1307952048297358,3201.2972031617946
ag,50,0.6967558339853968,0.44464768835013424,696.7558339853967,690,690,1380,1.0097910637469518,392,0.392,9,0.5097906702284664,323.73337124043184
ag,50,0.9526808189016154,0.6563725556121703,952.6808189016153,996,995,1991,0.9574681597001159,903,0.903,9,0.6679748871052952,1018.489918354421
ag,50,0.31760476507098256,0.21673197827518856,317.6047650709826,337,337,674,0.9424473740978712,51,0.051,9,0.19977460595894794,44.878315430596764
ag,50,0.9801572029733204,0.6715409034776824,980.1572029733204,978,977,1955,1.0032315281200823,845,0.845,9,0.5481081176746613,736.9626278211397
ag,50,2.0760767736921824,1.29525480007742,2076.0767736921825,1990,1989,3979,1.0437791722937066,3878,3.878,9,1.2732762057559792,3881.434111276582
ag,50,1.9256066026129663,1.195756787137404,1925.6066026129663,1934,1932,3866,0.9966907881019494,3244,3.244,9,1.315236997580971,3023.609249131795
ag,50,1.6213029297159005,0.9961304540382957,1621.3029297159005,1650,1649,3299,0.9832037172322017,2334,2.334,9,1.0896785094766375,2302.288324595072
ag,50,1.6754381694850435,1.1647509459108623,1675.4381694850435,1647,1647,3294,1.017266648139067,2454,2.454,9,1.5083495065156305,2672.4596623876796
ag,50,2.251297792585845,1.4777120120708447,2251.297792585845,2314,2311,4625,0.9741660720838793,4580,4.58,9,1.3852271662491105,3636.273529877642
ag,50,1.6442518090829599,1.038684415909272,1644.2518090829599,1604,1603,3207,1.0257341291846287,2409,2.409,9,0.8112764893670305,2748.694088183962
ag,50,0.9455739230354496,0.6170353790340739,945.5739230354496,982,981,1963,0.9638877910656979,789,0.789,9,0.7287137792134635,712.2425662049503
ag,50,1.3540378865191525,0.9067151676159921,1354.0378865191524,1380,1378,2758,0.9826109481271063,1550,1.55,9,1.0654172359649556,1466.1160425216412
ag,50,1.6414699740843566,1.1324057917918913,1641.4699740843566,1606,1605,3211,1.0227227252862034,2333,2.333,9,0.7166319267600035,2601.7445559128078
ag,50,1.6754419475966023,1.0921085677003146,1675.4419475966022,1603,1602,3205,1.0458439123574297,2213,2.213,9,0.8609921137537209,1984.652142844367
ag,50,1.9877100845024456,1.2514940785305444,1987.7100845024456,1933,1930,3863,1.0299015981877957,3475,3.475,9,1.3577160099272874,3629.5194850668904
ag,50,2.260852166422745,1.4702846595141168,2260.8521664227446,2312,2311,4623,0.9783003749124815,4654,4.654,9,1.4598127320431755,4388.579014792303
ag,50,1.0332249026258042,0.6840449740564253,1033.2249026258041,1013,1012,2025,1.0209732239385416,861,0.861,9,0.6372706508746407,794.4537723931867
ag,50,0.31199381853965946,0.21465367573270153,311.99381853965946,323,323,646,0.9659251347977073,49,0.049,9,0.2294597602573036,53.888022545925416
ag,50,0.6496057663628622,0.42202925535241115,649.6057663628621,685,683,1368,0.9511065393306912,354,0.354,9,0.2525449533949653,315.75519351720845
ag,50,0.651575113525695,0.4364567692870746,651.575113525695,645,644,1289,1.0117625986423835,316,0.316,9,0.4150271149970313,348.7508430605433
ag,50,1.614285801968621,1.0778560474844663,1614.285801968621,1614,1613,3227,1.0007971493915815,2296,2.296,9,0.9483332745030966,2131.7663785186996
ag,50,0.686387597669445,0.4642707300646992,686.387597669445,697,697,1394,0.9847741716921735,381,0.381,9,0.44259422535166404,353.3591281388446
ag,50,0.34180103827251046,0.2249730885083443,341.8010382725105,354,354,708,0.9655396561370353,75,0.075,9,0.25983446874498256,62.74274269484911
ag,50,2.624602875160658,1.5912083878678014,2624.602875160658,2597,2592,5189,1.0125782697379082,6095,6.095,9,1.3444755959258863,5520.280145591875
ag,50,1.601318083986845,1.0967339704261863,1601.318083986845,1630,1629,3259,0.9830068041662646,2308,2.308,9,1.152471113053736,2053.565287653754
ag,50,1.6335563673697568,1.0392615890549664,1633.5563673697568,1646,1645,3291,0.9930433844193051,2407,2.407,9,1.1327746631320492,2446.6733048231563
ag,50,3.4910600983137865,2.3552697610233215,3491.0600983137865,3525,3521,7046,0.9914967618045404,10926,10.926,9,2.3857805768412237,12599.575746824725
ag,50,1.7119338584332022,1.0844127625396556,1711.9338584332022,1645,1643,3288,1.0419560915600743,2507,2.507,9,1.2408852212304193,2570.4242822827705
ag,50,0.9596189912216346,0.6453599115589426,959.6189912216346,994,992,1986,0.9673578540540672,844,0.844,9,0.6353729970320949,896.7626858218467
ag,50,1.3070226429506533,0.8891591785441953,1307.0226429506533,1252,1251,2503,1.044782288529699,1393,1.393,9,0.9859742440198316,1643.0458373168744
ag,50,1.6427141614745597,1.0771257626044504,1642.7141614745597,1619,1619,3238,1.0146474128934897,2289,2.289,9,1.1981422435323597,2602.1748624537295
ag,50,2.8621565372286097,1.9003809105669371,2862.1565372286095,2813,2808,5621,1.0192865161070546,6954,6.954,9,1.846211767030008,7826.001987548896
ag,50,1.0591219026051273,0.6885482828612055,1059.1219026051274,1016,1014,2030,1.0444989177565358,840,0.84,9,0.7445358279776048,1090.6174319077263
ag,50,0.6631791784231802,0.4285411877271457,663.1791784231802,691,691,1382,0.9597383189915778,352,0.352,9,0.46896900231257216,206.8768064767152
ag,50,1.5916991862135323,1.0345669763802425,1591.6991862135324,1650,1650,3300,0.9646661734627469,2392,2.392,9,0.7970674650254311,1981.855343368593
ag,50,0.9575589835289124,0.6421674827013965,957.5589835289124,982,982,1964,0.9751109811903386,777,0.777,9,0.5696425299018731,877.9943412958756
ag,50,2.7684814096928565,1.8283509469309447,2768.4814096928567,2862,2857,5719,0.9690169442397119,6952,6.952,9,1.809966877398918,6250.262000077771
ag,50,0.940873670317474,0.673633031135682,940.8736703174741,966,965,1931,0.9749986220906467,746,0.746,9,0.829671259260583,680.2412452540007
ag,50,0.6783476010356219,0.44520103409631795,678.3476010356219,662,662,1324,1.0246942613831147,311,0.311,9,0.34073636022123793,262.25336250204805
ag,50,1.2874698456672866,0.9004471317429077,1287.4698456672866,1310,1308,2618,0.9843041633541946,1426,1.426,9,0.951086386809728,1366.5903118448784
ag,50,1.6267161006906088,1.125052475302292,1626.7161006906088,1639,1638,3277,0.9931111725827892,2303,2.303,9,1.3057920634060698,2110.450657768284
ag,50,0.6610073076190397,0.4291014640731166,661.0073076190397,681,681,1362,0.9706421550940377,376,0.376,9,0.31051553774220414,410.88782105277977
ag,50,1.957834448515742,1.2755305273410855,1957.834448515742,2020,2018,4038,0.970185554269446,3381,3.381,9,1.4308647019106884,3940.2776601364953
ag,50,2.301005144713393,1.5724986698987218,2301.005144713393,2253,2250,4503,1.0226689532059523,4683,4.683,9,1.453112780158349,3936.708761885668
ag,50,2.5762729855524036,1.7010302871295164,2576.2729855524035,2589,2587,5176,0.9958534926758421,5937,5.937,9,1.2215664564972932,6394.144054141158
ag,50,2.569558164638672,1.7983532222125869,2569.5581646386718,2591,2590,5181,0.9921073994743906,5754,5.754,9,1.4062980891292929,5959.74557903925
ag,50,1.3188454235317815,0.9036299508197422,1318.8454235317815,1303,1302,2605,1.0129381133116602,1512,1.512,9,0.8275380548013436,1211.0695854553546
ag,50,2.2552211218990847,1.557113192139821,2255.2211218990847,2267,2265,4532,0.9956826145249822,4534,4.534,9,1.3286761105396145,4448.312218040111
ag,50,1.3309313581242053,0.8676742993723295,1330.9313581242052,1366,1365,2731,0.9750412880030808,1535,1.535,9,0.7541170033868698,1546.0948398662815
ag,50,1.3446624674145893,0.8896642208220407,1344.6624674145892,1316,1316,2632,1.0217799904366178,1506,1.506,9,0.8266410883916332,1342.6080321622596
ag,50,1.6242008922172841,1.0526653415605742,1624.200892217284,1663,1663,3326,0.976669207587062,2405,2.405,9,0.9470248019239974,2510.6072194636095
ag,50,1.307686587612307,0.8670341349309916,1307.686587612307,1357,1355,2712,0.9650823524814074,1529,1.529,9,0.988638455409554,1494.42927248019
ag,50,2.236251304474035,1.5857599718988544,2236.251304474035,2293,2290,4583,0.9765289539187926,4444,4.444,9,1.4659398351217263,4536.333050369884
ag,50,2.025220277188528,1.2728641519833794,2025.2202771885281,1982,1982,3964,1.0218063961597015,3593,3.593,9,1.0439899312241494,3676.4411365375677
ag,50,1.3419546549880474,0.8997735196333383,1341.9546549880474,1287,1286,2573,1.043510618186662,1392,1.392,9,0.7518256068158731,1814.8347925886821
ag,50,1.2976828628568826,0.868712347439018,1297.6828628568826,1357,1356,2713,0.9569932616938662,1427,1.427,9,0.9563622799262119,1281.7382556021564
ag,50,0.6882539355979533,0.43927774018573934,688.2539355979534,671,671,1342,1.025713763931376,377,0.377,9,0.4219544120548875,378.1985826239646
ag,50,0.6479984220619865,0.42933059050898426,647.9984220619865,646,645,1291,1.004648716375173,353,0.353,9,0.5432805137237081,334.0876009699764
ag,50,0.605986733368901,0.4081368119423743,605.986733368901,667,666,1333,0.9098899900433949,288,0.288,9,0.26060758538145967,269.34621118601456
ag,50,0.9506946850689868,0.6177313767087365,950.6946850689868,989,989,1978,0.961268640110199,850,0.85,9,0.5061609137728956,884.4825872278599
ag,50,1.3690221391638306,0.8763063412119871,1369.0221391638306,1344,1344,2688,1.0186176630683264,1524,1.524,9,0.8360859662022343,1522.2551916092414
ag,50,2.077604624388713,1.324566472345095,2077.604624388713,2014,2014,4028,1.031581243489927,3768,3.768,9,0.8919190100564638,3456.025729875311
ag,50,1.9196251896675225,1.2672549623313971,1919.6251896675226,1964,1963,3927,0.9779038154190131,3271,3.271,9,1.3319379029254055,3038.2254636419325
ag,50,2.5652398515445904,1.7044220244903567,2565.2398515445902,2588,2585,5173,0.9923558419901704,5861,5.861,9,1.3515617260104802,5391.845475777621
ag,50,1.6799008578059273,1.1628556280013558,1679.9008578059274,1631,1630,3261,1.0306140231938206,2433,2.433,9,1.2374933946975923,2300.2434581291946
ag,50,1.9968766847481128,1.334396363730305,1996.8766847481127,1978,1975,3953,1.0110768024041077,3564,3.564,9,1.3877673134093558,3741.9760938407244
ag,50,0.3320297617592661,0.22178599906535112,332.0297617592661,325,325,650,1.0216300361823571,66,0.066,9,0.23480121783020935,68.97444296213844
ag,50,1.6360028779882947,1.0930290679042662,1636.0028779882946,1619,1617,3236,1.011751934439267,2253,2.253,9,1.2035122628676902,1820.8680535941994
ag,50,0.310855359052876,0.21422430480098353,310.855359052876,329,329,658,0.9448491156622371,61,0.061,9,0.20996616735169846,54.81542741833796
ag,50,3.055190677479195,2.0639439819903043,3055.190677479195,3176,3175,6351,0.9622647803084079,8463,8.463,9,2.7650555856143573,10189.498762127227
ag,50,1.9864646784981552,1.3803625380576576,1986.4646784981553,1961,1958,3919,1.0145376294679036,3436,3.436,9,1.590364901940569,3145.492179984739
ag,50,1.9706036355092456,1.3254590536008766,1970.6036355092456,2011,2009,4020,0.9808878225531337,3462,3.462,9,1.392711866150916,3565.90560141708
ag,50,0.9563028437174382,0.6331232490365009,956.3028437174382,992,992,1984,0.964014963424837,726,0.726,9,0.5906879263843787,662.9997607741085
ag,50,1.3189755789765367,0.8488718232229162,1318.9755789765368,1344,1342,2686,0.982843203410236,1447,1.447,9,0.7024634527628268,1485.868570472681
ag,50,0.6393996369138083,0.42939203470305387,639.3996369138083,667,666,1333,0.960059514885598,346,0.346,9,0.42583636281602966,278.70503019988655
ag,50,2.264126623881619,1.4731096155052386,2264.126623881619,2238,2236,4474,1.012578991002513,4548,4.548,9,1.7736819700947895,4569.941477806167
ag,50,0.35231813403006335,0.22819006646363763,352.31813403006333,355,354,709,0.9952489661866196,72,0.072,9,0.220301733548778,90.77685863974729
ag,50,0.6143278420020358,0.43234247449872054,614.3278420020358,654,652,1306,0.9422206165675396,334,0.334,9,0.467536852593479,374.7461349854953
ag,50,0.6666721992985053,0.4365870775174736,666.6721992985053,690,689,1379,0.967593903190864,417,0.417,9,0.44985042171378675,391.025713333566
ag,50,3.5179006585299866,2.3031515972309373,3517.9006585299867,3585,3580,7165,0.9826538152318398,11525,11.525,9,2.0052874259360007,10912.937817311977
ag,50,2.54320626096864,1.7492612711924294,2543.20626096864,2590,2589,5179,0.9823121904088992,6035,6.035,9,1.5843360635175388,6256.7870239747945
ag,50,2.2385705922373353,1.449601608071424,2238.5705922373354,2326,2324,4650,0.963240358105566,4584,4.584,9,1.663645352643865,4868.190458352678
ag,50,1.9669258545577482,1.3524974151018359,1966.9258545577482,1941,1940,3881,1.013879306473066,3508,3.508,9,1.5343762544618544,3360.786183632639
ag,50,2.5330966185912573,1.7642452850625,2533.0966185912575,2569,2566,5135,0.9871771701446834,5600,5.6,9,1.6839174625686844,5686.971611999798
ag,50,2.550899574261999,1.6646861997548894,2550.899574261999,2574,2572,5146,0.9917961019681178,5662,5.662,9,1.869492670979731,4857.172337650507
ag,50,2.257372167105737,1.500198420377641,2257.372167105737,2275,2272,4547,0.9935616932683702,4496,4.496,9,1.2973342574872562,5219.039704400123
ag,50,1.0409972384578063,0.6989157986531149,1040.9972384578064,980,979,1959,1.063327107719925,855,0.855,9,0.7394810310681089,755.2636749278298
ag,50,1.9718555798011521,1.282804091895719,1971.855579801152,1968,1966,3934,1.0029784230931598,3272,3.272,9,1.413286586364781,3431.275759398366
ag,50,1.3093439901509532,0.848470306119066,1309.3439901509532,1320,1319,2639,0.9926792950348394,1574,1.574,9,0.8410735437635679,1573.3490214716014
ag,50,0.9621850100783715,0.6150290252318101,962.1850100783715,993,992,1985,0.9699445666112616,808,0.808,9,0.5178835323692752,668.9810884077051
ag,50,1.6099938935270206,1.0736258402074206,1609.9938935270206,1680,1679,3359,0.958900472618833,2360,2.36,9,0.9258825775046289,2756.502151591485
ag,50,0.6609908202617285,0.44390571956426617,660.9908202617285,627,626,1253,1.0558958790123458,266,0.266,9,0.5922566468786207,306.9713399138394
ag,50,2.8354645515609636,1.8699477145195356,2835.4645515609636,2876,2874,5750,0.9865917020045106,7187,7.187,9,1.9683241304620092,9920.492307087128
ag,50,0.67129697650249,0.45728584115987225,671.29697650249,644,644,1288,1.0423866094759162,318,0.318,9,0.5186740982599226,374.1850330993539
ag,50,2.232866385037066,1.485572820525101,2232.866385037066,2242,2241,4483,0.9963705421852146,4467,4.467,9,1.9615503390471387,4011.582932615575
ag,50,2.2600429079180504,1.4660154807961197,2260.0429079180503,2293,2291,4584,0.9864875198245527,4526,4.526,9,1.3539223203967758,4794.354033242766
ag,50,2.2249666134690416,1.5565337653097795,2224.9666134690415,2265,2262,4527,0.9836280342480289,4262,4.262,9,1.6968854445594084,4185.142845558219
ag,50,0.6193921909833316,0.4091174007490632,619.3921909833316,669,668,1337,0.9272338188373228,346,0.346,9,0.4059462780280891,439.5067839337604
ag,50,1.9460313746813613,1.2865756883168096,1946.0313746813613,1959,1958,3917,0.9938873210834327,3429,3.429,9,0.8650469473369757,3605.1962253194656
ag,50,1.3426189887343525,0.8506802724268538,1342.6189887343526,1361,1360,2721,0.9872198446576121,1615,1.615,9,0.9178325924167579,1828.5819097206063
ag,50,1.3335919896525104,0.8120070987957799,1333.5919896525104,1306,1305,2611,1.0219095706149506,1458,1.458,9,0.7404098970590197,1302.1091620252894
ag,50,2.2510924207748766,1.5472700088029385,2251.0924207748767,2268,2265,4533,0.9938597884215791,4604,4.604,9,1.5733865622846481,5708.747887720998
ag,50,1.6084651742055063,1.0462933574658768,1608.4651742055062,1633,1629,3262,0.9873942137541475,2379,2.379,9,1.1092570369108972,1620.0431973212308
ag,50,1.2412891978313796,0.8586666304432531,1241.2891978313796,1321,1321,2642,0.9396587417345795,1478,1.478,9,0.838553223812117,1203.8489957779882
ag,50,1.6744878400534247,1.1020296193075527,1674.4878400534246,1623,1621,3244,1.0329968168127235,2443,2.443,9,0.9424569105449799,2610.9088817334386
ag,50,1.9325686014444245,1.272013953981373,1932.5686014444245,1927,1926,3853,1.0034104888081123,3478,3.478,9,1.222467585402203,3704.6991410068663
ag,50,2.597582458890906,1.6969143113703298,2597.5824588909063,2630,2628,5258,0.9884255931852763,5967,5.967,9,2.086092457774905,5469.415955966858
ag,50,2.0419932159181835,1.401464984411714,2041.9932159181835,1982,1980,3962,1.0313097050091835,3524,3.524,9,1.54922524513889,3048.435626612086
ag,50,1.256731711187258,0.8293514865630303,1256.731711187258,1271,1269,2540,0.9903323177204555,1408,1.408,9,0.8710982920596924,1566.6010953410632
ag,50,2.340911790379825,1.519136321603427,2340.911790379825,2342,2339,4681,1.0008173537322895,4672,4.672,9,1.528957237682383,3292.593497952833
ag,50,1.2850868738133272,0.8032868454336521,1285.0868738133272,1347,1345,2692,0.955454924768273,1545,1.545,9,0.703004738075425,1101.276759098511
ag,50,1.682410260618165,1.0570302605376443,1682.410260618165,1635,1635,3270,1.0289971012955137,2471,2.471,9,1.262519806421985,1919.522904868688
ag,50,1.6540756372085563,1.0819581805483007,1654.0756372085564,1674,1671,3345,0.9898717158638877,2419,2.419,9,1.1045574697202278,2277.3673734281747
ag,50,1.0162362415346373,0.6711086434093734,1016.2362415346374,1016,1015,2031,1.0012179719553078,857,0.857,9,0.6980629917103022,1031.072379929548
ag,50,1.0116706568079352,0.6451925699649198,1011.6706568079353,943,942,1885,1.073960357545579,901,0.901,9,0.5881031888350264,761.2434666553141
ag,50,2.56979873924223,1.725868677757798,2569.79873924223,2570,2569,5139,1.0003109144578552,5936,5.936,9,1.5343481417555664,5441.215873436747
ag,50,2.0064917829253592,1.2901382502562688,2006.491782925359,1947,1944,3891,1.0321459788710694,3436,3.436,9,1.1786241579604912,3787.2586621365595
ag,50,2.0260039774206704,1.2991008494782172,2026.0039774206703,1954,1952,3906,1.0379118736786221,3485,3.485,9,1.2065121267204715,3876.720504930349
ag,50,1.2690289509656227,0.8070963832956916,1269.0289509656227,1324,1323,2647,0.9592055562854291,1358,1.358,9,0.8514530512380477,1390.2858738071666
ag,50,2.24169968151163,1.5342897441915038,2241.69968151163,2296,2293,4589,0.9776274232497296,4384,4.384,9,1.426117901557288,5414.133547058154
ag,50,0.9791228699125605,0.6329324544397477,979.1228699125605,995,995,1990,0.9840430853392568,756,0.756,9,0.7337232057928672,963.4112919933793
ag,50,1.2942064517144356,0.8654650159645303,1294.2064517144356,1258,1256,2514,1.0304191494541686,1390,1.39,9,0.8542950797257769,1241.6307605188367
ag,50,1.574482022424293,1.0188048259172027,1574.482022424293,1594,1592,3186,0.9889962452413901,2262,2.262,9,1.0627229660302062,2290.6793997729105
ag,50,0.3216421749021239,0.2181884862263554,321.6421749021239,323,322,645,0.9988887419320618,70,0.07,9,0.20012447606483727,70.58610106838432
ag,50,1.0864390759031946,0.6682515282559698,1086.4390759031946,987,986,1973,1.1018651885427937,984,0.984,9,0.6132796134070899,1285.5943728729817
ag,50,0.6727555051926025,0.45476415878662646,672.7555051926025,658,657,1315,1.0239809820283143,335,0.335,9,0.4683320018168981,309.8634108654359
ag,50,2.292990779491945,1.3787748439114094,2292.990779491945,2279,2278,4557,1.0065806758085798,4803,4.803,9,1.1863489803627865,3883.1775752363874
ag,50,1.0129909993770958,0.6651753523717635,1012.9909993770957,991,990,1981,1.0232232316940362,985,0.985,9,0.6561636062642436,934.4837399334825
ag,50,1.952177915769251,1.3215800290291064,1952.1779157692508,1942,1939,3881,1.0067962433054414,3517,3.517,9,1.2758269851641035,3409.8847298703035
ag,50,1.3432619882738779,0.9063267752507231,1343.261988273878,1329,1328,2657,1.0114924610496068,1602,1.602,9,1.0239600002866251,1671.5423734269284
ag,50,0.650555433948169,0.42042951743622325,650.5554339481689,657,657,1314,0.9901909192513987,376,0.376,9,0.25302587579123725,345.7588500865609
ag,50,2.0405658355419445,1.3431886505033788,2040.5658355419444,1948,1944,3892,1.0496737837149919,3473,3.473,9,1.2749151494010345,3371.483148783627
ag,50,3.2471878553869993,2.0852221204393233,3247.187855386999,3289,3285,6574,0.9884894536946726,9681,9.681,9,2.0925586438655777,10043.291971295823
ag,50,1.9903165062976649,1.3007572194909771,1990.3165062976648,1932,1929,3861,1.0317866802994633,3394,3.394,9,1.3881816458692948,3424.935459192577
ag,50,1.3571586574408288,0.8560078690443186,1357.1586574408288,1316,1316,2632,1.03127557556294,1545,1.545,9,0.7088874649593142,1715.5720805012047
ag,50,1.014034522933664,0.6638056241437,1014.034522933664,987,986,1973,1.0284325790402271,806,0.806,9,0.6000394717067122,742.423345032773
ag,50,1.6059791792561222,1.0967474114502174,1605.9791792561223,1660,1659,3319,0.9680404938252696,2222,2.222,9,0.8884291508083171,1722.4427948687005
ag,50,1.624641105418119,1.100414814498694,1624.641105418119,1660,1657,3317,0.9804713973555335,2309,2.309,9,1.0658690560438777,1885.6402009436572
ag,50,2.0176060984582604,1.2429199314062822,2017.6060984582605,1969,1966,3935,1.0262492871100002,3560,3.56,9,1.1156205659544098,4108.447169592744
ag,50,1.9994809562451903,1.3442282523988056,1999.4809562451903,1935,1934,3869,1.0338577850285369,3470,3.47,9,1.3979713293531775,2101.3005501005246
ag,50,1.6165202123807925,1.094951335033767,1616.5202123807924,1632,1631,3263,0.9911221412512522,2388,2.388,9,1.0464157984871065,2143.7893661651565
ag,50,0.996351643171154,0.6764506524001259,996.351643171154,972,971,1943,1.0261087983225068,833,0.833,9,0.8412054948655767,716.5360793472191
ag,50,1.000096549374022,0.6475160077244623,1000.096549374022,1000,1000,2000,1.000096549374022,841,0.841,9,0.6141288711064543,935.1346351448677
ag,50,1.6544081891675086,1.0680166497638237,1654.4081891675087,1628,1624,3252,1.0187242544134905,2356,2.356,9,0.9112087987762946,2822.759703463528
ag,50,1.9837460446641326,1.3968981606496802,1983.7460446641326,2004,2003,4007,0.9903874411703109,3535,3.535,9,1.7028665588877023,3112.5157975809525
ag,50,1.2910998137240868,0.8782015352493426,1291.0998137240867,1322,1320,2642,0.9781059194879445,1323,1.323,9,0.9532157854738695,1210.7020329303332
ag,50,0.9740803030565517,0.6598286064255181,974.0803030565517,963,962,1925,1.012557487584773,849,0.849,9,0.637314667877271,928.0907434758077
ag,50,1.9488508409555358,1.3809221045329128,1948.850840955536,1944,1943,3887,1.003011240841758,3391,3.391,9,1.1933134730847768,3047.2150864044274
ag,50,1.919822464533527,1.2827345100052097,1919.822464533527,1961,1958,3919,0.9805017694246818,3334,3.334,9,1.0651383104385124,4003.333459738993
ag,50,2.896184531062481,1.9644138491891392,2896.184531062481,2901,2899,5800,0.9990288137504245,7232,7.232,9,1.9825988865303166,6938.2335558835575
ag,50,1.8914115925888515,1.332730054746938,1891.4115925888516,1954,1952,3906,0.9689608568590429,3177,3.177,9,1.6931733718433852,3651.415097316325
ag,50,1.326805497538387,0.9138155573156624,1326.805497538387,1319,1318,2637,1.006680954126242,1292,1.292,9,1.337635391916206,1249.4296939087408
ag,50,2.604212681009188,1.682918168008501,2604.212681009188,2601,2598,5199,1.0023913321821356,6059,6.059,9,2.3884257258532737,5613.210302062818
ag,50,1.681695189784738,1.1097865018638058,1681.695189784738,1630,1628,3258,1.0329823033075787,2311,2.311,9,0.9564127322794145,2328.4784055851633
ag,50,1.0191086416650277,0.6809551486159399,1019.1086416650278,1004,1001,2005,1.0180905511139138,828,0.828,9,0.7451980452491602,774.7136408736086
ag,50,1.2957919029279839,0.842818060052895,1295.7919029279838,1292,1292,2584,1.0029349093869844,1509,1.509,9,0.8972603076342157,1646.6281062212458
ag,50,1.6829949083317128,1.0765751089979694,1682.9949083317128,1637,1635,3272,1.0293546839949315,2440,2.44,9,1.0207415504979807,2214.6469248854805
ag,50,1.9965777292954434,1.3276302005357072,1996.5777292954433,1968,1965,3933,1.0160700912445004,3650,3.65,9,1.0810877950119677,3670.482287420997
ag,50,2.52820037080546,1.5854024283099981,2528.20037080546,2626,2620,5246,0.9649619735898702,5687,5.687,9,1.7033355690409688,5744.5958645653
ag,50,1.579334595514255,1.053318085612486,1579.334595514255,1616,1615,3231,0.9779161582131609,2286,2.286,9,1.035662009273972,2220.0221143552612
ag,50,1.6164779866915497,1.0747345641281159,1616.4779866915496,1612,1610,3222,1.0040235942183537,2529,2.529,9,1.068993848899404,2314.2692751531276
ag,50,1.9233551827350106,1.27937200161306,1923.3551827350107,1974,1972,3946,0.9753322427662325,3373,3.373,9,1.357315007702331,3947.0237569359515
ag,50,1.9150789157691328,1.3085014643008195,1915.078915769133,1892,1891,3783,1.012733429809166,3165,3.165,9,1.0032513494786455,2961.263651116468
ag,50,0.3277049990429577,0.2203144326452128,327.7049990429577,340,340,680,0.9638382324792873,72,0.072,9,0.17912264214472623,58.27273808248003
ag,50,0.9501446256090255,0.625455497045602,950.1446256090254,990,990,1980,0.9597420460697227,715,0.715,9,0.6396300298227781,773.9003791957016
ag,50,1.2869430963034716,0.8517720514718099,1286.9430963034715,1314,1312,2626,0.9809017502313045,1517,1.517,9,0.8721902380722008,1567.061316012984
ag,50,1.947172950552634,1.3221623714490425,1947.1729505526341,1974,1973,3947,0.9869097569957598,3329,3.329,9,1.5901142894948594,3449.2960543331083
ag,50,2.5925669071325883,1.7009108386252856,2592.5669071325883,2566,2564,5130,1.0111415394432872,5933,5.933,9,1.8995710546154096,5587.299520523356
ag,50,1.3627072843260581,0.9199906092182384,1362.7072843260582,1286,1285,2571,1.060472594806271,1447,1.447,9,0.8630096157440553,1511.7313598985452
ag,50,1.6167327784435788,0.9939287057421947,1616.7327784435788,1669,1667,3336,0.969845697926562,2414,2.414,9,0.6907255797958646,1936.0850688564694
ag,50,1.6378446880758328,1.072100447983803,1637.844688075833,1642,1641,3283,0.998077201752488,2376,2.376,9,0.9310900621914704,2497.9190574185327
ag,50,0.6750020446726799,0.4365448449379504,675.0020446726799,676,675,1351,1.0000030291447108,337,0.337,9,0.41254512408608784,463.0729987812269
ag,50,0.9958161557242284,0.6758201860633594,995.8161557242285,1058,1057,2115,0.9421155683294498,817,0.817,9,0.8674231577325361,1134.6192241744143
ag,50,1.2617992544017103,0.8007172604686789,1261.7992544017102,1289,1288,2577,0.9796578062125079,1388,1.388,9,0.8092237964723026,1624.7511531762048
ag,50,2.9616829031350007,1.9545491760897713,2961.6829031350007,2897,2894,5791,1.0233873196734626,7917,7.917,9,2.068612333649064,9822.341546072419
ag,50,1.0155045067208688,0.6362965546311916,1015.5045067208688,964,962,1926,1.0556179903543335,804,0.804,9,0.7907952066045782,713.7368655498113
ag,50,1.3251264391263418,0.8553948095144213,1325.1264391263417,1312,1311,2623,1.0107753158858441,1542,1.542,9,1.065873887197926,1630.7908310987507
ag,50,1.050460744586277,0.6770309588761795,1050.460744586277,1004,1004,2008,1.0462756420182042,968,0.968,9,0.6045381440250137,911.7611950167736
ag,50,0.9791375439017717,0.6445550375976782,979.1375439017717,989,989,1978,0.990027850254572,800,0.8,9,0.5495838086700328,794.3147224918645
ag,50,0.9937871878958664,0.6797244530536781,993.7871878958664,995,994,1989,0.999785903315761,848,0.848,9,0.716819612901299,739.8055424701633
ag,50,2.208623736581327,1.552382916175899,2208.6237365813267,2277,2277,4554,0.9699708988060284,4581,4.581,9,1.4973074689011,5115.238783902958
ag,50,1.6588744012768926,1.1075998428009655,1658.8744012768925,1625,1623,3248,1.0221037592587139,2234,2.234,9,1.2966097141604176,2383.646419358608
ag,50,0.6517552655302252,0.45554785923369057,651.7552655302252,684,684,1368,0.9528585753365866,304,0.304,9,0.43482584965404536,252.98987189156227
ag,50,2.2426891299850493,1.4640520521267966,2242.6891299850495,2310,2305,4615,0.9729670845922124,4484,4.484,9,1.51878660569817,3750.5531371136917
ag,50,1.8815053036896938,1.2552379581034239,1881.5053036896938,1948,1946,3894,0.9668578127901818,3160,3.16,9,1.541064992497308,2924.981983515656
ag,50,1.301181866983375,0.9067949869575833,1301.181866983375,1270,1270,2540,1.0245526511680116,1308,1.308,9,0.737490971459112,1556.6072264856527
ag,50,2.1546851024562192,1.462789279482311,2154.6851024562193,2231,2230,4461,0.966226503343596,4221,4.221,9,1.2155084531282372,4394.0787092327455
ag,50,2.236280658715969,1.4591325422807944,2236.2806587159694,2216,2212,4428,1.0109767896545974,4396,4.396,9,1.748850728922785,4305.042333944711
ag,50,3.825368295962941,2.448808203137331,3825.368295962941,3781,3779,7560,1.0122699909931043,12845,12.845,9,2.373008508370958,14954.204560196818
ag,50,1.3187882272965366,0.8414043364107913,1318.7882272965367,1361,1360,2721,0.9696972259533357,1518,1.518,9,0.8719525568864213,1765.5986476776511
ag,50,1.2991902903792591,0.8998980259941646,1299.190290379259,1311,1309,2620,0.9925059513974477,1441,1.441,9,1.2505131960880294,1472.622667013059
ag,50,1.3982792370096009,0.9237319478343804,1398.2792370096008,1309,1306,2615,1.0706579150150082,1547,1.547,9,1.0207732169995565,1740.6078507341763
ag,50,1.0153664310464465,0.6510118512186915,1015.3664310464466,994,992,1986,1.0235548700064985,924,0.924,9,0.6434468774887945,956.3357393167297
ag,50,1.9057246986165461,1.252796297841668,1905.7246986165462,1958,1955,3913,0.974795242259103,3214,3.214,9,1.302233452904814,3125.774370163881
ag,50,1.999485244920245,1.329891273296304,1999.485244920245,1964,1964,3928,1.0180678436457458,3408,3.408,9,1.1418040650934087,4658.431416314843
ag,50,2.266419826689037,1.5709667477889133,2266.419826689037,2276,2275,4551,0.9962284952479284,4374,4.374,9,1.7711691698620298,4574.798794033282
ag,50,3.2055560871756708,2.030969509596252,3205.5560871756707,3215,3211,6426,0.9983046051621521,8808,8.808,9,2.0819221190948465,8682.603905711463
ag,50,1.3100280800063666,0.8780577803553624,1310.0280800063665,1318,1318,2636,0.9939515022810065,1573,1.573,9,0.8282956510498786,1521.3740246087718
ag,50,1.2868437144900282,0.9470767292396748,1286.843714490028,1299,1297,2596,0.9921694020740386,1426,1.426,9,1.202143906665492,1146.3371270201922
ag,50,1.0142345577116607,0.6574270538353121,1014.2345577116606,995,994,1989,1.020356697899055,798,0.798,9,0.5464454512620598,778.8650351537898
ag,50,1.336453318030823,0.8903117673066729,1336.4533180308229,1331,1329,2660,1.0056082152225905,1565,1.565,9,0.915013677344676,1446.7229836643064
ag,50,1.3485573707557579,0.8480350084607781,1348.5573707557578,1330,1329,2659,1.0147158545942496,1601,1.601,9,0.9939828186485425,1758.907456762248
ag,50,1.014477718491094,0.667049108338508,1014.477718491094,1015,1014,2029,1.000471122772282,753,0.753,9,0.6826079662375969,627.3717218010049
ag,50,1.3091232535026682,0.8624274166743685,1309.1232535026681,1345,1344,2689,0.9740500398085329,1422,1.422,9,0.7847718226434536,1359.3967966671169
ag,50,1.9312983600242306,1.365184424506509,1931.2983600242305,1949,1948,3897,0.9914262628461142,3317,3.317,9,1.4291854873750869,2985.3565680530623
ag,50,0.9746495387465702,0.6684010264724467,974.6495387465702,1016,1014,2030,0.9611928390005623,741,0.741,9,0.5214537122726705,503.45952035989427
ag,50,1.701049860458855,1.1652078518052147,1701.0498604588552,1665,1664,3329,1.022265541141139,2336,2.336,9,1.070206899474196,2594.7075856036636
ag,50,1.9741859616939523,1.2947635215754312,1974.1859616939523,1966,1965,3931,1.0046747896661334,3448,3.448,9,1.2871574725552823,4139.739310818527
ag,50,2.536953421616007,1.728358985168521,2536.953421616007,2615,2612,5227,0.971268538137828,5801,5.801,9,1.7856058367869412,6581.20314826228
ag,50,3.1811512474038826,2.137856467672206,3181.1512474038827,3183,3180,6363,1.0003620274854976,8928,8.928,9,2.6525769564045154,8717.215609509385
ag,50,0.6899579880948763,0.4604075525524499,689.9579880948763,664,662,1326,1.042232610415221,388,0.388,9,0.35605638136508433,332.6627615818913
ag,50,0.9702415828187337,0.675296871988647,970.2415828187337,982,982,1964,0.988026051750238,806,0.806,9,0.567541455516283,799.6848950659804
ag,50,1.9310774751795041,1.2148635475596699,1931.077475179504,1995,1994,3989,0.9684440697991494,3540,3.54,9,1.1856598829197018,3555.1656408215927
ag,50,1.035496947277912,0.6129535939319121,1035.496947277912,987,986,1973,1.050199743689566,883,0.883,9,0.59509862946417,918.3749944355292
ag,50,1.958830164650584,1.2705765214550007,1958.8301646505838,1951,1947,3898,1.006076098947398,3459,3.459,9,1.4763129066606113,4394.956656004482
ag,50,1.4029413713817258,0.9239205229987819,1402.9413713817257,1318,1318,2636,1.0644471710028267,1575,1.575,9,0.791931013512911,1779.9378271361766
ag,50,2.5344996534875537,1.7043076803037087,2534.4996534875536,2594,2593,5187,0.9774391259111275,5808,5.808,9,2.1651499451971725,4843.649566467183
ag,50,3.583476718211583,2.314523747223655,3583.4767182115834,3589,3586,7175,0.999296351983152,11245,11.245,9,2.3184960672792356,12260.67411822219
ag,50,1.9349105242511213,1.2789108062904897,1934.9105242511214,1958,1956,3914,0.9892180594330886,3385,3.385,9,1.421899851720945,4509.84334834138
ag,50,1.9288262528133615,1.271013686839812,1928.8262528133614,1879,1878,3757,1.0270640323819815,3207,3.207,9,1.124013812830091,3750.5325863706166
ag,50,2.8368903395263696,1.961656128362314,2836.8903395263696,2937,2933,5870,0.9672316193407329,7627,7.627,9,2.4300988528963754,6617.051709497985
ag,50,1.6035026059997166,1.080875456556967,1603.5026059997167,1637,1635,3272,0.9807355388377472,2225,2.225,9,1.3407392814903858,2055.569262775484
ag,50,1.3259073997308075,0.8543732801732642,1325.9073997308076,1328,1326,2654,0.999930165709508,1407,1.407,9,0.7281813149008984,1498.5087290696263
ag,50,1.6511568728598605,1.064054351391269,1651.1568728598604,1652,1651,3303,1.0000950168745368,2351,2.351,9,0.9853854047577768,1851.7489803167089
ag,50,1.3294216138740669,0.8668609658402445,1329.421613874067,1299,1298,2597,1.02420771484905,1469,1.469,9,0.8516874539814542,1520.5403352970893
ag,50,1.61444560555809,1.115996358039286,1614.44560555809,1628,1626,3254,0.9928939763579889,2376,2.376,9,1.0502723297440177,2542.315671187463
ag,50,1.0084275127149782,0.6487459317671743,1008.4275127149783,980,978,1958,1.0311119761911844,881,0.881,9,0.8123743749664224,608.2712950768097
ag,50,0.653571213739235,0.417360090769223,653.571213739235,649,649,1298,1.007043472633644,286,0.286,9,0.424861403962757,252.0393201985093
ag,50,2.9211141889094487,1.9348011187405003,2921.114188909449,2926,2924,5850,0.9990130605025475,7860,7.86,9,1.883013348956453,9907.748012708811
ag,50,1.9306962788990445,1.3366065566960292,1930.6962788990445,1977,1974,3951,0.9780629579022515,3422,3.422,9,1.5008100784887601,3778.7959298997816
ag,50,0.9966029194885196,0.6713151652228626,996.6029194885197,1011,1010,2021,0.9867355638500195,852,0.852,9,0.6899273199796637,1069.2103699928002
ag,50,1.3756033608110994,0.8661323431290356,1375.6033608110993,1343,1341,2684,1.025804146764429,1572,1.572,9,0.8009535174719918,1620.0213510610126
ag,50,2.2866669256330687,1.5312905007941318,2286.666925633069,2259,2258,4517,1.012695715515088,4623,4.623,9,1.5733168906977564,5798.219315426564
ag,50,0.6886812260722064,0.4670881948906919,688.6812260722064,652,651,1303,1.0578820676992418,339,0.339,9,0.36030853174576083,349.0910543305101
ag,50,0.7041578761769172,0.46445338078620946,704.1578761769172,673,673,1346,1.046296992833458,378,0.378,9,0.3919102048869631,476.1489734679171
ag,50,1.973172517871829,1.2217612487409166,1973.1725178718289,1975,1973,3948,1.000087439367374,3588,3.588,9,1.006622222327518,3367.377267774518
ag,50,2.8985983932019317,1.7591534148504178,2898.5983932019317,2859,2858,5717,1.0142051760678557,7419,7.419,9,1.6502226088821776,7227.839848817695
ag,50,1.5851329575631958,1.1057133853719756,1585.1329575631958,1670,1668,3338,0.9503195189227792,2257,2.257,9,1.328468429222076,1582.4694997993367
ag,50,1.6105640899391473,1.0751894044036427,1610.5640899391474,1668,1668,3336,0.9655660011625584,2468,2.468,9,1.1095499044262669,1874.5313369918758
ag,50,0.9595564887449228,0.6614474547201485,959.5564887449228,947,947,1894,1.0132592278193482,810,0.81,9,0.6926837252942505,721.3224608608036
ag,50,1.011358542654842,0.684656256908599,1011.3585426548419,1003,1002,2005,1.009339862928984,972,0.972,9,0.4373612202179854,951.0146026381777
ag,50,0.6915377937553557,0.4434581445753569,691.5377937553558,687,687,1374,1.006605231084943,366,0.366,9,0.4763398095768939,455.9889770311791
ag,50,1.26253715210633,0.8160417163973029,1262.53715210633,1333,1331,2664,0.9485628490656124,1508,1.508,9,0.7213056768413729,2038.6812100230625
ag,50,1.3107322135034998,0.8942654669984275,1310.7322135034997,1344,1344,2688,0.9752471826662944,1419,1.419,9,0.9805144249106433,1513.0677602538879
ag,50,1.2893105323496272,0.8964493982138272,1289.3105323496272,1262,1261,2523,1.0224508583264291,1285,1.285,9,0.7312907355848831,1478.7626698686786
ag,50,1.5951632159166456,1.097308693441033,1595.1632159166456,1636,1634,3270,0.9762320782843609,2249,2.249,9,1.2199260269062127,2065.899060191541
ag,50,2.288671324956046,1.517914737996684,2288.671324956046,2296,2293,4589,0.9981122219607702,4692,4.692,9,1.0883637304627911,4480.726972031754
ag,50,0.6555786175546293,0.4465189936123372,655.5786175546293,660,658,1318,0.9963200874690415,317,0.317,9,0.5352829928122739,285.20439118964504
ag,50,0.9489440539064599,0.6555174572212431,948.9440539064599,989,987,1976,0.9614428104422086,787,0.787,9,0.6397937443678647,915.3834127045363
ag,50,0.9475740966256478,0.6500199573834224,947.5740966256478,971,970,1941,0.976880511985204,809,0.809,9,0.43724216698642415,896.3471114851284
ag,50,1.8956445151187888,1.235528750556498,1895.6445151187888,1921,1920,3841,0.9873148516243692,3146,3.146,9,1.112720976221909,2786.7348660039224
ag,50,0.9927111947864744,0.6485432562430264,992.7111947864744,993,991,1984,1.0017267354051205,799,0.799,9,0.6500020555377035,811.523509011805
ag,50,1.6311131996900827,0.98965797861859,1631.1131996900826,1644,1643,3287,0.9927651854474027,2262,2.262,9,0.6664253391756751,2497.8244500784635
ag,50,0.9906477558627701,0.6600911009475212,990.64775586277,935,934,1869,1.0606507022085332,771,0.771,9,0.5215788797946058,914.2268238357311
ag,50,1.3345814507540223,0.9111585102072328,1334.5814507540224,1313,1312,2625,1.0172114716112977,1509,1.509,9,0.8775146858515621,1397.119957533319
ag,50,1.6726649087077556,1.0075092920640007,1672.6649087077556,1603,1603,3206,1.043459082163291,2373,2.373,9,0.8360935185117045,2124.9295893713256
ag,50,0.9589522148750531,0.6710611833108071,958.9522148750531,972,972,1944,0.9865763527521122,800,0.8,9,0.7191679126248792,906.4953403194042
ag,50,1.9186589131218283,1.2346458804629097,1918.6589131218284,1971,1967,3938,0.9754239517650373,3458,3.458,9,1.0520814026056324,3296.42929938728
ag,50,2.272169588304791,1.5675604397982748,2272.169588304791,2341,2337,4678,0.9722591306396196,4707,4.707,9,1.5235537482396615,4845.627940069038
ag,50,1.0332349818044317,0.6889184231678996,1033.2349818044318,1016,1016,2032,1.0169635647681414,844,0.844,9,0.9019539587908895,978.7427726255464
ag,50,1.0044179003127183,0.6224343020598472,1004.4179003127182,974,973,1947,1.032289722829104,884,0.884,9,0.6123540688128307,1040.0985220570103
ag,50,1.9838083230221628,1.2866640866106296,1983.8083230221628,1961,1959,3920,1.0126637687708846,3523,3.523,9,1.1523390736988437,3765.2770273959
ag,50,0.3310015909715402,0.22143953774584935,331.00159097154017,334,333,667,0.9939987716863068,81,0.081,9,0.22995770480848138,85.78497994997181
ag,50,1.3049768049534118,0.915551120148966,1304.9768049534118,1302,1302,2604,1.0022863325295022,1428,1.428,9,1.0755950974834554,1167.40522982195
ag,50,1.6602400786774003,1.1284383986751323,1660.2400786774003,1647,1645,3292,1.0092644855181765,2321,2.321,9,0.9278561133312155,2245.975923251211
ag,50,1.6305913760504782,1.0814148843086966,1630.5913760504782,1642,1640,3282,0.9942630341771208,2310,2.31,9,1.0721384496605673,2089.842219843698
ag,50,1.2715599425519035,0.8481430570476411,1271.5599425519035,1281,1279,2560,0.9941829105175164,1471,1.471,9,0.7350210799652704,1172.0309011760119
ag,50,0.9815026376023981,0.6882486625177032,981.5026376023981,996,994,1990,0.9874272008072416,761,0.761,9,0.8415403530105905,878.524111899201
ag,50,1.6432206236310798,1.0967441871097616,1643.22062363108,1646,1643,3289,1.0001342809683993,2181,2.181,9,0.7296728554655555,2175.3917933657663
ag,50,0.9591170832906534,0.6614896611173736,959.1170832906533,988,987,1975,0.9717498310948869,801,0.801,9,0.5888421539344812,823.1027762202696
ag,50,1.614377563810409,1.1577306416297488,1614.377563810409,1659,1658,3317,0.9736897248554939,2279,2.279,9,1.0858873661711061,1757.8392741189132
ag,50,2.0036114944845242,1.3474851940947645,2003.6114944845244,1934,1932,3866,1.0370659909340187,3381,3.381,9,1.2481113271257933,3633.0772241490695
ag,50,0.6741304953951417,0.4623643787832093,674.1304953951417,676,676,1352,0.9972344606437007,344,0.344,9,0.5779796472196106,348.7363701847165
ag,50,1.3330307444731764,0.864824534815724,1333.0307444731764,1285,1283,2568,1.0389951242970976,1405,1.405,9,0.6800181887933467,1227.4904447824074
ag,50,1.3278576761190224,0.8609918875926861,1327.8576761190225,1319,1319,2638,1.006715448156954,1549,1.549,9,1.0699136174206008,1458.1301214695277
ag,50,3.505646501211624,2.2805700605867325,3505.6465012116237,3520,3514,7034,0.9976227948809402,11078,11.078,9,2.1428423193623605,9726.993457100161
ag,50,0.6652510892533735,0.4177446430213654,665.2510892533735,685,685,1370,0.9711694733625891,380,0.38,9,0.42677039899391483,327.5854780908816
ag,50,1.9611364239698277,1.2721729743576862,1961.1364239698278,1997,1994,3991,0.9835187682897832,3424,3.424,9,1.0621769543560369,3338.6609506513278
ag,50,1.6390505386934053,1.0813865230833204,1639.0505386934053,1683,1681,3364,0.975044936759908,2453,2.453,9,1.0811397523000394,2182.876313771552
ag,50,1.6662246112699508,1.059830587225999,1666.2246112699509,1640,1637,3277,1.017852542009744,2404,2.404,9,1.1005344144284588,2494.8018315574395
ag,50,2.5706650147700376,1.6747807721900423,2570.6650147700375,2624,2622,5246,0.980421439652951,6156,6.156,9,1.8446637777843253,6202.731569757478
ag,50,1.6229801580678205,1.064231749205466,1622.9801580678204,1650,1649,3299,0.9842208356991027,2291,2.291,9,0.8575068561490669,2548.2282206900018
ag,50,2.2503176547488173,1.371851502804912,2250.3176547488174,2252,2248,4500,1.0010309852085486,4410,4.41,9,1.1792337220849083,4528.26269128203
ag,50,2.3173375454375194,1.4540056934849561,2317.3375454375196,2268,2266,4534,1.0226555805108206,4862,4.862,9,1.4208474476658326,5339.2350440296295
ag,50,0.6551840005900637,0.4311154862894822,655.1840005900636,645,643,1288,1.0189486789892126,313,0.313,9,0.5336238868009662,428.36728088695816
ag,50,0.667147016772727,0.43205024249017004,667.147016772727,668,667,1335,1.0002204149516147,345,0.345,9,0.48096500595811625,281.04730777320987
ag,50,1.6337459121550966,1.0918983599762457,1633.7459121550967,1671,1670,3341,0.9782909653623333,2471,2.471,9,1.0450860975167688,2308.9548886324064
ag,50,1.561729132062376,0.9980019057324434,1561.729132062376,1576,1574,3150,0.9922040229112935,1980,1.98,9,1.0403348544778368,1467.3143296055296
ag,50,0.6963184921748361,0.45061885912465877,696.3184921748361,660,659,1319,1.0566289714337422,331,0.331,9,0.6396226614379118,361.23983750799766
ag,50,1.3358029482291198,0.879744372009456,1335.80294822912,1324,1324,2648,1.0089146134661027,1510,1.51,9,0.6775419007389525,1686.2446591179048
ag,50,0.3341573725411989,0.2224962229175613,334.1573725411989,326,326,652,1.0250226151570518,65,0.065,9,0.2518607301199852,66.51069793384178
ag,50,1.644594411702089,1.03807508170759,1644.594411702089,1605,1604,3209,1.0253082367220006,2389,2.389,9,1.2000524341299552,2020.7746526203582
ag,50,1.9796632200923938,1.327267633397007,1979.6632200923939,1990,1988,3978,0.9958064487386287,3323,3.323,9,1.1073920534520083,3369.6011308500006
ag,50,1.300624018031059,0.9015705675245804,1300.624018031059,1292,1291,2583,1.007454700256436,1363,1.363,9,0.7226461654256233,1772.180857246198
ag,50,1.3075264721610194,0.8670685732043509,1307.5264721610195,1310,1310,2620,0.9981118108099385,1449,1.449,9,0.8667618423864172,1538.3340122608422
ag,50,1.6108517477365414,1.1115725496659468,1610.8517477365415,1634,1631,3265,0.9876466877599887,2258,2.258,9,1.075727048249501,1996.422978065134
ag,50,1.0335453009033284,0.6747071868678193,1033.5453009033283,997,997,1994,1.0366552667034385,955,0.955,9,0.6570272252246475,729.2936942896454
ag,50,1.6518537120468415,1.0755518385824048,1651.8537120468416,1609,1606,3215,1.0285515018971616,2267,2.267,9,0.8085078849585796,2618.0840363827847
ag,50,1.6484071238783249,1.1107950826220385,1648.407123878325,1674,1671,3345,0.9864794278146768,2473,2.473,9,1.0839503340915315,2953.1305244532437
ag,50,0.9935096015503007,0.6652854891069887,993.5096015503007,939,939,1878,1.0580506938767844,815,0.815,9,0.7024267135474366,746.4662743707892
ag,50,1.6022578537498375,1.105059117182113,1602.2578537498375,1632,1629,3261,0.9835837039593847,2194,2.194,9,1.1062842150150576,2040.5445963581321
ag,50,1.9610983310140837,1.3121838518681723,1961.0983310140837,1985,1984,3969,0.9884568200675825,3422,3.422,9,1.1715393670015635,3270.1340099829035
ag,50,1.3191447018620683,0.8801868143885287,1319.1447018620684,1319,1317,2636,1.0016284752179714,1597,1.597,9,0.8089289910543299,1424.105350132363
ag,50,2.194369787111523,1.5208205006722155,2194.3697871115232,2274,2270,4544,0.96668272559979,4350,4.35,9,1.4842580669337098,6258.81548546274
ag,50,1.356235911520499,0.853582669043049,1356.235911520499,1320,1320,2640,1.0274514481215902,1585,1.585,9,0.9876821271796664,1450.3732226780141
ag,50,1.288112696336709,0.8336094922111718,1288.1126963367092,1297,1295,2592,0.9946816187928256,1455,1.455,9,0.8087067689429918,1454.2335165536015
ag,50,2.237710763287288,1.3341625148673328,2237.710763287288,2269,2265,4534,0.9879517718707673,4398,4.398,9,0.9845597107211911,4828.687988367795
ag,50,1.3430010566119321,0.9213530859650091,1343.0010566119322,1293,1292,2585,1.0394745020216194,1401,1.401,9,0.8430450079143774,1408.644777400833
ag,50,2.3159209746905827,1.4920502365998385,2315.9209746905826,2287,2284,4571,1.0139759083583988,4696,4.696,9,1.0677527047293895,3748.5584960204046
ag,50,2.2308659039770906,1.5298857392809335,2230.8659039770905,2243,2240,4483,0.9959222785612011,4510,4.51,9,1.4546699937535847,3568.861552259767
ag,50,1.3268970159546842,0.843320059630439,1326.8970159546843,1350,1349,2699,0.9836152823978387,1628,1.628,9,1.041652134810308,1736.3971385118623
ag,50,1.0037661088940222,0.6597372986459475,1003.7661088940222,1001,999,2000,1.004770879773796,806,0.806,9,0.6048396940894213,1187.8531351244956
ag,50,3.2147626298200764,1.9849913587869001,3214.7626298200767,3164,3163,6327,1.0163650426241153,8679,8.679,9,1.547974594914903,7087.032758984592
ag,50,0.6540573765160468,0.42934313612695507,654.0573765160468,674,673,1347,0.9718534569332048,351,0.351,9,0.44702290943866224,363.62669898586313
ag,50,0.31802764964579244,0.21688606370656555,318.02764964579245,321,320,641,0.9938364051431015,59,0.059,9,0.25056732050749725,65.67079697922728
ag,50,1.9160096107920268,1.273727650739318,1916.0096107920267,1941,1939,3880,0.9881431721464811,3248,3.248,9,1.1541766771850528,3943.582263216684
ag,50,1.6277634923577162,1.0337336946846332,1627.7634923577161,1654,1652,3306,0.9853289905313052,2277,2.277,9,1.0494976731756236,2303.7510758755666
ag,50,0.6489782255744281,0.4405701203444353,648.978225574428,661,660,1321,0.9833003417794365,348,0.348,9,0.4008882164169126,310.00703524762827
ag,50,1.288180873477103,0.8504231658502233,1288.180873477103,1323,1322,2645,0.9744182098919084,1536,1.536,9,0.8753071310293011,1446.1918490730338
ag,50,2.332090633677439,1.457489119777957,2332.0906336774387,2260,2256,4516,1.033728117764822,4826,4.826,9,1.4809939893166737,5983.527311100019
ag,50,2.5708910913349237,1.75205541497323,2570.8910913349237,2616,2612,5228,0.9842615204191898,5743,5.743,9,1.6818187778713976,5086.080691012167
ag,50,1.3100628232822749,0.8951340096564088,1310.0628232822748,1338,1336,2674,0.980585945570565,1427,1.427,9,0.8322404768586101,1215.0552693738996
ag,50,2.3168334407230216,1.4660986448940416,2316.8334407230213,2248,2247,4495,1.031078522796182,4715,4.715,9,1.494814096316621,6094.199458228075
ag,50,1.5836504180843758,1.0350869442897697,1583.6504180843758,1559,1557,3116,1.0171165177163621,2011,2.011,9,1.0855719757026483,1771.384068347945
ag,50,1.9777514411766783,1.2316088311593254,1977.7514411766783,1965,1964,3929,1.0070017521266184,3378,3.378,9,1.025606734411758,3727.023587454667
ag,50,2.55398695574723,1.7422453397618651,2553.98695574723,2603,2602,5205,0.9815476386422867,5731,5.731,9,1.589466505977622,4234.422625159621
ag,50,1.6637152022785926,1.0694802021846346,1663.7152022785926,1618,1618,3236,1.0282541423229867,2404,2.404,9,1.0381657375705056,2703.124404612126
ag,50,0.6819589817383407,0.4360805310656594,681.9589817383406,667,666,1333,1.0239624350425536,321,0.321,9,0.38187257094305627,353.5571441202753
ag,50,1.5506821533564608,1.0109607623617174,1550.6821533564607,1613,1611,3224,0.9625587544112109,2137,2.137,9,1.1354346311311778,1469.3757662812948
ag,50,1.9497864717984088,1.280809640626363,1949.786471798409,1923,1921,3844,1.0149851492964128,3369,3.369,9,1.1609314659481507,3466.618485435696
ag,50,2.8787640001984136,1.9410781643700998,2878.7640001984137,2847,2843,5690,1.0125796694331388,7275,7.275,9,2.1152194125911006,7199.26621795399
ag,50,0.9505766315872705,0.6274048585587463,950.5766315872704,987,987,1974,0.9630968911725131,736,0.736,9,0.8051651763874151,757.2205798792163
ag,50,1.3371722741174608,0.8821047097562893,1337.1722741174608,1327,1327,2654,1.0076656172701288,1460,1.46,9,0.8669713073075406,1317.5503335483152
ag,50,1.939931233795077,1.3402875294366958,1939.9312337950769,1917,1917,3834,1.0119620416249748,3287,3.287,9,1.532912604520626,4201.130387491556
ag,50,1.3097171138516759,0.9111367452277278,1309.7171138516758,1336,1335,2671,0.9810615085031279,1566,1.566,9,0.9203512007153419,1531.4922580598034
ag,50,1.242375096105076,0.8324814414003001,1242.375096105076,1310,1310,2620,0.9483779359580733,1469,1.469,9,0.7333829313456548,1520.2091768355845
ag,50,3.45014656359522,2.301911232066303,3450.14656359522,3509,3506,7015,0.9840691852810097,10568,10.568,9,2.2338221569433916,10158.83296346563
ag,50,1.8855068659689942,1.2970234243731935,1885.5068659689941,1907,1905,3812,0.9897673837107581,3123,3.123,9,1.1177286437567056,3304.618997965907
ag,50,1.9160119265414362,1.335406955431823,1916.0119265414362,1955,1953,3908,0.9810608942864497,3194,3.194,9,1.2027964934711268,3451.716498256323
ag,50,3.5037145304404294,2.387462177461288,3503.7145304404294,3492,3491,6983,1.0036420883530304,10945,10.945,9,2.785919175596093,13884.543640968071
ag,50,1.6779233954836643,1.1104601433341739,1677.9233954836643,1635,1633,3268,1.0275097339152874,2433,2.433,9,1.1763126319760804,2157.5598315870957
ag,50,2.2232103796413383,1.4322825069352545,2223.2103796413385,2199,2197,4396,1.0119300772149924,4508,4.508,9,1.050990335659496,3255.144282712332
ag,50,0.9654810445260723,0.6665755504642155,965.4810445260723,957,956,1913,1.0099174105921258,712,0.712,9,0.6772921031707068,648.9870191710015
nag,50,0.6700428835223549,0.6358567366399128,670.0428835223548,6087,6086,12173,0.11009577448609183,3841,3.841,9,0.6207936668028142,2976.94361010326
nag,50,0.20865179661717703,0.19811944965550607,208.65179661717704,1866,1866,3732,0.11181768307458577,286,0.286,9,0.2014545615778118,355.0274185801183
nag,50,0.16260109206078535,0.15668557557112653,162.60109206078536,1419,1419,2838,0.11458850744241393,202,0.202,9,0.1506534783028181,233.64187399465072
nag,50,0.2553225631157287,0.23977735521302074,255.32256311572868,2304,2304,4608,0.11081708468564613,561,0.561,9,0.21296053448323615,601.9240409977392
nag,50,0.37987709219933213,0.34901386909194626,379.87709219933214,3353,3353,6706,0.11329468899473073,1149,1.149,9,0.4051206371801805,952.8673681292116
nag,50,0.27182319927016224,0.2617479892723509,271.82319927016226,2418,2418,4836,0.11241654229535247,646,0.646,9,0.22173076169054168,759.5822133184095
nag,50,0.38357121433908004,0.35966247428433934,383.57121433908003,3390,3390,6780,0.11314785083748674,1151,1.151,9,0.2767492629204675,1121.0928770158946
nag,50,0.31637008111778014,0.2919736241497451,316.37008111778016,2929,2929,5858,0.10801300140586553,816,0.816,9,0.2870007881054939,989.5117723416396
nag,50,0.10256970951322762,0.0971314917121415,102.56970951322762,891,891,1782,0.11511751909453156,71,0.071,9,0.07850534561226417,78.54327945331526
nag,50,0.0,0.0,0.0,0,0,0,,0,0.0,9,0.0,0.0
nag,50,0.25940839607143906,0.24914120768866638,259.4083960714391,2363,2363,4726,0.10977926198537413,561,0.561,9,0.27380698610726245,473.4526494869801
nag,50,0.37357436753471884,0.35281319862294963,373.5743675347188,3327,3326,6653,0.11231941296894733,1202,1.202,9,0.3447656875728752,1069.8315324918592
nag,50,0.32437674033090974,0.30727706524620224,324.37674033090974,2935,2935,5870,0.11052018409911746,842,0.842,9,0.2852003361923615,683.8527655760312
nag,50,0.2147172804622227,0.20642611142973774,214.71728046222267,1871,1870,3741,0.11482207511348806,326,0.326,9,0.2464817061281579,308.71764434100396
nag,50,0.20508289469426882,0.19254177180831364,205.08289469426882,1918,1918,3836,0.10692538826604213,344,0.344,9,0.2397548510313645,373.5089362138433
nag,50,0.3350056309894366,0.31566648831061245,335.0056309894366,2914,2913,5827,0.11500364949860509,872,0.872,9,0.19328961032197184,739.4776168415896
nag,50,0.3684650586571631,0.3562809066370424,368.4650586571631,3295,3295,6590,0.11182551097334238,1065,1.065,9,0.38071660589006506,836.6656131924482
nag,50,0.316486316664893,0.29464006802031667,316.486316664893,2749,2749,5498,0.11512779798650165,744,0.744,9,0.29630623204669376,750.4243355736021
nag,50,0.36264606438051167,0.340888774304242,362.6460643805117,3255,3255,6510,0.11141200134577932,1117,1.117,9,0.4272735226373485,1284.3036897557274
nag,50,0.1669304355519914,0.15581534312458012,166.93043555199142,1409,1409,2818,0.11847440422426644,169,0.169,9,0.13041994014595662,117.39189153102174
nag,50,0.26655377854465806,0.25064770332064995,266.5537785446581,2374,2374,4748,0.1122804458907574,571,0.571,9,0.23326272866574063,577.0018212594559
nag,50,0.1513362338081301,0.14311748667749055,151.33623380813012,1418,1418,2836,0.10672512962491545,196,0.196,9,0.15456201050626808,215.8983520752825
nag,50,0.10070707455154283,0.09473640758610627,100.70707455154283,931,930,1861,0.10828717693714283,65,0.065,9,0.09167453700063333,63.8393816830823
nag,50,0.22308566565205418,0.20890903047756923,223.0856656520542,2003,2003,4006,0.11137576917226868,412,0.412,9,0.23928229884221827,503.81856094063176
nag,50,0.16810257995927383,0.1581801071974067,168.10257995927384,1486,1486,2972,0.11312421262400663,208,0.208,9,0.1651628710583352,197.35292733465792
nag,50,0.26100919808818007,0.24716020999893323,261.0091980881801,2400,2400,4800,0.1087538325367417,583,0.583,9,0.24887033887549775,575.7956014371366
nag,50,0.2091798171729098,0.19564997096548506,209.1798171729098,1926,1926,3852,0.1086084201313135,325,0.325,9,0.2301879919854356,284.3729216141393
nag,50,0.5182946402482806,0.49183977791336847,518.2946402482806,4635,4635,9270,0.11182192885615548,2201,2.201,9,0.5677048494184197,1920.5659213279066
nag,50,0.3188566983037963,0.2962327167690426,318.8566983037963,2850,2850,5700,0.11187954326448993,814,0.814,9,0.3044836549719595,940.4016458728767
nag,50,0.1555943315946971,0.14642476268680946,155.5943315946971,1472,1471,2943,0.10577452861638145,188,0.188,9,0.1444798856414877,210.0648966803244
nag,50,0.35764516128464435,0.34303546410934727,357.64516128464436,3258,3258,6516,0.10977445097748445,1088,1.088,9,0.2993800041821857,1128.1957691314597
nag,50,0.0990721844397863,0.09400378797376661,99.0721844397863,923,923,1846,0.10733714457181615,80,0.08,9,0.09675456722661673,76.94574837918097
nag,50,0.10622581060881899,0.10093519962191248,106.22581060881899,967,966,1933,0.1099646072555062,73,0.073,9,0.09367979894085128,72.75681512972116
nag,50,0.4187595918402507,0.3939513788423202,418.75959184025066,3704,3703,7407,0.11308657624635449,1424,1.424,9,0.4159269078265109,1290.581539925731
nag,50,0.16951608150033898,0.160134271819713,169.51608150033897,1483,1482,2965,0.11438332085043115,183,0.183,9,0.15315459293293027,226.79499143385704
nag,50,0.2729267505032758,0.2560393431568364,272.9267505032758,2421,2421,4842,0.11273306505711515,524,0.524,9,0.2962935820646421,499.8533316535849
nag,50,0.30447234738038187,0.2863243207106328,304.47234738038185,2798,2798,5596,0.10881785110092275,763,0.763,9,0.2972157543956095,772.4334706681118
nag,50,0.21671250763305022,0.20325165322098154,216.71250763305022,1911,1911,3822,0.11340267275408175,335,0.335,9,0.25270351869400764,336.8870167815992
nag,50,0.21376864260281808,0.20118467484305202,213.7686426028181,1922,1922,3844,0.11122197846140379,342,0.342,9,0.17197443648247898,348.139859590192
nag,50,0.5095822741527092,0.4809908428873922,509.58227415270915,4644,4644,9288,0.10972917186750843,2279,2.279,9,0.5731162618868888,2817.0725605470793
nag,50,0.10712409384383306,0.09987409666729267,107.12409384383307,982,982,1964,0.10908767193873022,89,0.089,9,0.09452829640816618,89.52856539154494
nag,50,0.30446484837889143,0.28922176454188103,304.4648483788914,2796,2796,5592,0.10889300728858778,773,0.773,9,0.3589591641558538,952.35460460875
nag,50,0.10031870042441668,0.09749008197848343,100.31870042441668,911,911,1822,0.11011931989507869,57,0.057,9,0.09978978128286535,38.15751484007373
nag,50,0.479379937814679,0.4522709964975735,479.379937814679,4186,4186,8372,0.11451981314254157,1847,1.847,9,0.4583113380740588,1484.109377530428
nag,50,0.20845267615149077,0.19007648769646696,208.45267615149078,1932,1931,3863,0.1079506349826467,321,0.321,9,0.233670795804122,216.8004485376036
nag,50,0.16605583268445678,0.15706922965421616,166.0558326844568,1421,1420,2841,0.1169407272425752,195,0.195,9,0.19191000786343798,190.85925669604143
nag,50,0.41906694500863273,0.4020655966215267,419.06694500863273,3768,3767,7535,0.11124686620882207,1416,1.416,9,0.4612893481370814,1761.9921532681117
nag,50,0.20050907402445434,0.18729206280131824,200.50907402445435,1933,1933,3866,0.10372947440478755,336,0.336,9,0.19237680652371564,247.59434460647867
nag,50,0.10263600233373663,0.09742727203755257,102.63600233373663,922,922,1844,0.11131887454852128,66,0.066,9,0.11435023458367587,56.70443420902974
nag,50,0.27083470791596514,0.24819445478005486,270.83470791596517,2375,2375,4750,0.1140356664909327,572,0.572,9,0.2689279731065274,511.72791699403666
nag,50,0.3071014638606693,0.28596543515009337,307.1014638606693,2837,2837,5674,0.10824866544260461,828,0.828,9,0.25815377430213504,1040.6129908899593
nag,50,0.36061627143584046,0.3360955887738632,360.6162714358405,3282,3282,6564,0.10987698703103001,1089,1.089,9,0.36836955178571035,1137.7507449494026
nag,50,0.3133908898437527,0.29497632849820044,313.3908898437527,2861,2861,5722,0.10953893388456927,833,0.833,9,0.28590091841807797,986.1239054144681
nag,50,0.16735238436934805,0.1595329312776147,167.35238436934804,1449,1449,2898,0.11549508928181369,195,0.195,9,0.14929636285770512,181.38623917177716
nag,50,0.37910010735897043,0.36196578935591045,379.10010735897043,3329,3328,6657,0.11391229187469064,1166,1.166,9,0.2709709058638282,1154.617620333665
nag,50,0.2081233525609185,0.19086951726321694,208.12335256091848,1839,1839,3678,0.11317202423105953,322,0.322,9,0.19193984462354044,375.73887946520034
nag,50,0.26707622905461287,0.25246241490826454,267.0762290546129,2386,2386,4772,0.11193471460796853,548,0.548,9,0.2564523805888138,512.8902420371567
nag,50,0.36895781843416137,0.3448234961961516,368.95781843416137,3250,3250,6500,0.11352548259512657,1161,1.161,9,0.45771631462854717,1251.4297058698064
nag,50,0.1055756665255843,0.10007004043731098,105.5756665255843,941,941,1882,0.11219518228011084,76,0.076,9,0.10612749951161458,67.5602667958542
nag,50,0.15755031659818838,0.14869797990339484,157.55031659818837,1432,1432,2864,0.11002117080879076,205,0.205,9,0.15962152278378014,235.45486555665772
nag,50,0.26352492433524877,0.24720057640063223,263.5249243352488,2331,2330,4661,0.11310082589495656,549,0.549,9,0.2037161330362382,485.9037450557593
nag,50,0.2728226296598627,0.2610606733949019,272.8226296598627,2451,2451,4902,0.11131074241528466,633,0.633,9,0.28892206788917746,715.7720933294981
nag,50,0.32029581720056954,0.3070347912929324,320.29581720056956,2824,2824,5648,0.11341919872541414,913,0.913,9,0.2501582195740166,802.3850157908563
nag,50,0.059398329221290895,0.05587016770701004,59.39832922129089,514,514,1028,0.11556095179239473,11,0.011,9,0.05230489890220919,10.903129804790293
nag,50,0.19354840196950363,0.18604027763253594,193.54840196950363,1851,1851,3702,0.10456423661237366,331,0.331,9,0.2017946457474897,372.9793838896541
nag,50,0.27107406287680713,0.25501829696888395,271.07406287680715,2381,2381,4762,0.11384882943167036,588,0.588,9,0.25228564605370757,608.5550812102691
nag,50,0.25497911812905755,0.2399303912898364,254.97911812905755,2325,2325,4650,0.109668437904971,502,0.502,9,0.2281876559465782,572.1496744087876
nag,50,0.19716430144102537,0.1854616749305024,197.16430144102537,1827,1827,3654,0.10791696849536145,321,0.321,9,0.20108880957762706,274.9772620666399
nag,50,0.20213915726059573,0.19127192067351728,202.13915726059574,1859,1859,3718,0.10873542617568356,298,0.298,9,0.21316383698958866,365.6167555934271
nag,50,0.2233830318863622,0.20830266670560268,223.38303188636218,1972,1972,3944,0.11327739953669481,368,0.368,9,0.19369586739787875,428.0703309771571
nag,50,0.3112972808872511,0.2973104576258383,311.29728088725113,2825,2825,5650,0.11019372774769952,800,0.8,9,0.28281044633242963,833.3075806691069
nag,50,0.3214848296599538,0.30410330959985427,321.4848296599538,2795,2794,5589,0.11506257324980451,818,0.818,9,0.32573548864836394,840.5152032071219
nag,50,0.2229869013734476,0.20704584610064874,222.98690137344758,1950,1950,3900,0.1143522571145885,345,0.345,9,0.2169151957425941,262.867340196107
nag,50,0.47929883761877207,0.44799908013569695,479.29883761877204,4307,4307,8614,0.11128368646825448,2008,2.008,9,0.4370908844782621,2142.9186391621415
nag,50,0.25114658112034205,0.2337388909144403,251.14658112034203,2315,2315,4630,0.10848664411245876,502,0.502,9,0.3010833124207196,504.153413452515
nag,50,0.20688169643548449,0.19345649618622784,206.88169643548449,1807,1807,3614,0.11448904063944908,326,0.326,9,0.247549705005238,266.5480802374842
nag,50,0.09339327866388769,0.08906331574973123,93.39327866388768,894,894,1788,0.10446675465759249,70,0.07,9,0.07924444254117614,54.66073300743906
nag,50,0.36824719294657093,0.35165486490424075,368.2471929465709,3296,3296,6592,0.11172548329689652,1019,1.019,9,0.3585362782724807,950.1928730510165
nag,50,0.20658435065783978,0.1933259209857916,206.5843506578398,1852,1852,3704,0.11154662562518347,320,0.32,9,0.16390003447144363,281.60152293372965
nag,50,0.24960750383988567,0.23771592906946148,249.60750383988568,2314,2314,4628,0.10786841133962216,538,0.538,9,0.26916357570527555,550.1648616365053
nag,50,0.20640421655020494,0.1961369305651292,206.40421655020495,1887,1887,3774,0.1093822027293084,353,0.353,9,0.17758030547581746,272.9993740834357
nag,50,0.407570876103147,0.3721709422975057,407.57087610314704,3705,3705,7410,0.11000563457574819,1293,1.293,9,0.2842185093446661,1635.5432208384357
nag,50,0.10592583918398531,0.1007474794115615,105.9258391839853,932,932,1864,0.11365433388839624,68,0.068,9,0.10371507493078629,53.50353764875104
nag,50,0.37392260999398796,0.344862642726529,373.922609993988,3310,3310,6620,0.11296755588942235,1082,1.082,9,0.29766067109006267,1106.0666948390735
nag,50,0.15580604577650958,0.14949036115216555,155.8060457765096,1451,1451,2902,0.10737839130014444,184,0.184,9,0.1634730588748268,164.28816414177007
nag,50,0.4225687926721715,0.3992081349618745,422.5687926721715,3783,3783,7566,0.11170203348458142,1422,1.422,9,0.4662871414955629,1284.6305845403865
nag,50,0.20403361577121426,0.19605994138995528,204.03361577121427,1885,1884,3769,0.10829809754310736,376,0.376,9,0.16398467794319838,403.50972907505025
nag,50,0.14500928035813887,0.1380542852345935,145.00928035813888,1340,1340,2680,0.10821588086428274,176,0.176,9,0.17637876540579037,124.5217664055364
nag,50,0.30976757263036175,0.29457141755119237,309.76757263036177,2879,2879,5758,0.10759554450516214,779,0.779,9,0.3072252533378145,941.8909204860522
nag,50,0.20869751656987706,0.1972297163172982,208.69751656987705,1848,1848,3696,0.1129315565854313,366,0.366,9,0.1682554002779211,379.1422230145461
nag,50,0.2599006665118902,0.24240477483510467,259.9006665118902,2395,2395,4790,0.10851802359577879,511,0.511,9,0.23702759935359155,479.63777901798386
nag,50,0.09413054997871818,0.08890537589541714,94.13054997871818,863,863,1726,0.10907363844579163,65,0.065,9,0.07021674224288606,71.3748805619744
nag,50,0.3684026739728946,0.34835984750470994,368.4026739728946,3345,3344,6689,0.11016826374787518,1170,1.17,9,0.3179282419359015,1387.434825671751
nag,50,0.36129452869705847,0.34031839742941467,361.29452869705847,3213,3212,6425,0.11248272998040426,1044,1.044,9,0.31475146854559805,968.2035115557757
nag,50,0.22337858874754837,0.20793318359916052,223.37858874754838,1944,1944,3888,0.1149066814545002,329,0.329,9,0.19511369499342487,396.2119159995639
nag,50,0.199966458603365,0.18367955710909337,199.966458603365,1808,1808,3616,0.11060091736911781,268,0.268,9,0.18933444646730793,359.28854390438954
nag,50,0.2653481553855111,0.2485533887912569,265.3481553855111,2353,2353,4706,0.1127701467851726,556,0.556,9,0.2353408831991912,495.72113411865115
nag,50,0.37992665000161446,0.361738891037816,379.92665000161446,3264,3262,6526,0.11647046290668744,1145,1.145,9,0.4096556198897184,1165.5637412616186
nag,50,0.3164101193072728,0.2938481693892693,316.4101193072728,2812,2812,5624,0.11252137955450668,793,0.793,9,0.25111572194325876,892.8513684952444
nag,50,0.3647778262185211,0.34421713242779256,364.7778262185211,3366,3365,6731,0.10840351447801519,1131,1.131,9,0.37681958619077044,1163.8119630404738
nag,50,0.265583785737998,0.2491467339907802,265.583785737998,2396,2396,4792,0.11084465181051671,573,0.573,9,0.24968261661752686,571.3813686629053
nag,50,0.10180098571693716,0.09641570654103979,101.80098571693716,902,902,1804,0.11286140323385495,58,0.058,9,0.06977119588651541,79.53334526951197
nag,50,0.37307471411761695,0.3532319029956127,373.07471411761696,3273,3273,6546,0.11398555273987686,1132,1.132,9,0.2224619549494443,1017.551323433568
nag,50,0.10884677323662208,0.10153295504249663,108.84677323662207,942,941,1883,0.1156713849485888,83,0.083,9,0.07192496399062452,91.52892101665334
nag,50,0.25356867029553254,0.2361903570248681,253.56867029553254,2288,2288,4576,0.11082546778650898,496,0.496,9,0.21541128790096703,496.72359201106235
nag,50,0.4754812832614348,0.43591860220379214,475.4812832614348,4249,4247,8496,0.11195697745736632,1893,1.893,9,0.44378019347815445,1788.1246845561977
nag,50,0.16852854010305898,0.1579111959954838,168.528540103059,1497,1497,2994,0.1125775150989038,203,0.203,9,0.1835778120863368,162.0563939389907
nag,50,0.2590826490350799,0.24824321772352193,259.0826490350799,2324,2324,4648,0.11148134640063678,517,0.517,9,0.266218257014387,512.5856599470482
nag,50,0.3187008264791415,0.2965737344672582,318.7008264791415,2774,2773,5547,0.11492997709309105,802,0.802,9,0.3581411900931514,721.0611314149147
nag,50,0.09853611096781598,0.09348777793647435,98.53611096781597,892,892,1784,0.11046649211638562,67,0.067,9,0.06755563119466956,70.6227749723831
nag,50,0.3255198284148747,0.30951825546069955,325.5198284148747,2873,2873,5746,0.11330310769748511,916,0.916,9,0.3678076524455009,862.5747926825677
nag,50,0.32514035361904386,0.3071542789576958,325.1403536190439,2924,2923,5847,0.11123515347897499,830,0.83,9,0.30199530792198437,927.0662061806213
nag,50,0.2612736781737957,0.24699420578784748,261.2736781737957,2339,2339,4678,0.11170315441376473,542,0.542,9,0.24383262008868034,545.1361437014583
nag,50,0.1641122078763275,0.15180535426923683,164.1122078763275,1483,1483,2966,0.11066231144728758,195,0.195,9,0.1569949081569721,203.1938830424048
nag,50,0.2672450493081574,0.2478298675489255,267.2450493081574,2384,2383,4767,0.11214647474114871,596,0.596,9,0.2910541648532842,605.7533018001396
nag,50,0.42324554787728297,0.39318115197665476,423.24554787728295,3800,3800,7600,0.11138040733612709,1525,1.525,9,0.3602495255365258,1311.2634876146788
nag,50,0.15313579466340335,0.14412504018428085,153.13579466340335,1395,1394,2789,0.10985351123630083,198,0.198,9,0.14027297234149552,191.00313617363923
nag,50,0.15837261167808975,0.1486432413002932,158.37261167808975,1382,1382,2764,0.11459667994073065,187,0.187,9,0.1395078198816607,212.85367713497928
nag,50,0.3564458795697248,0.3381606417382796,356.4458795697248,3266,3265,6531,0.10917178547311633,1062,1.062,9,0.23927282598328872,1129.7574867623214
nag,50,0.21919860196764038,0.20963239179707616,219.19860196764037,1967,1967,3934,0.11143802845329963,397,0.397,9,0.19341285534257455,451.23143965552026
nag,50,0.11364603884780468,0.10580065479351654,113.64603884780468,1022,1022,2044,0.11119964662211808,72,0.072,9,0.11490706424304072,81.53184319546618
nag,50,0.16576955348356598,0.15719689075362106,165.76955348356597,1473,1472,2945,0.11261518579046602,228,0.228,9,0.15577794235033782,233.6557426543705
nag,50,0.3149769042189141,0.2984822109911655,314.9769042189141,2833,2833,5666,0.11118139930071094,794,0.794,9,0.3252906890561196,1079.8580215136885
nag,50,0.15949010543585507,0.15009811384269436,159.49010543585507,1412,1412,2824,0.11295333246165373,169,0.169,9,0.17238328143546444,229.89119064629773
nag,50,0.5737939288560722,0.5375878628433648,573.7939288560722,5122,5120,10242,0.1120691267297016,2684,2.684,9,0.6303689394901193,2054.5607397092804
nag,50,0.050970728509365314,0.04837271334458988,50.970728509365316,452,452,904,0.11276709847204716,9,0.009,9,0.045693032749841704,9.750620325973362
nag,50,0.2596391482131377,0.24055987375959625,259.63914821313773,2323,2322,4645,0.11181703196086897,560,0.56,9,0.167504418424602,360.0391041559101
nag,50,0.09878243250390013,0.09391650085212813,98.78243250390014,948,948,1896,0.10420087816867103,89,0.089,9,0.08262202888390315,60.253507576542866
nag,50,0.16442622392850312,0.15623368961699916,164.4262239285031,1441,1441,2882,0.11410563770194525,215,0.215,9,0.12465774727010409,223.58183420389685
nag,50,0.2652455819976964,0.24827396144564828,265.2455819976964,2397,2397,4794,0.1106573141417173,581,0.581,9,0.27934858730654294,574.08338829752
nag,50,0.3117827689499563,0.294397772116333,311.78276894995633,2795,2794,5589,0.11159011057621916,726,0.726,9,0.22436164962610494,616.3435933205109
nag,50,0.15291909645523766,0.14526726653532734,152.91909645523765,1380,1380,2760,0.11081093946031714,212,0.212,9,0.13886327063739187,266.15542769800516
nag,50,0.4067745612279494,0.38436585261713924,406.7745612279494,3733,3733,7466,0.10896720097185893,1404,1.404,9,0.3670034879319248,1282.3105584964162
nag,50,0.3005324966867298,0.2791111573924191,300.5324966867298,2747,2747,5494,0.10940389395221325,747,0.747,9,0.28051059515858107,773.0656492980015
nag,50,0.4841553002809891,0.4667936739329292,484.1553002809891,4338,4338,8676,0.11160795303849448,1993,1.993,9,0.5113236738715338,1784.4717902463735
nag,50,0.1503386934857,0.14250067581959297,150.3386934857,1377,1377,2754,0.10917842664175743,211,0.211,9,0.1131179861126711,173.12387159265808
nag,50,0.2050795904138616,0.19418710249898335,205.07959041386158,1880,1880,3760,0.10908488851801149,307,0.307,9,0.19007045320353033,298.04502655898546
nag,50,0.35390144277060404,0.33688177954199844,353.90144277060404,3242,3242,6484,0.10916145674602222,980,0.98,9,0.3494356881088204,694.6607567315622
nag,50,0.11474874802426686,0.10700525402424359,114.74874802426686,975,975,1950,0.11769102361463267,67,0.067,9,0.1277931558463384,58.46795375382865
nag,50,0.4093321776133379,0.3891753879940822,409.3321776133379,3806,3805,7611,0.1075774448392478,1446,1.446,9,0.4478764819318731,1646.6351794873608
nag,50,0.21080995471393646,0.19902179422924957,210.80995471393646,1938,1938,3876,0.1087770664158599,313,0.313,9,0.2029010685691549,278.5831445428275
nag,50,0.2620869753115162,0.23877484538496277,262.0869753115162,2359,2359,4718,0.11110087974205858,557,0.557,9,0.20533494040177816,644.3604264666732
nag,50,0.05156280513072588,0.04890408225777666,51.56280513072588,464,464,928,0.1111267351955299,9,0.009,9,0.04851819706260405,8.223017600341526
nag,50,0.11115273709594993,0.10421824219382043,111.15273709594993,969,969,1938,0.11470870701336422,67,0.067,9,0.07759856133922789,65.33977334667178
nag,50,0.31134286448819826,0.29522335711374453,311.34286448819824,2808,2808,5616,0.1108770884929481,778,0.778,9,0.3159877334934533,693.6595009459621
nag,50,0.1041377555896587,0.09856415585888877,104.1377555896587,902,902,1804,0.11545205719474357,59,0.059,9,0.1041928907559232,68.53198623749958
nag,50,0.04835906467491792,0.04602046553868502,48.35906467491792,441,441,882,0.10965774302702476,11,0.011,9,0.0378377324107705,13.316146275205544
nag,50,0.10551884872465021,0.09985896678884336,105.51884872465021,933,933,1866,0.11309630088386946,68,0.068,9,0.10499621265362727,68.05994581172732
nag,50,0.15410848278826725,0.14734330052621739,154.10848278826725,1393,1393,2786,0.11063064091045746,150,0.15,9,0.1537374724369908,130.25883751477699
nag,50,0.21294527491811704,0.20191167776094382,212.94527491811704,1861,1861,3722,0.11442518802693016,334,0.334,9,0.26419009487053874,336.0135110575092
nag,50,0.20860772423384766,0.19845167092687757,208.60772423384765,1908,1908,3816,0.10933318880180694,348,0.348,9,0.1788287093815541,350.08253913756823
nag,50,0.04807002003699179,0.045759293210634995,48.07002003699179,430,430,860,0.11179074427207393,10,0.01,9,0.06466301653775812,8.51328320403106
nag,50,0.2808352662847271,0.26204250646192506,280.8352662847271,2483,2483,4966,0.1131032083305385,598,0.598,9,0.2977471074212819,656.0361290004577
nag,50,0.21013908473919515,0.1966093008765367,210.13908473919514,1905,1905,3810,0.11030923083422317,377,0.377,9,0.19653184469313298,340.0614297338263
nag,50,0.28085484519364773,0.26492205191472656,280.85484519364775,2492,2492,4984,0.11270258635379123,610,0.61,9,0.22695620687229318,537.7818830902856
nag,50,0.15815673707122624,0.14929906034490006,158.15673707122625,1442,1442,2884,0.10967873583302791,203,0.203,9,0.15556947399106194,193.89275547460096
nag,50,0.16001280279314078,0.15218276473433998,160.0128027931408,1364,1364,2728,0.1173114389979038,190,0.19,9,0.14044070241938042,185.07308820414258
nag,50,0.26376080317608674,0.2466192842130165,263.76080317608677,2383,2383,4766,0.11068434879399361,515,0.515,9,0.22788332218736984,575.6826283924304
nag,50,0.3258559260631381,0.3023153175787701,325.8559260631381,2858,2858,5716,0.11401536951124495,797,0.797,9,0.33189657483015705,929.279558017101
nag,50,0.2529608101421323,0.23895859122382343,252.9608101421323,2384,2384,4768,0.10610772237505549,573,0.573,9,0.23364823368224857,447.65247456860624
nag,50,0.3154506458138131,0.3002605048415262,315.4506458138131,2814,2814,5628,0.11210044271990514,702,0.702,9,0.2673528626710842,475.0538790703135
nag,50,0.306960884436529,0.2897196483584517,306.960884436529,2829,2829,5658,0.10850508463645422,750,0.75,9,0.2512420926835774,975.0012443624461
nag,50,0.29171279101962955,0.2704873145699181,291.71279101962955,2714,2714,5428,0.10748444768593572,703,0.703,9,0.3445273931050557,612.4204056324716
nag,50,0.15541584091268043,0.14423291804363927,155.41584091268044,1460,1460,2920,0.10644920610457564,172,0.172,9,0.1609911404101353,180.04137248927213
nag,50,0.24938727430028923,0.23670404810441,249.38727430028922,2290,2290,4580,0.10890273986912193,490,0.49,9,0.2714639820103598,344.7993939840052
nag,50,0.2626806916670789,0.25026063960820005,262.6806916670789,2319,2319,4638,0.11327326074475158,499,0.499,9,0.22950911459933282,426.7165116078593
nag,50,0.41706263585305514,0.3861956696824704,417.06263585305516,3713,3712,7425,0.11235523595179288,1369,1.369,9,0.3164694053421662,1479.7834455390264
nag,50,0.4756353501196761,0.44332934185157685,475.6353501196761,4248,4248,8496,0.11196689032949061,1796,1.796,9,0.4730150093238552,1869.6847235377345
nag,50,0.16337635752213195,0.15110014069691466,163.37635752213194,1431,1431,2862,0.1141693623494982,202,0.202,9,0.1396209302947884,236.0285681013929
nag,50,0.2076335836309723,0.19277713644850186,207.6335836309723,1875,1875,3750,0.1107379112698519,293,0.293,9,0.17355584447739417,287.0155281500543
nag,50,0.3259455028487323,0.29810879354821884,325.9455028487323,2838,2837,5675,0.11489090689063529,768,0.768,9,0.33998207083573057,920.2475570053178
nag,50,0.4253568112528046,0.4116860869359141,425.3568112528046,3759,3759,7518,0.11315690642532711,1382,1.382,9,0.510055012427869,1433.2519611026655
nag,50,0.2927515748098246,0.27435574130354123,292.7515748098246,2812,2812,5624,0.10410795690249808,744,0.744,9,0.29476081299732243,872.9645735447376
nag,50,0.15274738339929053,0.1447245309808231,152.74738339929053,1415,1415,2830,0.10794868084755514,188,0.188,9,0.13919410114888536,177.08640855671587
nag,50,0.3665849595369013,0.34632509355590124,366.5849595369013,3329,3329,6658,0.11011864209579492,1065,1.065,9,0.37397479225244945,703.7428795708872
nag,50,0.4146147939970833,0.39833392287714475,414.61479399708327,3795,3793,7588,0.10931051779517091,1492,1.492,9,0.34255673407304427,1221.629292019702
nag,50,0.16222189849979354,0.15439991196753083,162.22189849979355,1474,1474,2948,0.11005556207584366,193,0.193,9,0.17701809837728685,228.4280737408324
nag,50,0.43323459221810584,0.40650757798306997,433.23459221810583,3827,3827,7654,0.11320475364988394,1540,1.54,9,0.3301852109903528,1538.8800998014274
nag,50,0.10562236979674881,0.1015598022274094,105.62236979674881,923,923,1846,0.11443377009398571,86,0.086,9,0.08418280822935278,54.03588631528211
nag,50,0.20068479910452214,0.19205236910726606,200.68479910452214,1871,1871,3742,0.10726071571593915,338,0.338,9,0.1905156271952605,308.4220122219311
nag,50,0.05456476973781144,0.05158745564127106,54.564769737811446,472,472,944,0.11560332571570221,11,0.011,9,0.03989897198401888,11.510580722842802
nag,50,0.16151174822647815,0.15317928364316827,161.51174822647815,1479,1479,2958,0.10920334565684797,188,0.188,9,0.18082513939936112,168.00570843194316
nag,50,0.2683763950000013,0.25609612871226595,268.3763950000013,2427,2427,4854,0.11057947878038785,591,0.591,9,0.21036241607654785,488.26068891205335
nag,50,0.3214324797826659,0.3048722890887087,321.43247978266595,2870,2870,5740,0.11199737971521462,843,0.843,9,0.29455760977467915,684.2042703270777
nag,50,0.41726878898462294,0.39861746212856486,417.2687889846229,3812,3811,7623,0.10949062948953632,1477,1.477,9,0.4515967159135528,1214.9460172833708
nag,50,0.20028787453266955,0.19215254961064632,200.28787453266955,1857,1857,3714,0.10785561364171758,285,0.285,9,0.19268549986290384,240.61969370058688
nag,50,0.2597939333687332,0.24538567611732184,259.7939333687332,2354,2354,4708,0.11036275844041342,492,0.492,9,0.2397697140010728,540.592355934293
nag,50,0.20866180164941847,0.19873149033451243,208.66180164941846,1902,1902,3804,0.10970652032040928,357,0.357,9,0.20884108372600618,410.8421593339748
nag,50,0.26916079527389136,0.25196704823510213,269.1607952738914,2362,2362,4724,0.11395461273238416,534,0.534,9,0.2565399849053695,295.4758582658309
nag,50,0.322005010273265,0.2996828600394755,322.005010273265,2919,2919,5838,0.11031346703434909,790,0.79,9,0.31658833157266597,829.1416539588486
nag,50,0.265160775965616,0.24550360479909814,265.160775965616,2340,2340,4680,0.11331657092547692,573,0.573,9,0.2456453778591536,375.8998034226546
nag,50,0.26674841044086084,0.25230859377812537,266.7484104408608,2424,2424,4848,0.11004472377923301,553,0.553,9,0.23901766982992304,728.0209541831168
nag,50,0.10830353956633237,0.1029645094759289,108.30353956633238,934,934,1868,0.11595668047787193,77,0.077,9,0.0960738133148553,78.40649655302724
nag,50,0.27601662854689923,0.25753582510144774,276.01662854689926,2401,2401,4802,0.1149590289658056,612,0.612,9,0.22967584604752753,553.3332064479645
nag,50,0.2695262577993234,0.2531252589918132,269.5262577993234,2365,2365,4730,0.1139645910356547,564,0.564,9,0.1682750282899208,611.5871837349123
nag,50,0.5626524187917528,0.5245448018962718,562.6524187917528,5124,5123,10247,0.10982869779265134,2704,2.704,9,0.405442035001213,2328.6340389601614
nag,50,0.20753204687303065,0.19806675528609144,207.53204687303065,1895,1895,3790,0.10951559201743043,323,0.323,9,0.18596746717007315,329.3584150587958
nag,50,0.21006478579723395,0.19656534867850495,210.06478579723395,1894,1893,3787,0.11096924764777283,280,0.28,9,0.1472829387949419,326.2075385054076
nag,50,0.20162410765975716,0.18896046393609145,201.62410765975716,1851,1851,3702,0.10892712461359112,313,0.313,9,0.16837537756207135,299.2966724112285
nag,50,0.3660130288192205,0.3463373051876359,366.0130288192205,3280,3280,6560,0.1115893380546404,1124,1.124,9,0.36850070629254444,1285.3661450051663
nag,50,0.22221284250270804,0.21163194556250084,222.21284250270804,1918,1918,3836,0.11585653936533266,400,0.4,9,0.22601746607026402,430.6170219529068
nag,50,0.4414663497012849,0.41745754370173005,441.4663497012849,3826,3826,7652,0.11538587289631075,1566,1.566,9,0.33923023338110975,1597.8406867105605
nag,50,0.3644325270553809,0.34434523816387586,364.4325270553809,3355,3355,6710,0.10862370404035197,1059,1.059,9,0.44892951282450105,1171.1649658194876
nag,50,0.4249735250648178,0.39589832931927005,424.9735250648178,3837,3837,7674,0.11075671750451337,1506,1.506,9,0.3791254407960016,1925.82315911448
nag,50,0.26117298833061164,0.24980176224683032,261.17298833061164,2354,2354,4708,0.11094859317358184,514,0.514,9,0.26445940173606336,464.9799813326918
nag,50,0.3218364132306209,0.30157957992361617,321.8364132306209,2843,2842,5685,0.1132429321712248,837,0.837,9,0.29084810888887225,724.5148145322156
nag,50,0.09921690729172129,0.09242310264895415,99.2169072917213,940,940,1880,0.1055499013741716,47,0.047,9,0.0932640673473164,53.58232187810092
nag,50,0.3849015036557877,0.36135928470880013,384.9015036557877,3375,3374,6749,0.11407869106573434,1151,1.151,9,0.33706662108173535,993.7420991656609
nag,50,0.2493323196028021,0.23407548039312648,249.3323196028021,2312,2312,4624,0.10784269879013932,493,0.493,9,0.22150081400135513,484.02613593336525
nag,50,0.41841217979776146,0.3931588351498665,418.41217979776144,3755,3755,7510,0.11142801059860491,1449,1.449,9,0.362030259595861,1384.4273831875032
nag,50,0.15328321314735757,0.14612027067754488,153.28321314735757,1416,1416,2832,0.10825085674248416,161,0.161,9,0.14943755879844164,168.5738023139019
nag,50,0.1569097757165401,0.14820200782549708,156.9097757165401,1467,1467,2934,0.10695962898196326,211,0.211,9,0.15063236054687554,219.4865192909736
nag,50,0.15601247762522305,0.15058433164135768,156.01247762522306,1426,1426,2852,0.109405664533817,151,0.151,9,0.14880713657040237,145.25704701396944
nag,50,0.2729220559639177,0.25459908937749304,272.9220559639177,2409,2409,4818,0.11329267578410865,600,0.6,9,0.2273183920427283,599.6646532467663
nag,50,0.10441893094818384,0.09779595566365398,104.41893094818384,954,954,1908,0.10945380602534995,83,0.083,9,0.08560496710530634,81.70402687314221
nag,50,0.5223484211994246,0.4914630266881676,522.3484211994246,4606,4606,9212,0.11340608362992284,2179,2.179,9,0.438783479633934,2340.087469131459
nag,50,0.2559732093620726,0.24501329678006273,255.97320936207257,2280,2280,4560,0.11226895147459323,457,0.457,9,0.28045664165419426,343.3011560416149
nag,50,0.4087901676462295,0.386788382791638,408.7901676462295,3694,3694,7388,0.1106632830661152,1346,1.346,9,0.31505442213062923,1195.8950935459993
nag,50,0.1553081388782827,0.1445513788891611,155.3081388782827,1478,1478,2956,0.10507993158205867,184,0.184,9,0.16468385242456735,216.92720975154992
nag,50,0.4167533398152618,0.39288694598629936,416.7533398152618,3735,3735,7470,0.1115805461352776,1388,1.388,9,0.39115264086179335,1256.7468272948863
nag,50,0.4827880082635955,0.4605574629243852,482.78800826359554,4303,4302,8605,0.11222408374328116,1982,1.982,9,0.4701347153652342,1600.1660595779094
nag,50,0.2565075411683804,0.24336688461796982,256.50754116838044,2370,2369,4739,0.10827671640708335,445,0.445,9,0.2208387515539497,517.7104849774609
nag,50,0.2997124965066138,0.2873201562897159,299.7124965066138,2730,2730,5460,0.10978479725516987,765,0.765,9,0.2410190277083102,974.9668739071257
nag,50,0.26885419187150067,0.25779002734605316,268.8541918715007,2399,2399,4798,0.11206927547790775,619,0.619,9,0.29134381397940523,653.3714286270607
nag,50,0.3715019020500602,0.35303848489500306,371.50190205006015,3335,3335,6670,0.11139487317842883,1080,1.08,9,0.3425018713838504,1252.620071271209
nag,50,0.21609855531914643,0.20505732363041848,216.09855531914644,1909,1909,3818,0.11319987182773517,346,0.346,9,0.17453397401002718,304.09041372964896
nag,50,0.3134603340842749,0.298572547701024,313.4603340842749,2807,2806,5613,0.1117107391604686,741,0.741,9,0.3435083995570988,777.0614480734409
nag,50,0.3295600651920839,0.3130690036464769,329.5600651920839,2933,2933,5866,0.11236279072351991,844,0.844,9,0.3320935337411693,779.7236557301558
nag,50,0.3668295476430043,0.35489313680385004,366.8295476430043,3298,3298,6596,0.1112278798189825,1038,1.038,9,0.3860796720244797,1181.238303242875
nag,50,0.3164057479136386,0.2932115875780944,316.4057479136386,2898,2898,5796,0.10918072736840531,850,0.85,9,0.27862494136307003,897.5282919690825
nag,50,0.26851493315413755,0.25429294871700076,268.51493315413757,2404,2403,4807,0.11174154521603727,607,0.607,9,0.2941651154986335,504.05604098311915
nag,50,0.14989272852988966,0.13963431024535528,149.89272852988967,1390,1389,2779,0.10791413141100768,173,0.173,9,0.0925764482869631,179.75227442443614
nag,50,0.10859379444071873,0.10444527133094864,108.59379444071874,983,983,1966,0.1104718153008329,81,0.081,9,0.10834838655878154,68.99455099417989
nag,50,0.25532690280552683,0.24389958024187694,255.32690280552683,2296,2296,4592,0.11120509704073468,555,0.555,9,0.2291959980525879,394.5900491770909
nag,50,0.2607892875950516,0.2528428284130025,260.7892875950516,2361,2359,4720,0.1105507789720439,591,0.591,9,0.24516920552078783,571.1861070508463
nag,50,0.41970078152994655,0.3944404000671121,419.70078152994654,3792,3792,7584,0.11068058584650489,1454,1.454,9,0.4489880055816951,1301.5398268432348
nag,50,0.22759206444256724,0.21621051848784856,227.59206444256725,1970,1970,3940,0.11552896672211535,384,0.384,9,0.2136758850968446,411.39838728244365
nag,50,0.35853126136519725,0.34897764625549854,358.5312613651972,3333,3333,6666,0.10757013542310148,1215,1.215,9,0.3386357826867541,938.2988568883122
nag,50,0.2004526103289153,0.18974571457992248,200.45261032891528,1866,1865,3731,0.10748129240156315,335,0.335,9,0.16820071855118532,324.8436277593398
nag,50,0.10262639299102838,0.0981801778595121,102.62639299102838,950,950,1900,0.10802778209581936,69,0.069,9,0.09123053771617211,52.3470866197644
nag,50,0.2587991277467554,0.24773635976633454,258.7991277467554,2354,2354,4708,0.10994015622207111,592,0.592,9,0.30528857311008356,476.08636078608765
nag,50,0.2543694087643337,0.23852929432275,254.3694087643337,2325,2324,4649,0.10945327399498009,568,0.568,9,0.24902105223766924,467.84098341566437
nag,50,0.10697031368663759,0.1020010016128527,106.9703136866376,979,979,1958,0.10926487608441021,72,0.072,9,0.10893215009530836,55.65967395074016
nag,50,0.05161691867844025,0.048952612384583545,51.61691867844025,468,468,936,0.11029256127871848,8,0.008,9,0.056580520207926525,9.702749883069483
nag,50,0.2707237880652131,0.2571130031754782,270.72378806521306,2386,2386,4772,0.11346344847661906,582,0.582,9,0.32745236918952014,547.4002767478145
nag,50,0.3235948520870186,0.3101728353505974,323.5948520870186,2805,2805,5610,0.11536358363173568,814,0.814,9,0.2852736298145764,693.2119677617701
nag,50,0.10727016454564593,0.1012513343963121,107.27016454564593,985,985,1970,0.10890372035090957,75,0.075,9,0.11631912480619248,69.09366046983192
nag,50,0.22384174813905855,0.2082329084902666,223.84174813905855,1939,1939,3878,0.11544185051008693,352,0.352,9,0.25959678241481726,273.6103478246158
nag,50,0.46640374848422833,0.4388615274464949,466.40374848422834,4274,4274,8548,0.10912581855035759,1997,1.997,9,0.3491174218580864,2200.048976501124
nag,50,0.0,0.0,0.0,0,0,0,,0,0.0,9,0.0,0.0
nag,50,0.2570632407717644,0.24474820471497719,257.0632407717644,2394,2393,4787,0.10742300074039465,489,0.489,9,0.25984642216894716,280.0148586347996
nag,50,0.1519621408948163,0.1430578822368068,151.9621408948163,1402,1402,2804,0.10838954414751518,146,0.146,9,0.10719367710826731,154.99992934610364
nag,50,0.21215716441809518,0.19936820692107202,212.1571644180952,1885,1884,3769,0.11260995988221613,279,0.279,9,0.19796254326798657,287.2635818825671
nag,50,0.2575817275516498,0.24825900271122986,257.5817275516498,2330,2330,4660,0.11055009766165227,520,0.52,9,0.3063319768228748,488.3933279597375
nag,50,0.05410137046296542,0.051174412176994394,54.10137046296542,469,469,938,0.11535473446261284,19,0.019,9,0.04784081870006649,14.673919584850672
nag,50,0.2161797808979722,0.20610701310278115,216.17978089797222,1906,1906,3812,0.11342066154143349,372,0.372,9,0.26656077964132696,381.51581191040464
nag,50,0.3136453046837295,0.2985451142185701,313.6453046837295,2804,2803,5607,0.11189629136058847,779,0.779,9,0.3244254644174158,604.5171801168553
nag,50,0.3267568925306216,0.30660512165385806,326.7568925306216,2895,2895,5790,0.11286939292940297,761,0.761,9,0.3240950007489299,948.331048927094
nag,50,0.10722900159817474,0.10216653561150844,107.22900159817473,953,953,1906,0.11251731542305848,93,0.093,9,0.09250085537784823,74.29907242150125
nag,50,0.10425724283206234,0.09711833262093404,104.25724283206233,926,926,1852,0.11258881515341504,73,0.073,9,0.07004346842442628,78.00939319406463
nag,50,0.5498853149789358,0.5135543682972729,549.8853149789358,5075,5075,10150,0.10835178620274596,2581,2.581,9,0.5036435457325672,1976.5599691671518
nag,50,0.20708956354760302,0.1922577426268457,207.08956354760303,1823,1823,3646,0.11359822465584368,358,0.358,9,0.1982113162325504,387.01734852021787
nag,50,0.056449612048402785,0.053263053347987595,56.449612048402784,485,485,970,0.11639095267711914,21,0.021,9,0.058500927365367626,20.03872678051642
nag,50,0.32000320669923416,0.2998623042973264,320.00320669923417,2856,2856,5712,0.11204594072102037,763,0.763,9,0.2041180482655055,785.3748755360849
nag,50,0.15156805310108992,0.14310030862860548,151.56805310108993,1390,1390,2780,0.109041764820928,203,0.203,9,0.1386089238993796,240.0063527696895
nag,50,0.3703103539750737,0.34999392068012675,370.3103539750737,3328,3327,6655,0.11130458490383942,1094,1.094,9,0.44671791946115974,1108.1484492699503
nag,50,0.25551714800402764,0.24266538049359243,255.51714800402766,2326,2325,4651,0.10989984860388287,479,0.479,9,0.21992470074632323,474.0130198723602
nag,50,0.15035405796427598,0.13860084630221658,150.35405796427597,1361,1361,2722,0.11047322407367816,185,0.185,9,0.1292258957366275,169.49666579689594
nag,50,0.29328040062609567,0.2777235608833513,293.2804006260957,2676,2676,5352,0.1095965622668519,630,0.63,9,0.3357126797874789,585.9189685309669
nag,50,0.315270206827397,0.2956949208456053,315.270206827397,2807,2807,5614,0.1123157131554674,809,0.809,9,0.28890481489716674,676.4127333506533
nag,50,0.15031812464814118,0.1421014280172243,150.31812464814118,1380,1380,2760,0.10892617728126172,164,0.164,9,0.13236277443011843,132.32105390762098
nag,50,0.21690353905465923,0.20363760297606476,216.90353905465923,1886,1886,3772,0.11500717871402928,330,0.33,9,0.2040956712309457,308.6320946167316
nag,50,0.5266016054674229,0.497515548410523,526.6016054674228,4732,4730,9462,0.11133226331235155,2273,2.273,9,0.5532596763124913,1889.993052141359
nag,50,0.31126550686633414,0.29799888219915843,311.26550686633414,2793,2793,5586,0.11144486461379668,787,0.787,9,0.2789670426647326,798.6820499770362
nag,50,0.20965322994579144,0.195538178254711,209.65322994579145,1901,1901,3802,0.11028576009773354,322,0.322,9,0.19715182012548685,341.7952267953218
nag,50,0.21943534334969061,0.20583937039002623,219.4353433496906,1924,1924,3848,0.11405163375763545,361,0.361,9,0.18002540747179668,403.9960581806155
nag,50,0.3098524408862446,0.2929126781067582,309.8524408862446,2762,2762,5524,0.11218408431797415,715,0.715,9,0.20109473824281046,701.6800013603239
nag,50,0.05781268244285143,0.054470376191613455,57.81268244285143,488,488,976,0.11846861156322015,16,0.016,9,0.04176729108117145,16.28026596248709
nag,50,0.27711050210096994,0.2608811882979104,277.11050210096994,2425,2425,4850,0.11427237200039997,612,0.612,9,0.2591734343106245,817.0757029554059
nag,50,0.2136871768452608,0.20264397795514905,213.6871768452608,1872,1872,3744,0.11414913293016068,360,0.36,9,0.2009378852992586,344.6102257296143
nag,50,0.30335992803379636,0.2907520878087662,303.35992803379634,2828,2828,5656,0.10727013013924906,821,0.821,9,0.3255497616516906,876.3020203531564
nag,50,0.3043387177293832,0.28471136571915484,304.3387177293832,2748,2748,5496,0.11074916947939709,737,0.737,9,0.336287538525128,709.7457096582986
nag,50,0.41409735579086665,0.392707969001283,414.09735579086663,3723,3722,7445,0.11125667807384917,1388,1.388,9,0.41423143616537206,1208.5040658559249
nag,50,0.21826992701026618,0.20680144781735899,218.26992701026617,1882,1881,3763,0.11603930197249664,393,0.393,9,0.24726745465009564,382.4783501902341
nag,50,0.21103886849237233,0.1982811338699366,211.03886849237233,1884,1884,3768,0.11201638455009147,318,0.318,9,0.20707821902524684,344.4567235191726
nag,50,0.3659565170215772,0.3470345983564113,365.9565170215772,3322,3322,6644,0.11016150422082396,1086,1.086,9,0.30579109320655296,877.8996891083008
nag,50,0.4790063899918979,0.442591947615806,479.0063899918979,4233,4233,8466,0.1131600259843841,1816,1.816,9,0.37849337517373943,1511.5668032982817
nag,50,0.21273741885776093,0.2036942251306656,212.73741885776093,1929,1929,3858,0.11028378375207928,386,0.386,9,0.19948830974875387,315.32551116601456
nag,50,0.3715993476723269,0.3474173975503301,371.59934767232687,3306,3306,6612,0.1124014965736016,1160,1.16,9,0.32803064969130385,1387.679883409971
nag,50,0.36123964043346635,0.3455081332872486,361.2396404334663,3281,3281,6562,0.11010046950120887,1146,1.146,9,0.2973148122140008,963.043939221227
nag,50,0.4013369693574964,0.386354326497488,401.3369693574964,3666,3666,7332,0.10947544172326688,1347,1.347,9,0.3529645895223477,1346.582968315909
nag,50,0.21112983451691286,0.20000754394015616,211.12983451691287,1934,1934,3868,0.10916744287327448,352,0.352,9,0.22313469778048553,300.00313558465075
nag,50,0.16347049360546742,0.15496697862099165,163.47049360546742,1470,1470,2940,0.11120441741868532,172,0.172,9,0.17104459198287209,165.46154725927948
nag,50,0.2634310674201373,0.2454473175229432,263.43106742013725,2292,2292,4584,0.11493502068941416,499,0.499,9,0.2615339966969709,499.0752810008268
nag,50,0.26340731034555576,0.24579579791613043,263.40731034555574,2324,2324,4648,0.11334221615557476,544,0.544,9,0.24642119069408674,535.2531086425115
nag,50,0.264898265697664,0.25179511355533846,264.898265697664,2323,2322,4645,0.11408194043827045,498,0.498,9,0.2381903548225845,442.81320428003903
nag,50,0.31315915328118127,0.2933674642849193,313.15915328118126,2836,2836,5672,0.11042283260972541,752,0.752,9,0.3149001328376187,724.406366615444
nag,50,0.20683482962393854,0.1921399501624277,206.83482962393853,1919,1919,3838,0.10778261053879028,349,0.349,9,0.19194995489364933,304.729108843519
nag,50,0.24780679855149393,0.2340705423527237,247.80679855149393,2300,2300,4600,0.10774208632673649,550,0.55,9,0.2026256597740354,562.9813114824107
nag,50,0.2592514578082662,0.24924742640488123,259.2514578082662,2339,2339,4678,0.11083858820361958,521,0.521,9,0.2592081369305577,603.4532133061621
nag,50,0.41792644110162874,0.3945098849546437,417.92644110162877,3783,3783,7566,0.11047487208607686,1464,1.464,9,0.3993780543685145,1937.6712545488317
nag,50,0.16330253132591394,0.1509708728999742,163.30253132591395,1452,1452,2904,0.11246730807569831,194,0.194,9,0.13560887485040699,221.8416457058529
nag,50,0.25803315014140826,0.243592338715699,258.03315014140827,2275,2275,4550,0.11342116489732232,512,0.512,9,0.283889352626629,483.1087750255145
nag,50,0.1641020956573261,0.15574228130680667,164.10209565732612,1430,1429,2859,0.11483701585537168,167,0.167,9,0.14206763499023475,169.74708803861546
nag,50,0.2581407627009613,0.2494492480598318,258.1407627009613,2333,2333,4666,0.11064756223787454,513,0.513,9,0.19765716245727333,625.3650428628915
nag,50,0.3286509814574256,0.3103415341526331,328.6509814574256,2844,2843,5687,0.11560006382603784,822,0.822,9,0.34519095699532293,735.624977400164
nag,50,0.16308861669099842,0.15233754167371097,163.0886166909984,1485,1485,2970,0.10982398430370263,217,0.217,9,0.14877095928281622,209.40736188926576
nag,50,0.10304389742038852,0.09766928141967726,103.04389742038852,884,883,1767,0.11669750557235392,70,0.07,9,0.09421434746999828,86.72344904467761
nag,50,0.09939663759034734,0.09454415028119979,99.39663759034734,915,915,1830,0.10863020501677305,95,0.095,9,0.10437961035682675,113.19282589721813
nag,50,0.11049821604696376,0.10349903898927036,110.49821604696376,960,960,1920,0.11510230838225392,88,0.088,9,0.09323954116145323,88.75943944974779
nag,50,0.1482271977131586,0.1388019584008005,148.2271977131586,1381,1380,2761,0.10741101283562218,183,0.183,9,0.13609004574646136,189.02862530814312
nag,50,0.1630694933669833,0.1516923133203017,163.0694933669833,1445,1445,2890,0.11285086046158013,199,0.199,9,0.09506756564362956,172.02278040750429
nag,50,0.10483162736224062,0.09873252964270839,104.83162736224062,951,951,1902,0.11023304664799224,73,0.073,9,0.09461586344302524,89.09308710796618
nag,50,0.10198098856791804,0.09692770004165172,101.98098856791805,954,954,1908,0.10689831086783862,55,0.055,9,0.10742196921674903,61.22390556812248
nag,50,0.1630883954365663,0.1550050696717101,163.08839543656632,1403,1403,2806,0.11624261969819409,177,0.177,9,0.1783152028758468,212.49507677400874
nag,50,0.2124101585516841,0.2006290897127675,212.4101585516841,1898,1898,3796,0.11191262305146686,357,0.357,9,0.18722640010810232,347.3545492679496
nag,50,0.05464268556378054,0.05165686247815836,54.64268556378054,462,462,924,0.11827421117701416,13,0.013,9,0.048268038714270496,16.019783553677108
nag,50,0.4632962686538118,0.4271243875755963,463.2962686538118,4091,4089,8180,0.11330307377202539,1671,1.671,9,0.41339387702829494,1938.0436221188972
nag,50,0.4231777415859759,0.3929221404171509,423.17774158597587,3722,3722,7444,0.1136963303562536,1481,1.481,9,0.5106524347312483,1472.1768741509716
nag,50,0.4178521618785714,0.4010720407895473,417.8521618785714,3719,3719,7438,0.11235605320746743,1468,1.468,9,0.2452284335802274,1678.7938028587944
nag,50,0.3072528951597019,0.29407043779954867,307.2528951597019,2722,2721,5443,0.11291910884222782,766,0.766,9,0.3267070647089441,605.1560682205649
nag,50,0.1994467123101399,0.18889815398269724,199.4467123101399,1831,1831,3662,0.10892775112514468,306,0.306,9,0.20852438788158945,329.8454406143306
nag,50,0.6690188750700088,0.628806654397117,669.0188750700088,5987,5986,11973,0.1117639283444719,3617,3.617,9,0.7703422572458043,3568.700381139823
nag,50,0.36475335835797495,0.343222597816955,364.75335835797495,3278,3278,6556,0.11127314165893074,1108,1.108,9,0.45774675267315423,1067.1976639047919
nag,50,0.15484296095848374,0.14801862675025126,154.84296095848373,1402,1402,2804,0.11044433734556613,165,0.165,9,0.1531942892814537,151.8433076915008
nag,50,0.31303210420298816,0.2926707405653416,313.03210420298814,2878,2878,5756,0.10876723565079505,877,0.877,9,0.2884712595129271,832.8036602866446
nag,50,0.3106934189031825,0.2868625103314159,310.69341890318253,2808,2808,5616,0.11064580445270034,770,0.77,9,0.2738494560114081,739.370083855145
nag,50,0.4648927365303705,0.4286152561691994,464.8927365303705,4182,4181,8363,0.11119175712278653,1842,1.842,9,0.3761368834384306,1804.5709430793368
nag,50,0.09983858726882644,0.09634190796288737,99.83858726882644,925,925,1850,0.10793360785819076,66,0.066,9,0.0887232918328601,59.95404148024789
nag,50,0.20922117988162808,0.19788577017692585,209.22117988162807,1848,1847,3695,0.11327622083466599,314,0.314,9,0.21524982572024962,269.7517806300526
nag,50,0.1536937058342965,0.1463397453588538,153.6937058342965,1400,1400,2800,0.10978121845306893,193,0.193,9,0.19095246841540325,177.88972023745308
nag,50,0.3548031384619194,0.3404530631589756,354.8031384619194,3329,3329,6658,0.10657949488192231,1060,1.06,9,0.31688258958610993,1140.6221036511151
nag,50,0.16707582359248316,0.1587432710985574,167.07582359248315,1428,1428,2856,0.11699987646532434,204,0.204,9,0.1711287458953528,193.60394420419573
nag,50,0.21216974476742018,0.20026354839727747,212.16974476742018,1888,1888,3776,0.11237804277935391,398,0.398,9,0.2557449459048842,465.94746671338913
nag,50,0.3707513287971503,0.3449149467587224,370.7513287971503,3304,3304,6608,0.11221287191197042,1057,1.057,9,0.27264503048134964,1030.7120544487007
nag,50,0.46152620163751806,0.4384716046187722,461.52620163751806,4131,4131,8262,0.11172263414125347,1713,1.713,9,0.48982318452672613,1750.7114959260264
nag,50,0.31117046881081295,0.29864104414714965,311.17046881081296,2853,2853,5706,0.10906781241178162,802,0.802,9,0.37980487536715196,984.7323241931233
nag,50,0.3095352457303097,0.29686553685207523,309.5352457303097,2782,2782,5564,0.11126356783979502,804,0.804,9,0.2942769628052544,758.263014058674
nag,50,0.21505797319016343,0.20504644400513353,215.05797319016344,1892,1892,3784,0.11366700485738025,377,0.377,9,0.2306926973119402,395.8387497164868
nag,50,0.15922220596266426,0.14952472017126256,159.22220596266425,1392,1392,2784,0.11438376865133926,159,0.159,9,0.14959259493252655,125.29177656713867
nag,50,0.2053585577537687,0.1946852018796552,205.3585577537687,1855,1855,3710,0.11070542196968663,346,0.346,9,0.13877682422362428,365.97521327455064
nag,50,0.4115333060132434,0.3874807525132625,411.5333060132434,3692,3690,7382,0.11152664119600092,1333,1.333,9,0.3951240482359719,1362.1049165150894
nag,50,0.3683049031238726,0.34762521074702046,368.3049031238726,3352,3351,6703,0.10990895348369817,1106,1.106,9,0.37335719602896406,1011.3763962254417
nag,50,0.15843976891898456,0.14966374985783526,158.43976891898456,1389,1389,2778,0.1140675082210112,193,0.193,9,0.16305619009487946,213.52510516172808
nag,50,0.10867215537325031,0.10392749042775858,108.6721553732503,937,937,1874,0.11597882110272177,82,0.082,9,0.10804202900803196,82.17255867648167
nag,50,0.16277454676955155,0.15061065126569498,162.77454676955156,1430,1430,2860,0.11382835438430179,219,0.219,9,0.17081561217547958,196.56969710189432
nag,50,0.3673027645762288,0.35105358770723455,367.3027645762288,3309,3309,6618,0.11100113767791744,1158,1.158,9,0.39381618704211185,897.6269708173518
nag,50,0.30546432924884176,0.28779247626467036,305.46432924884175,2857,2857,5714,0.10691786113015112,816,0.816,9,0.24642486203741348,753.0342989391064
nag,50,0.162592388690077,0.15022714675448007,162.592388690077,1467,1467,2934,0.11083325745744854,185,0.185,9,0.18798600821344108,201.83573034754707
nag,50,0.20737924203919703,0.19980878539039662,207.37924203919704,1926,1926,3852,0.10767354207642629,372,0.372,9,0.26521550396308713,292.51466419702797
nag,50,0.054113306191731256,0.05118505628473119,54.113306191731255,460,460,920,0.11763762215593751,14,0.014,9,0.049229150927933056,12.46395878612515
nag,50,0.2615826568561231,0.2482464908127102,261.5826568561231,2347,2347,4694,0.11145405064172266,592,0.592,9,0.23912416363329825,660.0816696765222
nag,50,0.3093313434177975,0.29633274482942773,309.3313434177975,2828,2828,5656,0.10938166316046587,805,0.805,9,0.3235325752085049,857.1714767475281
nag,50,0.16348351280314558,0.15489837037538015,163.48351280314557,1471,1469,2940,0.11128898080540883,229,0.229,9,0.17692165512233662,191.73298075287306
nag,50,0.1552423783843453,0.1464395879837005,155.2423783843453,1409,1408,2817,0.11025737101160887,194,0.194,9,0.16869734864582583,219.1097339828401
nag,50,0.2077891405712223,0.19761592436728675,207.7891405712223,1877,1877,3754,0.1107027919931925,306,0.306,9,0.17346161023584727,308.33232555670037
nag,50,0.10334989222141246,0.10054900235375146,103.34989222141246,951,951,1902,0.10867496553250522,55,0.055,9,0.06828648539461143,53.23430040843274
nag,50,0.5014071806662354,0.46736383573810636,501.4071806662354,4681,4681,9362,0.10711539856146879,2171,2.171,9,0.5019396354896867,2232.5077831995236
nag,50,0.25997350318715623,0.2531663786658387,259.9735031871562,2387,2387,4774,0.10891223426357613,560,0.56,9,0.3115685082265586,559.2215212223566
nag,50,0.326137752571478,0.30375519078991814,326.13775257147796,2856,2856,5712,0.11419389095639984,859,0.859,9,0.27927281381636193,956.8915418218983
nag,50,0.4709181527745103,0.4448578939273168,470.9181527745103,4194,4194,8388,0.11228377510121848,1878,1.878,9,0.467194876787116,1494.6600380550174
nag,50,0.2534551459210027,0.2406485769905565,253.45514592100272,2346,2346,4692,0.1080371465988929,542,0.542,9,0.19423886077622488,567.8001785054448
nag,50,0.2479156587278467,0.23375266305151968,247.9156587278467,2248,2248,4496,0.1102827663380101,491,0.491,9,0.22431511995997766,450.8632031027929
nag,50,0.263849418815816,0.25224019792169106,263.84941881581597,2343,2342,4685,0.11265987139872587,541,0.541,9,0.25304023994979574,536.5435115602759
nag,50,0.3132092175137103,0.3059274576664032,313.20921751371026,2807,2807,5614,0.1115814811235163,817,0.817,9,0.2632495552274114,833.8816893620215
nag,50,0.15544172729047454,0.14654201806362124,155.44172729047455,1382,1382,2764,0.11247592423333903,187,0.187,9,0.11718243732165458,209.83879621169478
nag,50,0.30907651365923017,0.2927502210137684,309.07651365923016,2739,2739,5478,0.1128428308357905,678,0.678,9,0.2789745728724966,705.9677576859841
nag,50,0.2546362418201783,0.24017818486582285,254.63624182017833,2341,2341,4682,0.10877242281938417,526,0.526,9,0.23746462473743973,597.5024584633302
nag,50,0.160263799080175,0.15117313385463263,160.26379908017498,1425,1425,2850,0.11246582391591227,176,0.176,9,0.15663383357295016,217.91980211719408
nag,50,0.4262357183671555,0.4057955308260218,426.2357183671555,3782,3782,7564,0.1127011418210353,1418,1.418,9,0.378146876653746,1362.0311683526036
nag,50,0.369834429943259,0.3464274877870731,369.834429943259,3284,3284,6568,0.11261706149307521,1080,1.08,9,0.22473434201732548,896.3795789808344
nag,50,0.20993881322458804,0.1992791639549775,209.93881322458805,1832,1832,3664,0.11459542206582317,345,0.345,9,0.21887227267972942,301.66567256634943
nag,50,0.24716425580121915,0.2401637806834455,247.16425580121916,2317,2317,4634,0.10667425800656848,528,0.528,9,0.1666693235444072,455.4377161593135
nag,50,0.31096038879545607,0.29423228020778536,310.9603887954561,2818,2818,5636,0.11034790234047412,733,0.733,9,0.24570382006094998,759.1156852540499
nag,50,0.3194485780365681,0.30133071204277934,319.4485780365681,2903,2903,5806,0.11004084672289635,737,0.737,9,0.26052562557164227,564.7954379128275
nag,50,0.4794172825471061,0.44981203146831916,479.4172825471061,4245,4245,8490,0.1129369334622158,1793,1.793,9,0.49481788873190896,2038.666580952369
nag,50,0.2684179035460406,0.2555079196361395,268.41790354604063,2380,2380,4760,0.11278063174203388,496,0.496,9,0.3327787948922018,433.36933803033406
nag,50,0.10898488457059438,0.1032833110998749,108.98488457059437,976,976,1952,0.11166484074855981,75,0.075,9,0.12398596422814234,65.25446879232511
nag,50,0.10355552857940614,0.09772196096523768,103.55552857940614,947,947,1894,0.1093511389434067,71,0.071,9,0.07493970508982249,50.196814827914814
nag,50,0.19715294673602107,0.18507815748125486,197.15294673602108,1821,1821,3642,0.10826630792752392,299,0.299,9,0.19311958478004554,301.25113460759536
nag,50,0.22625762855809284,0.2096160868929859,226.25762855809285,1972,1971,3943,0.11479331738107197,384,0.384,9,0.20264044585208185,417.923244178314
nag,50,0.41275288594927334,0.4044583339827375,412.7528859492733,3727,3726,7453,0.11077640524671856,1494,1.494,9,0.40430468541902975,1637.428932008478
nag,50,0.23918944823165858,0.22403308867434732,239.1894482316586,2265,2265,4530,0.10560240540029077,519,0.519,9,0.1896027010735439,496.5896274479307
nag,50,0.15585446192796934,0.14836069970180205,155.85446192796934,1414,1414,2828,0.11022239174538143,175,0.175,9,0.17702125224519127,158.5820779660147
nag,50,0.2641381620290625,0.24716402368914794,264.13816202906247,2351,2351,4702,0.11235140877459059,591,0.591,9,0.27187993529071675,578.5454720749909
nag,50,0.2563395274429765,0.24175005235154365,256.3395274429765,2316,2316,4632,0.11068200666795185,560,0.56,9,0.2526693018120607,494.0157324390594
nag,50,0.3133211975187397,0.29842040056774727,313.3211975187397,2820,2820,5640,0.11110680763075877,801,0.801,9,0.30667371519886605,896.383838912672
nag,50,0.15401361187217702,0.14267862258633743,154.01361187217702,1350,1350,2700,0.11408415694235335,178,0.178,9,0.1602680421936685,142.02938052485786
nag,50,0.3087656821434997,0.294121459535987,308.7656821434997,2777,2777,5554,0.11118677786946335,776,0.776,9,0.28005623410673225,569.3449121098445
nag,50,0.25781675085223305,0.2464251666402923,257.81675085223304,2374,2374,4748,0.10860014778948317,511,0.511,9,0.2446988794266434,538.2761819675693
nag,50,0.3161525109951709,0.29667972100407397,316.15251099517087,2862,2860,5722,0.1105428360122975,822,0.822,9,0.3481299451812353,819.6990814492827
nag,50,0.15756855917568485,0.14821753581851,157.56855917568484,1408,1408,2816,0.11190948805091253,192,0.192,9,0.12922514846506106,216.97197232049763
nag,50,0.36978303169833043,0.349848690298788,369.78303169833043,3314,3313,6627,0.11161576568014803,1065,1.065,9,0.3959952134155783,942.5659582427397
nag,50,0.30735407240576934,0.28918399259951705,307.35407240576933,2799,2799,5598,0.10980852890524091,774,0.774,9,0.2754613740041896,773.1573569545732
nag,50,0.25742008088474005,0.2477095435289457,257.42008088474006,2341,2341,4682,0.10996158944243488,518,0.518,9,0.20544258035383808,507.42809652326844
nag,50,0.3640558386050374,0.3460147223134722,364.05583860503737,3333,3333,6666,0.1092276743489461,1029,1.029,9,0.4176697306383346,995.6775300398203
nag,50,0.1533300827686092,0.1465520207969184,153.3300827686092,1372,1372,2744,0.11175662009373849,194,0.194,9,0.13382866433083823,168.09889275375295
nag,50,0.2717908920135182,0.2534125970114537,271.7908920135182,2428,2428,4856,0.11194023559041112,475,0.475,9,0.21966412881626166,481.1802597017605
nag,50,0.32380735293998525,0.3088761914436557,323.80735293998526,2878,2878,5756,0.11251124146629092,919,0.919,9,0.3076203843956302,991.461852216994
nag,50,0.2820027060605244,0.26736729075749854,282.0027060605244,2448,2448,4896,0.11519718384825343,657,0.657,9,0.2600056813892017,665.5420258897952
nag,50,0.3642708590802224,0.3425273496968333,364.2708590802224,3269,3269,6538,0.11143189326406314,997,0.997,9,0.40339976235188857,936.8856437317262
nag,50,0.2517445259941098,0.23646898975099975,251.7445259941098,2312,2311,4623,0.1089331570723106,459,0.459,9,0.24844361332539217,540.0562205031545
nag,50,0.21280369021846451,0.19884218081246552,212.8036902184645,1875,1875,3750,0.11349530144984774,330,0.33,9,0.14865094169990986,374.184500577782
nag,50,0.25822578653681105,0.24212304116028982,258.22578653681103,2292,2292,4584,0.11266395573159295,542,0.542,9,0.2685217696891398,465.2879505033167
nag,50,0.4644033817763243,0.42611995919376827,464.4033817763243,4213,4213,8426,0.11023104243444679,1757,1.757,9,0.38677631641596066,1280.2028586163494
nag,50,0.15146994408641887,0.14445930043597494,151.46994408641888,1379,1379,2758,0.10984042355795423,165,0.165,9,0.10782159633552822,178.3498006901751
nag,50,0.0534602782040411,0.05060227685838763,53.4602782040411,487,487,974,0.10977469857092628,18,0.018,9,0.0423867268039602,16.429280626520608
nag,50,0.14759474048685775,0.13945286111074182,147.59474048685775,1386,1386,2772,0.10648971175097961,179,0.179,9,0.15099715895232796,229.69411686960237
nag,50,0.04657447669589997,0.04440529481640304,46.574476695899975,454,454,908,0.10258695307466954,7,0.007,9,0.04565802394919938,7.166514093447007
nag,50,0.3654835994511842,0.3388277053044143,365.4835994511842,3239,3238,6477,0.11287325492624589,1070,1.07,9,0.275160041348975,778.0453990395027
nag,50,0.422294685137828,0.39831009979450893,422.29468513782797,3768,3768,7536,0.1120739610238397,1519,1.519,9,0.45700255330201905,1757.1410789490494
nag,50,0.3163263147620662,0.30083208439610976,316.3263147620662,2817,2816,5633,0.11233178791266556,777,0.777,9,0.2667764293085227,717.4910919018818
nag,50,0.0,0.0,0.0,0,0,0,,0,0.0,9,0.0,0.0
nag,50,0.2730621956209185,0.2541250790865152,273.0621956209185,2421,2420,4841,0.11283561802517293,549,0.549,9,0.20304815491845685,456.33267695021664
nag,50,0.38040090585886116,0.3583839093821341,380.40090585886117,3365,3365,6730,0.11304633160738817,1130,1.13,9,0.2585870401836664,1038.4196719519987
nag,50,0.16074279577749515,0.14934560651839496,160.74279577749513,1396,1396,2792,0.11514526918158677,181,0.181,9,0.15400921452775107,150.2902164478005
nag,50,0.05542007301886076,0.0523486885254449,55.42007301886076,455,455,910,0.12180235828321047,13,0.013,9,0.059959256100193606,11.74789978752557
nag,50,0.15468769229614546,0.14499529842847403,154.68769229614546,1370,1370,2740,0.1129107243037558,175,0.175,9,0.15556385971672762,175.99228987410916
nag,50,0.3893234303579988,0.3676605232989837,389.3234303579988,3676,3676,7352,0.10590952947714875,1313,1.313,9,0.33513409707402814,903.3550010897789
nag,50,0.42732718237778383,0.39374967230708113,427.32718237778386,3841,3838,7679,0.11134111057263779,1422,1.422,9,0.3538316325568741,1319.8750680087273
nag,50,0.21817979389369907,0.2073530969471397,218.17979389369907,1946,1946,3892,0.11211705749933149,389,0.389,9,0.17866035189166507,414.57385837298
nag,50,0.30846085213526764,0.2872617948190102,308.46085213526766,2763,2762,5525,0.11168025059205926,807,0.807,9,0.2329230927590409,696.8400483334334
nag,50,0.36469015880565986,0.33662850419038665,364.69015880565985,3360,3360,6720,0.10853873773977972,1061,1.061,9,0.4067546548848752,1222.2517946524065
nag,50,0.09842523843856717,0.09421166325904523,98.42523843856716,942,942,1884,0.10448539112374433,60,0.06,9,0.09133318348729956,61.88857826025722
nag,50,0.37327067930572916,0.3543971839271553,373.2706793057292,3276,3275,6551,0.11397577994068066,1016,1.016,9,0.3993550499829808,1038.734176846786
nag,50,0.3654100987845794,0.34335333978175087,365.4100987845794,3245,3245,6490,0.112607118269516,1073,1.073,9,0.3256807779381078,930.1975978626696
nag,50,0.2140270107343776,0.20409895730859803,214.0270107343776,1926,1926,3852,0.11112513537610468,347,0.347,9,0.23722742972127472,245.91587212559634
nag,50,0.30942075217418746,0.29576446819715013,309.42075217418744,2837,2837,5674,0.10906617982875835,859,0.859,9,0.24791715076600926,1136.0103975803434
nag,50,0.16076105668929816,0.15220096226543917,160.76105668929816,1411,1410,2821,0.11401493382219728,168,0.168,9,0.14869159362601453,179.54200096443043
nag,50,0.45724364853755783,0.4206133579771287,457.2436485375578,4095,4095,8190,0.11165901063188224,1743,1.743,9,0.43708836598818956,1664.7175478618478
nag,50,0.42696630169817035,0.40428178130672626,426.96630169817035,3795,3795,7590,0.11250758938028205,1432,1.432,9,0.40429017396211303,1379.4460748233023
nag,50,0.15590177275704462,0.14890304829288042,155.90177275704463,1355,1355,2710,0.11505665886128755,154,0.154,9,0.12281639793187403,201.84271982953726
nag,50,0.5254879586785864,0.488039339064009,525.4879586785864,4691,4691,9382,0.11202045591101821,2326,2.326,9,0.47027209908689066,2256.9989419034846
nag,50,0.20235436862436668,0.18595582332348493,202.35436862436669,1825,1825,3650,0.11087910609554338,356,0.356,9,0.2417551902107496,371.57569855133664
nag,50,0.2612267010880371,0.2424694690431754,261.2267010880371,2368,2368,4736,0.11031532985136701,565,0.565,9,0.21246359307740692,642.0543682426716
nag,50,0.2025650972813977,0.19582353336119265,202.5650972813977,1852,1852,3704,0.10937640241976118,361,0.361,9,0.22969028437611055,400.90730480050064
nag,50,0.4805347807336788,0.45319701140814295,480.53478073367876,4246,4246,8492,0.11317352348885511,1908,1.908,9,0.43935163790839044,2369.5131778189766
nag,50,0.25461560039388526,0.23617695485080895,254.61560039388525,2312,2312,4624,0.11012785484164586,538,0.538,9,0.23416216207614748,568.5035251514162
nag,50,0.3754014164337008,0.350746646830288,375.4014164337008,3342,3341,6683,0.1123619923477105,1129,1.129,9,0.4056396156963424,1026.610816230414
nag,50,0.3081039296348771,0.2875667105204358,308.1039296348771,2824,2824,5648,0.10910195808600463,766,0.766,9,0.29541522737597853,882.237972670968
nag,50,0.36341570802900136,0.343949359523127,363.41570802900134,3196,3196,6392,0.11370954569117689,999,0.999,9,0.37112861191387186,678.3669189020143
nag,50,0.3693216780590411,0.3435982908203455,369.3216780590411,3381,3380,6761,0.10926676865652105,1081,1.081,9,0.32297114851816583,886.5429127814235
nag,50,0.051770314935657785,0.0490901494271206,51.77031493565779,445,445,890,0.11633778637226469,9,0.009,9,0.03458605769082786,8.036857462588356
nag,50,0.15916062900196473,0.15216975236088162,159.16062900196474,1408,1408,2816,0.11304021946162268,196,0.196,9,0.11689862253914629,174.47722294302767
nag,50,0.4308166097265218,0.3997357065464115,430.8166097265218,3775,3774,7549,0.11415384465461627,1520,1.52,9,0.47625899861584337,1289.9047091990014
nag,50,0.472536338756544,0.448566234498948,472.536338756544,4195,4195,8390,0.11264275059750752,1927,1.927,9,0.3378740422357312,1747.1517686036236
nag,50,0.1662367693105154,0.15433481859903128,166.2367693105154,1423,1423,2846,0.1168213417501865,191,0.191,9,0.18564143850262033,200.72350227405556
nag,50,0.21247938588643667,0.20094124088422746,212.47938588643666,1933,1933,3866,0.10992208271414208,352,0.352,9,0.2007840564439919,408.395874316874
nag,50,0.21386613458943188,0.20102045438819088,213.86613458943188,1864,1864,3728,0.11473505074540337,361,0.361,9,0.21088125926221646,366.36175927415286
nag,50,0.20705023562158845,0.19432197785553115,207.05023562158846,1877,1876,3753,0.11036792943581475,340,0.34,9,0.21552604066825326,323.1101926119933
nag,50,0.358096452116549,0.33984351763673604,358.096452116549,3208,3207,6415,0.1116608831046302,1009,1.009,9,0.3019960100117025,951.3633769814071
nag,50,0.30535940440009074,0.2863615123010257,305.35940440009074,2807,2807,5614,0.1087849677235806,746,0.746,9,0.23216701033494508,750.8516769076263
nag,50,0.21688260965257786,0.20355493399022437,216.88260965257786,1955,1955,3910,0.1109373962417278,361,0.361,9,0.17363967066122504,281.00513525933155
nag,50,0.3143343890255841,0.2961277921524064,314.3343890255841,2853,2852,5705,0.11021542392201406,882,0.882,9,0.28363110520836604,716.0236847608064
nag,50,0.2113598961515242,0.19919691594006442,211.3598961515242,1919,1918,3837,0.11019806890069041,340,0.34,9,0.22602574528546435,276.20960864074215
nag,50,0.3654809660835939,0.3459343787425381,365.4809660835939,3344,3344,6688,0.109294547273802,1066,1.066,9,0.36159794780876064,1121.4915097985076
nag,50,0.6732770610745897,0.6323765050469226,673.2770610745897,5995,5995,11990,0.11230643220593657,3765,3.765,9,0.7400885707180173,4133.881758361547
nag,50,0.5181832416032762,0.4924865780861733,518.1832416032762,4685,4684,9369,0.11062836071803506,2316,2.316,9,0.5131519037982085,2388.3127737960917
nag,50,0.19478294081490813,0.18530427686259276,194.78294081490813,1833,1833,3666,0.10626456127381785,287,0.287,9,0.16398269466621201,336.32016536210614
nag,50,0.36759457198136986,0.34818766697177067,367.5945719813699,3342,3342,6684,0.1099923913768312,1158,1.158,9,0.17695717744118059,1422.4872727293111
nag,50,0.3185976935671551,0.30682977670207423,318.5976935671551,2861,2861,5722,0.11135885828981304,910,0.91,9,0.3393012141548955,726.3359409032877
nag,50,0.16307673482908402,0.1565514685924448,163.07673482908402,1426,1426,2852,0.11435956159122301,188,0.188,9,0.1440450249141949,174.41436957945496
nag,50,0.3667973088641157,0.3493068623795301,366.79730886411573,3333,3333,6666,0.11005019767900262,1130,1.13,9,0.31985336018678123,873.0285327009476
nag,50,0.14909236328387374,0.14016571872184821,149.09236328387374,1401,1401,2802,0.10641853196564864,148,0.148,9,0.16807920807829435,157.43169795139693
nag,50,0.46561186185471515,0.4443056125846606,465.61186185471513,4234,4232,8466,0.11002170648740905,1900,1.9,9,0.46687536149644077,1553.83424829461
nag,50,0.27244139901439585,0.2561273657090929,272.44139901439587,2354,2354,4708,0.11573551359999824,575,0.575,9,0.2786902216123266,489.4472180530556
nag,50,0.3237809810543388,0.3110853002313976,323.7809810543388,2901,2901,5802,0.11161012790566659,934,0.934,9,0.3406476149057503,641.4538599919701
nag,50,0.20158774814177435,0.19002195061296845,201.58774814177434,1794,1794,3588,0.11236775258738815,317,0.317,9,0.144188308300721,314.6713639752054
nag,50,0.30653511926476446,0.2879685346281706,306.53511926476443,2786,2785,5571,0.11006647011302134,762,0.762,9,0.3003847481329766,758.3528819856965
nag,50,0.0,0.0,0.0,0,0,0,,0,0.0,9,0.0,0.0
nag,50,0.3061612676512085,0.2869546475412998,306.1612676512085,2756,2756,5512,0.11108899406792762,764,0.764,9,0.2368234866350149,699.3898995662478
nag,50,0.1676550459690535,0.15751910353999982,167.6550459690535,1481,1481,2962,0.1132039473119875,192,0.192,9,0.15147278584693286,183.1627959870151
nag,50,0.10014212756534811,0.09418367240883364,100.14212756534812,946,946,1892,0.10585848579846524,69,0.069,9,0.1219252659697919,82.89623932092364
nag,50,0.2675072061159177,0.2578238335782181,267.5072061159177,2400,2399,4799,0.11150779746390901,626,0.626,9,0.20401516918941096,411.0787657256663
nag,50,0.36507889188744763,0.34337032205236356,365.07889188744764,3297,3297,6594,0.1107306314490287,1177,1.177,9,0.2980616531971565,1059.4148886482574
nag,50,0.15474231321204712,0.1460869346099457,154.74231321204712,1392,1392,2784,0.11116545489371202,179,0.179,9,0.1900185654902294,230.54730186082534
nag,50,0.42433953519766104,0.39379765176209186,424.33953519766106,3767,3767,7534,0.1126465450484898,1459,1.459,9,0.326799740906017,1618.9226694152217
nag,50,0.3242736252650321,0.30841725910043183,324.27362526503214,2879,2879,5758,0.11263411784127549,903,0.903,9,0.2852256482684396,919.7807939584025
nag,50,0.26052834393347635,0.2486118891221679,260.5283439334763,2395,2395,4790,0.10878010185113834,611,0.611,9,0.294375120595297,641.8713720433403
nag,50,0.3253930551447911,0.31091378908553235,325.3930551447911,2910,2909,5819,0.11185735824846721,854,0.854,9,0.25326200668705795,1038.0154648863688
nag,50,0.10685168117255854,0.10257181073625285,106.85168117255854,945,945,1890,0.11307056208736353,72,0.072,9,0.09772891656173668,54.914273025242245
nag,50,0.1621081607389644,0.15076223226645646,162.1081607389644,1434,1434,2868,0.11304613719593054,184,0.184,9,0.14504917058629138,171.73026989715004
nag,50,0.4201762929278907,0.40019150373294315,420.1762929278907,3730,3729,7459,0.11267800829388326,1464,1.464,9,0.41750901260916146,1480.7108411740899
nag,50,0.0,0.0,0.0,0,0,0,,0,0.0,9,0.0,0.0
nag,50,0.10255973065958839,0.09766175031417688,102.55973065958838,912,912,1824,0.11245584502147848,63,0.063,9,0.09576714954838274,65.82125103977313
nag,50,0.11005840069078593,0.1025953939606711,110.05840069078593,995,995,1990,0.11061145798068937,94,0.094,9,0.11331228120863045,86.83503195322325
nag,50,0.3162093682324542,0.29766049555820084,316.2093682324542,2863,2862,5725,0.11048545361022159,775,0.775,9,0.24829049858839186,673.5250727081668
nag,50,0.3118438387369762,0.2925121722387002,311.8438387369762,2816,2816,5632,0.11073999955148302,768,0.768,9,0.30126347750561616,752.2999878368707
nag,50,0.25057277285635,0.2362070455633269,250.57277285635,2310,2309,4619,0.1085200402149632,524,0.524,9,0.2433661753718242,535.1463311801807
nag,50,0.20202340530184143,0.19356275892432082,202.02340530184142,1920,1920,3840,0.10522052359470907,348,0.348,9,0.19451657312120843,332.33160979123363
nag,50,0.1065307153761705,0.09973051313394503,106.53071537617049,957,957,1914,0.11131736193957209,74,0.074,9,0.10398446701899042,70.76019039691452
nag,50,0.5876642918852102,0.5490478501166227,587.6642918852102,5241,5241,10482,0.11212827549803668,2852,2.852,9,0.589335278495428,2561.3522814125995
nag,50,0.20887784533497258,0.19849142968679842,208.8778453349726,1914,1914,3828,0.10913158063478191,357,0.357,9,0.16205575545386072,397.340485372426
nag,50,0.251337303461016,0.2369532890044609,251.33730346101603,2332,2332,4664,0.10777757438293999,496,0.496,9,0.2600245910145825,424.7468170190385
nag,50,0.27435941255228047,0.25602472461749753,274.35941255228045,2432,2432,4864,0.11281225845077321,535,0.535,9,0.2356404524023769,502.8125986459597
nag,50,0.36681859496887764,0.3449190257021705,366.8185949688776,3329,3329,6658,0.11018882396181365,1081,1.081,9,0.264320639955765,1171.5107199794338
nag,50,0.37102817228985907,0.3514861299686764,371.02817228985907,3311,3310,6621,0.11209310341083356,1160,1.16,9,0.3172209586159777,1141.0701022727064
nag,50,0.47352646449224645,0.44109552706604344,473.5264644922464,4227,4227,8454,0.11202424047604599,1746,1.746,9,0.5163059329433296,1550.200864698808
nag,50,0.20883620485718557,0.19392480881735424,208.83620485718558,1926,1926,3852,0.1084300129061192,392,0.392,9,0.1623779638980987,413.2965966206597
nag,50,0.15569114766051423,0.14805986253825304,155.69114766051422,1372,1372,2744,0.11347751287209491,168,0.168,9,0.17507383863948311,176.47206123692533
bg,50,0.0010412137417508802,0.0010401296156948693,1.0412137417508802,19,19,38,0.054800723250046326,0,0.0,9,0.0011430026374104685,0.0
bg,50,0.0009110107370826661,0.0009101807965195861,0.9110107370826661,25,25,50,0.03644042948330664,0,0.0,9,0.001091663633457,0.0
bg,50,0.0006811144332487516,0.0006806505163775719,0.6811144332487515,21,21,42,0.03243402063089293,0,0.0,9,0.0008051141158721308,0.0
bg,50,0.0009580398999151889,0.0009571220594653594,0.9580398999151889,27,27,54,0.03548295925611811,0,0.0,9,0.0008614290642217197,0.0
bg,50,0.0007204887331405701,0.0007199696291259875,0.72048873314057,26,26,52,0.027711105120791155,0,0.0,9,0.0005596338371217449,0.0
bg,50,0.0006290337755155093,0.0006286380920247701,0.6290337755155093,26,26,52,0.02419360675059651,0,0.0,9,0.0005597764103363392,0.0
bg,50,0.0010174668527795916,0.0010164316139830863,1.0174668527795916,27,27,54,0.03768395751035524,0,0.0,9,0.001121595033243477,0.0
bg,50,0.001416916458622156,0.0014149088063714413,1.4169164586221559,35,35,70,0.04048332738920445,0,0.0,9,0.0017699910451540357,0.0
bg,50,0.001175851298649441,0.0011744686723729055,1.175851298649441,29,29,58,0.04054659650515314,0,0.0,9,0.0013996457338407602,0.0
bg,50,0.0007955749317146399,0.000794941992242667,0.7955749317146399,17,17,34,0.046798525394978814,0,0.0,9,0.0010470531272470344,0.0
bg,50,0.0009817135407263428,0.0009807497792502977,0.9817135407263429,25,25,50,0.039268541629053716,0,0.0,9,0.0005552356097513907,0.0
bg,50,0.0006353771752084753,0.0006349734710536993,0.6353771752084754,27,27,54,0.023532487970684274,0,0.0,9,0.0006740733745618258,0.0
bg,50,0.000484132818753146,0.0004838984341669521,0.48413281875314595,22,22,44,0.02200603721605209,0,0.0,9,0.0005207932621633944,0.0
bg,50,0.0006068026791488599,0.0006064344696574377,0.6068026791488599,22,22,44,0.02758193996131181,0,0.0,9,0.0005737612904630771,0.0
bg,50,0.0008960674042694379,0.0008952644674764438,0.8960674042694379,30,30,60,0.029868913475647928,0,0.0,9,0.0010530045074044908,0.0
bg,50,0.000757493058066757,0.0007569192623337377,0.7574930580667569,24,24,48,0.03156221075278154,0,0.0,9,0.0007120999928226434,0.0
bg,50,0.001071698885958078,0.0010705503474559145,1.071698885958078,29,29,58,0.036955133998554414,0,0.0,9,0.0008631025215270103,0.0
bg,50,0.0009620537702521901,0.0009611282227953336,0.9620537702521901,25,25,50,0.0384821508100876,0,0.0,9,0.0010594832658068667,0.0
bg,50,0.0005215325517420362,0.0005212605555395095,0.5215325517420362,12,12,24,0.04346104597850301,0,0.0,9,0.0006702422047088812,0.0
bg,50,0.0008272731208704442,0.0008265887400539293,0.8272731208704442,33,33,66,0.02506888245061952,0,0.0,9,0.0009042630109745385,0.0
bg,50,0.0007023713154125489,0.0007018779899478346,0.7023713154125488,24,24,48,0.02926547147552287,0,0.0,9,0.0006073263078602846,0.0
bg,50,0.0009387969076768599,0.0009379155680429963,0.9387969076768599,28,28,56,0.03352846098845928,0,0.0,9,0.0008052509449077899,0.0
bg,50,0.0005533359862868003,0.0005530298055730804,0.5533359862868004,20,20,40,0.027666799314340018,0,0.0,9,0.0005325903001346342,0.0
bg,50,0.0007321205962178041,0.0007315845956503977,0.7321205962178041,21,21,42,0.03486288553418115,0,0.0,9,0.0006624839418334852,0.0
bg,50,0.001197469509278136,0.0011960355760524853,1.197469509278136,28,28,56,0.042766768188504854,0,0.0,9,0.0011506236867336885,0.0
bg,50,0.0010089702328559724,0.001007952211925183,1.0089702328559724,30,30,60,0.03363234109519908,1,0.001,9,0.0006025741524177899,1.1916185903010708
bg,50,0.0009829197069351904,0.0009819535757849087,0.9829197069351903,33,33,66,0.029785445664702734,0,0.0,9,0.001372864100717301,0.0
bg,50,0.0007443588043953104,0.0007438047343656295,0.7443588043953104,21,21,42,0.03544565735215764,0,0.0,9,0.0006760080504577739,0.0
bg,50,0.0010681659318531897,0.001067024953395218,1.0681659318531898,24,24,48,0.04450691382721624,0,0.0,9,0.0011224466872473697,0.0
bg,50,0.0011179607127299888,0.0011167108765747808,1.1179607127299889,28,28,56,0.03992716831178532,0,0.0,9,0.0010691618361454804,0.0
bg,50,0.0012735455197957605,0.0012719236016047687,1.2735455197957606,26,26,52,0.04898251999214464,0,0.0,9,0.0013331588006373902,0.0
bg,50,0.0013001802091168635,0.0012984897405406844,1.3001802091168635,26,26,52,0.05000693111987937,0,0.0,9,0.001024221404420486,0.0
bg,50,0.0007682159445381345,0.0007676257888006917,0.7682159445381345,21,21,42,0.03658171164467307,0,0.0,9,0.0006524603772327228,0.0
bg,50,0.0008437702493264432,0.0008430583010927947,0.8437702493264432,28,28,56,0.030134651761658686,0,0.0,9,0.0007363636749530112,0.0
bg,50,0.0008093962297166613,0.0008087411074599818,0.8093962297166613,31,31,62,0.026109555797311654,0,0.0,9,0.00081881336067936,0.0
bg,50,0.0009389180261294854,0.0009380364590696944,0.9389180261294854,31,31,62,0.030287678262241463,0,0.0,9,0.0011390367938418947,0.0
bg,50,0.0006897190657484273,0.0006892433533587704,0.6897190657484273,31,31,62,0.02224900212091701,0,0.0,9,0.0005911380127515166,0.0
bg,50,0.0007300208025433079,0.0007294878721711618,0.7300208025433079,18,18,36,0.040556711252405994,0,0.0,9,0.0006406172539541122,0.0
bg,50,0.001099276717989787,0.0010980683086870724,1.0992767179897869,33,33,66,0.033311415696660206,0,0.0,9,0.000983481579298451,0.0
bg,50,0.0010225918338150261,0.001021546139756441,1.0225918338150262,27,27,54,0.037873771622778746,0,0.0,9,0.0011086234841561969,0.0
bg,50,0.000712124799011928,0.0007116176772825601,0.7121247990119279,27,27,54,0.02637499255599733,0,0.0,9,0.0006813823498828472,0.0
bg,50,0.001002404672808268,0.0010013998576802001,1.002404672808268,29,29,58,0.0345656783726989,0,0.0,9,0.000809437802342309,0.0
bg,50,0.00084585683060872,0.0008451413568308326,0.84585683060872,31,31,62,0.027285704213184516,0,0.0,9,0.0010528849709983638,0.0
bg,50,0.0005163342962243576,0.0005160676951189,0.5163342962243576,19,19,38,0.027175489274966186,0,0.0,9,0.0005098271439666549,0.0
bg,50,0.0006172622868238464,0.0006168812740931115,0.6172622868238464,19,19,38,0.032487488780202446,0,0.0,9,0.0006704357463002426,0.0
bg,50,0.00113714039992184,0.001135847311632706,1.1371403999218401,21,21,42,0.05414954285342096,0,0.0,9,0.001108454078482033,0.0
bg,50,0.0009028302046259569,0.0009020151022475719,0.9028302046259569,17,17,34,0.05310765909564452,0,0.0,9,0.000761441964429075,0.0
bg,50,0.0007833666892833833,0.0007827530259135045,0.7833666892833833,26,26,52,0.030129488049360893,0,0.0,9,0.0006659444562364275,0.0
bg,50,0.0006867725269209473,0.0006863008704172139,0.6867725269209473,22,22,44,0.03121693304186124,0,0.0,9,0.0006792995494889828,0.0
bg,50,0.0006434037660069034,0.0006429897976007916,0.6434037660069034,21,21,42,0.030638274571757305,0,0.0,9,0.0006431015209372364,0.0
bg,50,0.0007528502383639406,0.000752283454882536,0.7528502383639406,30,30,60,0.025095007945464688,0,0.0,9,0.0007074618296620366,0.0
bg,50,0.0007166896380439738,0.0007161759940066944,0.7166896380439738,25,25,50,0.02866758552175895,0,0.0,9,0.0005939837478601631,0.0
bg,50,0.00038513303024610934,0.00038498470279512277,0.38513303024610934,17,17,34,0.02265488413212408,0,0.0,9,0.000427342478326445,0.0
bg,50,0.0004741737924997693,0.00047394895171427577,0.4741737924997693,19,19,38,0.0249565153947247,0,0.0,9,0.0005383503713797326,0.0
bg,50,0.001104251375249003,0.0011030320041492637,1.104251375249003,29,29,58,0.03807763362927597,0,0.0,9,0.0010577229869357682,0.0
bg,50,0.0005126153679602794,0.0005123525934448103,0.5126153679602794,18,18,36,0.028478631553348857,0,0.0,9,0.0006011593770909939,0.0
bg,50,0.0012143737939893375,0.0012128990902778092,1.2143737939893375,33,33,66,0.036799205878464775,0,0.0,9,0.0010636789541225156,0.0
bg,50,0.0011329515600513923,0.0011316679808139696,1.1329515600513922,28,28,56,0.04046255571612115,0,0.0,9,0.0013054869858906929,0.0
bg,50,0.000659754928284503,0.0006593196517191073,0.659754928284503,26,26,52,0.025375189549403963,0,0.0,9,0.0007583475596753673,0.0
bg,50,0.0007328057837218722,0.0007322687794052159,0.7328057837218722,22,22,44,0.03330935380553965,0,0.0,9,0.0006529517295778803,0.0
bg,50,0.0007113064368460726,0.000710800479998974,0.7113064368460726,19,19,38,0.037437180886635404,0,0.0,9,0.0006101810809926774,0.0
bg,50,0.0006349181731216724,0.0006345150520351124,0.6349181731216724,18,18,36,0.035273231840092914,0,0.0,9,0.0007888667086137184,0.0
bg,50,0.000568481187368576,0.000568158016508184,0.568481187368576,31,31,62,0.01833810281834116,0,0.0,9,0.0004928700964066803,0.0
bg,50,0.0008703466940018564,0.0008695891906340967,0.8703466940018565,33,33,66,0.0263741422424805,0,0.0,9,0.0008198118703130616,0.0
bg,50,0.0009382335699847415,0.0009516774295708465,0.9382335699847415,33,33,66,0.028431320302567925,0,0.0,9,0.0009051490576437197,0.0
bg,50,0.0007161603463551529,0.0007156474607134614,0.7161603463551529,27,27,54,0.02652445727241307,0,0.0,9,0.0007957620570145091,0.0
bg,50,0.0009171754335819883,0.0009163342228060222,0.9171754335819884,27,27,54,0.033969460503036605,0,0.0,9,0.0009178219300547361,0.0
bg,50,0.0003399643186201331,0.00033984874288219826,0.3399643186201331,18,18,36,0.018886906590007396,0,0.0,9,0.00031154029883790377,0.0
bg,50,0.0007233157386238389,0.0007227925529660979,0.7233157386238389,19,19,38,0.03806924940125468,0,0.0,9,0.0007128426546349192,0.0
bg,50,0.001122408756128264,0.0011211489547124306,1.122408756128264,31,31,62,0.03620673406865368,0,0.0,9,0.0012066020568810565,0.0
bg,50,0.0007537635328893373,0.0007531953734258236,0.7537635328893373,28,28,56,0.02692012617461919,0,0.0,9,0.0007009913946585636,0.0
bg,50,0.000749654534990956,0.0007490925530691236,0.749654534990956,22,22,44,0.034075206135952545,0,0.0,9,0.0009423657394975484,0.0
bg,50,0.0013149891531089785,0.0013132599566361843,1.3149891531089786,29,29,58,0.04534445355548202,0,0.0,9,0.0019434153784785432,0.0
bg,50,0.0006395235352883333,0.0006391145449361454,0.6395235352883333,25,25,50,0.02558094141153333,0,0.0,9,0.0007618427079093362,0.0
bg,50,0.000845303062218079,0.0008445885249510839,0.845303062218079,29,29,58,0.02914838145579583,0,0.0,9,0.0007933877960496734,0.0
bg,50,0.0009508442069645042,0.0009499401022585862,0.9508442069645042,26,26,52,0.03657093103709631,0,0.0,9,0.0008194071521432594,0.0
bg,50,0.0008800737050480408,0.0008792991753217239,0.8800737050480407,26,26,52,0.03384898865569387,0,0.0,9,0.0006986023043771245,0.0
bg,50,0.0006858435116132569,0.0006853731302908351,0.6858435116132569,23,23,46,0.029819283113619862,0,0.0,9,0.0006022359744056571,0.0
bg,50,0.0009885535350328141,0.0009875762969411882,0.9885535350328141,22,22,44,0.04493425159240064,0,0.0,9,0.001213457508699962,0.0
bg,50,0.0006112658587363215,0.000610892212786265,0.6112658587363214,20,20,40,0.03056329293681607,0,0.0,9,0.0006650988989827535,0.0
bg,50,0.0008540870039325626,0.000853357539322276,0.8540870039325626,25,25,50,0.03416348015730251,0,0.0,9,0.0009403002400359285,0.0
bg,50,0.0004809498981495501,0.00048071858534502016,0.48094989814955014,21,21,42,0.02290237610235953,0,0.0,9,0.0004972113497584789,0.0
bg,50,0.0006862336716811512,0.0006857627550290022,0.6862336716811512,29,29,58,0.023663230057970733,0,0.0,9,0.0005996056119186042,0.0
bg,50,0.0011506572710108572,0.0011517914388506007,1.1506572710108571,32,32,64,0.035958039719089285,1,0.001,9,0.0014570915402165553,0.9807966813071719
bg,50,0.0007481739696994682,0.0007476142054105323,0.7481739696994681,26,26,52,0.028775921911518006,0,0.0,9,0.0005752121641473441,0.0
bg,50,0.000821642831258778,0.000820967734316619,0.821642831258778,27,27,54,0.030431215972547335,0,0.0,9,0.0008576009430193776,0.0
bg,50,0.000684761953632659,0.0006842930546995162,0.684761953632659,19,19,38,0.03604010282277153,0,0.0,9,0.0008297711810138611,0.0
bg,50,0.0006746478397138134,0.0006741926900061828,0.6746478397138134,20,20,40,0.03373239198569067,0,0.0,9,0.0005982268205199124,0.0
bg,50,0.0011165036655591755,0.0011152570851239683,1.1165036655591756,34,34,68,0.03283834310468164,0,0.0,9,0.0012430679674403254,0.0
bg,50,0.0005081081216622309,0.0005078499477989318,0.508108121662231,18,18,36,0.028228228981235053,0,0.0,9,0.000399273011575468,0.0
bg,50,0.0006808739881275088,0.0006804103987398001,0.6808739881275088,24,24,48,0.028369749505312864,0,0.0,9,0.000563968232049361,0.0
bg,50,0.0007663588643370218,0.0007657715584280738,0.7663588643370218,28,28,56,0.02736995944060792,1,0.001,9,0.0006914442960932442,0.9341405207009703
bg,50,0.0008340141362936392,0.0008333185567141015,0.8340141362936393,23,23,46,0.03626148418667997,0,0.0,9,0.0008787111857484273,0.0
bg,50,0.00035564255697448745,0.00035551607534615597,0.35564255697448743,15,15,30,0.023709503798299163,0,0.0,9,0.0004345239822604111,0.0
bg,50,0.0010480435791359497,0.0010469451837921814,1.0480435791359497,27,27,54,0.03881642885688703,0,0.0,9,0.0012373175618744297,0.0
bg,50,0.0011020799288188386,0.0011008653486493333,1.1020799288188385,25,25,50,0.044083197152753544,0,0.0,9,0.0013062632105645166,0.0
bg,50,0.0006281033840911423,0.0006277088702300354,0.6281033840911423,17,17,34,0.036947257887714254,0,0.0,9,0.0008077662443547665,0.0
bg,50,0.00044856990827898355,0.0004483686933163701,0.4485699082789836,19,19,38,0.023608942540999135,1,0.001,9,0.00030365979240272147,1.0489793614982537
bg,50,0.0012009269429098558,0.001199484717387649,1.200926942909856,44,44,88,0.02729379415704218,0,0.0,9,0.0015764054773099861,0.0
bg,50,0.0007261211798235139,0.0007255939278557255,0.7261211798235139,19,19,38,0.03821690420123757,0,0.0,9,0.0006278570817708037,0.0
bg,50,0.00039013136379964665,0.0003899791613186265,0.39013136379964664,18,18,36,0.021673964655535925,0,0.0,9,0.0003917196938515688,0.0
bg,50,0.0005651730481660664,0.0005648536275916931,0.5651730481660664,19,19,38,0.02974594990347718,0,0.0,9,0.0006943050597252384,0.0
bg,50,0.0006380027910627106,0.0006375957435013068,0.6380027910627106,20,20,40,0.03190013955313553,0,0.0,9,0.0006275726385205673,0.0
bg,50,0.0006310573777792463,0.0006306591443651965,0.6310573777792463,19,19,38,0.0332135461989077,0,0.0,9,0.0007010005945545951,0.0
bg,50,0.00099699077179773,0.0009959967811986803,0.99699077179773,27,27,54,0.036925584140656664,0,0.0,9,0.0009448921155164834,0.0
bg,50,0.0007777496636728465,0.0007771447691335034,0.7777496636728465,25,25,50,0.03110998654691386,0,0.0,9,0.0008737100257884382,0.0
bg,50,0.0013773187168257372,0.0013754217099780186,1.3773187168257373,37,37,74,0.037224830184479384,0,0.0,9,0.0014724028023670546,0.0
bg,50,0.0006490200343514339,0.0006485988073464444,0.6490200343514338,23,23,46,0.02821826236310582,0,0.0,9,0.0008036133719325585,0.0
bg,50,0.0005249004928501577,0.0005246249723227635,0.5249004928501577,17,17,34,0.03087649957942104,0,0.0,9,0.0005559171421381542,0.0
bg,50,0.0008253058659110622,0.0008246247361387551,0.8253058659110621,21,21,42,0.0393002793290982,0,0.0,9,0.0009511255902752984,0.0
bg,50,0.000609236892405299,0.0006088657228142313,0.6092368924052991,19,19,38,0.0320650996002789,0,0.0,9,0.0004874196394318354,0.0
bg,50,0.0006599050342728035,0.0006594695596185447,0.6599050342728034,17,17,34,0.03881794319251785,0,0.0,9,0.0004056740207617021,0.0
bg,50,0.0009758277522229477,0.0009748755124209392,0.9758277522229477,31,31,62,0.03147831458783702,0,0.0,9,0.0008645367806902375,0.0
bg,50,0.00083254083499412,0.0008318477107521872,0.8325408349941199,31,31,62,0.026856155967552257,0,0.0,9,0.000863236565828295,0.0
bg,50,0.001007167193807362,0.0010061528080510802,1.007167193807362,28,28,56,0.0359702569216915,2,0.002,9,0.001109629350851368,1.7810663464170022
bg,50,0.0010450692385243342,0.0010439770688110241,1.0450692385243343,28,28,56,0.037323901375869085,0,0.0,9,0.001134495027940261,0.0
bg,50,0.0005695939609489785,0.0005692695236686288,0.5695939609489784,21,21,42,0.02712352194995135,0,0.0,9,0.0006365823009269073,0.0
bg,50,0.0005199959337692021,0.0005197255379980659,0.5199959337692022,26,26,52,0.019999843606507774,0,0.0,9,0.0006581026326781286,0.0
bg,50,0.00093895751639554,0.0009380758751779443,0.9389575163955399,22,22,44,0.042679887108888176,0,0.0,9,0.0007650236189857361,0.0
bg,50,0.0006138596835951304,0.0006134828598839869,0.6138596835951304,19,19,38,0.03230840439974371,0,0.0,9,0.0006094800507334472,0.0
bg,50,0.0005791935647740876,0.0005788580995886118,0.5791935647740876,19,19,38,0.030483871830215135,0,0.0,9,0.0004966523011358838,0.0
bg,50,0.0007619940373020064,0.0007614134023891226,0.7619940373020064,29,29,58,0.026275656458689876,0,0.0,9,0.0008319760257478044,0.0
bg,50,0.0011394950429395507,0.0011381965939866664,1.1394950429395507,31,31,62,0.03675790461095325,0,0.0,9,0.0009519690403715344,0.0
bg,50,0.00044304743454956253,0.0004428511435203015,0.4430474345495625,16,16,32,0.027690464659347658,0,0.0,9,0.0004949011317002877,0.0
bg,50,0.0009963904344245974,0.0009953976405267847,0.9963904344245975,25,25,50,0.0398556173769839,0,0.0,9,0.0009964930016868926,0.0
bg,50,0.0008763724190050333,0.0008756043903882405,0.8763724190050333,20,20,40,0.043818620950251665,0,0.0,9,0.0009039983961047639,0.0
bg,50,0.0005750920168587755,0.0005747612860309208,0.5750920168587754,20,20,40,0.028754600842938773,0,0.0,9,0.00048716024330449265,0.0
bg,50,0.0012374827742281979,0.0012359514106116865,1.237482774228198,45,45,90,0.027499617205071065,0,0.0,9,0.0010434748270636489,0.0
bg,50,0.0008990204620617561,0.0008982122242705502,0.8990204620617561,20,20,40,0.04495102310308781,0,0.0,9,0.0010018369921688782,0.0
bg,50,0.0008520311091773891,0.000851305152166383,0.8520311091773891,29,29,58,0.029380383075082384,0,0.0,9,0.0009219536209178351,0.0
bg,50,0.0007013440561053181,0.0007008521726202839,0.7013440561053181,21,21,42,0.03339733600501515,0,0.0,9,0.0005968900084414333,0.0
bg,50,0.000504046724813545,0.0005037926617127497,0.504046724813545,20,20,40,0.025202336240677248,0,0.0,9,0.00041369073725160377,0.0
bg,50,0.0008383870449510838,0.0008376841521139419,0.8383870449510837,30,30,60,0.02794623483170279,0,0.0,9,0.0008656610676282676,0.0
bg,50,0.0005141615495855305,0.0005138971874864584,0.5141615495855305,18,18,36,0.028564530532529473,0,0.0,9,0.0005096149597384027,0.0
bg,50,0.0005382290492880344,0.0005379393587785368,0.5382290492880344,25,25,50,0.021529161971521375,0,0.0,9,0.000454754532824442,0.0
bg,50,0.0008590455810795845,0.000858307621769212,0.8590455810795845,27,27,54,0.031816503002947576,0,0.0,9,0.0006860991273261524,0.0
bg,50,0.001229112389070977,0.001227601671806009,1.229112389070977,34,34,68,0.0361503643844405,0,0.0,9,0.0011040025563033664,0.0
bg,50,0.0009225966437914473,0.000921745459224312,0.9225966437914472,29,29,58,0.03181367737211887,0,0.0,9,0.0009900504373780501,0.0
bg,50,0.0010225308818040482,0.0010214853123998052,1.0225308818040482,22,22,44,0.04647867644563855,0,0.0,9,0.0009645368515135387,0.0
bg,50,0.0007049288212710678,0.0007044318966280094,0.7049288212710678,24,24,48,0.029372034219627825,0,0.0,9,0.0005931982390955933,0.0
bg,50,0.0013347759265402387,0.0013329942997661675,1.3347759265402388,32,32,64,0.04171174770438246,0,0.0,9,0.0015206330908425771,0.0
bg,50,0.001847519345902068,0.0018441060181685856,1.847519345902068,36,36,72,0.051319981830613,0,0.0,9,0.002029655461443148,0.0
bg,50,0.00115675567316201,0.0011994580084231155,1.1567556731620101,36,36,72,0.03213210203227806,0,0.0,9,0.0011996697303004972,0.0
bg,50,0.000868198707684705,0.0008674449386886798,0.8681987076847051,23,23,46,0.037747769899335,0,0.0,9,0.0007009835528014039,0.0
bg,50,0.0006706095622068062,0.000670159845021883,0.6706095622068062,20,20,40,0.03353047811034031,0,0.0,9,0.0006414985950156101,0.0
bg,50,0.0015177000674227584,0.0015153966539281033,1.5177000674227585,33,33,66,0.04599091113402298,0,0.0,9,0.0012079109319420678,0.0
bg,50,0.0009081414869662226,0.0009073167660058732,0.9081414869662225,24,24,48,0.037839228623592604,0,0.0,9,0.0008793690372355625,0.0
bg,50,0.0005363087239888245,0.000536021096941398,0.5363087239888245,22,22,44,0.024377669272219293,0,0.0,9,0.0005767948576676414,0.0
bg,50,0.0007195067048647772,0.0007189890149664319,0.7195067048647772,23,23,46,0.03128290021151205,0,0.0,9,0.0007535819339848975,0.0
bg,50,0.000672996654565516,0.0006725437300684597,0.6729966545655159,24,24,48,0.028041527273563165,0,0.0,9,0.0008868137279614981,0.0
bg,50,0.0006174969361630182,0.0006171156336968476,0.6174969361630183,17,17,34,0.036323349186059894,0,0.0,9,0.000535122814654837,0.0
bg,50,0.0006874148379405103,0.0006869422987810895,0.6874148379405103,22,22,44,0.03124612899729592,0,0.0,9,0.0006117374081992741,0.0
bg,50,0.000888024020722753,0.0008872354340613723,0.888024020722753,27,27,54,0.03288977854528715,0,0.0,9,0.0007872006578847492,0.0
bg,50,0.0006836086736120227,0.000683141352793385,0.6836086736120226,32,32,64,0.021362771050375706,0,0.0,9,0.0008317475814131289,0.0
bg,50,0.0010775678863738278,0.0010764067338240838,1.0775678863738278,33,33,66,0.03265357231435842,0,0.0,9,0.0013776879738761577,0.0
bg,50,0.0007098520117430099,0.0007093481218644343,0.7098520117430098,22,22,44,0.032266000533773175,0,0.0,9,0.0006845431568217269,0.0
bg,50,0.0004975232630453306,0.0004972757336480592,0.49752326304533057,18,18,36,0.027640181280296144,0,0.0,9,0.0006531299812486676,0.0
bg,50,0.0008137433405506016,0.0008130811623263113,0.8137433405506016,32,32,64,0.0254294793922063,0,0.0,9,0.0006528759550925645,0.0
bg,50,0.0009606161212614026,0.0009596933379289752,0.9606161212614026,31,31,62,0.030987616814883955,0,0.0,9,0.0012149884561325137,0.0
bg,50,0.0008591399804091395,0.0008584018589032023,0.8591399804091395,25,25,50,0.03436559921636558,0,0.0,9,0.0009301649844944462,0.0
bg,50,0.0007723326372925862,0.000771736139589959,0.7723326372925863,24,24,48,0.03218052655385776,0,0.0,9,0.0008480036540561375,0.0
bg,50,0.0008370237050690541,0.0008363230963862065,0.8370237050690541,20,20,40,0.0418511852534527,0,0.0,9,0.0010065351950045045,0.0
bg,50,0.0013148988847223927,0.0013131699256453487,1.3148988847223926,40,40,80,0.03287247211805981,0,0.0,9,0.0015656333297938611,0.0
bg,50,0.0013808302096937552,0.0013789235176257524,1.3808302096937553,32,32,64,0.04315094405292985,0,0.0,9,0.0015397695135966386,0.0
bg,50,0.0011635316916825645,0.0011621778856850148,1.1635316916825644,26,26,52,0.04475121891086786,0,0.0,9,0.0012730045726566705,0.0
bg,50,0.0010835147893610184,0.0010823407850622546,1.0835147893610184,28,28,56,0.03869695676289352,0,0.0,9,0.0010936363013275899,0.0
bg,50,0.0015101880844409106,0.001527420307564583,1.5101880844409106,31,31,62,0.04871574465938421,1,0.001,9,0.0016340738010967738,0.9825143669152638
bg,50,0.0008550274022821113,0.000854296330423458,0.8550274022821114,24,24,48,0.03562614176175464,0,0.0,9,0.0009687992753981707,0.0
bg,50,0.0007558658795336086,0.0007552945463057655,0.7558658795336086,23,23,46,0.03286373389276559,0,0.0,9,0.0007428238031804899,0.0
bg,50,0.0007759031161484557,0.0007753010905028067,0.7759031161484558,23,23,46,0.03373491809341112,0,0.0,9,0.0007400416483148163,0.0
bg,50,0.0012933067893653582,0.0012916341469139396,1.2933067893653583,31,31,62,0.04171957385049543,0,0.0,9,0.0011489002784971466,0.0
bg,50,0.0009772758113628086,0.0009763207433513336,0.9772758113628086,26,26,52,0.03758753120626187,0,0.0,9,0.0008270858337719192,0.0
bg,50,0.0005120745575221122,0.0005118123371696508,0.5120745575221122,22,22,44,0.023276116251005098,0,0.0,9,0.0005284947997896544,0.0
bg,50,0.0005576124433178355,0.0005573015116808928,0.5576124433178355,18,18,36,0.030978469073213086,0,0.0,9,0.0007018005324945545,0.0
bg,50,0.0005799729549287824,0.0005796365863003337,0.5799729549287824,23,23,46,0.025216215431686194,0,0.0,9,0.0005289431657683314,0.0
bg,50,0.0005035038619852257,0.0005032503458461916,0.5035038619852257,19,19,38,0.026500203262380298,0,0.0,9,0.0005455513524685947,0.0
bg,50,0.0007697587002340471,0.0007691661717774611,0.7697587002340471,33,33,66,0.02332602121921355,0,0.0,9,0.0008322553181655354,0.0
bg,50,0.0009494578526896263,0.0009485563824755922,0.9494578526896262,29,29,58,0.032739925954814696,0,0.0,9,0.0007494696660466203,0.0
bg,50,0.0010188591889609257,0.0010178211149139958,1.0188591889609258,31,31,62,0.03286642545035244,0,0.0,9,0.0010832977987907054,0.0
bg,50,0.0006503256260812371,0.0006499027026612992,0.6503256260812371,21,21,42,0.030967886956249385,0,0.0,9,0.00047684238240336266,0.0
bg,50,0.0008960993711493046,0.0008952963770663305,0.8960993711493046,30,30,60,0.029869979038310155,0,0.0,9,0.0007111117443517243,0.0
bg,50,0.0007051816407909541,0.0007046843596444456,0.7051816407909541,23,23,46,0.030660071338737136,0,0.0,9,0.0006963338126188413,0.0
bg,50,0.0007340752875406053,0.0007335364210128274,0.7340752875406054,28,28,56,0.02621697455502162,0,0.0,9,0.0008060365115329853,0.0
bg,50,0.0006443641634694934,0.0006439489582943296,0.6443641634694934,21,21,42,0.030684007784261592,0,0.0,9,0.0005681302813933315,0.0
bg,50,0.0003341624440543569,0.0003340507795153406,0.3341624440543569,13,13,26,0.025704803388796684,0,0.0,9,0.0003158391670320884,0.0
bg,50,0.0010935322126364184,0.0010923363999363449,1.0935322126364184,28,28,56,0.039054721879872085,0,0.0,9,0.0010258331587120661,0.0
bg,50,0.0005015428441031187,0.0005012912988786477,0.5015428441031187,18,18,36,0.027863491339062147,0,0.0,9,0.00047079392524485946,0.0
bg,50,0.0009235403055225504,0.0009226873788266257,0.9235403055225504,26,26,52,0.03552078098163655,0,0.0,9,0.0008018839782472344,0.0
bg,50,0.0006160125784624579,0.000615633106965634,0.6160125784624579,24,24,48,0.025667190769269082,0,0.0,9,0.000626891473949718,0.0
bg,50,0.000567464572812078,0.0005671425567706812,0.567464572812078,21,21,42,0.027022122514860854,0,0.0,9,0.0003889947985743745,0.0
bg,50,0.00045861176064217093,0.0004584014358951715,0.4586117606421709,15,15,30,0.030574117376144728,0,0.0,9,0.00040037152122225015,0.0
bg,50,0.000693401060093187,0.0006929202550630487,0.693401060093187,27,27,54,0.025681520744192114,0,0.0,9,0.0007240420441954726,0.0
bg,50,0.0005446126268916807,0.0005443160239783109,0.5446126268916807,20,20,40,0.027230631344584033,0,0.0,9,0.000698415194439752,0.0
bg,50,0.0007917618522442495,0.0007911349654135802,0.7917618522442496,21,21,42,0.03770294534496427,0,0.0,9,0.0010177394270180745,0.0
bg,50,0.0008909165739230786,0.0009162363777559226,0.8909165739230787,21,21,42,0.04242459875824184,0,0.0,9,0.0007848121686152891,0.0
bg,50,0.0012081177159665088,0.0012066581675508772,1.2081177159665089,27,27,54,0.04474510059135218,0,0.0,9,0.0012411657744363592,0.0
bg,50,0.0007317620145021805,0.0007312265388563122,0.7317620145021806,23,23,46,0.03181573976096437,0,0.0,9,0.0006228980135461117,0.0
bg,50,0.0007607391246332326,0.0007601604006174848,0.7607391246332327,23,23,46,0.03307561411448838,0,0.0,9,0.0006835936846422314,0.0
bg,50,0.0009215187171366406,0.0009206695203906075,0.9215187171366406,25,25,50,0.03686074868546562,0,0.0,9,0.0007936658466815359,0.0
bg,50,0.0009897439263527685,0.0009887643333130163,0.9897439263527685,27,27,54,0.03665718245750994,0,0.0,9,0.001110161780520568,0.0
bg,50,0.0007676572656630185,0.0007670679679854935,0.7676572656630185,21,21,42,0.03655510788871517,0,0.0,9,0.0008172226071683608,0.0
bg,50,0.000963018374819613,0.000962090970429373,0.963018374819613,29,29,58,0.03320753016619355,0,0.0,9,0.000860290263897162,0.0
bg,50,0.0008304285696972684,0.000829738958087899,0.8304285696972684,23,23,46,0.03610558998683776,0,0.0,9,0.0008127341536794564,0.0
bg,50,0.0011101439387986786,0.0011089115192338271,1.1101439387986787,26,26,52,0.04269784379994918,0,0.0,9,0.0014672941162317892,0.0
bg,50,0.0009651977141346428,0.0009642661075072722,0.9651977141346428,28,28,56,0.0344713469333801,0,0.0,9,0.0010519152137232046,0.0
bg,50,0.0008756846330057755,0.0008749178094292931,0.8756846330057755,25,25,50,0.035027385320231016,0,0.0,9,0.0007809857015496343,0.0
bg,50,0.000657683458799637,0.0006572509112676582,0.657683458799637,23,23,46,0.028594932991288565,0,0.0,9,0.00056377142442019,0.0
bg,50,0.0005959346767874081,0.0005955795386484103,0.5959346767874081,23,23,46,0.02591020333858296,0,0.0,9,0.0005642807461987673,0.0
bg,50,0.0008297854793753104,0.0008290969354335282,0.8297854793753103,26,26,52,0.03191482612981963,0,0.0,9,0.0009461250845003435,0.0
bg,50,0.0004655824638277863,0.0004653656967971624,0.46558246382778634,18,18,36,0.02586569243487702,0,0.0,9,0.0004145173157005779,0.0
bg,50,0.0012112280665495091,0.001209760993120312,1.2112280665495092,29,29,58,0.04176648505343135,0,0.0,9,0.0010607099769140225,0.0
bg,50,0.0011305048704781306,0.0011292268292159558,1.1305048704781306,31,31,62,0.036467899047681634,0,0.0,9,0.0012875528804840465,0.0
bg,50,0.0007250369035919695,0.0007546156959628058,0.7250369035919695,30,30,60,0.024167896786398982,0,0.0,9,0.0008895114018203464,0.0
bg,50,0.00044256742753093903,0.0004423715616030277,0.44256742753093903,23,23,46,0.019242062066562565,0,0.0,9,0.00042448185912441385,0.0
bg,50,0.0010603514533937357,0.0010683234444233004,1.0603514533937357,29,29,58,0.036563843220473645,0,0.0,9,0.0010440754078659882,0.0
bg,50,0.0008939165989972935,0.0008931175121113306,0.8939165989972935,26,26,52,0.034381407653742056,0,0.0,9,0.0007981817109126267,0.0
bg,50,0.0004201882442697382,0.0004200116861091158,0.4201882442697382,18,18,36,0.02334379134831879,0,0.0,9,0.0004693844373428442,0.0
bg,50,0.001145443622017126,0.0011497761552210673,1.145443622017126,31,31,62,0.03694979425861697,2,0.002,9,0.0010463257248927724,1.5934056324789365
bg,50,0.0008240391546105599,0.0008233601140822286,0.8240391546105599,29,29,58,0.0284151432624331,0,0.0,9,0.0009114668553878555,0.0
bg,50,0.0011335490271197628,0.0011322640937228786,1.1335490271197628,31,31,62,0.036566097649024604,0,0.0,9,0.0012875645568514048,0.0
bg,50,0.0010961055955192567,0.0010949041480427279,1.0961055955192567,28,28,56,0.039146628411402026,0,0.0,9,0.0011095979649905301,0.0
bg,50,0.0007507901481620784,0.0007502264623155014,0.7507901481620785,27,27,54,0.027807042524521423,0,0.0,9,0.0008410070637989342,0.0
bg,50,0.0008039019860939547,0.0008032557276907089,0.8039019860939547,23,23,46,0.03495226026495455,0,0.0,9,0.0005530069706595105,0.0
bg,50,0.0007854724467511307,0.0007848554797865255,0.7854724467511307,23,23,46,0.03415097594570134,0,0.0,9,0.0008195637698590781,0.0
bg,50,0.0010469175680350204,0.0010458215316407602,1.0469175680350205,23,23,46,0.04551815513195741,0,0.0,9,0.0011400444080021848,0.0
bg,50,0.0009288909629507103,0.0009280281245296586,0.9288909629507103,21,21,42,0.04423290299765287,0,0.0,9,0.0009905786888191402,0.0
bg,50,0.0005631200184445007,0.0005628029142893275,0.5631200184445007,18,18,36,0.03128444546913892,0,0.0,9,0.0005313844928021553,0.0
bg,50,0.0006141156932204206,0.0006137385551357609,0.6141156932204206,28,28,56,0.021932703329300734,0,0.0,9,0.000673804363928986,0.0
bg,50,0.0007100209884787629,0.0007095168586746827,0.7100209884787629,23,23,46,0.030870477759946214,0,0.0,9,0.0007442647570644631,0.0
bg,50,0.0007579953661143506,0.0007574208091392997,0.7579953661143506,25,25,50,0.030319814644574023,0,0.0,9,0.0007823402773255226,0.0
bg,50,0.0005224274723036047,0.0005221545418397872,0.5224274723036046,19,19,38,0.027496182752821296,0,0.0,9,0.0005803722982600617,0.0
bg,50,0.0006210240123506452,0.0006206383415267292,0.6210240123506452,31,31,62,0.020033032656472424,0,0.0,9,0.0006347912701390426,0.0
bg,50,0.0009995637206589335,0.0009985645930272761,0.9995637206589336,26,26,52,0.038444758486882065,0,0.0,9,0.0011793607609912843,0.0
bg,50,0.0010060560875179902,0.0010050439386667582,1.0060560875179902,29,29,58,0.03469158922475828,0,0.0,9,0.0010780608258802206,0.0
bg,50,0.0009231353514139826,0.0009222831725369524,0.9231353514139826,22,22,44,0.04196069779154466,0,0.0,9,0.0010044320612871281,0.0
bg,50,0.000864698133049668,0.0008639504301883684,0.8646981330496679,31,31,62,0.027893488162892513,0,0.0,9,0.0007381747438518394,0.0
bg,50,0.000758555439684975,0.0008517242162051974,0.758555439684975,22,22,44,0.03447979271295341,0,0.0,9,0.0009031105966117051,0.0
bg,50,0.00097685513547429,0.0009759008895185875,0.97685513547429,28,28,56,0.034887683409796075,0,0.0,9,0.0010704794284632198,0.0
bg,50,0.0006446422062280881,0.0006442266426540376,0.6446422062280881,18,18,36,0.03581345590156045,0,0.0,9,0.0005767470495419385,0.0
bg,50,0.0006478906575234902,0.0006474708952193839,0.6478906575234902,24,24,48,0.026995444063478757,0,0.0,9,0.000679876430362745,0.0
bg,50,0.0005280204260981094,0.0005277416205277326,0.5280204260981094,21,21,42,0.025143829814195686,0,0.0,9,0.0005828839473694968,0.0
bg,50,0.000710747250235272,0.000710242088581555,0.7107472502352721,22,22,44,0.032306693192512365,0,0.0,9,0.0006212456474772905,0.0
bg,50,0.0013727437144823683,0.0013708592891767176,1.3727437144823682,32,32,64,0.042898241077574006,0,0.0,9,0.0014026644472738595,0.0
bg,50,0.0007503651129505737,0.0007498020651478404,0.7503651129505737,26,26,52,0.028860196651945145,0,0.0,9,0.0006622100589178905,0.0
bg,50,0.0006391229927653619,0.0006387145145654805,0.6391229927653619,20,20,40,0.031956149638268094,0,0.0,9,0.0006980569519411046,0.0
bg,50,0.0008762023456786672,0.0008754346151280943,0.8762023456786672,25,25,50,0.03504809382714669,0,0.0,9,0.0009268383308264058,0.0
bg,50,0.0009231986631729163,0.0009223463674012323,0.9231986631729163,25,25,50,0.03692794652691665,0,0.0,9,0.001052972236189872,0.0
bg,50,0.0005359952128216126,0.0005357079219534449,0.5359952128216126,20,20,40,0.02679976064108063,0,0.0,9,0.000528813148097792,0.0
bg,50,0.000749629677565606,0.0007490677329121188,0.749629677565606,20,20,40,0.0374814838782803,0,0.0,9,0.0009571175748347173,0.0
bg,50,0.0012557797044537437,0.0012542027217876254,1.2557797044537438,28,28,56,0.04484927515906228,0,0.0,9,0.0011143515198544218,0.0
bg,50,0.0007306747765055324,0.0007301408908765108,0.7306747765055324,19,19,38,0.0384565671845017,0,0.0,9,0.0007225110965761095,0.0
bg,50,0.0007477194095067716,0.0007471603251914184,0.7477194095067716,28,28,56,0.026704264625241843,0,0.0,9,0.0007567278468783003,0.0
bg,50,0.0009669788341489518,0.0009660437860832598,0.9669788341489518,33,33,66,0.0293023889136046,0,0.0,9,0.0008551184697899982,0.0
bg,50,0.0009094383274172486,0.0009086112493458731,0.9094383274172486,31,31,62,0.029336720239266083,0,0.0,9,0.000676091036443116,0.0
bg,50,0.0007363848357091474,0.000735842573082885,0.7363848357091474,24,24,48,0.03068270148788114,2,0.002,9,0.0007705815119083332,1.861571042573864
bg,50,0.000983997796211991,0.0009830295445490411,0.983997796211991,18,18,36,0.0546665442339995,0,0.0,9,0.001100216810224553,0.0
bg,50,0.0007872312161832297,0.0007866114831954963,0.7872312161832298,23,23,46,0.034227444181879556,0,0.0,9,0.0007848820444730656,0.0
bg,50,0.0009069704504035912,0.000906147855005686,0.9069704504035911,36,36,72,0.025193623622321977,0,0.0,9,0.0010576084779042286,0.0
bg,50,0.000693809297903217,0.0006933279265613603,0.6938092979032171,28,28,56,0.024778903496543467,0,0.0,9,0.0005643366199066741,0.0
bg,50,0.0008008322297963799,0.0008001908975360991,0.8008322297963799,19,19,38,0.04214906472612526,0,0.0,9,0.0007420819319859603,0.0
bg,50,0.0009154751649116761,0.0009146370701341061,0.9154751649116761,33,33,66,0.027741671663990185,0,0.0,9,0.0009487698601024825,0.0
bg,50,0.0015966299386385074,0.0015940807114775508,1.5966299386385074,33,33,66,0.04838272541328811,0,0.0,9,0.001544677827144406,0.0
bg,50,0.0007483784304957766,0.0007478183602205452,0.7483784304957766,23,23,46,0.03253819263025116,0,0.0,9,0.0008666724923979403,0.0
bg,50,0.0007744701289216848,0.0007738703249410928,0.7744701289216849,23,23,46,0.03367261430094282,0,0.0,9,0.0004933632471141186,0.0
bg,50,0.0008869735115659342,0.0008861867895557146,0.8869735115659343,25,25,50,0.03547894046263737,0,0.0,9,0.0008901872356739625,0.0
bg,50,0.0009953430218254907,0.0009943523140943942,0.9953430218254908,24,24,48,0.041472625909395454,0,0.0,9,0.0010197161113271217,0.0
bg,50,0.000694164012794225,0.0006936821491175663,0.694164012794225,31,31,62,0.02239238750949113,0,0.0,9,0.0009223769463799063,0.0
bg,50,0.0007246726531500584,0.0007241475026958349,0.7246726531500585,20,20,40,0.03623363265750292,0,0.0,9,0.00063582795979014,0.0
bg,50,0.0008597630307651869,0.0008590238382961163,0.8597630307651869,25,25,50,0.03439052123060748,0,0.0,9,0.001020299986932196,0.0
bg,50,0.0007475643413067239,0.0007470054888623305,0.7475643413067239,21,21,42,0.03559830196698685,0,0.0,9,0.0005759054075876713,0.0
bg,50,0.0009831069505001047,0.0009821404512239831,0.9831069505001047,29,29,58,0.033900239672417405,0,0.0,9,0.001100151175576154,0.0
bg,50,0.0007997669730169932,0.0007991273458058643,0.7997669730169932,23,23,46,0.034772477087695354,0,0.0,9,0.0007510883625018233,0.0
bg,50,0.0006980431788745456,0.0006975559145949723,0.6980431788745456,22,22,44,0.031729235403388435,0,0.0,9,0.0007491293828883103,0.0
bg,50,0.0008742759533980404,0.0008735115949553504,0.8742759533980404,30,30,60,0.029142531779934682,0,0.0,9,0.0008096004434735941,0.0
bg,50,0.0011732694727453888,0.0011718929114897126,1.173269472745389,24,24,48,0.048886228031057875,0,0.0,9,0.0012076073455342833,0.0
bg,50,0.0004652768605927662,0.0004650603780357632,0.4652768605927662,20,20,40,0.02326384302963831,0,0.0,9,0.0004191075047581772,0.0
bg,50,0.0008072749730400723,0.0008066232801579754,0.8072749730400723,31,31,62,0.02604112816258298,0,0.0,9,0.0007587310331801322,0.0
bg,50,0.0007735979129128046,0.0007729994591819416,0.7735979129128046,30,30,60,0.025786597097093484,2,0.002,9,0.0007962106180698093,2.0084963179499566
bg,50,0.0006934787389370883,0.0006929978261757304,0.6934787389370882,29,29,58,0.02391305996334787,0,0.0,9,0.0006838118221626081,0.0
bg,50,0.0006866829119250895,0.0006862113785035597,0.6866829119250895,26,26,52,0.026410881227888056,0,0.0,9,0.000632227644713752,0.0
bg,50,0.001131590402864207,0.0011303099060243527,1.131590402864207,27,27,54,0.041910755661637294,0,0.0,9,0.0013880747651722422,0.0
bg,50,0.0009412562055261393,0.0009403702422816981,0.9412562055261393,34,34,68,0.02768400604488645,0,0.0,9,0.0008414446565352101,0.0
bg,50,0.0015999633495002907,0.0015974034667805468,1.5999633495002907,38,38,76,0.04210429867106028,0,0.0,9,0.0016202287423985533,0.0
bg,50,0.0007701178880743642,0.000769524806512832,0.7701178880743642,30,30,60,0.025670596269145474,0,0.0,9,0.000669494157670149,0.0
bg,50,0.0008593896867088709,0.0008586511360752494,0.8593896867088708,24,24,48,0.03580790361286962,0,0.0,9,0.0009276235333337422,0.0
bg,50,0.0006026680611126523,0.000602304852320767,0.6026680611126523,26,26,52,0.023179540812025088,0,0.0,9,0.000617939584483452,0.0
bg,50,0.001207021892123296,0.0012055649902752313,1.207021892123296,37,37,74,0.03262221330062962,5,0.005,9,0.0011139683045716365,4.7874695854479485
bg,50,0.0015180855749849726,0.001515780991171995,1.5180855749849727,37,37,74,0.04102933986445872,0,0.0,9,0.0015893410619455854,0.0
bg,50,0.0008792453842970835,0.0008784723118512756,0.8792453842970834,26,26,52,0.03381713016527244,0,0.0,9,0.0008599716186447487,0.0
bg,50,0.0009548245978340617,0.000953912907821433,0.9548245978340617,29,29,58,0.032924986132209025,0,0.0,9,0.0008127424869895761,0.0
bg,50,0.0008260830891984448,0.0008254006759281851,0.8260830891984448,21,21,42,0.0393372899618307,0,0.0,9,0.001111608044592273,0.0
bg,50,0.0007944221893540018,0.0007937910827390637,0.7944221893540018,20,20,40,0.03972110946770009,0,0.0,9,0.0007590328590093322,0.0
bg,50,0.0009732822251812081,0.0009723349468913543,0.9732822251812081,20,20,40,0.04866411125906041,0,0.0,9,0.0012076490738872744,0.0
bg,50,0.0006905847432776566,0.0006901078359900087,0.6905847432776566,27,27,54,0.02557721271398728,0,0.0,9,0.0006779150884525196,0.0
bg,50,0.0005070384364430068,0.000506781348466976,0.5070384364430067,25,25,50,0.02028153745772027,0,0.0,9,0.0006110070499145717,0.0
bg,50,0.0009925467446916087,0.0010198434728241686,0.9925467446916088,30,30,60,0.03308489148972029,0,0.0,9,0.0009745872740010072,0.0
bg,50,0.0005933991013701245,0.0005930469788766177,0.5933991013701245,14,14,28,0.04238565009786604,0,0.0,9,0.0005608295051824419,0.0
bg,50,0.0007498709784516819,0.0007493086719673579,0.7498709784516819,20,20,40,0.037493548922584094,0,0.0,9,0.0006106274914945945,0.0
bg,50,0.0011180534912840585,0.0011168034476746864,1.1180534912840585,25,25,50,0.04472213965136234,0,0.0,9,0.0010774471494825605,0.0
bg,50,0.0005524223775505561,0.0005521172070673374,0.5524223775505561,25,25,50,0.022096895102022243,0,0.0,9,0.0005156848504983766,0.0
bg,50,0.0008785143559974174,0.000877742568523724,0.8785143559974173,27,27,54,0.03253756874064509,0,0.0,9,0.0008512374626480451,0.0
bg,50,0.0005849567328086955,0.0005846145584294374,0.5849567328086955,16,16,32,0.03655979580054347,0,0.0,9,0.0005333009872369659,0.0
bg,50,0.0010178645153351767,0.0010168284671635982,1.0178645153351766,25,25,50,0.04071458061340707,0,0.0,9,0.0009064281817676963,0.0
bg,50,0.0006542727569434241,0.0006538446841029457,0.6542727569434241,24,24,48,0.027261364872642673,0,0.0,9,0.0007696224180266838,0.0
bg,50,0.000590025751149371,0.0005896776207623515,0.590025751149371,24,24,48,0.024584406297890455,0,0.0,9,0.0005464601179149385,0.0
bg,50,0.0009663036369296325,0.000965369894210889,0.9663036369296325,27,27,54,0.03578902358998639,0,0.0,9,0.0010319597713459605,0.0
bg,50,0.0009128396470602738,0.0009120063708390287,0.9128396470602738,24,24,48,0.03803498529417807,0,0.0,9,0.0007221700615002255,0.0
bg,50,0.0006929208695361027,0.0006924407302046639,0.6929208695361027,20,20,40,0.03464604347680513,0,0.0,9,0.0006828241805340785,0.0
bg,50,0.0006066261877724984,0.0006062581924408068,0.6066261877724983,21,21,42,0.028886961322499922,0,0.0,9,0.00046315828383086883,0.0
bg,50,0.0006149890119859807,0.0006146108005011172,0.6149890119859807,23,23,46,0.026738652695042636,0,0.0,9,0.0006436073210105904,0.0
bg,50,0.0007515992664658775,0.0007510343650085256,0.7515992664658775,19,19,38,0.03955785612978303,0,0.0,9,0.0007181572655643767,0.0
bg,50,0.0006215521737527774,0.0006211658466480807,0.6215521737527774,27,27,54,0.023020450879732497,0,0.0,9,0.0006689305811445904,0.0
bg,50,0.0008204773204905962,0.0008198041374571566,0.8204773204905962,24,24,48,0.03418655502044151,0,0.0,9,0.0007964168010026595,0.0
bg,50,0.0008249501710729131,0.0008242696282881599,0.824950171072913,30,30,60,0.027498339035763767,0,0.0,9,0.000914375057158769,0.0
bg,50,0.0008268049708240213,0.0008289731747753719,0.8268049708240213,28,28,56,0.02952874895800076,2,0.002,9,0.0007630914425076791,1.8636574926741865
bg,50,0.0009810933260551706,0.000980130781940741,0.9810933260551707,23,23,46,0.04265623156761612,0,0.0,9,0.0010866962696406395,0.0
bg,50,0.0009591570948905504,0.0009582371125578714,0.9591570948905503,30,30,60,0.031971903163018345,0,0.0,9,0.0007609815416512033,0.0
bg,50,0.0008141329244212869,0.0008134701120026602,0.8141329244212869,26,26,52,0.03131280478543411,0,0.0,9,0.0008144893325323073,0.0
bg,50,0.000908199784060447,0.0009073749572126795,0.908199784060447,34,34,68,0.02671175835471903,0,0.0,9,0.0009658442865730951,0.0
bg,50,0.0006228664831926807,0.0006224785205367958,0.6228664831926807,15,15,30,0.04152443221284538,0,0.0,9,0.0006776088595217559,0.0
bg,50,0.0009271464720079905,0.0009262868714274338,0.9271464720079905,25,25,50,0.03708585888031962,0,0.0,9,0.0007209943101648796,0.0
bg,50,0.0008890327335272588,0.0008882423543259759,0.8890327335272588,29,29,58,0.03065630115611237,0,0.0,9,0.0010100905759050946,0.0
bg,50,0.0005593288024554042,0.000559015953746148,0.5593288024554042,22,22,44,0.025424036475245645,0,0.0,9,0.0005052472677163746,0.0
bg,50,0.0007999543509759874,0.0007993144240123419,0.7999543509759874,23,23,46,0.034780623955477714,0,0.0,9,0.0007982823711289779,0.0
bg,50,0.0006698992216687376,0.0006694504567015453,0.6698992216687376,26,26,52,0.02576535467956683,0,0.0,9,0.0007532849317694674,0.0
bg,50,0.0010263817171252399,0.0010253282576959911,1.0263817171252398,22,22,44,0.04665371441478363,0,0.0,9,0.0010571822812977599,0.0
bg,50,0.0006863504806826626,0.0006858794037003293,0.6863504806826626,25,25,50,0.027454019227306503,0,0.0,9,0.0008957988671394208,0.0
bg,50,0.00048054222088943986,0.0004803113000633825,0.4805422208894399,16,16,32,0.030033888805589992,0,0.0,9,0.0005047442886321343,0.0
bg,50,0.0014795469423358619,0.0014773578831812865,1.4795469423358618,35,35,70,0.04227276978102462,0,0.0,9,0.0012758633875506013,0.0
bg,50,0.0006157155587268103,0.0006153364530775522,0.6157155587268104,23,23,46,0.026770241683774364,0,0.0,9,0.0004864786326577033,0.0
bg,50,0.0014243117327878067,0.00142228306887565,1.4243117327878068,34,34,68,0.04189152155258255,0,0.0,9,0.001534493987929566,0.0
bg,50,0.000973424767141573,0.0009724772113642884,0.973424767141573,31,31,62,0.03140079894005074,0,0.0,9,0.0006329454432889408,0.0
bg,50,0.0004670812331833591,0.0004668630683049669,0.46708123318335915,25,25,50,0.018683249327334367,0,0.0,9,0.0005104902190160311,0.0
bg,50,0.0005523513671417888,0.0005520462751090053,0.5523513671417888,24,24,48,0.023014640297574534,0,0.0,9,0.0006709871348108958,0.0
bg,50,0.0007997417310686074,0.0007991021442321949,0.7997417310686075,26,26,52,0.030759297348792593,0,0.0,9,0.0008265441682524143,0.0
bg,50,0.0010346691107732582,0.0010335985706044699,1.0346691107732582,23,23,46,0.04498561351188079,0,0.0,9,0.0008393841006418028,0.0
bg,50,0.00101619483047679,0.0010151621785433025,1.01619483047679,33,33,66,0.03079378274172091,0,0.0,9,0.0009221939009940543,0.0
bg,50,0.0012752543935371499,0.001273628119768914,1.2752543935371499,32,32,64,0.03985169979803593,0,0.0,9,0.0015844648360146228,0.0
bg,50,0.0007551879643982212,0.0007546176555366492,0.7551879643982211,26,26,52,0.02904569093839312,0,0.0,9,0.0008777485827650271,0.0
bg,50,0.0009590996574165374,0.0009581797852636808,0.9590996574165374,24,24,48,0.039962485725689056,0,0.0,9,0.0008484444121912851,0.0
bg,50,0.0007978689352711612,0.0007972323404332906,0.7978689352711612,27,27,54,0.029550701306339303,0,0.0,9,0.0005245907011735767,0.0
bg,50,0.0006059919513806235,0.0006056247251354853,0.6059919513806236,20,20,40,0.030299597569031177,0,0.0,9,0.0005360469548082707,0.0
bg,50,0.001028414488926181,0.0010273568525651475,1.028414488926181,27,27,54,0.03808942551578448,0,0.0,9,0.0007756019599414764,0.0
bg,50,0.0007196728381700695,0.0007191549091760698,0.7196728381700694,22,22,44,0.03271240173500316,0,0.0,9,0.0007265456940230184,0.0
bg,50,0.0010699391642296874,0.0010687943944145348,1.0699391642296874,26,26,52,0.041151506316526434,0,0.0,9,0.0010979144822844205,0.0
bg,50,0.0008654859927889236,0.0008647369267852097,0.8654859927889236,30,30,60,0.02884953309296412,0,0.0,9,0.0008535267772484772,0.0
bg,50,0.0008809144316359223,0.0008801384214000578,0.8809144316359223,34,34,68,0.025909247989291832,0,0.0,9,0.0008766898981006084,0.0
bg,50,0.0004891580984424735,0.0004889188227972017,0.4891580984424735,19,19,38,0.025745163075919657,0,0.0,9,0.0005678465256933687,0.0
bg,50,0.0009102163927148339,0.0009093878988332671,0.9102163927148339,30,30,60,0.030340546423827795,0,0.0,9,0.000876239295872461,0.0
bg,50,0.0006423017494396426,0.0006418891979023093,0.6423017494396426,27,27,54,0.023788953682949726,0,0.0,9,0.00040142993174329376,0.0
bg,50,0.0009825332222656805,0.000981567850732825,0.9825332222656806,29,29,58,0.03388045594019588,0,0.0,9,0.000811205523818687,0.0
bg,50,0.0009300213612792128,0.0009291564215467773,0.9300213612792128,25,25,50,0.03720085445116851,0,0.0,9,0.0009547940604073168,0.0
bg,50,0.0005703425438222936,0.000570017253205,0.5703425438222935,25,25,50,0.02281370175289174,0,0.0,9,0.0005159552554358708,0.0
bg,50,0.0009171577795413395,0.0009163166011487663,0.9171577795413395,26,26,52,0.03527529921312844,0,0.0,9,0.0009484705387593776,0.0
bg,50,0.0008435679009654535,0.0008428562941619143,0.8435679009654535,26,26,52,0.03244491926790206,0,0.0,9,0.0009257198476415628,0.0
bg,50,0.001158627709563188,0.0011572852913938202,1.1586277095631878,29,29,58,0.03995267964010993,0,0.0,9,0.0012065378239136857,0.0
bg,50,0.001236236595668892,0.001234708314748421,1.2362365956688919,30,30,60,0.04120788652229639,0,0.0,9,0.0012312439175826292,0.0
bg,50,0.0005484272433536574,0.000548126470912405,0.5484272433536574,19,19,38,0.028864591755455655,0,0.0,9,0.0006159309557887662,0.0
bg,50,0.0008092486378673129,0.0008085937545094229,0.8092486378673129,24,24,48,0.033718693244471375,0,0.0,9,0.000728934032152599,0.0
bg,50,0.001220751551290185,0.0012192613169402077,1.220751551290185,29,29,58,0.0420948810789719,0,0.0,9,0.0009882316803075924,0.0
bg,50,0.001010495686521471,0.0010094745849889928,1.0104956865214711,28,28,56,0.03608913166148111,0,0.0,9,0.0010150433498981746,0.0
bg,50,0.0006745861920322653,0.0006741311255017848,0.6745861920322653,18,18,36,0.03747701066845918,0,0.0,9,0.0006101248060113328,0.0
bg,50,0.0009865519370245276,0.000985578652300081,0.9865519370245277,30,30,60,0.03288506456748426,0,0.0,9,0.0009690326320881797,0.0
bg,50,0.00100827939968908,0.0010072627723412427,1.00827939968908,26,26,52,0.03877997691111846,0,0.0,9,0.0010236499875249667,0.0
bg,50,0.0005748037830290836,0.0005744733836400989,0.5748037830290835,20,20,40,0.028740189151454175,0,0.0,9,0.0004989058443475431,0.0
bg,50,0.0006225202333866235,0.0006221327019456477,0.6225202333866235,27,27,54,0.023056304940245315,0,0.0,9,0.0006810535709750353,0.0
bg,50,0.0012780340108723962,0.0012764006399394498,1.2780340108723962,29,29,58,0.044070138305944695,0,0.0,9,0.001499501129609436,0.0
bg,50,0.0007306086173270492,0.0007300748283753367,0.7306086173270492,20,20,40,0.03653043086635246,0,0.0,9,0.0006144985589804345,0.0
bg,50,0.00040077738369463135,0.0004006167611833502,0.40077738369463134,18,18,36,0.022265410205257297,0,0.0,9,0.0004679272026344508,0.0
bg,50,0.0008642388059559138,0.0008634918972421939,0.8642388059559138,25,25,50,0.03456955223823655,0,0.0,9,0.0007956145205292869,0.0
bg,50,0.00066928959761543,0.0006688416490499536,0.66928959761543,21,21,42,0.031870933219782384,1,0.001,9,0.0006687245097225165,0.9612500037522062
bg,50,0.00035970220404799133,0.0003595728183723943,0.35970220404799136,15,15,30,0.02398014693653276,0,0.0,9,0.0003634810836111219,0.0
bg,50,0.0009395794443919882,0.0009386966348596644,0.9395794443919883,29,29,58,0.03239929118593063,0,0.0,9,0.0008958482448774883,0.0
bg,50,0.0010866264952007114,0.0010854457380606395,1.0866264952007114,25,25,50,0.04346505980802846,0,0.0,9,0.0013679997895900133,0.0
bg,50,0.0006459318293194309,0.000645514601391303,0.6459318293194309,18,18,36,0.035885101628857274,0,0.0,9,0.0004828611132734106,0.0
bg,50,0.0006831829521042323,0.0006827162131581864,0.6831829521042323,23,23,46,0.02970360661322749,0,0.0,9,0.0008099174821217502,0.0
bg,50,0.0008729286018029611,0.0008721665974591157,0.8729286018029612,34,34,68,0.025674370641263565,0,0.0,9,0.0007849894987795189,0.0
bg,50,0.0007811256844917871,0.0007805155271568144,0.7811256844917871,28,28,56,0.027897345874706683,0,0.0,9,0.0007341449594356245,0.0
bg,50,0.0009604136754694785,0.0009594912810414497,0.9604136754694785,27,27,54,0.035570876869239945,0,0.0,9,0.0010818723072432803,0.0
bg,50,0.0007640276377466276,0.0007634438995153868,0.7640276377466275,26,26,52,0.02938567837487029,0,0.0,9,0.0005845167730960708,0.0
bg,50,0.0005390616371057008,0.0005387710496571018,0.5390616371057009,20,20,40,0.026953081855285044,0,0.0,9,0.0004566089304690837,0.0
bg,50,0.0007200273078016793,0.0007195088684776991,0.7200273078016792,21,21,42,0.03428701465722282,0,0.0,9,0.000805662550716706,0.0
bg,50,0.0012493904282702886,0.001247829451828035,1.2493904282702886,25,25,50,0.04997561713081154,0,0.0,9,0.0013633790093591932,0.0
bg,50,0.0008869076183461289,0.0008861210132226485,0.8869076183461289,33,33,66,0.026875988434731178,0,0.0,9,0.0010150861373591866,0.0
bg,50,0.0007571428815369137,0.0007565696161938516,0.7571428815369137,35,35,70,0.021632653758197534,0,0.0,9,0.0007131474661004197,0.0
bg,50,0.0008432404979031318,0.0008425294433658278,0.8432404979031318,27,27,54,0.031231129551967846,0,0.0,9,0.0009655620500654758,0.0
bg,50,0.0010984821422021832,0.0010972754791854459,1.098482142202183,29,29,58,0.03787869455869597,0,0.0,9,0.0009690586374147478,0.0
bg,50,0.001085964124673147,0.00108478480659307,1.085964124673147,37,37,74,0.029350381747922892,0,0.0,9,0.0010264345141937448,0.0
bg,50,0.0007695448893367818,0.0007689526900000773,0.7695448893367818,18,18,36,0.04275249385204343,0,0.0,9,0.0006218886112579407,0.0
bg,50,0.0006291074886841672,0.0006287117124518487,0.6291074886841672,24,24,48,0.026212812028506966,0,0.0,9,0.0006389236503987052,0.0
bg,50,0.0012117125018443885,0.0012102442546572628,1.2117125018443886,26,26,52,0.04660432699401495,0,0.0,9,0.001356207479763688,0.0
bg,50,0.0011409097329412425,0.0011396080579225228,1.1409097329412425,29,29,58,0.03934171492900836,0,0.0,9,0.0012095914655989976,0.0
bg,50,0.0006042656891349693,0.0006039005521119037,0.6042656891349694,27,27,54,0.02238021070870257,0,0.0,9,0.0005657866818201046,0.0
bg,50,0.0006588572447731238,0.0006584231519041339,0.6588572447731238,25,25,50,0.026354289790924953,0,0.0,9,0.0006064217215873377,0.0
bg,50,0.0014026099541117408,0.0014006426394283674,1.4026099541117407,29,29,58,0.04836586048661175,0,0.0,9,0.001359851798440502,0.0
bg,50,0.0005640373680304842,0.0005637192298779494,0.5640373680304842,19,19,38,0.029686177264762328,0,0.0,9,0.000580752011814806,0.0
bg,50,0.00039682836192721373,0.00039667088917838387,0.3968283619272137,15,15,30,0.026455224128480913,0,0.0,9,0.0003939122847601588,0.0
bg,50,0.0010954391566817812,0.0010942391697357898,1.0954391566817812,26,26,52,0.042132275256991585,0,0.0,9,0.0013862755871517339,0.0
bg,50,0.0008903401248373229,0.0008895474192994274,0.8903401248373228,29,29,58,0.030701383615080097,0,0.0,9,0.0007183188016145256,0.0
bg,50,0.000644019486006492,0.0006436047249081359,0.6440194860064921,24,24,48,0.026834145250270502,0,0.0,9,0.0004808396495339427,0.0
bg,50,0.0006996850517035345,0.0006991954925319572,0.6996850517035345,17,17,34,0.041157944217854965,0,0.0,9,0.0007613818199893799,0.0
bg,50,0.0009385399005971262,0.0009376590434521134,0.9385399005971262,23,23,46,0.04080608263465766,0,0.0,9,0.000899950100636994,0.0
bg,50,0.000893255558604455,0.0008924576531114775,0.893255558604455,29,29,58,0.030801915813946725,0,0.0,9,0.000697565225148572,0.0
bg,50,0.000574745330575837,0.0005744149983808181,0.574745330575837,21,21,42,0.027368825265516046,0,0.0,9,0.0005391988585250383,0.0
bg,50,0.0006830669871061091,0.0006826004065972347,0.683066987106109,20,20,40,0.03415334935530545,0,0.0,9,0.0006760333742028502,0.0
bg,50,0.0013613017060497693,0.0013594485637148752,1.3613017060497694,34,34,68,0.04003828547205204,0,0.0,9,0.0014526097035026378,0.0
bg,50,0.0012816170665573025,0.001279974524252012,1.2816170665573026,28,28,56,0.045772038091332234,0,0.0,9,0.0010965953234875435,0.0
bg,50,0.0007066692778582393,0.0007061698963899706,0.7066692778582393,29,29,58,0.024367906133042735,0,0.0,9,0.0006911033729541362,0.0
bg,50,0.0006607192982680043,0.0006602827482769005,0.6607192982680044,20,20,40,0.03303596491340022,0,0.0,9,0.0007148733345588484,0.0
bg,50,0.0007635983476055853,0.0007630152651691193,0.7635983476055852,18,18,36,0.04242213042253251,0,0.0,9,0.000609439498050025,0.0
bg,50,0.0012954681494689666,0.0012937899117426784,1.2954681494689666,28,28,56,0.046266719623891665,0,0.0,9,0.0012576398961247684,0.0
bg,50,0.0007429172797299506,0.0007423653536454291,0.7429172797299506,21,21,42,0.03537701332047384,0,0.0,9,0.0005420338699690903,0.0
bg,50,0.0010299919505891248,0.0010289310671708462,1.0299919505891248,20,20,40,0.051499597529456244,0,0.0,9,0.0007698964860448284,0.0
bg,50,0.0006257564203648797,0.0006253648492672519,0.6257564203648798,24,24,48,0.02607318418186999,0,0.0,9,0.0007521478492065898,0.0
bg,50,0.0007602947950213128,0.0007597167468459764,0.7602947950213128,25,25,50,0.030411791800852513,0,0.0,9,0.0007710405914114737,0.0
bg,50,0.000653432606838841,0.0006530056326671609,0.653432606838841,20,20,40,0.03267163034194205,0,0.0,9,0.000729329186573336,0.0
bg,50,0.0004987876618126847,0.0004985388726811082,0.49878766181268475,16,16,32,0.031174228863292797,0,0.0,9,0.0005541171188737978,0.0
bg,50,0.0008255761666077675,0.0008248945906008968,0.8255761666077674,18,18,36,0.045865342589320415,0,0.0,9,0.0007069615237457349,0.0
bg,50,0.0006780745369004801,0.0006776147518228873,0.6780745369004801,21,21,42,0.03228926366192762,0,0.0,9,0.0007306048902133046,0.0
bg,50,0.0011291244176265085,0.001127849495676028,1.1291244176265085,35,35,70,0.03226069764647167,0,0.0,9,0.0012324556061762422,0.0
bg,50,0.0006546539755305645,0.0006542254037028866,0.6546539755305645,28,28,56,0.023380499126091588,0,0.0,9,0.0007359081811714623,0.0
bg,50,0.0007758668049832096,0.0007752648356841347,0.7758668049832096,22,22,44,0.035266672953782253,0,0.0,9,0.0007866046125167736,0.0
bg,50,0.0005464097932088237,0.0005461112295467091,0.5464097932088237,27,27,54,0.020237399748474952,0,0.0,9,0.0005834190842459769,0.0
bg,50,0.0010225172828952722,0.0010214717413014527,1.0225172828952722,30,30,60,0.03408390942984241,0,0.0,9,0.0006227884726370434,0.0
bg,50,0.0010223914241643873,0.0010213461399401825,1.0223914241643872,24,24,48,0.04259964267351613,0,0.0,9,0.0012060477112838498,0.0
bg,50,0.0008180963353891216,0.0008174270537751446,0.8180963353891215,26,26,52,0.031465243668812364,0,0.0,9,0.0007192596102500871,0.0
bg,50,0.0007147337445879902,0.0007142229002623375,0.7147337445879902,22,22,44,0.03248789748127228,0,0.0,9,0.0008372429984649335,0.0
bg,50,0.0007574033596736456,0.0007568296998244007,0.7574033596736456,19,19,38,0.03986333471966556,0,0.0,9,0.0008822165710121491,0.0
bg,50,0.0004296866794649787,0.0004295020488224691,0.42968667946497874,22,22,44,0.01953121270295358,0,0.0,9,0.0004249644467927718,0.0
bg,50,0.0007254325604951291,0.0007249063080953025,0.725432560495129,18,18,36,0.04030180891639606,0,0.0,9,0.0009612373780811861,0.0
bg,50,0.0007919067488918046,0.000791279632592864,0.7919067488918046,25,25,50,0.03167626995567218,0,0.0,9,0.0007403014192016012,0.0
bg,50,0.0006963338989249124,0.0006958490180261204,0.6963338989249124,24,24,48,0.029013912455204682,0,0.0,9,0.0005993807356690509,0.0
bg,50,0.0007508641826322773,0.0007503003856115174,0.7508641826322773,29,29,58,0.025891868366630252,0,0.0,9,0.0008111700075331006,0.0
bg,50,0.0011372909858328394,0.001135997555046383,1.1372909858328395,32,32,64,0.035540343307276234,0,0.0,9,0.0012723243329786289,0.0
bg,50,0.0006219572413490226,0.000621570410538956,0.6219572413490226,17,17,34,0.036585720079354275,0,0.0,9,0.0006812896196490552,0.0
bg,50,0.0012061443180263899,0.0012046895339104823,1.2061443180263898,34,34,68,0.03547483288312911,0,0.0,9,0.0011552518652228022,0.0
bg,50,0.0007148477815003958,0.0007143367741496798,0.7148477815003957,21,21,42,0.034040370547637894,0,0.0,9,0.0008012955412942966,0.0
bg,50,0.0007781292434863669,0.0007775237583667982,0.7781292434863669,21,21,42,0.03705377349935081,0,0.0,9,0.0007867349655020784,0.0
bg,50,0.0010059652566882136,0.0010049532905905502,1.0059652566882136,30,30,60,0.033532175222940455,0,0.0,9,0.0008708203212875256,0.0
bg,50,0.0007414754451065448,0.000740925659270849,0.7414754451065448,26,26,52,0.028518286350251724,0,0.0,9,0.0007122078665712723,0.0
bg,50,0.0004476386848283127,0.00044743830443615785,0.4476386848283127,22,22,44,0.020347212946741487,0,0.0,9,0.00046045681255922616,0.0
bg,50,0.0006793969074372299,0.0006789353272793946,0.6793969074372299,18,18,36,0.037744272635401664,0,0.0,9,0.0005351313631329108,0.0
bg,50,0.0007836399487859822,0.000783025857216649,0.7836399487859822,27,27,54,0.02902370180688823,0,0.0,9,0.0007180581151486991,0.0
bg,50,0.0009968708856694147,0.0009958771341067193,0.9968708856694146,26,26,52,0.038341187910362104,0,0.0,9,0.0008052794747404409,0.0
bg,50,0.0013224645235937658,0.0013207156111776017,1.3224645235937658,32,32,64,0.04132701636230518,0,0.0,9,0.001296787349839705,0.0
bg,50,0.000726833545044613,0.0007263052580424109,0.7268335450446131,21,21,42,0.034611121192600625,0,0.0,9,0.0005533527038429525,0.0
bg,50,0.00061469653295255,0.0006143186811249262,0.61469653295255,25,25,50,0.024587861318102,0,0.0,9,0.000810054693856681,0.0
bg,50,0.0007185813102641987,0.0007180649511647376,0.7185813102641987,23,23,46,0.031242665663660813,0,0.0,9,0.000733016213224869,0.0
bg,50,0.0008495163740831728,0.0008487946960133376,0.8495163740831728,22,22,44,0.03861438064014422,0,0.0,9,0.0009139234600526203,0.0
bg,50,0.0008431364214124332,0.0008424255423873212,0.8431364214124333,28,28,56,0.030112015050444047,0,0.0,9,0.0007821046243811757,0.0
bg,50,0.0004558354602041845,0.0004556276742374048,0.45583546020418453,16,16,32,0.028489716262761533,0,0.0,9,0.00045720934086702854,0.0
bg,50,0.0006832934551189745,0.0006828265651731658,0.6832934551189744,23,23,46,0.029708411092129322,0,0.0,9,0.0008542433248737203,0.0
bg,50,0.00039149149291740047,0.00039133822732837376,0.3914914929174005,14,14,28,0.027963678065528606,0,0.0,9,0.0003960815248967969,0.0
bg,50,0.0007102740650741488,0.0007097695758266317,0.7102740650741488,23,23,46,0.030881481090180383,0,0.0,9,0.0007000596145206487,0.0
bg,50,0.0004298015105699129,0.0004296167812314247,0.4298015105699129,17,17,34,0.02528244179823017,0,0.0,9,0.0004415069132485054,0.0
bg,50,0.001310492498514293,0.0013087751079256308,1.310492498514293,31,31,62,0.042273951564977194,0,0.0,9,0.0013825981934795528,0.0
bg,50,0.0007406691806508405,0.0007401205898156745,0.7406691806508405,23,23,46,0.03220300785438437,0,0.0,9,0.0006539853170381323,0.0
bg,50,0.00039445369609254045,0.0003942981023741794,0.39445369609254044,17,17,34,0.02320315859367885,0,0.0,9,0.0004296024238112734,0.0
bg,50,0.0008395860107921569,0.0008388811061226391,0.8395860107921569,22,22,44,0.03816300049055259,0,0.0,9,0.0008996529601658804,0.0
bg,50,0.0007873828624991433,0.000786762890726986,0.7873828624991432,19,19,38,0.041441203289428595,0,0.0,9,0.0007916244448956757,0.0
bg,50,0.0006533278468181262,0.0006529010095426983,0.6533278468181263,23,23,46,0.028405558557309838,0,0.0,9,0.0006650746393376261,0.0
bg,50,0.0006621895807674321,0.000661751085726555,0.6621895807674321,21,21,42,0.03153283717940153,0,0.0,9,0.00056931057862877,0.0
bg,50,0.0011196132019395506,0.0011183596682175932,1.1196132019395506,26,26,52,0.043062046228444256,0,0.0,9,0.0011868297747479261,0.0
bg,50,0.001011546287481039,0.0010105230615893221,1.011546287481039,35,35,70,0.02890132249945826,0,0.0,9,0.0013122513876111018,0.0
bg,50,0.0003807586340211806,0.00038061365688379895,0.3807586340211806,20,20,40,0.01903793170105903,0,0.0,9,0.00034291295392302,0.0
bg,50,0.001223944081613709,0.0012224460424987915,1.223944081613709,28,28,56,0.043712288629061034,0,0.0,9,0.0012894595760029577,0.0
bg,50,0.0008515415736059992,0.00085081645055442,0.8515415736059992,28,28,56,0.030412199057357116,0,0.0,9,0.0009758017757423689,0.0
bg,50,0.0006744777030069855,0.0006740227828351319,0.6744777030069855,21,21,42,0.0321179858574755,0,0.0,9,0.0007134256994357383,0.0
bg,50,0.0006507879884570969,0.0006503644634511769,0.6507879884570968,28,28,56,0.02324242815918203,0,0.0,9,0.0006904933408090224,0.0
bg,50,0.0006100921835324015,0.0006097199710599943,0.6100921835324016,20,20,40,0.030504609176620078,0,0.0,9,0.0006860378571895732,0.0
bg,50,0.0006552308937511846,0.0006548015662270584,0.6552308937511846,25,25,50,0.026209235750047383,0,0.0,9,0.0005693175285953017,0.0
bg,50,0.0008058918280215223,0.0008052423663830506,0.8058918280215224,30,30,60,0.026863060934050744,0,0.0,9,0.00071637521094513,0.0
bg,50,0.0006236812797609588,0.0006232923014222345,0.6236812797609588,27,27,54,0.023099306657813286,0,0.0,9,0.0007241337491319496,0.0
bg,50,0.0004380004891429934,0.00043780864471450393,0.4380004891429934,17,17,34,0.0257647346554702,0,0.0,9,0.0005365547401594894,0.0
bg,50,0.0010924148443257184,0.0010912214741336153,1.0924148443257184,35,35,70,0.031211852695020526,0,0.0,9,0.0009813233552597234,0.0
bg,50,0.0008212968392172754,0.0008206223107191671,0.8212968392172755,25,25,50,0.03285187356869102,0,0.0,9,0.0008181411344478403,0.0
bg,50,0.0006223262206365589,0.0006219389307116672,0.622326220636559,21,21,42,0.029634581935074237,0,0.0,9,0.0005285950555014971,0.0
bg,50,0.0008383951940577745,0.0008376922875563553,0.8383951940577745,27,27,54,0.03105167385399165,0,0.0,9,0.000737941660635852,0.0
bg,50,0.0012220054888250655,0.0012205121914103465,1.2220054888250655,33,33,66,0.037030469358335316,0,0.0,9,0.0015161765062215984,0.0
bg,50,0.0009492033214274569,0.000948302334482048,0.9492033214274569,24,24,48,0.039550138392810706,0,0.0,9,0.0009093949965223177,0.0
bg,50,0.0008300725585042983,0.0008293835380519164,0.8300725585042983,27,27,54,0.03074342809275179,0,0.0,9,0.0008524898857266867,0.0
bg,50,0.0005131218697579953,0.0005128585757047712,0.5131218697579953,21,21,42,0.02443437475038073,0,0.0,9,0.0005371559633558079,0.0
bg,50,0.000984957182446955,0.000983987041795701,0.984957182446955,31,31,62,0.031772812336998545,0,0.0,9,0.0010172890531223663,0.0
bg,50,0.00045905191411921997,0.00045884118545936334,0.45905191411922,22,22,44,0.02086599609632818,0,0.0,9,0.0005279373531158317,0.0
bg,50,0.0009871515641880731,0.001054899170151669,0.987151564188073,26,26,52,0.037967367853387425,0,0.0,9,0.0010479106204150232,0.0
bg,50,0.0008342641710198251,0.0008335681743127778,0.8342641710198251,21,21,42,0.039726865286658336,0,0.0,9,0.0009268591088591424,0.0
bg,50,0.0007883396107788095,0.0007877181314368865,0.7883396107788094,34,34,68,0.023186459140553218,0,0.0,9,0.0007499491869789321,0.0
bg,50,0.0010596797761824419,0.0010585568549543916,1.059679776182442,32,32,64,0.03311499300570131,0,0.0,9,0.0010178708433695573,0.0
bg,50,0.0007134076317925348,0.0007128986813434351,0.7134076317925349,26,26,52,0.027438755068943648,0,0.0,9,0.0006921334612028996,0.0
bg,50,0.000714580230505236,0.000714069605599407,0.714580230505236,26,26,52,0.027483855019432155,0,0.0,9,0.000834865597228061,0.0
bg,50,0.0006781552537788187,0.0006776953592305909,0.6781552537788187,27,27,54,0.02511686125106736,0,0.0,9,0.0007064898307730419,0.0
bg,50,0.001005546112563124,0.0010045349895786333,1.005546112563124,33,33,66,0.030471094320094667,0,0.0,9,0.0008276560514400068,0.0
bg,50,0.0008662386880532864,0.0008654883185886061,0.8662386880532864,28,28,56,0.030937096001903086,0,0.0,9,0.0008932391863251633,0.0
bg,50,0.0009276089661333841,0.0009267485077393331,0.9276089661333842,30,30,60,0.030920298871112806,0,0.0,9,0.0008621936004495762,0.0
bg,50,0.0013822845000235873,0.0013803737895845822,1.3822845000235873,36,36,72,0.03839679166732187,0,0.0,9,0.0013015536013397833,0.0
bg,50,0.0007968425564133383,0.0007962075983536271,0.7968425564133383,23,23,46,0.03464532853971036,0,0.0,9,0.0008167038177612483,0.0
bg,50,0.0008901023158488997,0.0008893100337162203,0.8901023158488997,27,27,54,0.03296675243884813,0,0.0,9,0.0009453340436156781,0.0
bg,50,0.001035372585785808,0.0010389778375987139,1.035372585785808,32,32,64,0.0323553933058065,3,0.003,9,0.001003225779469698,2.9823950955758924
bg,50,0.0007722592308014881,0.00077166284648193,0.7722592308014882,22,22,44,0.03510269230915855,0,0.0,9,0.0007445606531446377,0.0
bg,50,0.0006428240206950786,0.0006424107979734961,0.6428240206950786,21,21,42,0.030610667652146602,0,0.0,9,0.0007339583089386574,0.0
