ligand_type,r_max,var_rate,ratio
ag,50,0.0105662123878037,1.0
ag,50,0.0004954372221171,1.0
ag,50,0.0116862163988486,1.0
ag,50,0.008469737569106,1.0
ag,50,0.0,1.0
ag,50,0.0496571258752607,1.0
ag,50,0.003160960560775,1.0
ag,50,0.0021795102577992,1.0
ag,50,0.0044920422299127,1.0
ag,50,0.0043838810182288,1.0
ag,50,0.0620569320844063,1.0
ag,50,0.0086918355171319,1.0
ag,50,0.0463630237622351,1.0
ag,50,0.0303139411226441,1.0
ag,50,0.0026748818866406,1.0
ag,50,0.0002367007636138,1.0
ag,50,0.0012902161301295,1.0
ag,50,0.0093401795580196,1.0
ag,50,0.0444719802159845,1.0
ag,50,0.036239040191895,1.0
ag,50,0.0003045848141864,1.0
ag,50,0.007459488622148,1.0
ag,50,0.0505604734933649,1.0
ag,50,0.004216179416871,1.0
ag,50,0.0128484875791895,1.0
ag,50,0.127247122985904,1.0
ag,50,0.013939544696577,1.0
ag,50,0.0514519867448202,1.0
ag,50,0.0360047274188244,1.0
ag,50,0.0059283566249816,1.0
ag,50,0.0036412057650585,1.0
ag,50,0.0037417230043501,1.0
ag,50,0.0170582087074224,1.0
ag,50,0.0086832915762839,1.0
ag,50,0.0151550348982867,1.0
ag,50,0.0062119148808039,1.0
ag,50,0.0371526264641321,1.0
ag,50,0.0056240161150721,1.0
ag,50,0.0295848736104596,1.0
ag,50,0.0074077153441973,1.0
ag,50,0.0065324348129711,1.0
ag,50,0.0057675491419386,1.0
ag,50,0.0265901493565994,1.0
ag,50,0.0216248869384254,1.0
ag,50,0.0017485565989462,1.0
ag,50,0.0296651500209506,1.0
ag,50,0.0191186668661941,1.0
ag,50,0.001916043739242,1.0
ag,50,0.0073516622272954,1.0
ag,50,0.0083805929020391,1.0
ag,50,0.001806879718578,1.0
ag,50,0.0096432183053405,1.0
ag,50,0.0153466439394558,1.0
ag,50,0.0359768651479259,1.0
ag,50,0.005976380324975,1.0
ag,50,0.0082136916466811,1.0
ag,50,0.0090467987210727,1.0
ag,50,0.0316930617232901,1.0
ag,50,0.0068514205526367,1.0
ag,50,0.0069991512290674,1.0
ag,50,0.010141694706369,1.0
ag,50,0.0518396587786703,1.0
ag,50,0.0313236756209378,1.0
ag,50,0.0123801909917905,1.0
ag,50,0.0013753676629251,1.0
ag,50,0.0221081709193001,1.0
ag,50,0.0086327682103709,1.0
ag,50,0.0013962870120419,1.0
ag,50,0.0144850923020315,1.0
ag,50,0.0004929666796017,1.0
ag,50,0.006524106140692,1.0
ag,50,0.0190318585552369,1.0
ag,50,0.0111047945897057,1.0
ag,50,0.0441600732924941,1.0
ag,50,0.0009940579806718,1.0
ag,50,0.0046017641445033,1.0
ag,50,0.0032258168152696,1.0
ag,50,0.0421907207560238,1.0
ag,50,0.0018003384653539,1.0
ag,50,0.034755131214096,1.0
ag,50,0.0147057341496848,1.0
ag,50,0.0014577894058434,1.0
ag,50,0.0248679607742662,1.0
ag,50,0.0150928645982465,1.0
ag,50,0.0111768445908236,1.0
ag,50,0.0005962645028295,1.0
ag,50,0.0586517313196919,1.0
ag,50,0.0054115948289361,1.0
ag,50,0.0058832070821332,1.0
ag,50,0.0130030363816888,1.0
ag,50,0.0274823475376499,1.0
ag,50,0.0033597825112932,1.0
ag,50,0.0541777872804733,1.0
ag,50,0.0062060575902652,1.0
ag,50,0.0239940837093902,1.0
ag,50,0.0041759972651491,1.0
ag,50,0.0056941310166656,1.0
ag,50,0.0185892912308829,1.0
ag,50,0.0002961175621505,1.0
ag,50,0.020196498372717,1.0
ag,50,0.0015933434727617,1.0
ag,50,0.0012701642054202,1.0
ag,50,0.0039494859535728,1.0
ag,50,0.0270175277768138,1.0
ag,50,0.0189598681272908,1.0
ag,50,0.0038161598910066,1.0
ag,50,0.0079404342103455,1.0
ag,50,0.00670428199383,1.0
ag,50,0.0277557255518419,1.0
ag,50,0.004150983427933,1.0
ag,50,0.0008510689490884,1.0
ag,50,0.0152985451583372,1.0
ag,50,0.0329156133458065,1.0
ag,50,0.0047923243570052,1.0
ag,50,0.0330513068101123,1.0
ag,50,0.0015790768764767,1.0
ag,50,0.0211707025141435,1.0
ag,50,0.0353999562933247,1.0
ag,50,0.0030974331963443,1.0
ag,50,0.0133462241426596,1.0
ag,50,0.0168024572923064,1.0
ag,50,0.0001755157218494,1.0
ag,50,0.0017028012319808,1.0
ag,50,0.0519906697567046,1.0
ag,50,0.0167452688260261,1.0
ag,50,0.0041090613476661,1.0
ag,50,0.0285234823055477,1.0
ag,50,0.0,1.0
ag,50,0.0039244706951209,1.0
ag,50,0.000158150750014,1.0
ag,50,0.0044008005182371,1.0
ag,50,0.0019577686266589,1.0
ag,50,0.0025352039316257,1.0
ag,50,0.0056384251873679,1.0
ag,50,0.0076802767740342,1.0
ag,50,0.0742814178782886,1.0
ag,50,0.009857011299559,1.0
ag,50,0.0065568340846227,1.0
ag,50,0.0058155781380949,1.0
ag,50,0.0080486684906279,1.0
ag,50,0.0196103746933448,1.0
ag,50,0.0079487146495802,1.0
ag,50,0.0086083291756746,1.0
ag,50,0.0147646545548713,1.0
ag,50,0.0072864507329092,1.0
ag,50,0.0048603723558959,1.0
ag,50,0.0163804674234087,1.0
ag,50,0.0246785619411082,1.0
ag,50,0.0009417617383741,1.0
ag,50,0.0229697293415837,1.0
ag,50,0.0400219963022043,1.0
ag,50,0.0039012211178333,1.0
ag,50,0.0121528661093692,1.0
ag,50,0.0002171953137032,1.0
ag,50,0.0184526558453745,1.0
ag,50,0.0100604703552404,1.0
ag,50,0.0146626847691833,1.0
ag,50,0.0421982415293336,1.0
ag,50,0.003553348060051,1.0
ag,50,0.0088330751727171,1.0
ag,50,0.0043548654471437,1.0
ag,50,0.0020688637104024,1.0
ag,50,0.004721592449088,1.0
ag,50,0.0134373362170321,1.0
ag,50,0.0406117583917228,1.0
ag,50,0.0009132478044702,1.0
ag,50,0.0059651386268777,1.0
ag,50,0.0051936554230807,1.0
ag,50,0.0184811965996949,1.0
ag,50,0.0018756613465847,1.0
ag,50,0.0080939761289616,1.0
ag,50,0.0234757489894888,1.0
ag,50,0.017390470516842,1.0
ag,50,0.0012098571321011,1.0
ag,50,0.0079425852473941,1.0
ag,50,0.0084747288061753,1.0
ag,50,0.0021812181150428,1.0
ag,50,0.0014266797851948,1.0
ag,50,0.0354149264220239,1.0
ag,50,0.0060568139683262,1.0
ag,50,0.0037095278375609,1.0
ag,50,0.0082793579672847,1.0
ag,50,0.0009421812139112,1.0
ag,50,0.0106433859863175,1.0
ag,50,0.0012294338774459,1.0
ag,50,0.0140855811248415,1.0
ag,50,0.0002009603158351,1.0
ag,50,0.0059628062107427,1.0
ag,50,0.0005414394770355,1.0
ag,50,0.0019483643627392,1.0
ag,50,0.0088348517389914,1.0
ag,50,0.0168674998224467,1.0
ag,50,0.0339121188199393,1.0
ag,50,0.0343022533914217,1.0
ag,50,0.0853662556088373,1.0
ag,50,0.024150426186998,1.0
ag,50,0.0040639137199443,1.0
ag,50,0.010418460696261,1.0
ag,50,0.0126152990068923,1.0
ag,50,0.0095757320505341,1.0
ag,50,0.0122251134063802,1.0
ag,50,0.0100493559047075,1.0
ag,50,0.034612072594927,1.0
ag,50,0.0280149908339525,1.0
ag,50,0.0147012073341792,1.0
ag,50,0.0025306372554455,1.0
ag,50,0.0092843988239658,1.0
ag,50,0.0017667710688023,1.0
ag,50,0.0137967000593604,1.0
ag,50,0.0024240651450622,1.0
ag,50,0.0054770833496161,1.0
ag,50,0.0028043370988128,1.0
ag,50,0.0041324488204129,1.0
ag,50,0.0122934663914676,1.0
ag,50,0.0102182211595834,1.0
ag,50,0.0022380970834578,1.0
ag,50,0.0347314038652654,1.0
ag,50,0.0038844831103409,1.0
ag,50,0.0071751531309897,1.0
ag,50,0.005918828701058,1.0
ag,50,0.0179270668562377,1.0
ag,50,0.0077058324698869,1.0
ag,50,0.0116419383668561,1.0
ag,50,0.0021652978453505,1.0
ag,50,0.0010271777689931,1.0
ag,50,0.0247351600883121,1.0
ag,50,0.0215504194977994,1.0
ag,50,0.0213750128865705,1.0
ag,50,0.0328880697855571,1.0
ag,50,0.0084421190418259,1.0
ag,50,0.0023675727947469,1.0
ag,50,0.0341615513803666,1.0
ag,50,0.0104340661574816,1.0
ag,50,0.0113034685753247,1.0
ag,50,0.0166271425645157,1.0
ag,50,0.0512430302100778,1.0
ag,50,0.0,1.0
ag,50,0.0074712594800399,1.0
ag,50,0.008661307178269,1.0
ag,50,0.0219552843781528,1.0
ag,50,0.0092881561954249,1.0
ag,50,0.0120439036401455,1.0
ag,50,0.0049609378804223,1.0
ag,50,0.0958593313039665,1.0
ag,50,0.0061827663742865,1.0
ag,50,0.0005763800393251,1.0
ag,50,0.006558137870634,1.0
ag,50,0.0038732705143061,1.0
ag,50,0.0149549116452595,1.0
ag,50,0.0049398018473856,1.0
ag,50,0.0038804913776717,1.0
ag,50,0.0096473112739821,1.0
ag,50,0.0063209733551583,1.0
ag,50,0.0060172361470921,1.0
ag,50,0.0378042011343004,1.0
ag,50,0.0170863246797533,1.0
ag,50,0.019430150224871,1.0
ag,50,0.0059428195291052,1.0
ag,50,0.0519556512661395,1.0
ag,50,0.0109057078979318,1.0
ag,50,0.011040034211767,1.0
ag,50,0.0320448331588934,1.0
ag,50,0.0048752746652199,1.0
ag,50,0.0016426393904982,1.0
ag,50,0.01127699300626,1.0
ag,50,0.0251432487091188,1.0
ag,50,0.0132547172585814,1.0
ag,50,0.0064890533008701,1.0
ag,50,0.0041969811694875,1.0
ag,50,0.0050216854269542,1.0
ag,50,0.0014686257850514,1.0
ag,50,0.0119486544177668,1.0
ag,50,0.0125681060842372,1.0
ag,50,0.0019484970442599,1.0
ag,50,0.0224705478849988,1.0
ag,50,0.025407266189805,1.0
ag,50,0.0130885172502815,1.0
ag,50,0.022839014954981,1.0
ag,50,0.0063359297091368,1.0
ag,50,0.0296432289287197,1.0
ag,50,0.0028982461485445,1.0
ag,50,0.0198195886187871,1.0
ag,50,0.0098250393907632,1.0
ag,50,0.0062992932589042,1.0
ag,50,0.0033781061582102,1.0
ag,50,0.0053297309094944,1.0
ag,50,0.0341314056607951,1.0
ag,50,0.0042082936839007,1.0
ag,50,0.0062027227763446,1.0
ag,50,0.0073066790562274,1.0
ag,50,0.0131580262400311,1.0
ag,50,0.0864400948824839,1.0
ag,50,0.0051056352428759,1.0
ag,50,0.0080393173039847,1.0
ag,50,0.0998389458078542,1.0
ag,50,0.001097247615277,1.0
ag,50,0.0155950828888384,1.0
ag,50,0.0186970962837672,1.0
ag,50,0.084333862440649,1.0
ag,50,0.005282334806748,1.0
ag,50,0.008044707880058,1.0
ag,50,0.0134442330417829,1.0
ag,50,0.0038530762650588,1.0
ag,50,0.0039538330710888,1.0
ag,50,0.0107870959525234,1.0
ag,50,0.0147165351980714,1.0
ag,50,0.020818368241134,1.0
ag,50,0.0121404787467339,1.0
ag,50,0.0021442570314156,1.0
ag,50,0.0031145292456882,1.0
ag,50,0.0123021665008769,1.0
ag,50,0.0157617609841768,1.0
ag,50,0.0030229369995791,1.0
ag,50,0.0324101966611824,1.0
ag,50,0.0031252182762721,1.0
ag,50,0.0021894903140491,1.0
ag,50,0.0080981799648801,1.0
ag,50,0.0130314781406374,1.0
ag,50,0.03255573519588,1.0
ag,50,0.0059178322857241,1.0
ag,50,0.0059656449086515,1.0
ag,50,0.0089655635905611,1.0
ag,50,0.0032286160054377,1.0
ag,50,0.0148191631937436,1.0
ag,50,0.0244988618258249,1.0
ag,50,0.0159184416565157,1.0
ag,50,0.0722400958936109,1.0
ag,50,0.012385688693249,1.0
ag,50,0.0039834201828152,1.0
ag,50,0.0012479619102761,1.0
ag,50,0.0093730910916962,1.0
ag,50,0.0072467982279428,1.0
ag,50,0.0138858617420122,1.0
ag,50,0.0090527276394977,1.0
ag,50,0.020199914808261,1.0
ag,50,0.0003828352057616,1.0
ag,50,0.0261558821170197,1.0
ag,50,0.0223840645753439,1.0
ag,50,0.0273808294349494,1.0
ag,50,0.0079821453147189,1.0
ag,50,0.0057599967295244,1.0
ag,50,0.0079718624224267,1.0
ag,50,0.0048682487910889,1.0
ag,50,0.0155242325400627,1.0
ag,50,0.0287606597984108,1.0
ag,50,0.009058768472205,1.0
ag,50,0.055532838755361,1.0
ag,50,0.0083415534596321,1.0
ag,50,0.0315851438054749,1.0
ag,50,0.0100798328631568,1.0
ag,50,0.0025543677944966,1.0
ag,50,0.0266091710806711,1.0
ag,50,0.0073080805075215,1.0
ag,50,0.0793998112303614,1.0
ag,50,0.0245329255767629,1.0
ag,50,0.0088427068244114,1.0
ag,50,0.0053778817060764,1.0
ag,50,0.0020379631525666,1.0
ag,50,0.0455939908703231,1.0
ag,50,0.0224755595541003,1.0
ag,50,0.0197137741676167,1.0
ag,50,0.046318829886906,1.0
ag,50,0.0038495302617851,1.0
ag,50,0.0754106286446346,1.0
ag,50,0.0039549404271329,1.0
ag,50,0.0353471365408511,1.0
ag,50,0.0029084358062592,1.0
ag,50,0.0036736005733788,1.0
ag,50,0.001606498827344,1.0
ag,50,0.0115591807427434,1.0
ag,50,0.0036780846901681,1.0
ag,50,0.0056025891960447,1.0
ag,50,0.0026699910610552,1.0
ag,50,0.0924945350674727,1.0
ag,50,0.0053150415503495,1.0
ag,50,0.0055949967188443,1.0
ag,50,0.0611284230095953,1.0
ag,50,0.002416496294365,1.0
ag,50,0.0067438741966906,1.0
ag,50,0.0121395865597014,1.0
ag,50,0.0057695534073937,1.0
ag,50,0.0070886221589712,1.0
ag,50,0.0109654184020793,1.0
ag,50,0.0488367373000729,1.0
ag,50,0.0052149491253801,1.0
ag,50,0.0117844642000706,1.0
ag,50,0.0085363365432955,1.0
ag,50,0.0203004074079114,1.0
ag,50,0.0339338687104684,1.0
ag,50,0.0269028046947628,1.0
ag,50,0.0025745028410263,1.0
ag,50,0.0091588639208145,1.0
ag,50,0.0012176985442574,1.0
ag,50,0.0037551134704791,1.0
ag,50,0.004170399346045,1.0
ag,50,0.0016239968475463,1.0
ag,50,0.0016364267654034,1.0
ag,50,0.0446254503396672,1.0
ag,50,0.0003153520077183,1.0
ag,50,0.0022660541372776,1.0
ag,50,0.0865135188069193,1.0
ag,50,0.0350617103629907,1.0
ag,50,0.0081287959564505,1.0
ag,50,0.0039993384554652,1.0
ag,50,0.0018492047538918,1.0
ag,50,0.0185145985984151,1.0
ag,50,0.0039571924195154,1.0
ag,50,0.0008126825558911,1.0
ag,50,0.0088767265900571,1.0
ag,50,0.0186171833284587,1.0
ag,50,0.0025981361356285,1.0
ag,50,0.0102309077468928,1.0
ag,50,0.0176767063760406,1.0
ag,50,0.0098136107176843,1.0
ag,50,0.0061866891350604,1.0
ag,50,0.0017807770283732,1.0
ag,50,0.0028400338661429,1.0
ag,50,0.0095282288062026,1.0
ag,50,0.0029787012980625,1.0
ag,50,0.0620522945598246,1.0
ag,50,0.02996682212747,1.0
ag,50,0.0040782762015719,1.0
ag,50,0.0065728827394195,1.0
ag,50,0.0049586466785145,1.0
ag,50,0.0247857397640504,1.0
ag,50,0.0031643548874225,1.0
ag,50,0.0058420072982687,1.0
ag,50,0.0014573084797257,1.0
ag,50,0.0072269293046738,1.0
ag,50,0.0091652227327392,1.0
ag,50,0.0042385168326694,1.0
ag,50,0.0560389913891104,1.0
ag,50,0.0095750005076958,1.0
ag,50,0.0045907700461251,1.0
ag,50,0.004408582900106,1.0
ag,50,0.0080783570714886,1.0
ag,50,0.0007416676299187,1.0
ag,50,0.0022439442593562,1.0
ag,50,0.0164187675700605,1.0
ag,50,0.0106776015140513,1.0
ag,50,0.0154649389333398,1.0
ag,50,0.0004648184143977,1.0
ag,50,0.0149375974553999,1.0
ag,50,0.034479812204402,1.0
ag,50,0.0352564990489391,1.0
ag,50,0.0204422034788514,1.0
ag,50,0.0127872242592848,1.0
ag,50,0.0152277022564068,1.0
ag,50,0.0391685059627627,1.0
ag,50,0.0069801860740665,1.0
ag,50,0.0260879265964189,1.0
ag,50,0.0028859976004588,1.0
ag,50,0.0045935015126369,1.0
ag,50,0.0090162974059538,1.0
ag,50,0.011656779596165,1.0
ag,50,0.0031006020094633,1.0
ag,50,0.0003009551895997,1.0
ag,50,0.0,1.0
ag,50,0.0011907714726718,1.0
ag,50,0.00020993806682,1.0
ag,50,0.0183270402036596,1.0
ag,50,0.0052453544667917,1.0
ag,50,0.0395320022529923,1.0
ag,50,0.0327039255268423,1.0
ag,50,0.0018565440578435,1.0
ag,50,0.0071344730950267,1.0
ag,50,0.0034190517672172,1.0
ag,50,0.0004886959258245,1.0
ag,50,0.0057981441782353,1.0
ag,50,0.0185502595988094,1.0
ag,50,0.0020107001711354,1.0
ag,50,0.0008337728223184,1.0
ag,50,0.0094538419435701,1.0
ag,50,0.0061245294041213,1.0
ag,50,0.0092357182330319,1.0
ag,50,0.0091943920207864,1.0
ag,50,0.0150245352943259,1.0
ag,50,0.0066679205477631,1.0
ag,50,0.0001531189174422,1.0
ag,50,0.0276860999315952,1.0
ag,50,0.0427547010403723,1.0
ag,50,0.0170905673423131,1.0
ag,50,0.0450927789005865,1.0
ag,50,0.0012004454971689,1.0
ag,50,0.0349113403852907,1.0
ag,50,0.016504329642086,1.0
ag,50,0.0054776440698949,1.0
ag,50,0.0036923011020573,1.0
ag,50,0.0255360433476572,1.0
ag,50,0.0024293997400732,1.0
ag,50,0.0054240002886928,1.0
ag,50,0.0124792991010497,1.0
ag,50,0.001236900901584,1.0
ag,50,0.0002864983377942,1.0
ag,50,0.0414629452246484,1.0
ag,50,0.0024906678282195,1.0
ag,50,0.0054459429237228,1.0
ag,50,0.0002526724914518,1.0
ag,50,0.0010530633257809,1.0
ag,50,0.0214742975792909,1.0
nag,50,0.0011156144708487,1.0
nag,50,0.0010455790049646,1.0
nag,50,0.0,1.0
nag,50,0.0037563800156248,1.0
nag,50,0.0085151798595233,1.0
nag,50,0.000600004772398,1.0
nag,50,0.0001630829946849,1.0
nag,50,0.0010941608918589,1.0
nag,50,0.0088373148519818,1.0
nag,50,0.0004702164426921,1.0
nag,50,0.0018900923467296,1.0
nag,50,0.0002968081254781,1.0
nag,50,0.0007475774977553,1.0
nag,50,0.0003122207018149,1.0
nag,50,0.0005222815735853,1.0
nag,50,0.0012895636865861,1.0
nag,50,0.0008331132382945,1.0
nag,50,0.003453811831446,1.0
nag,50,0.0025522179399426,1.0
nag,50,0.0008819830956574,1.0
nag,50,0.0,1.0
nag,50,9.388100698001434e-05,1.0
nag,50,0.0003590392644263,1.0
nag,50,0.0003074886420408,1.0
nag,50,0.0032527966439794,1.0
nag,50,0.0020378563572033,1.0
nag,50,0.0102793725005052,1.0
nag,50,0.0010474865844297,1.0
nag,50,0.0003722027366573,1.0
nag,50,0.0001029490149175,1.0
nag,50,0.0001230219852162,1.0
nag,50,0.0008627030574778,1.0
nag,50,0.0013039216732632,1.0
nag,50,0.0004366679814643,1.0
nag,50,0.001252497503099,1.0
nag,50,0.0007122581750748,1.0
nag,50,0.0003020792876089,1.0
nag,50,0.0003559335154455,1.0
nag,50,0.0002368650764527,1.0
nag,50,0.006341651528999,1.0
nag,50,7.815532100991556e-05,1.0
nag,50,0.0004026025243849,1.0
nag,50,0.0030204514847654,1.0
nag,50,0.0075173446014494,1.0
nag,50,0.0032605721188842,1.0
nag,50,0.0,1.0
nag,50,0.0002357309882605,1.0
nag,50,8.489370132941697e-05,1.0
nag,50,0.0018684541811792,1.0
nag,50,0.0,1.0
nag,50,0.0,1.0
nag,50,0.0001893302455991,1.0
nag,50,0.0013898610678985,1.0
nag,50,0.0010506364480671,1.0
nag,50,0.0002654549855913,1.0
nag,50,0.0017826901879994,1.0
nag,50,0.003460162400746,1.0
nag,50,0.0039471166926156,1.0
nag,50,0.0030819659547775,1.0
nag,50,0.0004085568887558,1.0
nag,50,0.0001797939829195,1.0
nag,50,0.0019290158293749,1.0
nag,50,0.0124716049077116,1.0
nag,50,0.0066522452798094,1.0
nag,50,0.001772576590847,1.0
nag,50,0.0034935696540434,1.0
nag,50,0.0037675350335989,1.0
nag,50,0.0045348045023456,1.0
nag,50,0.0137454586835358,1.0
nag,50,0.0134208556442899,1.0
nag,50,0.000459530899784,1.0
nag,50,0.0050124341037116,1.0
nag,50,0.0049242740770783,1.0
nag,50,0.0002689851052856,1.0
nag,50,0.0002504881427543,1.0
nag,50,0.0004382338214207,1.0
nag,50,0.0020666678638564,1.0
nag,50,0.0,1.0
nag,50,0.0013042363563215,1.0
nag,50,0.0002071084640004,1.0
nag,50,0.0025366511488015,1.0
nag,50,0.0001740454856427,1.0
nag,50,0.0013048506224476,1.0
nag,50,0.002155290361451,1.0
nag,50,0.0001506906971612,1.0
nag,50,0.0036074051021555,1.0
nag,50,0.0002378421586543,1.0
nag,50,0.005527347633835,1.0
nag,50,0.0043300730826382,1.0
nag,50,0.0008894733627588,1.0
nag,50,0.0001358074113725,1.0
nag,50,0.0030615642065335,1.0
nag,50,0.0006062413001435,1.0
nag,50,0.0057133054945057,1.0
nag,50,0.0030741526409833,1.0
nag,50,0.0169609645356489,1.0
nag,50,0.0039715699691782,1.0
nag,50,0.0003666061695533,1.0
nag,50,0.0018479727980288,1.0
nag,50,0.0017044317374688,1.0
nag,50,0.0002023021330185,1.0
nag,50,0.0040007590778861,1.0
nag,50,0.0002614299426668,1.0
nag,50,0.0021680448962421,1.0
nag,50,0.0001442536816761,1.0
nag,50,0.00116210794609,1.0
nag,50,0.0,1.0
nag,50,0.001099654091254,1.0
nag,50,0.0001276960784455,1.0
nag,50,0.0003598702379611,1.0
nag,50,0.0,1.0
nag,50,0.0003561749986562,1.0
nag,50,0.0135381762253471,1.0
nag,50,0.0009269729942904,1.0
nag,50,0.0002113897525682,1.0
nag,50,0.0003392849962307,1.0
nag,50,0.0001577305902669,1.0
nag,50,0.0023090702621444,1.0
nag,50,0.0007459696559155,1.0
nag,50,0.0034759806092606,1.0
nag,50,0.0002916537737107,1.0
nag,50,0.0087100026067942,1.0
nag,50,0.0055289454116647,1.0
nag,50,0.0004377204214405,1.0
nag,50,0.0003202790975567,1.0
nag,50,8.975834510582386e-05,1.0
nag,50,0.0003590317336041,1.0
nag,50,0.0005430335264673,1.0
nag,50,0.0,1.0
nag,50,0.0018364567005914,1.0
nag,50,0.0018414687249985,1.0
nag,50,0.0011108334470505,1.0
nag,50,0.0001433596984455,1.0
nag,50,0.0089146306447272,1.0
nag,50,0.0001996666252834,1.0
nag,50,0.0004916258069455,1.0
nag,50,0.0032263944134816,1.0
nag,50,0.0006222916013161,1.0
nag,50,0.0,1.0
nag,50,0.0033554197020741,1.0
nag,50,0.0152254366169139,1.0
nag,50,0.0,1.0
nag,50,0.0012679261052333,1.0
nag,50,0.0024003961048008,1.0
nag,50,0.0002619264651866,1.0
nag,50,0.0007988100919633,1.0
nag,50,0.0106334018948687,1.0
nag,50,0.0018097167036843,1.0
nag,50,0.0003832744864157,1.0
nag,50,0.0015333745131285,1.0
nag,50,0.0015646131771944,1.0
nag,50,0.0004230446131143,1.0
nag,50,0.0025366162068244,1.0
nag,50,0.0041643489337396,1.0
nag,50,0.0,1.0
nag,50,0.000493947146122,1.0
nag,50,0.0,1.0
nag,50,0.0008422719348504,1.0
nag,50,0.0006999277315186,1.0
nag,50,0.0022738664148637,1.0
nag,50,0.0,1.0
nag,50,0.0011644460407495,1.0
nag,50,0.0001790126363023,1.0
nag,50,0.0001722663350587,1.0
nag,50,0.0023674603023107,1.0
nag,50,0.0001622407737369,1.0
nag,50,0.0027994198423075,1.0
nag,50,0.0006629347229851,1.0
nag,50,0.0003286205981307,1.0
nag,50,0.0008348278129672,1.0
nag,50,0.0002027822403415,1.0
nag,50,0.0003820631671991,1.0
nag,50,0.0,1.0
nag,50,0.0007631508312514,1.0
nag,50,0.0002032941767282,1.0
nag,50,0.0,1.0
nag,50,0.0,1.0
nag,50,0.0002030782143708,1.0
nag,50,0.0003356480132162,1.0
nag,50,0.0012509917331397,1.0
nag,50,0.0032320909153767,1.0
nag,50,0.0005638178904219,1.0
nag,50,0.0029907846729408,1.0
nag,50,0.0017201024143932,1.0
nag,50,0.0091291409423237,1.0
nag,50,0.0008411557391304,1.0
nag,50,0.0,1.0
nag,50,0.0,1.0
nag,50,0.0016218116255431,1.0
nag,50,0.0041653739146004,1.0
nag,50,8.341317050756954e-05,1.0
nag,50,0.0009068577940605,1.0
nag,50,0.0023372360873451,1.0
nag,50,0.0010577308164226,1.0
nag,50,0.0038104047796356,1.0
nag,50,5.48689099763543e-05,1.0
nag,50,0.0001472311327782,1.0
nag,50,0.0046996607860044,1.0
nag,50,6.599686272239641e-05,1.0
nag,50,0.0010945454479102,1.0
nag,50,0.0043614125277528,1.0
nag,50,0.0,1.0
nag,50,0.000401129760547,1.0
nag,50,0.00016112279977,1.0
nag,50,0.0,1.0
nag,50,0.0018868993060886,1.0
nag,50,0.000400329326276,1.0
nag,50,0.000233475766075,1.0
nag,50,0.0004847660710141,1.0
nag,50,8.95574461066177e-05,1.0
nag,50,0.0043623111903191,1.0
nag,50,0.0003587091710761,1.0
nag,50,0.0011634578774321,1.0
nag,50,0.0056387381657869,1.0
nag,50,0.0059414447958222,1.0
nag,50,0.0001539744673284,1.0
nag,50,0.0048264741036622,1.0
nag,50,0.0103877801803233,1.0
nag,50,0.0038199367825721,1.0
nag,50,0.00060014866943,1.0
nag,50,0.0015831394227583,1.0
nag,50,0.0003359285758648,1.0
nag,50,0.0011012514172939,1.0
nag,50,0.0001452647824017,1.0
nag,50,0.0112948300008274,1.0
nag,50,0.0,1.0
nag,50,0.0034184612257598,1.0
nag,50,0.0037872580035793,1.0
nag,50,0.0014614811317044,1.0
nag,50,0.0011376798783407,1.0
nag,50,0.0001906716983061,1.0
nag,50,0.0011561063028096,1.0
nag,50,0.000291001255133,1.0
nag,50,0.0002325995674691,1.0
nag,50,0.0,1.0
nag,50,0.0005238588527147,1.0
nag,50,0.0011986110741925,1.0
nag,50,0.000174433158872,1.0
nag,50,0.0011824538844021,1.0
nag,50,0.0017846975735537,1.0
nag,50,0.0027482880832718,1.0
nag,50,0.0001526020665023,1.0
nag,50,0.002464286771759,1.0
nag,50,0.0007591458179963,1.0
nag,50,0.0010589938070376,1.0
nag,50,0.0129637224481493,1.0
nag,50,0.0003564651107334,1.0
nag,50,0.0003888559646791,1.0
nag,50,9.808001216052404e-05,1.0
nag,50,0.0053843794780231,1.0
nag,50,0.004240440059405,1.0
nag,50,0.0,1.0
nag,50,0.0019335481512837,1.0
nag,50,0.0007826494795815,1.0
nag,50,0.0017136426186478,1.0
nag,50,0.0,1.0
nag,50,0.0013737009477621,1.0
nag,50,0.0001389103162597,1.0
nag,50,0.000227315819009,1.0
nag,50,0.0004188194601587,1.0
nag,50,0.0002284088255935,1.0
nag,50,0.0004089718701451,1.0
nag,50,0.0010062307909084,1.0
nag,50,0.0007679520104497,1.0
nag,50,0.0193742618166095,1.0
nag,50,0.0,1.0
nag,50,5.371909220403672e-05,1.0
nag,50,0.001970008402604,1.0
nag,50,0.00426230647579,1.0
nag,50,0.0014183224481286,1.0
nag,50,0.0,1.0
nag,50,0.0004433218248889,1.0
nag,50,0.0005140527818864,1.0
nag,50,0.0005524713085235,1.0
nag,50,0.0023177794255467,1.0
nag,50,0.0028345473111923,1.0
nag,50,0.0003085820545018,1.0
nag,50,0.0002094771961323,1.0
nag,50,0.0003127783426821,1.0
nag,50,0.0002704212188914,1.0
nag,50,0.0016178838920083,1.0
nag,50,0.0024370052826975,1.0
nag,50,0.0001757505458595,1.0
nag,50,0.0005183129674808,1.0
nag,50,0.0,1.0
nag,50,0.0002988266848277,1.0
nag,50,0.0061472544519775,1.0
nag,50,0.0013840179339048,1.0
nag,50,0.000299862686033,1.0
nag,50,0.0025247821835025,1.0
nag,50,0.0039978707680116,1.0
nag,50,0.0001717124515676,1.0
nag,50,0.0003597511714298,1.0
nag,50,0.0047190660037284,1.0
nag,50,0.0180672414793237,1.0
nag,50,0.0146512252971075,1.0
nag,50,0.0002982296501009,1.0
nag,50,0.0006671921434209,1.0
nag,50,0.0010285503321687,1.0
nag,50,0.0007003022199186,1.0
nag,50,0.0002136673443725,1.0
nag,50,0.0047222018340003,1.0
nag,50,0.0076148889564813,1.0
nag,50,0.000400971992345,1.0
nag,50,0.0008832483062309,1.0
nag,50,0.0001911901453684,1.0
nag,50,0.0003344949629392,1.0
nag,50,0.0004405451500333,1.0
nag,50,0.0,1.0
nag,50,0.0004372031938687,1.0
nag,50,0.0023048148263946,1.0
nag,50,0.0010381260152396,1.0
nag,50,0.0011287374005797,1.0
nag,50,0.001218770088252,1.0
nag,50,0.0003452063085029,1.0
nag,50,0.0060664213618821,1.0
nag,50,0.0,1.0
nag,50,0.0010978495495541,1.0
nag,50,0.0,1.0
nag,50,0.0009867596141616,1.0
nag,50,0.0009335520248339,1.0
nag,50,0.0008068670160121,1.0
nag,50,0.0092275955632031,1.0
nag,50,0.0013573775034751,1.0
nag,50,0.0002632690762987,1.0
nag,50,0.0019537147667895,1.0
nag,50,0.0010701229605514,1.0
nag,50,0.0003378026625876,1.0
nag,50,0.0,1.0
nag,50,0.0,1.0
nag,50,0.000329682979291,1.0
nag,50,0.0011187197848422,1.0
nag,50,0.0,1.0
nag,50,0.0002262783350615,1.0
nag,50,0.0002363017726767,1.0
nag,50,0.0089690933958665,1.0
nag,50,0.0020798117779091,1.0
nag,50,0.0001483743271177,1.0
nag,50,0.0019146444453738,1.0
nag,50,0.0,1.0
nag,50,0.0001424647320671,1.0
nag,50,0.0104863061882569,1.0
nag,50,0.0019553440334089,1.0
nag,50,0.0010240421091499,1.0
nag,50,0.0020480914614019,1.0
nag,50,0.0013318358102985,1.0
nag,50,0.0013018936629102,1.0
nag,50,0.0006251490746935,1.0
nag,50,0.0264449068487087,1.0
nag,50,0.0008084273370879,1.0
nag,50,0.0002066606655947,1.0
nag,50,0.0032472384089527,1.0
nag,50,0.006859499619992,1.0
nag,50,0.0011021002828278,1.0
nag,50,0.001013789356673,1.0
nag,50,0.000957265949519,1.0
nag,50,0.0005178861826942,1.0
nag,50,0.0,1.0
nag,50,0.0001890712510874,1.0
nag,50,0.0010184377860665,1.0
nag,50,0.0007108514042579,1.0
nag,50,0.0009238749331167,1.0
nag,50,0.0022012040155605,1.0
nag,50,0.0005883293490403,1.0
nag,50,0.0012937366236576,1.0
nag,50,0.0022975395177584,1.0
nag,50,7.725278551571913e-05,1.0
nag,50,0.0012928910214671,1.0
nag,50,0.0,1.0
nag,50,0.0003976585416029,1.0
nag,50,0.0011566551475598,1.0
nag,50,0.0006769622889281,1.0
nag,50,0.0024011362386819,1.0
nag,50,0.0005084650215508,1.0
nag,50,0.002001826193817,1.0
nag,50,0.0006384120946435,1.0
nag,50,0.0002526937430407,1.0
nag,50,0.0013796740556845,1.0
nag,50,0.0013938497334898,1.0
nag,50,0.0020817066676409,1.0
nag,50,0.0002197341185338,1.0
nag,50,0.0,1.0
nag,50,0.0,1.0
nag,50,0.0,1.0
nag,50,0.0005735262041517,1.0
nag,50,0.0054397112552117,1.0
nag,50,0.0001567163113723,1.0
nag,50,0.0014513440800876,1.0
nag,50,0.0004862732593143,1.0
nag,50,0.0019651884137976,1.0
nag,50,0.0004275269437544,1.0
nag,50,0.0038006570086861,1.0
nag,50,0.0020745632381584,1.0
nag,50,8.11845489639616e-05,1.0
nag,50,0.0011247490621579,1.0
nag,50,0.0005244131789474,1.0
nag,50,0.0002293798688112,1.0
nag,50,0.0006454161449224,1.0
nag,50,0.0086968045431989,1.0
nag,50,0.0047027179698738,1.0
nag,50,0.0008361597730344,1.0
nag,50,0.0036028326294962,1.0
nag,50,0.0003552370657403,1.0
nag,50,0.0003087578012437,1.0
nag,50,0.0011838127572403,1.0
nag,50,0.0096859432534341,1.0
nag,50,0.001211380390724,1.0
nag,50,0.003542960600215,1.0
nag,50,0.0008014986364385,1.0
nag,50,0.0007791814796334,1.0
nag,50,0.0171395010828361,1.0
nag,50,0.000772143458306,1.0
nag,50,0.0006462868445595,1.0
nag,50,0.0,1.0
nag,50,0.0001327112058446,1.0
nag,50,0.0017582867121107,1.0
nag,50,0.0002014381955398,1.0
nag,50,0.0001603913908432,1.0
nag,50,0.0011630600944078,1.0
nag,50,0.0027813491664581,1.0
nag,50,0.0007261824069233,1.0
nag,50,0.0,1.0
nag,50,0.0023697781310374,1.0
nag,50,0.0,1.0
nag,50,0.0026004701486209,1.0
nag,50,0.0017546252845173,1.0
nag,50,0.0017239742212731,1.0
nag,50,0.0018069931950814,1.0
nag,50,0.0018817900891573,1.0
nag,50,0.0,1.0
nag,50,0.0002858267164194,1.0
nag,50,0.0017324387830283,1.0
nag,50,0.0013805307493953,1.0
nag,50,0.0005817806060875,1.0
nag,50,0.0006341203856839,1.0
nag,50,0.0023325659387087,1.0
nag,50,0.0017430585710167,1.0
nag,50,0.0002262737383648,1.0
nag,50,0.0013486849802296,1.0
nag,50,0.0002123567397914,1.0
nag,50,0.0001452048640374,1.0
nag,50,4.6580561271515984e-05,1.0
nag,50,0.003803573774793,1.0
nag,50,0.0,1.0
nag,50,0.0001138500466784,1.0
nag,50,0.0011548043743152,1.0
nag,50,0.0029039507605266,1.0
nag,50,0.0059231959744726,1.0
nag,50,0.0005912036421952,1.0
nag,50,0.0002453765765431,1.0
nag,50,0.0,1.0
nag,50,0.0002500041728482,1.0
nag,50,0.0,1.0
nag,50,0.0001435715823845,1.0
nag,50,0.0059911162673579,1.0
nag,50,0.0012186498989304,1.0
nag,50,0.0024178599867899,1.0
nag,50,0.0015620032850734,1.0
nag,50,0.001186855375213,1.0
nag,50,0.0,1.0
nag,50,0.0019706561322854,1.0
nag,50,0.0013236410116158,1.0
nag,50,0.0002684387151354,1.0
nag,50,0.0,1.0
nag,50,0.0001228961891135,1.0
nag,50,0.0004211457503182,1.0
nag,50,0.0010938492955063,1.0
nag,50,0.0001613723603509,1.0
nag,50,0.0007392288458554,1.0
nag,50,0.0059879636872804,1.0
nag,50,0.0046637348094794,1.0
nag,50,0.0006525299886134,1.0
nag,50,0.0024920691501407,1.0
nag,50,0.0013283320171864,1.0
nag,50,0.0030510276215906,1.0
nag,50,0.0011805201505903,1.0
nag,50,0.0004170746459882,1.0
nag,50,0.003560797645165,1.0
nag,50,0.0,1.0
nag,50,0.0011869086311641,1.0
nag,50,0.0,1.0
nag,50,0.0016793681383065,1.0
nag,50,0.0003248823058363,1.0
nag,50,0.0003009749972544,1.0
nag,50,0.0031791296908121,1.0
nag,50,0.0022336980620785,1.0
nag,50,0.0001489052845138,1.0
nag,50,0.0,1.0
nag,50,0.0051811227587327,1.0
nag,50,0.0004067394550226,1.0
nag,50,0.0152596921996359,1.0
nag,50,0.0001314082551076,1.0
nag,50,0.0026990672498734,1.0
nag,50,0.0047830995118529,1.0
nag,50,0.000127800115836,1.0
nag,50,0.0030338826903568,1.0
nag,50,0.0026778015626642,1.0
nag,50,0.0003869739965721,1.0
nag,50,0.0001976518598347,1.0
nag,50,0.0,1.0
bg,50,5.992309165019452e-07,1.0
bg,50,4.200947209528035e-07,1.0
bg,50,5.230848420147422e-07,1.0
bg,50,3.005677411053838e-07,1.0
bg,50,3.877674334087321e-07,1.0
bg,50,4.161861771773846e-07,1.0
bg,50,6.483460215420929e-07,1.0
bg,50,6.764126752177375e-07,1.0
bg,50,7.221196196069851e-07,1.0
bg,50,3.2730504252424065e-07,1.0
bg,50,6.355031117217498e-07,1.0
bg,50,4.899239629329413e-07,1.0
bg,50,6.10610345208203e-07,1.0
bg,50,7.65109237842001e-07,1.0
bg,50,6.857462811124553e-07,1.0
bg,50,2.8902377849853413e-07,1.0
bg,50,9.83567447585568e-07,1.0
bg,50,5.970871504961936e-07,1.0
bg,50,2.9789267344193545e-07,1.0
bg,50,9.369696109747094e-07,1.0
bg,50,9.800850056825994e-07,1.0
bg,50,4.169401747034858e-07,1.0
bg,50,7.977710495063535e-07,1.0
bg,50,8.69722584502834e-07,1.0
bg,50,3.377253231755595e-07,1.0
bg,50,4.286222776739598e-07,1.0
bg,50,6.11289728852746e-07,1.0
bg,50,4.530924264798457e-07,1.0
bg,50,3.930027249005454e-07,1.0
bg,50,4.3989301597712e-07,1.0
bg,50,7.48444292337986e-07,1.0
bg,50,4.676595872708643e-07,1.0
bg,50,2.6368608985554637e-07,1.0
bg,50,7.339137389210344e-07,1.0
bg,50,2.942304162119129e-07,1.0
bg,50,4.5574662138977636e-07,1.0
bg,50,5.267344251998547e-07,1.0
bg,50,3.768817711786888e-07,1.0
bg,50,7.003669101754001e-07,1.0
bg,50,5.334647570445515e-07,1.0
bg,50,3.317596633157418e-07,1.0
bg,50,6.513089718659606e-07,1.0
bg,50,8.425729597663621e-07,1.0
bg,50,1.2807827472810378e-06,1.0
bg,50,5.900185946738838e-07,1.0
bg,50,3.862543414312497e-07,1.0
bg,50,4.397567109502123e-07,1.0
bg,50,8.638010781857293e-07,1.0
bg,50,6.180558402187553e-07,1.0
bg,50,3.63798742229444e-07,1.0
bg,50,5.894137724912127e-07,1.0
bg,50,7.969088345501778e-07,1.0
bg,50,3.4297654321376276e-07,1.0
bg,50,3.337505707304567e-07,1.0
bg,50,1.0371374230011377e-06,1.0
bg,50,6.705163247444852e-07,1.0
bg,50,7.633530725681452e-07,1.0
bg,50,8.848109115465147e-07,1.0
bg,50,6.900248738068573e-07,1.0
bg,50,7.630658792382785e-07,1.0
bg,50,3.097831336431021e-07,1.0
bg,50,6.540361377266326e-07,1.0
bg,50,7.724586760318493e-07,1.0
bg,50,8.25682308490634e-07,1.0
bg,50,4.4982427557893636e-07,1.0
bg,50,3.766389320098493e-07,1.0
bg,50,5.304093161228267e-07,1.0
bg,50,3.6096525460903027e-07,1.0
bg,50,3.258900792277332e-07,1.0
bg,50,3.825347808684502e-07,1.0
bg,50,8.317498135266088e-07,1.0
bg,50,1.3594536069152728e-06,1.0
bg,50,4.0623751156511697e-07,1.0
bg,50,3.680896164494866e-07,1.0
bg,50,1.518948641339586e-06,1.0
bg,50,4.6754223177598886e-07,1.0
bg,50,6.369786587727728e-07,1.0
bg,50,8.217061327498529e-07,1.0
bg,50,4.970631097285613e-07,1.0
bg,50,5.33651809241227e-07,1.0
bg,50,4.880865495446027e-07,1.0
bg,50,7.167541408735245e-07,1.0
bg,50,4.588997999604647e-07,1.0
bg,50,7.406810040729239e-07,1.0
bg,50,4.3108942217462e-07,1.0
bg,50,4.713763517470774e-07,1.0
bg,50,3.298455889710293e-07,1.0
bg,50,5.136660866951826e-07,1.0
bg,50,8.726451370280431e-07,1.0
bg,50,7.770157491254005e-07,1.0
bg,50,7.303529032995135e-07,1.0
bg,50,5.828493770369855e-07,1.0
bg,50,5.377126987195534e-07,1.0
bg,50,6.069169114801629e-07,1.0
bg,50,5.633823293451414e-07,1.0
bg,50,4.841745016144602e-07,1.0
bg,50,5.739123540053864e-07,1.0
bg,50,4.789082020269359e-07,1.0
bg,50,5.118936273637475e-07,1.0
bg,50,7.174612512874899e-07,1.0
bg,50,5.759870205124446e-07,1.0
bg,50,4.348968840013421e-07,1.0
bg,50,7.89855730782405e-07,1.0
bg,50,3.901774464271565e-07,1.0
bg,50,6.65439388988254e-07,1.0
bg,50,4.389212880183457e-07,1.0
bg,50,2.3493187182922655e-07,1.0
bg,50,3.521313376849809e-07,1.0
bg,50,4.548942687175731e-07,1.0
bg,50,6.358655769092051e-07,1.0
bg,50,2.5846554071404097e-07,1.0
bg,50,2.9353708680552186e-07,1.0
bg,50,7.321247054756045e-07,1.0
bg,50,7.36182099506162e-07,1.0
bg,50,5.046702592395984e-07,1.0
bg,50,4.482634951948144e-07,1.0
bg,50,7.759616439965881e-07,1.0
bg,50,5.33515456290682e-07,1.0
bg,50,4.0217951940597825e-07,1.0
bg,50,4.856558081158358e-07,1.0
bg,50,6.113796979390548e-07,1.0
bg,50,1.252398806415422e-06,1.0
bg,50,4.604375672278103e-07,1.0
bg,50,5.840218361185235e-07,1.0
bg,50,3.594996725384683e-07,1.0
bg,50,3.524777320584721e-07,1.0
bg,50,3.9755729242507993e-07,1.0
bg,50,6.905636839924112e-07,1.0
bg,50,8.407427073613737e-07,1.0
bg,50,3.103423776387954e-07,1.0
bg,50,4.629705671861728e-07,1.0
bg,50,2.521250864444465e-07,1.0
bg,50,4.75355025280893e-07,1.0
bg,50,7.415166808411623e-07,1.0
bg,50,2.974417638219718e-07,1.0
bg,50,5.131795050964649e-07,1.0
bg,50,6.255109184092855e-07,1.0
bg,50,5.095419249065534e-07,1.0
bg,50,5.749970809468298e-07,1.0
bg,50,5.49366906528802e-07,1.0
bg,50,8.098285841178268e-07,1.0
bg,50,4.141024140926647e-07,1.0
bg,50,2.916237239729985e-07,1.0
bg,50,7.376516153895243e-07,1.0
bg,50,8.183549318569185e-07,1.0
bg,50,3.931157401336351e-07,1.0
bg,50,7.725001002158763e-07,1.0
bg,50,6.743589553606578e-07,1.0
bg,50,6.515388610129391e-07,1.0
bg,50,7.301230161878457e-07,1.0
bg,50,5.6260698984403e-07,1.0
bg,50,2.890106970862814e-07,1.0
bg,50,1.0370894784458122e-06,1.0
bg,50,2.912358393229108e-07,1.0
bg,50,8.379929757479611e-07,1.0
bg,50,3.522098022012877e-07,1.0
bg,50,4.839024753764409e-07,1.0
bg,50,5.506504539129775e-07,1.0
bg,50,5.087111367402199e-07,1.0
bg,50,5.994365942087776e-07,1.0
bg,50,4.576762163893213e-07,1.0
bg,50,7.244240349095668e-07,1.0
bg,50,4.023486790010115e-07,1.0
bg,50,5.18987465473028e-07,1.0
bg,50,5.51592220184116e-07,1.0
bg,50,7.247688696936039e-07,1.0
bg,50,6.737297064004888e-07,1.0
bg,50,3.844316710189246e-07,1.0
bg,50,8.571196600628855e-07,1.0
bg,50,6.143452033903463e-07,1.0
bg,50,7.688078923679987e-07,1.0
bg,50,4.496013214060137e-07,1.0
bg,50,3.772296257148903e-07,1.0
bg,50,2.8438979010798114e-07,1.0
bg,50,4.733763715474425e-07,1.0
bg,50,8.160000221118053e-07,1.0
bg,50,6.87583545900696e-07,1.0
bg,50,5.548025804099292e-07,1.0
bg,50,1.008022591044258e-06,1.0
bg,50,5.134541478874496e-07,1.0
bg,50,6.19218348485392e-07,1.0
bg,50,4.5645354314326633e-07,1.0
bg,50,4.3163932288857763e-07,1.0
bg,50,8.778106827192863e-07,1.0
bg,50,8.836973014251136e-07,1.0
bg,50,6.851940443613694e-07,1.0
bg,50,7.000566605647173e-07,1.0
bg,50,6.3698780431517e-07,1.0
bg,50,5.50847539458809e-07,1.0
bg,50,4.2978209870606106e-07,1.0
bg,50,7.308118666696287e-07,1.0
bg,50,4.51575739640595e-07,1.0
bg,50,9.356861556664896e-07,1.0
bg,50,5.783338408540812e-07,1.0
bg,50,4.594278188335646e-07,1.0
bg,50,7.374283099503073e-07,1.0
bg,50,5.760393853027127e-07,1.0
bg,50,5.728899758950438e-07,1.0
bg,50,3.882761827242333e-07,1.0
bg,50,6.574554446852123e-07,1.0
bg,50,5.368972061592934e-07,1.0
bg,50,3.561776343537705e-07,1.0
bg,50,5.026300743319137e-07,1.0
bg,50,6.676398816427469e-07,1.0
bg,50,6.964485242232605e-07,1.0
bg,50,4.434312914044324e-07,1.0
bg,50,5.514985384466456e-07,1.0
bg,50,5.906496426211171e-07,1.0
bg,50,2.3073728367313026e-07,1.0
bg,50,4.74799289143593e-07,1.0
bg,50,5.559758021621276e-07,1.0
bg,50,7.29361409881138e-07,1.0
bg,50,1.0191869239352013e-06,1.0
bg,50,7.107375567326733e-07,1.0
bg,50,2.0826295668174465e-07,1.0
bg,50,5.96907433361915e-07,1.0
bg,50,5.851461030072355e-07,1.0
bg,50,5.962817022619234e-07,1.0
bg,50,5.922782688466346e-07,1.0
bg,50,3.60610348488233e-07,1.0
bg,50,5.152491475478652e-07,1.0
bg,50,5.681431882829002e-07,1.0
bg,50,6.181314609230045e-07,1.0
bg,50,6.937824323831607e-07,1.0
bg,50,6.838553193544181e-07,1.0
bg,50,7.239759362569162e-07,1.0
bg,50,1.1508369513481125e-06,1.0
bg,50,3.5021421184911266e-07,1.0
bg,50,6.881089307065358e-07,1.0
bg,50,8.30123681437973e-07,1.0
bg,50,4.955379635680378e-07,1.0
bg,50,6.505182042441016e-07,1.0
bg,50,3.259560116222939e-07,1.0
bg,50,5.45920328641198e-07,1.0
bg,50,4.14603986470691e-07,1.0
bg,50,5.13433129323391e-07,1.0
bg,50,6.108744296421782e-07,1.0
bg,50,6.517333643415632e-07,1.0
bg,50,5.05404981948897e-07,1.0
bg,50,9.00823881082648e-07,1.0
bg,50,5.859825173576686e-07,1.0
bg,50,5.69996076177059e-07,1.0
bg,50,5.974249851160495e-07,1.0
bg,50,5.046795126831084e-07,1.0
bg,50,6.912466745922952e-07,1.0
bg,50,3.420764118170185e-07,1.0
bg,50,5.020445341073632e-07,1.0
bg,50,2.8933037492690285e-07,1.0
bg,50,3.130714925272203e-07,1.0
bg,50,1.0170247921958231e-06,1.0
bg,50,5.367394602074865e-07,1.0
bg,50,4.946007516965977e-07,1.0
bg,50,3.8440906889568905e-07,1.0
bg,50,7.367769937873092e-07,1.0
bg,50,6.600674688670097e-07,1.0
bg,50,4.445169763896701e-07,1.0
bg,50,6.98181567865469e-07,1.0
bg,50,3.738230592856804e-07,1.0
bg,50,1.022107934051357e-06,1.0
bg,50,3.552512664342991e-07,1.0
bg,50,4.927798471003761e-07,1.0
bg,50,5.208710593032916e-07,1.0
bg,50,2.934702361198088e-07,1.0
bg,50,4.137068099965441e-07,1.0
bg,50,2.633738501040065e-07,1.0
bg,50,3.6873929550340443e-07,1.0
bg,50,3.395752935666098e-07,1.0
bg,50,6.068469106410477e-07,1.0
bg,50,8.434193742104975e-07,1.0
bg,50,1.3447457999381085e-06,1.0
bg,50,1.2143209975398065e-06,1.0
bg,50,8.275492999490924e-07,1.0
bg,50,5.907199161886026e-07,1.0
bg,50,4.6481216599081643e-07,1.0
bg,50,3.439759430929975e-07,1.0
bg,50,5.676557999342346e-07,1.0
bg,50,4.027183697106825e-07,1.0
bg,50,5.72828564509655e-07,1.0
bg,50,2.431409872215704e-07,1.0
bg,50,6.858573511623261e-07,1.0
bg,50,4.66018953194635e-07,1.0
bg,50,2.6964862202432066e-07,1.0
bg,50,5.486460943581241e-07,1.0
bg,50,4.092506764640406e-07,1.0
bg,50,1.816425272437336e-07,1.0
bg,50,5.563573161435313e-07,1.0
bg,50,4.637819117943929e-07,1.0
bg,50,8.682441269114243e-07,1.0
bg,50,4.212943197251271e-07,1.0
bg,50,3.933578802753589e-07,1.0
bg,50,5.001730388474121e-07,1.0
bg,50,6.017957014434093e-07,1.0
bg,50,6.237077912885428e-07,1.0
bg,50,1.0295772206540717e-06,1.0
bg,50,4.820966018139196e-07,1.0
bg,50,9.534301802213198e-07,1.0
bg,50,8.753828656163017e-07,1.0
bg,50,2.678779984324875e-07,1.0
bg,50,4.743224936960609e-07,1.0
bg,50,3.93143662726433e-07,1.0
bg,50,7.334219307093652e-07,1.0
bg,50,3.3550846436479857e-07,1.0
bg,50,9.138890246835442e-07,1.0
bg,50,5.276056413756866e-07,1.0
bg,50,6.518168002413163e-07,1.0
bg,50,5.952130769795918e-07,1.0
bg,50,5.157111851010163e-07,1.0
bg,50,3.686991634825789e-07,1.0
bg,50,5.130143805815088e-07,1.0
bg,50,4.282011541549873e-07,1.0
bg,50,5.870973821597357e-07,1.0
bg,50,6.607930173406337e-07,1.0
bg,50,9.454166645751268e-07,1.0
bg,50,8.711453675386078e-07,1.0
bg,50,4.409575074695291e-07,1.0
bg,50,2.741126183505982e-07,1.0
bg,50,5.209059983020795e-07,1.0
bg,50,3.495642162413071e-07,1.0
bg,50,6.22097216999095e-07,1.0
bg,50,2.933017545263662e-07,1.0
bg,50,1.130647303962253e-06,1.0
bg,50,3.0970342895143433e-07,1.0
bg,50,1.0922946743048845e-06,1.0
bg,50,7.849046470073883e-07,1.0
bg,50,9.361462464950092e-07,1.0
bg,50,2.3616309133711377e-07,1.0
bg,50,4.174818453809181e-07,1.0
bg,50,8.290102829882208e-07,1.0
bg,50,3.1492714508603996e-07,1.0
bg,50,3.348742953525761e-07,1.0
bg,50,8.698286227960499e-07,1.0
bg,50,6.267875970767936e-07,1.0
bg,50,6.901060420342222e-07,1.0
bg,50,4.86854023706141e-07,1.0
bg,50,1.639605975158879e-07,1.0
bg,50,9.625372735052872e-07,1.0
bg,50,5.030894472636244e-07,1.0
bg,50,6.487514798157397e-07,1.0
bg,50,5.501626651594855e-07,1.0
bg,50,3.818315048563314e-07,1.0
bg,50,5.182496562703399e-07,1.0
bg,50,3.378272387541349e-07,1.0
bg,50,7.868208847577949e-07,1.0
bg,50,6.537460795733016e-07,1.0
bg,50,2.977708180810479e-07,1.0
bg,50,7.934091307422449e-07,1.0
bg,50,6.764037631853671e-07,1.0
bg,50,4.933485440244629e-07,1.0
bg,50,6.422828040482383e-07,1.0
bg,50,5.19655156695805e-07,1.0
bg,50,3.074830437632839e-07,1.0
bg,50,3.139929990403029e-07,1.0
bg,50,3.410194082281171e-07,1.0
bg,50,3.68603694047798e-07,1.0
bg,50,6.012917726859392e-07,1.0
bg,50,7.018143049326952e-07,1.0
bg,50,8.404170327311884e-07,1.0
bg,50,5.110619222956521e-07,1.0
bg,50,3.212361233943604e-07,1.0
bg,50,4.181642650606986e-07,1.0
bg,50,5.606276718522925e-07,1.0
bg,50,5.009430779288876e-07,1.0
bg,50,5.679274856041431e-07,1.0
bg,50,3.37768683096835e-07,1.0
bg,50,4.909751589753481e-07,1.0
bg,50,8.570935466136212e-07,1.0
bg,50,6.64440645920949e-07,1.0
bg,50,7.213705578372509e-07,1.0
bg,50,5.998544703439506e-07,1.0
bg,50,5.725408035968714e-07,1.0
bg,50,5.606347631580094e-07,1.0
bg,50,5.495815460885605e-07,1.0
bg,50,4.14355951515925e-07,1.0
bg,50,3.2522305005545577e-07,1.0
bg,50,2.6927305413589716e-07,1.0
bg,50,4.3951296088828434e-07,1.0
bg,50,6.954341999527896e-07,1.0
bg,50,5.38586825965183e-07,1.0
bg,50,3.74500166980725e-07,1.0
bg,50,3.1340420723771773e-07,1.0
bg,50,1.0170954601535603e-06,1.0
bg,50,6.590489748505514e-07,1.0
bg,50,2.9942428232431657e-07,1.0
bg,50,3.187725309147479e-07,1.0
bg,50,6.537269370803648e-07,1.0
bg,50,3.4037384219695e-07,1.0
bg,50,4.336495372904911e-07,1.0
bg,50,3.558147672456912e-07,1.0
bg,50,6.139946597479882e-07,1.0
bg,50,7.263157134481924e-07,1.0
bg,50,5.293246023522091e-07,1.0
bg,50,5.033286437414479e-07,1.0
bg,50,6.385740663173863e-07,1.0
bg,50,7.68944496485154e-07,1.0
bg,50,2.9094646568309193e-07,1.0
bg,50,6.71219143498211e-07,1.0
bg,50,4.976715698211507e-07,1.0
bg,50,7.047707960863202e-07,1.0
bg,50,6.169226947859263e-07,1.0
bg,50,7.56857113652336e-07,1.0
bg,50,7.663236449566742e-07,1.0
bg,50,7.288036145084819e-07,1.0
bg,50,3.0564377328601217e-07,1.0
bg,50,5.003590287384384e-07,1.0
bg,50,4.125428248059071e-07,1.0
bg,50,8.430656012768779e-07,1.0
bg,50,5.5715349369774e-07,1.0
bg,50,6.428062929568568e-07,1.0
bg,50,4.162487171103335e-07,1.0
bg,50,4.31550809262977e-07,1.0
bg,50,4.878199537020301e-07,1.0
bg,50,4.588056148004843e-07,1.0
bg,50,4.249844152727323e-07,1.0
bg,50,7.747490100932262e-07,1.0
bg,50,4.750942354764046e-07,1.0
bg,50,4.952982415289907e-07,1.0
bg,50,5.315976638553033e-07,1.0
bg,50,5.205216834204463e-07,1.0
bg,50,5.660034644459724e-07,1.0
bg,50,1.136305696169343e-06,1.0
bg,50,4.043686470287178e-07,1.0
bg,50,5.841980125092031e-07,1.0
bg,50,7.167285360661362e-07,1.0
bg,50,6.453846923236336e-07,1.0
bg,50,5.645038376594774e-07,1.0
bg,50,6.49160259352044e-07,1.0
bg,50,6.778341141870169e-07,1.0
bg,50,7.56151041566721e-07,1.0
bg,50,4.936330132253711e-07,1.0
bg,50,7.306209730430931e-07,1.0
bg,50,7.310831308898144e-07,1.0
bg,50,4.217994322681094e-07,1.0
bg,50,6.965850470872926e-07,1.0
bg,50,7.467383636546423e-07,1.0
bg,50,2.645904414899399e-07,1.0
bg,50,4.5723742959772196e-07,1.0
bg,50,4.439937347907413e-07,1.0
bg,50,9.629452645716604e-07,1.0
bg,50,9.900617594889156e-07,1.0
bg,50,6.773429615165248e-07,1.0
bg,50,9.856264483538785e-07,1.0
bg,50,8.844954032766755e-07,1.0
bg,50,3.979037952905265e-07,1.0
bg,50,7.815265151738373e-07,1.0
bg,50,6.817602482181751e-07,1.0
bg,50,7.459178475546891e-07,1.0
bg,50,5.446832893127212e-07,1.0
bg,50,6.491467344601562e-07,1.0
bg,50,5.801415543668834e-07,1.0
bg,50,4.770648240398656e-07,1.0
bg,50,5.605897845128978e-07,1.0
bg,50,8.38542616227359e-07,1.0
bg,50,9.463807324106392e-07,1.0
bg,50,7.94218377144414e-07,1.0
bg,50,5.840741316416096e-07,1.0
bg,50,7.973628660358918e-07,1.0
bg,50,4.711298550542773e-07,1.0
bg,50,7.77379931098087e-07,1.0
bg,50,4.344125075996003e-07,1.0
bg,50,2.933359855522064e-07,1.0
bg,50,8.611512682708222e-07,1.0
bg,50,1.1639714067143855e-06,1.0
bg,50,6.299603229769911e-07,1.0
bg,50,5.640726903015838e-07,1.0
bg,50,5.829221877240527e-07,1.0
bg,50,5.688351907001076e-07,1.0
bg,50,6.82793842367832e-07,1.0
bg,50,6.176885738114395e-07,1.0
bg,50,5.2182464902939e-07,1.0
bg,50,8.09671753968056e-07,1.0
bg,50,4.257615619317842e-07,1.0
bg,50,7.378576483473909e-07,1.0
bg,50,4.238751579850817e-07,1.0
bg,50,6.69759132308232e-07,1.0
bg,50,5.992196110452966e-07,1.0
bg,50,7.702272618886124e-07,1.0
bg,50,9.540567247684391e-07,1.0
bg,50,4.45225453659353e-07,1.0
bg,50,4.63570127161016e-07,1.0
bg,50,5.430370336091266e-07,1.0
bg,50,3.545826164376628e-07,1.0
bg,50,2.1229825015145213e-07,1.0
bg,50,2.3981698274930445e-07,1.0
bg,50,3.548397686723395e-07,1.0
bg,50,6.566192810360747e-07,1.0
bg,50,4.6924342738471075e-07,1.0
bg,50,4.948039125222638e-07,1.0
bg,50,8.530211294432395e-07,1.0
bg,50,5.723960757826549e-07,1.0
bg,50,8.315351539603722e-07,1.0
bg,50,6.592893722480444e-07,1.0
bg,50,7.297097401679431e-07,1.0
bg,50,2.923602025833272e-07,1.0
bg,50,7.35110378225841e-07,1.0
bg,50,8.439499922868225e-07,1.0
bg,50,5.79550128618327e-07,1.0
bg,50,6.211221658927354e-07,1.0
bg,50,4.985964122610054e-07,1.0
bg,50,6.481162033385328e-07,1.0
bg,50,6.237432132141708e-07,1.0
ag,50,0.0199932737194145,1.5
ag,50,0.0012126945259898,1.5
ag,50,0.0044805494488708,1.5
ag,50,0.0189365220066831,1.5
ag,50,0.0189855226381481,1.5
ag,50,0.0028780095292647,1.5
ag,50,0.0002070839217345,1.5
ag,50,0.0017062697055419,1.5
ag,50,0.0218912794721164,1.5
ag,50,0.0385336738926811,1.5
ag,50,0.0663773882299261,1.5
ag,50,0.0583453026322882,1.5
ag,50,0.0088605594213983,1.5
ag,50,0.0132893798539671,1.5
ag,50,0.0112398864146168,1.5
ag,50,0.0201637625862979,1.5
ag,50,0.0034446567429794,1.5
ag,50,0.0105081083359412,1.5
ag,50,0.0104138266988443,1.5
ag,50,0.0204231048965449,1.5
ag,50,0.0123360001573068,1.5
ag,50,0.0007935835697954,1.5
ag,50,0.0027704500015999,1.5
ag,50,0.0,1.5
ag,50,0.0383459909205762,1.5
ag,50,0.0021928609283128,1.5
ag,50,0.0128021999355932,1.5
ag,50,0.0016464773754416,1.5
ag,50,0.015458385175005,1.5
ag,50,0.0090658334195972,1.5
ag,50,0.003913972926616,1.5
ag,50,0.0087832972753161,1.5
ag,50,0.0290366780253139,1.5
ag,50,0.0004109678597797,1.5
ag,50,0.0900200531127461,1.5
ag,50,0.0008078597784178,1.5
ag,50,0.0023678831891391,1.5
ag,50,0.0044866211627784,1.5
ag,50,0.0038868155667316,1.5
ag,50,0.0289512353983645,1.5
ag,50,0.0033266625856465,1.5
ag,50,0.0031330453453198,1.5
ag,50,0.0049642552478491,1.5
ag,50,0.0294389651414562,1.5
ag,50,0.0034473196710423,1.5
ag,50,0.0013988950753586,1.5
ag,50,0.0119053597143666,1.5
ag,50,0.0321409541055551,1.5
ag,50,0.0008954510906653,1.5
ag,50,0.0225046027250262,1.5
ag,50,0.0150630604709381,1.5
ag,50,0.0053870147239846,1.5
ag,50,0.0101452719469038,1.5
ag,50,0.0036153453908309,1.5
ag,50,0.02065632768335,1.5
ag,50,0.0433184478569361,1.5
ag,50,0.0451213337233148,1.5
ag,50,0.0046402295721213,1.5
ag,50,0.0110773457835729,1.5
ag,50,0.0003707030156815,1.5
ag,50,0.0170317448149498,1.5
ag,50,0.05463540494391,1.5
ag,50,0.0238447927266609,1.5
ag,50,0.0019387711044168,1.5
ag,50,0.0014959559947644,1.5
ag,50,0.0539027575568671,1.5
ag,50,0.00517457582825,1.5
ag,50,0.0582631852031094,1.5
ag,50,0.0086776062759672,1.5
ag,50,0.0050231224892666,1.5
ag,50,0.0100543695370588,1.5
ag,50,0.0091800664396018,1.5
ag,50,0.0095199590233881,1.5
ag,50,0.0020110156628277,1.5
ag,50,0.015624493834128,1.5
ag,50,0.0034745796806253,1.5
ag,50,0.0076949554370429,1.5
ag,50,0.0115651433290066,1.5
ag,50,0.0346170063300771,1.5
ag,50,0.0143601557728073,1.5
ag,50,0.0099698191056071,1.5
ag,50,8.6275170996615e-05,1.5
ag,50,0.0121940898375171,1.5
ag,50,0.004205388985751,1.5
ag,50,0.0021179179558581,1.5
ag,50,0.0049654490658114,1.5
ag,50,0.048247517378068,1.5
ag,50,0.0246973155340311,1.5
ag,50,0.0465663648832754,1.5
ag,50,0.0005637280668204,1.5
ag,50,0.0124826206903207,1.5
ag,50,0.0014795185148312,1.5
ag,50,0.0071864502903942,1.5
ag,50,0.007652583627388,1.5
ag,50,0.0005894708985177,1.5
ag,50,0.0087835197050939,1.5
ag,50,0.0701287742412298,1.5
ag,50,0.000646897111031,1.5
ag,50,0.0159592682739671,1.5
ag,50,0.0028390030300365,1.5
ag,50,0.0005603267799044,1.5
ag,50,0.0284880903712536,1.5
ag,50,0.0190348354660848,1.5
ag,50,0.0053379589708722,1.5
ag,50,0.0193099790300902,1.5
ag,50,0.0030891710325843,1.5
ag,50,0.0013107215764689,1.5
ag,50,0.0128424870699027,1.5
ag,50,0.0051909916694617,1.5
ag,50,0.0086281248420848,1.5
ag,50,0.0374134020557471,1.5
ag,50,0.0074898983983863,1.5
ag,50,0.0579293803556729,1.5
ag,50,0.0025711577562445,1.5
ag,50,0.000228656214481,1.5
ag,50,0.021887928916352,1.5
ag,50,0.0039407944631366,1.5
ag,50,0.0039255419841378,1.5
ag,50,0.0089713741969748,1.5
ag,50,0.0314088591921946,1.5
ag,50,0.0156675043155668,1.5
ag,50,0.0015904859075813,1.5
ag,50,0.0217910206579246,1.5
ag,50,0.0082467054882374,1.5
ag,50,0.0012780739687015,1.5
ag,50,0.031448323357008,1.5
ag,50,0.0085003661204002,1.5
ag,50,0.0352485220022311,1.5
ag,50,0.0243634617794842,1.5
ag,50,0.0511951593727094,1.5
ag,50,0.0003295850599692,1.5
ag,50,0.0101150678016427,1.5
ag,50,0.0046186812169425,1.5
ag,50,0.0126044487248125,1.5
ag,50,0.0043140458872339,1.5
ag,50,0.0163545640523091,1.5
ag,50,0.0118426838147122,1.5
ag,50,0.0042961917298443,1.5
ag,50,0.0082347272742327,1.5
ag,50,0.0039403732182278,1.5
ag,50,0.0069041460551032,1.5
ag,50,0.0061543668265211,1.5
ag,50,0.0172727152020805,1.5
ag,50,0.0088967707283153,1.5
ag,50,0.0003428077779074,1.5
ag,50,0.0652676807424642,1.5
ag,50,0.0064272385747524,1.5
ag,50,0.0115202893256476,1.5
ag,50,0.0057194577470689,1.5
ag,50,0.0051736891755843,1.5
ag,50,0.0029791666398361,1.5
ag,50,0.0051299549928466,1.5
ag,50,0.0151547836511448,1.5
ag,50,0.0094308614093967,1.5
ag,50,0.0157358280937309,1.5
ag,50,0.0138264542159173,1.5
ag,50,0.0193136694675931,1.5
ag,50,0.0085349502422513,1.5
ag,50,0.005384496161469,1.5
ag,50,0.0026461949247847,1.5
ag,50,0.0138296192006974,1.5
ag,50,0.0110072489765853,1.5
ag,50,0.0155730980288374,1.5
ag,50,0.0040059521035987,1.5
ag,50,0.0092849191065665,1.5
ag,50,0.019947344358992,1.5
ag,50,0.0154753037184231,1.5
ag,50,0.0055623905313455,1.5
ag,50,0.0169311660617147,1.5
ag,50,0.0051768402816342,1.5
ag,50,0.0003275473479398,1.5
ag,50,0.0711555294058078,1.5
ag,50,0.0048207937146584,1.5
ag,50,0.001946902416803,1.5
ag,50,0.0088249134229045,1.5
ag,50,0.0002660922290024,1.5
ag,50,0.0341911360856843,1.5
ag,50,0.0010925374172365,1.5
ag,50,0.0036658494821401,1.5
ag,50,0.0451513988961823,1.5
ag,50,0.0116923621804357,1.5
ag,50,0.0202845860929552,1.5
ag,50,0.0043354217824837,1.5
ag,50,0.0095045466945178,1.5
ag,50,0.0015953291954801,1.5
ag,50,0.0053089514585127,1.5
ag,50,0.011246215271193,1.5
ag,50,0.0060312173184944,1.5
ag,50,0.0119574165011996,1.5
ag,50,0.0137387624795323,1.5
ag,50,0.0032912550936174,1.5
ag,50,0.0002963547543505,1.5
ag,50,0.0027795993817929,1.5
ag,50,0.0082244571980481,1.5
ag,50,0.0330487765761874,1.5
ag,50,0.0130516226762207,1.5
ag,50,0.0005044901923988,1.5
ag,50,0.0327149643869783,1.5
ag,50,0.0061967993158347,1.5
ag,50,0.0014752843831558,1.5
ag,50,0.066833088912799,1.5
ag,50,0.0073217346683219,1.5
ag,50,0.0046997806349087,1.5
ag,50,0.019272543708423,1.5
ag,50,0.0007942932611083,1.5
ag,50,0.0048095541001401,1.5
ag,50,0.0098406785035592,1.5
ag,50,0.0424579587810655,1.5
ag,50,0.0095697313185974,1.5
ag,50,0.0063635920145396,1.5
ag,50,0.0045990270050931,1.5
ag,50,0.0581613794909124,1.5
ag,50,0.0336331206159155,1.5
ag,50,0.0128924674702292,1.5
ag,50,0.020124992054033,1.5
ag,50,0.0140916818237786,1.5
ag,50,0.011070322481417,1.5
ag,50,0.0011954502256889,1.5
ag,50,0.0066009843028401,1.5
ag,50,0.0024139814757801,1.5
ag,50,0.0305476013078494,1.5
ag,50,0.0066938823851444,1.5
ag,50,0.0023511009264891,1.5
ag,50,0.0056864839238605,1.5
ag,50,0.0017670865262549,1.5
ag,50,0.014222044745572,1.5
ag,50,0.0087944184315445,1.5
ag,50,0.0560211175593889,1.5
ag,50,0.0049349273701389,1.5
ag,50,0.0177043328823539,1.5
ag,50,0.0137474445855537,1.5
ag,50,0.024381530709165,1.5
ag,50,0.0012769313893254,1.5
ag,50,0.0106562989901494,1.5
ag,50,0.0094555852262502,1.5
ag,50,0.1144314359877293,1.5
ag,50,0.0032186641164224,1.5
ag,50,0.0040040294336072,1.5
ag,50,0.0202049961801174,1.5
ag,50,0.0151293313316305,1.5
ag,50,0.0085703347272723,1.5
ag,50,0.0104085335769651,1.5
ag,50,0.0303290371719059,1.5
ag,50,0.0020909979715287,1.5
ag,50,0.0107825454714768,1.5
ag,50,0.0025643060900086,1.5
ag,50,0.013156458259112,1.5
ag,50,0.0023501736234811,1.5
ag,50,0.0072808783369947,1.5
ag,50,0.0072099553995859,1.5
ag,50,0.0509508856799285,1.5
ag,50,0.0200196706490123,1.5
ag,50,0.0011466779429291,1.5
ag,50,0.0295741093238849,1.5
ag,50,0.004288266745487,1.5
ag,50,0.0127321620512594,1.5
ag,50,0.001754800783705,1.5
ag,50,0.0042291441400738,1.5
ag,50,0.0101291532172156,1.5
ag,50,0.0033923621341248,1.5
ag,50,0.0141609253973263,1.5
ag,50,0.0283227408358473,1.5
ag,50,0.0033607979606051,1.5
ag,50,0.0216877373476931,1.5
ag,50,0.0027278095384289,1.5
ag,50,0.0047639308972634,1.5
ag,50,0.0121387795062053,1.5
ag,50,0.0298283524759108,1.5
ag,50,0.0273156155263051,1.5
ag,50,0.0016447316433601,1.5
ag,50,0.0520854543379443,1.5
ag,50,0.020961315473782,1.5
ag,50,0.0064320792705647,1.5
ag,50,0.011279952642329,1.5
ag,50,0.0027525938073273,1.5
ag,50,0.0013588255663079,1.5
ag,50,0.0540074235945506,1.5
ag,50,0.0054009129526463,1.5
ag,50,0.0011693976406061,1.5
ag,50,0.004649904345835,1.5
ag,50,0.0189179845998947,1.5
ag,50,0.0109032961532426,1.5
ag,50,0.0061145384372351,1.5
ag,50,0.0597907683176251,1.5
ag,50,0.0105572110611707,1.5
ag,50,0.0081166801857729,1.5
ag,50,0.0068780177531921,1.5
ag,50,0.005349817849518,1.5
ag,50,0.0021512940407838,1.5
ag,50,0.0027464692939926,1.5
ag,50,0.0030159272022001,1.5
ag,50,0.0058412427665776,1.5
ag,50,0.0004153346111412,1.5
ag,50,0.0028596203131047,1.5
ag,50,0.0066920344963083,1.5
ag,50,0.0587654058504428,1.5
ag,50,0.0005680774316173,1.5
ag,50,0.0286812022472973,1.5
ag,50,0.0298100507325129,1.5
ag,50,0.0299266037864092,1.5
ag,50,0.0059831913169927,1.5
ag,50,0.0015398991001989,1.5
ag,50,0.0160743403865779,1.5
ag,50,0.0081537664075672,1.5
ag,50,0.0167432252895411,1.5
ag,50,0.0074229397072357,1.5
ag,50,0.0484595154644169,1.5
ag,50,0.0209026763116454,1.5
ag,50,0.0011689417755682,1.5
ag,50,0.0033437958884564,1.5
ag,50,0.0099354714955295,1.5
ag,50,0.00245760897425,1.5
ag,50,0.0137033702911217,1.5
ag,50,0.0139739043150356,1.5
ag,50,0.0079454833222646,1.5
ag,50,9.616447591335974e-05,1.5
ag,50,0.0008311728553309,1.5
ag,50,0.004771786582475,1.5
ag,50,0.0116568277605543,1.5
ag,50,0.0170260239544356,1.5
ag,50,0.0032637582376934,1.5
ag,50,0.0123574172339193,1.5
ag,50,0.008524510738647,1.5
ag,50,0.0141206808704533,1.5
ag,50,0.0718044478512415,1.5
ag,50,0.0009318504091556,1.5
ag,50,0.0254321146056898,1.5
ag,50,0.0104653603005416,1.5
ag,50,0.0081921452029291,1.5
ag,50,0.0151962602192958,1.5
ag,50,0.0018700444200714,1.5
ag,50,0.0107591907701513,1.5
ag,50,0.0080097046054609,1.5
ag,50,0.0098544242187026,1.5
ag,50,0.0231527619891043,1.5
ag,50,0.0107430103491779,1.5
ag,50,0.0447938958582936,1.5
ag,50,0.0039390654916683,1.5
ag,50,0.0019906579895203,1.5
ag,50,0.0329983609462891,1.5
ag,50,0.0006677366241502,1.5
ag,50,0.0066331801016841,1.5
ag,50,0.0146626762996476,1.5
ag,50,0.0020637535553009,1.5
ag,50,0.0083401181619623,1.5
ag,50,0.011728382162325,1.5
ag,50,0.0158840919452564,1.5
ag,50,0.0199453721454432,1.5
ag,50,0.0198732524738457,1.5
ag,50,0.0025366787547603,1.5
ag,50,0.0021456970928385,1.5
ag,50,0.0029494762087016,1.5
ag,50,0.0155830282654782,1.5
ag,50,0.0372683512169753,1.5
ag,50,0.0182084308393815,1.5
ag,50,0.0082047008630491,1.5
ag,50,0.0009093351439387,1.5
ag,50,0.0195160068601774,1.5
ag,50,0.0383528098922185,1.5
ag,50,0.0021863042085776,1.5
ag,50,0.0094904214346956,1.5
ag,50,0.0013184506382425,1.5
ag,50,0.0053974860661369,1.5
ag,50,0.0086954935493215,1.5
ag,50,0.021099071562565,1.5
ag,50,0.0298373797231195,1.5
ag,50,0.0051037281866288,1.5
ag,50,0.0133339328303538,1.5
ag,50,0.0315186782939388,1.5
ag,50,0.00280304537262,1.5
ag,50,0.0156555129183739,1.5
ag,50,0.0064420370151527,1.5
ag,50,0.0390988160516866,1.5
ag,50,0.0049164018621478,1.5
ag,50,0.0041463845630444,1.5
ag,50,0.033604175619439,1.5
ag,50,0.0163753121934516,1.5
ag,50,0.0146084224743856,1.5
ag,50,0.0026852520714495,1.5
ag,50,0.0014626877038357,1.5
ag,50,0.0664985374895329,1.5
ag,50,0.0003155671073792,1.5
ag,50,0.0026235885829955,1.5
ag,50,0.006270723947426,1.5
ag,50,0.0205066025141415,1.5
ag,50,0.0248907520582965,1.5
ag,50,0.0072555319995246,1.5
ag,50,0.0143387900793897,1.5
ag,50,0.0059425750284521,1.5
ag,50,0.0009295305592068,1.5
ag,50,0.0014608641560917,1.5
ag,50,0.0022394662377376,1.5
ag,50,0.0591859250246302,1.5
ag,50,0.0098009828600511,1.5
ag,50,0.0235115195058776,1.5
ag,50,0.0040949487580187,1.5
ag,50,0.0059551027012497,1.5
ag,50,0.009520037785185,1.5
ag,50,0.0010303289718215,1.5
ag,50,0.0158016091946391,1.5
ag,50,0.0094819388641922,1.5
ag,50,0.0233206621468749,1.5
ag,50,0.0043694900770258,1.5
ag,50,0.0021903974520895,1.5
ag,50,0.0033451558357138,1.5
ag,50,0.0001225225737225,1.5
ag,50,0.0016439394090943,1.5
ag,50,0.0014765106026044,1.5
ag,50,0.0084556318664425,1.5
ag,50,0.0027114926420466,1.5
ag,50,0.0141059819759867,1.5
ag,50,0.0006663778712084,1.5
ag,50,0.013486459690011,1.5
ag,50,0.0025401519247438,1.5
ag,50,0.0327041490732094,1.5
ag,50,0.0176912306688532,1.5
ag,50,0.0508458329607359,1.5
ag,50,0.0622347727738767,1.5
ag,50,0.0061023398923393,1.5
ag,50,0.0122008071061809,1.5
ag,50,0.0043720104403008,1.5
ag,50,0.0013163988821948,1.5
ag,50,0.0153466720261601,1.5
ag,50,0.0692035321399586,1.5
ag,50,0.0068576191868164,1.5
ag,50,0.0048501126819122,1.5
ag,50,0.0176399371875708,1.5
ag,50,0.0105731609093196,1.5
ag,50,0.0073760180310861,1.5
ag,50,0.0453098247648541,1.5
ag,50,0.0062563517978081,1.5
ag,50,0.0124066650920625,1.5
ag,50,0.0036988241400352,1.5
ag,50,0.0014477036818701,1.5
ag,50,0.0093367537467288,1.5
ag,50,0.0261691203932169,1.5
ag,50,0.0240440292657904,1.5
ag,50,0.0097273009986231,1.5
ag,50,0.0181314950335991,1.5
ag,50,0.0139551622290621,1.5
ag,50,0.0190027943766927,1.5
ag,50,0.0006227894071536,1.5
ag,50,0.012648618963606,1.5
ag,50,0.012011609254778,1.5
ag,50,0.0582302550791612,1.5
ag,50,0.0048880266363174,1.5
ag,50,0.0086566710121253,1.5
ag,50,0.0189774562140493,1.5
ag,50,0.0103006815105087,1.5
ag,50,0.0041332176494033,1.5
ag,50,0.0199827835302414,1.5
ag,50,0.0080042010185364,1.5
ag,50,0.0192833951622963,1.5
ag,50,0.011012375247658,1.5
ag,50,0.0053717064564137,1.5
ag,50,0.0009502480500705,1.5
ag,50,0.0015584900718979,1.5
ag,50,0.0002370710806795,1.5
ag,50,0.0270158831718797,1.5
ag,50,0.0057866447897241,1.5
ag,50,0.0251504120774194,1.5
ag,50,0.0012063225080569,1.5
ag,50,0.0382656138646948,1.5
ag,50,0.0126537984227914,1.5
ag,50,0.0275958343182515,1.5
ag,50,0.0215854753942281,1.5
ag,50,0.0092463252356065,1.5
ag,50,0.0056867448492094,1.5
ag,50,0.0105030523128038,1.5
ag,50,0.0068796047188705,1.5
ag,50,0.030684267493666,1.5
ag,50,0.0152302820358491,1.5
ag,50,0.0111859364467448,1.5
ag,50,0.009845151238122,1.5
ag,50,0.0025894679985585,1.5
ag,50,0.0113002341524089,1.5
ag,50,0.0726354697153583,1.5
ag,50,0.0161865394864659,1.5
ag,50,0.002435712708368,1.5
ag,50,0.0088991892953893,1.5
ag,50,0.1091466361141425,1.5
ag,50,0.046160227436944,1.5
ag,50,0.0057337403532497,1.5
ag,50,0.0267501672567796,1.5
ag,50,0.0013188219587415,1.5
ag,50,0.0029502796459487,1.5
ag,50,0.0087573536245185,1.5
ag,50,0.0064148436420998,1.5
ag,50,0.0084256630384244,1.5
ag,50,0.0524347444980084,1.5
ag,50,0.009296097882797,1.5
ag,50,0.0156805281202365,1.5
ag,50,0.0006344788564413,1.5
ag,50,0.0069961141822579,1.5
ag,50,0.0177788310915633,1.5
ag,50,0.0048707339023184,1.5
ag,50,0.0019081490601772,1.5
ag,50,0.0023991212880928,1.5
ag,50,0.1503231621469622,1.5
ag,50,0.0010795114068699,1.5
nag,50,0.0003543183876226,1.5
nag,50,0.0044418748703275,1.5
nag,50,0.000458447980127,1.5
nag,50,0.0024564072148904,1.5
nag,50,0.0010062319292552,1.5
nag,50,0.0016330596541597,1.5
nag,50,0.0014476679751992,1.5
nag,50,0.0006542507773517,1.5
nag,50,0.0009415264772152,1.5
nag,50,0.0001826722545139,1.5
nag,50,0.0010802268208036,1.5
nag,50,0.0011665370432471,1.5
nag,50,0.0001357472681411,1.5
nag,50,0.0012489612319939,1.5
nag,50,3.381480007251491e-05,1.5
nag,50,0.0018471892678196,1.5
nag,50,0.0002174362135465,1.5
nag,50,0.0,1.5
nag,50,0.0007966353924204,1.5
nag,50,0.0006320979933026,1.5
nag,50,0.0005970821217886,1.5
nag,50,0.0002599671117652,1.5
nag,50,0.000723927386977,1.5
nag,50,0.0006378096968332,1.5
nag,50,0.0013925476055733,1.5
nag,50,0.0,1.5
nag,50,0.0005634206675928,1.5
nag,50,4.6709143306638254e-05,1.5
nag,50,0.0007033828700142,1.5
nag,50,0.0012072991889272,1.5
nag,50,0.0004210375006552,1.5
nag,50,0.0010929946668508,1.5
nag,50,0.0018662227783167,1.5
nag,50,0.0001825472846143,1.5
nag,50,0.0018482327218827,1.5
nag,50,8.149660005966925e-05,1.5
nag,50,0.000509563105302,1.5
nag,50,0.0002881033582685,1.5
nag,50,0.0026332061958006,1.5
nag,50,0.0005747034778727,1.5
nag,50,0.0003558400453825,1.5
nag,50,0.0013429517143659,1.5
nag,50,0.0006273457155371,1.5
nag,50,0.0001204058966419,1.5
nag,50,0.0002092933211479,1.5
nag,50,0.0005190688932732,1.5
nag,50,0.0008012968164344,1.5
nag,50,0.0005138937515066,1.5
nag,50,0.0006396716506889,1.5
nag,50,0.0,1.5
nag,50,0.0056478672332435,1.5
nag,50,0.0034621870308343,1.5
nag,50,0.0012624804736099,1.5
nag,50,0.0044506379049035,1.5
nag,50,0.0017803827058998,1.5
nag,50,0.002128288873254,1.5
nag,50,0.0006430580297046,1.5
nag,50,0.001196100693788,1.5
nag,50,0.0004307414454213,1.5
nag,50,0.0004600432445321,1.5
nag,50,0.0017510022867857,1.5
nag,50,0.0004915712670381,1.5
nag,50,0.0060352409585418,1.5
nag,50,0.0,1.5
nag,50,0.0005370690429209,1.5
nag,50,0.0002331145282192,1.5
nag,50,0.0,1.5
nag,50,0.0002565513651213,1.5
nag,50,0.0018989807889977,1.5
nag,50,0.0002830615215252,1.5
nag,50,0.0015140754212975,1.5
nag,50,0.0031595845566466,1.5
nag,50,0.0001955983558197,1.5
nag,50,0.0018730003922754,1.5
nag,50,0.0,1.5
nag,50,0.0005345431164496,1.5
nag,50,0.0005944268383239,1.5
nag,50,0.0022501343268279,1.5
nag,50,0.0017955352487363,1.5
nag,50,6.393038914773992e-05,1.5
nag,50,0.0,1.5
nag,50,7.136426109371118e-05,1.5
nag,50,0.0011070097018024,1.5
nag,50,0.0018333536111991,1.5
nag,50,0.0026540473593519,1.5
nag,50,0.0002618109442847,1.5
nag,50,0.0015858811757939,1.5
nag,50,9.480869663499291e-05,1.5
nag,50,0.0,1.5
nag,50,0.0,1.5
nag,50,0.0036421163953077,1.5
nag,50,0.0001862905760838,1.5
nag,50,0.0001998278403655,1.5
nag,50,0.0005786429764619,1.5
nag,50,0.0,1.5
nag,50,0.0004811301989103,1.5
nag,50,0.0028185755177787,1.5
nag,50,0.0057565881534755,1.5
nag,50,0.0003651144149618,1.5
nag,50,0.0004102032911822,1.5
nag,50,0.0015435387895369,1.5
nag,50,0.0001177399226724,1.5
nag,50,0.0008277078275643,1.5
nag,50,0.0009360896981624,1.5
nag,50,0.0,1.5
nag,50,0.0001262170909507,1.5
nag,50,0.0025520380244249,1.5
nag,50,7.315790106748364e-05,1.5
nag,50,0.0048655722093125,1.5
nag,50,0.0007054794995279,1.5
nag,50,0.0011761807115212,1.5
nag,50,0.0041653476896212,1.5
nag,50,0.0071178961024451,1.5
nag,50,0.0005089699802716,1.5
nag,50,0.0001996861753441,1.5
nag,50,7.857399821421664e-05,1.5
nag,50,0.0020515359758821,1.5
nag,50,0.0002475175972658,1.5
nag,50,6.985545313631595e-05,1.5
nag,50,0.0021924877629049,1.5
nag,50,0.0042818149757719,1.5
nag,50,0.0071318465789411,1.5
nag,50,0.0025721508921441,1.5
nag,50,0.0006106627530089,1.5
nag,50,0.0005596468530201,1.5
nag,50,3.560488198375685e-05,1.5
nag,50,9.665183313639378e-05,1.5
nag,50,0.0009582224478236,1.5
nag,50,0.0010971278553665,1.5
nag,50,0.0023128982218977,1.5
nag,50,0.0091256143763142,1.5
nag,50,0.0016541624806899,1.5
nag,50,0.0001297279536989,1.5
nag,50,0.0018097355647055,1.5
nag,50,0.0016170065350137,1.5
nag,50,0.000256149691308,1.5
nag,50,0.0003537326473252,1.5
nag,50,8.731692135565391e-05,1.5
nag,50,0.0,1.5
nag,50,0.00202918064239,1.5
nag,50,0.0021451415908608,1.5
nag,50,0.0001692339717858,1.5
nag,50,0.0,1.5
nag,50,0.0,1.5
nag,50,0.0005165986553196,1.5
nag,50,0.0,1.5
nag,50,0.0001612728754344,1.5
nag,50,0.0024224799644155,1.5
nag,50,0.0007254350827709,1.5
nag,50,0.0001858290003165,1.5
nag,50,0.0011408369083938,1.5
nag,50,7.134722856744834e-05,1.5
nag,50,0.0018238703313714,1.5
nag,50,0.0001048131889202,1.5
nag,50,0.0009031495888912,1.5
nag,50,0.0001822026365583,1.5
nag,50,0.0,1.5
nag,50,0.0,1.5
nag,50,0.0003940207543252,1.5
nag,50,0.0029978790127941,1.5
nag,50,0.0,1.5
nag,50,0.0004811410760705,1.5
nag,50,0.0013228623051266,1.5
nag,50,0.0014914261058098,1.5
nag,50,0.0009009553092281,1.5
nag,50,0.0009923660391035,1.5
nag,50,0.0023949034765382,1.5
nag,50,0.000495730542018,1.5
nag,50,0.0008302450918084,1.5
nag,50,0.0018142717095605,1.5
nag,50,0.0014274373104885,1.5
nag,50,0.0007393475817566,1.5
nag,50,0.0049684595581806,1.5
nag,50,0.0031253835257023,1.5
nag,50,0.0007046797649429,1.5
nag,50,0.0018195872197902,1.5
nag,50,0.0032287119087932,1.5
nag,50,0.0,1.5
nag,50,0.0010975148410617,1.5
nag,50,0.0,1.5
nag,50,0.0053930630534426,1.5
nag,50,0.0016356440772121,1.5
nag,50,0.0025806042339815,1.5
nag,50,0.0022724644056909,1.5
nag,50,0.0009405213670297,1.5
nag,50,0.0014419069080257,1.5
nag,50,0.0018357720473456,1.5
nag,50,0.0003133114941299,1.5
nag,50,0.0065187343886419,1.5
nag,50,0.0022363380067862,1.5
nag,50,0.0008047908107833,1.5
nag,50,0.0012076919424723,1.5
nag,50,0.0002994214644705,1.5
nag,50,0.0016774749621608,1.5
nag,50,0.0003087186413886,1.5
nag,50,0.0007043467270422,1.5
nag,50,0.0023861874641026,1.5
nag,50,0.0006476732568338,1.5
nag,50,0.0014287476100851,1.5
nag,50,0.0016222677437519,1.5
nag,50,0.0001973620106705,1.5
nag,50,9.90138996685442e-05,1.5
nag,50,0.0004834153533756,1.5
nag,50,0.0,1.5
nag,50,0.0012733646856532,1.5
nag,50,0.0009603501948575,1.5
nag,50,0.0,1.5
nag,50,0.0004544115518213,1.5
nag,50,0.0002306922254431,1.5
nag,50,0.0,1.5
nag,50,0.0002217401050258,1.5
nag,50,0.0040402058469847,1.5
nag,50,0.0,1.5
nag,50,0.0017173411365878,1.5
nag,50,0.0001067864536273,1.5
nag,50,0.0,1.5
nag,50,0.0002399006421165,1.5
nag,50,0.0008131914778671,1.5
nag,50,0.0001101919049991,1.5
nag,50,0.0002025741237073,1.5
nag,50,0.0006265466121671,1.5
nag,50,0.0004087433892548,1.5
nag,50,0.0011060886990276,1.5
nag,50,0.0020577612374805,1.5
nag,50,0.0081239635752315,1.5
nag,50,0.0002559754846157,1.5
nag,50,0.0009416908108852,1.5
nag,50,0.0023572614317645,1.5
nag,50,0.0,1.5
nag,50,2.525236491757829e-05,1.5
nag,50,0.0,1.5
nag,50,0.0,1.5
nag,50,0.0007358639044457,1.5
nag,50,0.0039667794052243,1.5
nag,50,0.0005938488574385,1.5
nag,50,0.0005934007631918,1.5
nag,50,0.0,1.5
nag,50,0.0014118087570169,1.5
nag,50,0.0037785791590413,1.5
nag,50,0.0,1.5
nag,50,0.0065932240354211,1.5
nag,50,0.0017334981558461,1.5
nag,50,0.0023059173277402,1.5
nag,50,0.0002218876577162,1.5
nag,50,0.0001543926255097,1.5
nag,50,0.0001289215702202,1.5
nag,50,0.0004104674040781,1.5
nag,50,0.0007779621854152,1.5
nag,50,0.0016275085308665,1.5
nag,50,0.0006146802259138,1.5
nag,50,0.0001209312603994,1.5
nag,50,0.0,1.5
nag,50,0.0001636263578865,1.5
nag,50,0.0001999923497074,1.5
nag,50,0.0,1.5
nag,50,0.0001823297966523,1.5
nag,50,2.8538939133601005e-05,1.5
nag,50,0.001165660162131,1.5
nag,50,0.0001782254285683,1.5
nag,50,0.0001348027599447,1.5
nag,50,0.0002371492089088,1.5
nag,50,0.0001428770210319,1.5
nag,50,0.0006614099763157,1.5
nag,50,0.0001529791617618,1.5
nag,50,0.0003323869336097,1.5
nag,50,0.0,1.5
nag,50,0.0009496652879419,1.5
nag,50,8.546542082069473e-05,1.5
nag,50,0.0002170806140251,1.5
nag,50,5.465709120361352e-05,1.5
nag,50,0.0010650312890948,1.5
nag,50,0.0007817334110646,1.5
nag,50,0.0003080859453135,1.5
nag,50,0.0003634892704317,1.5
nag,50,0.0001180439555424,1.5
nag,50,0.0017189700237604,1.5
nag,50,9.257682207518678e-05,1.5
nag,50,0.0028351216252339,1.5
nag,50,0.0009167466094706,1.5
nag,50,0.000401682629445,1.5
nag,50,8.954003582536615e-05,1.5
nag,50,0.0019573936061701,1.5
nag,50,0.0001858995051377,1.5
nag,50,0.0025809842847735,1.5
nag,50,5.917330472103401e-05,1.5
nag,50,0.001949273494246,1.5
nag,50,0.0,1.5
nag,50,0.0010249048235574,1.5
nag,50,0.000296450035017,1.5
nag,50,0.0007889317684299,1.5
nag,50,0.0021747025023523,1.5
nag,50,0.0002413703640038,1.5
nag,50,0.0010532364216663,1.5
nag,50,0.0004579570057745,1.5
nag,50,0.0014899238258978,1.5
nag,50,0.0030682559762527,1.5
nag,50,0.000482884567788,1.5
nag,50,0.000266821149409,1.5
nag,50,0.0002206812230504,1.5
nag,50,0.0002062392697098,1.5
nag,50,0.0,1.5
nag,50,7.195100079531674e-05,1.5
nag,50,0.0002649888760868,1.5
nag,50,0.0004205294665711,1.5
nag,50,0.0001089914709994,1.5
nag,50,0.0055278087834584,1.5
nag,50,0.0001399773291146,1.5
nag,50,0.0005053606571348,1.5
nag,50,0.0004538915290011,1.5
nag,50,0.0,1.5
nag,50,0.0,1.5
nag,50,0.0001940243459875,1.5
nag,50,0.0002024823593439,1.5
nag,50,0.0001905459045478,1.5
nag,50,0.0001287563947786,1.5
nag,50,0.0011345630583792,1.5
nag,50,0.0034637188676494,1.5
nag,50,0.0020047241426856,1.5
nag,50,0.0019555744095028,1.5
nag,50,0.0019868593393077,1.5
nag,50,0.0024473596935006,1.5
nag,50,0.0,1.5
nag,50,0.0,1.5
nag,50,0.0002745679621686,1.5
nag,50,0.0001281300268198,1.5
nag,50,0.0029782050630431,1.5
nag,50,4.942438373241692e-05,1.5
nag,50,0.0063111848209314,1.5
nag,50,0.0027441758981895,1.5
nag,50,9.202602454823396e-05,1.5
nag,50,0.0002795972511438,1.5
nag,50,0.000835727451155,1.5
nag,50,0.0001632381843366,1.5
nag,50,0.0,1.5
nag,50,0.0,1.5
nag,50,0.0007694987588322,1.5
nag,50,0.0,1.5
nag,50,0.0001657045986145,1.5
nag,50,0.005591318273817,1.5
nag,50,0.0313538481900052,1.5
nag,50,0.001814881442234,1.5
nag,50,0.0026094826276346,1.5
nag,50,4.83751089569791e-05,1.5
nag,50,0.0003135182582222,1.5
nag,50,0.0030468347901413,1.5
nag,50,0.0001631427381763,1.5
nag,50,0.0142528873134637,1.5
nag,50,0.0001491663223155,1.5
nag,50,0.0001007050748335,1.5
nag,50,0.0002287026308549,1.5
nag,50,0.0013546491009161,1.5
nag,50,0.003798069345497,1.5
nag,50,0.0001546836648491,1.5
nag,50,0.0006616061847713,1.5
nag,50,0.000232686117379,1.5
nag,50,0.0001373654923019,1.5
nag,50,0.0032056733161527,1.5
nag,50,0.0001862726492456,1.5
nag,50,0.0061323524433993,1.5
nag,50,0.0039621943036344,1.5
nag,50,0.0,1.5
nag,50,7.403867040364305e-05,1.5
nag,50,0.0005330181305824,1.5
nag,50,0.0009044264626569,1.5
nag,50,0.0017996704213243,1.5
nag,50,0.0020109118789207,1.5
nag,50,8.776381553648773e-05,1.5
nag,50,0.0005116793444708,1.5
nag,50,0.0004134547307871,1.5
nag,50,0.0027439554879532,1.5
nag,50,0.0014579495003595,1.5
nag,50,0.0,1.5
nag,50,0.0010503394835362,1.5
nag,50,0.0022522245737062,1.5
nag,50,0.0015212212399804,1.5
nag,50,0.0,1.5
nag,50,0.0,1.5
nag,50,0.0002938571848864,1.5
nag,50,0.0,1.5
nag,50,0.0051477999291885,1.5
nag,50,0.0002415699471009,1.5
nag,50,0.0,1.5
nag,50,0.0018449881894094,1.5
nag,50,0.0,1.5
nag,50,0.0045019117234141,1.5
nag,50,0.0002567584551592,1.5
nag,50,0.000161746955166,1.5
nag,50,0.0010430699861806,1.5
nag,50,0.0037611925152478,1.5
nag,50,0.000136615789233,1.5
nag,50,0.0025867556879015,1.5
nag,50,0.0002426417572999,1.5
nag,50,0.0,1.5
nag,50,0.0,1.5
nag,50,0.0,1.5
nag,50,0.0085968477604544,1.5
nag,50,0.0024552366343708,1.5
nag,50,0.002031549155546,1.5
nag,50,0.0011234022672792,1.5
nag,50,0.0003828972898011,1.5
nag,50,0.0010147114529925,1.5
nag,50,0.0002831581107956,1.5
nag,50,0.0018223379837338,1.5
nag,50,0.0002108333133453,1.5
nag,50,0.0012387530249532,1.5
nag,50,0.0001756977347424,1.5
nag,50,0.0022923035019594,1.5
nag,50,0.0,1.5
nag,50,0.001099376519191,1.5
nag,50,0.0010632056040302,1.5
nag,50,0.0023793890186443,1.5
nag,50,0.0033449647403803,1.5
nag,50,0.0017684094770621,1.5
nag,50,0.0002776718249492,1.5
nag,50,0.0087699376219593,1.5
nag,50,0.0029518267177599,1.5
nag,50,0.0016858913067943,1.5
nag,50,0.0,1.5
nag,50,0.0,1.5
nag,50,9.7928059167975e-05,1.5
nag,50,0.0002612382019766,1.5
nag,50,0.0001668446387678,1.5
nag,50,8.026084423248162e-05,1.5
nag,50,6.60896357122713e-05,1.5
nag,50,0.0015842501326418,1.5
nag,50,0.0001286152794379,1.5
nag,50,0.0022333648831214,1.5
nag,50,0.0,1.5
nag,50,0.0,1.5
nag,50,0.000635265031453,1.5
nag,50,0.0023720765595448,1.5
nag,50,0.0002327180888594,1.5
nag,50,0.0011547180480902,1.5
nag,50,0.0002011155166466,1.5
nag,50,0.001719859165967,1.5
nag,50,0.0001613754837834,1.5
nag,50,0.0040959019683901,1.5
nag,50,0.0,1.5
nag,50,0.0,1.5
nag,50,0.0004630541374365,1.5
nag,50,0.0001289730261873,1.5
nag,50,0.0026788159739308,1.5
nag,50,0.0003999461124409,1.5
nag,50,0.0015544776384914,1.5
nag,50,0.0001981768917683,1.5
nag,50,0.0010549713364737,1.5
nag,50,0.0016848567221336,1.5
nag,50,0.000935158833182,1.5
nag,50,0.0014039983693561,1.5
nag,50,0.0003968675619209,1.5
nag,50,0.000455768374146,1.5
nag,50,0.00196700368667,1.5
nag,50,0.0016428758468774,1.5
nag,50,0.0020698990471725,1.5
nag,50,0.00010133520783,1.5
nag,50,0.0004406004485596,1.5
nag,50,0.0042400485775846,1.5
nag,50,0.000134528815709,1.5
nag,50,0.0009851379009099,1.5
nag,50,0.0001652327194777,1.5
nag,50,0.0015601403412578,1.5
nag,50,0.0003418592076443,1.5
nag,50,0.0001715766759959,1.5
nag,50,0.0003653444962124,1.5
nag,50,0.0017283907185977,1.5
nag,50,0.0001739677885923,1.5
nag,50,0.0005949969958879,1.5
nag,50,0.0019076631942557,1.5
nag,50,0.0001432668589179,1.5
nag,50,0.0001829956865755,1.5
nag,50,0.0,1.5
nag,50,0.0009203862419453,1.5
nag,50,0.0008452765807641,1.5
nag,50,0.0021568864570138,1.5
nag,50,0.0002178088847004,1.5
nag,50,0.0011135665739231,1.5
nag,50,0.0024119356114737,1.5
nag,50,0.0010722844316391,1.5
nag,50,0.0017601178849948,1.5
nag,50,0.0002418821078019,1.5
nag,50,0.0002108970649212,1.5
nag,50,0.0047278021417097,1.5
nag,50,4.035776743167008e-05,1.5
nag,50,0.0039241196153203,1.5
nag,50,0.0006228760525614,1.5
nag,50,0.0,1.5
nag,50,0.0104957922690033,1.5
nag,50,0.001254901852475,1.5
nag,50,0.0006183001736092,1.5
nag,50,0.0021150785835164,1.5
nag,50,0.0002374939216226,1.5
nag,50,0.0022445711552049,1.5
nag,50,0.0,1.5
nag,50,0.0065344755242336,1.5
nag,50,0.000575702206659,1.5
nag,50,4.171159217896966e-05,1.5
nag,50,0.0006962345663105,1.5
nag,50,0.0010633689386129,1.5
nag,50,0.0002941984282554,1.5
nag,50,0.0006005527814346,1.5
bg,50,5.574689951232723e-07,1.5
bg,50,6.478164047320068e-07,1.5
bg,50,1.0148840946332892e-06,1.5
bg,50,5.226068370483787e-07,1.5
bg,50,4.85990627144334e-07,1.5
bg,50,6.87207855921676e-07,1.5
bg,50,4.026922398091049e-07,1.5
bg,50,6.875909227409442e-07,1.5
bg,50,3.588615478517885e-07,1.5
bg,50,6.063149145393778e-07,1.5
bg,50,4.332447148913408e-07,1.5
bg,50,4.2136015150923835e-07,1.5
bg,50,4.882360751084404e-07,1.5
bg,50,6.682318239634706e-07,1.5
bg,50,4.745026956319154e-07,1.5
bg,50,6.000760897854186e-07,1.5
bg,50,3.790833199950797e-07,1.5
bg,50,4.0150856626128514e-07,1.5
bg,50,2.945583491941362e-07,1.5
bg,50,4.305775077308352e-07,1.5
bg,50,7.344972721090612e-07,1.5
bg,50,4.884602263810848e-07,1.5
bg,50,5.693266387731222e-07,1.5
bg,50,7.205666049597189e-07,1.5
bg,50,1.3018538907708644e-06,1.5
bg,50,7.60255814586215e-07,1.5
bg,50,4.040622655017568e-07,1.5
bg,50,5.004518562687423e-07,1.5
bg,50,4.46985133863722e-07,1.5
bg,50,5.763261785959369e-07,1.5
bg,50,4.828759258286522e-07,1.5
bg,50,6.944521902324654e-07,1.5
bg,50,5.274040467266346e-07,1.5
bg,50,3.544253443734938e-07,1.5
bg,50,3.456003889440729e-07,1.5
bg,50,8.759532993944082e-07,1.5
bg,50,4.996765978016501e-07,1.5
bg,50,4.1905748815970625e-07,1.5
bg,50,3.722187882149059e-07,1.5
bg,50,4.7505136983330567e-07,1.5
bg,50,3.255040143865706e-07,1.5
bg,50,8.112556564939941e-07,1.5
bg,50,4.627786762686063e-07,1.5
bg,50,5.272037155635857e-07,1.5
bg,50,7.676694003207653e-07,1.5
bg,50,9.75994983333888e-07,1.5
bg,50,6.311179576275347e-07,1.5
bg,50,6.579477868721197e-07,1.5
bg,50,6.302335813627269e-07,1.5
bg,50,7.58410711769581e-07,1.5
bg,50,3.857406965646314e-07,1.5
bg,50,5.264974141605681e-07,1.5
bg,50,7.686880115790829e-07,1.5
bg,50,5.564501458059917e-07,1.5
bg,50,1.0248084531772236e-06,1.5
bg,50,2.1265264858977929e-07,1.5
bg,50,5.229471795433734e-07,1.5
bg,50,9.28417619627354e-07,1.5
bg,50,1.1300396047201833e-06,1.5
bg,50,5.096029354031654e-07,1.5
bg,50,5.759129863116574e-07,1.5
bg,50,6.642847864975007e-07,1.5
bg,50,5.827999783581468e-07,1.5
bg,50,6.85252613848949e-07,1.5
bg,50,4.1143784055390146e-07,1.5
bg,50,6.555389448841686e-07,1.5
bg,50,6.262231511392048e-07,1.5
bg,50,4.879805402700258e-07,1.5
bg,50,4.477745321672473e-07,1.5
bg,50,7.6596476332845e-07,1.5
bg,50,6.252718318946677e-07,1.5
bg,50,7.045329076780068e-07,1.5
bg,50,7.571689065367343e-07,1.5
bg,50,2.446053165854441e-07,1.5
bg,50,3.444620225960044e-07,1.5
bg,50,7.054583351925192e-07,1.5
bg,50,7.024498707959349e-07,1.5
bg,50,6.26957534033754e-07,1.5
bg,50,5.94408109588151e-07,1.5
bg,50,7.876487314330599e-07,1.5
bg,50,4.983361129264455e-07,1.5
bg,50,4.361143621341425e-07,1.5
bg,50,4.805650993812679e-07,1.5
bg,50,8.967407404643119e-07,1.5
bg,50,7.149240961687635e-07,1.5
bg,50,5.753398328423373e-07,1.5
bg,50,5.970731119626641e-07,1.5
bg,50,7.811388378809255e-07,1.5
bg,50,3.963309949014526e-07,1.5
bg,50,5.080343555420878e-07,1.5
bg,50,7.19336445980425e-07,1.5
bg,50,8.248983983731136e-07,1.5
bg,50,4.515477801312276e-07,1.5
bg,50,5.754883542855363e-07,1.5
bg,50,5.377592402983136e-07,1.5
bg,50,1.1149522391855525e-06,1.5
bg,50,3.638033370291096e-07,1.5
bg,50,6.748047311899513e-07,1.5
bg,50,2.7491057726470393e-07,1.5
bg,50,6.035680170260367e-07,1.5
bg,50,6.676252998469834e-07,1.5
bg,50,3.8770901771631337e-07,1.5
bg,50,4.160763914293066e-07,1.5
bg,50,1.0987145549760916e-06,1.5
bg,50,6.286650667734672e-07,1.5
bg,50,4.1179856204620755e-07,1.5
bg,50,1.4247226854067055e-06,1.5
bg,50,4.226760157146633e-07,1.5
bg,50,2.6577058503231884e-07,1.5
bg,50,6.940305631995187e-07,1.5
bg,50,8.645405042539438e-07,1.5
bg,50,5.533901985436424e-07,1.5
bg,50,4.794448458478082e-07,1.5
bg,50,4.389246876728968e-07,1.5
bg,50,9.011456233014328e-07,1.5
bg,50,2.945417442334396e-07,1.5
bg,50,6.23690997226445e-07,1.5
bg,50,2.862017668425195e-07,1.5
bg,50,1.0083325523871104e-06,1.5
bg,50,8.250686411590962e-07,1.5
bg,50,8.719040022670927e-07,1.5
bg,50,7.946538884381834e-07,1.5
bg,50,7.412265943773515e-07,1.5
bg,50,9.37485372061512e-07,1.5
bg,50,6.687484245075955e-07,1.5
bg,50,4.202670074152362e-07,1.5
bg,50,5.62611424877719e-07,1.5
bg,50,5.895418605566427e-07,1.5
bg,50,5.880122633847547e-07,1.5
bg,50,1.0540101321957528e-06,1.5
bg,50,5.08086878130064e-07,1.5
bg,50,3.326422938556384e-07,1.5
bg,50,3.351386695100289e-07,1.5
bg,50,2.513908678769271e-07,1.5
bg,50,5.264127871730242e-07,1.5
bg,50,4.057494206269681e-07,1.5
bg,50,6.66429909485324e-07,1.5
bg,50,5.199181935462389e-07,1.5
bg,50,5.153259914452913e-07,1.5
bg,50,6.901184797264801e-07,1.5
bg,50,5.388408802596272e-07,1.5
bg,50,4.359415626134021e-07,1.5
bg,50,4.443686653309765e-07,1.5
bg,50,2.8375902945365737e-07,1.5
bg,50,4.70452752616728e-07,1.5
bg,50,6.049064706928645e-07,1.5
bg,50,3.767081017705712e-07,1.5
bg,50,4.503838489450441e-07,1.5
bg,50,4.994232271857598e-07,1.5
bg,50,4.506352491927088e-07,1.5
bg,50,4.550400483660435e-07,1.5
bg,50,6.717441942354091e-07,1.5
bg,50,6.130371088036742e-07,1.5
bg,50,3.026174551409322e-07,1.5
bg,50,4.508855672455151e-07,1.5
bg,50,1.840259457074024e-07,1.5
bg,50,6.816260599173657e-07,1.5
bg,50,6.731540238092679e-07,1.5
bg,50,6.438520529812233e-07,1.5
bg,50,6.476745746177195e-07,1.5
bg,50,4.863419593505689e-07,1.5
bg,50,6.662675666588984e-07,1.5
bg,50,5.601015803394739e-07,1.5
bg,50,7.635485892640264e-07,1.5
bg,50,5.540983457350487e-07,1.5
bg,50,6.579905683393895e-07,1.5
bg,50,4.982097203419448e-07,1.5
bg,50,9.187820986250736e-07,1.5
bg,50,4.817512883409518e-07,1.5
bg,50,5.999203473458536e-07,1.5
bg,50,4.763723594209175e-07,1.5
bg,50,4.613667092220644e-07,1.5
bg,50,4.485661383640357e-07,1.5
bg,50,5.832667424999072e-07,1.5
bg,50,5.018898981296309e-07,1.5
bg,50,4.819476815935329e-07,1.5
bg,50,4.943107076732739e-07,1.5
bg,50,5.298250147579418e-07,1.5
bg,50,5.202173148789681e-07,1.5
bg,50,2.897590541480308e-07,1.5
bg,50,4.194907852110202e-07,1.5
bg,50,2.413828233431694e-07,1.5
bg,50,3.852118948199954e-07,1.5
bg,50,6.858525571716821e-07,1.5
bg,50,4.2416797974843635e-07,1.5
bg,50,4.535816850724578e-07,1.5
bg,50,9.588259550501283e-07,1.5
bg,50,3.995606445117328e-07,1.5
bg,50,8.547426384359826e-07,1.5
bg,50,3.314296165906072e-07,1.5
bg,50,9.209856873129004e-07,1.5
bg,50,9.71681483083619e-07,1.5
bg,50,7.005381646277757e-07,1.5
bg,50,8.58566678149261e-07,1.5
bg,50,6.078816524744058e-07,1.5
bg,50,9.941618558053271e-07,1.5
bg,50,4.967502081970558e-07,1.5
bg,50,4.4959372457808834e-07,1.5
bg,50,4.293082659931885e-07,1.5
bg,50,3.645061259027262e-07,1.5
bg,50,6.099020113563191e-07,1.5
bg,50,1.3651860673657584e-06,1.5
bg,50,5.981947670741897e-07,1.5
bg,50,5.313611290695058e-07,1.5
bg,50,9.324125414207544e-07,1.5
bg,50,6.812263901851377e-07,1.5
bg,50,7.207867479985665e-07,1.5
bg,50,3.17002023857178e-07,1.5
bg,50,9.560191949513895e-07,1.5
bg,50,4.4420126535061076e-07,1.5
bg,50,4.293196978756744e-07,1.5
bg,50,6.909264015986868e-07,1.5
bg,50,3.722079489623335e-07,1.5
bg,50,8.028688278910852e-07,1.5
bg,50,5.055791478991805e-07,1.5
bg,50,7.7657769411222e-07,1.5
bg,50,3.64340303452905e-07,1.5
bg,50,4.896944055596162e-07,1.5
bg,50,6.890019650784988e-07,1.5
bg,50,3.102676704302343e-07,1.5
bg,50,4.7043591440804724e-07,1.5
bg,50,5.129157531125698e-07,1.5
bg,50,4.5479736424222785e-07,1.5
bg,50,1.5046805184012296e-06,1.5
bg,50,7.422088669080583e-07,1.5
bg,50,5.559435703439926e-07,1.5
bg,50,4.901049378021685e-07,1.5
bg,50,4.118549657202585e-07,1.5
bg,50,5.108426014688365e-07,1.5
bg,50,6.576468230725711e-07,1.5
bg,50,5.524470320713663e-07,1.5
bg,50,3.00162934931259e-07,1.5
bg,50,5.310972175492405e-07,1.5
bg,50,5.311114762825081e-07,1.5
bg,50,4.499506372919395e-07,1.5
bg,50,6.510123138863482e-07,1.5
bg,50,6.36282244331094e-07,1.5
bg,50,5.649985659320739e-07,1.5
bg,50,3.8247031706959275e-07,1.5
bg,50,4.902169843160809e-07,1.5
bg,50,5.381366332893201e-07,1.5
bg,50,5.551009728719852e-07,1.5
bg,50,6.352676270679097e-07,1.5
bg,50,3.3151667473114364e-07,1.5
bg,50,4.084856927897857e-07,1.5
bg,50,1.207124263465854e-06,1.5
bg,50,5.8934963042019e-07,1.5
bg,50,5.799963713586739e-07,1.5
bg,50,3.92711421797888e-07,1.5
bg,50,9.773508112464537e-07,1.5
bg,50,4.536350630526195e-07,1.5
bg,50,6.460648401211362e-07,1.5
bg,50,3.491496897296231e-07,1.5
bg,50,4.6495378582495795e-07,1.5
bg,50,4.79381624513779e-07,1.5
bg,50,3.1238319920475365e-07,1.5
bg,50,4.721482991215656e-07,1.5
bg,50,7.920088167217513e-07,1.5
bg,50,3.513066146109921e-07,1.5
bg,50,4.373924213722539e-07,1.5
bg,50,9.321074064229818e-07,1.5
bg,50,7.577588745458129e-07,1.5
bg,50,2.701393425728039e-07,1.5
bg,50,4.165735005654235e-07,1.5
bg,50,8.311264050839429e-07,1.5
bg,50,4.771737538277611e-07,1.5
bg,50,5.508316315827941e-07,1.5
bg,50,1.0205233496324125e-06,1.5
bg,50,6.691281284860148e-07,1.5
bg,50,6.044588224271413e-07,1.5
bg,50,5.617858159157362e-07,1.5
bg,50,8.544852466332241e-07,1.5
bg,50,6.286118620477142e-07,1.5
bg,50,8.965143944953952e-07,1.5
bg,50,6.541382710017863e-07,1.5
bg,50,8.923778019245377e-07,1.5
bg,50,4.026515046281192e-07,1.5
bg,50,5.796550110919805e-07,1.5
bg,50,6.667296314224052e-07,1.5
bg,50,1.2052431832195124e-06,1.5
bg,50,8.886383846343493e-07,1.5
bg,50,3.560606011020168e-07,1.5
bg,50,9.51967369424502e-07,1.5
bg,50,6.688732623793198e-07,1.5
bg,50,5.974093805791198e-07,1.5
bg,50,3.349195093195554e-07,1.5
bg,50,5.857187119705499e-07,1.5
bg,50,4.594708191852454e-07,1.5
bg,50,5.88296062703055e-07,1.5
bg,50,1.0050950610387747e-06,1.5
bg,50,5.62402351049341e-07,1.5
bg,50,5.123997814233402e-07,1.5
bg,50,4.15077802580906e-07,1.5
bg,50,5.209643120720624e-07,1.5
bg,50,7.619673930965795e-07,1.5
bg,50,6.240613398512085e-07,1.5
bg,50,7.179054800643254e-07,1.5
bg,50,5.791742403639037e-07,1.5
bg,50,4.239415733311818e-07,1.5
bg,50,3.770579252413225e-07,1.5
bg,50,5.89160766837901e-07,1.5
bg,50,8.342888094954737e-07,1.5
bg,50,7.262494820272599e-07,1.5
bg,50,3.339577427553445e-07,1.5
bg,50,6.461264841225431e-07,1.5
bg,50,3.270531077161923e-07,1.5
bg,50,9.126227815694336e-07,1.5
bg,50,6.716719844337895e-07,1.5
bg,50,6.406534777632148e-07,1.5
bg,50,4.006655824319038e-07,1.5
bg,50,6.734866993744667e-07,1.5
bg,50,5.753271179662424e-07,1.5
bg,50,5.39407982570305e-07,1.5
bg,50,3.685671657174719e-07,1.5
bg,50,4.560023935066784e-07,1.5
bg,50,6.822502902138307e-07,1.5
bg,50,8.512517013820497e-07,1.5
bg,50,7.849010923386732e-07,1.5
bg,50,6.082878382997604e-07,1.5
bg,50,1.0250268056433114e-06,1.5
bg,50,4.863157486621787e-07,1.5
bg,50,8.384760763343707e-07,1.5
bg,50,6.345478418128069e-07,1.5
bg,50,4.092632922824084e-07,1.5
bg,50,8.822079207724061e-07,1.5
bg,50,8.807527225516194e-07,1.5
bg,50,3.03497983887821e-07,1.5
bg,50,3.9516311304842097e-07,1.5
bg,50,1.0116634329236675e-06,1.5
bg,50,7.316984419317172e-07,1.5
bg,50,2.572776921016876e-07,1.5
bg,50,8.643156197209733e-07,1.5
bg,50,5.840894342169803e-07,1.5
bg,50,2.883224392066476e-07,1.5
bg,50,2.882312360162478e-07,1.5
bg,50,8.057550167528483e-07,1.5
bg,50,6.148627030052604e-07,1.5
bg,50,5.349740559183796e-07,1.5
bg,50,1.008038162937361e-06,1.5
bg,50,6.19365668688505e-07,1.5
bg,50,1.4012000060500237e-06,1.5
bg,50,7.034520199275658e-07,1.5
bg,50,2.164084651121218e-07,1.5
bg,50,3.855877663299466e-07,1.5
bg,50,6.445805665715543e-07,1.5
bg,50,6.543413393135712e-07,1.5
bg,50,6.380032758693062e-07,1.5
bg,50,7.90902497791437e-07,1.5
bg,50,4.172208336252191e-07,1.5
bg,50,4.402554180306391e-07,1.5
bg,50,5.532990268594916e-07,1.5
bg,50,2.5721385265180076e-07,1.5
bg,50,4.65948443170507e-07,1.5
bg,50,6.340519086844578e-07,1.5
bg,50,5.81269170473698e-07,1.5
bg,50,5.542599487290134e-07,1.5
bg,50,5.891924784458214e-07,1.5
bg,50,4.259932915261189e-07,1.5
bg,50,7.542550296946835e-07,1.5
bg,50,4.3184403651144083e-07,1.5
bg,50,4.987210184921924e-07,1.5
bg,50,4.435537374335185e-07,1.5
bg,50,7.269454509899165e-07,1.5
bg,50,1.00056808916074e-06,1.5
bg,50,7.272219641688063e-07,1.5
bg,50,7.228243360839568e-07,1.5
bg,50,6.847182040431939e-07,1.5
bg,50,3.5913882861854386e-07,1.5
bg,50,6.926462997047174e-07,1.5
bg,50,4.005493952386942e-07,1.5
bg,50,5.337252258198704e-07,1.5
bg,50,6.2777749749638e-07,1.5
bg,50,5.993705026900289e-07,1.5
bg,50,7.435844788368862e-07,1.5
bg,50,2.2211162330248998e-07,1.5
bg,50,4.771010946493225e-07,1.5
bg,50,9.736637080105013e-07,1.5
bg,50,3.0074380535436017e-07,1.5
bg,50,5.044207296260185e-07,1.5
bg,50,5.216115803372167e-07,1.5
bg,50,5.464092921318063e-07,1.5
bg,50,6.483677884576209e-07,1.5
bg,50,8.510516072985595e-07,1.5
bg,50,5.413875412484033e-07,1.5
bg,50,6.08477249088921e-07,1.5
bg,50,3.364040122404221e-07,1.5
bg,50,6.913874052349213e-07,1.5
bg,50,5.793168435517174e-07,1.5
bg,50,4.782367837343144e-07,1.5
bg,50,7.314003928680013e-07,1.5
bg,50,4.640530719488379e-07,1.5
bg,50,5.977307627869057e-07,1.5
bg,50,4.54542527564809e-07,1.5
bg,50,4.1462508044503073e-07,1.5
bg,50,5.177636274873004e-07,1.5
bg,50,6.334052099128389e-07,1.5
bg,50,3.882906900402653e-07,1.5
bg,50,6.080580258440728e-07,1.5
bg,50,3.393156979125724e-07,1.5
bg,50,5.780142298140303e-07,1.5
bg,50,3.292203571539749e-07,1.5
bg,50,6.861934367569866e-07,1.5
bg,50,6.970279802309007e-07,1.5
bg,50,9.524818468154204e-07,1.5
bg,50,6.346926387481593e-07,1.5
bg,50,3.3869900003019885e-07,1.5
bg,50,5.828123047665776e-07,1.5
bg,50,2.735894082916035e-07,1.5
bg,50,5.20547154586933e-07,1.5
bg,50,4.95552364575212e-07,1.5
bg,50,4.117644146439742e-07,1.5
bg,50,3.893941808351767e-07,1.5
bg,50,9.22403352540944e-07,1.5
bg,50,2.141912766608866e-07,1.5
bg,50,7.452751035059268e-07,1.5
bg,50,3.901073008324904e-07,1.5
bg,50,5.550503061350153e-07,1.5
bg,50,7.018111812444294e-07,1.5
bg,50,5.037133515650854e-07,1.5
bg,50,7.918383086739294e-07,1.5
bg,50,3.4300312837657026e-07,1.5
bg,50,6.525033173164343e-07,1.5
bg,50,5.225580397500806e-07,1.5
bg,50,5.840322695636518e-07,1.5
bg,50,7.002046261581214e-07,1.5
bg,50,8.751631535742703e-07,1.5
bg,50,4.533208530570822e-07,1.5
bg,50,7.681380323710431e-07,1.5
bg,50,8.833997354336672e-07,1.5
bg,50,4.5985342147808715e-07,1.5
bg,50,1.1590591223690885e-06,1.5
bg,50,5.697742895231886e-07,1.5
bg,50,7.425090449539126e-07,1.5
bg,50,4.774422734713188e-07,1.5
bg,50,6.26011806140734e-07,1.5
bg,50,3.1687077567948936e-07,1.5
bg,50,4.2940159825123515e-07,1.5
bg,50,4.140334450691887e-07,1.5
bg,50,1.1625883987395082e-06,1.5
bg,50,4.681553837491006e-07,1.5
bg,50,3.9716828367729794e-07,1.5
bg,50,6.861666209108803e-07,1.5
bg,50,6.595846769654816e-07,1.5
bg,50,3.28021799421667e-07,1.5
bg,50,4.77113060691278e-07,1.5
bg,50,5.564909632755192e-07,1.5
bg,50,5.92113636636975e-07,1.5
bg,50,2.570187119848779e-07,1.5
bg,50,2.5541553473117704e-07,1.5
bg,50,6.730643525140011e-07,1.5
bg,50,2.545428664346691e-07,1.5
bg,50,7.614506550667246e-07,1.5
bg,50,2.3348439168451458e-07,1.5
bg,50,6.369373045244753e-07,1.5
bg,50,8.547985854213128e-07,1.5
bg,50,5.585304460335825e-07,1.5
bg,50,5.47657323515795e-07,1.5
bg,50,6.385190649294315e-07,1.5
bg,50,5.236571403861469e-07,1.5
bg,50,8.585030878715456e-07,1.5
bg,50,8.887888452114842e-07,1.5
bg,50,2.472708480695709e-07,1.5
bg,50,8.900765161844698e-07,1.5
bg,50,4.197600728381426e-07,1.5
bg,50,6.268741389846628e-07,1.5
bg,50,5.076887831905247e-07,1.5
bg,50,9.078339439083164e-07,1.5
bg,50,4.005408062150402e-07,1.5
bg,50,4.474125198156487e-07,1.5
bg,50,7.056953994997973e-07,1.5
bg,50,4.811561883016544e-07,1.5
bg,50,1.010447880842151e-06,1.5
bg,50,5.311291788594057e-07,1.5
bg,50,7.012797908658606e-07,1.5
bg,50,6.920608949660508e-07,1.5
bg,50,9.09196785838088e-07,1.5
bg,50,3.200765078899745e-07,1.5
bg,50,5.865018595245907e-07,1.5
bg,50,8.481200225132775e-07,1.5
bg,50,4.367405721191707e-07,1.5
bg,50,4.809945430012435e-07,1.5
bg,50,6.43888650368976e-07,1.5
bg,50,5.142724327931677e-07,1.5
bg,50,4.893818345521165e-07,1.5
bg,50,5.987015412024093e-07,1.5
bg,50,6.741434051445174e-07,1.5
bg,50,6.032648394499735e-07,1.5
bg,50,2.361223822004469e-07,1.5
bg,50,1.2088345881856667e-06,1.5
bg,50,4.3942349284883074e-07,1.5
bg,50,6.954547737723729e-07,1.5
bg,50,6.671135407344047e-07,1.5
bg,50,6.702467622167183e-07,1.5
bg,50,3.888590040006942e-07,1.5
bg,50,7.534493119415533e-07,1.5
bg,50,6.516383681261175e-07,1.5
bg,50,4.451853315153885e-07,1.5
bg,50,4.512155679401977e-07,1.5
bg,50,4.485935795955375e-07,1.5
bg,50,4.2165995760673577e-07,1.5
ag,50,0.0126989929558586,2.0
ag,50,0.0026347446358608,2.0
ag,50,0.036833124692153,2.0
ag,50,0.0019728601483821,2.0
ag,50,0.0072588062233321,2.0
ag,50,0.0141670763931144,2.0
ag,50,0.0376077045022366,2.0
ag,50,0.0115732469549995,2.0
ag,50,0.0165382107569802,2.0
ag,50,0.0173991173044052,2.0
ag,50,0.0044358220173626,2.0
ag,50,0.0232666731743655,2.0
ag,50,0.0227473939182847,2.0
ag,50,0.0260536532996002,2.0
ag,50,0.0182250233420786,2.0
ag,50,0.0088612556178876,2.0
ag,50,0.0064179182973582,2.0
ag,50,0.0098037076044161,2.0
ag,50,0.0249883083274763,2.0
ag,50,0.0287136938829323,2.0
ag,50,0.0054203195564934,2.0
ag,50,0.0058302619367882,2.0
ag,50,0.0052234687631732,2.0
ag,50,0.0051321355469307,2.0
ag,50,0.0069309885310038,2.0
ag,50,0.0134892857590587,2.0
ag,50,0.0217410183346804,2.0
ag,50,0.0275930623251349,2.0
ag,50,0.0099122575700516,2.0
ag,50,0.0049023617399851,2.0
ag,50,0.0082385395208217,2.0
ag,50,0.0005780136607728,2.0
ag,50,0.0032068210016347,2.0
ag,50,0.0013376084000297,2.0
ag,50,0.0101302758154706,2.0
ag,50,0.0347400601066254,2.0
ag,50,0.0086203451506779,2.0
ag,50,0.0106912513246787,2.0
ag,50,0.0141860023228259,2.0
ag,50,0.0014921803730128,2.0
ag,50,0.030964640002537,2.0
ag,50,0.0287765671260772,2.0
ag,50,0.0002467718621461,2.0
ag,50,0.0070933157897097,2.0
ag,50,0.0051851946013243,2.0
ag,50,0.0282191446239796,2.0
ag,50,0.0140263993656109,2.0
ag,50,0.0107347525572539,2.0
ag,50,0.0061519745263705,2.0
ag,50,0.0066369953128673,2.0
ag,50,0.0040045974286049,2.0
ag,50,0.0063136302905117,2.0
ag,50,0.0085111926303819,2.0
ag,50,0.013493469899508,2.0
ag,50,0.002085464493386,2.0
ag,50,0.0250031971086569,2.0
ag,50,0.0345493321298143,2.0
ag,50,0.0092588468584975,2.0
ag,50,0.0221587126293376,2.0
ag,50,0.0004697108684919,2.0
ag,50,0.0011846654685146,2.0
ag,50,0.002782425809566,2.0
ag,50,0.0266046910070338,2.0
ag,50,0.0002527988720759,2.0
ag,50,0.0066740665961506,2.0
ag,50,0.0037323965788859,2.0
ag,50,0.0154284507080542,2.0
ag,50,0.0358013421485717,2.0
ag,50,0.0112859559513317,2.0
ag,50,0.0135512510229615,2.0
ag,50,0.0209153470061673,2.0
ag,50,0.0162689334616251,2.0
ag,50,0.0048403138533442,2.0
ag,50,0.0039773297697337,2.0
ag,50,0.0063864623324027,2.0
ag,50,0.0153666608157465,2.0
ag,50,0.0213603687956874,2.0
ag,50,0.0132212562087862,2.0
ag,50,0.0193409939452169,2.0
ag,50,0.018500417757943,2.0
ag,50,0.0229101851038812,2.0
ag,50,0.0029505229205993,2.0
ag,50,0.0030615950274859,2.0
ag,50,0.0268485234330018,2.0
ag,50,0.0034441743900049,2.0
ag,50,0.0004111595883909,2.0
ag,50,0.0045040908764416,2.0
ag,50,0.006543916882434,2.0
ag,50,0.0120883224928718,2.0
ag,50,0.0024790001559056,2.0
ag,50,0.0074287019511174,2.0
ag,50,0.0643006987248406,2.0
ag,50,0.0234628098947442,2.0
ag,50,0.0151561864573296,2.0
ag,50,0.0044594964891395,2.0
ag,50,0.0053521035804224,2.0
ag,50,0.0212173300408073,2.0
ag,50,0.0246458628976342,2.0
ag,50,0.0098590808445667,2.0
ag,50,0.0053119929704852,2.0
ag,50,0.0103916690647753,2.0
ag,50,0.015293450591287,2.0
ag,50,0.0027804756711799,2.0
ag,50,0.0034897888549591,2.0
ag,50,0.0031235482754056,2.0
ag,50,0.0082739249416188,2.0
ag,50,0.012727743839926,2.0
ag,50,0.013616142131616,2.0
ag,50,0.0011374949183437,2.0
ag,50,0.0038621192884666,2.0
ag,50,0.013886215230853,2.0
ag,50,0.0203001003497778,2.0
ag,50,0.0030390783524183,2.0
ag,50,0.0066905557365978,2.0
ag,50,0.0261135319442681,2.0
ag,50,0.0082240518613171,2.0
ag,50,0.001917425066573,2.0
ag,50,0.0008862296637151,2.0
ag,50,0.0203006791067384,2.0
ag,50,0.0074926571472232,2.0
ag,50,0.0035265775171386,2.0
ag,50,0.0070495041091071,2.0
ag,50,0.0008619071081456,2.0
ag,50,0.0228430950609274,2.0
ag,50,0.0183683164360729,2.0
ag,50,0.0127751116023518,2.0
ag,50,0.0606359050099166,2.0
ag,50,0.0025706905664919,2.0
ag,50,0.0050491002840009,2.0
ag,50,0.0039897125806226,2.0
ag,50,0.0268304914598775,2.0
ag,50,0.0023549148910862,2.0
ag,50,0.0084157426427079,2.0
ag,50,0.0090368120063884,2.0
ag,50,0.0024820884826666,2.0
ag,50,0.0054668164340077,2.0
ag,50,0.0029796880669925,2.0
ag,50,0.0055906130367396,2.0
ag,50,0.0072953284993526,2.0
ag,50,0.0273463589929166,2.0
ag,50,0.0294819512607697,2.0
ag,50,0.0064849581510127,2.0
ag,50,0.020449544932812,2.0
ag,50,0.042760506999852,2.0
ag,50,0.0157943645609687,2.0
ag,50,0.0031683698331842,2.0
ag,50,0.0054163103994407,2.0
ag,50,0.0089563892545177,2.0
ag,50,0.0158330648612721,2.0
ag,50,0.0037621106724831,2.0
ag,50,0.0231380901767497,2.0
ag,50,0.0033145617505667,2.0
ag,50,0.0074436440846858,2.0
ag,50,0.0184326512117227,2.0
ag,50,0.0085830300698388,2.0
ag,50,0.0129629410895044,2.0
ag,50,0.0034115596160388,2.0
ag,50,0.0027625046566474,2.0
ag,50,0.0148692088181042,2.0
ag,50,0.0039467339914668,2.0
ag,50,0.0304030434067105,2.0
ag,50,0.0035783293768111,2.0
ag,50,0.0154404439221217,2.0
ag,50,0.004313970281736,2.0
ag,50,0.0027872964521399,2.0
ag,50,0.0117930293380868,2.0
ag,50,0.0138417428548007,2.0
ag,50,0.0044889002602129,2.0
ag,50,0.0029540344224789,2.0
ag,50,0.0690295360437106,2.0
ag,50,0.0018310901041612,2.0
ag,50,0.0115495798963836,2.0
ag,50,0.0010852849188015,2.0
ag,50,0.0051568063473828,2.0
ag,50,0.0216302601951829,2.0
ag,50,0.003477192549021,2.0
ag,50,0.0151166736467155,2.0
ag,50,0.0084650801366752,2.0
ag,50,0.0057828833615234,2.0
ag,50,0.0011924587940581,2.0
ag,50,0.001097144508953,2.0
ag,50,0.0054319634471142,2.0
ag,50,0.0130635852185283,2.0
ag,50,0.0252794143555876,2.0
ag,50,0.0092536536906642,2.0
ag,50,0.0074823044369432,2.0
ag,50,0.0005112929782931,2.0
ag,50,0.0051680901675692,2.0
ag,50,0.1510070110008191,2.0
ag,50,0.0423914480535407,2.0
ag,50,0.0074078518306999,2.0
ag,50,0.0022770346791109,2.0
ag,50,0.0022880015760879,2.0
ag,50,0.0013846575390733,2.0
ag,50,0.0244778962929878,2.0
ag,50,0.0508368376581319,2.0
ag,50,0.0053106496469209,2.0
ag,50,0.0,2.0
ag,50,0.0103628004532807,2.0
ag,50,0.0197571275087046,2.0
ag,50,0.013235307236758,2.0
ag,50,0.0073259019971115,2.0
ag,50,0.0099828724479088,2.0
ag,50,0.0402486189205526,2.0
ag,50,0.0298152564488281,2.0
ag,50,0.0100541271025812,2.0
ag,50,0.0053061967638184,2.0
ag,50,0.0078525434314425,2.0
ag,50,0.0021955190616364,2.0
ag,50,0.0056965997594392,2.0
ag,50,0.0029949527019356,2.0
ag,50,0.0032078103848369,2.0
ag,50,0.0003790054040539,2.0
ag,50,0.0014262642815258,2.0
ag,50,0.0069213310112105,2.0
ag,50,0.0030064757407429,2.0
ag,50,0.0154516304596603,2.0
ag,50,0.0008463691708236,2.0
ag,50,0.0048226062812105,2.0
ag,50,0.0021786786071728,2.0
ag,50,0.0040075604090713,2.0
ag,50,0.0024590339131822,2.0
ag,50,0.0432161514848789,2.0
ag,50,0.0143507858459947,2.0
ag,50,0.0016523683047013,2.0
ag,50,0.0621075247880187,2.0
ag,50,0.0265819869527212,2.0
ag,50,0.0335652821750302,2.0
ag,50,0.0058424053926799,2.0
ag,50,0.0011212720486423,2.0
ag,50,0.0001193731708606,2.0
ag,50,0.0017448589023827,2.0
ag,50,0.0027877780593349,2.0
ag,50,0.010524663122232,2.0
ag,50,0.0030923014689287,2.0
ag,50,0.0010868503862047,2.0
ag,50,0.005082781377361,2.0
ag,50,0.0114741836259293,2.0
ag,50,0.0089918238047348,2.0
ag,50,0.0077035414937923,2.0
ag,50,0.0024095371381226,2.0
ag,50,0.0270300317076692,2.0
ag,50,0.0339973686252101,2.0
ag,50,0.0066980677660173,2.0
ag,50,0.0174173691674026,2.0
ag,50,0.0084338580206366,2.0
ag,50,0.0099579123079804,2.0
ag,50,0.0099400198979772,2.0
ag,50,0.0006382589436437,2.0
ag,50,0.0150092442955194,2.0
ag,50,0.0328409706749384,2.0
ag,50,0.0092404980368139,2.0
ag,50,0.0067486903258708,2.0
ag,50,0.0360677558486828,2.0
ag,50,0.0070977040608445,2.0
ag,50,0.0195519861686964,2.0
ag,50,0.004343068461073,2.0
ag,50,0.0036496605103744,2.0
ag,50,0.0053896715926478,2.0
ag,50,0.0098780488612906,2.0
ag,50,0.0218546264927099,2.0
ag,50,0.000605096071204,2.0
ag,50,0.0328964836763272,2.0
ag,50,0.005128639383567,2.0
ag,50,0.0145920291232763,2.0
ag,50,0.0275322257102182,2.0
ag,50,0.013301930832069,2.0
ag,50,0.0162022274079644,2.0
ag,50,0.0060160977906672,2.0
ag,50,0.0047446642450439,2.0
ag,50,0.0015395658206504,2.0
ag,50,0.0362769547790828,2.0
ag,50,0.0013545314053247,2.0
ag,50,0.0008825829208783,2.0
ag,50,0.0020160807810547,2.0
ag,50,0.0009072553484105,2.0
ag,50,0.0167137407856984,2.0
ag,50,0.0115887688977055,2.0
ag,50,0.0167075727888707,2.0
ag,50,0.0052509222764007,2.0
ag,50,0.0013869577666723,2.0
ag,50,0.0038128737064658,2.0
ag,50,0.0483775390292947,2.0
ag,50,0.003275850807012,2.0
ag,50,0.0018220944211007,2.0
ag,50,0.0388194181396484,2.0
ag,50,0.0016741817058632,2.0
ag,50,0.0028195219881393,2.0
ag,50,0.0042676936670162,2.0
ag,50,0.0083256251731423,2.0
ag,50,0.0068322160457987,2.0
ag,50,0.0197941246963886,2.0
ag,50,0.0035275663250731,2.0
ag,50,0.0010866128267947,2.0
ag,50,0.0079616845883553,2.0
ag,50,0.0063064512250955,2.0
ag,50,0.0164803502642356,2.0
ag,50,0.0002523149549311,2.0
ag,50,0.0269731624523139,2.0
ag,50,0.0011981115016703,2.0
ag,50,0.0208038795745895,2.0
ag,50,0.0259191214160879,2.0
ag,50,0.0055454803057048,2.0
ag,50,0.0168211297478017,2.0
ag,50,0.0132553794413613,2.0
ag,50,0.0195896530874471,2.0
ag,50,0.0066632109756286,2.0
ag,50,0.0092210954299849,2.0
ag,50,0.0022803760045424,2.0
ag,50,0.0501226230980533,2.0
ag,50,0.0025106725932049,2.0
ag,50,0.0156063944445098,2.0
ag,50,0.0032372777324585,2.0
ag,50,0.0046703671421482,2.0
ag,50,0.0228004308219074,2.0
ag,50,0.0034475200405849,2.0
ag,50,0.0474122298752429,2.0
ag,50,0.0099753786458491,2.0
ag,50,0.0510019684798185,2.0
ag,50,0.0045356877743235,2.0
ag,50,0.0041011118248388,2.0
ag,50,0.004605920344078,2.0
ag,50,0.0320858261661713,2.0
ag,50,0.0062023387567334,2.0
ag,50,0.0133826780114509,2.0
ag,50,0.0004736959202122,2.0
ag,50,0.0097625937196243,2.0
ag,50,0.0046892778785377,2.0
ag,50,0.0201772536784297,2.0
ag,50,0.0038452766984556,2.0
ag,50,0.0017435134522926,2.0
ag,50,0.0118341331538816,2.0
ag,50,0.0344025536635667,2.0
ag,50,0.0142883486148975,2.0
ag,50,0.0050724585692072,2.0
ag,50,0.012609033067324,2.0
ag,50,0.0084149356568255,2.0
ag,50,0.0134014511059117,2.0
ag,50,0.0027857191830404,2.0
ag,50,0.0380089201787239,2.0
ag,50,0.0156562357417059,2.0
ag,50,0.0051558115019715,2.0
ag,50,0.0333348495587793,2.0
ag,50,0.0086989999183488,2.0
ag,50,0.0024723268061136,2.0
ag,50,0.0036350097564116,2.0
ag,50,0.0341202124642496,2.0
ag,50,0.0098001625204704,2.0
ag,50,0.004719104007897,2.0
ag,50,0.0050853197262449,2.0
ag,50,0.0196137418040675,2.0
ag,50,0.0080065975994266,2.0
ag,50,0.0094021883628264,2.0
ag,50,0.0261805178965251,2.0
ag,50,0.0,2.0
ag,50,0.0007497786332165,2.0
ag,50,0.0072177444966513,2.0
ag,50,0.0719479557150863,2.0
ag,50,0.0192176852352316,2.0
ag,50,0.0002215894544007,2.0
ag,50,0.0106210177424381,2.0
ag,50,0.0260443044540915,2.0
ag,50,0.0101458070797332,2.0
ag,50,0.0331000387868603,2.0
ag,50,0.0174061803678388,2.0
ag,50,0.000617087456267,2.0
ag,50,0.0057961234280868,2.0
ag,50,0.0196687977167085,2.0
ag,50,0.0036636361882888,2.0
ag,50,0.0168640589712802,2.0
ag,50,0.0099190318339005,2.0
ag,50,0.0076762148656021,2.0
ag,50,0.0077577214627659,2.0
ag,50,0.0101743883948375,2.0
ag,50,0.0060429842033209,2.0
ag,50,0.0074656486270914,2.0
ag,50,0.0027905136269542,2.0
ag,50,0.0089731113537616,2.0
ag,50,0.0100392002362164,2.0
ag,50,0.0112963319695854,2.0
ag,50,0.0023776089294009,2.0
ag,50,0.0071670333414062,2.0
ag,50,0.0021118145469837,2.0
ag,50,0.0007680036317721,2.0
ag,50,0.0038380732522871,2.0
ag,50,0.0101319046809714,2.0
ag,50,0.0143980488823645,2.0
ag,50,0.0299282788156096,2.0
ag,50,0.003504235527987,2.0
ag,50,0.0204917451723871,2.0
ag,50,0.0113289756308911,2.0
ag,50,0.0073589269157515,2.0
ag,50,0.0012040626180512,2.0
ag,50,0.000476431670954,2.0
ag,50,0.0033113147003195,2.0
ag,50,0.0181619862153681,2.0
ag,50,0.0041077465526225,2.0
ag,50,0.0486666066413972,2.0
ag,50,0.0044682087482499,2.0
ag,50,0.0312453532070248,2.0
ag,50,0.006244277013054,2.0
ag,50,0.0076295080034992,2.0
ag,50,0.0206569052142463,2.0
ag,50,0.0158443818530026,2.0
ag,50,0.0204265258013549,2.0
ag,50,0.0017238062033809,2.0
ag,50,0.0173705406504471,2.0
ag,50,0.0057455332100528,2.0
ag,50,0.0083654784372833,2.0
ag,50,0.0309740576231542,2.0
ag,50,0.0300453530205178,2.0
ag,50,0.0606024436547816,2.0
ag,50,0.0127408238178045,2.0
ag,50,0.016582908340247,2.0
ag,50,0.0571703696388148,2.0
ag,50,0.068491725109487,2.0
ag,50,0.0397946229598803,2.0
ag,50,0.0029019290746688,2.0
ag,50,0.0793272143725276,2.0
ag,50,0.0637729073989771,2.0
ag,50,0.0292795129756157,2.0
ag,50,0.0086762530550089,2.0
ag,50,0.0069859407443454,2.0
ag,50,0.0070930626183311,2.0
ag,50,0.0025405621883416,2.0
ag,50,0.0165663538262007,2.0
ag,50,0.0048081803177075,2.0
ag,50,0.0138210473561454,2.0
ag,50,0.0155904109188232,2.0
ag,50,0.0043917283547499,2.0
ag,50,0.0041870297858584,2.0
ag,50,0.0216621073857665,2.0
ag,50,0.0418158803566287,2.0
ag,50,0.0019726524825004,2.0
ag,50,0.0070564207117361,2.0
ag,50,0.0189269947080604,2.0
ag,50,0.0044038419465418,2.0
ag,50,0.0021178326272238,2.0
ag,50,0.00699492633007,2.0
ag,50,0.0103662000819117,2.0
ag,50,0.0,2.0
ag,50,0.0006807874017576,2.0
ag,50,0.002368901155958,2.0
ag,50,0.007051819568894,2.0
ag,50,0.0114239684877466,2.0
ag,50,0.0284130120932404,2.0
ag,50,0.0062546129990035,2.0
ag,50,0.0416619846573496,2.0
ag,50,0.0016540442364346,2.0
ag,50,0.000122764939329,2.0
ag,50,0.0238434846089,2.0
ag,50,0.0014280119437105,2.0
ag,50,0.0128725405223529,2.0
ag,50,0.0217889516677185,2.0
ag,50,0.0170891427050575,2.0
ag,50,0.0122176149792156,2.0
ag,50,0.0025726309384986,2.0
ag,50,0.0059830777683476,2.0
ag,50,0.0682255276016867,2.0
ag,50,0.0264007289334564,2.0
ag,50,0.0023811823777128,2.0
ag,50,0.0076428178820859,2.0
ag,50,0.0267347295037428,2.0
ag,50,0.0472053905113117,2.0
ag,50,0.0002477107111325,2.0
ag,50,0.0176977385220449,2.0
ag,50,0.0017586388761136,2.0
ag,50,0.0002122469291443,2.0
ag,50,0.0025010938768042,2.0
ag,50,0.0151282846369157,2.0
ag,50,0.0379879303602572,2.0
ag,50,0.016758534221636,2.0
ag,50,0.0078564619664486,2.0
ag,50,0.0361091969260909,2.0
ag,50,0.0050513540867322,2.0
ag,50,0.0051867753158096,2.0
ag,50,0.0087925003172983,2.0
ag,50,0.0142759881414179,2.0
ag,50,0.0026965059435922,2.0
ag,50,0.008765711682984,2.0
ag,50,0.0045702392251636,2.0
ag,50,0.0130937673320447,2.0
ag,50,0.0034693476014372,2.0
ag,50,0.0021078989064089,2.0
ag,50,0.0172183272393961,2.0
ag,50,0.000909377538243,2.0
ag,50,0.0182677566665779,2.0
ag,50,0.0035383180671647,2.0
ag,50,0.0073527902964045,2.0
ag,50,0.0081271695059462,2.0
ag,50,0.0048926632993962,2.0
ag,50,0.0016626273467193,2.0
ag,50,0.0470810537454234,2.0
ag,50,0.0041712668806209,2.0
ag,50,0.0008621284396697,2.0
ag,50,0.0003041279535961,2.0
ag,50,0.0183053208432424,2.0
ag,50,0.014348533397311,2.0
ag,50,0.0117483207537304,2.0
ag,50,0.0339284295662024,2.0
nag,50,0.0007816822912611,2.0
nag,50,0.000177989486647,2.0
nag,50,0.0012843085011426,2.0
nag,50,0.0,2.0
nag,50,0.002724282526538,2.0
nag,50,0.0,2.0
nag,50,3.89568933589762e-05,2.0
nag,50,0.0009464772525144,2.0
nag,50,0.0,2.0
nag,50,0.0011329355711992,2.0
nag,50,0.0007896925098227,2.0
nag,50,0.0008652699609482,2.0
nag,50,0.0027483216435814,2.0
nag,50,6.692512111453413e-05,2.0
nag,50,0.0025282989269732,2.0
nag,50,0.0001717465444559,2.0
nag,50,5.232770235506146e-05,2.0
nag,50,7.59068566811278e-05,2.0
nag,50,0.000267834099791,2.0
nag,50,0.0013733212846263,2.0
nag,50,0.0012896819963952,2.0
nag,50,0.0,2.0
nag,50,0.0002037653114563,2.0
nag,50,0.0001423740750637,2.0
nag,50,0.0002581661243275,2.0
nag,50,0.0001699020982268,2.0
nag,50,0.0007342962891122,2.0
nag,50,0.0008215809061656,2.0
nag,50,8.746841212138824e-05,2.0
nag,50,4.6971948637252154e-05,2.0
nag,50,0.0002377553356876,2.0
nag,50,0.0020664407694278,2.0
nag,50,0.0003243252744127,2.0
nag,50,0.0021358816745769,2.0
nag,50,0.0005035597303381,2.0
nag,50,0.0,2.0
nag,50,0.0002173773269808,2.0
nag,50,0.0035301569856152,2.0
nag,50,0.0,2.0
nag,50,0.0003091311819604,2.0
nag,50,0.0001216397516473,2.0
nag,50,0.0003972280642719,2.0
nag,50,0.00101789618578,2.0
nag,50,0.0007353615307926,2.0
nag,50,0.0033294988130861,2.0
nag,50,0.0005917224502712,2.0
nag,50,0.000535493286012,2.0
nag,50,0.0005466458961989,2.0
nag,50,0.0001795657863962,2.0
nag,50,0.0005931938529896,2.0
nag,50,4.963724583598071e-05,2.0
nag,50,0.0,2.0
nag,50,0.0064760002440625,2.0
nag,50,0.0006652499215715,2.0
nag,50,0.0005410673414256,2.0
nag,50,0.000163127785482,2.0
nag,50,0.0017214813484517,2.0
nag,50,0.0001202163365815,2.0
nag,50,0.0,2.0
nag,50,0.0001020201274256,2.0
nag,50,0.0002222540556992,2.0
nag,50,0.0,2.0
nag,50,0.0001149387293125,2.0
nag,50,0.0001701283038206,2.0
nag,50,5.762127529149272e-05,2.0
nag,50,0.0026508147248861,2.0
nag,50,0.0,2.0
nag,50,6.364468904567638e-05,2.0
nag,50,0.0004817732078468,2.0
nag,50,0.0039758099768532,2.0
nag,50,0.0011017451363052,2.0
nag,50,0.0009725665634761,2.0
nag,50,0.0038342779442442,2.0
nag,50,0.0019599314862212,2.0
nag,50,0.0031942453813506,2.0
nag,50,0.0002823215293802,2.0
nag,50,0.0001686273575512,2.0
nag,50,0.0,2.0
nag,50,0.0,2.0
nag,50,0.0004455598609294,2.0
nag,50,0.0018625454794767,2.0
nag,50,0.000163267427287,2.0
nag,50,0.0004598378788952,2.0
nag,50,0.0002011623080677,2.0
nag,50,0.000844093580255,2.0
nag,50,0.0003848996344891,2.0
nag,50,0.0002294158276851,2.0
nag,50,0.0,2.0
nag,50,0.0025364975271691,2.0
nag,50,0.0006758039520782,2.0
nag,50,0.001407833239205,2.0
nag,50,8.36976319587451e-05,2.0
nag,50,4.2522469090527913e-05,2.0
nag,50,0.000340001351073,2.0
nag,50,0.0002475440623427,2.0
nag,50,8.784516653976009e-05,2.0
nag,50,0.0072953700103593,2.0
nag,50,0.0007211062541414,2.0
nag,50,0.0007250216259214,2.0
nag,50,0.0049795995816179,2.0
nag,50,0.0001239391268664,2.0
nag,50,0.0003928744223135,2.0
nag,50,0.000159438853525,2.0
nag,50,0.0001232806760189,2.0
nag,50,3.380469459068953e-05,2.0
nag,50,0.0006785957926256,2.0
nag,50,0.0002656444638287,2.0
nag,50,0.0001279800661624,2.0
nag,50,0.001680936389696,2.0
nag,50,0.0008607124256187,2.0
nag,50,0.0,2.0
nag,50,0.0001122849059013,2.0
nag,50,0.0,2.0
nag,50,0.0016459397397695,2.0
nag,50,0.0,2.0
nag,50,8.560568285300493e-05,2.0
nag,50,5.861235288345074e-05,2.0
nag,50,0.0003092283777693,2.0
nag,50,8.030475415110114e-05,2.0
nag,50,0.0,2.0
nag,50,8.577013034573044e-05,2.0
nag,50,0.0003560185823485,2.0
nag,50,0.0005439680529789,2.0
nag,50,0.0032270385207665,2.0
nag,50,9.645908641382848e-05,2.0
nag,50,3.910305667010004e-05,2.0
nag,50,0.0002699892964501,2.0
nag,50,0.0,2.0
nag,50,4.2459378572122585e-05,2.0
nag,50,0.0023710566831117,2.0
nag,50,0.0019458400123967,2.0
nag,50,0.0031239016519569,2.0
nag,50,0.0015434897856883,2.0
nag,50,0.0001306981569996,2.0
nag,50,0.0003594250210118,2.0
nag,50,0.0020784625560979,2.0
nag,50,0.0040403846530554,2.0
nag,50,7.680628574129717e-05,2.0
nag,50,0.0,2.0
nag,50,0.0004694669352281,2.0
nag,50,0.0016407425693098,2.0
nag,50,0.0008269079825059,2.0
nag,50,0.0001208042338382,2.0
nag,50,0.0003906298437066,2.0
nag,50,0.0042408447272928,2.0
nag,50,0.0006756696836206,2.0
nag,50,7.91422797082599e-05,2.0
nag,50,0.0001657953135858,2.0
nag,50,8.782851413974196e-05,2.0
nag,50,0.0007001191533118,2.0
nag,50,0.0002251566374574,2.0
nag,50,0.0008185008543367,2.0
nag,50,0.0001219157608493,2.0
nag,50,0.0013018705414256,2.0
nag,50,0.0006608572039358,2.0
nag,50,0.0006457514441357,2.0
nag,50,0.0001100808763771,2.0
nag,50,0.0,2.0
nag,50,0.0004470526509349,2.0
nag,50,0.0003127838517452,2.0
nag,50,0.0001626222850409,2.0
nag,50,0.0001509850882096,2.0
nag,50,0.0,2.0
nag,50,7.800890821902417e-05,2.0
nag,50,0.0010174633310285,2.0
nag,50,0.0001118512547778,2.0
nag,50,0.0047671575718694,2.0
nag,50,0.0005007716351372,2.0
nag,50,0.0007915506027352,2.0
nag,50,0.0003907146369685,2.0
nag,50,0.0005601536975684,2.0
nag,50,0.000134833111482,2.0
nag,50,0.0003587798532934,2.0
nag,50,0.0001185913834627,2.0
nag,50,8.266148889529694e-05,2.0
nag,50,0.000524688659699,2.0
nag,50,0.0004223974555084,2.0
nag,50,9.080167664033592e-05,2.0
nag,50,0.0003206527799993,2.0
nag,50,0.0001838676859584,2.0
nag,50,0.0035508955447932,2.0
nag,50,0.0004697451343893,2.0
nag,50,0.0044511590379452,2.0
nag,50,6.763117562932986e-05,2.0
nag,50,0.0034290145835415,2.0
nag,50,0.0012807766397877,2.0
nag,50,0.0010589469885901,2.0
nag,50,0.000193102882817,2.0
nag,50,0.0002407772129415,2.0
nag,50,0.0103543367219823,2.0
nag,50,0.0029880363106663,2.0
nag,50,0.0,2.0
nag,50,7.920849018508139e-05,2.0
nag,50,0.0009086815985364,2.0
nag,50,0.000214240454933,2.0
nag,50,7.144115755016825e-05,2.0
nag,50,0.0005874073485745,2.0
nag,50,0.0002079184409177,2.0
nag,50,0.0,2.0
nag,50,0.0,2.0
nag,50,0.000497470838636,2.0
nag,50,0.0,2.0
nag,50,0.002882223764032,2.0
nag,50,0.0016626775870333,2.0
nag,50,0.0004126726500077,2.0
nag,50,0.0005547946202698,2.0
nag,50,0.0028153484236863,2.0
nag,50,0.0015453889268983,2.0
nag,50,0.0004752360601501,2.0
nag,50,0.0012666548033045,2.0
nag,50,0.0007445739989873,2.0
nag,50,0.0011463978150266,2.0
nag,50,0.0,2.0
nag,50,0.0007365260872219,2.0
nag,50,0.0076407528891441,2.0
nag,50,0.0001250954290264,2.0
nag,50,0.0056890233309833,2.0
nag,50,0.0,2.0
nag,50,0.0003765758885489,2.0
nag,50,0.0002682450714185,2.0
nag,50,0.0001151939877313,2.0
nag,50,0.0016586389676913,2.0
nag,50,0.0,2.0
nag,50,0.0009524852621605,2.0
nag,50,0.0005251867556099,2.0
nag,50,0.0006391736813031,2.0
nag,50,0.0,2.0
nag,50,0.0003146428661671,2.0
nag,50,0.0005703499371561,2.0
nag,50,0.000718999450616,2.0
nag,50,0.0012480727049106,2.0
nag,50,0.001120884487036,2.0
nag,50,0.0053586628483557,2.0
nag,50,0.0006062350265887,2.0
nag,50,0.0004366613030758,2.0
nag,50,0.0013163714190248,2.0
nag,50,0.0010101512147916,2.0
nag,50,0.0012173666636352,2.0
nag,50,0.0001262663810517,2.0
nag,50,0.0003798157293992,2.0
nag,50,0.0011880332734972,2.0
nag,50,7.786914355554361e-05,2.0
nag,50,0.0010593527299457,2.0
nag,50,0.0001084822631341,2.0
nag,50,0.0023292159643608,2.0
nag,50,9.461679560917898e-05,2.0
nag,50,0.0003494867708909,2.0
nag,50,0.0048614372384371,2.0
nag,50,0.0001484894734982,2.0
nag,50,0.0020645979121525,2.0
nag,50,4.846983646220359e-05,2.0
nag,50,0.0,2.0
nag,50,0.0006485481693974,2.0
nag,50,6.82804954301179e-05,2.0
nag,50,6.539552146295225e-05,2.0
nag,50,0.0006008228453592,2.0
nag,50,0.0002574486011977,2.0
nag,50,0.0001430422429398,2.0
nag,50,0.0004312280233787,2.0
nag,50,0.0028600865028651,2.0
nag,50,0.002827803342308,2.0
nag,50,0.0005190271641163,2.0
nag,50,0.0027470638414697,2.0
nag,50,0.0013084581475929,2.0
nag,50,0.0003716888711549,2.0
nag,50,0.0002193730131225,2.0
nag,50,0.0040793457398993,2.0
nag,50,0.0,2.0
nag,50,0.0003896008893814,2.0
nag,50,0.0,2.0
nag,50,0.0006202664372866,2.0
nag,50,0.0002052605005424,2.0
nag,50,0.0001223772868084,2.0
nag,50,0.0061925518310476,2.0
nag,50,0.0001089633309888,2.0
nag,50,0.0006445853297961,2.0
nag,50,0.0002434568540617,2.0
nag,50,9.428108823868565e-05,2.0
nag,50,0.0,2.0
nag,50,0.0002471319997462,2.0
nag,50,0.0,2.0
nag,50,0.0,2.0
nag,50,0.0002060419243275,2.0
nag,50,5.308835938421555e-05,2.0
nag,50,0.000317870064826,2.0
nag,50,0.0006155403747248,2.0
nag,50,5.2892566780267496e-05,2.0
nag,50,0.0043164938556929,2.0
nag,50,0.000224217736413,2.0
nag,50,0.0014491441091078,2.0
nag,50,0.0025845689340665,2.0
nag,50,0.0001126671663447,2.0
nag,50,0.0017132471662784,2.0
nag,50,0.000199845877192,2.0
nag,50,0.001509788117423,2.0
nag,50,0.0008097682857229,2.0
nag,50,0.0005446847105336,2.0
nag,50,0.0004250023472554,2.0
nag,50,0.0024110875976159,2.0
nag,50,0.002729401371877,2.0
nag,50,0.0018155544940996,2.0
nag,50,0.0019405107717016,2.0
nag,50,0.0005955873902013,2.0
nag,50,0.0007837312017775,2.0
nag,50,0.0002020943958274,2.0
nag,50,0.0,2.0
nag,50,0.000898769652243,2.0
nag,50,0.0008736890709435,2.0
nag,50,0.0010736134979141,2.0
nag,50,0.0008525393389538,2.0
nag,50,0.0001985481581159,2.0
nag,50,0.0002401625284642,2.0
nag,50,0.0036308152488662,2.0
nag,50,0.0005591315199572,2.0
nag,50,0.000541557949545,2.0
nag,50,0.0005331534231442,2.0
nag,50,0.0002036905281408,2.0
nag,50,0.0017832493053647,2.0
nag,50,0.0014802411082281,2.0
nag,50,0.0001404133068224,2.0
nag,50,9.419608825392749e-05,2.0
nag,50,0.0034679595655098,2.0
nag,50,0.0011226591510509,2.0
nag,50,0.0002803326984472,2.0
nag,50,0.0005480955581089,2.0
nag,50,0.0004262466497648,2.0
nag,50,0.0003504855223427,2.0
nag,50,0.0005032282530001,2.0
nag,50,0.0003506923672103,2.0
nag,50,0.0022777939429317,2.0
nag,50,0.0001649403780512,2.0
nag,50,8.567532024532318e-05,2.0
nag,50,0.0009238994059944,2.0
nag,50,0.000560729878276,2.0
nag,50,0.0010115179222286,2.0
nag,50,0.0031008319382806,2.0
nag,50,0.0003271944972096,2.0
nag,50,0.0031943472650145,2.0
nag,50,0.0010507829794916,2.0
nag,50,0.0017992361275842,2.0
nag,50,0.0001488200688577,2.0
nag,50,0.0004482934405391,2.0
nag,50,0.0059089221623165,2.0
nag,50,0.0014811304378559,2.0
nag,50,0.0011508832733663,2.0
nag,50,0.000178968429621,2.0
nag,50,0.001167542098351,2.0
nag,50,0.0,2.0
nag,50,0.0004363910654707,2.0
nag,50,0.0012996545513426,2.0
nag,50,0.00011173955682,2.0
nag,50,0.0011084338288124,2.0
nag,50,0.0001348528867336,2.0
nag,50,0.000401173157714,2.0
nag,50,6.759337593413243e-05,2.0
nag,50,0.001475957583413,2.0
nag,50,0.0011367133063982,2.0
nag,50,0.0048325240399571,2.0
nag,50,9.25203918239498e-05,2.0
nag,50,0.0015117612925898,2.0
nag,50,0.0003479770559992,2.0
nag,50,0.0008131643881857,2.0
nag,50,0.0,2.0
nag,50,0.0007173840024185,2.0
nag,50,0.0,2.0
nag,50,0.0005728917711675,2.0
nag,50,0.0048391459742461,2.0
nag,50,1.1524061640207258e-05,2.0
nag,50,0.0002622059934546,2.0
nag,50,0.0005259556231883,2.0
nag,50,0.0003784048428147,2.0
nag,50,0.001226099022066,2.0
nag,50,0.0033689289201849,2.0
nag,50,0.0003730480471758,2.0
nag,50,0.002947513287015,2.0
nag,50,0.0003229528090437,2.0
nag,50,0.0022278939865953,2.0
nag,50,0.0,2.0
nag,50,0.0002806561774275,2.0
nag,50,0.0001897647397288,2.0
nag,50,0.0,2.0
nag,50,0.000908088174859,2.0
nag,50,0.0008071757321087,2.0
nag,50,0.0,2.0
nag,50,0.0001136324701568,2.0
nag,50,0.0013115264519126,2.0
nag,50,0.0001151618878225,2.0
nag,50,0.0001553426289539,2.0
nag,50,0.0,2.0
nag,50,0.0053461965656455,2.0
nag,50,0.0009494733025848,2.0
nag,50,0.0001003987067786,2.0
nag,50,0.001796979335645,2.0
nag,50,0.0058190210461809,2.0
nag,50,0.0011554581250742,2.0
nag,50,0.0006812671349185,2.0
nag,50,0.0008098212941417,2.0
nag,50,0.0013293355367115,2.0
nag,50,0.0001669247449609,2.0
nag,50,0.0001738167497925,2.0
nag,50,0.0013120441109351,2.0
nag,50,6.081337230460066e-05,2.0
nag,50,0.0041366065489168,2.0
nag,50,0.0002263030292528,2.0
nag,50,0.000173322663793,2.0
nag,50,0.0023820973383164,2.0
nag,50,0.0010070370537027,2.0
nag,50,0.0005658131803565,2.0
nag,50,0.002770985265808,2.0
nag,50,0.0,2.0
nag,50,0.0,2.0
nag,50,0.0019399478159135,2.0
nag,50,0.0001274801097745,2.0
nag,50,0.0002682983134435,2.0
nag,50,0.0002253158943378,2.0
nag,50,0.0004375972277591,2.0
nag,50,0.0004032423523424,2.0
nag,50,0.0008659155207234,2.0
nag,50,0.0018753920438632,2.0
nag,50,0.0015808449586748,2.0
nag,50,0.0020081574757671,2.0
nag,50,0.0005785503808821,2.0
nag,50,0.0040320228680165,2.0
nag,50,0.0007132365877019,2.0
nag,50,0.0003899632653674,2.0
nag,50,0.0079523173740102,2.0
nag,50,0.0002946607351515,2.0
nag,50,0.0021438242837107,2.0
nag,50,0.0013197893687082,2.0
nag,50,0.0007204316997345,2.0
nag,50,0.0,2.0
nag,50,0.0,2.0
nag,50,0.0001999664534118,2.0
nag,50,0.0039395443141022,2.0
nag,50,0.0012142548687703,2.0
nag,50,6.745957764811747e-05,2.0
nag,50,0.0,2.0
nag,50,0.0001936608694317,2.0
nag,50,0.0002967073784557,2.0
nag,50,0.0003996096725471,2.0
nag,50,0.0012773247441459,2.0
nag,50,0.0012301048719014,2.0
nag,50,0.0003235926014061,2.0
nag,50,0.0,2.0
nag,50,0.0001396196766311,2.0
nag,50,0.0013533948194572,2.0
nag,50,0.0034899233965149,2.0
nag,50,0.0004081958817177,2.0
nag,50,0.0011109367231779,2.0
nag,50,0.0,2.0
nag,50,0.0006821100109504,2.0
nag,50,9.344890062797238e-05,2.0
nag,50,0.0013211842859832,2.0
nag,50,6.505759839850446e-05,2.0
nag,50,0.0003178115598795,2.0
nag,50,0.0,2.0
nag,50,0.0,2.0
nag,50,0.0008181425688768,2.0
nag,50,0.004840625064964,2.0
nag,50,0.0015288607850845,2.0
nag,50,0.0004902104981155,2.0
nag,50,0.0006457087819435,2.0
nag,50,0.0029240547761606,2.0
nag,50,0.0001646913203608,2.0
nag,50,0.0030461864810039,2.0
nag,50,0.0,2.0
nag,50,0.0002523240108022,2.0
nag,50,0.0009672759126484,2.0
nag,50,0.0,2.0
nag,50,8.099037911558827e-05,2.0
nag,50,0.0001261106633131,2.0
nag,50,0.0010853283548198,2.0
nag,50,0.0005741122479698,2.0
nag,50,0.0002372071124236,2.0
nag,50,0.0020935120024756,2.0
nag,50,0.0003994275239247,2.0
nag,50,0.0014856098089389,2.0
nag,50,0.0008119735391753,2.0
nag,50,0.0029899526912169,2.0
nag,50,0.000924844778645,2.0
nag,50,0.0005402171466639,2.0
nag,50,0.0,2.0
nag,50,0.0017567918026985,2.0
nag,50,0.0029625852140278,2.0
nag,50,0.0019575373729453,2.0
nag,50,0.0008807468082747,2.0
nag,50,0.0002493470214625,2.0
nag,50,0.0001542874585409,2.0
nag,50,0.0010976101573834,2.0
nag,50,0.0001168172513519,2.0
nag,50,0.0005017817098269,2.0
nag,50,0.0005793230810942,2.0
nag,50,0.002233307229018,2.0
nag,50,0.0,2.0
nag,50,0.0012108605715588,2.0
nag,50,0.0002350027219396,2.0
nag,50,0.0032786824837406,2.0
nag,50,0.0,2.0
nag,50,0.0001768117411444,2.0
nag,50,6.343463507521257e-05,2.0
bg,50,4.343410862532814e-07,2.0
bg,50,6.390088156706286e-07,2.0
bg,50,5.943616309819076e-07,2.0
bg,50,7.915845753570178e-07,2.0
bg,50,4.515038994829254e-07,2.0
bg,50,4.719853653997758e-07,2.0
bg,50,5.231767263561035e-07,2.0
bg,50,4.893085355469891e-07,2.0
bg,50,3.438419207125916e-07,2.0
bg,50,8.254261645248931e-07,2.0
bg,50,6.25237856685296e-07,2.0
bg,50,1.8520997097318156e-07,2.0
bg,50,6.721142738419159e-07,2.0
bg,50,5.612571463830745e-07,2.0
bg,50,6.566342924738629e-07,2.0
bg,50,1.1229891506059158e-06,2.0
bg,50,5.811285401854956e-07,2.0
bg,50,8.412971491814468e-07,2.0
bg,50,8.066568480909182e-07,2.0
bg,50,7.889093628357667e-07,2.0
bg,50,6.67401631077972e-07,2.0
bg,50,4.5807306155309897e-07,2.0
bg,50,4.292390528490732e-07,2.0
bg,50,6.806809118390485e-07,2.0
bg,50,5.178279677231376e-07,2.0
bg,50,8.791351467549072e-07,2.0
bg,50,8.163290248762066e-07,2.0
bg,50,9.467280269508877e-07,2.0
bg,50,8.191854646346044e-07,2.0
bg,50,1.105759613281176e-06,2.0
bg,50,4.026425316746717e-07,2.0
bg,50,8.27577114243189e-07,2.0
bg,50,7.341538041868144e-07,2.0
bg,50,2.314579321373185e-07,2.0
bg,50,6.346652313160006e-07,2.0
bg,50,6.762227716448842e-07,2.0
bg,50,9.179829348328892e-07,2.0
bg,50,7.228467701536331e-07,2.0
bg,50,8.857899658652947e-07,2.0
bg,50,5.05307997415188e-07,2.0
bg,50,4.757677674970049e-07,2.0
bg,50,3.067856907271851e-07,2.0
bg,50,5.979610404678083e-07,2.0
bg,50,4.277072661333478e-07,2.0
bg,50,7.966350340401509e-07,2.0
bg,50,7.038750234048607e-07,2.0
bg,50,8.20959036357168e-07,2.0
bg,50,3.973164322875764e-07,2.0
bg,50,4.6710150726869866e-07,2.0
bg,50,1.0272387721303816e-06,2.0
bg,50,5.033559374992252e-07,2.0
bg,50,7.411446322183498e-07,2.0
bg,50,5.391922510361526e-07,2.0
bg,50,5.385868642804625e-07,2.0
bg,50,5.961502823863745e-07,2.0
bg,50,4.796509252113096e-07,2.0
bg,50,4.6864538197136746e-07,2.0
bg,50,5.329078475260319e-07,2.0
bg,50,8.104015556157858e-07,2.0
bg,50,4.091043205226939e-07,2.0
bg,50,5.732740869167678e-07,2.0
bg,50,3.257250071881399e-07,2.0
bg,50,4.003865072776057e-07,2.0
bg,50,5.598908574111826e-07,2.0
bg,50,6.696814852729579e-07,2.0
bg,50,5.552192302474062e-07,2.0
bg,50,5.478812289050561e-07,2.0
bg,50,6.555860147638826e-07,2.0
bg,50,4.849216274716255e-07,2.0
bg,50,5.623028707046455e-07,2.0
bg,50,6.608217621516164e-07,2.0
bg,50,5.454672402792787e-07,2.0
bg,50,1.0159631022047055e-06,2.0
bg,50,5.347869902521606e-07,2.0
bg,50,3.593312212709161e-07,2.0
bg,50,5.868868403339118e-07,2.0
bg,50,4.275759084010132e-07,2.0
bg,50,8.902744052265814e-07,2.0
bg,50,3.5726928934241385e-07,2.0
bg,50,5.584086738528461e-07,2.0
bg,50,6.491423121745926e-07,2.0
bg,50,2.9712933654370345e-07,2.0
bg,50,5.492674250592687e-07,2.0
bg,50,2.3091359634925158e-07,2.0
bg,50,1.0337032109427495e-06,2.0
bg,50,9.347967370810944e-07,2.0
bg,50,4.3156206436620115e-07,2.0
bg,50,3.4949613802237413e-07,2.0
bg,50,7.674541103949449e-07,2.0
bg,50,3.705599608009104e-07,2.0
bg,50,6.288944400247054e-07,2.0
bg,50,8.543657559877186e-07,2.0
bg,50,5.937501266633482e-07,2.0
bg,50,6.385977641953658e-07,2.0
bg,50,4.437867835697872e-07,2.0
bg,50,3.300429510177972e-07,2.0
bg,50,8.494726349172229e-07,2.0
bg,50,4.525154989190785e-07,2.0
bg,50,4.4421364307553126e-07,2.0
bg,50,5.522728045019927e-07,2.0
bg,50,5.5343158154994e-07,2.0
bg,50,9.506205858778392e-07,2.0
bg,50,5.62475994698992e-07,2.0
bg,50,4.338657405019986e-07,2.0
bg,50,4.913993332220336e-07,2.0
bg,50,5.279871412653891e-07,2.0
bg,50,3.032413136714662e-07,2.0
bg,50,8.852667196731677e-07,2.0
bg,50,4.625465604155589e-07,2.0
bg,50,9.534438648627704e-07,2.0
bg,50,5.305138076785378e-07,2.0
bg,50,4.167646861588725e-07,2.0
bg,50,6.65803514443325e-07,2.0
bg,50,5.746037865433778e-07,2.0
bg,50,4.820046819490713e-07,2.0
bg,50,7.309769983586016e-07,2.0
bg,50,3.1564559103941757e-07,2.0
bg,50,5.290301349640682e-07,2.0
bg,50,6.897500339790413e-07,2.0
bg,50,4.065666930879877e-07,2.0
bg,50,7.202784982210911e-07,2.0
bg,50,4.710836672807461e-07,2.0
bg,50,6.344194379602317e-07,2.0
bg,50,3.661917847124449e-07,2.0
bg,50,4.024378351979158e-07,2.0
bg,50,4.218021004683635e-07,2.0
bg,50,4.484610421907861e-07,2.0
bg,50,4.387757322733057e-07,2.0
bg,50,5.186903033198216e-07,2.0
bg,50,1.0499473795124549e-06,2.0
bg,50,4.295179724659338e-07,2.0
bg,50,6.566686188165253e-07,2.0
bg,50,4.847205175580111e-07,2.0
bg,50,6.937496036633649e-07,2.0
bg,50,7.390589667129665e-07,2.0
bg,50,6.610608149938441e-07,2.0
bg,50,8.501414699645552e-07,2.0
bg,50,4.169609415679698e-07,2.0
bg,50,3.431071483117461e-07,2.0
bg,50,4.5957649056805954e-07,2.0
bg,50,7.742200208486374e-07,2.0
bg,50,6.283670371807881e-07,2.0
bg,50,6.146039317368969e-07,2.0
bg,50,5.684873147518758e-07,2.0
bg,50,6.27126776554542e-07,2.0
bg,50,7.876203247583101e-07,2.0
bg,50,6.795034697240382e-07,2.0
bg,50,3.546863601237648e-07,2.0
bg,50,4.333159520326681e-07,2.0
bg,50,1.0930965225543903e-06,2.0
bg,50,8.356234195779307e-07,2.0
bg,50,8.900689284143349e-07,2.0
bg,50,8.358780939192914e-07,2.0
bg,50,3.796397141047237e-07,2.0
bg,50,4.24768163329281e-07,2.0
bg,50,3.656134262604966e-07,2.0
bg,50,7.263898401404409e-07,2.0
bg,50,4.282296579791255e-07,2.0
bg,50,5.073793186906268e-07,2.0
bg,50,6.552695868562851e-07,2.0
bg,50,5.591868184897042e-07,2.0
bg,50,5.764237246929912e-07,2.0
bg,50,8.642866757894713e-07,2.0
bg,50,8.715219769352503e-07,2.0
bg,50,5.474469394773393e-07,2.0
bg,50,4.742547233795978e-07,2.0
bg,50,4.554941943991487e-07,2.0
bg,50,5.715008191252699e-07,2.0
bg,50,2.981148988340005e-07,2.0
bg,50,5.180819222062484e-07,2.0
bg,50,6.291356124217639e-07,2.0
bg,50,5.25040376137464e-07,2.0
bg,50,1.0525583906503622e-06,2.0
bg,50,5.982815674334156e-07,2.0
bg,50,3.942615223547428e-07,2.0
bg,50,3.621824983970454e-07,2.0
bg,50,5.386689396891112e-07,2.0
bg,50,3.694644533975636e-07,2.0
bg,50,2.9016934515743417e-07,2.0
bg,50,5.550146393650942e-07,2.0
bg,50,5.736058396906424e-07,2.0
bg,50,5.10746857407453e-07,2.0
bg,50,2.605982319653435e-07,2.0
bg,50,3.342173497404997e-07,2.0
bg,50,5.970862036563036e-07,2.0
bg,50,3.863031789894091e-07,2.0
bg,50,3.396979681940748e-07,2.0
bg,50,3.849503282468764e-07,2.0
bg,50,3.472179402202145e-07,2.0
bg,50,9.75983741766476e-07,2.0
bg,50,5.807785179826446e-07,2.0
bg,50,5.129889769905187e-07,2.0
bg,50,1.1013600666248703e-06,2.0
bg,50,7.390251934724655e-07,2.0
bg,50,5.906086861692059e-07,2.0
bg,50,5.31945454839333e-07,2.0
bg,50,5.832647930540135e-07,2.0
bg,50,6.527667298297422e-07,2.0
bg,50,1.025221826165487e-06,2.0
bg,50,7.648806911020918e-07,2.0
bg,50,5.156439631496446e-07,2.0
bg,50,3.095623372179899e-07,2.0
bg,50,5.126249313545153e-07,2.0
bg,50,8.561551097276729e-07,2.0
bg,50,2.6003835549826184e-07,2.0
bg,50,4.610679558256961e-07,2.0
bg,50,5.309774426310597e-07,2.0
bg,50,3.763933718300971e-07,2.0
bg,50,4.989237723466245e-07,2.0
bg,50,5.350382662070175e-07,2.0
bg,50,5.596558288547023e-07,2.0
bg,50,5.845840549329571e-07,2.0
bg,50,5.975183741896429e-07,2.0
bg,50,5.925437169225659e-07,2.0
bg,50,7.791736526175007e-07,2.0
bg,50,5.293880287659757e-07,2.0
bg,50,4.985997207041205e-07,2.0
bg,50,5.451810153508992e-07,2.0
bg,50,4.6642253072377995e-07,2.0
bg,50,4.867959807002736e-07,2.0
bg,50,4.940582725582382e-07,2.0
bg,50,5.74934532728546e-07,2.0
bg,50,8.707682319191393e-07,2.0
bg,50,9.763698309046989e-07,2.0
bg,50,9.096608545181128e-07,2.0
bg,50,5.025869858469343e-07,2.0
bg,50,7.932515342020527e-07,2.0
bg,50,4.814368180119757e-07,2.0
bg,50,3.329245554628854e-07,2.0
bg,50,4.159134401941757e-07,2.0
bg,50,5.266511781438753e-07,2.0
bg,50,6.002720430807411e-07,2.0
bg,50,5.539484827094387e-07,2.0
bg,50,6.472977049841963e-07,2.0
bg,50,4.36916624861545e-07,2.0
bg,50,7.241284025523495e-07,2.0
bg,50,4.226210966372205e-07,2.0
bg,50,4.42301275381223e-07,2.0
bg,50,4.936154744449126e-07,2.0
bg,50,4.27603559218171e-07,2.0
bg,50,6.971875649479644e-07,2.0
bg,50,5.878506952882948e-07,2.0
bg,50,9.636194334137657e-07,2.0
bg,50,9.263433505126044e-07,2.0
bg,50,7.042123001729551e-07,2.0
bg,50,7.314677660752372e-07,2.0
bg,50,7.705781129738736e-07,2.0
bg,50,3.511007087840798e-07,2.0
bg,50,5.300716861599767e-07,2.0
bg,50,7.861053667321865e-07,2.0
bg,50,7.664037050284694e-07,2.0
bg,50,5.382724377452603e-07,2.0
bg,50,6.544733898072681e-07,2.0
bg,50,6.302164251544341e-07,2.0
bg,50,5.130105062911511e-07,2.0
bg,50,5.529581706489087e-07,2.0
bg,50,5.895289518156051e-07,2.0
bg,50,3.791709092081035e-07,2.0
bg,50,5.395158422368935e-07,2.0
bg,50,3.976015261220331e-07,2.0
bg,50,4.5235122704143834e-07,2.0
bg,50,3.170511742566413e-07,2.0
bg,50,4.722817274545135e-07,2.0
bg,50,1.15064357528308e-06,2.0
bg,50,3.915162528462344e-07,2.0
bg,50,2.245766282458005e-07,2.0
bg,50,5.625850168381454e-07,2.0
bg,50,8.928815778444221e-07,2.0
bg,50,6.329950187365618e-07,2.0
bg,50,3.289585845080445e-07,2.0
bg,50,7.124515512932942e-07,2.0
bg,50,3.546585130368898e-07,2.0
bg,50,8.189324734971049e-07,2.0
bg,50,7.523294544485652e-07,2.0
bg,50,2.8698554725501165e-07,2.0
bg,50,3.937810068727715e-07,2.0
bg,50,6.924060240152335e-07,2.0
bg,50,7.636088786365893e-07,2.0
bg,50,5.623493241964815e-07,2.0
bg,50,3.6705908843321154e-07,2.0
bg,50,9.196535271656532e-07,2.0
bg,50,8.880285450492313e-07,2.0
bg,50,8.611342454164623e-07,2.0
bg,50,5.911311894966834e-07,2.0
bg,50,7.4066770177572e-07,2.0
bg,50,6.846212899373701e-07,2.0
bg,50,3.950455730663285e-07,2.0
bg,50,2.331233372857151e-07,2.0
bg,50,7.908933009306028e-07,2.0
bg,50,5.852002377626271e-07,2.0
bg,50,4.933344257151175e-07,2.0
bg,50,4.6562878778391106e-07,2.0
bg,50,4.666222067287093e-07,2.0
bg,50,5.736599881584461e-07,2.0
bg,50,6.349235858932887e-07,2.0
bg,50,3.329079828396401e-07,2.0
bg,50,4.4586948828835035e-07,2.0
bg,50,3.809565073662129e-07,2.0
bg,50,5.714303481790669e-07,2.0
bg,50,1.0035304866282787e-06,2.0
bg,50,4.56515693206066e-07,2.0
bg,50,9.502102968186924e-07,2.0
bg,50,4.008539674625729e-07,2.0
bg,50,5.71967044684504e-07,2.0
bg,50,4.297837003585191e-07,2.0
bg,50,7.335655445854718e-07,2.0
bg,50,4.538271804240251e-07,2.0
bg,50,9.20780690648416e-07,2.0
bg,50,7.485120346710173e-07,2.0
bg,50,3.903670810736368e-07,2.0
bg,50,4.862494583025947e-07,2.0
bg,50,6.597451922900604e-07,2.0
bg,50,6.367273503768571e-07,2.0
bg,50,5.210497946182983e-07,2.0
bg,50,9.66542611969738e-07,2.0
bg,50,5.785412158806656e-07,2.0
bg,50,6.589686821585691e-07,2.0
bg,50,3.426599814400495e-07,2.0
bg,50,6.177331140191657e-07,2.0
bg,50,5.66809841372538e-07,2.0
bg,50,4.974183819802021e-07,2.0
bg,50,7.364671710371605e-07,2.0
bg,50,7.159686479330763e-07,2.0
bg,50,4.482761495697632e-07,2.0
bg,50,6.362391366331082e-07,2.0
bg,50,3.5348432355971834e-07,2.0
bg,50,6.248033184333381e-07,2.0
bg,50,1.0854856563258344e-06,2.0
bg,50,9.237380624887228e-07,2.0
bg,50,6.136768144095749e-07,2.0
bg,50,6.31395103090641e-07,2.0
bg,50,6.766200844307089e-07,2.0
bg,50,7.082894883447758e-07,2.0
bg,50,4.411294444625597e-07,2.0
bg,50,7.773039409487756e-07,2.0
bg,50,6.652854140304791e-07,2.0
bg,50,2.99910445117737e-07,2.0
bg,50,4.438625532731038e-07,2.0
bg,50,7.933762303441475e-07,2.0
bg,50,3.8544250272820377e-07,2.0
bg,50,4.037305747778399e-07,2.0
bg,50,7.11581613400682e-07,2.0
bg,50,6.336416710825035e-07,2.0
bg,50,5.353280196212026e-07,2.0
bg,50,4.52940224880619e-07,2.0
bg,50,6.150042088826379e-07,2.0
bg,50,5.156240161505287e-07,2.0
bg,50,6.604632784657031e-07,2.0
bg,50,2.8660257855193796e-07,2.0
bg,50,6.119147757197064e-07,2.0
bg,50,4.059532063858519e-07,2.0
bg,50,2.603977824110475e-07,2.0
bg,50,4.070702784624854e-07,2.0
bg,50,7.792471280055806e-07,2.0
bg,50,6.676716407508678e-07,2.0
bg,50,6.067293871440981e-07,2.0
bg,50,8.911658356957724e-07,2.0
bg,50,8.140132819154601e-07,2.0
bg,50,5.39571557551855e-07,2.0
bg,50,5.625050508430588e-07,2.0
bg,50,7.200646491100897e-07,2.0
bg,50,4.4680249461630795e-07,2.0
bg,50,3.986823670190092e-07,2.0
bg,50,6.08391833963988e-07,2.0
bg,50,6.242909629330074e-07,2.0
bg,50,6.667726879261394e-07,2.0
bg,50,6.620370833862292e-07,2.0
bg,50,5.276851044690758e-07,2.0
bg,50,5.198534392596903e-07,2.0
bg,50,6.880575314160881e-07,2.0
bg,50,5.123514008176935e-07,2.0
bg,50,5.246778367484606e-07,2.0
bg,50,5.743942495159097e-07,2.0
bg,50,7.125960983011202e-07,2.0
bg,50,6.255248005577642e-07,2.0
bg,50,9.209171302196164e-07,2.0
bg,50,8.062462614060995e-07,2.0
bg,50,4.780127566568532e-07,2.0
bg,50,5.541343367378327e-07,2.0
bg,50,9.243247817651538e-07,2.0
bg,50,4.472014249868922e-07,2.0
bg,50,3.352156560394403e-07,2.0
bg,50,7.92060141250081e-07,2.0
bg,50,6.951420209267906e-07,2.0
bg,50,6.789857195538871e-07,2.0
bg,50,2.652742145007859e-07,2.0
bg,50,9.344059829026794e-07,2.0
bg,50,5.544538665570617e-07,2.0
bg,50,2.845003389832503e-07,2.0
bg,50,7.673540035929903e-07,2.0
bg,50,3.048026107250784e-07,2.0
bg,50,5.235842846206143e-07,2.0
bg,50,8.714589049568824e-07,2.0
bg,50,7.315793325369762e-07,2.0
bg,50,1.6834042592100374e-07,2.0
bg,50,2.2598156119442147e-07,2.0
bg,50,7.092861947457262e-07,2.0
bg,50,5.871125529697118e-07,2.0
bg,50,8.228663906380035e-07,2.0
bg,50,5.318535276345832e-07,2.0
bg,50,5.766940251202402e-07,2.0
bg,50,5.674809974671961e-07,2.0
bg,50,5.646036415902902e-07,2.0
bg,50,8.567237144661942e-07,2.0
bg,50,1.0002317756544657e-06,2.0
bg,50,3.985893063809613e-07,2.0
bg,50,4.470916304360351e-07,2.0
bg,50,4.579626324036498e-07,2.0
bg,50,6.407814471428591e-07,2.0
bg,50,4.504904174611381e-07,2.0
bg,50,4.558359242097992e-07,2.0
bg,50,3.614008068689531e-07,2.0
bg,50,5.717659303979878e-07,2.0
bg,50,5.327360194921923e-07,2.0
bg,50,5.06146462806183e-07,2.0
bg,50,5.903424612919625e-07,2.0
bg,50,5.61920013070847e-07,2.0
bg,50,8.297284675721284e-07,2.0
bg,50,6.962840396030352e-07,2.0
bg,50,3.960995593894746e-07,2.0
bg,50,6.192756322582498e-07,2.0
bg,50,3.969685612115703e-07,2.0
bg,50,6.704366420319125e-07,2.0
bg,50,8.180370877280435e-07,2.0
bg,50,5.894866771991608e-07,2.0
bg,50,7.552750747362442e-07,2.0
bg,50,3.300865445399242e-07,2.0
bg,50,7.77216019877237e-07,2.0
bg,50,4.770355304179191e-07,2.0
bg,50,1.83007888880897e-07,2.0
bg,50,4.821957430076429e-07,2.0
bg,50,5.642785670694907e-07,2.0
bg,50,5.424878444564076e-07,2.0
bg,50,4.107877859980646e-07,2.0
bg,50,6.101995854849582e-07,2.0
bg,50,5.553718371288213e-07,2.0
bg,50,5.587367153659086e-07,2.0
bg,50,2.964315418799882e-07,2.0
bg,50,6.000888265855106e-07,2.0
bg,50,3.2778794310980385e-07,2.0
bg,50,6.468630605607623e-07,2.0
bg,50,5.17663675510341e-07,2.0
bg,50,8.577440790776377e-07,2.0
bg,50,4.512882929189095e-07,2.0
bg,50,7.331766875205524e-07,2.0
bg,50,5.820877640167346e-07,2.0
bg,50,3.692681778686482e-07,2.0
bg,50,4.848504432098822e-07,2.0
bg,50,6.756980871438143e-07,2.0
bg,50,1.0057914264553782e-06,2.0
bg,50,3.7036606693129306e-07,2.0
bg,50,6.592808615086445e-07,2.0
bg,50,5.63696405657346e-07,2.0
bg,50,5.66206931908567e-07,2.0
bg,50,1.1191554566911132e-06,2.0
bg,50,3.3719365465404897e-07,2.0
bg,50,7.814485581683084e-07,2.0
bg,50,2.575373034842551e-07,2.0
bg,50,4.958384324309612e-07,2.0
bg,50,8.210798516731691e-07,2.0
bg,50,6.17224353992104e-07,2.0
bg,50,4.694645722971037e-07,2.0
bg,50,2.961117561720727e-07,2.0
bg,50,4.672167583185158e-07,2.0
bg,50,5.930261443811478e-07,2.0
bg,50,5.649957379939737e-07,2.0
bg,50,7.28077595714162e-07,2.0
bg,50,7.140585542712893e-07,2.0
bg,50,4.620285838137435e-07,2.0
bg,50,5.717179941158984e-07,2.0
bg,50,4.11248017180587e-07,2.0
bg,50,5.777246819413031e-07,2.0
bg,50,5.383173342575748e-07,2.0
bg,50,6.577495062261731e-07,2.0
bg,50,6.069645179453253e-07,2.0
bg,50,4.834114699498001e-07,2.0
bg,50,7.547844046178426e-07,2.0
bg,50,7.674666681092694e-07,2.0
bg,50,3.721940851036061e-07,2.0
bg,50,3.347286100394246e-07,2.0
bg,50,5.680561358696255e-07,2.0
bg,50,3.893777064640314e-07,2.0
bg,50,4.809025496547377e-07,2.0
bg,50,6.46657860642133e-07,2.0
bg,50,3.36984414151145e-07,2.0
bg,50,6.270787848107244e-07,2.0
bg,50,8.439594879080816e-07,2.0
bg,50,4.104929901327063e-07,2.0
bg,50,5.484543837760979e-07,2.0
bg,50,5.363011092828827e-07,2.0
bg,50,9.364591197067568e-07,2.0
bg,50,7.761037242501306e-07,2.0
bg,50,3.8874080652619226e-07,2.0
bg,50,4.637596956531359e-07,2.0
bg,50,5.098484434261375e-07,2.0
bg,50,5.847948773217755e-07,2.0
bg,50,5.722650304339811e-07,2.0
bg,50,7.409523972841932e-07,2.0
bg,50,3.855210982846201e-07,2.0
bg,50,9.848307930775286e-07,2.0
ag,50,0.0096173655084076,2.5
ag,50,0.0048458237301959,2.5
ag,50,0.0522751312086553,2.5
ag,50,0.035816838465935,2.5
ag,50,0.0036571499489798,2.5
ag,50,0.01521154533609,2.5
ag,50,0.0116510978614407,2.5
ag,50,0.0086421057717764,2.5
ag,50,0.0149652356093812,2.5
ag,50,0.0120202348244929,2.5
ag,50,0.0015933613533612,2.5
ag,50,0.0058525430643874,2.5
ag,50,0.0157872745711853,2.5
ag,50,0.0117598858689358,2.5
ag,50,0.0013845962790469,2.5
ag,50,0.0211748260547165,2.5
ag,50,0.025131662901499,2.5
ag,50,0.0037265780328384,2.5
ag,50,0.0308888061782706,2.5
ag,50,0.0207112575650255,2.5
ag,50,0.0152686371369452,2.5
ag,50,0.0078748081792005,2.5
ag,50,0.0055010903902354,2.5
ag,50,0.0015791129147953,2.5
ag,50,0.0005038455191307,2.5
ag,50,0.0113973589888573,2.5
ag,50,0.0463316454829717,2.5
ag,50,0.0068529552350956,2.5
ag,50,0.0009176293479219,2.5
ag,50,0.0027713165491895,2.5
ag,50,0.0011506839361875,2.5
ag,50,0.0273533756104594,2.5
ag,50,0.0219692618955241,2.5
ag,50,0.0106692036924161,2.5
ag,50,0.0161164733237034,2.5
ag,50,0.0004122475028726,2.5
ag,50,0.0061771340953196,2.5
ag,50,0.0052668510718531,2.5
ag,50,0.0281806836465687,2.5
ag,50,0.0009277272320373,2.5
ag,50,0.0108860318759264,2.5
ag,50,0.0011080637225286,2.5
ag,50,0.0130975739380485,2.5
ag,50,0.0153199799302143,2.5
ag,50,0.0117462729054765,2.5
ag,50,0.0046802747324211,2.5
ag,50,0.0069496729535403,2.5
ag,50,0.0059919305839875,2.5
ag,50,0.0022049059615121,2.5
ag,50,0.012928962594168,2.5
ag,50,0.0046009169253134,2.5
ag,50,0.0070535362709926,2.5
ag,50,0.0415461877163286,2.5
ag,50,0.0410081351497432,2.5
ag,50,0.0382230253388716,2.5
ag,50,0.0030368305021131,2.5
ag,50,0.0003472784640506,2.5
ag,50,0.0105448615287453,2.5
ag,50,0.0182490131517642,2.5
ag,50,0.0011464504796791,2.5
ag,50,0.0042054126603408,2.5
ag,50,0.0016484262862155,2.5
ag,50,0.0082340497250446,2.5
ag,50,0.003928612190869,2.5
ag,50,0.0008414833243743,2.5
ag,50,0.0275386290792207,2.5
ag,50,0.0197037855661653,2.5
ag,50,0.0021875226525884,2.5
ag,50,0.0030832080256331,2.5
ag,50,0.0570917520464222,2.5
ag,50,0.0371460761380545,2.5
ag,50,0.0069356443377262,2.5
ag,50,0.0022716916641378,2.5
ag,50,0.0149251412300247,2.5
ag,50,0.0221422720692481,2.5
ag,50,0.0222826316886018,2.5
ag,50,0.0009428813192196,2.5
ag,50,0.0196033231541284,2.5
ag,50,0.000412965504175,2.5
ag,50,0.0348530491964154,2.5
ag,50,0.0146432948479337,2.5
ag,50,0.0030784444998757,2.5
ag,50,0.0026113489898181,2.5
ag,50,0.0324718390106814,2.5
ag,50,0.0266749586249436,2.5
ag,50,0.010720499135513,2.5
ag,50,0.0112149536007671,2.5
ag,50,0.0017070965225363,2.5
ag,50,0.0076286594297947,2.5
ag,50,0.0149445646453426,2.5
ag,50,0.0037980509829542,2.5
ag,50,0.0052505696590623,2.5
ag,50,0.0065975683547854,2.5
ag,50,0.0033792681551368,2.5
ag,50,0.0011476336079915,2.5
ag,50,0.0276932155876042,2.5
ag,50,0.0100563835219296,2.5
ag,50,0.0050570649728283,2.5
ag,50,0.051536025375527,2.5
ag,50,0.0013452750814898,2.5
ag,50,0.0087830208598438,2.5
ag,50,0.0235893044432249,2.5
ag,50,0.0021963396885623,2.5
ag,50,0.011540535531769,2.5
ag,50,0.019187534542019,2.5
ag,50,0.0132063249678222,2.5
ag,50,0.0276973096718665,2.5
ag,50,0.01557650256447,2.5
ag,50,0.0098546911960472,2.5
ag,50,0.0200831311274916,2.5
ag,50,0.0240005778237665,2.5
ag,50,0.0031486292553964,2.5
ag,50,0.0074473684611915,2.5
ag,50,0.0077386155330789,2.5
ag,50,0.0177865991776049,2.5
ag,50,0.0015651999350063,2.5
ag,50,0.0135563935775499,2.5
ag,50,0.0007374690195529,2.5
ag,50,0.0034764789153947,2.5
ag,50,0.0232234150944499,2.5
ag,50,0.0121847006383849,2.5
ag,50,0.0119018500193099,2.5
ag,50,0.0048745751359577,2.5
ag,50,0.0479113837209451,2.5
ag,50,0.0297749429240131,2.5
ag,50,0.0437762478256737,2.5
ag,50,0.0004642578982711,2.5
ag,50,0.000492948110738,2.5
ag,50,0.0176847305110384,2.5
ag,50,0.0239508747493975,2.5
ag,50,0.0138178173470092,2.5
ag,50,0.0041310845295015,2.5
ag,50,0.0184986655337544,2.5
ag,50,0.007577521850091,2.5
ag,50,0.0342439270860765,2.5
ag,50,0.0145526617869897,2.5
ag,50,0.004143884501452,2.5
ag,50,0.0047865922095397,2.5
ag,50,0.004935551922188,2.5
ag,50,0.0038034998077028,2.5
ag,50,0.0226577520121091,2.5
ag,50,0.0163742963030818,2.5
ag,50,0.0331545164276117,2.5
ag,50,0.0293551329455148,2.5
ag,50,0.014365606663659,2.5
ag,50,0.0087328215299571,2.5
ag,50,0.0020023726718113,2.5
ag,50,0.0076487623659283,2.5
ag,50,0.008732686993283,2.5
ag,50,0.0022315280140092,2.5
ag,50,0.0224133339335727,2.5
ag,50,0.0196428149760567,2.5
ag,50,0.0008321255843,2.5
ag,50,0.0010123801848582,2.5
ag,50,0.0276658698952763,2.5
ag,50,0.0058303261340415,2.5
ag,50,0.012195610416761,2.5
ag,50,0.0554040383507179,2.5
ag,50,0.0040461500934667,2.5
ag,50,0.0045367874636515,2.5
ag,50,0.0162844125988746,2.5
ag,50,0.0112148359289817,2.5
ag,50,0.0313624184451375,2.5
ag,50,0.0039371517064318,2.5
ag,50,0.0141661687414485,2.5
ag,50,0.012010490461053,2.5
ag,50,0.0278552904417195,2.5
ag,50,0.0880430995554793,2.5
ag,50,0.0088899368994872,2.5
ag,50,0.0043159620915698,2.5
ag,50,0.04747423825666,2.5
ag,50,0.0065958061809511,2.5
ag,50,0.008607842475653,2.5
ag,50,0.0124129370470651,2.5
ag,50,0.0133859641719075,2.5
ag,50,0.0018295710148013,2.5
ag,50,0.0446889277518903,2.5
ag,50,0.0047832613586055,2.5
ag,50,0.0475135393636944,2.5
ag,50,0.0010351611579604,2.5
ag,50,0.005585508238616,2.5
ag,50,0.0120864025400146,2.5
ag,50,0.0188398096218212,2.5
ag,50,0.0014704603886925,2.5
ag,50,0.010967856815212,2.5
ag,50,0.0084129951908806,2.5
ag,50,0.004127456429914,2.5
ag,50,0.0019245227189218,2.5
ag,50,0.0325605929043911,2.5
ag,50,0.0044339678359717,2.5
ag,50,0.0054719237321678,2.5
ag,50,0.0054258080550251,2.5
ag,50,0.0532590050343834,2.5
ag,50,0.0047221561992516,2.5
ag,50,0.022707310372948,2.5
ag,50,0.0086748150592874,2.5
ag,50,0.0021328002839812,2.5
ag,50,0.0106820303552207,2.5
ag,50,0.0052552157093384,2.5
ag,50,0.0113537649999643,2.5
ag,50,0.0,2.5
ag,50,0.0046330677382993,2.5
ag,50,0.0035915066042448,2.5
ag,50,0.0085644998607153,2.5
ag,50,0.0049453799621091,2.5
ag,50,0.0125995440296211,2.5
ag,50,0.0016500971343868,2.5
ag,50,0.0035173231860081,2.5
ag,50,0.0144213567526487,2.5
ag,50,0.0094569459053516,2.5
ag,50,0.0011675453524465,2.5
ag,50,0.0869724340403811,2.5
ag,50,0.0020123250629535,2.5
ag,50,0.0529050029422777,2.5
ag,50,0.0023734815847785,2.5
ag,50,0.0033473597023413,2.5
ag,50,0.0005219006652996,2.5
ag,50,0.0032046644440062,2.5
ag,50,0.0136885384655016,2.5
ag,50,0.0094288670929709,2.5
ag,50,0.0198863452505531,2.5
ag,50,0.0063727176273948,2.5
ag,50,0.0434729997894208,2.5
ag,50,0.0291057994096063,2.5
ag,50,0.0142817703928165,2.5
ag,50,0.0005589699171557,2.5
ag,50,0.0031028522208288,2.5
ag,50,0.0114917864834108,2.5
ag,50,0.0141386457317325,2.5
ag,50,0.0051253005563171,2.5
ag,50,0.0005449347074784,2.5
ag,50,0.0264282782460104,2.5
ag,50,0.0062465338111457,2.5
ag,50,0.0105738919631158,2.5
ag,50,0.0088073038426948,2.5
ag,50,0.0382039966912856,2.5
ag,50,0.0291847836898296,2.5
ag,50,0.0162420622442662,2.5
ag,50,0.0221238295195868,2.5
ag,50,0.0104267727538918,2.5
ag,50,0.0111615309867105,2.5
ag,50,0.0239344638231603,2.5
ag,50,0.0112008236816288,2.5
ag,50,0.0015492603916879,2.5
ag,50,0.0273570723972057,2.5
ag,50,0.0054166068187421,2.5
ag,50,0.0046359521086035,2.5
ag,50,0.0454968195966,2.5
ag,50,0.0083525183603278,2.5
ag,50,0.0027687524445918,2.5
ag,50,0.0028055900824053,2.5
ag,50,0.0260271014305446,2.5
ag,50,0.0163748866606393,2.5
ag,50,0.0077537338422053,2.5
ag,50,0.0016096205948288,2.5
ag,50,0.0092257161073543,2.5
ag,50,0.0026435195630495,2.5
ag,50,0.0313139100234348,2.5
ag,50,0.0270575717519861,2.5
ag,50,0.0073892521765116,2.5
ag,50,0.0041385674336241,2.5
ag,50,0.0046086221123581,2.5
ag,50,0.0052791430077021,2.5
ag,50,0.0023419606429881,2.5
ag,50,0.0178051277153081,2.5
ag,50,0.0058215635005794,2.5
ag,50,0.0247388484634555,2.5
ag,50,8.631937404622132e-05,2.5
ag,50,0.0033304629443117,2.5
ag,50,0.0147049972900806,2.5
ag,50,0.0024205743827362,2.5
ag,50,0.0030490986662989,2.5
ag,50,0.0966352601451602,2.5
ag,50,0.0003236036020113,2.5
ag,50,0.0105099701252034,2.5
ag,50,0.0089162929258575,2.5
ag,50,0.0045539918301143,2.5
ag,50,0.0046278955374452,2.5
ag,50,0.0032043872507731,2.5
ag,50,0.0509506187737206,2.5
ag,50,0.0006140741087187,2.5
ag,50,0.0337692213595476,2.5
ag,50,0.004408163780148,2.5
ag,50,0.0208118613880822,2.5
ag,50,0.010624272510472,2.5
ag,50,0.0372325126872839,2.5
ag,50,0.0227374718866688,2.5
ag,50,0.0011922223405729,2.5
ag,50,0.0001606111912768,2.5
ag,50,0.0146996674062032,2.5
ag,50,0.0023041482654996,2.5
ag,50,0.0053267713351726,2.5
ag,50,0.0078623861780626,2.5
ag,50,0.0116260604217387,2.5
ag,50,0.0065391208538318,2.5
ag,50,0.0157952307550444,2.5
ag,50,0.01083452472734,2.5
ag,50,0.0322406928856826,2.5
ag,50,0.0027506946156415,2.5
ag,50,0.0111509752828701,2.5
ag,50,0.0224907017325065,2.5
ag,50,0.0015824194325272,2.5
ag,50,0.0025993442559154,2.5
ag,50,0.0005758944545875,2.5
ag,50,0.0038397838350166,2.5
ag,50,0.0012590324030654,2.5
ag,50,0.023336737331042,2.5
ag,50,0.0090576085867391,2.5
ag,50,0.0215211301515181,2.5
ag,50,0.0125897535855219,2.5
ag,50,0.0371639056842511,2.5
ag,50,0.0196330853220348,2.5
ag,50,0.0022212734478139,2.5
ag,50,0.0135289658552249,2.5
ag,50,0.0076547899483556,2.5
ag,50,0.0244174578217835,2.5
ag,50,0.0062789477799575,2.5
ag,50,0.0146917168536572,2.5
ag,50,0.0007926061882602,2.5
ag,50,0.0345798624130248,2.5
ag,50,0.0333954152349675,2.5
ag,50,0.0034619621144091,2.5
ag,50,0.0231269875570348,2.5
ag,50,0.0059824660921209,2.5
ag,50,0.0104138081564155,2.5
ag,50,0.0888715686221316,2.5
ag,50,0.0952527884624824,2.5
ag,50,0.0047368993028592,2.5
ag,50,0.0470993243707399,2.5
ag,50,0.0104521913724708,2.5
ag,50,0.0037889070030297,2.5
ag,50,0.013586808743315,2.5
ag,50,0.0207603536480354,2.5
ag,50,0.004678076063772,2.5
ag,50,0.000143239284397,2.5
ag,50,0.0001681978324953,2.5
ag,50,0.0024539301778888,2.5
ag,50,0.0099199409838705,2.5
ag,50,0.0033490184948651,2.5
ag,50,0.0028011034185899,2.5
ag,50,0.0052413406486435,2.5
ag,50,0.003417671822125,2.5
ag,50,0.0131997467841653,2.5
ag,50,0.0031979457108985,2.5
ag,50,0.007660180360486,2.5
ag,50,0.0073645131491125,2.5
ag,50,0.0535059150322521,2.5
ag,50,0.0008261681663301,2.5
ag,50,0.0025849651524279,2.5
ag,50,0.0044379377167856,2.5
ag,50,0.0182649182096767,2.5
ag,50,0.023192255668966,2.5
ag,50,0.0146406735658829,2.5
ag,50,0.0029604202379609,2.5
ag,50,0.0053604872855094,2.5
ag,50,0.0002696625202,2.5
ag,50,0.0178414222857178,2.5
ag,50,0.005975264414134,2.5
ag,50,0.0017255621859475,2.5
ag,50,0.0082667811286283,2.5
ag,50,0.0152734474201262,2.5
ag,50,0.0001409758024642,2.5
ag,50,0.0085875191812243,2.5
ag,50,0.0140540309252416,2.5
ag,50,0.0006024029593609,2.5
ag,50,0.0054500547260539,2.5
ag,50,0.0921804761404003,2.5
ag,50,0.0374661469399826,2.5
ag,50,0.007573370108428,2.5
ag,50,0.0050025109275923,2.5
ag,50,0.0039234908252004,2.5
ag,50,0.002199999085105,2.5
ag,50,0.0003308613232022,2.5
ag,50,0.0131338204080691,2.5
ag,50,0.0190854748882856,2.5
ag,50,0.0061650798752329,2.5
ag,50,0.024062030435986,2.5
ag,50,0.0026688550201337,2.5
ag,50,0.0111361560502285,2.5
ag,50,0.0988887418689586,2.5
ag,50,0.004799306802415,2.5
ag,50,0.0406867301592561,2.5
ag,50,0.0048791722136872,2.5
ag,50,0.0067888947691313,2.5
ag,50,0.0,2.5
ag,50,0.0261648123763377,2.5
ag,50,0.0003341643816423,2.5
ag,50,0.0395340441166451,2.5
ag,50,0.0198713906653083,2.5
ag,50,0.0088014635544812,2.5
ag,50,0.0377643669973386,2.5
ag,50,0.0106491867083379,2.5
ag,50,0.0199531396773731,2.5
ag,50,0.0001911487679276,2.5
ag,50,0.0179666178253893,2.5
ag,50,0.003444884528483,2.5
ag,50,0.0019017674794209,2.5
ag,50,0.0187754458443907,2.5
ag,50,0.0281256304974558,2.5
ag,50,0.0311215495796852,2.5
ag,50,0.0211773572025214,2.5
ag,50,0.00702693976905,2.5
ag,50,0.0055017135328321,2.5
ag,50,0.0122668396941168,2.5
ag,50,0.0413090345726852,2.5
ag,50,0.0060325659926014,2.5
ag,50,0.02908490589504,2.5
ag,50,0.017229342212995,2.5
ag,50,0.0025770620637976,2.5
ag,50,0.0167039284001306,2.5
ag,50,0.0075696149080701,2.5
ag,50,0.013895806083317,2.5
ag,50,0.0036682980114996,2.5
ag,50,0.0032847335868579,2.5
ag,50,0.001685546773763,2.5
ag,50,0.0053762750986834,2.5
ag,50,0.0012452933019256,2.5
ag,50,0.0070745430102516,2.5
ag,50,0.0271601296760674,2.5
ag,50,0.011077295142128,2.5
ag,50,0.0455210243406695,2.5
ag,50,0.0105741725179101,2.5
ag,50,0.0139134767056886,2.5
ag,50,0.0026533893585327,2.5
ag,50,0.0130961405679648,2.5
ag,50,0.0121049015108216,2.5
ag,50,0.0014844578211188,2.5
ag,50,0.0414563776738474,2.5
ag,50,0.0023978501605564,2.5
ag,50,0.0940317126517002,2.5
ag,50,0.0023825921063569,2.5
ag,50,0.0100245175585789,2.5
ag,50,0.0115214079023138,2.5
ag,50,0.0577587868417163,2.5
ag,50,0.0141559705024821,2.5
ag,50,0.0032635187444324,2.5
ag,50,0.003015552844866,2.5
ag,50,0.0041277679816496,2.5
ag,50,0.0032005665291347,2.5
ag,50,0.0006430423923702,2.5
ag,50,0.0023780896010299,2.5
ag,50,0.0625776435299913,2.5
ag,50,0.0056111946059551,2.5
ag,50,0.0163624652863489,2.5
ag,50,0.0038178641905283,2.5
ag,50,0.0041552461110542,2.5
ag,50,0.0107292862153272,2.5
ag,50,0.0164954577648217,2.5
ag,50,0.0010373736147947,2.5
ag,50,0.0196485747845458,2.5
ag,50,0.0247436463504013,2.5
ag,50,0.0042470788944896,2.5
ag,50,0.010618177239684,2.5
ag,50,0.0559634330642785,2.5
ag,50,0.0363327769998684,2.5
ag,50,0.0092016596259907,2.5
ag,50,0.0004586906258257,2.5
ag,50,0.0316581931875814,2.5
ag,50,0.0452580429058938,2.5
ag,50,0.0030407009791556,2.5
ag,50,0.0101149430910185,2.5
ag,50,0.0292109403146078,2.5
ag,50,0.0558325946288473,2.5
ag,50,0.0067485220172035,2.5
ag,50,0.024559050562521,2.5
ag,50,0.0108923896555909,2.5
ag,50,0.0046604897047404,2.5
ag,50,0.0004204607212485,2.5
ag,50,0.0077702697505196,2.5
ag,50,0.0813360618442797,2.5
ag,50,0.0093509659652343,2.5
ag,50,0.0014994785998268,2.5
ag,50,0.0030552823005159,2.5
ag,50,0.0169578558189777,2.5
ag,50,0.0106366127007262,2.5
ag,50,0.000397594574981,2.5
ag,50,0.0079024106878738,2.5
ag,50,0.0041673720517986,2.5
ag,50,0.0189740668141494,2.5
ag,50,0.0352168774809239,2.5
ag,50,0.0113629861057559,2.5
ag,50,0.0542306993107903,2.5
ag,50,0.0048013087873257,2.5
ag,50,0.0023741271841152,2.5
ag,50,0.0065396560693329,2.5
ag,50,0.074777187647043,2.5
ag,50,0.0166369428339625,2.5
ag,50,0.0072702569947379,2.5
ag,50,0.0265037604387216,2.5
ag,50,0.0162342436482379,2.5
ag,50,0.0039230868339231,2.5
ag,50,0.0071262246836034,2.5
ag,50,0.0022892535539076,2.5
ag,50,0.0188058086887597,2.5
ag,50,0.011509312401377,2.5
ag,50,0.0186438359823932,2.5
ag,50,0.073385154774793,2.5
ag,50,0.0063824250638523,2.5
ag,50,0.0112377508766386,2.5
ag,50,0.0117209261503791,2.5
nag,50,0.0003045120574579,2.5
nag,50,0.0001075421072361,2.5
nag,50,0.0033418656460271,2.5
nag,50,0.0034652047263437,2.5
nag,50,0.0002887828314064,2.5
nag,50,0.0011262085098121,2.5
nag,50,0.0,2.5
nag,50,0.0003133869317372,2.5
nag,50,3.6915878072656775e-05,2.5
nag,50,0.0002021615349162,2.5
nag,50,0.0001309316600079,2.5
nag,50,0.0004903270216729,2.5
nag,50,0.0,2.5
nag,50,0.0002199037738453,2.5
nag,50,8.130863540775114e-05,2.5
nag,50,0.0007904702096718,2.5
nag,50,0.0045752408881304,2.5
nag,50,0.0005374753651055,2.5
nag,50,0.0008782965176033,2.5
nag,50,0.0011858073942944,2.5
nag,50,0.0007872279158218,2.5
nag,50,0.0002839391495341,2.5
nag,50,0.0008065515422818,2.5
nag,50,0.0004655495079021,2.5
nag,50,0.0002418144289165,2.5
nag,50,0.0001156398847914,2.5
nag,50,0.0014870637567822,2.5
nag,50,0.0,2.5
nag,50,0.0021621918220273,2.5
nag,50,0.000448025667915,2.5
nag,50,0.0009408751812745,2.5
nag,50,0.0004212007435681,2.5
nag,50,0.000137060332739,2.5
nag,50,9.323623740036824e-05,2.5
nag,50,0.0,2.5
nag,50,0.0002457952978133,2.5
nag,50,0.0001047715773076,2.5
nag,50,0.0002789385151235,2.5
nag,50,0.0005553087703868,2.5
nag,50,0.0005106485484858,2.5
nag,50,0.000228626301444,2.5
nag,50,4.358028394546704e-05,2.5
nag,50,0.0,2.5
nag,50,0.0002064245082205,2.5
nag,50,0.000241635604349,2.5
nag,50,0.0004287953283557,2.5
nag,50,0.0012422255372849,2.5
nag,50,0.0001359137972012,2.5
nag,50,0.0,2.5
nag,50,0.0004589550076822,2.5
nag,50,0.0,2.5
nag,50,8.612407274720936e-05,2.5
nag,50,6.102942292462301e-05,2.5
nag,50,6.534497601909194e-05,2.5
nag,50,0.0013626004220317,2.5
nag,50,0.0007041399452488,2.5
nag,50,0.0,2.5
nag,50,0.0026027430874342,2.5
nag,50,0.0006548248978084,2.5
nag,50,0.0008895123676068,2.5
nag,50,0.0001427243057696,2.5
nag,50,0.0028115962414362,2.5
nag,50,0.0004711330290523,2.5
nag,50,0.0007666655976999,2.5
nag,50,0.0025557981236159,2.5
nag,50,5.32248929183756e-05,2.5
nag,50,0.0012695075969899,2.5
nag,50,0.0009512142179689,2.5
nag,50,0.0002018558704136,2.5
nag,50,0.000210162147999,2.5
nag,50,0.0,2.5
nag,50,0.0003154278762404,2.5
nag,50,3.440307269798347e-05,2.5
nag,50,0.0001421271242342,2.5
nag,50,0.0002663435260157,2.5
nag,50,0.0008053654257171,2.5
nag,50,0.0039981354592376,2.5
nag,50,0.0004734125695167,2.5
nag,50,0.0022589066565865,2.5
nag,50,0.0002624256595738,2.5
nag,50,0.0,2.5
nag,50,0.000898528414991,2.5
nag,50,0.0003922070154027,2.5
nag,50,0.0,2.5
nag,50,6.112935252580475e-05,2.5
nag,50,0.0,2.5
nag,50,0.0,2.5
nag,50,7.741982076022075e-05,2.5
nag,50,9.573278233810886e-05,2.5
nag,50,0.00049352214033,2.5
nag,50,7.022699043452216e-05,2.5
nag,50,0.0002846434147501,2.5
nag,50,0.0001455369903297,2.5
nag,50,0.0007761145390358,2.5
nag,50,7.794329524774534e-05,2.5
nag,50,4.652184591010936e-05,2.5
nag,50,0.0,2.5
nag,50,0.0011624978551293,2.5
nag,50,0.00016426143562,2.5
nag,50,0.0001905243249604,2.5
nag,50,0.0002180701387632,2.5
nag,50,0.0012954164295569,2.5
nag,50,0.001299302373795,2.5
nag,50,0.0015340691712793,2.5
nag,50,0.0013370235502181,2.5
nag,50,0.0001339915346177,2.5
nag,50,0.0034172034964427,2.5
nag,50,0.000229323913051,2.5
nag,50,0.0019699130816951,2.5
nag,50,3.4928100235724026e-05,2.5
nag,50,0.0008186421265864,2.5
nag,50,0.0,2.5
nag,50,0.0003084099399666,2.5
nag,50,0.0041839184908456,2.5
nag,50,0.0001276713010426,2.5
nag,50,0.0003064630845077,2.5
nag,50,0.0,2.5
nag,50,0.0005496700108561,2.5
nag,50,0.0002401860598526,2.5
nag,50,5.556459195578615e-05,2.5
nag,50,0.0002202477526868,2.5
nag,50,4.19568462089383e-05,2.5
nag,50,0.0007878324095575,2.5
nag,50,0.000105813812391,2.5
nag,50,0.0005326673767783,2.5
nag,50,0.0004099219302614,2.5
nag,50,0.0,2.5
nag,50,0.0001715806811303,2.5
nag,50,7.157330040445332e-05,2.5
nag,50,0.0010540375725209,2.5
nag,50,0.000843814402632,2.5
nag,50,0.0009316368457929,2.5
nag,50,0.0001139085094741,2.5
nag,50,0.0001744578996832,2.5
nag,50,0.0011528556413464,2.5
nag,50,0.0002286355826096,2.5
nag,50,0.0,2.5
nag,50,0.0003894078580218,2.5
nag,50,0.0082159034900682,2.5
nag,50,0.0,2.5
nag,50,0.0045816666884384,2.5
nag,50,0.0001278157313135,2.5
nag,50,0.0,2.5
nag,50,0.0001565730520233,2.5
nag,50,0.0,2.5
nag,50,0.0008092438611371,2.5
nag,50,0.0009878106818232,2.5
nag,50,0.0002431354663622,2.5
nag,50,0.0004179625907012,2.5
nag,50,0.0004552729427566,2.5
nag,50,0.0005105748934817,2.5
nag,50,0.0006449559190528,2.5
nag,50,0.0004984747099159,2.5
nag,50,0.0012560311954639,2.5
nag,50,0.001831877978799,2.5
nag,50,0.0011824246494615,2.5
nag,50,0.0005492510512059,2.5
nag,50,0.0002419720748801,2.5
nag,50,0.0021734140282283,2.5
nag,50,0.0003976170259988,2.5
nag,50,0.0001003552189971,2.5
nag,50,0.0001296876665506,2.5
nag,50,0.0048517530451739,2.5
nag,50,0.0,2.5
nag,50,0.0003377125524863,2.5
nag,50,0.0018625928191242,2.5
nag,50,0.0004996281641185,2.5
nag,50,0.00084504153481,2.5
nag,50,9.824744653100316e-05,2.5
nag,50,0.0005827201391909,2.5
nag,50,0.0041065418821022,2.5
nag,50,0.0007414006477161,2.5
nag,50,0.0002226093843537,2.5
nag,50,0.0,2.5
nag,50,0.0003772211103543,2.5
nag,50,0.0,2.5
nag,50,0.0003703737057052,2.5
nag,50,0.001202000589258,2.5
nag,50,0.0006718897938798,2.5
nag,50,9.763340936102596e-05,2.5
nag,50,0.0012504238410265,2.5
nag,50,0.0003997472046135,2.5
nag,50,0.0,2.5
nag,50,0.0,2.5
nag,50,0.0004915765791854,2.5
nag,50,7.500868874846853e-05,2.5
nag,50,0.0001182274698798,2.5
nag,50,0.0003383292745267,2.5
nag,50,7.351626638428742e-05,2.5
nag,50,0.0006474453991207,2.5
nag,50,6.669231751205462e-05,2.5
nag,50,0.0002524672562046,2.5
nag,50,0.0002648656119529,2.5
nag,50,0.0,2.5
nag,50,0.0009485218468518,2.5
nag,50,0.0004150082466263,2.5
nag,50,0.0003416422779647,2.5
nag,50,0.0002613602140485,2.5
nag,50,4.34479869815108e-05,2.5
nag,50,0.0003203402054978,2.5
nag,50,5.2327912756466474e-05,2.5
nag,50,0.0009854146726608,2.5
nag,50,3.332189263353821e-05,2.5
nag,50,0.0006520079476255,2.5
nag,50,0.0007335105083946,2.5
nag,50,0.0004506165172405,2.5
nag,50,0.0001139919833643,2.5
nag,50,0.0,2.5
nag,50,0.0004703171331498,2.5
nag,50,0.0022371503176889,2.5
nag,50,0.0,2.5
nag,50,0.0008036835985467,2.5
nag,50,8.373318881177583e-05,2.5
nag,50,0.0,2.5
nag,50,9.770795045047636e-05,2.5
nag,50,0.0,2.5
nag,50,0.0001107362833434,2.5
nag,50,7.949282495424324e-05,2.5
nag,50,2.551715340641154e-05,2.5
nag,50,0.0037983801588138,2.5
nag,50,0.0007990952289377,2.5
nag,50,0.0,2.5
nag,50,5.246575964901492e-05,2.5
nag,50,9.623983339658712e-05,2.5
nag,50,0.0003833303312402,2.5
nag,50,2.4486869445268693e-05,2.5
nag,50,0.0041518189041653,2.5
nag,50,0.0003619191661075,2.5
nag,50,0.0009312399606326,2.5
nag,50,0.0001313415558011,2.5
nag,50,0.0001416181904761,2.5
nag,50,0.0002329568780864,2.5
nag,50,4.970991587925374e-05,2.5
nag,50,0.0017816250639374,2.5
nag,50,0.0029441069757981,2.5
nag,50,0.0003035917799971,2.5
nag,50,0.0008200294363562,2.5
nag,50,0.0017505369667723,2.5
nag,50,0.0005807133089864,2.5
nag,50,4.6166604775258835e-05,2.5
nag,50,9.033658763835148e-05,2.5
nag,50,0.0047282273211372,2.5
nag,50,0.0001307614804883,2.5
nag,50,4.494404680618217e-05,2.5
nag,50,0.0,2.5
nag,50,0.000955799085373,2.5
nag,50,0.0019593971387968,2.5
nag,50,6.273280405770488e-05,2.5
nag,50,3.948861943360331e-05,2.5
nag,50,0.0012180174827509,2.5
nag,50,0.000483924960785,2.5
nag,50,0.0002320806856091,2.5
nag,50,0.0,2.5
nag,50,0.0018134700216929,2.5
nag,50,0.0009837570044624,2.5
nag,50,0.0,2.5
nag,50,0.0,2.5
nag,50,8.425783147810099e-05,2.5
nag,50,0.0001562091776386,2.5
nag,50,0.0,2.5
nag,50,0.0002355215790729,2.5
nag,50,0.0001097380408571,2.5
nag,50,0.0018681441414745,2.5
nag,50,0.0,2.5
nag,50,0.0009801639577581,2.5
nag,50,6.618112732027862e-05,2.5
nag,50,0.0002444908699132,2.5
nag,50,0.0001479069964819,2.5
nag,50,0.0008590663633925,2.5
nag,50,0.0002381538361457,2.5
nag,50,0.0008149722295811,2.5
nag,50,0.0006563591031623,2.5
nag,50,9.07518670829856e-05,2.5
nag,50,0.0,2.5
nag,50,0.0001653094251395,2.5
nag,50,0.0008418746534247,2.5
nag,50,0.0005831452931838,2.5
nag,50,0.0,2.5
nag,50,8.377168918737841e-05,2.5
nag,50,0.00012647471459,2.5
nag,50,0.0,2.5
nag,50,0.0,2.5
nag,50,0.0003168609102403,2.5
nag,50,0.0001188288599376,2.5
nag,50,8.789711124073211e-05,2.5
nag,50,0.0007128430256087,2.5
nag,50,7.109837530019845e-05,2.5
nag,50,4.7240650108042535e-05,2.5
nag,50,0.0021547611463755,2.5
nag,50,0.0002596225837918,2.5
nag,50,8.474313939067648e-05,2.5
nag,50,0.000137977296211,2.5
nag,50,0.0004702479951271,2.5
nag,50,0.0,2.5
nag,50,0.0011041783217281,2.5
nag,50,0.0,2.5
nag,50,0.0010487884241838,2.5
nag,50,0.0,2.5
nag,50,0.0015938033688931,2.5
nag,50,0.0022179384516018,2.5
nag,50,0.0003097942018423,2.5
nag,50,0.0003019033876629,2.5
nag,50,3.845380301016116e-05,2.5
nag,50,0.0,2.5
nag,50,0.0002986614403677,2.5
nag,50,0.0009078738710843,2.5
nag,50,0.0004895195931087,2.5
nag,50,0.00110926362968,2.5
nag,50,0.0002379539803149,2.5
nag,50,0.0001499152745467,2.5
nag,50,0.0052234191893089,2.5
nag,50,0.0,2.5
nag,50,0.0003351251199875,2.5
nag,50,0.0006284222910134,2.5
nag,50,0.0,2.5
nag,50,0.0,2.5
nag,50,0.002077044005246,2.5
nag,50,0.000324124057634,2.5
nag,50,0.0004828090839819,2.5
nag,50,0.000138699405518,2.5
nag,50,0.0003088430362401,2.5
nag,50,0.0001409351484049,2.5
nag,50,0.0,2.5
nag,50,0.0021284124419299,2.5
nag,50,8.01453249947356e-05,2.5
nag,50,0.001884090548412,2.5
nag,50,0.0012370427626671,2.5
nag,50,4.951243097257856e-05,2.5
nag,50,0.0001582349239452,2.5
nag,50,0.0003229783993713,2.5
nag,50,0.0002152519595253,2.5
nag,50,0.0002235383243689,2.5
nag,50,0.0001106754117568,2.5
nag,50,0.0,2.5
nag,50,0.0,2.5
nag,50,6.506236069230306e-05,2.5
nag,50,0.0006856139117291,2.5
nag,50,0.0009857393664368,2.5
nag,50,8.115521308268662e-05,2.5
nag,50,3.700170805474669e-05,2.5
nag,50,0.0015676224405039,2.5
nag,50,0.0010954033443372,2.5
nag,50,9.570553965902671e-05,2.5
nag,50,0.0004922828504557,2.5
nag,50,0.0002564079191386,2.5
nag,50,0.0011117036674318,2.5
nag,50,0.0,2.5
nag,50,0.0007855154472843,2.5
nag,50,0.0001343235382452,2.5
nag,50,4.876182522944498e-05,2.5
nag,50,0.0,2.5
nag,50,5.594905402095182e-05,2.5
nag,50,0.0006210873303741,2.5
nag,50,0.0006740643926631,2.5
nag,50,0.0007479838050957,2.5
nag,50,2.882034251023787e-05,2.5
nag,50,0.0004138255328295,2.5
nag,50,0.0025720916268335,2.5
nag,50,0.0003585213184837,2.5
nag,50,0.0,2.5
nag,50,0.00096652085604,2.5
nag,50,0.0003545961538364,2.5
nag,50,0.0003633934163943,2.5
nag,50,0.0002893113884012,2.5
nag,50,0.0015618934909241,2.5
nag,50,0.0003047299372261,2.5
nag,50,0.0004325141832939,2.5
nag,50,0.0008732275299782,2.5
nag,50,0.0006676035020257,2.5
nag,50,0.0,2.5
nag,50,0.0,2.5
nag,50,0.0009440520460245,2.5
nag,50,0.0004451323357608,2.5
nag,50,0.0019099737684927,2.5
nag,50,0.0024602907356997,2.5
nag,50,0.0002467959535122,2.5
nag,50,0.0007637126234783,2.5
nag,50,0.0001277027022125,2.5
nag,50,0.0002255667606853,2.5
nag,50,0.0002681201959635,2.5
nag,50,0.000923072615549,2.5
nag,50,0.0002306652233358,2.5
nag,50,6.716531664288834e-05,2.5
nag,50,0.0008409237651061,2.5
nag,50,0.0003337282465074,2.5
nag,50,3.065208559965649e-05,2.5
nag,50,0.00020249362516,2.5
nag,50,0.0003687290970422,2.5
nag,50,0.0002457941217634,2.5
nag,50,7.290993539329008e-05,2.5
nag,50,0.0004420676906327,2.5
nag,50,4.1347505053757295e-05,2.5
nag,50,6.387668140591316e-05,2.5
nag,50,0.0001275198160037,2.5
nag,50,0.0006014512832048,2.5
nag,50,0.0014463347774252,2.5
nag,50,0.0004692120265297,2.5
nag,50,0.000551269260272,2.5
nag,50,0.0009127177576928,2.5
nag,50,0.0013727006876055,2.5
nag,50,0.0003375479242709,2.5
nag,50,3.895275501557884e-05,2.5
nag,50,0.0010630898219568,2.5
nag,50,0.0001706121010872,2.5
nag,50,0.0001620855045603,2.5
nag,50,0.0,2.5
nag,50,0.0001957645356029,2.5
nag,50,0.0001462710213845,2.5
nag,50,8.590524425285722e-05,2.5
nag,50,0.0001816827443196,2.5
nag,50,8.28621901099437e-05,2.5
nag,50,0.0001359416416247,2.5
nag,50,7.734055991972849e-05,2.5
nag,50,0.0004324715186848,2.5
nag,50,0.0,2.5
nag,50,0.0027013801930938,2.5
nag,50,0.0,2.5
nag,50,0.0005110620021396,2.5
nag,50,0.0002436132501291,2.5
nag,50,5.350291893658603e-05,2.5
nag,50,5.511590041620061e-05,2.5
nag,50,7.298360893491064e-05,2.5
nag,50,0.0001386625206533,2.5
nag,50,0.0012952704686947,2.5
nag,50,0.000922588406789,2.5
nag,50,0.0001213867846295,2.5
nag,50,0.0011942855321047,2.5
nag,50,0.0005245473346529,2.5
nag,50,0.0002006833127744,2.5
nag,50,0.000138178857587,2.5
nag,50,0.000312466051164,2.5
nag,50,0.0015914747934647,2.5
nag,50,0.0004528678191378,2.5
nag,50,0.0003066241819275,2.5
nag,50,6.619861658834884e-05,2.5
nag,50,0.0009849515312281,2.5
nag,50,7.3383027671654e-05,2.5
nag,50,3.32537516174812e-05,2.5
nag,50,0.0002636016887235,2.5
nag,50,0.0006720110199319,2.5
nag,50,4.288302065496874e-05,2.5
nag,50,0.0001737225873247,2.5
nag,50,0.0005110008879319,2.5
nag,50,0.000319000003643,2.5
nag,50,0.0017328203686445,2.5
nag,50,0.0003214629223721,2.5
nag,50,0.0001258477666425,2.5
nag,50,0.0018351520181471,2.5
nag,50,0.0007878887022044,2.5
nag,50,0.0003158861936411,2.5
nag,50,0.000100043223822,2.5
nag,50,0.0002471796172394,2.5
nag,50,0.0012978333103822,2.5
nag,50,3.918665327417035e-05,2.5
nag,50,0.0001302837698938,2.5
nag,50,0.0007657964666202,2.5
nag,50,0.0,2.5
nag,50,0.0,2.5
nag,50,0.0002912200461732,2.5
nag,50,0.0007919025325681,2.5
nag,50,0.0015745433257999,2.5
nag,50,0.0009757359155583,2.5
nag,50,0.000599574827549,2.5
nag,50,0.0,2.5
nag,50,0.0003471881396443,2.5
nag,50,0.0001541240464367,2.5
nag,50,0.0023460892223511,2.5
nag,50,0.0006007512124384,2.5
nag,50,0.0006966490734113,2.5
nag,50,0.0023474334157626,2.5
nag,50,0.001041882643589,2.5
nag,50,0.0,2.5
nag,50,0.0005759930463243,2.5
nag,50,0.0050412340546165,2.5
nag,50,0.0014937411064397,2.5
nag,50,0.0001006634429221,2.5
nag,50,8.911907998817537e-05,2.5
nag,50,0.0,2.5
nag,50,5.475983909666248e-05,2.5
nag,50,9.605794111420776e-05,2.5
nag,50,4.539175012499855e-05,2.5
nag,50,0.0001748467305207,2.5
nag,50,0.0003349575839875,2.5
nag,50,0.0004260077546338,2.5
nag,50,0.0009508361078554,2.5
nag,50,0.0013650209110711,2.5
nag,50,5.151033614362152e-05,2.5
nag,50,0.0,2.5
nag,50,4.865182379400856e-05,2.5
nag,50,0.0,2.5
nag,50,0.0003208395569487,2.5
nag,50,0.0001961177435795,2.5
nag,50,0.0003372323562877,2.5
nag,50,0.0039667209310418,2.5
nag,50,0.0032810904168504,2.5
nag,50,0.0,2.5
nag,50,0.0002047474385805,2.5
nag,50,0.0003865396524321,2.5
nag,50,0.0001415987853633,2.5
nag,50,3.929248237798182e-05,2.5
bg,50,6.451629154930534e-07,2.5
bg,50,7.224811826043714e-07,2.5
bg,50,3.5817069530962725e-07,2.5
bg,50,6.730402289714068e-07,2.5
bg,50,7.325521370506466e-07,2.5
bg,50,4.911357250432387e-07,2.5
bg,50,7.811215822933444e-07,2.5
bg,50,2.77573671599866e-07,2.5
bg,50,5.747761535829794e-07,2.5
bg,50,6.309521142257748e-07,2.5
bg,50,3.61599758939977e-07,2.5
bg,50,4.6939057302772123e-07,2.5
bg,50,6.022031411537979e-07,2.5
bg,50,1.2401347753170415e-06,2.5
bg,50,6.286084395513474e-07,2.5
bg,50,5.7836285347725e-07,2.5
bg,50,5.21782147681607e-07,2.5
bg,50,2.939174751506703e-07,2.5
bg,50,4.048942161535109e-07,2.5
bg,50,6.449188688901024e-07,2.5
bg,50,5.97089138987795e-07,2.5
bg,50,5.09661591552413e-07,2.5
bg,50,6.469419172349627e-07,2.5
bg,50,4.327960196884e-07,2.5
bg,50,6.843648966258952e-07,2.5
bg,50,6.476817282326531e-07,2.5
bg,50,1.144452562980246e-06,2.5
bg,50,5.787554479323108e-07,2.5
bg,50,3.8961433989739585e-07,2.5
bg,50,4.606152172670811e-07,2.5
bg,50,6.85322473907334e-07,2.5
bg,50,6.674679584701248e-07,2.5
bg,50,4.502818005943089e-07,2.5
bg,50,5.862969604061076e-07,2.5
bg,50,1.2221840057164525e-06,2.5
bg,50,7.176251774421088e-07,2.5
bg,50,7.699306828762786e-07,2.5
bg,50,4.358277378376145e-07,2.5
bg,50,7.590500429482526e-07,2.5
bg,50,6.122883116375436e-07,2.5
bg,50,4.226917543528162e-07,2.5
bg,50,5.905441219909381e-07,2.5
bg,50,7.335967290336431e-07,2.5
bg,50,5.334938869575576e-07,2.5
bg,50,3.925885575191639e-07,2.5
bg,50,6.030169046883354e-07,2.5
bg,50,9.42927683244384e-07,2.5
bg,50,5.72011535539392e-07,2.5
bg,50,6.443405060054943e-07,2.5
bg,50,3.446106592353308e-07,2.5
bg,50,6.339925076233191e-07,2.5
bg,50,5.319033347328765e-07,2.5
bg,50,4.774654004536587e-07,2.5
bg,50,5.762048949683122e-07,2.5
bg,50,7.443073135898182e-07,2.5
bg,50,4.11959251369976e-07,2.5
bg,50,7.859391498439291e-07,2.5
bg,50,4.408310911401991e-07,2.5
bg,50,5.281850337288212e-07,2.5
bg,50,5.892041230294057e-07,2.5
bg,50,3.2773881944306133e-07,2.5
bg,50,7.298686275602117e-07,2.5
bg,50,8.25057658652078e-07,2.5
bg,50,6.389125557220098e-07,2.5
bg,50,4.830056652477657e-07,2.5
bg,50,4.451446494811278e-07,2.5
bg,50,6.54553066652281e-07,2.5
bg,50,5.626206344681075e-07,2.5
bg,50,5.764383422876619e-07,2.5
bg,50,3.765904601169421e-07,2.5
bg,50,3.660205401209657e-07,2.5
bg,50,3.860698266068895e-07,2.5
bg,50,2.7517318402818704e-07,2.5
bg,50,6.55522378267144e-07,2.5
bg,50,7.072560607225584e-07,2.5
bg,50,4.640386183505148e-07,2.5
bg,50,7.757368627169071e-07,2.5
bg,50,3.586764817778069e-07,2.5
bg,50,7.950371186452879e-07,2.5
bg,50,6.195988029226916e-07,2.5
bg,50,3.7893831859328434e-07,2.5
bg,50,7.431786537926871e-07,2.5
bg,50,2.237749919139568e-07,2.5
bg,50,5.183276586263069e-07,2.5
bg,50,7.507458027009311e-07,2.5
bg,50,6.579483225744779e-07,2.5
bg,50,8.586802910555803e-07,2.5
bg,50,5.699713170155242e-07,2.5
bg,50,3.953392103068296e-07,2.5
bg,50,4.675600786458412e-07,2.5
bg,50,4.904225734630817e-07,2.5
bg,50,3.109580610134105e-07,2.5
bg,50,4.172150894819634e-07,2.5
bg,50,6.744057128556329e-07,2.5
bg,50,4.466316402145373e-07,2.5
bg,50,8.31519736433375e-07,2.5
bg,50,6.973843971797657e-07,2.5
bg,50,8.653234019967385e-07,2.5
bg,50,6.572138012725153e-07,2.5
bg,50,5.612107952436465e-07,2.5
bg,50,5.92499033915782e-07,2.5
bg,50,7.216858594925261e-07,2.5
bg,50,5.042941604129134e-07,2.5
bg,50,7.331918177827139e-07,2.5
bg,50,8.051191146827105e-07,2.5
bg,50,5.24263781939419e-07,2.5
bg,50,4.32686560549262e-07,2.5
bg,50,4.649028351774974e-07,2.5
bg,50,3.949364829919387e-07,2.5
bg,50,3.365060659793735e-07,2.5
bg,50,4.321139086105549e-07,2.5
bg,50,4.57964350819365e-07,2.5
bg,50,4.270665815158894e-07,2.5
bg,50,8.61082216738269e-07,2.5
bg,50,5.881929912555257e-07,2.5
bg,50,5.306595846241867e-07,2.5
bg,50,8.685235549989423e-07,2.5
bg,50,4.860302258475216e-07,2.5
bg,50,9.382019357413928e-07,2.5
bg,50,1.0079525810534636e-06,2.5
bg,50,3.38268641851598e-07,2.5
bg,50,5.738753636477345e-07,2.5
bg,50,6.026062376410532e-07,2.5
bg,50,1.0428987811768873e-06,2.5
bg,50,3.81826188736244e-07,2.5
bg,50,3.757110732015595e-07,2.5
bg,50,7.159418301742773e-07,2.5
bg,50,4.455066302512457e-07,2.5
bg,50,4.990534709560859e-07,2.5
bg,50,6.049137203410344e-07,2.5
bg,50,3.448585810270553e-07,2.5
bg,50,4.104405264601456e-07,2.5
bg,50,7.112092856257247e-07,2.5
bg,50,6.694297558085328e-07,2.5
bg,50,4.5984145613414234e-07,2.5
bg,50,2.8349735886121653e-07,2.5
bg,50,3.612483644785389e-07,2.5
bg,50,5.440154926786998e-07,2.5
bg,50,5.536481545419546e-07,2.5
bg,50,6.479717630004589e-07,2.5
bg,50,4.51918717108095e-07,2.5
bg,50,3.628434341950135e-07,2.5
bg,50,7.030123418884589e-07,2.5
bg,50,2.72225104447017e-07,2.5
bg,50,3.906369198406776e-07,2.5
bg,50,5.357786267096082e-07,2.5
bg,50,1.9658469902127906e-07,2.5
bg,50,2.4947705603500125e-07,2.5
bg,50,5.198133579189866e-07,2.5
bg,50,2.5929045417386425e-07,2.5
bg,50,7.218386842568398e-07,2.5
bg,50,8.107691343512245e-07,2.5
bg,50,5.39172786699838e-07,2.5
bg,50,2.584898287212147e-07,2.5
bg,50,8.331148310881435e-07,2.5
bg,50,4.86727517466587e-07,2.5
bg,50,5.227529913598246e-07,2.5
bg,50,6.472748235136268e-07,2.5
bg,50,3.663632120631129e-07,2.5
bg,50,6.743793207613406e-07,2.5
bg,50,4.49856774808315e-07,2.5
bg,50,5.244615244653076e-07,2.5
bg,50,5.189401477738413e-07,2.5
bg,50,6.755550423450992e-07,2.5
bg,50,4.811431986587669e-07,2.5
bg,50,4.699400083457138e-07,2.5
bg,50,5.924265850184839e-07,2.5
bg,50,5.689991981346904e-07,2.5
bg,50,6.547887495060423e-07,2.5
bg,50,7.763467984750667e-07,2.5
bg,50,4.839357195144258e-07,2.5
bg,50,3.167870934092789e-07,2.5
bg,50,8.820073753632713e-07,2.5
bg,50,6.001347265021761e-07,2.5
bg,50,4.996358629741638e-07,2.5
bg,50,2.0146297925341446e-07,2.5
bg,50,4.5270322030137364e-07,2.5
bg,50,3.38180142488202e-07,2.5
bg,50,5.637276798564863e-07,2.5
bg,50,5.787454654861785e-07,2.5
bg,50,3.502890139433342e-07,2.5
bg,50,8.416930965749118e-07,2.5
bg,50,4.807391357098895e-07,2.5
bg,50,5.718400238273673e-07,2.5
bg,50,5.373123907453609e-07,2.5
bg,50,4.767209436687828e-07,2.5
bg,50,3.638516164671762e-07,2.5
bg,50,6.481072171019241e-07,2.5
bg,50,1.0309074322518663e-06,2.5
bg,50,7.527818618435617e-07,2.5
bg,50,6.281297497190023e-07,2.5
bg,50,4.876154480579222e-07,2.5
bg,50,7.722048251250396e-07,2.5
bg,50,4.465106362071082e-07,2.5
bg,50,6.982098278599002e-07,2.5
bg,50,6.070088050307308e-07,2.5
bg,50,4.973559068732148e-07,2.5
bg,50,9.91861170895529e-07,2.5
bg,50,5.965994812837256e-07,2.5
bg,50,5.509392627928426e-07,2.5
bg,50,4.083810606344821e-07,2.5
bg,50,5.719188382858195e-07,2.5
bg,50,7.833706006148966e-07,2.5
bg,50,5.571985888280797e-07,2.5
bg,50,6.715001548826337e-07,2.5
bg,50,8.905897283967384e-07,2.5
bg,50,2.713613017601818e-07,2.5
bg,50,5.730751313033178e-07,2.5
bg,50,4.487656969840157e-07,2.5
bg,50,9.591698691207692e-07,2.5
bg,50,5.934406289189873e-07,2.5
bg,50,3.897104996422893e-07,2.5
bg,50,5.412751085539551e-07,2.5
bg,50,5.946506437073968e-07,2.5
bg,50,5.262421865884948e-07,2.5
bg,50,5.514607003761532e-07,2.5
bg,50,6.00601196960356e-07,2.5
bg,50,3.366924408590032e-07,2.5
bg,50,4.313437425135856e-07,2.5
bg,50,6.922026323670642e-07,2.5
bg,50,1.2143309229857334e-06,2.5
bg,50,4.836669722774292e-07,2.5
bg,50,4.382556799434317e-07,2.5
bg,50,4.49485162662428e-07,2.5
bg,50,3.768837759205869e-07,2.5
bg,50,7.298017823514889e-07,2.5
bg,50,4.796425776925192e-07,2.5
bg,50,7.952643633955313e-07,2.5
bg,50,4.218078889537059e-07,2.5
bg,50,7.308228765124386e-07,2.5
bg,50,5.270097943491933e-07,2.5
bg,50,1.0388798006790002e-06,2.5
bg,50,2.959077904230863e-07,2.5
bg,50,7.269195257690217e-07,2.5
bg,50,4.635004771396636e-07,2.5
bg,50,7.258163248860515e-07,2.5
bg,50,6.675991803818743e-07,2.5
bg,50,8.19088901722741e-07,2.5
bg,50,5.664068094665786e-07,2.5
bg,50,3.04326816367057e-07,2.5
bg,50,5.385658527134695e-07,2.5
bg,50,3.0876717901136953e-07,2.5
bg,50,4.57252933574637e-07,2.5
bg,50,5.005654899316643e-07,2.5
bg,50,7.232981370867357e-07,2.5
bg,50,6.523228634208098e-07,2.5
bg,50,4.939199167238093e-07,2.5
bg,50,3.877245132624437e-07,2.5
bg,50,1.0911706779176675e-06,2.5
bg,50,4.65895496907395e-07,2.5
bg,50,9.365285977088384e-07,2.5
bg,50,2.176973713664897e-07,2.5
bg,50,4.612776689544572e-07,2.5
bg,50,4.964445193303344e-07,2.5
bg,50,8.305368977548375e-07,2.5
bg,50,2.7845927287081316e-07,2.5
bg,50,2.998549303450138e-07,2.5
bg,50,7.078554505101409e-07,2.5
bg,50,2.610117218226793e-07,2.5
bg,50,7.521062845094403e-07,2.5
bg,50,3.76166559347336e-07,2.5
bg,50,5.970730547343833e-07,2.5
bg,50,6.567156693309173e-07,2.5
bg,50,3.899670732291379e-07,2.5
bg,50,3.729996889326013e-07,2.5
bg,50,6.652732501690431e-07,2.5
bg,50,8.429464977648478e-07,2.5
bg,50,5.804380845049809e-07,2.5
bg,50,2.961108237858121e-07,2.5
bg,50,9.715632959124515e-07,2.5
bg,50,3.138672713439947e-07,2.5
bg,50,3.033744973045999e-07,2.5
bg,50,2.63884706578667e-07,2.5
bg,50,3.123966658379002e-07,2.5
bg,50,3.549491524516575e-07,2.5
bg,50,1.038269021453566e-06,2.5
bg,50,7.213708573079287e-07,2.5
bg,50,2.539824886375065e-07,2.5
bg,50,4.965813702861576e-07,2.5
bg,50,5.841420918757491e-07,2.5
bg,50,7.342816477050136e-07,2.5
bg,50,3.614973582691522e-07,2.5
bg,50,4.643968862550621e-07,2.5
bg,50,1.0872599205276158e-06,2.5
bg,50,8.917052628300257e-07,2.5
bg,50,6.023507735655625e-07,2.5
bg,50,2.45168589315738e-07,2.5
bg,50,3.700102167353e-07,2.5
bg,50,7.872144156871654e-07,2.5
bg,50,5.09307315907544e-07,2.5
bg,50,6.772398623856902e-07,2.5
bg,50,6.215352263227376e-07,2.5
bg,50,3.64078872941847e-07,2.5
bg,50,3.065812737494687e-07,2.5
bg,50,6.903288743447728e-07,2.5
bg,50,5.747794679750602e-07,2.5
bg,50,7.3231041689258e-07,2.5
bg,50,2.433054232161616e-07,2.5
bg,50,7.018861054439236e-07,2.5
bg,50,5.358738860077294e-07,2.5
bg,50,6.960958699069222e-07,2.5
bg,50,7.820729959033908e-07,2.5
bg,50,4.307562295218788e-07,2.5
bg,50,6.196705292811483e-07,2.5
bg,50,3.683000059195092e-07,2.5
bg,50,1.984485847555255e-07,2.5
bg,50,3.474596218451248e-07,2.5
bg,50,4.499462165747984e-07,2.5
bg,50,7.054971750563051e-07,2.5
bg,50,8.254427232108535e-07,2.5
bg,50,6.526905866048124e-07,2.5
bg,50,4.329819088402552e-07,2.5
bg,50,5.110873698173712e-07,2.5
bg,50,5.731316644456869e-07,2.5
bg,50,3.685465478820321e-07,2.5
bg,50,8.581998145654054e-07,2.5
bg,50,5.800279283838654e-07,2.5
bg,50,4.364645585546686e-07,2.5
bg,50,3.479634057035542e-07,2.5
bg,50,6.343760078759533e-07,2.5
bg,50,7.7036500601021e-07,2.5
bg,50,7.741696877802293e-07,2.5
bg,50,4.974862057167179e-07,2.5
bg,50,7.554004651412261e-07,2.5
bg,50,1.7424698323061094e-07,2.5
bg,50,8.683856170665631e-07,2.5
bg,50,5.164033813167473e-07,2.5
bg,50,9.429877091623126e-07,2.5
bg,50,6.437352474927035e-07,2.5
bg,50,8.209213739718507e-07,2.5
bg,50,5.829137943906277e-07,2.5
bg,50,5.00896462621339e-07,2.5
bg,50,4.443446744557698e-07,2.5
bg,50,5.452320703668999e-07,2.5
bg,50,4.843164510498418e-07,2.5
bg,50,5.742654075617238e-07,2.5
bg,50,9.364509408972176e-07,2.5
bg,50,4.688822772550601e-07,2.5
bg,50,9.957736425784485e-07,2.5
bg,50,6.295684118577674e-07,2.5
bg,50,3.416684919662242e-07,2.5
bg,50,5.107688381601517e-07,2.5
bg,50,7.090711776414674e-07,2.5
bg,50,6.710780519731921e-07,2.5
bg,50,7.33747420483657e-07,2.5
bg,50,6.553625788765942e-07,2.5
bg,50,6.094306675860423e-07,2.5
bg,50,3.932428574935422e-07,2.5
bg,50,4.40363109897446e-07,2.5
bg,50,4.607637389737366e-07,2.5
bg,50,3.342215277456811e-07,2.5
bg,50,4.98057902988613e-07,2.5
bg,50,4.566094082502992e-07,2.5
bg,50,6.990117838496789e-07,2.5
bg,50,6.021428012973574e-07,2.5
bg,50,6.015691991803832e-07,2.5
bg,50,2.877968725629892e-07,2.5
bg,50,8.576057455894125e-07,2.5
bg,50,5.990134839923756e-07,2.5
bg,50,5.861595885662819e-07,2.5
bg,50,4.829666153467929e-07,2.5
bg,50,3.553685005651701e-07,2.5
bg,50,4.281677287502713e-07,2.5
bg,50,3.483599410901784e-07,2.5
bg,50,9.350573757490742e-07,2.5
bg,50,7.589522074557134e-07,2.5
bg,50,4.767900738248309e-07,2.5
bg,50,6.139547283938734e-07,2.5
bg,50,6.242095669647989e-07,2.5
bg,50,4.0065034854153873e-07,2.5
bg,50,4.4543029905895763e-07,2.5
bg,50,5.203874640208213e-07,2.5
bg,50,5.863195627267213e-07,2.5
bg,50,5.617663826569967e-07,2.5
bg,50,1.026825814821363e-06,2.5
bg,50,8.887049674063126e-07,2.5
bg,50,6.224287645524518e-07,2.5
bg,50,5.351827609966922e-07,2.5
bg,50,5.293698161747518e-07,2.5
bg,50,4.962154229025372e-07,2.5
bg,50,7.560309271385615e-07,2.5
bg,50,9.660749715826586e-07,2.5
bg,50,5.266783190212832e-07,2.5
bg,50,4.2427687390966603e-07,2.5
bg,50,3.248768726745853e-07,2.5
bg,50,8.047143576608433e-07,2.5
bg,50,7.441417206118855e-07,2.5
bg,50,4.562433560770326e-07,2.5
bg,50,3.681769304694152e-07,2.5
bg,50,5.570738647309214e-07,2.5
bg,50,6.392777636565292e-07,2.5
bg,50,5.173067961220999e-07,2.5
bg,50,7.712484649473701e-07,2.5
bg,50,3.275172560012603e-07,2.5
bg,50,3.036865547499006e-07,2.5
bg,50,7.123089637768811e-07,2.5
bg,50,1.0444446832483828e-06,2.5
bg,50,3.890783790770309e-07,2.5
bg,50,4.318858431734718e-07,2.5
bg,50,6.989176239179679e-07,2.5
bg,50,4.254007018369084e-07,2.5
bg,50,4.039875529036057e-07,2.5
bg,50,4.011290409563794e-07,2.5
bg,50,6.813317290401244e-07,2.5
bg,50,2.673734004491597e-07,2.5
bg,50,4.147437084805842e-07,2.5
bg,50,5.704090243613933e-07,2.5
bg,50,1.0741546644156326e-06,2.5
bg,50,5.718834284487285e-07,2.5
bg,50,4.36823029544048e-07,2.5
bg,50,5.989670572230729e-07,2.5
bg,50,2.853360164258513e-07,2.5
bg,50,4.477514714618947e-07,2.5
bg,50,9.512456756318566e-07,2.5
bg,50,5.175171515105449e-07,2.5
bg,50,7.721101168572628e-07,2.5
bg,50,4.838604352434411e-07,2.5
bg,50,6.091102224646591e-07,2.5
bg,50,4.85080535239826e-07,2.5
bg,50,6.568583216847898e-07,2.5
bg,50,3.788691821713077e-07,2.5
bg,50,6.663331441187254e-07,2.5
bg,50,1.1285377591690336e-06,2.5
bg,50,2.484877651153506e-07,2.5
bg,50,4.208172420455459e-07,2.5
bg,50,5.823814668621207e-07,2.5
bg,50,4.093079298047253e-07,2.5
bg,50,9.780124901200963e-07,2.5
bg,50,4.169039863706099e-07,2.5
bg,50,9.016709971378078e-07,2.5
bg,50,6.953108410465466e-07,2.5
bg,50,4.401830344513846e-07,2.5
bg,50,7.5325184078258e-07,2.5
bg,50,5.213931905648636e-07,2.5
bg,50,2.848664230555126e-07,2.5
bg,50,5.210075298034597e-07,2.5
bg,50,8.796822622692407e-07,2.5
bg,50,5.631908732206853e-07,2.5
bg,50,5.459797945675836e-07,2.5
bg,50,6.411974924265807e-07,2.5
bg,50,3.054585555748207e-07,2.5
bg,50,4.004086065118958e-07,2.5
bg,50,5.170835674611935e-07,2.5
bg,50,6.918056998282268e-07,2.5
bg,50,3.428379656871025e-07,2.5
bg,50,5.828707077599205e-07,2.5
bg,50,5.278611661227307e-07,2.5
bg,50,2.773204484076524e-07,2.5
bg,50,4.648734863363581e-07,2.5
bg,50,2.944280141887729e-07,2.5
bg,50,6.225800491561413e-07,2.5
bg,50,5.27621366923338e-07,2.5
bg,50,6.446305706281769e-07,2.5
bg,50,5.463288694448269e-07,2.5
bg,50,7.154061321187056e-07,2.5
bg,50,5.927059097034869e-07,2.5
bg,50,9.455737997928068e-07,2.5
bg,50,6.440889674181707e-07,2.5
bg,50,3.1037431484364394e-07,2.5
bg,50,4.828855694638747e-07,2.5
bg,50,7.708229827185978e-07,2.5
bg,50,5.380829256799063e-07,2.5
bg,50,5.939371774951259e-07,2.5
bg,50,3.923656931053771e-07,2.5
bg,50,9.811362488102345e-07,2.5
bg,50,7.746624989457484e-07,2.5
bg,50,4.895080483848483e-07,2.5
bg,50,4.077641902082128e-07,2.5
bg,50,7.299937771613502e-07,2.5
bg,50,4.49685107138182e-07,2.5
bg,50,8.952213484595027e-07,2.5
bg,50,5.542934759063826e-07,2.5
bg,50,4.364740432769741e-07,2.5
bg,50,5.665653605873119e-07,2.5
bg,50,6.504969119399101e-07,2.5
bg,50,6.325580688583608e-07,2.5
bg,50,5.033515262316063e-07,2.5
bg,50,4.305627038679728e-07,2.5
bg,50,5.986243608884708e-07,2.5
bg,50,4.966883843512742e-07,2.5
bg,50,3.8100045122813523e-07,2.5
bg,50,1.151284665182873e-06,2.5
bg,50,9.178833850120388e-07,2.5
bg,50,7.341852514081902e-07,2.5
bg,50,3.398705545599996e-07,2.5
bg,50,5.249254885063167e-07,2.5
bg,50,7.348362031774585e-07,2.5
bg,50,4.282341678767703e-07,2.5
bg,50,6.616928012436654e-07,2.5
bg,50,3.183217031707663e-07,2.5
bg,50,6.888250149844888e-07,2.5
bg,50,6.716723500797725e-07,2.5
bg,50,3.050651032154841e-07,2.5
bg,50,1.0257574636283167e-06,2.5
bg,50,4.53344408523157e-07,2.5
bg,50,5.23833466893122e-07,2.5
bg,50,5.125731665454854e-07,2.5
bg,50,6.235697216712368e-07,2.5
bg,50,1.8858278303106313e-07,2.5
bg,50,6.191073543059436e-07,2.5
