ligand_type,r_max,time_weighted_mean_b,time_weighted_variance,total_bound_time,n_binding_events,n_unbinding_events,binding_unbinding_events,mean_bound_dwell_time,total_signal,signal_rate,ratio,time_weighted_variance_observed,total_signal_observed
ag,50,1.937199578416391,1.274235834225908,1937.199578416391,1938,1937,3875,1.0001030348045385,3437,3.437,2.5,1.3007685804838764,2342.1043892620696
ag,50,1.5944079933663762,1.03540576695573,1594.407993366376,1589,1588,3177,1.004035260306282,2204,2.204,2.5,1.0030469913841409,2436.962679315931
ag,50,3.2342923795178122,2.1004994537074415,3234.292379517812,3243,3239,6482,0.9985465821296117,9252,9.252,2.5,2.2008037056419494,8375.787143346397
ag,50,0.33634545169483654,0.2232171888190329,336.3454516948365,334,334,668,1.0070223104635825,75,0.075,2.5,0.2689244873222447,64.60088424620434
ag,50,0.9806155603054029,0.6623217402067305,980.6155603054028,994,994,1988,0.9865347689189163,864,0.864,2.5,0.6680075122733676,881.9161459829916
ag,50,1.3285355173922748,0.8504888579869437,1328.5355173922749,1308,1307,2615,1.0164770599787871,1528,1.528,2.5,0.8320437878246336,1213.382366314599
ag,50,1.009617852097787,0.6571597027815701,1009.6178520977869,997,996,1993,1.0136725422668542,820,0.82,2.5,0.7394500300577381,783.468822980985
ag,50,1.030670351193999,0.6703344046818488,1030.670351193999,968,966,1934,1.066946533327121,851,0.851,2.5,0.54992431244845,918.711499110687
ag,50,0.6392877540410395,0.427371344596204,639.2877540410395,665,664,1329,0.9627827621099992,319,0.319,2.5,0.49395384227383426,422.94789692288754
ag,50,1.865176177473571,1.2669109158177252,1865.176177473571,1949,1948,3897,0.9574826373067613,3180,3.18,2.5,1.4103128328848133,3242.6363485540955
ag,50,2.194446764056596,1.4458690275938095,2194.446764056596,2219,2216,4435,0.9902738104948537,4181,4.181,2.5,1.5665249028121537,3812.372008340046
ag,50,0.9369891330346204,0.6350998547398485,936.9891330346204,952,952,1904,0.9842322825993912,742,0.742,2.5,0.4679154349782826,937.8030377269029
ag,50,2.307750336462117,1.5754338960243444,2307.7503364621166,2274,2274,4548,1.014841836614827,4574,4.574,2.5,1.7989024212918543,5648.144143771248
ag,50,1.2781453257349262,0.8481808911814801,1278.1453257349262,1292,1291,2583,0.9900428549457213,1411,1.411,2.5,1.0484571710868564,1307.849536933541
ag,50,2.0356066382058997,1.3139015789488928,2035.6066382058998,1975,1972,3947,1.0322548875283468,3532,3.532,2.5,0.9844423794166243,3053.936189743641
ag,50,0.9943556692951374,0.6820147374579436,994.3556692951374,1025,1024,2049,0.9710504582960326,906,0.906,2.5,0.7403162618858787,913.6063959567033
ag,50,1.3232046338224062,0.8596800343978659,1323.204633822406,1258,1256,2514,1.0535068740624252,1477,1.477,2.5,0.9971892296398204,1727.3385057650507
ag,50,1.3084697802224519,0.9229420313718179,1308.4697802224518,1268,1268,2536,1.0319162304593468,1436,1.436,2.5,0.839625616888046,1375.9736213351537
ag,50,1.9454068304323997,1.2918749443205393,1945.4068304323996,1944,1942,3886,1.0017542896150358,3412,3.412,2.5,1.3158096915315525,2631.1004631789683
ag,50,2.2894145631560456,1.4374120087771218,2289.4145631560455,2255,2253,4508,1.0161627000248759,4652,4.652,2.5,1.215236611519424,5139.0793265319
ag,50,1.8627014889384539,1.190833866988206,1862.7014889384538,2010,2008,4018,0.9276401837342898,3234,3.234,2.5,1.3249275944189787,3182.6553615942603
ag,50,2.2775983088848255,1.488144287230741,2277.5983088848257,2275,2274,4549,1.0015823697822452,4412,4.412,2.5,0.9820889731869319,4307.675645702259
ag,50,0.6914682732560258,0.4512828258830557,691.4682732560258,688,687,1375,1.006504036762774,400,0.4,2.5,0.3451209212406994,412.9551257904878
ag,50,0.6410349784397903,0.4228171442974698,641.0349784397903,665,664,1329,0.9654141241563107,376,0.376,2.5,0.39624912820485003,446.5315546164075
ag,50,1.3406112098806364,0.9015877919727201,1340.6112098806364,1331,1330,2661,1.0079783532937114,1523,1.523,2.5,1.0197437139772423,1472.967147122541
ag,50,1.6783730451531889,1.0864053524545019,1678.373045153189,1660,1656,3316,1.0135102929669015,2357,2.357,2.5,1.1056969644202972,2405.2765354421103
ag,50,1.9904573713274991,1.3069648645300709,1990.457371327499,2040,2037,4077,0.9771513850405003,3681,3.681,2.5,1.3519654696064998,2232.4820900541213
ag,50,0.6850076359159863,0.45005489660165326,685.0076359159864,677,676,1353,1.0133249052011633,435,0.435,2.5,0.4930941955038965,434.7143038376677
ag,50,1.9323646299364734,1.3189815325103453,1932.3646299364734,1949,1947,3896,0.9924831175842185,3344,3.344,2.5,1.2909872737454662,2241.3951861825462
ag,50,1.6733066466583877,1.0948453715626214,1673.3066466583878,1691,1688,3379,0.9912954067881444,2468,2.468,2.5,1.0918264472816668,3201.211918728832
ag,50,1.6650187083328838,1.055726307440569,1665.0187083328838,1617,1615,3232,1.0309713364290303,2426,2.426,2.5,0.991672951624642,2028.977401570284
ag,50,2.2608298481797062,1.5171137431215111,2260.829848179706,2276,2273,4549,0.9946457757059859,4680,4.68,2.5,1.7763231410333977,4978.646756882153
ag,50,1.2854858536123084,0.8577795896923673,1285.4858536123083,1301,1300,2601,0.988835272009468,1464,1.464,2.5,1.0061365955001123,1701.8720350990463
ag,50,2.271967180124256,1.4217258813128117,2271.967180124256,2266,2263,4529,1.0039625188352876,4741,4.741,2.5,1.3228394923368776,6422.4698175083895
ag,50,0.9556626015674785,0.6338659845358104,955.6626015674785,991,991,1982,0.9643416766573951,747,0.747,2.5,0.6884226666534806,927.8738781084413
ag,50,1.5734933618402123,1.081757396972625,1573.4933618402122,1659,1658,3317,0.949030978190719,2262,2.262,2.5,1.047395483751678,2506.9084528674307
ag,50,2.3685804914798614,1.5364987887570905,2368.5804914798614,2338,2336,4674,1.0139471282019954,4833,4.833,2.5,1.7297316682439585,4502.009881836129
ag,50,0.6684843317890887,0.43390818686830995,668.4843317890887,649,649,1298,1.0300220828799518,332,0.332,2.5,0.49447051856911717,301.1352736265533
ag,50,1.3812840721760375,0.8751185669627178,1381.2840721760376,1296,1295,2591,1.0666286271629635,1608,1.608,2.5,0.9292019372630254,1358.144744427539
ag,50,1.3387974769264528,0.9469221560098704,1338.7974769264529,1322,1321,2643,1.013472730451516,1608,1.608,2.5,0.9922880565837197,1388.7529794973887
ag,50,1.0093209455449736,0.6634150718458923,1009.3209455449737,1016,1015,2031,0.9944048724581022,917,0.917,2.5,0.6009146450324792,1052.6996121825975
ag,50,1.6572617330096127,1.114455446566223,1657.2617330096127,1605,1603,3208,1.033850114166945,2301,2.301,2.5,1.1154855282084533,2683.414432072025
ag,50,1.9883878363790473,1.2847687444746347,1988.3878363790473,1976,1975,3951,1.0067786513311632,3435,3.435,2.5,1.4599385125886304,3697.08360092168
ag,50,1.685963184619467,1.0618987714686896,1685.963184619467,1667,1664,3331,1.0131990292184296,2508,2.508,2.5,0.9531521971555204,2635.638837707839
ag,50,1.933700738115202,1.2823707992624176,1933.700738115202,1977,1976,3953,0.9785934909489888,3173,3.173,2.5,1.211046616945449,3686.2373565437747
ag,50,0.7009629554177548,0.4670218302441009,700.9629554177548,686,684,1370,1.024799642423618,372,0.372,2.5,0.5069055697684602,353.9797366561598
ag,50,1.3180355838345772,0.881976464403959,1318.0355838345772,1290,1289,2579,1.022525666279734,1494,1.494,2.5,0.8593398269733507,1504.7553436983007
ag,50,0.7214277775255803,0.47752282524656564,721.4277775255803,686,686,1372,1.0516439905620703,385,0.385,2.5,0.38968986242678294,381.7006969288692
ag,50,1.5923979113146056,1.0647089377664987,1592.3979113146056,1629,1625,3254,0.9799371761936034,2340,2.34,2.5,0.9798795835157736,2147.949145485842
ag,50,1.67671521019803,1.0706860498829796,1676.71521019803,1694,1694,3388,0.9897964641074557,2533,2.533,2.5,0.7997841750591765,2161.9431650790493
ag,50,1.6378836952311835,1.0624634641332709,1637.8836952311835,1601,1599,3200,1.024317507961966,2397,2.397,2.5,1.011648900648104,1345.800886212696
ag,50,1.3571079955532224,0.9014714803065785,1357.1079955532223,1347,1345,2692,1.0090022271771169,1721,1.721,2.5,1.3018878255174224,1970.3308825296335
ag,50,0.9687179413606877,0.609223306216601,968.7179413606876,990,989,1979,0.9794923572908873,845,0.845,2.5,0.6264390358716468,861.7394898358409
ag,50,1.6841136394691816,1.0899763416230053,1684.1136394691816,1631,1630,3261,1.0331985518215838,2439,2.439,2.5,1.0280564903787954,2767.024088232979
ag,50,1.6220553306511813,1.0576099704140587,1622.0553306511813,1630,1628,3258,0.9963484832009714,2230,2.23,2.5,0.9015470237039871,2666.1199845713227
ag,50,1.3370685765973662,0.9016668257912865,1337.0685765973662,1291,1289,2580,1.0372913705177396,1519,1.519,2.5,1.0446969521034242,1688.3437994180247
ag,50,1.6589532511714036,1.1002293642239553,1658.9532511714035,1589,1589,3178,1.0440234431538096,2213,2.213,2.5,1.2631063287038833,2357.7945051245933
ag,50,1.5894476608303536,1.061753374674317,1589.4476608303537,1648,1648,3296,0.9644706679795836,2312,2.312,2.5,0.9745919023910422,2183.7616069078463
ag,50,1.6851536099154258,1.1195668990802254,1685.153609915426,1709,1708,3417,0.9866238933931065,2558,2.558,2.5,1.1477685197335985,2365.5027804089004
ag,50,2.220562141917321,1.4692577917004492,2220.5621419173212,2305,2304,4609,0.9637856518738374,4400,4.4,2.5,1.2084133012914426,4260.698905448621
ag,50,2.2729267962932025,1.5300819281801419,2272.9267962932026,2276,2273,4549,0.9999677942337011,4491,4.491,2.5,1.910520271673316,4749.373040458015
ag,50,1.94868710104192,1.2764238707538829,1948.68710104192,1917,1915,3832,1.0175911754788094,3393,3.393,2.5,1.39901921868576,3486.6489668284107
ag,50,2.592746339799436,1.7192971848583132,2592.746339799436,2582,2582,5164,1.0041620216109357,6089,6.089,2.5,1.637161947460593,6063.553457386514
ag,50,0.6741285135968607,0.4287841248931047,674.1285135968607,688,687,1375,0.9812642119313838,375,0.375,2.5,0.40718258096551196,286.84671352203594
ag,50,0.9979593866672151,0.6536403878164281,997.9593866672151,1017,1016,2033,0.982243490814188,831,0.831,2.5,0.7006695989309862,881.8444728814363
ag,50,2.2499680207618122,1.5285359169265178,2249.968020761812,2294,2292,4586,0.9816614401229546,4796,4.796,2.5,1.45506139160674,4179.703652251862
ag,50,1.595217773117033,1.1457666921997067,1595.217773117033,1636,1636,3272,0.9750719884578442,2481,2.481,2.5,0.9638074825063798,2710.849008152434
ag,50,1.6148276435675746,1.0705654221492407,1614.8276435675746,1616,1615,3231,0.9998932777508202,2388,2.388,2.5,1.124141580036348,2298.285260934113
ag,50,1.3441838887107536,0.8835914002850211,1344.1838887107535,1310,1307,2617,1.0284498000847389,1518,1.518,2.5,0.9662702197016677,1751.8180545749087
ag,50,2.6526763157544364,1.6434306405273047,2652.6763157544365,2599,2597,5196,1.0214387045646656,6124,6.124,2.5,1.8689812901525904,7675.7616554700435
ag,50,1.332065655219717,0.881750407317432,1332.065655219717,1296,1295,2591,1.028622127582793,1464,1.464,2.5,0.7775757380095848,1311.9494470273007
ag,50,1.3534332054038316,0.923059017262569,1353.4332054038316,1333,1331,2664,1.016854399251564,1468,1.468,2.5,0.6732041069624107,1441.9960975027316
ag,50,1.347845383999056,0.9189477241930686,1347.8453839990561,1339,1337,2676,1.0081117307397578,1551,1.551,2.5,0.9136480559270242,1844.3001545193272
ag,50,2.5341948309028175,1.6668079714899713,2534.1948309028176,2520,2518,5038,1.0064316246635494,5659,5.659,2.5,1.6408340536904475,5787.287732325394
ag,50,1.2590166001354604,0.8462101831006418,1259.0166001354603,1317,1316,2633,0.9566995441758817,1388,1.388,2.5,0.8063846436015067,1433.77477441114
ag,50,1.0117002998329563,0.6874280313117319,1011.7002998329563,1002,1001,2003,1.0106896102227336,880,0.88,2.5,0.5774437524157975,643.5983956114667
ag,50,2.799968013297298,1.8789326742762509,2799.968013297298,2877,2874,5751,0.9742407840282874,7423,7.423,2.5,2.0867748507133794,8101.824551954971
ag,50,1.3006690336068543,0.8733262431185512,1300.6690336068543,1297,1296,2593,1.0036026493880048,1478,1.478,2.5,0.8044396774808172,1772.9884053408778
ag,50,1.3612688259109509,0.9505211152547772,1361.268825910951,1366,1365,2731,0.9972665391289017,1642,1.642,2.5,1.0751032111290326,1780.823252869842
ag,50,1.5969226442959379,1.0228368246039337,1596.922644295938,1597,1594,3191,1.0018335284165232,2200,2.2,2.5,1.0439952782899793,1599.4562238446
ag,50,0.9949164013412037,0.6900468841444679,994.9164013412037,992,992,1984,1.0029399207068586,843,0.843,2.5,0.6121992129861424,1012.5253670379138
ag,50,0.9904197925631599,0.69906680705477,990.41979256316,990,990,1980,1.0004240328920808,730,0.73,2.5,0.7751281037866109,888.868342747501
ag,50,1.6309005056451118,1.075449275717957,1630.9005056451117,1609,1608,3217,1.0142416079882535,2302,2.302,2.5,1.1678795388949181,2478.240991148471
ag,50,1.31546347700033,0.9008444047556124,1315.46347700033,1328,1327,2655,0.9913063127357422,1394,1.394,2.5,0.826340718581607,1521.7339026805516
ag,50,2.911929020824342,1.9492784086199313,2911.929020824342,2833,2830,5663,1.02895018403687,7374,7.374,2.5,1.8738296798813885,5951.003769523149
ag,50,1.0061796079709933,0.6820549896006978,1006.1796079709932,992,991,1983,1.01531746515741,811,0.811,2.5,0.585971573629569,873.1270727579112
ag,50,1.618669306576556,1.084389024936361,1618.669306576556,1606,1601,3207,1.0110364188485672,2172,2.172,2.5,0.9627478662027827,2362.8125728277423
ag,50,0.9486206062207062,0.6838385652803755,948.6206062207062,995,994,1989,0.9543466863387386,718,0.718,2.5,0.717304873583735,567.045597291295
ag,50,0.9892144850109537,0.6493041376503602,989.2144850109537,983,982,1965,1.007346726080401,828,0.828,2.5,0.7014390332720637,983.6903011160075
ag,50,1.596579056934214,1.0329121527721643,1596.579056934214,1716,1716,3432,0.930407375835789,2371,2.371,2.5,1.078728997913486,2023.2382266703826
ag,50,1.5943757743318818,1.1138733541461239,1594.3757743318818,1628,1626,3254,0.9805509067231745,2271,2.271,2.5,0.988309310458119,2486.599499173961
ag,50,1.0093956560066302,0.6641424989144192,1009.3956560066301,1010,1009,2019,1.0003921268648466,836,0.836,2.5,0.7507577948841146,866.5514902853715
ag,50,1.98554599488848,1.3345942854955992,1985.54599488848,1969,1967,3936,1.0094285688299338,3413,3.413,2.5,1.2980569077673794,3300.440702167966
ag,50,1.6481581943443169,1.0913549160290952,1648.1581943443168,1669,1668,3337,0.988104433060142,2405,2.405,2.5,1.3847226930865388,2708.35287974404
ag,50,1.6038769320600545,1.1072450553932185,1603.8769320600545,1598,1596,3194,1.0049354210902597,2190,2.19,2.5,0.9132682272770475,1873.0987271508357
ag,50,1.2674146642149107,0.8610401958244559,1267.4146642149108,1285,1282,2567,0.9886229830069507,1450,1.45,2.5,0.698558014645198,1347.7669230152721
ag,50,1.6641148435246738,1.1263773561173511,1664.1148435246737,1666,1661,3327,1.0018752820738552,2448,2.448,2.5,1.0879771221877468,2747.619184563675
ag,50,2.22615128822275,1.4602269778727714,2226.15128822275,2322,2321,4643,0.9591345489973071,4804,4.804,2.5,1.0963482959153499,5081.962901817426
ag,50,1.9199581417123794,1.3223348299237323,1919.9581417123795,1966,1963,3929,0.9780734292982066,3402,3.402,2.5,1.307907800883729,4438.861269035835
ag,50,2.351662995889883,1.4458146693608769,2351.662995889883,2275,2269,4544,1.036431465795453,4593,4.593,2.5,1.3198004734323672,4085.310351674095
ag,50,1.743490766938726,1.1082872453852426,1743.490766938726,1665,1663,3328,1.048400942236155,2512,2.512,2.5,0.8888952280154843,2812.1412949272963
ag,50,0.6951918906952538,0.47344660829259394,695.1918906952537,674,673,1347,1.0329745775560977,407,0.407,2.5,0.3397198649469592,320.9602983593788
ag,50,0.0,0.0,0.0,0,0,0,,0,0.0,2.5,0.0,0.0
ag,50,2.219292082632801,1.4704625523165302,2219.292082632801,2256,2254,4510,0.9846016338211184,4508,4.508,2.5,1.168016721487462,4564.264334105602
ag,50,1.3314115171984693,0.8723237238109203,1331.4115171984693,1315,1314,2629,1.0132507741236447,1494,1.494,2.5,0.8881079045864726,1680.2864590854613
ag,50,1.9699810919199274,1.3846648034838571,1969.9810919199274,1972,1971,3943,0.9994830501876851,3501,3.501,2.5,1.550752559828854,2218.8737678391394
ag,50,1.6275337966298185,1.014543881753762,1627.5337966298184,1635,1634,3269,0.9960427151957273,2276,2.276,2.5,1.1298947119823546,2129.1492692370493
ag,50,1.9283882831201968,1.3426006688303636,1928.3882831201968,1926,1923,3849,1.0028020193032745,3260,3.26,2.5,1.5116033702749998,3356.534687560955
ag,50,2.324523931662269,1.4890007754835315,2324.5239316622688,2316,2315,4631,1.0041140093573515,4824,4.824,2.5,1.9240014006070845,5245.190522458104
ag,50,1.854932786478055,1.2843450657488658,1854.9327864780548,1960,1958,3918,0.9473609736864427,3203,3.203,2.5,1.5046349689897054,3481.206588018105
ag,50,2.8601295332592627,1.8332218173705592,2860.1295332592626,2871,2869,5740,0.9969081677446018,7237,7.237,2.5,1.7318931020565198,7463.261979281412
ag,50,1.3011942458578625,0.9240061121980044,1301.1942458578624,1326,1326,2652,0.9812927947646021,1482,1.482,2.5,1.0667426946101664,1338.4937499644257
ag,50,2.3149558790608493,1.500570352739927,2314.9558790608494,2287,2283,4570,1.0139973189053217,4531,4.531,2.5,1.4732200952111238,4033.685947664837
ag,50,1.995196289584906,1.3177713895363243,1995.196289584906,1973,1971,3944,1.0122761489522607,3336,3.336,2.5,1.5458230360125478,3254.2066419994135
ag,50,1.316222327670753,0.8746284321351431,1316.222327670753,1313,1310,2623,1.0047498684509564,1649,1.649,2.5,0.99339317408183,2141.8802294208335
ag,50,0.6782119152855983,0.42695732875160947,678.2119152855984,656,656,1312,1.0338596269597535,382,0.382,2.5,0.32647789663525245,372.3801578160592
ag,50,0.6482785532643266,0.4310877704461391,648.2785532643265,656,656,1312,0.9882295019273271,309,0.309,2.5,0.434192197845485,314.1934153940974
ag,50,1.573286768473778,1.0946477920944218,1573.286768473778,1644,1642,3286,0.9581527213604007,2321,2.321,2.5,1.0268130046783956,2143.8201148405683
ag,50,1.6172509456769435,1.1113986503297086,1617.2509456769435,1656,1655,3311,0.9771909037322921,2313,2.313,2.5,1.1283701158706223,2313.450441428754
ag,50,1.6822214390818822,1.0475977468003734,1682.2214390818822,1643,1643,3286,1.0238718436286562,2418,2.418,2.5,1.1794188526466625,2217.9213937962686
ag,50,1.3052136252259552,0.8425666240571971,1305.2136252259552,1293,1291,2584,1.0110097794159218,1552,1.552,2.5,0.6376597714484343,1544.5656388501234
ag,50,1.3141315735117096,0.8304244845901037,1314.1315735117096,1292,1292,2584,1.0171297008604563,1569,1.569,2.5,0.7446900718724166,1488.0612864901998
ag,50,4.626117258355546,2.9747119399783717,4626.117258355545,4698,4694,9392,0.9855384018652632,18712,18.712,2.5,2.6507764605975743,15235.545692642743
ag,50,1.9332976405278979,1.1961193707045896,1933.2976405278978,1925,1921,3846,1.006401686896355,3292,3.292,2.5,1.2974699179679985,3868.0309843407817
ag,50,0.6605654290751466,0.44477454163408175,660.5654290751465,668,666,1334,0.9918399835963161,378,0.378,2.5,0.4850812246523784,346.18485619596305
ag,50,0.996441084376738,0.6793071264285885,996.441084376738,1007,1007,2014,0.9895144829957676,853,0.853,2.5,0.6569216456142055,800.8487339347446
ag,50,2.2351162139654197,1.4791844669108172,2235.11621396542,2254,2253,4507,0.9920622343388459,4487,4.487,2.5,1.2713135053671918,5141.8836914743615
ag,50,0.9280637053793699,0.6363744579998231,928.0637053793699,968,967,1935,0.9597349590272698,753,0.753,2.5,0.6571064114418755,597.129277285549
ag,50,0.981854956536101,0.6927886531167468,981.854956536101,983,982,1965,0.9998522978982698,806,0.806,2.5,0.6085796240950736,722.7066689700378
ag,50,2.546566917027873,1.6223386809341018,2546.566917027873,2606,2603,5209,0.9783199834913073,5860,5.86,2.5,1.9793657678974406,5836.215928596453
ag,50,1.3106846541772539,0.840195149132044,1310.6846541772538,1370,1367,2737,0.9588036972767036,1623,1.623,2.5,1.038295434505437,1764.3282065521971
ag,50,0.702431831138701,0.461365729117178,702.431831138701,654,653,1307,1.075699588267536,323,0.323,2.5,0.5733196297477515,182.65967646250476
ag,50,1.3477424393342785,0.8699229691301842,1347.7424393342785,1329,1327,2656,1.0156310771170147,1636,1.636,2.5,0.6231979564396393,1520.3349998924004
ag,50,1.92743419536313,1.3589762792086353,1927.43419536313,1978,1977,3955,0.9749287786358776,3314,3.314,2.5,1.51614447878694,3529.7622440412597
ag,50,2.1935223202004352,1.4468109044871256,2193.5223202004354,2284,2282,4566,0.9612280106049235,4536,4.536,2.5,1.4574326662138,4698.95710336899
ag,50,0.6885042410070144,0.4545913152935294,688.5042410070143,667,666,1333,1.0337901516621837,331,0.331,2.5,0.39826643343176665,383.3075444503393
ag,50,0.9949674659769034,0.6416780652783693,994.9674659769034,1010,1010,2020,0.9851163029474291,935,0.935,2.5,0.6863934405404641,814.2497508274213
ag,50,2.8425726527130126,1.854849408103917,2842.5726527130128,2882,2878,5760,0.9876902893373916,7302,7.302,2.5,2.123174519299808,9580.380728428641
ag,50,1.9278133383356462,1.2317097252103166,1927.8133383356462,1893,1890,3783,1.0200070573204478,3203,3.203,2.5,1.1947814412051083,3716.4477867496994
ag,50,2.217254299310026,1.471988359747534,2217.254299310026,2300,2297,4597,0.9652826727514262,4735,4.735,2.5,1.5701509711088326,4972.141748972091
ag,50,1.6549045244527998,1.0661411188847192,1654.9045244527997,1626,1624,3250,1.0190298795891624,2255,2.255,2.5,0.8517367304267314,2643.3190788823435
ag,50,0.9726538233958407,0.6296161703926109,972.6538233958407,1001,999,2000,0.9736274508466874,777,0.777,2.5,0.8154692869099875,668.7956936309167
ag,50,1.2231712707026796,0.8444248153900753,1223.1712707026795,1307,1307,2614,0.9358617220372453,1294,1.294,2.5,0.8309801101412293,1098.1297666843523
ag,50,0.6260557485437095,0.41087114113706147,626.0557485437095,630,629,1259,0.9953191550774395,330,0.33,2.5,0.4462702775527395,380.4373188307058
ag,50,1.668022049235031,1.0460553220789413,1668.022049235031,1655,1654,3309,1.008477659755158,2402,2.402,2.5,0.8370152786465019,2667.8262729987364
ag,50,0.6872289639433833,0.45904069179878804,687.2289639433833,661,661,1322,1.03968073213825,373,0.373,2.5,0.46338889226337404,236.41499414894247
ag,50,1.2920870426847715,0.9168722758181524,1292.0870426847714,1318,1316,2634,0.9818290597908598,1418,1.418,2.5,0.955404620996616,1422.6045654243308
ag,50,2.548438495505218,1.6603863592181933,2548.4384955052183,2581,2577,5158,0.9889167619345046,5678,5.678,2.5,1.6406788991493708,5593.771250131142
ag,50,3.228669418843755,2.194073075176004,3228.669418843755,3213,3209,6422,1.0061294542984591,9367,9.367,2.5,1.876943766783177,8472.549699557889
ag,50,1.632971429300244,1.0287812534492284,1632.971429300244,1651,1649,3300,0.9902798237114881,2371,2.371,2.5,0.9671698634528454,1683.1147621645716
ag,50,1.9974822534293484,1.3433004919388194,1997.4822534293485,1960,1955,3915,1.0217300529050375,3487,3.487,2.5,1.1981109704201003,3720.7123061601774
ag,50,0.9759219836019299,0.6276000124472052,975.9219836019299,973,973,1946,1.0030030663945837,820,0.82,2.5,0.6866159393510687,429.99851556233983
ag,50,2.2971552126523793,1.4974772917296755,2297.1552126523793,2269,2268,4537,1.0128550320336769,4420,4.42,2.5,1.2748938433430084,4285.9839970775065
ag,50,0.31516195722274765,0.21583489794227464,315.1619572227477,332,332,664,0.9492830036829749,58,0.058,2.5,0.26496464058829167,78.57442325000942
ag,50,2.2999933220441084,1.5117369248489714,2299.9933220441085,2293,2291,4584,1.003925500673989,4760,4.76,2.5,1.6321412639168467,3836.5872099581275
ag,50,1.6131641237011496,1.0535165315112995,1613.1641237011495,1634,1633,3267,0.9878531069817205,2245,2.245,2.5,1.0011351108807875,1917.543033599743
ag,50,1.9681442717987538,1.2828011201973706,1968.1442717987538,1957,1955,3912,1.0067234126847846,3300,3.3,2.5,1.2057563982723967,3485.5248285062125
ag,50,1.2692967321677329,0.8814427572827358,1269.296732167733,1318,1316,2634,0.964511194656332,1502,1.502,2.5,0.7316191107454169,1739.6706697652514
ag,50,1.030503914999903,0.7091733739882955,1030.503914999903,995,992,1987,1.0388144304434506,783,0.783,2.5,0.6864915360840085,799.3442947768335
ag,50,2.6228758536393793,1.761822811310763,2622.8758536393793,2533,2531,5064,1.0363002187433343,6121,6.121,2.5,2.0572324599085072,4876.863336150055
ag,50,2.3010079476490883,1.476014070480574,2301.0079476490882,2278,2276,4554,1.0109876747140107,4784,4.784,2.5,1.348444199797774,4646.3281727643
ag,50,2.8811173198721898,1.822366168808802,2881.11731987219,2900,2898,5798,0.9941743684859179,7473,7.473,2.5,1.588182667656181,6809.886276829965
ag,50,1.2458328575422501,0.8437433503572872,1245.8328575422502,1332,1331,2663,0.9360126653209994,1473,1.473,2.5,0.9396150478367298,1523.9471524235348
ag,50,0.9559620130601,0.644738783103564,955.9620130600999,982,982,1964,0.9734847383504073,748,0.748,2.5,0.5591119769290492,694.7865405232179
ag,50,1.2420664045717609,0.8112080589101149,1242.0664045717608,1294,1293,2587,0.9606082015249504,1421,1.421,2.5,0.7501349834048068,1440.214540681299
ag,50,2.592379467956529,1.6670668093903398,2592.379467956529,2598,2597,5195,0.9982208193902692,6059,6.059,2.5,1.8906399354388903,4937.107542227869
ag,50,1.6632048689694772,1.1482331986447682,1663.2048689694773,1619,1617,3236,1.0285744396842778,2178,2.178,2.5,1.1053594505811963,2053.7578733745822
ag,50,1.9723291492101573,1.2829684074028016,1972.3291492101573,1940,1938,3878,1.0177136992828468,3426,3.426,2.5,1.1792608815400816,3225.7048671143875
ag,50,1.682742271697646,1.0811035890821104,1682.742271697646,1663,1659,3322,1.014311194513349,2365,2.365,2.5,0.806290442438152,2137.507751737529
ag,50,1.6644295706850278,1.1617188367180937,1664.4295706850278,1637,1637,3274,1.0167559991967183,2438,2.438,2.5,0.9237666111841807,2120.2856881664893
ag,50,2.6090469890607326,1.8157180713904442,2609.046989060733,2638,2634,5272,0.9905265713973929,6212,6.212,2.5,1.691981126927824,4384.131552051489
ag,50,2.292639705427343,1.456902831971896,2292.639705427343,2243,2240,4483,1.0234998684943495,4660,4.66,2.5,1.0986607567720963,4378.248059059515
ag,50,1.9435294283069633,1.3230032266419884,1943.5294283069634,2034,2031,4065,0.9569322640605433,3727,3.727,2.5,1.1569019909173754,3704.4694154680465
ag,50,2.6019780030089077,1.7331427429319772,2601.9780030089078,2631,2627,5258,0.9904750677612896,6028,6.028,2.5,1.8924842168550797,6867.908453914689
ag,50,2.0458311260982853,1.2768797522623307,2045.8311260982853,1910,1909,3819,1.0716768601876823,3619,3.619,2.5,1.6014582769685015,3255.1459265245394
ag,50,0.6407531753141192,0.4492625094548479,640.7531753141193,682,681,1363,0.9409004042791766,349,0.349,2.5,0.46091630777855813,212.1984627687558
ag,50,0.0,0.0,0.0,0,0,0,,0,0.0,2.5,0.0,0.0
ag,50,0.6588969744417439,0.4458502617463566,658.8969744417439,670,669,1339,0.9848983175511866,372,0.372,2.5,0.4921103571016974,344.74359850474974
ag,50,1.5855187593930495,1.0771349236529895,1585.5187593930495,1609,1609,3218,0.985406314103822,2300,2.3,2.5,1.1792563676561674,2524.014939904578
ag,50,3.190858716577066,2.0888936722038896,3190.858716577066,3195,3192,6387,0.9996424550680031,9365,9.365,2.5,1.8458237607547985,8885.000605438083
ag,50,1.0047226941094893,0.6586939848721092,1004.7226941094893,975,974,1949,1.0315428070939316,845,0.845,2.5,0.7669465022021438,704.9756706441774
ag,50,0.956646691432495,0.6482493754299266,956.646691432495,985,984,1969,0.9722019221874949,781,0.781,2.5,0.8321490580113463,705.3394993874799
ag,50,1.6589355671095227,1.0624609327097314,1658.9355671095227,1674,1672,3346,0.9921863439650256,2389,2.389,2.5,0.9573396083550001,2178.847825613428
ag,50,2.2156638180140047,1.4408516300687644,2215.663818014005,2234,2232,4466,0.9926809220492854,4332,4.332,2.5,1.3031155202857327,4186.274167695193
ag,50,1.921787813643801,1.3015425707980752,1921.787813643801,1909,1906,3815,1.008283218071249,3207,3.207,2.5,1.4313899283759,2823.9434313203064
ag,50,0.6723087861638685,0.44102589994315805,672.3087861638685,663,662,1325,1.0155721845375656,377,0.377,2.5,0.4036594231048542,389.1908168445992
ag,50,0.33449747168427585,0.22260891312110292,334.49747168427587,342,342,684,0.978062782702561,74,0.074,2.5,0.2643816468057951,79.73288206066353
ag,50,1.9092795754529015,1.2918848677724317,1909.2795754529016,1937,1936,3873,0.9861981278165813,3349,3.349,2.5,1.462294943317155,2600.7030403698254
ag,50,1.0121359315506973,0.6687443434505461,1012.1359315506973,1006,1006,2012,1.0060993355374723,814,0.814,2.5,0.8447669592628905,677.1965318970773
ag,50,0.9600237873805507,0.6532387766602372,960.0237873805507,1013,1011,2024,0.9495784247087544,869,0.869,2.5,0.8675700059048664,772.2946349367437
ag,50,0.6252351159239647,0.4171394436568347,625.2351159239647,639,638,1277,0.9799923447084087,289,0.289,2.5,0.3817350054889028,294.60692292385517
ag,50,1.6503556862874216,1.0551588912270438,1650.3556862874216,1653,1652,3305,0.9990046527163569,2496,2.496,2.5,1.4426028202085697,1669.741312703826
ag,50,2.0143278037744476,1.2524697480454476,2014.3278037744476,2007,2006,4013,1.00415144754459,3482,3.482,2.5,1.177935435275674,3488.9331961314215
ag,50,3.5186614971359513,2.29857444670527,3518.6614971359513,3493,3489,6982,1.0085014322545003,11087,11.087,2.5,2.3358755780790115,11067.885014056626
ag,50,1.9264863039562201,1.2013291613776063,1926.4863039562201,1920,1919,3839,1.0039011484920375,3198,3.198,2.5,1.1046141829684732,2413.4863151993013
ag,50,0.6473346031150761,0.43943736418607393,647.3346031150761,699,699,1398,0.9260866997354451,364,0.364,2.5,0.44503770127991144,304.5193366595316
ag,50,1.9558631739138945,1.3056761827319436,1955.8631739138946,1959,1958,3917,0.9989086690060749,3346,3.346,2.5,1.279206317250656,3157.311009085857
ag,50,1.2926536205453558,0.9059436952389409,1292.6536205453558,1339,1339,2678,0.9653873193019834,1632,1.632,2.5,0.9526862379339464,1546.2515063986111
ag,50,1.9538126539067415,1.3854778583613243,1953.8126539067416,1986,1986,3972,0.983792877093022,3608,3.608,2.5,1.3032508845575326,4147.845185320692
ag,50,1.6367297362232875,1.0913303022449006,1636.7297362232875,1633,1631,3264,1.003513020369888,2269,2.269,2.5,1.147663306881099,2563.314838672927
ag,50,2.213368927873126,1.394715291810353,2213.368927873126,2257,2254,4511,0.9819737923128331,4481,4.481,2.5,1.4816505042260038,4915.263604596384
ag,50,0.3224471406136464,0.2184749821237297,322.44714061364635,338,338,676,0.953985623117297,73,0.073,2.5,0.1686767133950124,52.049502114545106
ag,50,1.5883526507866916,1.0695869806926301,1588.3526507866916,1644,1644,3288,0.9661512474371603,2267,2.267,2.5,1.065555500954242,1637.7343129318258
ag,50,1.870463445637456,1.2512627068540048,1870.463445637456,1971,1968,3939,0.9504387427019594,3274,3.274,2.5,1.1755227944766964,3666.339012215606
ag,50,1.3071010283507665,0.856243768962409,1307.1010283507665,1367,1367,2734,0.9561821714343574,1657,1.657,2.5,0.6427235277758728,1935.4755109864109
ag,50,1.2907371668456016,0.8475552542265342,1290.7371668456017,1306,1305,2611,0.9890706259353269,1373,1.373,2.5,1.0138394616367683,1388.383115846127
ag,50,3.2611323119982725,2.109422428107517,3261.1323119982726,3214,3211,6425,1.0156126789156874,9317,9.317,2.5,2.029120791587234,7963.624674851735
ag,50,1.6372940063420112,1.0682613261352072,1637.2940063420112,1655,1654,3309,0.9898996410773949,2296,2.296,2.5,1.0543186796254547,2046.6538623417791
ag,50,2.6090193023609274,1.681502717603419,2609.019302360927,2561,2559,5120,1.0195464253071227,6154,6.154,2.5,1.506546929771084,6012.548394011091
ag,50,0.6613779253896996,0.4509719905045359,661.3779253896996,619,618,1237,1.0701908177826855,299,0.299,2.5,0.4912822683111986,334.3311187386436
ag,50,1.6389384772159943,1.0991107508304467,1638.9384772159942,1607,1607,3214,1.0198745968985652,2233,2.233,2.5,1.2848321184493705,1624.0058843868649
ag,50,0.6796606859604374,0.4624212093586748,679.6606859604374,648,647,1295,1.050480194683829,331,0.331,2.5,0.5656322929471469,236.62049611247846
ag,50,1.957601640994698,1.2961870577400936,1957.6016409946978,1936,1931,3867,1.0137760958025364,3206,3.206,2.5,1.5015009735227747,3042.339849504537
ag,50,1.6362718079591432,1.0685224885743638,1636.2718079591432,1610,1607,3217,1.018215188524669,2371,2.371,2.5,1.0080035819321134,1949.8862516329186
ag,50,1.671924292548767,1.124068514823905,1671.924292548767,1633,1630,3263,1.0257204248765441,2532,2.532,2.5,0.96136649835255,2350.7321175886354
ag,50,1.3184938634551304,0.9288862466926558,1318.4938634551304,1338,1338,2676,0.9854214226122051,1571,1.571,2.5,1.0057777971547852,959.3480069117074
ag,50,0.7083476658668778,0.4424141150774006,708.3476658668778,630,629,1259,1.1261489123479775,335,0.335,2.5,0.4903087838077226,330.6097322633842
ag,50,2.3100889927974966,1.4795742938495131,2310.0889927974968,2292,2290,4582,1.0087724859377716,4771,4.771,2.5,1.2580929316691878,6447.986081560872
ag,50,1.291446646748113,0.8178364686434902,1291.446646748113,1270,1268,2538,1.0184910463313193,1496,1.496,2.5,0.6646772969195961,1495.6035740110021
ag,50,2.2848538303788173,1.4874475779033962,2284.8538303788173,2325,2323,4648,0.9835789196637181,4898,4.898,2.5,1.4279456008171212,4657.2402400679875
ag,50,1.6207762671575294,1.0554379703213617,1620.7762671575294,1615,1613,3228,1.0048209963778856,2294,2.294,2.5,1.2141420923671848,1956.6278493871605
ag,50,1.0429427555808897,0.6954323675474979,1042.9427555808898,1019,1019,2038,1.0234963253983216,872,0.872,2.5,0.7084596639012531,784.23418034405
ag,50,2.3502273058801504,1.5004623106442367,2350.22730588015,2319,2317,4636,1.0143406585585457,4852,4.852,2.5,1.5397007132312495,6191.640644180935
ag,50,0.9599851377603152,0.6442151631919182,959.9851377603153,965,963,1928,0.9968693019317916,802,0.802,2.5,0.5968584319975698,772.4814736376107
ag,50,1.9793759587110444,1.3220201492871644,1979.3759587110444,1974,1974,3948,1.0027233833389282,3422,3.422,2.5,1.3407264569485235,2778.1238848465714
ag,50,1.2622376204812409,0.84980321050171,1262.2376204812408,1304,1304,2608,0.9679736353383749,1391,1.391,2.5,1.0740253455416637,1171.0055982894883
ag,50,2.5862156591181225,1.6673324160371226,2586.2156591181224,2565,2561,5126,1.0098460207411646,5911,5.911,2.5,1.6793123188985069,5596.325734579073
ag,50,2.2206288522997717,1.383385594954274,2220.6288522997716,2278,2275,4553,0.976100594417482,4539,4.539,2.5,0.8919245808313733,4399.130464857528
ag,50,1.590477757273412,1.0258108665212649,1590.477757273412,1623,1620,3243,0.9817763933786493,2364,2.364,2.5,0.9087675516019865,2699.1906803099428
ag,50,1.398931108359379,0.8865370332725747,1398.9311083593789,1374,1372,2746,1.0196290877254948,1643,1.643,2.5,0.8807149143757369,1697.0367446950888
ag,50,3.181864420883493,2.038001247587577,3181.864420883493,3216,3214,6430,0.990001375508243,9055,9.055,2.5,2.471729815083897,9218.496849107285
ag,50,0.991440203762628,0.6632153069723751,991.440203762628,959,956,1915,1.0370713428479372,859,0.859,2.5,0.8266693768376605,934.4686636359611
ag,50,1.3018331500608404,0.8511685460122335,1301.8331500608404,1316,1315,2631,0.9899871863580535,1551,1.551,2.5,0.6393227941999386,1672.6193619711817
ag,50,1.9826180712377484,1.348143165598347,1982.6180712377484,1950,1948,3898,1.0177710837976122,3255,3.255,2.5,1.4456705566949235,3191.0695159700826
ag,50,1.6735747709581335,1.0947674203625761,1673.5747709581335,1615,1614,3229,1.0369112583383726,2390,2.39,2.5,1.0250070135345297,2164.565866677662
ag,50,1.37612453414438,0.8605964174508113,1376.12453414438,1356,1356,2712,1.0148411018763865,1573,1.573,2.5,0.7264061375883034,1437.3779687679294
ag,50,1.917991527189772,1.2824190261203634,1917.9915271897721,1960,1958,3918,0.9795666635289949,3382,3.382,2.5,1.3921896289950242,3211.7423044464085
ag,50,2.6328645510432165,1.7730484494654906,2632.8645510432166,2597,2592,5189,1.015765644692599,6195,6.195,2.5,2.187117683103085,6363.748581139441
ag,50,1.3143662611647482,0.8417603500931052,1314.3662611647483,1298,1297,2595,1.0133895614223194,1425,1.425,2.5,0.9236414473634642,1649.6651313583156
ag,50,0.32105009728921363,0.2179769323198001,321.0500972892136,330,330,660,0.9728790826945868,75,0.075,2.5,0.20542384515901002,82.15873600674247
ag,50,1.6747402307602828,1.075751575266922,1674.7402307602829,1593,1592,3185,1.0519725067589716,2424,2.424,2.5,0.8380593224496657,2538.068805451529
ag,50,1.3025692617895568,0.8393809110998309,1302.5692617895568,1248,1245,2493,1.0462403709153067,1474,1.474,2.5,1.0668235334276288,1371.6764003941312
ag,50,1.6582318157149016,1.131166956459942,1658.2318157149016,1652,1650,3302,1.0049889792211524,2540,2.54,2.5,0.9703899857039375,2506.212844359976
ag,50,1.7108271921476306,1.052310351715753,1710.8271921476305,1638,1636,3274,1.0457378925107765,2394,2.394,2.5,0.9878504132148442,2927.734404159476
ag,50,1.2235795798527669,0.8389053635950036,1223.579579852767,1282,1282,2564,0.9544302494951381,1369,1.369,2.5,0.8006496529492654,1799.6420998115627
ag,50,2.2937982952658587,1.5360612579064883,2293.7982952658585,2244,2240,4484,1.0240170961008297,4494,4.494,2.5,1.776334396301229,4301.428489590201
ag,50,3.1607936554705636,2.0507509806543136,3160.7936554705634,3166,3165,6331,0.9986709811913312,8658,8.658,2.5,2.2927413781885524,9181.645494166729
ag,50,2.593917244029123,1.746506510640306,2593.917244029123,2546,2542,5088,1.0204237781389154,5922,5.922,2.5,1.8347809723560444,5830.7930297425355
ag,50,1.6408774720875459,0.9832757363843491,1640.8774720875458,1716,1714,3430,0.9573380817313569,2548,2.548,2.5,0.8980570043996972,3288.5183083557613
ag,50,0.9637303571811295,0.657784361434762,963.7303571811295,1007,1007,2014,0.9570311392066827,806,0.806,2.5,0.7809822980642007,775.2766410772994
ag,50,1.864320527456631,1.2073616498056303,1864.320527456631,1933,1933,3866,0.9644700090308489,3272,3.272,2.5,1.085198869183203,3439.269363797529
ag,50,1.3467593579210158,0.8634293437469778,1346.7593579210159,1315,1314,2629,1.0249310182047304,1488,1.488,2.5,0.83512280554342,1834.8656353285157
ag,50,2.2583302012016886,1.5045276234130962,2258.3302012016884,2245,2244,4489,1.0063860076656366,4739,4.739,2.5,1.5304303571973805,4350.59107620083
ag,50,3.1481240141982245,2.097083175370388,3148.1240141982244,3127,3122,6249,1.008367717552282,8856,8.856,2.5,1.9652544687857008,8707.147466554283
ag,50,1.3111018691940137,0.8788302054219586,1311.1018691940137,1346,1345,2691,0.9747969287687834,1523,1.523,2.5,0.6638627222411647,1736.9521739143622
ag,50,2.4971850107870113,1.7996796630972485,2497.1850107870114,2581,2578,5159,0.9686520600415095,5889,5.889,2.5,1.6125020544235757,3927.905505489037
ag,50,1.6424212595321956,1.0931282246733176,1642.4212595321956,1640,1639,3279,1.00208740667004,2455,2.455,2.5,1.2192549948266411,2458.1978739788437
ag,50,1.909144344169139,1.2926359355411514,1909.144344169139,1945,1941,3886,0.9835880186342808,3386,3.386,2.5,1.5096951223008985,2735.4803848314723
ag,50,2.570492343883782,1.639652883898589,2570.4923438837823,2558,2554,5112,1.0064574564932585,5974,5.974,2.5,1.689842733912019,5939.094776738119
ag,50,1.6385021030621176,1.0997606083592018,1638.5021030621176,1625,1623,3248,1.0095515114369178,2423,2.423,2.5,1.2385324028723697,1902.433978375708
ag,50,1.9625585079830075,1.257640757813667,1962.5585079830075,2009,2006,4015,0.9783442213275212,3376,3.376,2.5,1.263711301425667,3094.3916565010904
ag,50,0.6697317967214304,0.4526365971042767,669.7317967214303,646,645,1291,1.0383438708859385,376,0.376,2.5,0.469581679358145,477.3226955055009
ag,50,1.2856818335899869,0.872734959472084,1285.6818335899868,1247,1245,2492,1.0326761715582224,1387,1.387,2.5,0.9156177549327275,1550.6619525266362
ag,50,0.9835876926088031,0.6369126569092288,983.5876926088031,996,996,1992,0.9875378439847421,741,0.741,2.5,0.5866635095254646,580.0628933965646
ag,50,1.929759053460043,1.2712972564962925,1929.759053460043,2003,2001,4004,0.9643973280659885,3412,3.412,2.5,1.1933568088460913,3445.796337433238
ag,50,1.930876573145349,1.2478850030721669,1930.876573145349,1988,1988,3976,0.9712658818638576,3490,3.49,2.5,1.1868925531808179,3796.047125472888
ag,50,2.8794518994809994,1.8256025156372493,2879.4518994809996,2825,2820,5645,1.0210822338585106,7059,7.059,2.5,1.42864774519697,6728.2959765882415
ag,50,2.951678863557416,1.9289675880429908,2951.678863557416,2962,2960,5922,0.9971888052558838,7670,7.67,2.5,1.8195345079516765,6717.142129706471
ag,50,1.5977710189727132,1.083028828255846,1597.7710189727131,1636,1634,3270,0.9778280409869725,2419,2.419,2.5,0.6350622487955464,2393.385286413546
ag,50,0.6750152502406915,0.4377247577951314,675.0152502406916,662,661,1323,1.021203101725706,371,0.371,2.5,0.38401316609233394,377.1896642461305
ag,50,1.5970209890201523,1.003378760077729,1597.0209890201522,1585,1584,3169,1.0082203213511063,2251,2.251,2.5,0.9915125388969872,2378.1161024607154
ag,50,1.6200343945986675,1.0250228535842547,1620.0343945986674,1673,1672,3345,0.9689200924633178,2261,2.261,2.5,1.2399730270020581,2398.801540883374
ag,50,1.901257435610408,1.3435929309720431,1901.257435610408,1982,1980,3962,0.9602310280860646,3392,3.392,2.5,1.2662437029149118,3202.9783358114323
ag,50,1.6320013471526693,1.0802595667237949,1632.0013471526693,1644,1644,3288,0.9927015493629375,2412,2.412,2.5,0.810574634158581,2723.9900880254913
ag,50,1.3045443888631538,0.9229482124667261,1304.544388863154,1344,1343,2687,0.9713658889524601,1559,1.559,2.5,0.8670965349747531,1278.1827456265466
ag,50,1.644572278937118,0.9996067187647228,1644.572278937118,1672,1672,3344,0.9835958606083242,2303,2.303,2.5,1.1214558602631917,2303.5808373592977
ag,50,0.9920470473332852,0.6599331844664921,992.0470473332851,966,965,1931,1.028028028324648,772,0.772,2.5,0.6367629407209371,679.0377429679198
ag,50,1.3328105794015253,0.8272788904198404,1332.8105794015253,1299,1298,2597,1.0268186281984015,1468,1.468,2.5,0.8488936540632103,1315.1792635240643
ag,50,1.046181538455901,0.6449139602223365,1046.181538455901,964,962,1926,1.0875067967317058,847,0.847,2.5,0.6484860528327216,772.7180664511827
ag,50,0.989279664871727,0.6809449382234243,989.279664871727,955,954,1909,1.0369807807879738,723,0.723,2.5,0.5509110940800688,726.8785001100504
ag,50,2.0281111553843627,1.3330685077423385,2028.1111553843627,1942,1937,3879,1.0470372511018908,3660,3.66,2.5,1.5061740459323265,4343.499119674246
ag,50,2.5659892299479004,1.597808367743672,2565.9892299479,2527,2521,5048,1.0178457873652915,5511,5.511,2.5,1.6160621547090956,5914.274540030374
ag,50,2.6390782627938605,1.6638324134953286,2639.0782627938606,2691,2687,5378,0.9821653378466173,6300,6.3,2.5,1.6758179437405682,5299.7653291974575
ag,50,0.9463365201904174,0.6410198249517383,946.3365201904173,1011,1010,2021,0.9369668516736805,810,0.81,2.5,0.613526616044459,990.1413744964221
ag,50,0.9294995312968722,0.6555208474454912,929.4995312968722,977,977,1954,0.9513813012250483,895,0.895,2.5,0.6586463767429015,860.3125896239342
ag,50,1.9961459752051427,1.3514958469428098,1996.1459752051428,1921,1919,3840,1.0402011335097148,3393,3.393,2.5,1.0635623936004615,3440.3010357102335
ag,50,1.9834011106852465,1.2850252907162252,1983.4011106852465,1940,1939,3879,1.0228989740511845,3367,3.367,2.5,1.5060786293977275,3177.6604822441413
ag,50,3.2763653626513234,2.0732446823214574,3276.3653626513233,3271,3270,6541,1.0019465940829735,9752,9.752,2.5,2.0989484462031207,9288.459189068035
ag,50,1.9426224728847115,1.286566432191242,1942.6224728847114,1981,1978,3959,0.9821144958972252,3566,3.566,2.5,1.2193496538831972,3076.3088761582717
ag,50,1.0134004876910743,0.6563160021938239,1013.4004876910742,989,988,1977,1.025708995638739,861,0.861,2.5,0.700107088805082,921.6539102498482
ag,50,1.3534597680427605,0.8639943734119439,1353.4597680427605,1343,1341,2684,1.0092914004793143,1638,1.638,2.5,1.0692644381710246,1659.3793134801142
ag,50,1.255834355342803,0.8444785331303442,1255.834355342803,1320,1319,2639,0.9521109593197901,1440,1.44,2.5,0.8989354100196402,1446.2647473453035
ag,50,1.0218456884187206,0.6767873163979712,1021.8456884187207,989,988,1977,1.0342567696545755,944,0.944,2.5,0.5104497886465863,1118.4397597932607
ag,50,0.9584939736788126,0.6204187960104177,958.4939736788126,955,955,1910,1.0036586111820027,779,0.779,2.5,0.6311638970080007,785.0656651855842
ag,50,3.526812115958684,2.3692049166352325,3526.812115958684,3537,3535,7072,0.9976837668907168,11010,11.01,2.5,1.699708884438163,7277.77303859636
ag,50,0.3234850381406518,0.2188424682397929,323.48503814065185,335,335,670,0.9656269795243339,61,0.061,2.5,0.1910738603226272,52.63305736063519
ag,50,0.32858480961709174,0.22061683250599132,328.58480961709176,350,349,699,0.9415037524845036,76,0.076,2.5,0.18557365669151538,82.64197798954007
ag,50,2.335979051311154,1.549338278547466,2335.979051311154,2263,2262,4525,1.0327051508891043,4645,4.645,2.5,1.5669842155933056,4467.815813032191
ag,50,0.9496730658123681,0.6515805741497608,949.6730658123681,1004,1003,2007,0.946832568108044,804,0.804,2.5,0.5180420108721191,924.5116266134611
ag,50,2.8927774048710506,1.8759481195357866,2892.7774048710507,2907,2906,5813,0.9954498984415178,7623,7.623,2.5,2.0181149472154494,8318.672340202733
ag,50,1.0122060827912915,0.6828976960721295,1012.2060827912915,993,993,1986,1.0193414731030126,863,0.863,2.5,0.699993003835644,735.9057583721263
ag,50,2.6001575414399802,1.6458162432471386,2600.1575414399804,2600,2598,5198,1.0008304624480293,5957,5.957,2.5,1.5857640821567336,4592.0327377242265
ag,50,0.6421211670038174,0.43976776124008754,642.1211670038174,703,702,1405,0.9147025170994549,361,0.361,2.5,0.4213690548652353,306.3598509201621
ag,50,1.8725752148013926,1.2379286141054433,1872.5752148013926,1985,1982,3967,0.9447907239159398,3372,3.372,2.5,1.230470268691033,3379.581528293151
ag,50,2.2391373599263287,1.4438955084449399,2239.137359926329,2321,2318,4639,0.9659781535488908,4639,4.639,2.5,1.6577048416431055,4038.1291005805138
ag,50,0.930777940153578,0.5868260604472572,930.7779401535779,952,951,1903,0.9787360043675898,785,0.785,2.5,0.7256347265675198,697.9581349307992
ag,50,1.0386804976317625,0.6335929207957659,1038.6804976317626,1009,1008,2017,1.030437001618812,878,0.878,2.5,0.49631326857510477,1115.1971566777988
ag,50,1.9591008591262327,1.2410714499161757,1959.1008591262328,1954,1950,3904,1.004667107244222,3444,3.444,2.5,1.390831964087402,3430.3140862590117
ag,50,1.3570176815229187,0.8534883397193583,1357.0176815229188,1312,1310,2622,1.0358913599411594,1541,1.541,2.5,0.8841918601572974,1154.1929135404548
ag,50,0.9908915078966677,0.6638567882539177,990.8915078966677,996,996,1992,0.9948709918641242,845,0.845,2.5,0.7181034548695835,697.582898417196
ag,50,1.8916511442169963,1.2636103257054598,1891.6511442169963,1978,1975,3953,0.9577980477048083,3348,3.348,2.5,1.1249828548525675,3408.7445555115823
ag,50,0.9733179947182419,0.6499526682364237,973.3179947182418,1001,1000,2001,0.9733179947182419,865,0.865,2.5,0.6407974479934224,921.3347637858292
ag,50,1.019546221519763,0.6423423388186053,1019.5462215197631,988,988,1976,1.0319293740078574,816,0.816,2.5,0.6025915836781607,924.4781069020129
ag,50,2.5916921941255526,1.7685160546906535,2591.6921941255528,2601,2598,5199,0.9975720531661096,6295,6.295,2.5,1.7609129768441178,4760.578315193443
ag,50,2.005670554893104,1.2783773068937525,2005.6705548931043,1971,1969,3940,1.018623948650637,3599,3.599,2.5,1.5112887982969856,4111.9585534490225
ag,50,0.6546402463998431,0.4584911072230737,654.6402463998431,663,662,1325,0.9888825474317872,324,0.324,2.5,0.35870013452962113,265.69327330599015
ag,50,0.3378878311238229,0.22371964470226186,337.88783112382293,339,339,678,0.996719265851985,70,0.07,2.5,0.21104914758912588,68.8522789620524
ag,50,1.9515516763021328,1.3532727622573106,1951.5516763021328,1964,1962,3926,0.994674656626979,3339,3.339,2.5,1.4382455285889928,3977.761269829549
ag,50,2.2908213792087357,1.5337047311592127,2290.821379208736,2288,2284,4572,1.0029865933488336,4532,4.532,2.5,1.6660725779002494,5401.131458481326
ag,50,1.3298638029489784,0.8247157702793341,1329.8638029489784,1293,1291,2584,1.03010364287295,1502,1.502,2.5,1.013297459150472,1319.3955703387685
ag,50,1.721875216748186,1.0844052321311966,1721.8752167481862,1658,1657,3315,1.0391522128836368,2319,2.319,2.5,1.3401772200933464,1576.8985340118102
ag,50,1.5872268033054187,1.0643522236548164,1587.2268033054186,1640,1638,3278,0.9690029324208904,2178,2.178,2.5,1.0984176727612445,1245.475358065309
ag,50,0.977407634705049,0.6777788541852576,977.407634705049,1018,1017,2035,0.9610694539872654,848,0.848,2.5,0.6596146860132837,711.277944395262
ag,50,0.9583428428654764,0.6590106462582348,958.3428428654764,969,969,1938,0.9890019018219571,740,0.74,2.5,0.6436587103538497,729.3094648060804
ag,50,1.3279703405081913,0.9156934222736707,1327.9703405081914,1347,1345,2692,0.9873385431287668,1563,1.563,2.5,0.8092399750043885,1391.0756757046995
ag,50,1.2776393043854144,0.8519429452977914,1277.6393043854143,1294,1292,2586,0.9888849105150266,1373,1.373,2.5,0.9086332568057568,1524.2314327628142
ag,50,1.0654976052920142,0.6712090336668558,1065.4976052920142,1006,1004,2010,1.0612525949123648,911,0.911,2.5,0.6723245166648535,878.6038276571185
ag,50,0.6798748494710244,0.4461859695839001,679.8748494710244,664,664,1328,1.023907905829856,363,0.363,2.5,0.5184490722847128,330.17514540114365
ag,50,0.9552155257802686,0.6532042559752158,955.2155257802685,988,988,1976,0.9668173337856969,734,0.734,2.5,0.6120763528890735,725.3403239197347
ag,50,1.0039735682172157,0.6422513403479982,1003.9735682172156,965,964,1929,1.0414663570718004,753,0.753,2.5,0.8109189786441995,767.1102805746095
ag,50,0.6537893063110678,0.42264743078826544,653.7893063110678,678,678,1356,0.964291012258212,335,0.335,2.5,0.49038848670017876,341.930012429462
ag,50,1.623567558835453,1.0800897261799987,1623.567558835453,1590,1588,3178,1.0223977070752222,2262,2.262,2.5,1.0615910067816352,1750.137646047704
ag,50,2.5803525275185284,1.6665233739667837,2580.3525275185284,2608,2603,5211,0.9912994727308984,5793,5.793,2.5,1.7456290318286452,6837.752093926137
ag,50,1.3386572419091793,0.9586747778000111,1338.6572419091794,1294,1292,2586,1.0361124163383741,1468,1.468,2.5,0.9692247863742299,1270.4511182790914
ag,50,3.3172446582067234,2.146449470408785,3317.244658206723,3187,3186,6373,1.0411941802280988,9824,9.824,2.5,2.0029803181087615,9409.123500202351
ag,50,0.34738697813127056,0.2267092655560947,347.38697813127055,315,315,630,1.1028158035913351,63,0.063,2.5,0.15082441789653403,69.66077019793848
ag,50,0.9906678483810762,0.6729282634957255,990.6678483810763,952,952,1904,1.040617487795248,816,0.816,2.5,0.6746866238073417,788.3047029612068
ag,50,1.3111876326247285,0.8390939190762892,1311.1876326247284,1285,1283,2568,1.0219700955765616,1597,1.597,2.5,0.7727711918418226,1907.7125704213781
ag,50,2.2495884059565725,1.464595590431151,2249.5884059565724,2260,2258,4518,0.9962747590595981,4421,4.421,2.5,1.244999252890621,4192.455487335778
ag,50,1.276525560685964,0.8474996337947971,1276.525560685964,1318,1316,2634,0.9700042254452613,1406,1.406,2.5,1.0691438805258293,1266.4099397684672
ag,50,1.6699216856153476,1.1181800090835012,1669.9216856153475,1635,1634,3269,1.0219838957254268,2374,2.374,2.5,0.9148509229592294,2514.321230358463
ag,50,3.1662834788184946,2.238614372514774,3166.2834788184946,3186,3183,6369,0.9947481868735453,9145,9.145,2.5,2.548930049967916,7510.707585177425
ag,50,1.9404621574193488,1.343389722113827,1940.4621574193488,1999,1998,3997,0.9712022809906651,3456,3.456,2.5,1.2214600420123458,3751.121714043373
ag,50,1.0009312116513218,0.6459486614535974,1000.9312116513217,969,968,1937,1.0340198467472332,805,0.805,2.5,0.7369275704202708,697.9428921485601
ag,50,1.6780904523549978,1.143350281921311,1678.0904523549978,1678,1677,3355,1.0006502399254609,2471,2.471,2.5,1.3102952503636789,2173.436992855549
ag,50,1.613912301962886,1.1236015287745504,1613.912301962886,1630,1630,3260,0.9901302466029975,2395,2.395,2.5,0.8975103964255083,2067.053994734826
ag,50,1.951147136993115,1.2404496473745286,1951.147136993115,1952,1951,3903,1.0000754161932932,3247,3.247,2.5,1.3229405652920043,2894.7131923965585
ag,50,1.0139620907645006,0.6557295848247474,1013.9620907645007,1004,1003,2007,1.010929302855933,855,0.855,2.5,0.722298084621747,811.8397163128825
ag,50,1.0030308394482945,0.6569983744491525,1003.0308394482946,1013,1011,2024,0.9921175464374823,827,0.827,2.5,0.5117424424776551,628.8317344465381
ag,50,1.9286615770565823,1.3711936453277582,1928.6615770565822,1941,1939,3880,0.9946681676413524,3279,3.279,2.5,1.2788613326039382,2548.1485569101033
ag,50,1.2857290592595245,0.8638305447641995,1285.7290592595245,1320,1318,2638,0.9755152194685315,1544,1.544,2.5,0.9821282767213084,1308.6244154197902
ag,50,1.6644531376317016,1.0653655649678426,1664.4531376317016,1678,1675,3353,0.9937033657502696,2429,2.429,2.5,0.9466161987338951,2517.5029590065415
ag,50,1.5682377329757016,1.1009410743616395,1568.2377329757016,1719,1717,3436,0.9133591921815385,2238,2.238,2.5,1.1217484959832194,2071.23743761846
ag,50,1.6590884047881913,1.1146070957644005,1659.0884047881914,1682,1680,3362,0.987552621897733,2382,2.382,2.5,0.9898947505234333,2557.2640112748545
ag,50,1.2965729755531972,0.8353044780899329,1296.5729755531972,1327,1327,2654,0.9770708180506384,1537,1.537,2.5,0.9359381519442129,1375.7990449441575
ag,50,0.986218578374803,0.6248028265635323,986.218578374803,1005,1003,2008,0.9832687720586271,887,0.887,2.5,0.5809326334330441,823.9889833913938
ag,50,0.6713704669992872,0.4434984360518213,671.3704669992871,657,656,1313,1.0234305899379377,359,0.359,2.5,0.3875792844819601,358.29547574428517
ag,50,0.30786169615989434,0.2130828721974472,307.86169615989434,317,317,634,0.9711725430911493,67,0.067,2.5,0.18871517625541567,58.634337423995056
ag,50,2.239197521643151,1.4745657744062017,2239.1975216431506,2256,2255,4511,0.9929922490656987,4759,4.759,2.5,1.7032228904017057,5687.449505082523
ag,50,0.9967907758247988,0.6671314645970013,996.7907758247989,960,959,1919,1.0394064398590186,713,0.713,2.5,0.7168998329676342,755.2112097519162
ag,50,0.6337722104643659,0.43457634700754166,633.7722104643659,664,662,1326,0.9573598345383171,360,0.36,2.5,0.4781110174696896,452.04270714237805
ag,50,0.9829101570224406,0.6392159412182583,982.9101570224406,954,953,1907,1.031385264451669,753,0.753,2.5,0.549515053758931,763.4958495815923
ag,50,2.2779502645435925,1.487869448347671,2277.9502645435923,2325,2324,4649,0.9801851396487058,4822,4.822,2.5,1.473404783437932,4560.786702612058
ag,50,1.657450415608558,1.094911929420641,1657.4504156085582,1687,1685,3372,0.9836500982840107,2387,2.387,2.5,1.1419368567336154,2105.9882873808524
ag,50,1.2967174582883763,0.8540913597208714,1296.7174582883763,1312,1310,2622,0.9898606551819666,1513,1.513,2.5,0.7963779443415657,1668.418085569755
ag,50,1.9032517144296832,1.3114684528360971,1903.2517144296833,1929,1927,3856,0.9876760323973447,3222,3.222,2.5,1.6265734460886614,2598.2216102867715
ag,50,1.368753037020851,0.8961875237521062,1368.753037020851,1321,1319,2640,1.0377202706753987,1606,1.606,2.5,1.1430418750661608,1723.85284941245
ag,50,1.9794996622967271,1.2707794095622735,1979.4996622967271,1973,1972,3945,1.0038030741869812,3622,3.622,2.5,1.4749735772905557,3915.6246980505853
ag,50,2.5810743840358152,1.740222843999417,2581.0743840358155,2598,2594,5192,0.9950171102682404,5730,5.73,2.5,1.8507119275831914,5243.245442246288
ag,50,1.004749821765675,0.6610801299760326,1004.749821765675,1047,1046,2093,0.9605638831411807,863,0.863,2.5,0.645164609941303,992.0835842996624
ag,50,1.3123069155374558,0.8797178868788729,1312.3069155374558,1312,1311,2623,1.0009968844679296,1595,1.595,2.5,0.9095174290392222,1267.320593440635
ag,50,0.9794780938979201,0.6917433427077047,979.4780938979201,952,951,1903,1.02994541945102,824,0.824,2.5,0.5349459241725124,726.2120432742117
ag,50,1.0214666126792415,0.6842899351005951,1021.4666126792415,983,982,1965,1.04019003327825,826,0.826,2.5,0.7595728403863026,657.4506954106131
ag,50,3.8103181943853532,2.4434904693727955,3810.3181943853533,3836,3834,7670,0.9938232118897635,13193,13.193,2.5,2.2349309901221304,12396.09698418362
ag,50,0.0,0.0,0.0,0,0,0,,0,0.0,2.5,0.0,0.0
ag,50,1.937475900653192,1.2919150796772547,1937.4759006531922,1964,1963,3927,0.9869974022685646,3243,3.243,2.5,1.000782073513285,2291.5162707855957
ag,50,2.0123687295368695,1.310502857600862,2012.3687295368695,1966,1966,3932,1.0235853151255694,3398,3.398,2.5,1.3245792474341713,2762.756070573466
ag,50,1.5371247442301674,1.0065560040701909,1537.1247442301674,1579,1576,3155,0.9753329595369082,2097,2.097,2.5,1.329804455179599,1881.4919656462
ag,50,1.348955850647816,0.8585527895898117,1348.955850647816,1310,1307,2617,1.0321008803732334,1412,1.412,2.5,0.966860480518212,1355.135380275344
ag,50,3.1900527642844008,1.9796392856355691,3190.052764284401,3217,3212,6429,0.9931671121682444,8937,8.937,2.5,2.1388596370603263,8616.191805470366
ag,50,1.2824245429257481,0.8416133605285914,1282.4245429257483,1287,1287,2574,0.9964448662981726,1434,1.434,2.5,0.9504327449585852,1171.2441082545483
ag,50,1.9492255091779747,1.313560253791728,1949.2255091779746,1988,1985,3973,0.9819775864876447,3439,3.439,2.5,1.036601630604801,2448.8189072674836
ag,50,1.017720468660273,0.6725745204053888,1017.720468660273,974,974,1948,1.0448875448257424,853,0.853,2.5,0.7118764957294544,873.855334317874
ag,50,2.705423375021215,1.6879145964215385,2705.423375021215,2607,2604,5211,1.0389490687485465,5890,5.89,2.5,1.2690224836711759,4205.320048433316
ag,50,3.523525003032044,2.2116601509772704,3523.525003032044,3526,3525,7051,0.9995815611438422,10757,10.757,2.5,1.4995414694331557,11545.405137367621
ag,50,2.3003557978077653,1.5038927819963823,2300.355797807765,2301,2300,4601,1.0001546946990283,4733,4.733,2.5,1.437621978573703,4296.620748122547
ag,50,2.286099697654118,1.5354184316640995,2286.0996976541182,2313,2312,4625,0.988797447082231,4484,4.484,2.5,1.4645694476280107,3668.1819278784765
ag,50,2.2760961618511217,1.4947739830631082,2276.096161851122,2310,2307,4617,0.9866043180975821,4503,4.503,2.5,1.258228528562601,3676.1510175865224
ag,50,2.5854761343123926,1.6529071142532608,2585.476134312393,2612,2608,5220,0.9913635484326659,5908,5.908,2.5,1.3672357764308407,3313.11333427398
ag,50,1.2146613451502135,0.8474750950927578,1214.6613451502135,1255,1253,2508,0.9694025100959406,1435,1.435,2.5,0.9286418250179659,1097.884846370362
ag,50,3.237807150042703,2.1309591505869743,3237.8071500427027,3223,3220,6443,1.0055301708207152,9326,9.326,2.5,2.2795083636374813,9965.990631183693
ag,50,0.33057628115754767,0.22129560349359367,330.57628115754767,334,334,668,0.9897493447830769,60,0.06,2.5,0.26421685857536753,47.63796248147188
ag,50,1.0104535791316474,0.6471584174310266,1010.4535791316473,1009,1007,2016,1.0034295721267599,802,0.802,2.5,0.8241670436934981,870.157096274431
ag,50,2.2112195284956315,1.5277826150099374,2211.2195284956315,2203,2201,4404,1.0046431297117817,4247,4.247,2.5,1.4672441356206785,3275.3095707908888
ag,50,0.9844268069117764,0.6385214737850896,984.4268069117765,1017,1015,2032,0.9698786274992871,794,0.794,2.5,0.526289235016541,681.5090883653477
ag,50,1.2915614125638415,0.829310314042765,1291.5614125638415,1292,1291,2583,1.0004348664321003,1397,1.397,2.5,0.7400894458008072,1784.0667755843292
ag,50,2.3277260495824157,1.4314456473166768,2327.7260495824157,2306,2306,4612,1.0094215306081595,4636,4.636,2.5,1.4789138782448918,4771.412846730263
ag,50,1.261765672024971,0.908260531539235,1261.765672024971,1299,1298,2597,0.9720844930854939,1530,1.53,2.5,0.8610900976627136,1528.795191173571
ag,50,1.937558301030293,1.3672809108699648,1937.558301030293,1963,1962,3925,0.9875424572019842,3145,3.145,2.5,1.7099203535839649,2389.103340262125
ag,50,1.6983716790125798,1.0815856654099867,1698.3716790125798,1661,1658,3319,1.0243496254599396,2397,2.397,2.5,1.2451351609628827,2753.652737771114
ag,50,0.34103639548203474,0.2247305724386559,341.0363954820347,307,307,614,1.1108677377264975,76,0.076,2.5,0.22929498711785182,77.94610938721327
ag,50,0.9483796958668071,0.6397975860258994,948.3796958668072,1024,1024,2048,0.9261520467449289,765,0.765,2.5,0.644625949439441,718.2787127252444
ag,50,1.3005177076314882,0.8530307898678959,1300.5177076314883,1267,1265,2532,1.028077239234378,1481,1.481,2.5,0.6259079259684697,1395.0571798363073
ag,50,1.3247236792680726,0.8781019546081908,1324.7236792680726,1348,1348,2696,0.9827326997537631,1578,1.578,2.5,0.9432567485275057,1758.6970551661384
ag,50,1.7047616961889698,1.0662109258751167,1704.7616961889698,1653,1652,3305,1.0319380727536136,2468,2.468,2.5,1.5161290112592343,2509.128462208574
ag,50,1.5948606491066752,1.011929448236403,1594.8606491066753,1607,1603,3210,0.9949224261426546,2336,2.336,2.5,0.785381012299883,1710.9931254393475
ag,50,1.9790895446582786,1.2642155823621544,1979.0895446582786,1954,1952,3906,1.0138778405011672,3276,3.276,2.5,1.1526074998437004,4087.9015035198895
ag,50,2.5499452882458598,1.740357620751104,2549.94528824586,2586,2583,5169,0.9872029764792334,6010,6.01,2.5,1.3683000495457296,6070.184149365999
ag,50,1.9262103371330104,1.2721584768797531,1926.2103371330104,1996,1995,3991,0.9655189659814588,3334,3.334,2.5,1.1103176572747302,2335.6898870546174
ag,50,1.857052965789764,1.1622346568441935,1857.0529657897641,1927,1926,3853,0.9642019552387145,3271,3.271,2.5,1.171795980248231,2625.1580070849172
ag,50,1.2999649134529305,0.8277646193504842,1299.9649134529304,1279,1278,2557,1.017186943233905,1449,1.449,2.5,0.7529442264518703,1434.493243660611
ag,50,2.2538869463633064,1.4728704367845271,2253.8869463633064,2347,2343,4690,0.9619662596514326,4734,4.734,2.5,1.757601627192422,4093.7901853767457
ag,50,3.1511640249440935,2.065937021979018,3151.1640249440934,3191,3189,6380,0.9881354734851343,8903,8.903,2.5,2.3354528711766935,10023.211752612711
ag,50,1.8268866832152044,1.2140734451797734,1826.8866832152044,1934,1934,3868,0.9446156583325772,3138,3.138,2.5,0.9761832711122749,3394.6033270255793
ag,50,0.3163672615744852,0.21627901737834646,316.3672615744852,327,326,653,0.9704517226211203,60,0.06,2.5,0.13341788128317095,63.77981846273392
ag,50,0.309393288264627,0.21366908144142843,309.39328826462696,327,327,654,0.946156844845954,61,0.061,2.5,0.14542368545246342,65.39614584608155
ag,50,0.9967127407647668,0.639584655489265,996.7127407647667,1029,1027,2056,0.9705089978235314,801,0.801,2.5,0.6695187934063224,720.2089498585226
ag,50,2.665443518046743,1.7516880926981477,2665.443518046743,2618,2617,5235,1.0185110882868715,6077,6.077,2.5,1.9800701470138462,7288.888946015702
ag,50,1.385377723105279,0.8836358007291174,1385.377723105279,1313,1312,2625,1.055928142610731,1681,1.681,2.5,0.8406762183080839,1718.634776646606
ag,50,1.5944659422062855,1.0909790762838176,1594.4659422062855,1625,1622,3247,0.9830246252813104,2197,2.197,2.5,1.068617061671687,2059.2052448398845
ag,50,1.304738611974905,0.8955080704338404,1304.7386119749049,1286,1283,2569,1.0169435790918977,1424,1.424,2.5,1.0880746574508129,1754.5099248718618
ag,50,2.2871725058258336,1.521788863792968,2287.1725058258335,2285,2284,4569,1.001389013058596,4728,4.728,2.5,1.0520594812028052,5092.285728602435
ag,50,1.2942217556396804,0.8474468438500669,1294.2217556396804,1293,1291,2584,1.0024955504567625,1453,1.453,2.5,0.8642532802777498,1658.079133609759
ag,50,1.315909376456945,0.8166435589598016,1315.909376456945,1294,1293,2587,1.0177180019001895,1430,1.43,2.5,0.9209494348622213,1544.8247098870534
ag,50,0.6549195404643642,0.45572679375971586,654.9195404643642,673,672,1345,0.974582649500542,380,0.38,2.5,0.4490075525359606,418.08143901402235
ag,50,1.3087325030775263,0.8768089922977647,1308.7325030775264,1330,1330,2660,0.9840094008101702,1506,1.506,2.5,0.86413164495524,1398.2343579497629
ag,50,1.692669968230684,1.1148396388306427,1692.6699682306842,1616,1614,3230,1.0487422355828278,2510,2.51,2.5,1.453327267842642,2467.6330328413355
ag,50,0.977942156996303,0.6554145015838085,977.9421569963031,986,984,1970,0.9938436554840478,785,0.785,2.5,0.6388082532630814,788.1146924414161
ag,50,1.6362754643071897,1.0902465128721148,1636.2754643071896,1650,1649,3299,0.9922834835095147,2388,2.388,2.5,1.0183433576875593,2478.6203636825035
ag,50,0.6861151388472014,0.46730992745160943,686.1151388472015,700,700,1400,0.9801644840674307,372,0.372,2.5,0.4267435224702692,326.8018351740848
ag,50,1.3633432268631143,0.9037302581796752,1363.3432268631143,1333,1331,2664,1.0242999450511754,1485,1.485,2.5,0.7767635463995505,1724.7233618404448
ag,50,1.6123231720302482,1.1209862842426281,1612.3231720302483,1638,1637,3275,0.9849255785157289,2398,2.398,2.5,0.9333997451907732,2360.0742182701506
ag,50,0.9778198439430159,0.6661140230289112,977.8198439430159,990,990,1980,0.9876968120636525,852,0.852,2.5,0.8330468386311549,861.5901362828434
ag,50,0.6485807888880766,0.44113178760911176,648.5807888880765,633,632,1265,1.0262354254558173,325,0.325,2.5,0.468608682375347,328.565804097328
ag,50,0.9707295806508864,0.6203842272162453,970.7295806508864,953,950,1903,1.0218206112114594,830,0.83,2.5,0.6311872363960365,882.5764959067712
ag,50,1.0113731547034503,0.6738430949055765,1011.3731547034504,963,963,1926,1.050231728664019,867,0.867,2.5,0.6597004809386708,907.0149562293777
ag,50,1.32684640036038,0.8866320568270466,1326.84640036038,1337,1335,2672,0.9938924347268764,1633,1.633,2.5,0.7987805584866565,1344.0874902710243
ag,50,4.970138472578874,3.5022883113454153,4970.138472578874,4979,4978,9957,0.9984207457972828,21356,21.356,2.5,2.560339439328935,25980.22454302521
ag,50,0.6707185305841072,0.4620811545241405,670.7185305841073,635,635,1270,1.056249654463161,309,0.309,2.5,0.5811994590666886,318.31602533644826
ag,50,1.9691486728533694,1.2661562811107383,1969.1486728533694,1955,1953,3908,1.0082686496945055,3609,3.609,2.5,0.6222895558581286,3843.4762763010303
ag,50,1.990612093228623,1.2453672778247298,1990.612093228623,1937,1934,3871,1.0292720233860513,3343,3.343,2.5,1.4539328892087495,4036.318747863238
ag,50,1.6099560476829218,1.134910478245449,1609.9560476829217,1612,1612,3224,0.9987320395055346,2307,2.307,2.5,1.0928465882000793,2049.5008378068615
ag,50,0.9940724696114478,0.6522666738489968,994.0724696114478,1032,1031,2063,0.9641828027269135,898,0.898,2.5,0.7597008300575605,1282.6776604341526
ag,50,1.308112839245632,0.8789856044047576,1308.1128392456321,1325,1322,2647,0.9894953398227172,1555,1.555,2.5,1.0456931365373527,1590.1295441959533
ag,50,0.6804497106642938,0.4487715473508248,680.4497106642938,653,653,1306,1.042036310358796,425,0.425,2.5,0.6186536915694298,486.7472567828159
ag,50,1.3125719472713162,0.8509738378614079,1312.5719472713163,1303,1303,2606,1.0073460838613326,1447,1.447,2.5,1.0383895671174004,1861.5062241680994
ag,50,1.3215695534865082,0.8460375666312827,1321.569553486508,1321,1320,2641,1.001189055671597,1542,1.542,2.5,0.8342644979979668,1432.5621291946738
ag,50,2.2983545707234034,1.510962991721425,2298.3545707234034,2330,2327,4657,0.9876899745266022,4766,4.766,2.5,1.6085746125542228,5360.001245159701
ag,50,0.9705482591676501,0.657713770995642,970.54825916765,957,956,1913,1.0152178443176256,782,0.782,2.5,0.6134195879429285,687.8969646644882
ag,50,1.286509112827306,0.8855649240741192,1286.5091128273061,1286,1285,2571,1.001174406869499,1435,1.435,2.5,0.9321829093014068,1315.43862523637
ag,50,0.658417857247992,0.4431588344353201,658.417857247992,649,647,1296,1.0176473836908686,295,0.295,2.5,0.41005082701113466,337.5577985003107
ag,50,1.5990461333751096,1.0610910714643969,1599.0461333751095,1642,1639,3281,0.9756230221934774,2440,2.44,2.5,0.8165438274139476,2709.575916168813
ag,50,1.325050945484466,0.8642920537239549,1325.050945484466,1352,1352,2704,0.9800672673701671,1524,1.524,2.5,0.7365671898572493,829.6507161923075
ag,50,0.6524342023236955,0.4192980086544051,652.4342023236956,664,664,1328,0.9825816300055656,396,0.396,2.5,0.48775881590330944,293.6584782116236
ag,50,0.35077260143310784,0.2277311835169579,350.77260143310787,309,309,618,1.1351864124048798,57,0.057,2.5,0.2481575027680731,56.20507489465847
ag,50,1.0225982924384116,0.6741511591530402,1022.5982924384117,1031,1031,2062,0.9918509141012722,837,0.837,2.5,0.7427326925906951,969.5554771535344
ag,50,1.6457205914316582,1.094337897961208,1645.7205914316582,1665,1664,3329,0.9890147785046023,2539,2.539,2.5,1.3536918622368346,2851.6604206285183
ag,50,2.247175681014547,1.4372711304396397,2247.175681014547,2234,2232,4466,1.0067991402394925,4518,4.518,2.5,1.4659846219881532,5306.949615338653
ag,50,0.9512105260121642,0.6295726568943961,951.2105260121641,974,971,1945,0.9796194912586654,724,0.724,2.5,0.5614224955282013,557.6824121262334
ag,50,1.6523904459514531,1.082889740635393,1652.390445951453,1658,1656,3314,0.9978203176035345,2403,2.403,2.5,1.1215333407863253,2621.460146045797
ag,50,1.6981591553969115,1.167055256983228,1698.1591553969115,1682,1681,3363,1.0102077069583055,2434,2.434,2.5,1.0053229178540144,2683.2683998898365
ag,50,1.673386559636628,1.1011424463796764,1673.386559636628,1660,1658,3318,1.009280192784456,2672,2.672,2.5,0.9401000258656803,2650.263954476203
ag,50,0.9597344012924799,0.6244536581840949,959.7344012924799,1015,1015,2030,0.9455511342783053,794,0.794,2.5,0.5781459894543856,1084.2038497224678
ag,50,0.6331308544327535,0.4283345038074852,633.1308544327535,671,669,1340,0.9463839378665971,366,0.366,2.5,0.5600946714044781,306.46919622142076
ag,50,1.6167815019907947,1.0621117927129982,1616.7815019907948,1620,1619,3239,0.9986297109269888,2413,2.413,2.5,0.9238201486651932,2299.8274908780563
ag,50,0.6964156607233476,0.46140812094128286,696.4156607233476,675,675,1350,1.03172690477533,288,0.288,2.5,0.39812637836253983,383.8900268675117
ag,50,1.9781582138105602,1.2789982004532594,1978.1582138105603,2006,2005,4011,0.9866125754666136,3573,3.573,2.5,1.4348897869686157,4285.034334445383
ag,50,0.9666012266104936,0.6405323727353438,966.6012266104937,985,984,1969,0.9823183197261114,794,0.794,2.5,0.5237962432783608,819.5491409939848
ag,50,1.6149609120102275,1.1218943872072593,1614.9609120102275,1665,1664,3329,0.9705293942369155,2359,2.359,2.5,0.7455095801452867,1715.8228748499087
ag,50,2.309518779903763,1.4088141886959078,2309.518779903763,2340,2340,4680,0.9869738375657107,4663,4.663,2.5,1.651917735400897,4744.983100060965
ag,50,1.0067631899564955,0.6520004259308696,1006.7631899564955,968,967,1935,1.0411201550739353,796,0.796,2.5,0.6467667186952699,782.5201610327839
ag,50,2.005135838863073,1.2711364662794422,2005.135838863073,2011,2010,4021,0.9975800193348623,3576,3.576,2.5,1.3175954719542933,2819.136805073893
ag,50,1.9814409945633005,1.3821593239601506,1981.4409945633004,1960,1959,3919,1.01145533157902,3360,3.36,2.5,1.4083373604672382,3990.734433489221
ag,50,3.175000815128061,2.2166158472040287,3175.000815128061,3157,3152,6309,1.0072972129213391,9030,9.03,2.5,2.115540091495161,9561.670252738913
ag,50,0.6330150717680596,0.42019716580284594,633.0150717680596,675,675,1350,0.9378001063230512,356,0.356,2.5,0.3918916086857321,301.2412067527403
ag,50,2.2582557210128096,1.4873720944236704,2258.2557210128098,2317,2314,4631,0.9759099917946455,4606,4.606,2.5,1.850286853786113,3674.3597602081154
ag,50,0.9605243671686808,0.6657601335993812,960.5243671686808,951,950,1901,1.0110782812301904,730,0.73,2.5,0.5485699056006612,702.7662018435427
ag,50,2.2390541053652933,1.4656420503391032,2239.0541053652933,2311,2309,4620,0.9697072782006467,4758,4.758,2.5,1.8227466212173173,5803.912826905667
ag,50,1.652865681225869,1.0647843126499736,1652.8656812258691,1679,1677,3356,0.9856086351972982,2420,2.42,2.5,1.0332137981819665,2361.448129060662
ag,50,1.9615144018616866,1.301825635201215,1961.5144018616866,1954,1952,3906,1.0048741812816018,3381,3.381,2.5,0.911372751687236,3075.47147506083
ag,50,1.9607132355419508,1.1933715623786632,1960.7132355419508,1998,1994,3992,0.9833065373831248,3479,3.479,2.5,1.0531600713832208,3427.9638429082015
ag,50,2.293136872591944,1.5036248907136014,2293.136872591944,2299,2297,4596,0.9983181857169979,5042,5.042,2.5,1.497070168575902,4144.441128091271
ag,50,1.680439446867384,1.122831862733472,1680.439446867384,1650,1650,3300,1.0184481496165965,2235,2.235,2.5,1.0326079011423208,2051.192140449647
ag,50,2.5147518994312508,1.7393350906722282,2514.751899431251,2601,2594,5195,0.9694494600737281,5944,5.944,2.5,2.073795165215725,4900.188628685224
ag,50,1.3839234443476087,0.8732687021776844,1383.9234443476087,1347,1345,2692,1.0289393638272184,1680,1.68,2.5,0.8988575272244416,1620.158229177699
ag,50,0.9789364412482445,0.6693690615981447,978.9364412482445,957,957,1914,1.0229220911684895,733,0.733,2.5,0.7779896771985167,918.9572022194246
ag,50,1.9787765724086972,1.293875996158048,1978.7765724086971,1936,1936,3872,1.0220953369879633,3395,3.395,2.5,1.36774220867881,2872.9057882964644
ag,50,1.3052427482110327,0.8953046351789776,1305.2427482110327,1314,1313,2627,0.9940919636032237,1445,1.445,2.5,0.9073524792991797,1276.6373098165257
ag,50,2.296995246110129,1.4903796472914572,2296.995246110129,2278,2276,4554,1.0092246248287033,4739,4.739,2.5,1.5929296417090486,3602.211612852246
ag,50,0.9418210771723567,0.6362383940973849,941.8210771723567,977,977,1954,0.9639929141989322,775,0.775,2.5,0.6766810308354939,852.2736521088949
ag,50,2.8945535932289843,1.9419597420021633,2894.5535932289845,2912,2909,5821,0.9950338924816035,7692,7.692,2.5,2.114550803060025,8051.721955477804
ag,50,0.9709107163057547,0.6297243574150205,970.9107163057547,950,949,1899,1.0230882152853054,821,0.821,2.5,0.9079123079442656,957.9003072055862
ag,50,1.661061121359561,1.068661091668481,1661.061121359561,1642,1639,3281,1.0134601106525691,2354,2.354,2.5,1.212093534083843,3065.347384973173
ag,50,1.6617290250059154,1.040638410857075,1661.7290250059154,1636,1633,3269,1.0175927893483867,2567,2.567,2.5,1.1244972295290305,2014.0918204189343
ag,50,1.658331611843818,1.1640685243611797,1658.331611843818,1656,1655,3311,1.0020130585159022,2344,2.344,2.5,1.3060841980323636,1700.0262940374514
ag,50,1.9261688285322507,1.3360530690545886,1926.1688285322507,1927,1926,3853,1.0000876575972226,3273,3.273,2.5,1.619572320712895,2882.869744860887
ag,50,1.306906508793472,0.8679928107338565,1306.9065087934719,1293,1291,2584,1.012321075750172,1420,1.42,2.5,1.0918465134991064,1242.0955957770843
ag,50,0.9898734954673549,0.6629777972625618,989.8734954673549,989,986,1975,1.003928494388798,824,0.824,2.5,0.7002777094781062,1045.2737504148174
ag,50,1.3386342249783512,0.8719313297642237,1338.634224978351,1322,1321,2643,1.0133491483560568,1576,1.576,2.5,0.6384182724371381,2119.8828730750065
ag,50,1.6523534121364933,1.0341817740343677,1652.3534121364933,1622,1621,3243,1.0193420185912976,2385,2.385,2.5,0.7258632716905183,2985.1813759899183
nag,50,0.48565674342176446,0.4013633349345208,485.6567434217645,1246,1244,2490,0.39039931143228657,546,0.546,2.5,0.3292209139578986,551.402363524569
nag,50,0.4822470799899715,0.3991667291172957,482.2470799899715,1256,1254,2510,0.38456704943378905,541,0.541,2.5,0.39502883644953224,553.2890857660844
nag,50,0.0,0.0,0.0,0,0,0,,0,0.0,2.5,0.0,0.0
nag,50,0.6608581469415922,0.5454780462364004,660.8581469415922,1628,1627,3255,0.40618202024682987,845,0.845,2.5,0.8242665155561242,976.3762953859331
nag,50,1.7514525041611457,1.3582493286381667,1751.4525041611457,4367,4365,8732,0.4012491418467688,6722,6.722,2.5,1.338174468309472,6992.737447532795
nag,50,1.426512972317025,1.2322778525924118,1426.5129723170248,3586,3585,7171,0.3979115682892677,4416,4.416,2.5,1.1884916917575088,4125.642994131489
nag,50,0.3335289163208865,0.27027293737025554,333.5289163208865,838,838,1676,0.3980058667313681,213,0.213,2.5,0.2487073517156191,239.55008922637174
nag,50,0.6746439717698474,0.5598830477473751,674.6439717698473,1632,1632,3264,0.41338478662368094,1004,1.004,2.5,0.7117381573164658,842.8342978194883
nag,50,0.4759617539424101,0.3960556092592952,475.9617539424101,1231,1229,2460,0.3872756338017983,485,0.485,2.5,0.4470605022758524,567.3202599013451
nag,50,0.31779536494990746,0.26955117897976655,317.7953649499075,814,813,1627,0.3908922078104643,231,0.231,2.5,0.2788206023856249,240.21927302700732
nag,50,0.4998156002463422,0.42419995948003225,499.81560024634217,1244,1244,2488,0.401781029136931,509,0.509,2.5,0.4229140826405755,438.2054217772166
nag,50,0.8450044487179309,0.6742995478887632,845.0044487179309,2130,2130,4260,0.3967157036234418,1515,1.515,2.5,0.6270704832367565,1408.6347236809788
nag,50,0.33475022956440903,0.27285181434914135,334.75022956440904,836,836,1672,0.4004189348856567,196,0.196,2.5,0.3113440722141902,188.28165712324054
nag,50,0.487672345624232,0.4074034851431487,487.672345624232,1204,1203,2407,0.40538017092621115,483,0.483,2.5,0.26803889511654067,520.2408344272684
nag,50,1.2846377935803668,1.019991724731111,1284.6377935803669,3291,3289,6580,0.3905861336516774,3694,3.694,2.5,0.94532813034817,4069.984744035806
nag,50,0.4896039051689055,0.4070607568158401,489.6039051689055,1204,1203,2407,0.4069857898328392,488,0.488,2.5,0.4375109223792382,382.6187954245667
nag,50,0.7951571485753319,0.6402964694611564,795.1571485753319,2014,2012,4026,0.395207330305831,1511,1.511,2.5,0.6362665653283831,1606.837617497831
nag,50,0.8078281707561273,0.6722075952838942,807.8281707561273,2029,2029,4058,0.3981410402938035,1549,1.549,2.5,0.8132470965203048,1389.6045099805683
nag,50,0.652923713612852,0.5309436536551023,652.923713612852,1646,1646,3292,0.39667297303332444,869,0.869,2.5,0.528855666075854,672.6705793612782
nag,50,1.3382728852788672,1.1017200213532647,1338.2728852788673,3399,3398,6797,0.39384134351938416,4141,4.141,2.5,0.8570737642589579,5204.099434236677
nag,50,1.166738323251076,0.9374879651034992,1166.738323251076,2901,2899,5800,0.4024623398589431,2960,2.96,2.5,1.0946792157703684,2817.83598213128
nag,50,0.6689730422465755,0.5415633350234754,668.9730422465755,1663,1662,3325,0.40251085574402856,1005,1.005,2.5,0.3510303367144854,1065.2746372740612
nag,50,1.1384545379769164,0.9231339598849907,1138.4545379769165,2934,2933,5867,0.3881536099478065,3002,3.002,2.5,1.1627953509032825,2610.4310394335475
nag,50,0.1537116049685729,0.13008434746655828,153.71160496857289,391,391,782,0.39312430938253934,33,0.033,2.5,0.10893148570043694,30.97295932176222
nag,50,0.6520563072197535,0.5207768209902746,652.0563072197535,1642,1641,3283,0.3973530208529881,945,0.945,2.5,0.42697441980721323,864.768914972915
nag,50,0.8166730144852066,0.6817142739150072,816.6730144852065,2092,2092,4184,0.3903790700216092,1448,1.448,2.5,0.4485902488248639,1629.5478346276325
nag,50,0.7942987785194577,0.6532094029411791,794.2987785194578,2012,2012,4024,0.3947807050295516,1367,1.367,2.5,0.5727177544199248,1317.390949580801
nag,50,0.7083246121582085,0.5926290772779776,708.3246121582085,1658,1656,3314,0.427732253718725,1026,1.026,2.5,0.6531700867556055,591.6320408442011
nag,50,0.5102494183060263,0.42776424450418177,510.24941830602637,1283,1283,2566,0.3977002480951102,557,0.557,2.5,0.3939901638198114,471.8591067178218
nag,50,0.6583381558665305,0.5605798591338176,658.3381558665305,1600,1598,3198,0.4119763178138489,916,0.916,2.5,0.4675601889260323,844.9127996228511
nag,50,0.8681677433279952,0.6863292780850203,868.1677433279951,2125,2124,4249,0.4087418753898282,1541,1.541,2.5,0.6635383419909615,1681.124797016852
nag,50,0.6544025678854798,0.5486707329944496,654.4025678854798,1673,1673,3346,0.3911551511568917,983,0.983,2.5,0.5403029131038604,778.512126213442
nag,50,0.8281110769231869,0.726209528986598,828.1110769231868,2137,2136,4273,0.387692451743065,1594,1.594,2.5,0.6174318885992034,2248.0447163103945
nag,50,0.5061822353036575,0.4229725944158738,506.1822353036574,1319,1319,2638,0.38376211925978576,584,0.584,2.5,0.3580516166852149,549.0057310220599
nag,50,1.1436259080298246,0.9751632598185134,1143.6259080298246,2929,2929,5858,0.390449268702569,3064,3.064,2.5,0.8397296275388846,3328.5548925110097
nag,50,0.8027382042838953,0.6602422778527186,802.7382042838954,2089,2089,4178,0.38426912603345875,1495,1.495,2.5,0.46228435849932503,1793.488141680538
nag,50,1.7844231854573036,1.4664752187091923,1784.4231854573036,4435,4432,8867,0.402622559895601,6976,6.976,2.5,1.2911643841642177,7591.264908443028
nag,50,0.8414779869835004,0.6754931970182155,841.4779869835004,2027,2026,4053,0.41533957896520257,1508,1.508,2.5,0.5832354910959642,1680.4842484970563
nag,50,0.953148374300179,0.7898454702670483,953.148374300179,2406,2406,4812,0.39615476903581837,2019,2.019,2.5,0.6273185853576647,1711.6123965457134
nag,50,0.6435307688297012,0.545474667161474,643.5307688297012,1666,1664,3330,0.38673724088323386,871,0.871,2.5,0.632393345216437,879.278975914838
nag,50,0.6752178030756784,0.5573793547451865,675.2178030756784,1663,1663,3326,0.4060239345013099,975,0.975,2.5,0.6050104801370955,678.6756660412274
nag,50,0.6644139662512977,0.5567367000950715,664.4139662512977,1660,1660,3320,0.40024937725981785,982,0.982,2.5,0.5481726942032354,915.4885786131588
nag,50,0.8137263393742489,0.7005357572120896,813.7263393742488,1985,1984,3969,0.4101443242813754,1417,1.417,2.5,0.5532393294783366,1386.6309341647066
nag,50,0.8125160081385269,0.6714639661181406,812.5160081385269,2082,2081,4163,0.390444982286654,1541,1.541,2.5,0.5026460609301584,1567.9858615307276
nag,50,1.1410339408725068,0.9351826579120947,1141.0339408725067,2821,2820,5641,0.4046219648484066,2936,2.936,2.5,0.8763353947795984,2986.335394769786
nag,50,0.3100853280453504,0.26439971193979445,310.08532804535037,807,807,1614,0.3842445205022929,198,0.198,2.5,0.22772853679974323,199.4631945219414
nag,50,0.9580181699809689,0.8125200351831484,958.0181699809689,2451,2451,4902,0.39086828640594407,2092,2.092,2.5,0.7253112130767242,2261.1936445175365
nag,50,0.4572355503555082,0.40154351343145556,457.2355503555082,1250,1250,2500,0.3657884402844066,500,0.5,2.5,0.35724813152528195,530.8988068458314
nag,50,0.47266026862725935,0.40000506556543464,472.66026862725937,1185,1184,2369,0.3992063079622123,432,0.432,2.5,0.4796053120378385,431.95783620857776
nag,50,0.666385752071619,0.5234699174927353,666.385752071619,1668,1668,3336,0.39951184176955573,899,0.899,2.5,0.5907833567597347,778.2828528620275
nag,50,0.6765379233355977,0.5529788642002016,676.5379233355977,1706,1706,3412,0.3965638472072671,961,0.961,2.5,0.58303412668544,1012.4714340853593
nag,50,0.9688571588697219,0.7914200712436934,968.857158869722,2468,2468,4936,0.3925677304982666,2024,2.024,2.5,0.7403096416438564,1895.8199915152632
nag,50,1.6384348511668543,1.3559714791709971,1638.4348511668543,3992,3990,7982,0.4106353010443244,6059,6.059,2.5,1.0332481469604533,5099.484656028661
nag,50,0.5006054289110441,0.4160495432249081,500.6054289110441,1213,1213,2426,0.412700271155024,512,0.512,2.5,0.4080449038042976,606.4540210830871
nag,50,1.0092871001118935,0.8130506477104888,1009.2871001118934,2493,2492,4985,0.405010874844259,2343,2.343,2.5,0.5841784290423755,2112.737523286824
nag,50,0.8284082266405279,0.6666247891648897,828.4082266405279,2106,2105,4211,0.3935431005418185,1542,1.542,2.5,0.7363943576573403,1491.350163398906
nag,50,1.165920716901031,0.9769414483442943,1165.920716901031,2854,2854,5708,0.40852162470253367,3020,3.02,2.5,1.1061462910384225,2873.476532013831
nag,50,1.1206470353910243,0.9324751971942115,1120.6470353910242,2812,2810,5622,0.39880677416050686,2681,2.681,2.5,0.7648972056909745,2491.092110668743
nag,50,1.1218563092834044,0.966064918836441,1121.8563092834045,2855,2855,5710,0.3929444165616128,2857,2.857,2.5,0.9745578036906696,2865.22582117393
nag,50,0.8288689700790587,0.6798892637190743,828.8689700790587,2099,2099,4198,0.39488755125252917,1483,1.483,2.5,0.7015409228585662,1677.024102952803
nag,50,0.3445461898794456,0.2780257833193167,344.5461898794456,844,844,1688,0.4082300827955517,234,0.234,2.5,0.3012340394634159,136.14715137537854
nag,50,1.1246871131020262,0.9783679350153826,1124.6871131020262,2844,2843,5687,0.39559870316638274,2664,2.664,2.5,0.7087817290059376,2736.0854657239033
nag,50,0.3370340646648663,0.2738816033298433,337.0340646648663,813,813,1626,0.41455604509823657,196,0.196,2.5,0.20100001837475667,207.58185999351693
nag,50,0.816918518250294,0.6542856164626342,816.918518250294,2058,2057,4115,0.39714074781249104,1499,1.499,2.5,0.7305386132039695,1371.299907637795
nag,50,0.8247042864351484,0.6694549186356546,824.7042864351483,2049,2048,4097,0.40268763986091227,1439,1.439,2.5,0.6004001461132165,1664.2507560659456
nag,50,0.16993882185020723,0.14105961867837075,169.93882185020723,423,423,846,0.40174662375935516,29,0.029,2.5,0.1262846820723445,29.198833705802667
nag,50,0.8301255194322191,0.6783703804364039,830.1255194322191,2059,2056,4115,0.40375754836197425,1543,1.543,2.5,0.6545751629802341,1530.974492012985
nag,50,0.5277363698818406,0.41547373105664054,527.7363698818406,1251,1251,2502,0.42185161461378146,521,0.521,2.5,0.44000687000015903,476.4065153744637
nag,50,0.9935189087712298,0.7866414711272487,993.5189087712298,2489,2489,4978,0.39916388460073515,2329,2.329,2.5,0.5671371745254876,2315.142315907615
nag,50,0.8279264124458336,0.6567948596501851,827.9264124458336,2075,2074,4149,0.3991930628957732,1450,1.45,2.5,0.6896873787189415,1321.8196534815131
nag,50,0.3323675650569285,0.27933187860625835,332.36756505692847,806,806,1612,0.41236670602596587,195,0.195,2.5,0.3180877191434587,203.33569325546594
nag,50,0.8259141548017047,0.6695356596576091,825.9141548017047,2073,2073,4146,0.39841493236937037,1418,1.418,2.5,0.5153120161843711,1276.1247427212538
nag,50,0.3282824606488472,0.27060387943091607,328.2824606488472,838,838,1676,0.391745179771894,243,0.243,2.5,0.3072026873964909,330.576360109919
nag,50,1.3287386697206442,1.069569350995215,1328.7386697206443,3227,3226,6453,0.41188427455692633,3863,3.863,2.5,1.163092481892907,3291.781216013647
nag,50,1.29134455881258,1.0491157201065735,1291.34455881258,3195,3193,6388,0.40442986495852806,3742,3.742,2.5,0.9955738969122052,3772.0155278992297
nag,50,0.9793182659079203,0.8048126045769837,979.3182659079202,2461,2459,4920,0.39825874986088666,2200,2.2,2.5,0.867304429138599,2614.343372263745
nag,50,0.6272202435855206,0.5074611233347368,627.2202435855206,1577,1577,3154,0.39773002129709617,827,0.827,2.5,0.37997497288041016,947.3634808632926
nag,50,1.4568478044869433,1.1601151629259294,1456.8478044869432,3638,3635,7273,0.40078344002391836,5100,5.1,2.5,1.0794802975484061,4397.47949531269
nag,50,0.6492736127943983,0.5215309860578881,649.2736127943983,1647,1645,3292,0.3946952053461388,1019,1.019,2.5,0.5462685111608386,999.3438167297917
nag,50,0.9854755654315909,0.8137812559954855,985.4755654315909,2483,2483,4966,0.39688907186129313,2309,2.309,2.5,0.6398725694369387,2474.5053145984725
nag,50,0.9867053489673239,0.814311210429765,986.7053489673239,2458,2456,4914,0.401752992250539,1963,1.963,2.5,0.9086488952496358,2031.08805968009
nag,50,1.4514425804694275,1.2225451789193729,1451.4425804694276,3726,3725,7451,0.3896490148911215,4899,4.899,2.5,0.8344568664586064,5307.564741517672
nag,50,0.49578598941146357,0.40534736285681666,495.78598941146356,1280,1279,2559,0.38763564457503014,475,0.475,2.5,0.4314305574448145,466.92957004173604
nag,50,0.5089563928026432,0.4121816721564074,508.9563928026431,1283,1282,2565,0.39700186646072005,506,0.506,2.5,0.4429367090477716,631.9784334738442
nag,50,1.7871688147058662,1.4704516666682925,1787.1688147058662,4438,4436,8874,0.4028784523683197,6994,6.994,2.5,1.3983787730355548,6500.450644927546
nag,50,0.6497102128230461,0.5722168742053543,649.710212823046,1653,1652,3305,0.39328705376697703,1037,1.037,2.5,0.5418033287864473,812.5248665974258
nag,50,0.6565557347915405,0.5509511480618002,656.5557347915405,1658,1657,3315,0.39623158406248676,945,0.945,2.5,0.609160994250724,1322.508658964879
nag,50,0.6730699133888863,0.5432517344516833,673.0699133888863,1628,1626,3254,0.41394213615552666,940,0.94,2.5,0.5967733163035902,1202.2421050959138
nag,50,0.6405081069415397,0.5296733214077131,640.5081069415397,1641,1640,3281,0.3905537237448413,945,0.945,2.5,0.4155895368531882,849.5768764878153
nag,50,1.1290104120606947,0.9279261499590206,1129.0104120606948,2906,2903,5809,0.3889116128352376,2850,2.85,2.5,0.8419379437344059,2894.8374748317437
nag,50,1.49221531295065,1.2577724644316852,1492.2153129506498,3666,3665,7331,0.40715288211477485,5035,5.035,2.5,0.6150222949471388,6211.694118583068
nag,50,0.8109296368607681,0.6530847427845128,810.9296368607681,2088,2086,4174,0.3887486274500327,1456,1.456,2.5,0.5000001873572318,1565.8177989134215
nag,50,0.8111831164829395,0.6959774197809673,811.1831164829395,1999,1999,3998,0.40579445546920434,1546,1.546,2.5,0.7273546909515275,1181.918656278547
nag,50,1.48601195459996,1.2811580461028218,1486.0119545999598,3616,3613,7229,0.4112958634375754,4842,4.842,2.5,1.2854959787623483,5661.170537272577
nag,50,0.8028439399995295,0.6457282013026013,802.8439399995295,2123,2122,4245,0.3783430442976105,1398,1.398,2.5,0.5569957500797501,1332.066657168953
nag,50,0.5405113849586776,0.42464790646355977,540.5113849586776,1288,1288,2576,0.4196516963964888,507,0.507,2.5,0.5370144841769755,479.25867695102227
nag,50,0.8403385532054851,0.6718005265054566,840.3385532054851,2083,2083,4166,0.40342705386725164,1567,1.567,2.5,0.5335124564506575,1533.0475831933493
nag,50,0.6610453023327315,0.5338166448159088,661.0453023327315,1663,1662,3325,0.3977408557958673,981,0.981,2.5,0.4849188741891516,986.7859665739578
nag,50,1.0094940733252977,0.8197027862701755,1009.4940733252978,2459,2457,4916,0.41086449870789493,2140,2.14,2.5,1.0283106140145084,1979.2828812146213
nag,50,1.0091861409941605,0.8175090578225463,1009.1861409941605,2499,2498,4997,0.4039976545212812,2241,2.241,2.5,0.7889437254071823,2278.237845030758
nag,50,1.7729269184651966,1.4424198397947394,1772.9269184651966,4469,4467,8936,0.3968943179908656,7459,7.459,2.5,1.4126330879309117,5616.2403044716575
nag,50,1.1081751997270024,0.9238279214375305,1108.1751997270023,2839,2835,5674,0.39089072300776095,2870,2.87,2.5,0.6931113951199531,3160.771179484088
nag,50,0.34034828369271886,0.2846329772231252,340.34828369271884,898,897,1795,0.37942952474104663,249,0.249,2.5,0.2432079335060083,197.61037782111651
nag,50,0.8363214426902282,0.6888842842231281,836.3214426902282,2047,2047,4094,0.40855957141681887,1427,1.427,2.5,0.6302545808067893,2011.8241664783914
nag,50,1.2597096949586362,1.0180256867984647,1259.7096949586362,3215,3215,6430,0.3918226111846458,3627,3.627,2.5,1.047934518487478,3691.07403938698
nag,50,0.6602517639544585,0.5188531687624579,660.2517639544585,1605,1605,3210,0.4113718155479492,895,0.895,2.5,0.6221637113239104,771.9389164167092
nag,50,1.1226132566877565,0.9306107525626339,1122.6132566877566,2780,2780,5560,0.40381771823300594,2670,2.67,2.5,0.915049299291325,2913.2093492288714
nag,50,0.17077770953855,0.14161268346331668,170.77770953855,434,434,868,0.39349702658652075,34,0.034,2.5,0.1536367802584668,30.247063528397454
nag,50,0.8487980429863016,0.6939743867169398,848.7980429863015,2085,2084,4169,0.40729272696079727,1550,1.55,2.5,0.6002363508660068,1661.7026423066325
nag,50,1.331703885631802,1.1064153061758197,1331.703885631802,3346,3343,6689,0.3983559334824415,3981,3.981,2.5,0.992253889264169,3859.8586776566267
nag,50,1.0068615036204898,0.8392772910762147,1006.8615036204897,2564,2564,5128,0.3926916940797542,2458,2.458,2.5,1.0189718518437973,1730.5312860268257
nag,50,0.8092004396860859,0.6800056438864656,809.2004396860859,2114,2113,4227,0.3829628204856062,1543,1.543,2.5,0.8251108868046589,1521.4545443636641
nag,50,0.9951680647365738,0.79799385288229,995.1680647365738,2490,2490,4980,0.39966588945243925,2367,2.367,2.5,0.8744781559728374,2721.353206754996
nag,50,1.1793359187194774,0.9979677244437465,1179.3359187194774,2857,2855,5712,0.413077379586507,3149,3.149,2.5,1.4115674983336188,2695.3125008975094
nag,50,1.5943643165137131,1.288182836302205,1594.3643165137132,4049,4048,8097,0.3938647026960754,5686,5.686,2.5,1.146806441971494,4844.405973187081
nag,50,0.9911930779587201,0.8212031228817277,991.1930779587201,2512,2512,5024,0.39458323167146503,2230,2.23,2.5,0.545890572629348,2429.2512927031976
nag,50,0.9739082564165963,0.8170415318975627,973.9082564165963,2418,2417,4835,0.40294094183557977,2084,2.084,2.5,0.8972562196188508,1364.9338506086835
nag,50,0.8211342947984592,0.6819619353969705,821.1342947984592,1994,1994,3988,0.41180255506442287,1410,1.41,2.5,0.6750444432183562,1146.7413242535483
nag,50,0.5020945777565656,0.42630051935723523,502.0945777565656,1230,1228,2458,0.4088718059906886,551,0.551,2.5,0.382573226228395,636.7184676045354
nag,50,0.7102498487338543,0.580396714705073,710.2498487338544,1716,1715,3431,0.4141398534891279,1065,1.065,2.5,0.5529125786016253,1034.423033294078
nag,50,0.49008399764704275,0.40473682427151253,490.08399764704274,1224,1222,2446,0.40105073457204804,516,0.516,2.5,0.44525420635948076,524.9500624380595
nag,50,0.9639525087922312,0.7866008829010511,963.9525087922311,2472,2472,4944,0.3899484258868249,2134,2.134,2.5,0.5898489430185503,1691.5175823105744
nag,50,0.9920286427147587,0.8260864660241186,992.0286427147587,2487,2487,4974,0.398885662531065,2375,2.375,2.5,0.8809581187078093,1725.5616121495714
nag,50,1.2939276295557682,1.0577925438171485,1293.9276295557681,3235,3232,6467,0.4003488952833441,3779,3.779,2.5,1.1524342031694323,3728.1847370441938
nag,50,0.997661468062112,0.8266041608545299,997.661468062112,2425,2425,4850,0.41140679095344823,2112,2.112,2.5,0.9740574458252548,2409.8991368154066
nag,50,0.4968762888203603,0.4154766022749897,496.8762888203603,1246,1246,2492,0.39877711783335495,479,0.479,2.5,0.4062750135987617,503.20248457802495
nag,50,0.8392293256237358,0.687231647454031,839.2293256237358,2090,2090,4180,0.40154513187738555,1583,1.583,2.5,0.623070564608508,1604.7859979465156
nag,50,0.4881567139943853,0.40550166844432795,488.1567139943853,1257,1257,2514,0.38835060779187375,495,0.495,2.5,0.42814445249513006,555.6710078665941
nag,50,0.96015297043844,0.7848896811958812,960.15297043844,2449,2448,4897,0.39221935066929736,2005,2.005,2.5,0.7455668281976833,1770.4726797899227
nag,50,1.002802891319941,0.8281494867816189,1002.802891319941,2492,2492,4984,0.4024088648956424,2321,2.321,2.5,0.8805548442220543,2096.903349117407
nag,50,0.6747951389784371,0.5487094729839007,674.7951389784371,1723,1723,3446,0.39163966278493156,968,0.968,2.5,0.6749825115562722,751.8325604517428
nag,50,0.7057692656857885,0.5833605557239121,705.7692656857885,1665,1665,3330,0.4238854448563294,1035,1.035,2.5,0.6133312607290763,1132.9474700862938
nag,50,0.3514809875698938,0.28384557606193866,351.48098756989384,876,876,1752,0.4012340040752213,230,0.23,2.5,0.37338729851739516,211.22952702000813
nag,50,0.665682640930057,0.5459667622034854,665.682640930057,1693,1693,3386,0.39319707083878147,987,0.987,2.5,0.6879597077375974,976.6040616894184
nag,50,0.9683799113449265,0.7865395325435052,968.3799113449265,2363,2363,4726,0.40980952659539843,2022,2.022,2.5,0.7752811304088035,1720.6273760579181
nag,50,0.822028596414517,0.6444751064827833,822.028596414517,1990,1987,3977,0.41370337011299296,1395,1.395,2.5,0.579309602308265,1593.1724663726982
nag,50,0.6614389448924906,0.5682017120885627,661.4389448924906,1606,1605,3211,0.41211149214485393,924,0.924,2.5,0.5273453078879892,928.4910185357205
nag,50,0.8096483719228481,0.6728968385616738,809.6483719228481,2013,2013,4026,0.40220982211765927,1368,1.368,2.5,0.5626085807831659,1022.6558175965815
nag,50,0.6549353417350626,0.5345150886278687,654.9353417350626,1636,1634,3270,0.4008172226040775,861,0.861,2.5,0.39254678587632297,758.5814494312423
nag,50,1.8042524646883666,1.4808594068575713,1804.2524646883667,4400,4399,8799,0.410150594382443,7280,7.28,2.5,1.6670511747343095,7754.289159059938
nag,50,0.8289595868180776,0.717198624734828,828.9595868180776,2062,2062,4124,0.40201725839867974,1480,1.48,2.5,0.6606611540562423,1365.9707837133824
nag,50,0.8469842139547158,0.7178248346529781,846.9842139547158,2082,2082,4164,0.40681278287930633,1544,1.544,2.5,0.5318177565577795,1628.0107191860643
nag,50,1.2689934689614597,1.037255551460929,1268.9934689614597,3206,3206,6412,0.39581829973844657,3753,3.753,2.5,0.9787381908671534,3713.035549693953
nag,50,0.6694492234089139,0.5395690445192977,669.4492234089139,1647,1646,3293,0.4067127724233985,895,0.895,2.5,0.6567877137013524,836.0871604278489
nag,50,0.8494193676738921,0.7344480202393222,849.4193676738921,2050,2050,4100,0.4143509110604352,1600,1.6,2.5,0.6860541952618742,1645.0855957521103
nag,50,1.2991432744763796,1.1034263598021485,1299.1432744763795,3189,3187,6376,0.4076383038833949,3778,3.778,2.5,1.0242274480522373,3926.20832830339
nag,50,0.8492722541583043,0.6910930602747023,849.2722541583043,2100,2100,4200,0.4044153591230021,1597,1.597,2.5,0.7750783377701964,1654.1166678983388
nag,50,0.6807899418628277,0.5731506755059538,680.7899418628277,1635,1634,3269,0.4166401112991602,950,0.95,2.5,0.5688169733129068,1058.882253190955
nag,50,0.6791293433790238,0.5597763719181506,679.1293433790238,1617,1616,3233,0.4202533065464256,955,0.955,2.5,0.5118649576136278,987.2094202311365
nag,50,0.9831416394961309,0.7761470524406147,983.1416394961309,2449,2449,4898,0.4014461574096084,2189,2.189,2.5,0.5126800424307164,2330.632055456393
nag,50,0.3236153327610359,0.2690322549283169,323.61533276103586,831,830,1661,0.38989799127835645,216,0.216,2.5,0.2692434117497332,219.77138138326447
nag,50,0.8535608250353676,0.6899465247698899,853.5608250353675,2054,2053,4107,0.4157627009427022,1540,1.54,2.5,0.6612464395248315,1647.0383183625213
nag,50,0.5031698947147878,0.42045359665794146,503.1698947147878,1256,1256,2512,0.40061297349903485,523,0.523,2.5,0.5535636019602789,345.294237349388
nag,50,1.02351987547306,0.8041854152024839,1023.5198754730599,2457,2457,4914,0.41657300589054125,2300,2.3,2.5,0.8847584882098074,2255.04565685707
nag,50,0.33058056526444435,0.27363830873699524,330.5805652644444,807,807,1614,0.4096413448134379,199,0.199,2.5,0.2910909347006244,217.1323052183254
nag,50,0.7967964102958874,0.6559546620036217,796.7964102958874,2018,2018,4036,0.3948446037145131,1350,1.35,2.5,0.7599457479018865,1426.4530141586736
nag,50,0.3314061229479944,0.2723794303966338,331.4061229479944,874,874,1748,0.3791832070343185,227,0.227,2.5,0.27569134162221587,216.20283780884603
nag,50,1.1701032885735099,0.9657282312074839,1170.1032885735099,2925,2924,5849,0.40017212331515384,3072,3.072,2.5,1.1368167504574045,3099.9118841518957
nag,50,1.7180380055471782,1.4085515441433067,1718.0380055471783,4414,4412,8826,0.3894011798611012,6974,6.974,2.5,1.422977627600756,7104.350507201972
nag,50,0.8119076402796349,0.6747221671657877,811.907640279635,2057,2055,4112,0.39508887604848414,1560,1.56,2.5,0.6091700326298523,1647.5174843755856
nag,50,1.1708812407405766,0.9469744046138949,1170.8812407405767,2900,2900,5800,0.4037521519795092,3130,3.13,2.5,1.0380139146633707,2771.2720498850636
nag,50,1.146408944635682,0.962451223208259,1146.408944635682,2860,2860,5720,0.40084228833415453,2967,2.967,2.5,0.8987227192365139,2381.084848782372
nag,50,0.17692866754985037,0.1456249141488849,176.92866754985036,407,407,814,0.4347141708841532,48,0.048,2.5,0.14768446015517528,36.75347166381728
nag,50,0.6952761451793252,0.5741459058812797,695.2761451793252,1683,1683,3366,0.41311713914398407,971,0.971,2.5,0.5045764142672403,942.7919252896978
nag,50,0.5077824002163295,0.42072411786843317,507.7824002163295,1225,1224,2449,0.41485490213752413,557,0.557,2.5,0.38463707849110745,488.90267130168223
nag,50,0.15793918423582617,0.13299439831874793,157.93918423582616,392,392,784,0.4029060822342504,28,0.028,2.5,0.13191420206376597,23.026414001591085
nag,50,0.657960208142285,0.5715015538678364,657.960208142285,1576,1575,3151,0.4177525131062127,846,0.846,2.5,0.4775092254349712,880.3958085583669
nag,50,0.9956802946525775,0.8604902478891744,995.6802946525775,2420,2418,4838,0.4117784510556565,2032,2.032,2.5,1.01804161374377,2152.9283433030723
nag,50,0.6443355066526939,0.529481786060426,644.3355066526939,1607,1607,3214,0.4009555112960136,762,0.762,2.5,0.4827201760289754,863.7916084033828
nag,50,0.6442303824263585,0.5465326405171358,644.2303824263586,1611,1611,3222,0.39989471286552364,923,0.923,2.5,0.6751694649512755,766.7749627223308
nag,50,1.1340651801696395,0.9285443804428858,1134.0651801696395,2779,2778,5557,0.40823080639655845,2890,2.89,2.5,0.888777475039531,2608.9260609758685
nag,50,0.812925462143731,0.701704640517435,812.925462143731,2070,2070,4140,0.3927176145621889,1618,1.618,2.5,0.5898977185860216,1687.968297588774
nag,50,0.8530764800071269,0.7085032401363122,853.0764800071269,2106,2105,4211,0.4052619857516042,1632,1.632,2.5,0.785602541849045,1224.494123519739
nag,50,1.1742540024107597,0.9866623573026554,1174.2540024107598,2806,2804,5610,0.41877817489684727,2834,2.834,2.5,0.9694852389954365,3233.9360482154448
nag,50,0.828495848459017,0.7007962407288073,828.495848459017,2069,2068,4137,0.4006266191774744,1478,1.478,2.5,0.5916272082742301,1272.760097915401
nag,50,0.9384425517950524,0.773025815623825,938.4425517950524,2397,2397,4794,0.39150711380686376,2058,2.058,2.5,0.7284562058515445,2126.3645395235953
nag,50,0.46940265285388333,0.39471820216245457,469.40265285388335,1209,1209,2418,0.388256950251351,477,0.477,2.5,0.40459492796200786,333.1807474971464
nag,50,0.9616443668775199,0.7860100676726436,961.6443668775198,2431,2430,4861,0.39573842258334146,2036,2.036,2.5,0.7761011006804938,1914.4980744378802
nag,50,0.1657597946754539,0.13828348514460526,165.7597946754539,423,423,846,0.391867126892326,48,0.048,2.5,0.11947570790492128,62.28663198618021
nag,50,0.17783419088007202,0.1462091914341021,177.83419088007201,429,429,858,0.4145319134733613,31,0.031,2.5,0.15101724356056676,37.19822165031608
nag,50,1.306168954590385,1.0210702357268038,1306.168954590385,3314,3313,6627,0.3942556458165968,4014,4.014,2.5,1.1889197167110033,4001.3197346369293
nag,50,1.740434523250567,1.422406788936126,1740.4345232505668,4377,4375,8752,0.3978136053144153,6927,6.927,2.5,1.1196837316900274,6894.11431738147
nag,50,0.5116702776659141,0.41932130998369677,511.6702776659141,1266,1266,2532,0.40416293654495583,573,0.573,2.5,0.3798830490693705,532.6434967326537
nag,50,0.9791716896416323,0.8091598446150878,979.1716896416323,2455,2454,4909,0.39901046847662275,2068,2.068,2.5,0.9690105572294747,2410.361156802535
nag,50,0.6386943893919725,0.5310553220736454,638.6943893919725,1568,1567,3135,0.40759054843138004,893,0.893,2.5,0.5338047690916653,910.789724648163
nag,50,1.176238307148999,0.9552715115449405,1176.238307148999,2838,2836,5674,0.41475257656875847,2853,2.853,2.5,0.8804854137905491,3069.7388936220555
nag,50,0.9864417853419464,0.8043345459037777,986.4417853419463,2435,2435,4870,0.4051095627687665,2198,2.198,2.5,0.581826591888254,2098.574435199779
nag,50,1.4496751180163432,1.1692408712329954,1449.6751180163433,3718,3717,7435,0.3900121382879589,4832,4.832,2.5,1.2295101101255619,5384.33504538624
nag,50,0.5087251408091874,0.4187986714918433,508.72514080918745,1268,1268,2536,0.4012027924362677,534,0.534,2.5,0.4941361206636234,469.70849788177566
nag,50,0.6664685928199838,0.5289568554076861,666.4685928199839,1628,1627,3255,0.40963035821756844,883,0.883,2.5,0.4053436765582301,745.2013702362997
nag,50,0.511356868786318,0.4132170801563211,511.356868786318,1239,1239,2478,0.41271740822140274,561,0.561,2.5,0.37534845885875323,720.560018870147
nag,50,0.14541053964963166,0.12426631460843454,145.41053964963166,422,422,844,0.34457473850623616,35,0.035,2.5,0.097456604974176,35.62407891879721
nag,50,0.8133752675773068,0.6844118339635393,813.3752675773068,2032,2032,4064,0.40028310412269036,1454,1.454,2.5,0.6202007317554199,1301.835025206476
nag,50,0.8020571641084066,0.6629429572184883,802.0571641084066,2041,2041,4082,0.39297264287526046,1379,1.379,2.5,0.6181623860135669,1433.0967818348554
nag,50,0.530526292362736,0.41730883371715677,530.526292362736,1312,1311,2623,0.40467299188614486,537,0.537,2.5,0.41440884618243656,550.0605886708152
nag,50,1.126334768575434,0.9525298521477233,1126.3347685754338,2881,2880,5761,0.3910884613109145,2901,2.901,2.5,1.023704651588178,2423.977223007338
nag,50,0.6728987938058192,0.5396785772842745,672.8987938058192,1647,1645,3292,0.40905701751113627,974,0.974,2.5,0.5748747313061716,916.3916337713275
nag,50,1.319218283329484,1.1114873708456185,1319.2182833294842,3296,3294,6590,0.4004912821279551,3898,3.898,2.5,1.1213371790192728,4387.530085868686
nag,50,1.4355189884170836,1.1656399705996574,1435.5189884170836,3689,3688,7377,0.38924050662068427,4644,4.644,2.5,1.0654052121553348,4621.114020545207
nag,50,0.4878064519692649,0.3908089011477101,487.8064519692649,1222,1222,2444,0.399186949238351,503,0.503,2.5,0.35432210362555994,471.50306600865474
nag,50,0.8254022867288812,0.6892445579336655,825.4022867288811,2021,2021,4042,0.408412808871292,1490,1.49,2.5,0.6717892321776091,1617.172897620138
nag,50,0.6707769816468885,0.5580703224615061,670.7769816468884,1642,1641,3283,0.4087611100834177,900,0.9,2.5,0.5893786375958673,985.4759521034774
nag,50,0.4666947768065992,0.389163323257026,466.69477680659924,1262,1261,2523,0.37009895067930154,491,0.491,2.5,0.3819974917251828,468.43378088753525
nag,50,0.4909957172048787,0.4173250989620973,490.9957172048787,1245,1245,2490,0.39437407004407926,481,0.481,2.5,0.3225601078174333,613.9580020025466
nag,50,0.832897066279497,0.6987691999283331,832.897066279497,2056,2055,4111,0.4053027086518234,1532,1.532,2.5,0.5869810964464415,1742.9532836837443
nag,50,0.8122616206633892,0.6763504944094509,812.2616206633893,2032,2031,4063,0.3999318664024566,1475,1.475,2.5,0.7951190578818531,1786.2252281570586
nag,50,0.9663931474012868,0.8044409627414616,966.3931474012868,2511,2510,5021,0.38501719019971586,2160,2.16,2.5,0.649999048022082,1794.2518318066282
nag,50,0.1663735438983013,0.1386933877890213,166.3735438983013,415,414,829,0.4018684635224669,39,0.039,2.5,0.12302535295581933,40.579772673448396
nag,50,0.9573081351069698,0.7909303057702805,957.3081351069698,2400,2400,4800,0.39887838962790406,2112,2.112,2.5,0.9133576870019194,2266.835329177402
nag,50,1.3430587350200713,1.082497499059974,1343.0587350200713,3277,3275,6552,0.4100942702351363,3957,3.957,2.5,0.9556893390379662,4183.497369942168
nag,50,0.8076212698508414,0.6871969497634558,807.6212698508414,2038,2038,4076,0.39628129040767485,1394,1.394,2.5,0.6321746965852282,1567.7631130276511
nag,50,0.6983025946096177,0.5778642006051642,698.3025946096177,1703,1700,3403,0.41076623212330454,1012,1.012,2.5,0.5472218218564515,928.8353384936644
nag,50,0.8205567727434172,0.6778219145465874,820.5567727434172,2065,2065,4130,0.3973640545972965,1535,1.535,2.5,0.783300443576008,1616.971031835412
nag,50,1.2754011463473531,1.0138243679473482,1275.4011463473532,3238,3237,6475,0.39400715055525276,3683,3.683,2.5,0.916069363489763,3497.004281077528
nag,50,0.8052026509125811,0.6655185126523455,805.2026509125811,2086,2086,4172,0.3860031883569421,1550,1.55,2.5,0.6212672622336469,1474.3137151904534
nag,50,0.8298293201334436,0.6890262786679074,829.8293201334436,2097,2097,4194,0.3957221364489478,1616,1.616,2.5,0.7026590540485743,1917.7287380451348
nag,50,1.4858238884988941,1.24930629816311,1485.8238884988941,3717,3716,7433,0.39984496461218894,5094,5.094,2.5,1.5260862782655984,4080.6781766958275
nag,50,1.6578811121080768,1.4309712515378596,1657.8811121080766,4115,4114,8229,0.4029851998318125,6363,6.363,2.5,1.470002711108789,7489.153039153258
nag,50,0.6461138095162793,0.5543533295366165,646.1138095162793,1633,1633,3266,0.3956606304447515,982,0.982,2.5,0.5661917291553221,835.8041281848076
nag,50,0.6379187963792479,0.5426437549205618,637.9187963792479,1658,1656,3314,0.3852166644802221,926,0.926,2.5,0.471456694396711,959.1127299911077
nag,50,0.32648594914407203,0.26888749315892624,326.48594914407204,845,845,1690,0.3863739043125113,199,0.199,2.5,0.22613416284500182,250.72546590598608
nag,50,0.6855991700030903,0.564650056750884,685.5991700030903,1681,1681,3362,0.4078519750167105,982,0.982,2.5,0.48020989873172176,963.2960021436388
nag,50,0.8222779412572911,0.6620664950817179,822.2779412572911,2043,2043,4086,0.4024855316971567,1472,1.472,2.5,0.6834815026588312,1720.1395989054436
nag,50,0.5071743814337023,0.4312098459753995,507.17438143370225,1268,1268,2536,0.39997979608336137,545,0.545,2.5,0.4361231511020724,535.8453401258904
nag,50,0.8483139143093293,0.6839993632837693,848.3139143093293,2020,2020,4040,0.41995738332145016,1560,1.56,2.5,0.6589176262527825,1787.6096896844565
nag,50,0.6496976474853927,0.5259886976735534,649.6976474853927,1642,1641,3283,0.3959156901190693,818,0.818,2.5,0.4346044215600431,878.261560135957
nag,50,0.8257933694791941,0.6775191557957588,825.7933694791941,2024,2024,4048,0.4080006766201552,1456,1.456,2.5,0.6499254120688709,1479.3894464690438
nag,50,1.1779432537281538,0.9437320421178629,1177.9432537281539,2913,2912,5825,0.40451347998906384,3032,3.032,2.5,0.9958776376880083,3051.032677529432
nag,50,1.4285243713210767,1.1459796058914928,1428.5243713210766,3622,3619,7241,0.3947290332470507,4603,4.603,2.5,1.0619167187759935,4435.725082130137
nag,50,0.8134181801626458,0.7045510453101711,813.4181801626457,2025,2025,4050,0.40168799020377566,1450,1.45,2.5,0.6928758269680024,1353.6793057096402
nag,50,0.15020136287066396,0.1276409134624591,150.20136287066396,422,422,844,0.3559274001674501,38,0.038,2.5,0.13943996342168746,35.575734706244845
nag,50,0.635522435918832,0.5217200051470882,635.522435918832,1631,1631,3262,0.38965201466513305,899,0.899,2.5,0.5945408645818633,753.3076452331449
nag,50,0.47952905073900787,0.4035489918793338,479.52905073900786,1227,1226,2453,0.3911329940774942,473,0.473,2.5,0.3112594044687523,380.5379401236491
nag,50,0.8279958681857554,0.6901407831232794,827.9958681857554,2132,2130,4262,0.388730454547303,1654,1.654,2.5,0.7993314851074655,1858.6967886543189
nag,50,0.6698870007813567,0.5455728315540675,669.8870007813566,1669,1669,3338,0.4013702820739105,903,0.903,2.5,0.5934320197637035,884.8680032298545
nag,50,0.9541159977462269,0.822342520325313,954.1159977462269,2370,2369,4739,0.40275052669743644,2015,2.015,2.5,0.9605917027660873,1333.308616714754
nag,50,1.0117832033807697,0.8163891595730627,1011.7832033807697,2439,2437,4876,0.41517570922477215,2315,2.315,2.5,1.0131676331929944,3149.9486534569373
nag,50,0.8114417546939942,0.6636060523106475,811.4417546939942,2057,2057,4114,0.3944782472989763,1384,1.384,2.5,0.7052884288584533,1517.1103617853983
nag,50,0.827535120446216,0.6950522075185885,827.5351204462161,2082,2081,4163,0.39766223952244883,1507,1.507,2.5,0.9564043335541148,1078.5884111255855
nag,50,0.3468683627572354,0.2898611868142491,346.86836275723545,846,844,1690,0.41098147246117944,191,0.191,2.5,0.3042047060880274,199.31924353409198
nag,50,0.9898023828435186,0.80658107453606,989.8023828435187,2503,2502,5005,0.39560446956175804,2111,2.111,2.5,0.8037255402429295,2521.335608317963
nag,50,0.6174229610865466,0.5218665771421779,617.4229610865466,1621,1621,3242,0.3808901672341435,886,0.886,2.5,0.5296170753531636,833.5171077155821
nag,50,0.32625829906498616,0.274016956051546,326.25829906498615,836,834,1670,0.39119700127696183,178,0.178,2.5,0.27538331700617785,200.36727249847644
nag,50,0.32600162627284907,0.27987099677676064,326.0016262728491,788,788,1576,0.413707647554377,197,0.197,2.5,0.28598102484520876,192.2302057681268
nag,50,0.8455515558705922,0.6732051141026334,845.5515558705922,2036,2035,4071,0.41550445005925907,1528,1.528,2.5,0.6394882637059994,1640.3163315751992
nag,50,0.6503283296091555,0.5221553276763731,650.3283296091555,1652,1651,3303,0.39389965451796216,864,0.864,2.5,0.5304796990171324,846.5380140127338
nag,50,0.8100481348210722,0.6724353538405587,810.0481348210722,2116,2115,4231,0.3830014821849041,1452,1.452,2.5,0.5929883014595112,1600.3371888004733
nag,50,1.1597673197609308,0.9713482656279853,1159.7673197609308,2871,2871,5742,0.40395935902505425,2928,2.928,2.5,0.8547574634161911,3143.9613700552486
nag,50,1.2947834231112105,1.0512058029901263,1294.7834231112106,3301,3299,6600,0.3924775456535952,3926,3.926,2.5,1.053675744129327,5048.901342700407
nag,50,1.106997642309548,0.9224849002703132,1106.997642309548,2879,2878,5757,0.3846412933667644,2900,2.9,2.5,0.9000431922662779,3835.3283927274415
nag,50,0.8262672240136908,0.6853550942876937,826.2672240136908,2107,2107,4214,0.39215340484750394,1535,1.535,2.5,0.7594846708850576,1641.996205610724
nag,50,0.48196501597831054,0.4044255101185451,481.96501597831053,1218,1218,2436,0.3957019835618313,482,0.482,2.5,0.3748115602070264,384.79428143529435
nag,50,0.6774333183169687,0.5390296478383186,677.4333183169688,1688,1686,3374,0.4017991211844417,994,0.994,2.5,0.6085912443369993,1154.4237666032166
nag,50,0.3363105446123432,0.26811553282184697,336.3105446123432,833,832,1665,0.4042194045821433,190,0.19,2.5,0.28846744203228936,206.86362708490944
nag,50,0.331873163758248,0.2794824299742769,331.873163758248,803,802,1605,0.4138069373544239,201,0.201,2.5,0.3462259633952654,198.01932417206652
nag,50,0.36621034556815646,0.30188017939052136,366.21034556815647,864,864,1728,0.42385456662981075,230,0.23,2.5,0.2915352413367206,217.36094094982246
nag,50,0.804531015961751,0.6798277799502181,804.531015961751,2036,2035,4071,0.39534693659054104,1441,1.441,2.5,0.496422855915134,1402.049519278334
nag,50,0.8125759058101694,0.6723457088027629,812.5759058101694,2080,2080,4160,0.39066149317796606,1381,1.381,2.5,0.707627830028895,1302.4271753212727
nag,50,0.4970477192516426,0.40302871172155824,497.0477192516426,1238,1237,2475,0.4018170729600991,478,0.478,2.5,0.33288825375310943,467.7437129256445
nag,50,1.3503714582129078,1.0982568204877994,1350.3714582129078,3343,3341,6684,0.4041818192795294,4043,4.043,2.5,0.8413581548447936,4115.654450954005
nag,50,0.9987106849127954,0.8459901295822988,998.7106849127954,2457,2454,4911,0.4069725692391179,2102,2.102,2.5,0.7159389789328131,1285.1182499043414
nag,50,0.8330291729640651,0.6974414757382056,833.0291729640651,2063,2063,4126,0.403795042638907,1529,1.529,2.5,0.6213193684939179,1396.7750851566932
nag,50,0.9947800268053765,0.8300162349514328,994.7800268053765,2435,2435,4870,0.4085338919118589,2234,2.234,2.5,0.8246516175450975,2025.6949785266559
nag,50,1.2918077967465087,1.09232694766107,1291.8077967465088,3263,3263,6526,0.39589573911937137,4032,4.032,2.5,0.9769280445306158,3560.0138541429646
nag,50,0.8209865303204292,0.6942082431466552,820.9865303204292,1998,1997,3995,0.41110993005529756,1443,1.443,2.5,0.7913879638744827,1575.2329862600443
nag,50,0.510278099175767,0.42661985784183365,510.278099175767,1249,1249,2498,0.40854931879565015,542,0.542,2.5,0.3369251470497321,574.2663812995318
nag,50,0.8182368047046693,0.6831623077457574,818.2368047046693,2080,2078,4158,0.3937616962005146,1360,1.36,2.5,0.7044187893797054,1659.1845924125937
nag,50,1.3362633572225082,1.1236438026910942,1336.2633572225081,3255,3253,6508,0.41077877566016235,3984,3.984,2.5,1.017622688563681,4226.626996607564
nag,50,0.9721736473944453,0.7925888287840803,972.1736473944453,2453,2452,4905,0.39648191166168245,2241,2.241,2.5,0.822426811167758,2479.8773441906155
nag,50,1.1383855302179893,0.9339665186564668,1138.3855302179893,2887,2887,5774,0.3943143506123967,2924,2.924,2.5,1.059473247099951,3370.4458846036837
nag,50,0.34919898023047424,0.2871379319726661,349.19898023047426,861,861,1722,0.4055737284906786,258,0.258,2.5,0.26902282546022777,200.4772022937761
nag,50,0.17017953500861446,0.1412184608728662,170.17953500861447,422,421,843,0.4042269240109607,31,0.031,2.5,0.1148243080299609,24.590431725405274
nag,50,0.6698956159464933,0.5459780434969153,669.8956159464933,1677,1675,3352,0.39993768116208556,936,0.936,2.5,0.6882872667807585,1027.621341187603
nag,50,1.2782243980753387,1.077133577520554,1278.2243980753387,3260,3258,6518,0.3923340693908345,3749,3.749,2.5,0.8425192929168019,3403.940851789049
nag,50,0.8413493709867521,0.7157158904808953,841.3493709867521,2101,2099,4200,0.40083343067496524,1675,1.675,2.5,0.7091093290099246,1764.870076083783
nag,50,0.49330277302819386,0.40137600690792963,493.3027730281939,1247,1247,2494,0.39559163835460615,502,0.502,2.5,0.3981669855689688,524.0330611238752
nag,50,0.3089715407673165,0.26144445010850814,308.97154076731647,823,822,1645,0.3758777868215529,211,0.211,2.5,0.25276070613396856,242.99337815117278
nag,50,1.0053467278238173,0.8164211972732561,1005.3467278238172,2582,2578,5160,0.3899715778990757,2220,2.22,2.5,0.9640647684328165,2247.2607142498546
nag,50,0.168072161225512,0.13982390984649748,168.072161225512,388,388,776,0.43317567326162887,50,0.05,2.5,0.16031347759130565,40.70955690149334
nag,50,0.6568434412866905,0.5473018303824124,656.8434412866904,1631,1629,3260,0.40321880987519365,1019,1.019,2.5,0.6489141626889215,853.8317852989808
nag,50,1.4409028949887521,1.2076282554612985,1440.9028949887522,3645,3643,7288,0.39552646033180133,4778,4.778,2.5,1.4019590710224683,4034.1535693097867
nag,50,1.1579430882545194,0.9609249783524961,1157.9430882545194,2904,2903,5807,0.3988780875833687,3094,3.094,2.5,1.1688332294754127,3176.457640182012
nag,50,0.695142020886007,0.5727872382421451,695.142020886007,1702,1701,3403,0.4086666789453304,1017,1.017,2.5,0.7102138203169619,621.6321221388329
nag,50,0.9717438751545271,0.8263761656531715,971.7438751545271,2426,2423,4849,0.4010498865681086,2036,2.036,2.5,0.7602951651488098,1823.5520590035894
nag,50,0.36158234814016005,0.2867083057601772,361.58234814016004,839,839,1678,0.43096823377849824,215,0.215,2.5,0.3026376022855532,221.95987619718753
nag,50,0.4835215450343245,0.40249920400858313,483.5215450343245,1217,1217,2434,0.3973061175302584,538,0.538,2.5,0.34160458613980876,466.10513097551006
nag,50,0.9917974257895633,0.7844445982051348,991.7974257895634,2489,2487,4976,0.39879269231586784,2080,2.08,2.5,0.6560177961067466,2832.0950199267277
nag,50,0.9870140816436235,0.8026482955943117,987.0140816436235,2510,2507,5017,0.39370326351959456,2078,2.078,2.5,0.9293899853594139,2388.177550335689
nag,50,1.0011196762127903,0.8193175663107952,1001.1196762127903,2487,2485,4972,0.40286506085021745,2167,2.167,2.5,0.8258792061404316,2307.7155748076725
nag,50,0.971435468078975,0.8055935880693164,971.435468078975,2515,2513,5028,0.38656405415000994,2301,2.301,2.5,0.8340932379276872,2308.8089232797975
nag,50,0.6793168185565039,0.5516329531982832,679.3168185565039,1686,1685,3371,0.4031553819326433,900,0.9,2.5,0.551205608447714,925.5414790804667
nag,50,0.4950989558338535,0.39830682338107914,495.0989558338535,1229,1227,2456,0.40350363148643315,509,0.509,2.5,0.32077675484250734,533.3804981507521
nag,50,0.6882433345906279,0.560439800831311,688.2433345906279,1657,1657,3314,0.415355060102974,1057,1.057,2.5,0.5267958212212298,1023.6590505093036
nag,50,0.6943094110749981,0.5958604487799788,694.3094110749981,1692,1690,3382,0.41083397105029473,929,0.929,2.5,0.6087429210446128,930.5018423085729
nag,50,0.18115755899740923,0.14833949781550945,181.15755899740924,441,441,882,0.41078811564038376,30,0.03,2.5,0.13168101600098106,24.403407375244583
nag,50,0.6571273571428641,0.5352172272308605,657.1273571428641,1660,1660,3320,0.3958598537005205,915,0.915,2.5,0.46725129018757267,864.6051506713685
nag,50,1.0044554455575894,0.8289151682432889,1004.4554455575894,2470,2469,4939,0.40682683092652466,2067,2.067,2.5,0.6272290149522808,1910.0567169033184
nag,50,0.498040990232858,0.4199392665106144,498.040990232858,1228,1227,2455,0.4059013775328916,551,0.551,2.5,0.4510095397360045,528.679399411413
nag,50,0.48597394680543776,0.3915776581121778,485.9739468054378,1241,1241,2482,0.39159866785289105,459,0.459,2.5,0.47952437385693786,522.7100002094797
nag,50,1.4660372464946967,1.1147520748866127,1466.0372464946968,3606,3604,7210,0.40678059003737427,4863,4.863,2.5,1.1834768276673862,4287.8575788922835
nag,50,0.4916219763074358,0.41684612254011494,491.62197630743583,1254,1254,2508,0.3920430433073651,490,0.49,2.5,0.44122807982762474,545.4020365129519
nag,50,0.3540103688042893,0.2935606450251895,354.0103688042893,824,824,1648,0.42962423398578803,222,0.222,2.5,0.30966050019713615,247.31068352113624
nag,50,0.959248975936019,0.7723178207555117,959.248975936019,2424,2423,4847,0.3958930977862233,2015,2.015,2.5,0.7416787081914717,1668.8010851509675
nag,50,0.8331312833649666,0.7132004737196317,833.1312833649665,2097,2097,4194,0.3972967493395167,1526,1.526,2.5,0.7601854719976208,1394.429437962274
nag,50,1.0107253064325799,0.7929735952253723,1010.7253064325799,2536,2536,5072,0.3985509883409227,2307,2.307,2.5,0.8108684761025966,2782.398069479602
nag,50,0.6409528500393855,0.527041751709128,640.9528500393856,1622,1621,3243,0.3954058297590287,931,0.931,2.5,0.5493371917484733,772.745434535892
nag,50,0.8125506654266215,0.6775358763522401,812.5506654266214,2109,2108,4217,0.3854604674699343,1413,1.413,2.5,0.74378894470544,1203.0264817145724
nag,50,0.3293402162363968,0.2711089186259882,329.3402162363968,833,832,1665,0.39584160605336155,195,0.195,2.5,0.16712055751579818,173.5333110927185
nag,50,0.8279479803841916,0.6746109451932403,827.9479803841916,2075,2074,4149,0.3992034620945958,1561,1.561,2.5,0.5914524609899017,1889.0484780246397
nag,50,0.833178617720072,0.6477368499335467,833.178617720072,2059,2058,4117,0.4048486966569835,1414,1.414,2.5,0.7670627667844971,1449.8683187894105
nag,50,0.8038406621560635,0.6440614338639413,803.8406621560636,2037,2036,4073,0.394813684752487,1356,1.356,2.5,0.6788446711308026,1233.913045665511
nag,50,0.9621657851809989,0.8122264725206103,962.1657851809989,2423,2421,4844,0.397424942247418,2168,2.168,2.5,0.8809914595348696,1861.9300430897747
nag,50,0.6504934806276617,0.5377131625150036,650.4934806276617,1602,1601,3203,0.4063044850891079,912,0.912,2.5,0.4922906133707505,642.6889257341373
nag,50,0.8055474695870994,0.6579198228752425,805.5474695870994,2029,2026,4055,0.39760487146451107,1312,1.312,2.5,0.6920512906016708,1427.6967017127008
nag,50,1.1228977398619249,0.9185249175798872,1122.897739861925,2853,2853,5706,0.3935849070669208,2817,2.817,2.5,1.0461820250454497,2832.016397876141
nag,50,0.6724471911709738,0.5236492398452351,672.4471911709738,1640,1640,3280,0.41002877510425234,958,0.958,2.5,0.5716478491200506,1090.1675231539539
nag,50,1.14601070866108,0.960219354671843,1146.0107086610801,2842,2839,5681,0.40366703369534346,2903,2.903,2.5,0.9353985897814122,3120.188305918614
nag,50,0.5110450351542836,0.4198975368605311,511.0450351542836,1244,1244,2488,0.4108079060725752,550,0.55,2.5,0.37007522750533084,560.1330422458047
nag,50,0.6633713540094768,0.5419553546848239,663.3713540094768,1665,1665,3330,0.3984212336393254,838,0.838,2.5,0.6407633423877277,982.7822944823209
nag,50,0.8028437087320629,0.6596017961380847,802.8437087320629,2080,2078,4158,0.3863540465505596,1424,1.424,2.5,0.7348377535489433,1776.4688304505878
nag,50,0.6771892304704784,0.5374753243343061,677.1892304704784,1684,1684,3368,0.4021313720133482,968,0.968,2.5,0.5779924953850493,1032.7573052430903
nag,50,0.49629223759019964,0.40549901341607675,496.29223759019965,1229,1229,2458,0.4038179313183073,537,0.537,2.5,0.48241534382903367,477.1345552304397
nag,50,1.2838212596502385,1.0444221915396734,1283.8212596502385,3236,3235,6471,0.3968535578516966,3806,3.806,2.5,1.106343900629941,4253.463744650438
nag,50,0.5094160099688434,0.43235730827353547,509.41600996884335,1294,1293,2587,0.39397989943452694,574,0.574,2.5,0.48179368570049935,546.4687234937671
nag,50,0.8240562063907475,0.6642895360495334,824.0562063907475,2065,2063,4128,0.39944556780937834,1543,1.543,2.5,0.5125411081692074,1060.8646011557544
nag,50,0.9460821482155397,0.7963754502268471,946.0821482155397,2415,2413,4828,0.3920771438937173,2031,2.031,2.5,0.9367671968523841,2581.820873654136
nag,50,1.0291836735530528,0.8030209659569685,1029.1836735530528,2537,2535,5072,0.40598961481382756,2376,2.376,2.5,0.7086999065724149,2851.3861545983314
nag,50,0.670479807939008,0.5541053229680056,670.479807939008,1669,1668,3337,0.4019663117140336,955,0.955,2.5,0.48065914002055526,1062.066991170136
nag,50,1.33104545873706,1.086577441968654,1331.04545873706,3233,3233,6466,0.41170598785557067,3803,3.803,2.5,1.0034958118752688,4712.052707794385
nag,50,0.6871252999196136,0.5501678971288839,687.1252999196136,1727,1727,3454,0.39787220609126434,945,0.945,2.5,0.6578529114541435,1153.753922460784
nag,50,1.4781414802831723,1.2436169082236785,1478.1414802831723,3716,3714,7430,0.397991782521048,5048,5.048,2.5,1.2749816007093406,5707.59574043865
nag,50,0.4827307341317946,0.4052094707134695,482.73073413179463,1258,1258,2516,0.3837287234751945,517,0.517,2.5,0.385653650618019,428.21791752484904
nag,50,0.9998717591344193,0.8299164531841948,999.8717591344193,2471,2470,4941,0.4048063802163641,2079,2.079,2.5,0.8514014935831509,2102.852916211202
nag,50,1.7920308520858859,1.4816686303596514,1792.030852085886,4469,4468,8937,0.4010812112994373,7475,7.475,2.5,1.5585272865575952,6730.3552030963
nag,50,0.670484905865384,0.5568797849935951,670.484905865384,1691,1690,3381,0.3967366306895763,966,0.966,2.5,0.7014335788541821,1002.7761885316454
nag,50,0.4879561876434677,0.4125112661472647,487.95618764346773,1230,1229,2459,0.39703514047474997,444,0.444,2.5,0.28778697488849875,466.01300849501524
nag,50,0.5098978737949728,0.4301196424997513,509.8978737949728,1272,1271,2543,0.4011785002320793,548,0.548,2.5,0.5045519064765598,691.3951485067088
nag,50,1.3239589032148666,1.0909229122909014,1323.9589032148667,3259,3258,6517,0.4063716707227952,3921,3.921,2.5,1.172473607693091,3982.3557018328047
nag,50,0.650172850749611,0.5528765712086346,650.1728507496109,1636,1636,3272,0.39741616793985995,823,0.823,2.5,0.5750611297124304,918.8083794080666
nag,50,0.33001586501026003,0.2717498032876854,330.01586501026003,852,851,1703,0.38779772621652175,192,0.192,2.5,0.29942588340928067,178.0169340423521
nag,50,0.16632226019241467,0.13865916595690134,166.32226019241466,424,424,848,0.39226948158588365,33,0.033,2.5,0.11487355306843179,29.40739520253407
nag,50,1.1418881602997726,0.91941413056551,1141.8881602997726,2888,2887,5775,0.3955275927605724,2878,2.878,2.5,0.8288544236516949,3031.423337539951
nag,50,0.48707456695874773,0.4002587261512167,487.0745669587477,1221,1221,2442,0.3989144692536836,468,0.468,2.5,0.4264064019595476,371.6702359845757
nag,50,0.9620937723082755,0.8118895001521317,962.0937723082756,2457,2457,4914,0.3915725569020251,2306,2.306,2.5,0.8315116589206782,2011.3714044203116
nag,50,0.4987543178976464,0.39914376256639533,498.7543178976464,1233,1233,2466,0.4045047184895753,571,0.571,2.5,0.3994895158334111,607.4409094816303
nag,50,0.6516914092364642,0.5473082222967715,651.6914092364642,1651,1650,3301,0.39496449044634196,883,0.883,2.5,0.4209116255280773,803.6881816209732
nag,50,0.3315004101107825,0.27562915944341354,331.5004101107825,822,822,1644,0.40328517045107365,197,0.197,2.5,0.2565276843558674,202.82708977835577
nag,50,0.5094762454307138,0.417491284335194,509.47624543071385,1265,1264,2529,0.4030666498660711,509,0.509,2.5,0.43334319912878766,608.3698762257524
nag,50,0.9695181359822562,0.7998193109880646,969.5181359822562,2485,2484,4969,0.39030520772232535,2155,2.155,2.5,0.8562001338727734,1964.1068967087813
nag,50,0.8277968854832352,0.6782000268195031,827.7968854832352,2023,2022,4045,0.4093950966781579,1445,1.445,2.5,0.6850802274987537,1378.0610307425745
nag,50,1.324260248129883,1.0472312880825216,1324.2602481298832,3369,3369,6738,0.39307220187886116,3923,3.923,2.5,0.9114076202792732,3259.0637129286924
nag,50,0.6654831506568399,0.5614931554427837,665.4831506568399,1711,1711,3422,0.3889439805124722,923,0.923,2.5,0.5346146663079862,758.3583030241011
nag,50,0.6775196689448921,0.5740318066310912,677.5196689448921,1639,1639,3278,0.4133738065557609,907,0.907,2.5,0.5443983221898743,1081.151500219835
nag,50,0.9701999628336256,0.7944965706929792,970.1999628336256,2473,2471,4944,0.3926345458654899,2017,2.017,2.5,0.7576574999255148,2150.1236128540836
nag,50,0.9884390232925468,0.804252090060694,988.4390232925468,2423,2421,4844,0.408277167820135,2139,2.139,2.5,0.6944545979011127,2430.102096702886
nag,50,1.949545780663729,1.5565494898425798,1949.5457806637291,4846,4845,9691,0.4023830300647532,8740,8.74,2.5,1.3949633038103715,8202.595035401755
nag,50,1.1289149054496959,0.9112062940212917,1128.9149054496959,2885,2885,5770,0.3913049932234648,3221,3.221,2.5,0.7057236264824179,3225.3290000294387
nag,50,0.6604363609175801,0.5389040605719458,660.43636091758,1634,1634,3268,0.4041838194110037,908,0.908,2.5,0.4736232800528774,1125.6219637486345
nag,50,0.6487985769301626,0.5277922252514143,648.7985769301627,1633,1632,3265,0.39754814762877616,960,0.96,2.5,0.49122363358570326,840.1142185440902
nag,50,0.4980086380056017,0.41666100256389355,498.0086380056017,1264,1264,2528,0.3939941756373431,499,0.499,2.5,0.29811176160238195,505.5370147255751
nag,50,0.5024436354189957,0.40384282821718126,502.4436354189957,1239,1238,2477,0.4058510786906266,564,0.564,2.5,0.43244366631767106,599.6372323483258
nag,50,0.9780411539309931,0.8029498835946756,978.0411539309931,2472,2471,4943,0.39580783242856865,2088,2.088,2.5,0.5957683286089009,2316.4753380394864
nag,50,1.1211880719880625,0.9799745745468486,1121.1880719880626,2870,2867,5737,0.39106664526964163,3052,3.052,2.5,1.2653825995764707,2896.8087310376227
nag,50,0.6434434546266276,0.5342409473843817,643.4434546266275,1675,1675,3350,0.38414534604574774,958,0.958,2.5,0.40194191256378325,1180.1709234689565
nag,50,0.49890707212822694,0.41681139674166356,498.90707212822696,1246,1246,2492,0.4004069599745,503,0.503,2.5,0.4508148912053817,555.7577611452256
nag,50,1.1422516616235987,0.9409699646378098,1142.2516616235987,2868,2866,5734,0.39855256860558225,2987,2.987,2.5,1.0619101406937332,2155.0626640355404
nag,50,0.8168639617702629,0.6702770302676544,816.8639617702629,2020,2019,4039,0.40458839116902573,1281,1.281,2.5,0.7220918264630474,1085.536060629414
nag,50,1.0024925885150693,0.8276439204987446,1002.4925885150692,2481,2481,4962,0.40406795184001176,2191,2.191,2.5,0.984732099038189,2370.9192155014966
nag,50,0.8065103881751061,0.7071888334232879,806.5103881751061,2013,2013,4026,0.40065096282916346,1445,1.445,2.5,0.7060385991053111,1564.8049059452296
nag,50,1.3068542385092279,1.0483085314985048,1306.8542385092278,3351,3351,6702,0.3899893281137654,3913,3.913,2.5,1.1299902771290364,4207.620798710399
nag,50,1.1754391573401457,0.9329531939130574,1175.4391573401458,2962,2962,5924,0.39683968850106205,3129,3.129,2.5,1.0393317188193723,3444.4241741782243
nag,50,0.625974578663949,0.523710092116719,625.974578663949,1602,1601,3203,0.39098974307554596,906,0.906,2.5,0.3668138172098366,770.0761160041089
nag,50,0.9735921171580475,0.7794591753320276,973.5921171580475,2439,2439,4878,0.3991767598023975,2168,2.168,2.5,0.7903674895408993,2590.0982004958846
nag,50,0.984671214516336,0.8125910381443413,984.671214516336,2459,2457,4916,0.4007615850697338,2110,2.11,2.5,0.7427683332733472,2832.228495872353
nag,50,0.6836603470902317,0.5528844054857894,683.6603470902318,1694,1694,3388,0.40357753665302937,1051,1.051,2.5,0.37330771125184886,811.1648587435897
nag,50,0.8222782967637298,0.6667028427519024,822.2782967637297,2121,2121,4242,0.38768425118516253,1472,1.472,2.5,0.8049136592523337,1331.3281109097625
nag,50,0.8157024431836394,0.7000042225813947,815.7024431836394,2061,2059,4120,0.3961643726001163,1396,1.396,2.5,0.6409084331655127,1910.844995793184
nag,50,0.6769415603665755,0.5654519415467802,676.9415603665755,1701,1700,3401,0.39820091786269146,935,0.935,2.5,0.4353932189365946,697.8208679164418
nag,50,1.805719210313356,1.460126448554928,1805.719210313356,4421,4420,8841,0.408533757989447,7122,7.122,2.5,1.6817422721398685,7362.160302194347
nag,50,0.6457481316604604,0.5491030214127236,645.7481316604604,1635,1634,3269,0.39519469501864163,933,0.933,2.5,0.6921408129356428,940.9564986213808
nag,50,0.3200584594664102,0.27858368146129237,320.0584594664102,823,822,1645,0.38936552246521927,203,0.203,2.5,0.24978431787186137,260.2948877211227
nag,50,0.4602846303901989,0.3829973604099175,460.2846303901989,1199,1198,2397,0.38421087678647653,444,0.444,2.5,0.36599889666722335,521.4384417567886
nag,50,0.6493515856335398,0.540935869272307,649.3515856335398,1643,1643,3286,0.39522311967957385,967,0.967,2.5,0.5370537073192999,974.8505074179611
nag,50,1.4486750281961636,1.2030550665768656,1448.6750281961636,3668,3667,7335,0.3950572752102982,5019,5.019,2.5,1.2976827429101467,4577.105794048659
nag,50,0.48587251139069737,0.4008115932945719,485.87251139069735,1246,1244,2490,0.3905727583526506,507,0.507,2.5,0.36800156234702963,452.5183071413375
nag,50,0.488926090134461,0.420746360412324,488.926090134461,1244,1243,2487,0.39334359624654947,508,0.508,2.5,0.4310514000732128,401.5458015531195
nag,50,1.2532108889918905,1.0281508773209502,1253.2108889918904,3208,3208,6416,0.39065177337652446,3601,3.601,2.5,1.0552202229795096,4405.045369217373
nag,50,0.4797582290038719,0.3958875050500257,479.75822900387186,1207,1206,2413,0.3978094767859634,426,0.426,2.5,0.2940407645559105,518.2154407192479
nag,50,0.4699358222434807,0.38514721275515124,469.9358222434807,1199,1199,2398,0.39193980170432086,433,0.433,2.5,0.2903501874790744,495.7166931117698
nag,50,0.975081175716336,0.8280369883459425,975.081175716336,2545,2542,5087,0.38358818871610384,2127,2.127,2.5,0.6876611622203719,2635.26606671224
nag,50,0.6211014887974224,0.5051163671504347,621.1014887974225,1665,1665,3330,0.37303392720565914,902,0.902,2.5,0.5135372776966921,868.2356168515005
nag,50,0.3596822190136606,0.30025036442898223,359.6822190136606,799,798,1597,0.4507295977614794,230,0.23,2.5,0.4717517398525497,228.6502310797115
nag,50,0.9602826088524727,0.8010305098523489,960.2826088524728,2387,2386,4773,0.4024654689239199,2029,2.029,2.5,0.7770761682714328,2099.687403699316
nag,50,1.0062228696564064,0.8428953520126188,1006.2228696564064,2440,2439,4879,0.41255550211414777,2214,2.214,2.5,0.672624103496679,2216.0589998514665
nag,50,0.3267361555580398,0.2716190320125428,326.7361555580398,801,800,1601,0.40842019444754973,189,0.189,2.5,0.28260393645618637,165.0250085374702
nag,50,1.1700767222126294,0.9638625762122799,1170.0767222126294,2896,2895,5791,0.40417157934805853,3106,3.106,2.5,1.1117022320317218,3238.10810975223
nag,50,0.9927034677644531,0.8358663139211474,992.7034677644531,2519,2516,5035,0.39455622725137246,2253,2.253,2.5,0.7174319041026068,2872.9747567419918
nag,50,1.1566302521607759,0.9088403051648549,1156.6302521607759,2853,2853,5706,0.4054084304804682,3031,3.031,2.5,0.8372578029866103,3262.011846806724
nag,50,0.4930752185006258,0.41634078843332706,493.0752185006258,1212,1211,2423,0.4071636816685597,476,0.476,2.5,0.36449354153845037,417.7332034922932
nag,50,0.6840796353281163,0.5723688754651907,684.0796353281163,1672,1671,3343,0.40938338439743643,1010,1.01,2.5,0.5378253694830717,969.3992565886044
nag,50,0.4676071694743498,0.3988660941554958,467.6071694743498,1212,1211,2423,0.38613308792266704,402,0.402,2.5,0.35815898661672757,434.7852162770514
nag,50,0.6570496037742892,0.5416127380956898,657.0496037742893,1624,1624,3248,0.40458719444229635,906,0.906,2.5,0.6113842531802091,952.7396538126158
nag,50,0.6393179773722941,0.5234537666459445,639.3179773722941,1613,1613,3226,0.3963533647689362,836,0.836,2.5,0.499242070352597,952.9123560068812
nag,50,0.47384491987299393,0.39785596847289245,473.84491987299396,1234,1233,2467,0.3843024492076188,559,0.559,2.5,0.41104400766417176,596.3014605010449
nag,50,0.6246349180837091,0.5283303214762968,624.6349180837091,1579,1578,3157,0.39583961855748356,899,0.899,2.5,0.3278781807519313,1011.5877377236653
nag,50,1.4401369022466601,1.2274088450173755,1440.1369022466602,3617,3614,7231,0.39848835147943,4929,4.929,2.5,1.1694413894619644,6519.063848803239
nag,50,0.9968890538827249,0.8298961746193241,996.8890538827249,2482,2481,4963,0.40180937278626555,2193,2.193,2.5,0.8746353356951719,2546.966221273261
nag,50,0.6708891971467698,0.5507982387999957,670.8891971467698,1732,1732,3464,0.3873494209854329,901,0.901,2.5,0.4640703051864675,993.5535851909673
nag,50,0.6650824149777573,0.5318133515407218,665.0824149777574,1638,1637,3275,0.4062812553315561,914,0.914,2.5,0.455329677287516,784.0257850776242
nag,50,0.660761978322917,0.5351972314282607,660.761978322917,1636,1635,3271,0.40413576655835903,842,0.842,2.5,0.5563674150822268,938.3738575224663
nag,50,0.8162548754175127,0.6859434363892516,816.2548754175127,2036,2035,4071,0.40110804688821267,1566,1.566,2.5,0.7216923626526792,1603.3644682732258
nag,50,0.4838108822075477,0.39225088489519044,483.8108822075477,1206,1206,2412,0.40116988574423523,505,0.505,2.5,0.45235097700435944,412.43622001283876
nag,50,0.49702402349921615,0.4019881743152143,497.0240234992161,1228,1227,2455,0.4050725537890922,573,0.573,2.5,0.36262189881775875,517.7132484049235
nag,50,0.17391740138941153,0.14367013888336583,173.91740138941154,422,422,844,0.4121265435768046,50,0.05,2.5,0.13809351735991163,40.80481551852352
nag,50,0.6677223020162546,0.5437518998096329,667.7223020162546,1646,1646,3292,0.4056636099734232,986,0.986,2.5,0.435308334286851,1025.3159485626695
nag,50,1.271673585920161,1.062029704078585,1271.673585920161,3251,3250,6501,0.39128418028312645,3688,3.688,2.5,1.1967699603495325,3218.081176293041
nag,50,0.8523167683232751,0.7000019074626614,852.316768323275,2052,2050,4102,0.41576427723086584,1545,1.545,2.5,0.7608933504685972,1405.5839796443208
nag,50,0.8225407905665868,0.6645085288602158,822.5407905665868,1998,1998,3996,0.41168207736065404,1347,1.347,2.5,0.5200808313968222,1419.412669708609
nag,50,1.6186029729351221,1.2981430863417762,1618.6029729351221,4075,4074,8149,0.39730068064190527,6107,6.107,2.5,0.7968450705005999,6611.035196735273
nag,50,0.6889367927686255,0.5645283641947682,688.9367927686255,1717,1716,3433,0.401478317464234,944,0.944,2.5,0.4352528517264439,653.4750546868327
nag,50,0.667492256225471,0.5722921779936778,667.492256225471,1610,1610,3220,0.4145914634940814,978,0.978,2.5,0.4358747479003353,998.1659356617292
nag,50,0.3447574254531602,0.2855036975614935,344.7574254531602,831,831,1662,0.4148705480784118,195,0.195,2.5,0.2623490842319676,251.2363870689497
nag,50,0.7977372855910065,0.6918853525242475,797.7372855910065,2079,2078,4157,0.3838966725654507,1419,1.419,2.5,0.6679963487935999,1565.6130347443955
nag,50,0.8418679221605017,0.6952759685562158,841.8679221605016,2065,2065,4130,0.4076842238065383,1657,1.657,2.5,0.6371200959171353,1594.806551588437
nag,50,1.8259695352800986,1.5167312131782267,1825.9695352800986,4489,4485,8974,0.4071281015117277,7617,7.617,2.5,1.8213909825214434,6478.454022930241
nag,50,0.8270565807467423,0.6621263345194468,827.0565807467423,2068,2067,4135,0.4001241319529474,1583,1.583,2.5,0.7836541578971885,1289.9076785654267
nag,50,0.6982494370328429,0.582827125695045,698.2494370328429,1667,1666,3333,0.4191173091433631,1045,1.045,2.5,0.6180871248114461,895.3709056931415
nag,50,0.9702837978527915,0.8057274491737253,970.2837978527915,2438,2438,4876,0.39798351019392597,2090,2.09,2.5,0.7526899810418579,2272.8804837004423
nag,50,0.3310648755081396,0.26553401444040614,331.0648755081396,846,846,1692,0.3913296400805433,254,0.254,2.5,0.31007017430483624,256.6023236237301
nag,50,0.8218308629469209,0.6698643657887698,821.8308629469209,2008,2005,4013,0.40989070471168126,1470,1.47,2.5,0.5921467960998164,1602.9881906410953
nag,50,0.6755178450504007,0.5548692379876855,675.5178450504006,1702,1702,3404,0.3968965012047007,1070,1.07,2.5,0.4929773149806142,1113.0527331329126
nag,50,0.5061745362667252,0.40973660130577333,506.1745362667251,1273,1272,2545,0.3979359561845323,579,0.579,2.5,0.46739116768780864,703.7190676694099
nag,50,1.2939312986966585,1.0636910827774173,1293.9312986966584,3183,3183,6366,0.4065131318556891,3874,3.874,2.5,1.3380757746886562,3737.3747858120446
nag,50,1.1458849159001379,0.9557790621459751,1145.884915900138,2820,2818,5638,0.40663055922645064,2857,2.857,2.5,0.8458058349715,3137.424596891387
nag,50,1.3148311163692865,1.08466845327067,1314.8311163692865,3318,3317,6635,0.3963916540154617,4055,4.055,2.5,1.247473180966382,3425.2437768357518
nag,50,1.3455034797394418,1.121249503667741,1345.503479739442,3274,3273,6547,0.4110918056032514,3944,3.944,2.5,1.4111284969168225,4809.597704364967
nag,50,0.8291845733321407,0.6809746061486417,829.1845733321406,2065,2064,4129,0.40173671188572707,1523,1.523,2.5,0.6317657237385884,1395.6319170740117
nag,50,0.864322537870235,0.721895145791691,864.322537870235,2104,2104,4208,0.41079968529954136,1674,1.674,2.5,0.7971509390860189,1766.4902246447994
nag,50,0.5066828575469948,0.4172431801441661,506.68285754699485,1244,1244,2488,0.4073013324332756,577,0.577,2.5,0.38263364901371466,547.1718264950762
nag,50,0.9471188919682766,0.7911750339060354,947.1188919682766,2450,2449,4899,0.3867369914121178,1941,1.941,2.5,0.703644626501989,1750.9164355699904
nag,50,0.30661797246658634,0.2555781447745354,306.61797246658637,789,789,1578,0.3886159346851538,188,0.188,2.5,0.19167872010545323,162.85164719020887
nag,50,0.8474769303803773,0.6906885685883669,847.4769303803773,2107,2107,4214,0.402219710669377,1645,1.645,2.5,0.5401584267299895,1735.5234395577756
nag,50,1.1494115350668703,0.9311738520452696,1149.4115350668703,2876,2875,5751,0.3997953165449984,3010,3.01,2.5,0.7803812425078913,3030.6317294995174
nag,50,0.8440822735995864,0.6954821737495367,844.0822735995864,2057,2056,4113,0.41054585291808676,1546,1.546,2.5,0.724360195599815,1463.5740714957926
nag,50,1.1181470860160685,0.9292397590807119,1118.1470860160684,2864,2863,5727,0.39055085086135816,2777,2.777,2.5,0.7727542591945112,2637.009420856351
nag,50,0.5219764655214988,0.4254780622361688,521.9764655214988,1253,1251,2504,0.4172473745175849,633,0.633,2.5,0.40670563622835515,490.5123051214446
nag,50,1.1154934912293306,0.918374860460962,1115.4934912293306,2798,2796,5594,0.398960476119217,2724,2.724,2.5,1.0580595220662885,3251.8546581746855
nag,50,0.645119039483356,0.5384990830182438,645.119039483356,1591,1591,3182,0.40548022594805533,916,0.916,2.5,0.4662752018734155,919.9418858494689
nag,50,0.6865282571585972,0.5766464846247331,686.5282571585972,1690,1689,3379,0.406470252906215,1029,1.029,2.5,0.4389727583325222,1037.2067251011754
nag,50,0.8298999068243796,0.6846761385905898,829.8999068243796,2073,2072,4145,0.4005308430619593,1546,1.546,2.5,0.5386802904292773,1547.5090779670115
nag,50,0.8123781351209446,0.6535691583433767,812.3781351209445,2041,2039,4080,0.39841987990237593,1392,1.392,2.5,0.5932649521196838,1617.0665335370759
nag,50,0.5001293237857488,0.4011312725526899,500.1293237857488,1256,1256,2512,0.398192136772093,521,0.521,2.5,0.2769836233513054,597.8185380547312
nag,50,1.6425406637789457,1.3799598708773775,1642.5406637789456,4091,4087,8178,0.40189397205259253,6112,6.112,2.5,1.2680483883713862,6877.6612023865855
nag,50,0.49242683691313355,0.4013066241279356,492.42683691313357,1289,1288,2577,0.38231897275864407,492,0.492,2.5,0.502182559085467,468.4290555389317
nag,50,0.8085110662142659,0.6734035116474054,808.511066214266,2041,2041,4082,0.3961347703156619,1451,1.451,2.5,0.5790622452335595,1379.3732435657623
nag,50,1.2582593620903963,1.0298628342607017,1258.2593620903963,3165,3165,6330,0.39755430081845067,3712,3.712,2.5,0.8972882303830196,3899.62899571155
nag,50,0.3413292780506861,0.283391913791478,341.32927805068607,859,859,1718,0.39735655186342966,245,0.245,2.5,0.307456293526909,246.14123433550267
nag,50,0.6945572575904754,0.5752965212009736,694.5572575904754,1725,1724,3449,0.4028754394376307,1002,1.002,2.5,0.6686904276414085,1196.2762944592275
nag,50,0.8426445412090838,0.6991238864649217,842.6445412090839,2162,2161,4323,0.38993268912960843,1657,1.657,2.5,0.6052401431061588,1829.7073800196006
nag,50,0.6241394974743294,0.5305914675025474,624.1394974743293,1593,1593,3186,0.39180131668193935,840,0.84,2.5,0.40441141436101147,858.8447343358587
nag,50,1.2941700905934403,1.0374132849626052,1294.1700905934404,3200,3198,6398,0.40468107898481565,3659,3.659,2.5,1.0138530839547861,4597.252898121235
nag,50,1.4460006844883793,1.2289173344922637,1446.0006844883792,3691,3691,7382,0.39176393510928725,5030,5.03,2.5,1.1624157675379785,5105.554177832473
nag,50,0.8489329129584132,0.6812529258828393,848.9329129584132,2131,2130,4261,0.3985600530321189,1585,1.585,2.5,0.49352300298661156,1757.7018126337664
nag,50,0.8605122186848241,0.6857229672497933,860.5122186848241,2095,2095,4190,0.4107456891097013,1518,1.518,2.5,0.6582208118202113,2142.702600294694
nag,50,0.8457609804180386,0.685935431401712,845.7609804180386,2042,2040,4082,0.4145887158911954,1524,1.524,2.5,0.5826656864466844,1674.654466653152
nag,50,0.769111352902062,0.6518981449466971,769.111352902062,2017,2017,4034,0.3813145031740516,1406,1.406,2.5,0.6102252557416922,1384.7557092856914
nag,50,0.8286954655260977,0.663166209863142,828.6954655260978,2097,2097,4194,0.3951814332504043,1433,1.433,2.5,0.7026953437172678,1494.8114568582387
nag,50,0.33768955497575887,0.2779060880247744,337.6895549757589,831,831,1662,0.40636528877949324,237,0.237,2.5,0.3294534698921786,193.04384304965555
nag,50,0.6616245927233403,0.5300205551154055,661.6245927233402,1691,1691,3382,0.3912623256790894,928,0.928,2.5,0.4726584762470022,955.7052821203797
nag,50,0.6433435733355198,0.5318475926805918,643.3435733355199,1666,1666,3332,0.38616060824460974,954,0.954,2.5,0.3825488622620227,1214.380028237859
nag,50,0.4942459215928401,0.3945763281821329,494.2459215928401,1245,1245,2490,0.3969846759781848,484,0.484,2.5,0.5452888586187712,460.3686005750918
nag,50,0.5065262054773854,0.4267992999666037,506.52620547738536,1208,1208,2416,0.4193097727461799,555,0.555,2.5,0.4827098447779679,523.0682757143005
nag,50,0.7994941148244565,0.6764607324172348,799.4941148244566,2072,2072,4144,0.3858562330233864,1366,1.366,2.5,0.4123105012611549,1307.2336969560515
nag,50,0.8235901855518012,0.705829537023503,823.5901855518011,2073,2072,4145,0.3974856107875488,1492,1.492,2.5,0.8676504749611109,1962.5548670926337
nag,50,0.6963271636775435,0.5737335391149162,696.3271636775436,1665,1665,3330,0.41821451271924537,977,0.977,2.5,0.5485168592859967,1241.7000034185019
nag,50,0.6873522926243397,0.574061291034208,687.3522926243397,1669,1669,3338,0.41183480684502083,1050,1.05,2.5,0.5208598468846015,1160.9263037238359
nag,50,0.3196530796500939,0.26862542270808476,319.6530796500939,830,830,1660,0.38512419234951073,214,0.214,2.5,0.26792590484398476,284.99587003791066
nag,50,1.2445282441957766,1.0048197999983572,1244.5282441957766,3192,3190,6382,0.39013424582939704,3446,3.446,2.5,1.0816340740768766,3046.946437755901
nag,50,0.6667143698446379,0.5641251341273914,666.714369844638,1677,1676,3353,0.39780093666147853,962,0.962,2.5,0.4186216136394215,1131.1440984041735
nag,50,0.7923760188816368,0.6637707328913723,792.3760188816368,2039,2039,4078,0.3886101122519062,1493,1.493,2.5,0.5922660084007971,1579.3806876988383
nag,50,0.4991301763730542,0.41803996666029697,499.13017637305416,1245,1243,2488,0.4015528369855625,538,0.538,2.5,0.36975141734995115,584.2693100973024
nag,50,0.48698894456313757,0.405999815776195,486.9889445631376,1226,1226,2452,0.3972177361852672,468,0.468,2.5,0.5230865239364169,505.6579721648418
nag,50,0.16785132856224802,0.13967726006213627,167.85132856224803,417,417,834,0.4025211716121056,37,0.037,2.5,0.12414600963787581,40.14386448673941
nag,50,0.7876627985957375,0.6395703867403455,787.6627985957375,2067,2067,4134,0.3810656984014211,1497,1.497,2.5,0.3984187463541901,1128.8799806333127
nag,50,0.8294740448278628,0.6581879711975873,829.4740448278628,2095,2093,4188,0.3963086692918599,1473,1.473,2.5,0.5317908970685874,1328.4479092772963
nag,50,0.8362023861509525,0.6702904567776908,836.2023861509525,1990,1988,3978,0.42062494273186746,1430,1.43,2.5,0.5864787446917268,1214.6599003260396
nag,50,0.4944921002946119,0.41784048922815736,494.4921002946119,1239,1238,2477,0.3994281908680225,453,0.453,2.5,0.4059754734997248,544.3622647911413
nag,50,1.3174253749021896,1.07768216851509,1317.4253749021896,3323,3322,6645,0.3965759707712792,3927,3.927,2.5,1.1814196804417707,4855.630328489858
nag,50,0.9742411390616009,0.8057388958316647,974.241139061601,2534,2534,5068,0.3844676949730075,2296,2.296,2.5,0.8303242291162412,1980.5924766735648
nag,50,1.3143966129325477,1.0802020349199766,1314.3966129325477,3424,3422,6846,0.3841018740305516,4111,4.111,2.5,1.2261722661130021,3074.6419667410178
nag,50,1.1142012352811268,0.8881168705976739,1114.2012352811269,2835,2832,5667,0.3934326395766691,2951,2.951,2.5,0.9899345871665797,2106.7516490447497
nag,50,0.8445425731950386,0.6879785842306191,844.5425731950386,2045,2044,4089,0.41318129804062553,1570,1.57,2.5,0.9590564306483803,1742.2947733319193
nag,50,1.0126363571968975,0.8546089607401673,1012.6363571968975,2488,2486,4974,0.4073356223639974,2253,2.253,2.5,0.7278440384096557,2607.288254886341
nag,50,0.16581233158870454,0.13831860228182202,165.81233158870452,425,425,850,0.3901466625616577,35,0.035,2.5,0.1490717458136399,46.731864353800084
nag,50,1.00097298037088,0.8117063732581127,1000.9729803708799,2470,2469,4939,0.4054163549497286,2181,2.181,2.5,0.7699388550155627,2217.79059144454
nag,50,0.34168724397725203,0.2896204435588421,341.687243977252,852,851,1703,0.4015126251201551,223,0.223,2.5,0.2668802081422085,199.37076213027788
nag,50,1.4751311082427838,1.185433805739209,1475.1311082427837,3661,3660,7321,0.40304128640513215,5035,5.035,2.5,1.4500303330719961,4575.706780081989
nag,50,0.7921089141987976,0.652295374457945,792.1089141987976,2039,2037,4076,0.3888605371619036,1472,1.472,2.5,0.514445078869187,1400.474092822966
nag,50,0.823418399666339,0.6726831196895273,823.418399666339,2062,2061,4123,0.399523726184541,1514,1.514,2.5,0.6004490406500003,1720.3566256660476
nag,50,0.8744913025409958,0.6920016562232685,874.4913025409958,2145,2145,4290,0.40768825293286515,1716,1.716,2.5,0.7416384017246062,1679.6532534242665
bg,50,0.0006108877769012367,0.0006105145930252693,0.6108877769012366,20,20,40,0.03054438884506183,0,0.0,2.5,0.0005914354690163136,0.0
bg,50,0.00047845328468896754,0.0004782243671433379,0.47845328468896753,21,21,42,0.022783489747093693,0,0.0,2.5,0.0004545446426069694,0.0
bg,50,0.0011008134690820234,0.0010996016787883111,1.1008134690820235,38,38,76,0.02896877550215851,0,0.0,2.5,0.0013155861645231305,0.0
bg,50,0.000911198113679724,0.0009103678316773506,0.911198113679724,31,31,62,0.029393487538055613,0,0.0,2.5,0.0009239316149465615,0.0
bg,50,0.0006332038052426015,0.0006328028581836278,0.6332038052426014,17,17,34,0.0372472826613295,0,0.0,2.5,0.0008149832762148111,0.0
bg,50,0.0010257587308582004,0.0010247065498842686,1.0257587308582004,22,22,44,0.04662539685719092,0,0.0,2.5,0.0009134994890841352,0.0
bg,50,0.0009131437544138876,0.0009123099228976626,0.9131437544138876,26,26,52,0.03512091363130337,0,0.0,2.5,0.0007856455588933113,0.0
bg,50,0.0011826378658750302,0.0011812392335532288,1.18263786587503,33,33,66,0.035837511087122124,0,0.0,2.5,0.0011681568401901029,0.0
bg,50,0.0008257283777657904,0.0008250465504119425,0.8257283777657904,30,30,60,0.027524279258859682,0,0.0,2.5,0.0008387814904854163,0.0
bg,50,0.0008434569474456381,0.000842745527823444,0.8434569474456381,26,26,52,0.03244065182483224,0,0.0,2.5,0.0009263466267906591,0.0
bg,50,0.0006826363967636695,0.0006821704043134829,0.6826363967636695,24,24,48,0.028443183198486228,0,0.0,2.5,0.0006070830525988088,0.0
bg,50,0.0008653330350303001,0.0008645842337687852,0.8653330350303001,21,21,42,0.04120633500144286,0,0.0,2.5,0.0008948313323736349,0.0
bg,50,0.0007472806589030086,0.000746722230519838,0.7472806589030085,22,22,44,0.03396730267740948,0,0.0,2.5,0.0007421952279145057,0.0
bg,50,0.0006296563789780265,0.0006292599118224389,0.6296563789780265,28,28,56,0.022487727820643805,0,0.0,2.5,0.0006121177472930053,0.0
bg,50,0.000716422657285408,0.000715909395861536,0.716422657285408,26,26,52,0.027554717587900308,0,0.0,2.5,0.0006389142375358681,0.0
bg,50,0.0005957969206511891,0.0005954419466805315,0.595796920651189,23,23,46,0.025904213941356048,0,0.0,2.5,0.0005806347261108931,0.0
bg,50,0.0010365380476806791,0.0010354636365563893,1.0365380476806791,27,27,54,0.03839029806224738,0,0.0,2.5,0.0009105866759489166,0.0
bg,50,0.0005502545212527607,0.0005499517412146017,0.5502545212527608,22,22,44,0.025011569147852762,0,0.0,2.5,0.0007082361823715774,0.0
bg,50,0.00028020299643225145,0.0002801244827130419,0.28020299643225144,12,12,24,0.02335024970268762,0,0.0,2.5,0.0002834925417087895,0.0
bg,50,0.0006137177052245839,0.0006133410558028778,0.6137177052245839,25,25,50,0.024548708208983357,0,0.0,2.5,0.0005906476479701774,0.0
bg,50,0.0012305957890086034,0.0012290814230126773,1.2305957890086034,34,34,68,0.03619399379437069,0,0.0,2.5,0.0011320310339406022,0.0
bg,50,0.0008718318802727794,0.0008710717894453195,0.8718318802727794,26,26,52,0.0335319953951069,0,0.0,2.5,0.0008349052447873075,0.0
bg,50,0.0005381039840650295,0.000537814428167363,0.5381039840650295,20,20,40,0.026905199203251472,0,0.0,2.5,0.000574731683778812,0.0
bg,50,0.0007672050779600142,0.0007666164743283665,0.7672050779600141,21,21,42,0.036533575140953053,0,0.0,2.5,0.000650903451709292,0.0
bg,50,0.0007293091866073891,0.0007287772947177191,0.7293091866073891,23,23,46,0.031709095069886485,0,0.0,2.5,0.0006756263165904067,0.0
bg,50,0.0008244674098637467,0.0008237876633538194,0.8244674098637468,29,29,58,0.028429910684956785,0,0.0,2.5,0.0005360619816389969,0.0
bg,50,0.0005030802270819272,0.0005028271373670463,0.5030802270819272,15,15,30,0.033538681805461816,0,0.0,2.5,0.0005717429334496051,0.0
bg,50,0.0007304356532601392,0.0007299021170165857,0.7304356532601393,17,17,34,0.04296680313294937,0,0.0,2.5,0.0006206091126415151,0.0
bg,50,0.000957777298530317,0.000956859961176737,0.957777298530317,31,31,62,0.03089604188807474,0,0.0,2.5,0.000835979761360772,0.0
bg,50,0.0007847603468678556,0.0007841444980658396,0.7847603468678557,24,24,48,0.03269834778616065,0,0.0,2.5,0.0006679745204487064,0.0
bg,50,0.0008179251526814966,0.0008172561511261075,0.8179251526814966,24,24,48,0.03408021469506236,0,0.0,2.5,0.0009756726550153034,0.0
bg,50,0.0008859498998821209,0.0008851649926570198,0.8859498998821209,23,23,46,0.03851956086444004,0,0.0,2.5,0.0011959453696067442,0.0
bg,50,0.0014976016710701217,0.0014953588603049293,1.4976016710701217,33,33,66,0.04538186882030672,0,0.0,2.5,0.0011420658957306954,0.0
bg,50,0.0007095586210477017,0.0007090551476109985,0.7095586210477016,20,20,40,0.03547793105238508,0,0.0,2.5,0.000678263676649328,0.0
bg,50,0.0006384176185675372,0.0006380100415118397,0.6384176185675372,21,21,42,0.030400838979406535,0,0.0,2.5,0.0006782774193506789,0.0
bg,50,0.0006825384337077764,0.0006820725749942881,0.6825384337077764,25,25,50,0.027301537348311058,0,0.0,2.5,0.0007159589530177054,0.0
bg,50,0.0008641067732958118,0.0008633600927801561,0.8641067732958119,26,26,52,0.03323487589599276,0,0.0,2.5,0.0009741263587707863,0.0
bg,50,0.0006536037835006141,0.0006531765855948078,0.6536037835006141,23,23,46,0.028417555804374526,0,0.0,2.5,0.0007274978143481779,0.0
bg,50,0.0005808348174145336,0.0005804974483294127,0.5808348174145337,21,21,42,0.02765880082926351,0,0.0,2.5,0.0005619701341466185,0.0
bg,50,0.0007969953160698892,0.0007963601145360518,0.7969953160698893,24,24,48,0.03320813816957872,0,0.0,2.5,0.0009817049177870787,0.0
bg,50,0.0010916673196896766,0.0010904755821527982,1.0916673196896767,23,23,46,0.047463796508246815,0,0.0,2.5,0.0011035592449671493,0.0
bg,50,0.001090068481267214,0.0010888802319733617,1.0900684812672141,33,33,66,0.03303237822021861,0,0.0,2.5,0.0012207069840120687,0.0
bg,50,0.000513372052365856,0.0006072592229184834,0.513372052365856,20,20,40,0.0256686026182928,0,0.0,2.5,0.0005633695717706401,0.0
bg,50,0.0009060419992981732,0.0009052210871936809,0.9060419992981732,24,24,48,0.03775174997075722,0,0.0,2.5,0.0010968410087401309,0.0
bg,50,0.0009849566259245855,0.0009839864863696328,0.9849566259245854,29,29,58,0.033964021583606396,0,0.0,2.5,0.0008348745822203739,0.0
bg,50,0.0010875434462354128,0.0010863606954879632,1.0875434462354128,25,25,50,0.04350173784941651,0,0.0,2.5,0.0009694581437208595,0.0
bg,50,0.0016627876256216628,0.0016600227629337422,1.6627876256216627,44,44,88,0.03779062785503779,0,0.0,2.5,0.001266672943845799,0.0
bg,50,0.0008325189789235879,0.00083182589107332,0.8325189789235878,26,26,52,0.0320199607278303,0,0.0,2.5,0.0008418343263705409,0.0
bg,50,0.001029451848638665,0.0010283920775299993,1.029451848638665,28,28,56,0.036766137451380895,0,0.0,2.5,0.0011464291161910791,0.0
bg,50,0.0012268828759708476,0.001225377634379497,1.2268828759708477,24,24,48,0.05112011983211865,0,0.0,2.5,0.0011299714506523748,0.0
bg,50,0.0008298175226599813,0.0008291289255390679,0.8298175226599813,28,28,56,0.029636340094999332,0,0.0,2.5,0.0010301273837714472,0.0
bg,50,0.0008677069853129282,0.0008669540699005674,0.8677069853129282,24,24,48,0.03615445772137201,0,0.0,2.5,0.0008903289221242857,0.0
bg,50,0.0005507949251104379,0.0005504915500609103,0.5507949251104378,22,22,44,0.025036132959565357,0,0.0,2.5,0.0006031868492460458,0.0
bg,50,0.0005519104734824439,0.0005516058683117043,0.5519104734824438,22,22,44,0.025086839703747445,0,0.0,2.5,0.0005477798431221072,0.0
bg,50,0.0010211997297117535,0.0010201568808237901,1.0211997297117534,33,33,66,0.03094544635490162,0,0.0,2.5,0.0013660313476190932,0.0
bg,50,0.0006068104986116527,0.0006064422796304274,0.6068104986116527,22,22,44,0.02758229539143876,0,0.0,2.5,0.0006004664951252149,0.0
bg,50,0.0012260971870445836,0.001224593872732505,1.2260971870445836,28,28,56,0.04378918525159227,0,0.0,2.5,0.0009407740508207527,0.0
bg,50,0.0006021521992619157,0.0006017896119908397,0.6021521992619157,24,24,48,0.025089674969246484,0,0.0,2.5,0.000602850408248688,0.0
bg,50,0.0008143288322344233,0.000813665700787415,0.8143288322344233,21,21,42,0.038777563439734444,1,0.001,2.5,0.0007104701144382658,1.1559947117935148
bg,50,0.0007419058025232301,0.0007413553783034125,0.7419058025232301,19,19,38,0.03904767381701211,0,0.0,2.5,0.0008304086450807821,0.0
bg,50,0.0006805266442398619,0.0006800635277263414,0.6805266442398619,21,21,42,0.03240603067808866,0,0.0,2.5,0.0005095147848852843,0.0
bg,50,0.0009219370965954283,0.0009210871285853495,0.9219370965954283,26,26,52,0.03545911909982417,0,0.0,2.5,0.0010885540844793448,0.0
bg,50,0.0010487036522865197,0.0010476038729362008,1.0487036522865196,26,26,52,0.04033475585717383,0,0.0,2.5,0.0009675552813978323,0.0
bg,50,0.0006210582824495142,0.0006206725690593151,0.6210582824495141,19,19,38,0.03268727802365864,0,0.0,2.5,0.0005798178862202618,0.0
bg,50,0.0009241051385345571,0.0009232511682274912,0.9241051385345571,25,25,50,0.036964205541382286,0,0.0,2.5,0.000987522592598681,0.0
bg,50,0.0011635205214702306,0.0011621667414663485,1.1635205214702307,34,34,68,0.034221191807947964,0,0.0,2.5,0.0009888015335611014,0.0
bg,50,0.0011150952539222575,0.0011138518164969375,1.1150952539222576,31,31,62,0.03597081464265347,0,0.0,2.5,0.000877967439693481,0.0
bg,50,0.0007525764486214194,0.0007520100773104,0.7525764486214195,24,24,48,0.03135735202589248,0,0.0,2.5,0.0006604810875024766,0.0
bg,50,0.0007177054939898185,0.0007306281482091589,0.7177054939898184,29,29,58,0.02474846530999374,0,0.0,2.5,0.0008560528830516943,0.0
bg,50,0.0010812434584623087,0.0010800743710458415,1.0812434584623087,23,23,46,0.04701058515053516,0,0.0,2.5,0.0010920507560767906,0.0
bg,50,0.0010291235224219619,0.0010280644271975596,1.029123522421962,35,35,70,0.029403529212056054,0,0.0,2.5,0.000798991514332275,0.0
bg,50,0.0006179126249560625,0.0006175308089439824,0.6179126249560625,19,19,38,0.032521717102950654,0,0.0,2.5,0.000571925652902955,0.0
bg,50,0.0007945488100395294,0.0007939175022279944,0.7945488100395295,24,24,48,0.033106200418313726,0,0.0,2.5,0.0008572254413879247,0.0
bg,50,0.0008962902183455217,0.0008954868821900198,0.8962902183455217,26,26,52,0.034472700705596986,0,0.0,2.5,0.0010530060515544257,0.0
bg,50,0.0010414168490046852,0.001040332299951294,1.0414168490046851,32,32,64,0.03254427653139641,0,0.0,2.5,0.001108497418857728,0.0
bg,50,0.0007872996040510873,0.0007866797633845484,0.7872996040510873,28,28,56,0.028117843001824547,0,0.0,2.5,0.0009114330465120815,0.0
bg,50,0.0009191391172737227,0.0009182943005568199,0.9191391172737227,25,25,50,0.03676556469094891,0,0.0,2.5,0.001177725171081414,0.0
bg,50,0.0010920008554910492,0.001090808389622656,1.0920008554910492,28,28,56,0.039000030553251755,0,0.0,2.5,0.001117265898149205,0.0
bg,50,0.0005668919073925451,0.0005665705409578781,0.5668919073925451,18,18,36,0.0314939948551414,0,0.0,2.5,0.0006977735802109022,0.0
bg,50,0.0011142045607239056,0.0011129631089207676,1.1142045607239055,23,23,46,0.048443676553213286,0,0.0,2.5,0.001079249690190555,0.0
bg,50,0.0008707345797059052,0.0008699764009976096,0.8707345797059052,23,23,46,0.03785802520460457,0,0.0,2.5,0.0009667406856187298,0.0
bg,50,0.0007373695345427933,0.0007368258207123215,0.7373695345427933,23,23,46,0.032059544980121445,0,0.0,2.5,0.0008075843317708746,0.0
bg,50,0.0005811151940748793,0.0005807774992060946,0.5811151940748793,26,26,52,0.02235058438749536,0,0.0,2.5,0.0005196887353617689,0.0
bg,50,0.0009646686281864411,0.0009637380426242342,0.9646686281864412,28,28,56,0.03445245100665861,0,0.0,2.5,0.0009074267174203687,0.0
bg,50,0.000714522785917552,0.0007140122431059568,0.714522785917552,25,25,50,0.02858091143670208,0,0.0,2.5,0.0005892367321159479,0.0
bg,50,0.0012251487025840518,0.0012236477132406085,1.2251487025840517,28,28,56,0.04375531080657328,0,0.0,2.5,0.001201634897262487,0.0
bg,50,0.0007477796362028606,0.000747220461818541,0.7477796362028606,26,26,52,0.02876075523857156,0,0.0,2.5,0.0006050682748562532,0.0
bg,50,0.001110010517084831,0.0011087783937367918,1.110010517084831,23,23,46,0.048261326829775256,0,0.0,2.5,0.0006157593958623505,0.0
bg,50,0.0005994540433086399,0.0005990946981586009,0.5994540433086399,21,21,42,0.028545430633744758,0,0.0,2.5,0.0006989083247110676,0.0
bg,50,0.0006915276419837042,0.0006910494315040768,0.6915276419837042,20,20,40,0.03457638209918521,0,0.0,2.5,0.0007624997276978121,0.0
bg,50,0.0007698161242832136,0.0007692235074180071,0.7698161242832136,31,31,62,0.024832778202684307,0,0.0,2.5,0.0008093928148720082,0.0
bg,50,0.0005977307878273361,0.0005973735057326194,0.5977307878273361,19,19,38,0.03145951514880716,0,0.0,2.5,0.0005369442468968873,0.0
bg,50,0.0011524264736156003,0.0011510983868385101,1.1524264736156002,28,28,56,0.04115808834341429,0,0.0,2.5,0.0012337851834083862,0.0
bg,50,0.00031395741563896705,0.0003138588463801324,0.31395741563896706,14,14,28,0.022425529688497647,0,0.0,2.5,0.00023568661486902801,0.0
bg,50,0.0007936517997577255,0.0007930219165784669,0.7936517997577255,23,23,46,0.03450659998946633,0,0.0,2.5,0.0007350394850665958,0.0
bg,50,0.0007492814531667982,0.0007487200304707387,0.7492814531667982,22,22,44,0.0340582478712181,0,0.0,2.5,0.0005639859740308999,0.0
bg,50,0.0006641284025940752,0.0006636873360589432,0.6641284025940752,25,25,50,0.026565136103763008,0,0.0,2.5,0.0006238201991759572,0.0
bg,50,0.0006575104424782694,0.0006570781224963013,0.6575104424782694,15,15,30,0.043834029498551294,0,0.0,2.5,0.0005395222262187764,0.0
bg,50,0.0010605638776751932,0.0010594390819365638,1.0605638776751931,32,32,64,0.033142621177349785,0,0.0,2.5,0.0010358912452195165,0.0
bg,50,0.0011792680625801726,0.0011778773894167514,1.1792680625801726,31,31,62,0.038040905244521694,0,0.0,2.5,0.0011765017991072207,0.0
bg,50,0.0010497268105970744,0.0010486248842201883,1.0497268105970745,28,28,56,0.0374902432356098,0,0.0,2.5,0.0010961074777644318,0.0
bg,50,0.0006648431737416729,0.0006644011572960019,0.6648431737416729,18,18,36,0.036935731874537386,0,0.0,2.5,0.0006055161669562114,0.0
bg,50,0.0011567044307309118,0.001155366465590839,1.1567044307309118,27,27,54,0.04284090484188562,0,0.0,2.5,0.001333409638292233,0.0
bg,50,0.0012854954630242119,0.001283842964438756,1.285495463024212,32,32,64,0.04017173321950662,0,0.0,2.5,0.0010472704675305925,0.0
bg,50,0.0006066247709109689,0.0006062567772982861,0.6066247709109689,21,21,42,0.02888689385290328,0,0.0,2.5,0.00048784545557833703,0.0
bg,50,0.0007211437681069413,0.0007206237197726618,0.7211437681069413,24,24,48,0.030047657004455885,0,0.0,2.5,0.0008163059842442353,0.0
bg,50,0.0008145006491394433,0.0008138372378319946,0.8145006491394433,24,24,48,0.0339375270474768,0,0.0,2.5,0.0008949511857636091,0.0
bg,50,0.000754438002433016,0.0007538688257335011,0.754438002433016,15,15,30,0.05029586682886773,0,0.0,2.5,0.0011946206399121096,0.0
bg,50,0.0007058265661694492,0.0007053283750279387,0.7058265661694492,19,19,38,0.03714876664049732,0,0.0,2.5,0.0007495640619862909,0.0
bg,50,0.0008005559388639156,0.0007999150490526654,0.8005559388639156,35,35,70,0.022873026824683302,0,0.0,2.5,0.0007564106571247486,0.0
bg,50,0.0006284238922330374,0.0006280289756447081,0.6284238922330374,20,20,40,0.03142119461165187,0,0.0,2.5,0.0005956508509152767,0.0
bg,50,0.0006803540486837605,0.0006798911670522003,0.6803540486837605,25,25,50,0.02721416194735042,0,0.0,2.5,0.0006682801110718568,0.0
bg,50,0.0006168883208802427,0.0006165077696798043,0.6168883208802427,22,22,44,0.028040378221829212,0,0.0,2.5,0.0004329968423287742,0.0
bg,50,0.0006909882685071267,0.0006905108037199122,0.6909882685071267,17,17,34,0.04064636873571333,0,0.0,2.5,0.0005945894971389439,0.0
bg,50,0.0005324100293541498,0.0005321265689147929,0.5324100293541498,21,21,42,0.0253528585406738,0,0.0,2.5,0.0006565473862568121,0.0
bg,50,0.000851930572444509,0.0008512047867442434,0.851930572444509,21,21,42,0.04056812249735757,0,0.0,2.5,0.0007683672745831538,0.0
bg,50,0.0007841405279210037,0.0007835256515534755,0.7841405279210036,25,25,50,0.031365621116840145,0,0.0,2.5,0.0007414698675806314,0.0
bg,50,0.0010671250416663795,0.0010659862858118279,1.0671250416663796,31,31,62,0.03442338844085095,0,0.0,2.5,0.0010161489989796075,0.0
bg,50,0.0008284799928708253,0.000827793613772238,0.8284799928708253,22,22,44,0.037658181494128425,0,0.0,2.5,0.0007006316116903881,0.0
bg,50,0.0011598138019564494,0.001158468633901241,1.1598138019564495,34,34,68,0.03411217064577793,0,0.0,2.5,0.0011391520411181937,0.0
bg,50,0.0006536725859931991,0.00065324529814352,0.6536725859931991,22,22,44,0.029712390272418142,0,0.0,2.5,0.0006966304945819357,0.0
bg,50,0.0009159601690074694,0.0009151211859762612,0.9159601690074695,26,26,52,0.03522923726951806,0,0.0,2.5,0.0011466998678755407,0.0
bg,50,0.0005361795842682966,0.0005358920957217104,0.5361795842682966,24,24,48,0.022340816011179026,0,0.0,2.5,0.00046349413016468725,0.0
bg,50,0.000805467305162864,0.0008048185275831779,0.805467305162864,27,27,54,0.029832122413439407,0,0.0,2.5,0.000914209266228801,0.0
bg,50,0.0007402138676632717,0.0007396659510933906,0.7402138676632717,20,20,40,0.03701069338316358,0,0.0,2.5,0.0008118362969681741,0.0
bg,50,0.0005204897785681624,0.0005202188689585685,0.5204897785681624,25,25,50,0.020819591142726496,0,0.0,2.5,0.0004819010801222317,0.0
bg,50,0.0009311234256884618,0.000930256434854596,0.9311234256884617,26,26,52,0.03581243944955622,0,0.0,2.5,0.0010986361114037832,0.0
bg,50,0.0010580520045755043,0.0010569325305311177,1.0580520045755044,25,25,50,0.04232208018302017,0,0.0,2.5,0.0012535712656031727,0.0
bg,50,0.0007264764455411382,0.000725948677515212,0.7264764455411381,29,29,58,0.02505091191521166,0,0.0,2.5,0.0007494835964217832,0.0
bg,50,0.001173626529083009,0.0011722491298532414,1.173626529083009,35,35,70,0.033532186545228826,0,0.0,2.5,0.0013255830210038516,0.0
bg,50,0.0010230685631359363,0.0010220218938510593,1.0230685631359364,22,22,44,0.04650311650617893,0,0.0,2.5,0.0012007641258424849,0.0
bg,50,0.001191979044391875,0.001190558230349606,1.191979044391875,26,26,52,0.04584534786122596,0,0.0,2.5,0.0010740549992129356,0.0
bg,50,0.0008244603935540909,0.0008237806586135514,0.8244603935540908,26,26,52,0.0317100151366958,0,0.0,2.5,0.0009416478076377834,0.0
bg,50,0.000718465401571951,0.000717949209038695,0.7184654015719509,29,29,58,0.024774669019722445,0,0.0,2.5,0.0005813687466215257,0.0
bg,50,0.0009251361232106456,0.0009242802463641764,0.9251361232106455,25,25,50,0.03700544492842582,0,0.0,2.5,0.0008628633876103204,0.0
bg,50,0.0007372202846301619,0.0007366767908820917,0.7372202846301619,20,20,40,0.036861014231508095,0,0.0,2.5,0.0007816201620432691,0.0
bg,50,0.0009012887731272919,0.0009004764516747264,0.9012887731272918,28,28,56,0.032188884754546135,0,0.0,2.5,0.0008231389666416963,0.0
bg,50,0.0008569275826376419,0.0008561932577557566,0.8569275826376419,21,21,42,0.040806075363697236,0,0.0,2.5,0.0005761807344264976,0.0
bg,50,0.0007844544873137593,0.0007838391184710926,0.7844544873137593,28,28,56,0.02801623168977712,0,0.0,2.5,0.000785891292900786,0.0
bg,50,0.0006152537092613528,0.0006148751721345929,0.6152537092613528,20,20,40,0.03076268546306764,0,0.0,2.5,0.0006161845169173299,0.0
bg,50,0.0010963668837782308,0.0010951648634343852,1.0963668837782308,32,32,64,0.03426146511806971,0,0.0,2.5,0.0011068248310078124,0.0
bg,50,0.0009223308765858889,0.0009214801823399851,0.9223308765858889,29,29,58,0.031804512985720304,0,0.0,2.5,0.0010973506661982998,0.0
bg,50,0.001147456248004655,0.0011461395921635704,1.147456248004655,32,32,64,0.03585800775014547,0,0.0,2.5,0.0014060207362294342,0.0
bg,50,0.0006064683271292246,0.0006061005232974138,0.6064683271292246,22,22,44,0.02756674214223748,0,0.0,2.5,0.0006235194877942275,0.0
bg,50,0.0009864658535102366,0.000985492738630095,0.9864658535102366,29,29,58,0.03401606391414609,0,0.0,2.5,0.001396160696386308,0.0
bg,50,0.0006828031718566265,0.0006830788870086325,0.6828031718566265,22,22,44,0.03103650781166484,1,0.001,2.5,0.000858517963771957,1.1654153716241915
bg,50,0.0007911577329948613,0.0007905318024363837,0.7911577329948614,24,24,48,0.03296490554145256,0,0.0,2.5,0.000976928990881344,0.0
bg,50,0.0008281726156875067,0.000827486745806132,0.8281726156875067,23,23,46,0.03600750502989159,0,0.0,2.5,0.0007455581216263031,0.0
bg,50,0.0007426212124529358,0.0007420697261877509,0.7426212124529359,33,33,66,0.02250367310463442,0,0.0,2.5,0.0007734314970019216,0.0
bg,50,0.0007689315138048416,0.0007683402581319192,0.7689315138048416,23,23,46,0.03343180494803659,0,0.0,2.5,0.0010823791678425012,0.0
bg,50,0.0006881186198816493,0.0006876451126466215,0.6881186198816494,27,27,54,0.025485874810431457,0,0.0,2.5,0.0007708795662637578,0.0
bg,50,0.0003947713289171091,0.00039461548451497416,0.3947713289171091,12,12,24,0.03289761074309242,0,0.0,2.5,0.00041886945035073066,0.0
bg,50,0.0016215145496150712,0.0016188852401804578,1.6215145496150711,25,25,50,0.06486058198460284,0,0.0,2.5,0.0014851515771989597,0.0
bg,50,0.0007412891816983682,0.0007407396720474651,0.7412891816983682,22,22,44,0.03369496280447128,0,0.0,2.5,0.0006142746487779745,0.0
bg,50,0.0009099559484038604,0.0009091279285758249,0.9099559484038604,34,34,68,0.026763410247172364,0,0.0,2.5,0.0008227179787376057,0.0
bg,50,0.0005925803516996382,0.0005922292002264178,0.5925803516996382,22,22,44,0.026935470531801734,0,0.0,2.5,0.0006863248083931275,0.0
bg,50,0.0012187890984576484,0.0012173036515911292,1.2187890984576484,26,26,52,0.04687650378683263,0,0.0,2.5,0.0008217395145487495,0.0
bg,50,0.001287359793875016,0.00128570249863613,1.2873597938750159,34,34,68,0.037863523349265175,0,0.0,2.5,0.0012148180681330189,0.0
bg,50,0.0008006644953324269,0.000800023431698341,0.8006644953324269,24,24,48,0.03336102063885112,0,0.0,2.5,0.0009196057337534679,0.0
bg,50,0.000582235124058208,0.0005818961263185208,0.582235124058208,23,23,46,0.025314570611226436,0,0.0,2.5,0.0005648053362148343,0.0
bg,50,0.0010526561745520429,0.00105154808953022,1.0526561745520429,28,28,56,0.037594863376858675,0,0.0,2.5,0.0008228553922106089,0.0
bg,50,0.0008139171031399215,0.0008132546420891377,0.8139171031399215,32,32,64,0.025434909473122547,0,0.0,2.5,0.0008087198989996707,0.0
bg,50,0.00071514651014283,0.0007146350756118606,0.71514651014283,21,21,42,0.03405459572108714,0,0.0,2.5,0.0005891211827276757,0.0
bg,50,0.001186510540790033,0.0011851027335266272,1.186510540790033,33,33,66,0.03595486487242524,0,0.0,2.5,0.0013670205742130133,0.0
bg,50,0.0004910487757547948,0.0004908076468546246,0.4910487757547948,20,20,40,0.024552438787739737,0,0.0,2.5,0.0004987892271297214,0.0
bg,50,0.0014699542980534375,0.0014677935324150717,1.4699542980534375,29,29,58,0.05068807924322198,0,0.0,2.5,0.001652633663643727,0.0
bg,50,0.0011034586094501434,0.001102240988547374,1.1034586094501435,38,38,76,0.029038384459214302,0,0.0,2.5,0.0010929751388590947,0.0
bg,50,0.000680232595039783,0.0006797698786564282,0.680232595039783,26,26,52,0.02616279211691473,0,0.0,2.5,0.00045719100588832007,0.0
bg,50,0.0007351260495580085,0.0007345856392492697,0.7351260495580085,25,25,50,0.029405041982320343,0,0.0,2.5,0.0006119772699733434,0.0
bg,50,0.00045364174820605285,0.0004534359573703374,0.45364174820605285,19,19,38,0.0238758814845291,0,0.0,2.5,0.00045871370269005076,0.0
bg,50,0.0011308033996838488,0.0011295246833551123,1.130803399683849,33,33,66,0.03426676968738936,0,0.0,2.5,0.0013477232004664545,0.0
bg,50,0.0006368141631815263,0.0006364086309030979,0.6368141631815263,22,22,44,0.028946098326433013,0,0.0,2.5,0.0006985577409557715,0.0
bg,50,0.0009191052350677183,0.0009182604806345896,0.9191052350677182,32,32,64,0.028722038595866195,0,0.0,2.5,0.0007717122099714627,0.0
bg,50,0.0008022873276865674,0.0008016436627304008,0.8022873276865674,26,26,52,0.030857204911021823,0,0.0,2.5,0.0011122006332132063,0.0
bg,50,0.0006361853018623869,0.0006357805701240812,0.6361853018623869,21,21,42,0.030294538183923185,0,0.0,2.5,0.0006459223713294112,0.0
bg,50,0.0006950476191703405,0.0006945645279774262,0.6950476191703405,24,24,48,0.028960317465430856,0,0.0,2.5,0.0005857410764998885,0.0
bg,50,0.001519790596444043,0.0015174808329870035,1.519790596444043,31,31,62,0.04902550311109816,0,0.0,2.5,0.00140705411151753,0.0
bg,50,0.000649075526538482,0.0006486542274993307,0.649075526538482,17,17,34,0.038180913325793056,0,0.0,2.5,0.0007006772189833725,0.0
bg,50,0.0010433727929247993,0.0010422841661397839,1.0433727929247993,20,20,40,0.05216863964623997,0,0.0,2.5,0.0010441443501459395,0.0
bg,50,0.0007228088868870372,0.0007222864342000744,0.7228088868870373,22,22,44,0.03285494940395624,0,0.0,2.5,0.0006554846669585048,0.0
bg,50,0.0008789818835078566,0.0008782092743563218,0.8789818835078567,28,28,56,0.031392210125280595,0,0.0,2.5,0.0008117026951636492,0.0
bg,50,0.0006776701977493644,0.0006772109608524469,0.6776701977493644,27,27,54,0.025098896212939422,0,0.0,2.5,0.0008184287572348956,0.0
bg,50,0.0011045909564283756,0.0011033708352473524,1.1045909564283756,35,35,70,0.0315597416122393,0,0.0,2.5,0.0013560543895059767,0.0
bg,50,0.0008166871612567057,0.0008160201833373442,0.8166871612567057,24,24,48,0.0340286317190294,0,0.0,2.5,0.001047326875593259,0.0
bg,50,0.0004641341992203323,0.00046391877866544637,0.4641341992203323,17,17,34,0.027302011718843076,0,0.0,2.5,0.000478501302598706,0.0
bg,50,0.0012355592704894178,0.0012340326637785256,1.2355592704894178,27,27,54,0.04576145446257103,0,0.0,2.5,0.00122513831934906,0.0
bg,50,0.0007916584235207793,0.000791031700461248,0.7916584235207793,27,27,54,0.029320682352621457,0,0.0,2.5,0.0008108199723313599,0.0
bg,50,0.0009242964561338595,0.0009234421321950379,0.9242964561338596,34,34,68,0.027185189886289988,0,0.0,2.5,0.0008141465529567618,0.0
bg,50,0.0011071865531085904,0.001105960691045206,1.1071865531085905,25,25,50,0.04428746212434362,0,0.0,2.5,0.0010484756930055424,0.0
bg,50,0.0010972988229282449,0.0010960947582214454,1.097298822928245,29,29,58,0.037837890445801554,0,0.0,2.5,0.00102773833282658,0.0
bg,50,0.0004976253940318714,0.0004973777629990859,0.49762539403187134,17,17,34,0.029272082001874783,0,0.0,2.5,0.0004856833166703244,0.0
bg,50,0.0008167701750419027,0.0008161030615230647,0.8167701750419027,31,31,62,0.0263474250013517,0,0.0,2.5,0.0008658740213672443,0.0
bg,50,0.0010716637812818162,0.001070515318021705,1.0716637812818162,30,30,60,0.035722126042727204,0,0.0,2.5,0.0007957780646733886,0.0
bg,50,0.0007513612278329162,0.0007507966841382258,0.7513612278329163,24,24,48,0.03130671782637151,0,0.0,2.5,0.0008318993593483951,0.0
bg,50,0.0009220160981934456,0.000921165984508118,0.9220160981934455,27,27,54,0.03414874437753502,0,0.0,2.5,0.0010456199636109241,0.0
bg,50,0.0007723207305148634,0.0007717242512040806,0.7723207305148634,30,30,60,0.025744024350495446,0,0.0,2.5,0.0010004846300723277,0.0
bg,50,0.0008388623712208503,0.000838158681143,0.8388623712208503,29,29,58,0.02892628866278794,0,0.0,2.5,0.0007947624332400602,0.0
bg,50,0.0010359254279904407,0.0010348522864980835,1.0359254279904406,29,29,58,0.03572156648242899,0,0.0,2.5,0.0011511056488223664,0.0
bg,50,0.0009274438029997611,0.0009265836509920384,0.9274438029997611,27,27,54,0.034349770481472634,0,0.0,2.5,0.0007333313256499659,0.0
bg,50,0.0008804707177768592,0.0008796954890919966,0.8804707177768591,27,27,54,0.032610026584328114,0,0.0,2.5,0.0011043019796038952,0.0
bg,50,0.0005108096780504567,0.0005105487515232666,0.5108096780504567,23,23,46,0.02220911643697638,0,0.0,2.5,0.0005141181899820051,0.0
bg,50,0.0008131400572947007,0.0008124788605419237,0.8131400572947007,24,24,48,0.03388083572061253,0,0.0,2.5,0.0006391066972679461,0.0
bg,50,0.000707181745115939,0.0007066816390953136,0.707181745115939,20,20,40,0.03535908725579695,0,0.0,2.5,0.0007391420090731324,0.0
bg,50,0.0006325971625023854,0.0006321969833323793,0.6325971625023854,21,21,42,0.030123674404875494,0,0.0,2.5,0.0006101136012452772,0.0
bg,50,0.001094442051365,0.001093244247961204,1.0944420513650002,22,22,44,0.049747365971136374,0,0.0,2.5,0.0010711892575161772,0.0
bg,50,0.0008348660260571685,0.000834169024775704,0.8348660260571685,25,25,50,0.03339464104228674,0,0.0,2.5,0.0008554216626595629,0.0
bg,50,0.0006386376801984852,0.0006382298221119158,0.6386376801984852,27,27,54,0.023653247414758712,0,0.0,2.5,0.0005924697995933487,0.0
bg,50,0.0007743307782962177,0.0007737311901420007,0.7743307782962177,24,24,48,0.03226378242900907,0,0.0,2.5,0.00042894784287490057,0.0
bg,50,0.0012161167042782708,0.0012146377644398458,1.2161167042782708,25,25,50,0.048644668171130834,0,0.0,2.5,0.0011082071194089753,0.0
bg,50,0.0005726811518077,0.0005723531881060641,0.5726811518077,23,23,46,0.02489918051337826,0,0.0,2.5,0.0005658221916709736,0.0
bg,50,0.000854358208489515,0.0008536282805411015,0.8543582084895149,21,21,42,0.040683724213786424,0,0.0,2.5,0.0009209508106739775,0.0
bg,50,0.0007426685526722281,0.0007421169960930996,0.7426685526722281,25,25,50,0.029706742106889124,0,0.0,2.5,0.0007091767529805787,0.0
bg,50,0.0009431964080188315,0.0009423067885547318,0.9431964080188315,17,17,34,0.05548214164816656,0,0.0,2.5,0.0010754556188326168,0.0
bg,50,0.0006254437748032444,0.0006250525948878042,0.6254437748032444,22,22,44,0.028429262491056564,0,0.0,2.5,0.0005543983836981376,0.0
bg,50,0.0006160563652571938,0.0006156768398120198,0.6160563652571938,19,19,38,0.03242401922406283,0,0.0,2.5,0.0005026672016015118,0.0
bg,50,0.0007475922360191731,0.0007470333418678171,0.7475922360191731,25,25,50,0.029903689440766924,0,0.0,2.5,0.0006566340251638493,0.0
bg,50,0.0009455376111077314,0.000944643569733712,0.9455376111077314,31,31,62,0.030501213261539723,0,0.0,2.5,0.0007857233782784283,0.0
bg,50,0.0010773820276872357,0.0010762212756536523,1.0773820276872357,26,26,52,0.04143777029566291,0,0.0,2.5,0.0012419872208174379,0.0
bg,50,0.0010682641637691575,0.001067122975445564,1.0682641637691574,33,33,66,0.0323716413263381,0,0.0,2.5,0.00079132005731953,0.0
bg,50,0.0011218730686575072,0.001120614469475328,1.1218730686575071,31,31,62,0.03618945382766152,0,0.0,2.5,0.0010892606041110794,0.0
bg,50,0.0012930237367588355,0.0012913518263750136,1.2930237367588355,32,32,64,0.04040699177371361,0,0.0,2.5,0.0015433345735567472,0.0
bg,50,0.0006361030486030874,0.0006356984215146454,0.6361030486030874,20,20,40,0.031805152430154374,0,0.0,2.5,0.0005842257061980993,0.0
bg,50,0.0005155898193962258,0.0005153239865343609,0.5155898193962258,20,20,40,0.025779490969811292,0,0.0,2.5,0.0004564986798874507,0.0
bg,50,0.0007562937536768075,0.0007557217734349568,0.7562937536768075,18,18,36,0.042016319648711525,0,0.0,2.5,0.0007160300911642916,0.0
bg,50,0.0010701724162854162,0.0010690271472848384,1.0701724162854163,29,29,58,0.03690249711329022,0,0.0,2.5,0.0010608371581003406,0.0
bg,50,0.0005131608141593933,0.0005128974801382045,0.5131608141593933,18,18,36,0.028508934119966294,0,0.0,2.5,0.0006537368796816846,0.0
bg,50,0.0006824289664240837,0.0006819632571298691,0.6824289664240837,25,25,50,0.027297158656963347,0,0.0,2.5,0.0006707075515571359,0.0
bg,50,0.0006231261436938098,0.0006227378575028551,0.6231261436938098,25,25,50,0.02492504574775239,0,0.0,2.5,0.000727956606824434,0.0
bg,50,0.0006390122636642133,0.0006386039269910999,0.6390122636642133,19,19,38,0.033632224403379644,0,0.0,2.5,0.0006402449102929941,0.0
bg,50,0.0005750892834989827,0.0005747585558149871,0.5750892834989827,19,19,38,0.030267857026262248,0,0.0,2.5,0.0006498126801263717,0.0
bg,50,0.0007602584877971026,0.0007596804948288348,0.7602584877971026,27,27,54,0.02815772177026306,0,0.0,2.5,0.0007962088419383686,0.0
bg,50,0.000917865572296904,0.0009170230950880961,0.917865572296904,25,25,50,0.03671462289187616,0,0.0,2.5,0.0010067723755525979,0.0
bg,50,0.0004955163877969681,0.0004952708513063928,0.49551638779696816,21,21,42,0.023596018466522293,0,0.0,2.5,0.00042103860501844527,0.0
bg,50,0.0011014506237227105,0.0011002374302462113,1.1014506237227106,22,22,44,0.05006593744194139,0,0.0,2.5,0.0009255937966644669,0.0
bg,50,0.0008465049324328504,0.0008457883618322173,0.8465049324328504,30,30,60,0.028216831081095014,0,0.0,2.5,0.0009139930252489779,0.0
bg,50,0.001055009984667123,0.0010538969385993757,1.055009984667123,28,28,56,0.037678928023825824,0,0.0,2.5,0.0008933442251848891,0.0
bg,50,0.0006357105639947403,0.0006353064360735657,0.6357105639947402,31,31,62,0.020506792386927104,0,0.0,2.5,0.0005353241862106064,0.0
bg,50,0.0008872529954115682,0.0008864657775337015,0.8872529954115682,28,28,56,0.03168760697898458,0,0.0,2.5,0.00077074631922235,0.0
bg,50,0.00047632670020242074,0.00047609981307709503,0.47632670020242074,21,21,42,0.02268222381916289,0,0.0,2.5,0.0003846516735333645,0.0
bg,50,0.0008305493960857433,0.000829859583786405,0.8305493960857433,24,24,48,0.03460622483690597,0,0.0,2.5,0.0009357809580003275,0.0
bg,50,0.000976973571187955,0.0009760190938291551,0.9769735711879548,26,26,52,0.03757590658415211,0,0.0,2.5,0.0009762658308827643,0.0
bg,50,0.0010187314480120477,0.0010176936342488792,1.0187314480120477,21,21,42,0.048511021333907035,0,0.0,2.5,0.0012479498898978704,0.0
bg,50,0.0008143572002755413,0.0008136940226259007,0.8143572002755413,21,21,42,0.0387789142988353,0,0.0,2.5,0.0007788799533700854,0.0
bg,50,0.0005831413901653093,0.0005828013362843853,0.5831413901653093,25,25,50,0.023325655606612372,0,0.0,2.5,0.0004768490805820147,0.0
bg,50,0.0006802372930180525,0.0006797745702432398,0.6802372930180525,30,30,60,0.02267457643393508,0,0.0,2.5,0.0006316954757538337,0.0
bg,50,0.0011946061110923835,0.0011931790273317245,1.1946061110923836,35,35,70,0.034131603174068104,0,0.0,2.5,0.001272125170357443,0.0
bg,50,0.0006660335314674697,0.0006655899308024306,0.6660335314674697,18,18,36,0.037001862859303875,0,0.0,2.5,0.0006467487666227896,0.0
bg,50,0.0008882765906751757,0.0008874875553736342,0.8882765906751757,29,29,58,0.030630227264661233,0,0.0,2.5,0.0009233874495704384,0.0
bg,50,0.0009055680357235794,0.0009047479822562551,0.9055680357235794,25,25,50,0.03622272142894317,0,0.0,2.5,0.000791708111253049,0.0
bg,50,0.0009171059804090937,0.000970733230244364,0.9171059804090937,29,29,58,0.031624344152037714,0,0.0,2.5,0.0009563603526439309,0.0
bg,50,0.0008472541504509757,0.0008465363108555192,0.8472541504509756,23,23,46,0.03683713697612938,0,0.0,2.5,0.0007281907528164171,0.0
bg,50,0.0008161193859536145,0.000815453335101485,0.8161193859536144,37,37,74,0.02205728070144904,0,0.0,2.5,0.0009322747990503907,0.0
bg,50,0.0008971955790402575,0.0008963906191332082,0.8971955790402575,21,21,42,0.04272359900191702,0,0.0,2.5,0.000823426333527959,0.0
bg,50,0.0010557305772153818,0.001054616010163714,1.0557305772153818,24,24,48,0.04398877405064091,0,0.0,2.5,0.0008963583301944513,0.0
bg,50,0.000995927325560892,0.0009949354543230932,0.995927325560892,35,35,70,0.028455066444596916,0,0.0,2.5,0.0010683973447582014,0.0
bg,50,0.0008871583379928651,0.0008863712880761947,0.8871583379928651,26,26,52,0.03412147453818712,0,0.0,2.5,0.0009060516019266814,0.0
bg,50,0.000634762068399013,0.0006343591455155348,0.634762068399013,23,23,46,0.027598350799957084,0,0.0,2.5,0.0007511758384714581,0.0
bg,50,0.0004912591496115297,0.0004910178140594527,0.4912591496115297,21,21,42,0.02339329283864427,0,0.0,2.5,0.0005723438040436397,0.0
bg,50,0.0006378977877378276,0.0006374908741502267,0.6378977877378276,23,23,46,0.02773468642338381,0,0.0,2.5,0.000563377031818944,0.0
bg,50,0.0007081203520429255,0.0007076189176099482,0.7081203520429256,27,27,54,0.026226679705293538,0,0.0,2.5,0.0005499271163747539,0.0
bg,50,0.0010822561007573625,0.0010810848224897358,1.0822561007573626,26,26,52,0.041625234644513946,0,0.0,2.5,0.001079378906246645,0.0
bg,50,0.0006874491667402389,0.0006869765803833871,0.6874491667402389,20,20,40,0.03437245833701195,0,0.0,2.5,0.0006518648189551621,0.0
bg,50,0.0009980604161060275,0.0009970642915118296,0.9980604161060276,31,31,62,0.032195497293742825,0,0.0,2.5,0.0012902189897973171,0.0
bg,50,0.0007285197102231298,0.0007279889692549462,0.7285197102231298,21,21,42,0.03469141477252999,0,0.0,2.5,0.0006785577772641171,0.0
bg,50,0.0006815896421456293,0.0006811250777053492,0.6815896421456293,19,19,38,0.03587313906029628,0,0.0,2.5,0.000691825153664735,0.0
bg,50,0.0008658082043502731,0.000865058580503553,0.8658082043502731,27,27,54,0.032066970531491594,0,0.0,2.5,0.0008902872825482429,0.0
bg,50,0.00047750120469294187,0.00047727319729245864,0.4775012046929419,18,18,36,0.026527844705163436,0,0.0,2.5,0.00048409035135583544,0.0
bg,50,0.0006352420933697687,0.0006348385608525799,0.6352420933697687,22,22,44,0.02887464060771676,0,0.0,2.5,0.0006007625368548146,0.0
bg,50,0.0005763351333333997,0.0005760029711474851,0.5763351333333997,23,23,46,0.025058049275365205,0,0.0,2.5,0.0006379772563233323,0.0
bg,50,0.0008024175558562625,0.000801773681922316,0.8024175558562625,19,19,38,0.04223250293980329,0,0.0,2.5,0.0008166643175665196,0.0
bg,50,0.000675041881533561,0.0006745861999917367,0.675041881533561,26,26,52,0.02596314928975235,0,0.0,2.5,0.0007891550875259527,0.0
bg,50,0.0006361876563087971,0.0006357829215747576,0.6361876563087971,19,19,38,0.03348356085835774,0,0.0,2.5,0.0009152087312704239,0.0
bg,50,0.0008851912604878436,0.0008844076969201995,0.8851912604878436,27,27,54,0.03278486149954976,0,0.0,2.5,0.0007050126388247363,0.0
bg,50,0.0007834786073423849,0.0007828647686142217,0.783478607342385,28,28,56,0.027981378833656607,0,0.0,2.5,0.0008392808847692857,0.0
bg,50,0.0006912614779689035,0.0006907836355379797,0.6912614779689035,21,21,42,0.03291721323661445,0,0.0,2.5,0.0008179575195545356,0.0
bg,50,0.0008540578759049673,0.0008533284610495721,0.8540578759049673,25,25,50,0.03416231503619869,0,0.0,2.5,0.0008773024862808475,0.0
bg,50,0.0011792400257614553,0.0011778494187230978,1.1792400257614553,28,28,56,0.042115715205766256,0,0.0,2.5,0.001138154372868881,0.0
bg,50,0.0009109979532426919,0.0009101680359718797,0.910997953242692,33,33,66,0.027605998583111878,0,0.0,2.5,0.0008526184890923269,0.0
bg,50,0.0009285286189085937,0.0009276664535124616,0.9285286189085937,25,25,50,0.03714114475634375,0,0.0,2.5,0.001071446163010658,0.0
bg,50,0.0008378525663242602,0.0008371505694013642,0.8378525663242602,33,33,66,0.025389471706795765,0,0.0,2.5,0.001043220876221256,0.0
bg,50,0.0005461967208310656,0.0005458983899732189,0.5461967208310656,21,21,42,0.026009367658622173,0,0.0,2.5,0.0005954763692766484,0.0
bg,50,0.0006262943233914413,0.0006259020788119289,0.6262943233914413,19,19,38,0.03296285912586533,0,0.0,2.5,0.0005122235540672856,0.0
bg,50,0.0007218800883210292,0.0007213589774591148,0.7218800883210292,23,23,46,0.03138609079656649,0,0.0,2.5,0.0007378331174896428,0.0
bg,50,0.0011531241668681744,0.0011517944715239588,1.1531241668681744,24,24,48,0.04804684028617393,0,0.0,2.5,0.0012210572085961733,0.0
bg,50,0.0010385652096082368,0.001037486591913628,1.0385652096082367,33,33,66,0.031471673018431415,0,0.0,2.5,0.001091500647062378,0.0
bg,50,0.0009951055617510533,0.0009941153266720254,0.9951055617510534,31,31,62,0.0321001794113243,0,0.0,2.5,0.0013160013174495552,0.0
bg,50,0.000571840804005447,0.0005715138021003215,0.571840804005447,23,23,46,0.02486264365241074,0,0.0,2.5,0.0006054007327266056,0.0
bg,50,0.0012492863129156756,0.0012477255966240372,1.2492863129156757,29,29,58,0.04307883837640261,0,0.0,2.5,0.0015636424907641822,0.0
bg,50,0.0007029387544674464,0.0007024446315749139,0.7029387544674464,25,25,50,0.028117550178697853,0,0.0,2.5,0.0007458036317919901,0.0
bg,50,0.001263731404742531,0.0012621343876791985,1.263731404742531,32,32,64,0.03949160639820409,0,0.0,2.5,0.0011347296859470512,0.0
bg,50,0.0008677855083071506,0.0008670324566187227,0.8677855083071506,27,27,54,0.03214020401137595,0,0.0,2.5,0.000906474062894626,0.0
bg,50,0.0010871727008696936,0.0010859907563881774,1.0871727008696936,22,22,44,0.04941694094862244,0,0.0,2.5,0.0006154324692482886,0.0
bg,50,0.0007015378133489776,0.0007010456580454191,0.7015378133489776,30,30,60,0.023384593778299254,0,0.0,2.5,0.0007409933037959362,0.0
bg,50,0.0003183218161824719,0.0003182204874038141,0.3183218161824719,18,18,36,0.01768454534347066,0,0.0,2.5,0.00035852529884407476,0.0
bg,50,0.0006467561211925066,0.0006463378277122068,0.6467561211925066,23,23,46,0.02811983135619594,0,0.0,2.5,0.000638161540169925,0.0
bg,50,0.00032475237620787565,0.00032464691210202303,0.32475237620787567,15,15,30,0.021650158413858377,0,0.0,2.5,0.0002491093923721113,0.0
bg,50,0.0006483214216239616,0.0006479011009582251,0.6483214216239617,23,23,46,0.028187887896693985,0,0.0,2.5,0.0006599695703166276,0.0
bg,50,0.0008643873676197238,0.0008636402020984232,0.8643873676197238,29,29,58,0.02980646095240427,0,0.0,2.5,0.0007543568962821664,0.0
bg,50,0.000575290730112488,0.0005749597706883349,0.5752907301124881,18,18,36,0.03196059611736045,0,0.0,2.5,0.0004934659513840874,0.0
bg,50,0.000683216714133728,0.0006827499290552564,0.683216714133728,26,26,52,0.026277565928220305,0,0.0,2.5,0.000749256571390872,0.0
bg,50,0.0007956829948728963,0.0007950498834445663,0.7956829948728963,23,23,46,0.03459491282056071,0,0.0,2.5,0.0007082461458165483,0.0
bg,50,0.0005208072490918738,0.0005205360089011674,0.5208072490918738,18,18,36,0.028933736060659656,0,0.0,2.5,0.0004954422574367797,0.0
bg,50,0.00076439184514701,0.0007638075502540828,0.76439184514701,28,28,56,0.027299708755250358,0,0.0,2.5,0.0006617730978121002,0.0
bg,50,0.000526051167495595,0.0005257744376647716,0.526051167495595,23,23,46,0.022871789891112826,0,0.0,2.5,0.00041667529055800363,0.0
bg,50,0.0006878638331710647,0.0006873906765180798,0.6878638331710647,22,22,44,0.03126653787141203,0,0.0,2.5,0.0006318845254499934,0.0
bg,50,0.0011232456765244195,0.0011219839956745888,1.1232456765244194,30,30,60,0.03744152255081398,0,0.0,2.5,0.0012258931225500235,0.0
bg,50,0.0008558829867896902,0.000855150451102614,0.8558829867896902,21,21,42,0.04075633270427096,0,0.0,2.5,0.0008514204551911101,0.0
bg,50,0.0006559619056600354,0.0006555316196383584,0.6559619056600354,22,22,44,0.02981645025727434,0,0.0,2.5,0.0005931828481644294,0.0
bg,50,0.000815218512627041,0.0008145539314037112,0.815218512627041,19,19,38,0.04290623750668637,0,0.0,2.5,0.0007181273493627213,0.0
bg,50,0.0005804426672937666,0.0005801057536037516,0.5804426672937666,21,21,42,0.027640127013988887,0,0.0,2.5,0.0005286399557133341,0.0
bg,50,0.0012488895805966873,0.0012473298554121646,1.2488895805966873,31,31,62,0.04028676066440927,0,0.0,2.5,0.0009292629239260562,0.0
bg,50,0.0005756944794028414,0.0005753630552692263,0.5756944794028414,20,20,40,0.02878472397014207,0,0.0,2.5,0.0005686542929730224,0.0
bg,50,0.0005376862071965433,0.000537397100739134,0.5376862071965434,16,16,32,0.03360538794978396,0,0.0,2.5,0.0005514157494000706,0.0
bg,50,0.001349217972891685,0.001347397583753311,1.3492179728916849,30,30,60,0.04497393242972283,0,0.0,2.5,0.0012160657596422524,0.0
bg,50,0.0008558600889338379,0.0008551275924420081,0.8558600889338379,26,26,52,0.03291769572822453,0,0.0,2.5,0.0009804924095664933,0.0
bg,50,0.0006568194234922444,0.0006563880117371677,0.6568194234922444,22,22,44,0.029855428340556565,0,0.0,2.5,0.0006479833345739725,0.0
bg,50,0.0008854756020592838,0.0008846915350174416,0.8854756020592838,28,28,56,0.03162412864497442,0,0.0,2.5,0.0007966554454916829,0.0
bg,50,0.0007636296841713417,0.0007630465538767941,0.7636296841713417,21,21,42,0.03636331829387342,0,0.0,2.5,0.0008280330109803162,0.0
bg,50,0.0004488764489771455,0.00044867495891069914,0.4488764489771455,20,20,40,0.022443822448857276,0,0.0,2.5,0.0004940403039513747,0.0
bg,50,0.0006298986401472675,0.000629501867850408,0.6298986401472675,19,19,38,0.03315256000775092,0,0.0,2.5,0.000827106847838467,0.0
bg,50,0.0005816433775716519,0.000581305068552979,0.5816433775716519,18,18,36,0.03231352097620288,0,0.0,2.5,0.0005654797267546989,0.0
bg,50,0.0009558932980342761,0.0009549795660370494,0.955893298034276,33,33,66,0.028966463576796244,0,0.0,2.5,0.0010408888557578676,0.0
bg,50,0.0007887491145426609,0.000788126989376969,0.7887491145426608,24,24,48,0.03286454643927753,0,0.0,2.5,0.0007780291151707146,0.0
bg,50,0.0013806151313886233,0.0013787090332476038,1.3806151313886232,33,33,66,0.04183682216329161,0,0.0,2.5,0.0012568804296047634,0.0
bg,50,0.001084689125968767,0.001083512575468772,1.084689125968767,30,30,60,0.0361563041989589,0,0.0,2.5,0.0011539634560328684,0.0
bg,50,0.0004952691852586959,0.0004950238936928292,0.4952691852586959,22,22,44,0.022512235693577087,0,0.0,2.5,0.0004158195861599082,0.0
bg,50,0.000843094136148796,0.0008423833284263876,0.843094136148796,25,25,50,0.03372376544595184,0,0.0,2.5,0.0007825445146044093,0.0
bg,50,0.0009070984758428295,0.0009062756481979533,0.9070984758428295,27,27,54,0.033596239846030725,0,0.0,2.5,0.0006950376437202002,0.0
bg,50,0.000923791403899838,0.0009229380133419187,0.923791403899838,23,23,46,0.04016484364781905,0,0.0,2.5,0.0010827849520640039,0.0
bg,50,0.0007869077089463445,0.0007862884852039456,0.7869077089463445,25,25,50,0.03147630835785378,0,0.0,2.5,0.0007278250380900563,0.0
bg,50,0.000538510939157689,0.0005382209451260964,0.538510939157689,13,13,26,0.04142391839674531,0,0.0,2.5,0.0005657963250394537,0.0
bg,50,0.0008654399391200123,0.0008646909528317883,0.8654399391200123,28,28,56,0.03090856925428615,0,0.0,2.5,0.0008112626724617357,0.0
bg,50,0.0008168682710001795,0.0008162009972280125,0.8168682710001796,27,27,54,0.030254380407414058,0,0.0,2.5,0.0007353294739017368,0.0
bg,50,0.0006776564506208995,0.0006771972323558316,0.6776564506208995,24,24,48,0.02823568544253748,0,0.0,2.5,0.0006117749415517174,0.0
bg,50,0.0009005826775704868,0.0008997716284113466,0.9005826775704868,26,26,52,0.03463779529117257,0,0.0,2.5,0.0011680834746294038,0.0
bg,50,0.0008727105626410978,0.0008719489389149526,0.8727105626410978,29,29,58,0.030093467677279235,0,0.0,2.5,0.0008157624188666858,0.0
bg,50,0.0005272043616058432,0.0005269264171669472,0.5272043616058433,19,19,38,0.02774759797925491,0,0.0,2.5,0.0004213282389466676,0.0
bg,50,0.000691060336662979,0.0006905827722740702,0.6910603366629791,34,34,68,0.020325304019499384,0,0.0,2.5,0.0006143705272002443,0.0
bg,50,0.0010643190365372988,0.0010631862615257633,1.0643190365372988,26,26,52,0.040935347559126874,0,0.0,2.5,0.0008572003303654675,0.0
bg,50,0.000658697656501051,0.0006582637738983709,0.6586976565010509,23,23,46,0.028639028543523955,0,0.0,2.5,0.0007171073073139643,0.0
bg,50,0.0010429609838084185,0.001041873216194672,1.0429609838084186,29,29,58,0.03596417185546271,0,0.0,2.5,0.000761461567773184,0.0
bg,50,0.0007988536709402681,0.0007982155037526933,0.798853670940268,24,24,48,0.03328556962251117,0,0.0,2.5,0.0007091184624560755,0.0
bg,50,0.0007941343936278429,0.0007935037441927002,0.7941343936278429,29,29,58,0.02738394460785665,0,0.0,2.5,0.0007126612824612713,0.0
bg,50,0.0010170951540332566,0.001016060671480899,1.0170951540332567,30,30,60,0.03390317180110856,0,0.0,2.5,0.0008757473539329728,0.0
bg,50,0.0006954821719408937,0.000694998476489406,0.6954821719408937,26,26,52,0.02674931430541899,0,0.0,2.5,0.0007739005418920181,0.0
bg,50,0.0010641997775270378,0.0010630672563605495,1.0641997775270378,30,30,60,0.035473325917567924,0,0.0,2.5,0.0011446164583969014,0.0
bg,50,0.0009977362490393128,0.0009967407714166659,0.9977362490393128,34,34,68,0.029345183795273906,0,0.0,2.5,0.0007409748305516542,0.0
bg,50,0.0006614818043114088,0.0006610442461339738,0.6614818043114088,26,26,52,0.025441607858131106,0,0.0,2.5,0.0006396373108626308,0.0
bg,50,0.001021369616252855,0.0010203264203598504,1.021369616252855,33,33,66,0.030950594431904694,0,0.0,2.5,0.0011648377998226065,0.0
bg,50,0.0005702246734195029,0.0005698995172413265,0.5702246734195029,16,16,32,0.03563904208871893,0,0.0,2.5,0.00059751298900391,0.0
bg,50,0.0005674793350146103,0.0005671573022189417,0.5674793350146103,22,22,44,0.025794515227936833,0,0.0,2.5,0.0007731579667801341,0.0
bg,50,0.0006448895144988995,0.0006444736320129888,0.6448895144988995,24,24,48,0.026870396437454147,0,0.0,2.5,0.0006703826140582591,0.0
bg,50,0.0007670943541875808,0.0007665059204393545,0.7670943541875808,28,28,56,0.027396226935270742,0,0.0,2.5,0.0006773266526868414,0.0
bg,50,0.0009311731305865045,0.0009303060471873781,0.9311731305865045,27,27,54,0.03448789372542609,0,0.0,2.5,0.0007934480813646066,0.0
bg,50,0.0011812203665726528,0.0011798250850182468,1.1812203665726528,29,29,58,0.04073173677836734,0,0.0,2.5,0.0013236199868416944,0.0
bg,50,0.0004653732469869425,0.0004651566747279314,0.4653732469869425,14,14,28,0.03324094621335304,0,0.0,2.5,0.00041140691401889693,0.0
bg,50,0.0005805193415932309,0.0005801823388872671,0.5805193415932308,22,22,44,0.02638724279969231,0,0.0,2.5,0.00047066534803822324,0.0
bg,50,0.001420926470564159,0.0014189074385294093,1.4209264705641589,34,34,68,0.041791955016592906,0,0.0,2.5,0.0014944551585076313,0.0
bg,50,0.0008461277544349723,0.0008454118222581471,0.8461277544349723,25,25,50,0.03384511017739889,0,0.0,2.5,0.0009043502986661009,0.0
bg,50,0.000983414839028228,0.000982447734282607,0.983414839028228,30,30,60,0.032780494634274265,0,0.0,2.5,0.0009796909094754427,0.0
bg,50,0.000827962626772063,0.0008272771046607318,0.827962626772063,22,22,44,0.037634664853275594,0,0.0,2.5,0.0011944415376471905,0.0
bg,50,0.0011474695684941026,0.0011461528820834825,1.1474695684941025,34,34,68,0.033749104955708896,0,0.0,2.5,0.0012643573366279243,0.0
bg,50,0.0007637517052254452,0.0007631683885582104,0.7637517052254452,21,21,42,0.0363691288202593,0,0.0,2.5,0.000745842223683068,0.0
bg,50,0.0006215410285381751,0.0006211547152880188,0.621541028538175,22,22,44,0.028251864933553413,0,0.0,2.5,0.0007024588007112465,0.0
bg,50,0.0005568443223814228,0.0005565342467820543,0.5568443223814228,22,22,44,0.025311105562791945,0,0.0,2.5,0.0006384877221202866,0.0
bg,50,0.0006042196991577597,0.0006038546177129094,0.6042196991577597,21,21,42,0.02877236662655999,0,0.0,2.5,0.0005989614812789429,0.0
bg,50,0.0008281680139379695,0.0008274821516786596,0.8281680139379695,27,27,54,0.03067288940510998,0,0.0,2.5,0.0008705185667442365,0.0
bg,50,0.000786278804904768,0.0007856605705457254,0.786278804904768,22,22,44,0.035739945677489456,0,0.0,2.5,0.0008476339544926753,0.0
bg,50,0.001102496424699531,0.0011012809263330559,1.102496424699531,29,29,58,0.038017118093087277,0,0.0,2.5,0.0012267967334234108,0.0
bg,50,0.0009408518717450001,0.0009424775569349164,0.9408518717450001,31,31,62,0.03035006037887097,0,0.0,2.5,0.001008704971607516,0.0
bg,50,0.000930068558720734,0.0009292035311968133,0.930068558720734,26,26,52,0.03577186764310515,0,0.0,2.5,0.0007888287053470553,0.0
bg,50,0.0009476343727570402,0.0009467363618526095,0.9476343727570402,28,28,56,0.03384408474132287,0,0.0,2.5,0.001070682127636918,0.0
bg,50,0.0004956643419816693,0.0004954186588417573,0.4956643419816693,27,27,54,0.01835793859191368,0,0.0,2.5,0.000657018985746163,0.0
bg,50,0.0007702354110646539,0.0007696421484761959,0.7702354110646539,21,21,42,0.03667787671736447,0,0.0,2.5,0.0008613178128158366,0.0
bg,50,0.0008531169267432545,0.0008523891182525587,0.8531169267432546,29,29,58,0.029417825060112226,0,0.0,2.5,0.0009072191127649388,0.0
bg,50,0.0009032414426000166,0.0009024255974963866,0.9032414426000166,26,26,52,0.03474005548461602,0,0.0,2.5,0.0008535265722244066,0.0
bg,50,0.000989579128515304,0.0009885998616637112,0.9895791285153042,26,26,52,0.038060735712127085,0,0.0,2.5,0.0012043616912588376,0.0
bg,50,0.0009349914233303735,0.0009341172143686723,0.9349914233303736,25,25,50,0.03739965693321494,0,0.0,2.5,0.0007367770001988852,0.0
bg,50,0.0010031352541550547,0.0010021289738169259,1.0031352541550547,29,29,58,0.03459087083293292,0,0.0,2.5,0.0008711836177627605,0.0
bg,50,0.0005781028225329834,0.0005777686196595627,0.5781028225329834,19,19,38,0.03042646434384123,0,0.0,2.5,0.0005562218846133607,0.0
bg,50,0.00047991288808682954,0.00047968257170667776,0.4799128880868295,26,26,52,0.018458188003339596,0,0.0,2.5,0.0005662510335268474,0.0
bg,50,0.0008784184227101974,0.0008776468037848407,0.8784184227101974,25,25,50,0.0351367369084079,0,0.0,2.5,0.0009378294080539992,0.0
bg,50,0.0009627047623924536,0.0009617779619329204,0.9627047623924536,28,28,56,0.03438231294258763,0,0.0,2.5,0.001047730971737072,0.0
bg,50,0.0012116428137873036,0.0012101747354791015,1.2116428137873037,29,29,58,0.04178078668232082,0,0.0,2.5,0.0010269240131857039,0.0
bg,50,0.0010743494563304737,0.0010731952295761561,1.0743494563304736,27,27,54,0.03979072060483236,0,0.0,2.5,0.0012014022982265071,0.0
bg,50,0.0009057404420904494,0.0009049200763420111,0.9057404420904493,27,27,54,0.033545942299646275,0,0.0,2.5,0.0007320306258491115,0.0
bg,50,0.000647694936962381,0.0006472754282310143,0.647694936962381,20,20,40,0.03238474684811905,0,0.0,2.5,0.0006910940380059756,0.0
bg,50,0.0010159071902170744,0.0010148751227979397,1.0159071902170744,27,27,54,0.037626192230262014,0,0.0,2.5,0.0009198315526499366,0.0
bg,50,0.0013395428224071565,0.0013504804234393782,1.3395428224071564,37,37,74,0.03620386006505828,0,0.0,2.5,0.0016180588418096375,0.0
bg,50,0.0009739766992097826,0.000973028068599179,0.9739766992097826,25,25,50,0.038959067968391305,0,0.0,2.5,0.0009768607644334857,0.0
bg,50,0.0007503161211249818,0.0007497531468433616,0.7503161211249818,20,20,40,0.03751580605624909,0,0.0,2.5,0.0008989558861801877,0.0
bg,50,0.0011149538735195988,0.0011137107513795224,1.1149538735195987,37,37,74,0.03013388847350267,0,0.0,2.5,0.0010068539687413732,0.0
bg,50,0.0012031109057163718,0.0012016634298649181,1.2031109057163718,32,32,64,0.03759721580363662,0,0.0,2.5,0.0012649493248559469,0.0
bg,50,0.0007462385294188465,0.0007456816574760574,0.7462385294188465,25,25,50,0.02984954117675386,0,0.0,2.5,0.0006245269251950223,0.0
bg,50,0.0006428740137088198,0.0006424607267113178,0.6428740137088198,26,26,52,0.024725923604185376,0,0.0,2.5,0.0005644122237545437,0.0
bg,50,0.00040423345306848544,0.00040407004838390574,0.40423345306848546,16,16,32,0.02526459081678034,0,0.0,2.5,0.000420331322059168,0.0
bg,50,0.0014358220653719193,0.0014337604803685102,1.4358220653719194,34,34,68,0.04223006074623292,0,0.0,2.5,0.002021584571791056,0.0
bg,50,0.001107608159053015,0.0011063813632190146,1.1076081590530151,26,26,52,0.04260031380973135,0,0.0,2.5,0.001291160644704215,0.0
bg,50,0.0009854022761283758,0.000984431258482577,0.9854022761283758,34,34,68,0.0289824198861287,0,0.0,2.5,0.0008708108705579303,0.0
bg,50,0.0007592520586029759,0.000758675594914483,0.7592520586029758,23,23,46,0.033010959069694604,0,0.0,2.5,0.000702598161609871,0.0
bg,50,0.0007359678644289004,0.0007354262157314286,0.7359678644289005,24,24,48,0.03066532768453752,0,0.0,2.5,0.0009244239720123869,0.0
bg,50,0.0006421574102913326,0.0006417450441517405,0.6421574102913326,23,23,46,0.02791988740397098,0,0.0,2.5,0.0004780688529465931,0.0
bg,50,0.0006883707630234035,0.0006878969087160179,0.6883707630234035,25,25,50,0.02753483052093614,0,0.0,2.5,0.0006776856739774814,0.0
bg,50,0.0005120180384789421,0.0005443001431057155,0.5120180384789421,20,20,40,0.025600901923947105,0,0.0,2.5,0.0006541909755301766,0.0
bg,50,0.00121845295023384,0.001216968322641907,1.2184529502338401,31,31,62,0.03930493387851097,0,0.0,2.5,0.001242359065998303,0.0
bg,50,0.0007590777937749422,0.0007585015946779401,0.7590777937749422,24,24,48,0.03162824140728926,0,0.0,2.5,0.0006864747178410173,0.0
bg,50,0.0008573591648265975,0.0008566241000890854,0.8573591648265975,24,24,48,0.03572329853444156,0,0.0,2.5,0.000987229159539781,0.0
bg,50,0.0004790830351754969,0.00047885351462090395,0.4790830351754969,19,19,38,0.025214896588184047,0,0.0,2.5,0.00035538376633636147,0.0
bg,50,0.000616342022137232,0.0006159621446489798,0.616342022137232,26,26,52,0.023705462389893538,0,0.0,2.5,0.0006680044647925215,0.0
bg,50,0.0005814468456117865,0.0005811087651775146,0.5814468456117865,19,19,38,0.03060246555851508,0,0.0,2.5,0.000607765544914731,0.0
bg,50,0.001084675765808811,0.0010834992442918783,1.0846757658088109,28,28,56,0.03873842020745753,0,0.0,2.5,0.0010622907759261634,0.0
bg,50,0.0008632175818295424,0.0008624724372359628,0.8632175818295424,32,32,64,0.0269755494321732,0,0.0,2.5,0.0010022889328118417,0.0
bg,50,0.0008173472344782766,0.0008166791779765674,0.8173472344782766,22,22,44,0.03715214702173985,0,0.0,2.5,0.0008103433976712934,0.0
bg,50,0.0006834671772285148,0.000683000049846166,0.6834671772285148,27,27,54,0.02531359915661166,0,0.0,2.5,0.000893986535638676,0.0
bg,50,0.0009149049716457376,0.0009140679205385955,0.9149049716457376,19,19,38,0.0481528932445125,0,0.0,2.5,0.0008015246001913081,0.0
bg,50,0.0008670013912029262,0.0008662496997905783,0.8670013912029262,25,25,50,0.03468005564811705,0,0.0,2.5,0.0007639365029683328,0.0
bg,50,0.0007597578875269306,0.000759180655479271,0.7597578875269306,23,23,46,0.03303295163160568,0,0.0,2.5,0.0007230375116371854,0.0
bg,50,0.0006799363356851575,0.0006794740222645725,0.6799363356851575,23,23,46,0.029562449377615544,0,0.0,2.5,0.000772866852977649,0.0
bg,50,0.0008781091671060821,0.0008773380913967263,0.8781091671060821,29,29,58,0.030279626451933866,0,0.0,2.5,0.000568210291262216,0.0
bg,50,0.0006186643648438662,0.0006182816192475386,0.6186643648438661,23,23,46,0.026898450645385482,0,0.0,2.5,0.0005608050430675031,0.0
bg,50,0.0009259690560126756,0.0009251116373199823,0.9259690560126757,25,25,50,0.03703876224050703,0,0.0,2.5,0.0009395933999723541,0.0
bg,50,0.0006076406859247854,0.0006072714587215943,0.6076406859247854,25,25,50,0.024305627436991415,0,0.0,2.5,0.000593783910674493,0.0
bg,50,0.0008538877476409042,0.0008531586233553326,0.8538877476409041,26,26,52,0.032841836447727084,0,0.0,2.5,0.0007124157119535365,0.0
bg,50,0.0005980096797895538,0.0005976520642124318,0.5980096797895538,24,24,48,0.024917069991231406,0,0.0,2.5,0.0005990602619364616,0.0
bg,50,0.001373700456760524,0.0013718134038156198,1.373700456760524,41,41,82,0.03350488918928107,0,0.0,2.5,0.0013510243547119399,0.0
bg,50,0.0009830349567398003,0.0009820685990136278,0.9830349567398002,37,37,74,0.026568512344318927,0,0.0,2.5,0.0010688751122697943,0.0
bg,50,0.0005177628354851791,0.0005174947571313695,0.5177628354851791,27,26,53,0.019913955210968427,0,0.0,2.5,0.0004625015265931591,0.0
bg,50,0.0006300828590512602,0.0006296858546419899,0.6300828590512602,22,22,44,0.02864012995687546,0,0.0,2.5,0.0006578548590429653,0.0
bg,50,0.0007555189836230687,0.0007549481746884539,0.7555189836230687,30,30,60,0.025183966120768956,0,0.0,2.5,0.0007010618182531951,0.0
bg,50,0.0007340920671604145,0.0007335531759973466,0.7340920671604145,25,25,50,0.029363682686416582,0,0.0,2.5,0.0007879115043180861,0.0
bg,50,0.0007761880115508824,0.0007755855437216072,0.7761880115508824,30,30,60,0.025872933718362745,0,0.0,2.5,0.0006893921288047514,0.0
bg,50,0.0008050641037064763,0.0008044159754953996,0.8050641037064763,21,21,42,0.038336385890784586,0,0.0,2.5,0.0006792859338246103,0.0
bg,50,0.0006858237637029072,0.0006853534094680476,0.6858237637029072,18,18,36,0.03810132020571707,0,0.0,2.5,0.0005836771591663371,0.0
bg,50,0.0006594456756268397,0.0006590108070277369,0.6594456756268396,26,26,52,0.02536329521641691,0,0.0,2.5,0.0005794504076975124,0.0
bg,50,0.0007311167514312764,0.0007305822197270531,0.7311167514312764,21,21,42,0.03481508340148935,0,0.0,2.5,0.0005580524973037064,0.0
bg,50,0.0005182707572450198,0.0005180021526672046,0.5182707572450198,16,16,32,0.03239192232781374,0,0.0,2.5,0.0005155264295532542,0.0
bg,50,0.0008077913170838685,0.0008071387902719124,0.8077913170838684,21,21,42,0.038466253194469925,0,0.0,2.5,0.0006183543553262367,0.0
bg,50,0.0009103920103860403,0.0009095631967734656,0.9103920103860403,30,30,60,0.030346400346201344,0,0.0,2.5,0.0009042228490958366,0.0
bg,50,0.0010532421530757442,0.0010521328340427282,1.053242153075744,33,33,66,0.031916428881083155,0,0.0,2.5,0.001098662367903884,0.0
bg,50,0.0007318232092784917,0.0007312876440688531,0.7318232092784918,19,19,38,0.03851701101465746,0,0.0,2.5,0.0006754131231432171,0.0
bg,50,0.0008468308470774133,0.0008461137245938515,0.8468308470774133,24,24,48,0.03528461862822555,0,0.0,2.5,0.0009231483245635415,0.0
bg,50,0.0006256909356185112,0.000625299446471596,0.6256909356185112,23,23,46,0.027203953722543965,0,0.0,2.5,0.0006756457370663431,0.0
bg,50,0.0006459106204669922,0.0006454934199373601,0.6459106204669922,18,18,36,0.03588392335927734,0,0.0,2.5,0.0005221565834386761,0.0
bg,50,0.0005683607637679273,0.0005680377298101366,0.5683607637679273,22,22,44,0.025834580171269425,0,0.0,2.5,0.0005797898841695394,0.0
bg,50,0.001108071060775865,0.0011068432393001363,1.108071060775865,21,21,42,0.052765288608374525,0,0.0,2.5,0.0010205661926027754,0.0
bg,50,0.0009740010731926336,0.0009730523951020531,0.9740010731926336,28,28,56,0.03478575261402263,0,0.0,2.5,0.0007813070893118116,0.0
bg,50,0.0006229673643355405,0.0006225792759985133,0.6229673643355405,22,22,44,0.028316698378888203,0,0.0,2.5,0.0005692436426899404,0.0
bg,50,0.0006619587164091243,0.0006615205270668942,0.6619587164091243,14,14,28,0.04728276545779459,0,0.0,2.5,0.000677079124394543,0.0
bg,50,0.0005028643692148549,0.000502611496641029,0.5028643692148549,15,15,30,0.033524291280990326,0,0.0,2.5,0.00037796732619455547,0.0
bg,50,0.000374193873399804,0.00037405385234491405,0.37419387339980403,13,13,26,0.028784144107677233,0,0.0,2.5,0.0002844532710713536,0.0
bg,50,0.000532342219187683,0.0005320588309493533,0.532342219187683,16,16,32,0.03327138869923019,0,0.0,2.5,0.0005977993594738589,0.0
bg,50,0.0009383725871408082,0.0009374920440285108,0.9383725871408082,28,28,56,0.033513306683600294,0,0.0,2.5,0.001008906115402858,0.0
bg,50,0.000582409805270892,0.0005820706040896162,0.5824098052708919,21,21,42,0.027733800250994853,0,0.0,2.5,0.0005744363287836078,0.0
bg,50,0.0007428742603460279,0.0007423223981793432,0.7428742603460279,24,24,48,0.030953094181084495,0,0.0,2.5,0.0007414913268137396,0.0
bg,50,0.0010279673558141504,0.001026910638929531,1.0279673558141504,34,34,68,0.030234333994533836,0,0.0,2.5,0.0011807240032083027,0.0
bg,50,0.00045213183386545096,0.0004519274106702564,0.45213183386545097,20,20,40,0.02260659169327255,0,0.0,2.5,0.0004681680813373513,0.0
bg,50,0.0005589926672823679,0.0005586801944802926,0.558992667282368,29,29,58,0.019275609216633377,0,0.0,2.5,0.000628990182176926,0.0
bg,50,0.0010113524037192291,0.0010103295700347207,1.0113524037192292,29,29,58,0.03487422081790446,0,0.0,2.5,0.0010794585886494353,0.0
bg,50,0.0010080404022147675,0.0010070242567622703,1.0080404022147675,28,28,56,0.0360014429362417,0,0.0,2.5,0.0008690656408461274,0.0
bg,50,0.0004040111973708269,0.0004038479723232258,0.4040111973708269,16,16,32,0.025250699835676682,0,0.0,2.5,0.000382673257053158,0.0
bg,50,0.0008256856529800522,0.0008250038961825152,0.8256856529800523,27,27,54,0.030580950110372304,0,0.0,2.5,0.0007506995586022443,0.0
bg,50,0.0006991625772514833,0.0006986737489420543,0.6991625772514833,23,23,46,0.030398372923977537,0,0.0,2.5,0.000817896581758589,0.0
bg,50,0.0007280339850166086,0.0007275039515332694,0.7280339850166087,21,21,42,0.03466828500079089,0,0.0,2.5,0.0006147011192136898,0.0
bg,50,0.0007748705175729782,0.0007742700932539744,0.7748705175729782,25,25,50,0.03099482070291913,0,0.0,2.5,0.0007563988233303644,0.0
bg,50,0.0008205948770308442,0.000819921501078635,0.8205948770308442,25,25,50,0.032823795081233766,0,0.0,2.5,0.0006942146470061079,0.0
bg,50,0.0008116784464050895,0.000811019624504731,0.8116784464050895,19,19,38,0.042719918231846815,0,0.0,2.5,0.0007960329772221745,0.0
bg,50,0.0005488388391701608,0.0005485376150987793,0.5488388391701609,20,20,40,0.02744194195850804,0,0.0,2.5,0.0005931862991186507,0.0
bg,50,0.0007389525927846421,0.0007384065418502589,0.7389525927846421,30,30,60,0.024631753092821403,0,0.0,2.5,0.0006657631884078648,0.0
bg,50,0.000988425160870504,0.000987448176571862,0.9884251608705039,28,28,56,0.035300898602518,1,0.001,2.5,0.0011324732701179017,1.0931575971297476
bg,50,0.001050044912587868,0.0010489423182694162,1.0500449125878681,33,33,66,0.03181954280569298,0,0.0,2.5,0.0009540235359523462,0.0
bg,50,0.0007911078921859059,0.0007904820404888269,0.7911078921859058,24,24,48,0.03296282884107941,0,0.0,2.5,0.0006765330726863738,0.0
bg,50,0.0006549437857474345,0.0006545148343849453,0.6549437857474345,31,31,62,0.021127218895078532,0,0.0,2.5,0.0008319217416041645,0.0
bg,50,0.0008593200117970703,0.0008585815809143952,0.8593200117970703,29,29,58,0.02963172454472656,0,0.0,2.5,0.0008204590940868911,0.0
bg,50,0.0009880337345472298,0.0009870575238866265,0.9880337345472299,24,24,48,0.04116807227280125,0,0.0,2.5,0.0011702047689022318,0.0
bg,50,0.0007245210261387918,0.0007239960954214746,0.7245210261387918,26,26,52,0.027866193313030453,0,0.0,2.5,0.0006667801423615212,0.0
bg,50,0.0012537086970003893,0.0012998912138020974,1.2537086970003894,28,28,56,0.04477531060715677,0,0.0,2.5,0.001319098732516946,0.0
bg,50,0.0006277660965552343,0.0006273720062832501,0.6277660965552343,19,19,38,0.03304032087132812,0,0.0,2.5,0.0005968886684186429,0.0
bg,50,0.0005549897189279242,0.0005546817053398085,0.5549897189279243,21,21,42,0.026428081853710678,0,0.0,2.5,0.00044188463211227135,0.0
bg,50,0.0011245171144375554,0.0011232525756968922,1.1245171144375554,34,34,68,0.03307403277757516,0,0.0,2.5,0.0009831560939657282,0.0
bg,50,0.0007701808558347842,0.00076958767728409,0.7701808558347842,25,25,50,0.030807234233391368,0,0.0,2.5,0.0006746899742555717,0.0
bg,50,0.0006363055332003497,0.0006359006484687685,0.6363055332003498,22,22,44,0.028922978781834082,0,0.0,2.5,0.0007014211751865547,0.0
bg,50,0.00048370427890121094,0.0004834703090717836,0.4837042789012109,16,16,32,0.030231517431325683,0,0.0,2.5,0.0005822297493722749,0.0
bg,50,0.0007642019599464192,0.000763617955310833,0.7642019599464192,23,23,46,0.03322617217158344,0,0.0,2.5,0.0006458356572069878,0.0
bg,50,0.0007055929239785961,0.0007050950626042272,0.7055929239785961,27,27,54,0.02613307125846652,0,0.0,2.5,0.0007819963026386809,0.0
bg,50,0.00039376605106930995,0.0003936109993663352,0.39376605106930995,15,15,30,0.02625107007128733,0,0.0,2.5,0.00033892023435669707,0.0
bg,50,0.0010003302988019769,0.0009993296380952758,1.0003302988019769,36,36,72,0.027786952744499358,0,0.0,2.5,0.001013660722860672,0.0
bg,50,0.0013207486850424389,0.0013190043079533973,1.3207486850424388,34,34,68,0.03884554956007173,0,0.0,2.5,0.0010078072393519325,0.0
bg,50,0.0006904692732819555,0.0006899925254646088,0.6904692732819555,18,18,36,0.03835940407121975,0,0.0,2.5,0.0006372063206058085,0.0
bg,50,0.0007170629298086055,0.0007165487505632999,0.7170629298086055,24,24,48,0.029877622075358563,0,0.0,2.5,0.0007367935596932244,0.0
bg,50,0.0006104957710095392,0.0006101230659231186,0.6104957710095391,23,23,46,0.026543294391719093,0,0.0,2.5,0.0005927526870439597,0.0
bg,50,0.0008730566235362152,0.0008722943956683146,0.8730566235362152,22,22,44,0.03968439197891887,0,0.0,2.5,0.0009727999533701895,0.0
bg,50,0.0008131191203249557,0.0008124579576211178,0.8131191203249557,24,24,48,0.033879963346873154,0,0.0,2.5,0.0006037444169434127,0.0
bg,50,0.0008280146062037233,0.0008273289980156366,0.8280146062037232,28,28,56,0.029571950221561543,0,0.0,2.5,0.00041132443391894263,0.0
bg,50,0.0008189805190648531,0.0008183097899742453,0.8189805190648531,25,25,50,0.032759220762594125,0,0.0,2.5,0.0009024568319966696,0.0
bg,50,0.0009482890117167031,0.0009473897596669604,0.9482890117167031,20,20,40,0.047414450585835155,0,0.0,2.5,0.0007287899199249716,0.0
bg,50,0.0008001322013574104,0.000799491989817761,0.8001322013574104,23,23,46,0.03478835658075697,0,0.0,2.5,0.0007753013932072278,0.0
bg,50,0.0015287044863284561,0.0015263675489219353,1.528704486328456,35,35,70,0.043677271037955885,0,0.0,2.5,0.0015017935029730044,0.0
bg,50,0.0007196291243219832,0.0007191112582454108,0.7196291243219832,27,27,54,0.026652930530443823,0,0.0,2.5,0.0007567948726633734,0.0
bg,50,0.0009656327161130136,0.0009647002695705856,0.9656327161130136,26,26,52,0.037139719850500526,0,0.0,2.5,0.0011190192242691115,0.0
bg,50,0.0003270308869959848,0.0003269239377949354,0.3270308869959848,12,12,24,0.027252573916332068,0,0.0,2.5,0.0003886049493862284,0.0
