ligand_type,r_max,time_weighted_mean_b,time_weighted_variance,total_bound_time,n_binding_events,n_unbinding_events,binding_unbinding_events,mean_bound_dwell_time,total_signal,signal_rate,ratio,time_weighted_variance_observed,total_signal_observed
ag,50,2.0542100309684894,1.36768619630407,2054.2100309684893,1992,1989,3981,1.0327853348257865,3682,3.682,1.5,1.4112076711293846,4229.291384018184
ag,50,2.6528304873383255,1.6305212597031356,2652.8304873383254,2645,2641,5286,1.0044795484052729,6371,6.371,1.5,1.638245346182887,6383.143476631938
ag,50,1.6974232007928922,1.0676940156127106,1697.4232007928922,1662,1661,3323,1.0219284772985504,2462,2.462,1.5,1.037023115794634,2262.3484793536823
ag,50,1.3471874136034343,0.8598951062263557,1347.1874136034344,1339,1337,2676,1.0076196062852911,1603,1.603,1.5,0.7547972310621788,1902.7403216311113
ag,50,2.646057886661026,1.7961596949802157,2646.057886661026,2603,2600,5203,1.0177145717927023,6520,6.52,1.5,1.9171738083167094,5243.601825807315
ag,50,1.281734034233683,0.8276119422016325,1281.734034233683,1296,1295,2591,0.989756010991261,1460,1.46,1.5,0.9178412874831229,1474.6909677961726
ag,50,1.644965491588201,1.129358196497622,1644.965491588201,1616,1615,3231,1.0185544839555425,2359,2.359,1.5,1.0797855344836,1696.082498397949
ag,50,2.975720472263569,1.875803304589727,2975.7204722635693,2906,2903,5809,1.0250501110105303,7852,7.852,1.5,2.3421743259619845,6899.744705731217
ag,50,1.9014289645744824,1.263675653523689,1901.4289645744825,1900,1900,3800,1.0007520866181487,3217,3.217,1.5,1.159923596255826,3946.9123632500323
ag,50,1.2859898664471205,0.8472216708642626,1285.9898664471204,1293,1291,2584,0.9961191839249578,1464,1.464,1.5,0.7960546420103697,1636.7185824928122
ag,50,0.6368918237308305,0.4321309963226896,636.8918237308305,629,628,1257,1.0141589549853989,290,0.29,1.5,0.5241026188808685,262.11545974511654
ag,50,1.0016215777307151,0.6553374970346254,1001.6215777307151,1024,1023,2047,0.9791022265207381,798,0.798,1.5,0.6119227109065561,932.364634167647
ag,50,3.496707343400151,2.3477501530524987,3496.7073434001513,3470,3467,6937,1.008568602076767,11076,11.076,1.5,2.47257650016848,12389.76644214546
ag,50,1.254483311423081,0.8298320113867339,1254.483311423081,1302,1301,2603,0.9642454353751583,1374,1.374,1.5,0.8239208831665645,1659.0558273729891
ag,50,1.963556418119309,1.2367444165135197,1963.556418119309,1970,1969,3939,0.9972353570946211,3346,3.346,1.5,1.316361378235409,3024.568151642952
ag,50,1.9777769228515485,1.2600372181998276,1977.7769228515485,1971,1968,3939,1.004967948603429,3528,3.528,1.5,1.4575439988398642,3021.5185544810834
ag,50,2.5879321643193265,1.615769436887838,2587.9321643193266,2638,2634,5272,0.982510312953427,6062,6.062,1.5,1.622436946908495,5715.905381289365
ag,50,1.3260389242980635,0.8833771124513992,1326.0389242980634,1271,1268,2539,1.0457720223170848,1484,1.484,1.5,0.8256445440200328,1389.4113865548436
ag,50,1.345985241435451,0.8875099430511519,1345.985241435451,1302,1301,2603,1.0345774338473874,1491,1.491,1.5,1.0482784874033093,1827.2430919286553
ag,50,2.234737328683843,1.4470666810307429,2234.737328683843,2238,2235,4473,0.999882473684046,4419,4.419,1.5,1.7297173879000516,4645.277605019171
ag,50,1.99990911414663,1.3333264481104798,1999.9091141466301,2003,1999,4002,1.0004547844655478,3307,3.307,1.5,1.2512993894196707,3143.5803802419227
ag,50,1.2850720386391963,0.8649369344113786,1285.0720386391963,1311,1311,2622,0.9802227602129644,1377,1.377,1.5,0.8740832693229714,1241.8554778610446
ag,50,2.622471793837218,1.7285769468874892,2622.4717938372182,2550,2549,5099,1.0288237716113058,5944,5.944,1.5,1.6250976915037165,5566.892777451649
ag,50,0.6472886082047044,0.43775551778216226,647.2886082047044,644,643,1287,1.0066696861659477,332,0.332,1.5,0.4234869386967441,285.8531812017856
ag,50,2.5984861649839512,1.68574589022413,2598.4861649839513,2542,2540,5082,1.0230260492062802,5862,5.862,1.5,1.9899097998221904,5607.190318964144
ag,50,1.639671081762022,1.1378078485390803,1639.671081762022,1608,1606,3214,1.0209658043350074,2319,2.319,1.5,1.173932312819423,2122.314135075463
ag,50,2.236354344861678,1.502096799964269,2236.354344861678,2230,2226,4456,1.0046515475569082,4326,4.326,1.5,1.2871289950218954,3840.1761796678675
ag,50,0.9720654526753073,0.6407944025576952,972.0654526753073,1043,1042,2085,0.9328843115885866,795,0.795,1.5,0.7077276742217217,625.8593799714561
ag,50,1.9521104602374846,1.3234058223429535,1952.1104602374846,1977,1976,3953,0.9879101519420469,3415,3.415,1.5,1.2473567432548565,3276.1125182315036
ag,50,0.6578304071514951,0.44671235720730773,657.8304071514951,683,681,1364,0.9659771030124745,365,0.365,1.5,0.44149121108492645,392.0468531590955
ag,50,1.9590961419266164,1.2909989964292072,1959.0961419266164,1888,1886,3774,1.0387572332590755,3291,3.291,1.5,1.1945315164107053,3310.3339490768503
ag,50,0.6890472484832075,0.43391654921458994,689.0472484832076,651,650,1301,1.0600726899741655,301,0.301,1.5,0.48776784775908083,240.66853443523513
ag,50,2.3361406600183217,1.5057753213912028,2336.140660018322,2291,2290,4581,1.0201487598333283,4797,4.797,1.5,1.942811291436204,4557.686817506594
ag,50,1.3352477505870237,0.8711256628603042,1335.2477505870238,1316,1313,2629,1.016944212175951,1450,1.45,1.5,0.9585009219551035,1314.2778607284538
ag,50,1.3094388677735125,0.9056281775123827,1309.4388677735126,1290,1289,2579,1.015856375309164,1591,1.591,1.5,1.0366897462244316,1581.5778778623467
ag,50,1.7373987410533016,1.0966289132610054,1737.3987410533016,1679,1677,3356,1.036015945768218,2675,2.675,1.5,1.2757071339321102,2324.8359037196788
ag,50,1.6509581646734615,1.0932304433737339,1650.9581646734614,1582,1581,3163,1.044249313518951,2227,2.227,1.5,1.23145537176894,2195.1781270838715
ag,50,1.3269348027618604,0.9207814362408576,1326.9348027618603,1328,1327,2655,0.9999508686977093,1621,1.621,1.5,1.1306939263730944,1557.5906636277305
ag,50,0.9670020748003381,0.6582211000236946,967.002074800338,975,973,1948,0.9938356369993196,791,0.791,1.5,0.5992748426182455,924.8688010625323
ag,50,1.3160559822056672,0.8436058858961157,1316.0559822056673,1323,1321,2644,0.996257367301792,1424,1.424,1.5,0.6578801248736339,1555.918090153202
ag,50,0.9840492461598161,0.6309882349307279,984.0492461598161,997,996,1993,0.988001251164474,780,0.78,1.5,0.5228614021702035,721.0629279219145
ag,50,1.6603211683777386,1.0543971949381612,1660.3211683777386,1625,1624,3249,1.0223652514641248,2306,2.306,1.5,1.0524000725037166,2611.6987127020698
ag,50,1.6210971501193538,1.073996584913169,1621.097150119354,1607,1605,3212,1.0100293770214044,2491,2.491,1.5,1.2481643555428092,2583.949819631675
ag,50,1.5995669807801793,1.0519596363342416,1599.5669807801794,1668,1667,3335,0.9595482788123452,2452,2.452,1.5,1.045009511122095,2583.319410140835
ag,50,0.6709251544509869,0.4227728917933312,670.9251544509868,640,639,1279,1.0499611180766617,377,0.377,1.5,0.40345407133933875,428.1619834194763
ag,50,0.988712848541511,0.6263778957329016,988.712848541511,985,984,1969,1.0047894802251127,786,0.786,1.5,0.58238913378359,711.5737714493937
ag,50,0.9402909968005255,0.6298255360906624,940.2909968005255,965,964,1929,0.9754055983407941,766,0.766,1.5,0.6616019230214373,789.7800275070869
ag,50,2.2777742977602093,1.5048552047998718,2277.7742977602093,2262,2260,4522,1.0078647335222164,4683,4.683,1.5,1.7563135701116726,5725.920970593633
ag,50,0.32914424861213604,0.2208083122176884,329.14424861213604,338,338,676,0.9737995521069114,63,0.063,1.5,0.2096877444771616,69.85756747819754
ag,50,1.703228305450601,1.1420473043974475,1703.228305450601,1694,1693,3387,1.0060415271415246,2456,2.456,1.5,1.4518313451962637,2714.36626350663
ag,50,1.6480314084919523,1.0419951691736806,1648.0314084919523,1686,1685,3371,0.9780601830812774,2616,2.616,1.5,1.1429431225548359,1761.374172104189
ag,50,1.2709113737799418,0.8414885344765114,1270.9113737799419,1284,1282,2566,0.9913505255693774,1453,1.453,1.5,0.7179788730926184,1553.0686133496915
ag,50,1.9225532076600858,1.24377095886494,1922.5532076600857,1913,1911,3824,1.0060456345683337,3262,3.262,1.5,1.399241641496724,2686.895419810174
ag,50,1.306444134962941,0.8080563934464134,1306.444134962941,1286,1285,2571,1.0166880427727167,1481,1.481,1.5,0.8242676889562602,1938.7519730294343
ag,50,1.945908696651686,1.3133540516447435,1945.9086966516861,1936,1934,3870,1.0061575473897033,3230,3.23,1.5,1.2944145390617499,3094.1626632156117
ag,50,2.3036771351251004,1.4620944269306904,2303.6771351251004,2234,2231,4465,1.0325760354662037,4539,4.539,1.5,1.3906348315671528,5320.97610526082
ag,50,2.5807954001254543,1.6660594357744922,2580.7954001254543,2575,2573,5148,1.003029693014168,6046,6.046,1.5,1.8968465825188272,6347.224164884472
ag,50,1.943371588014932,1.284221915956221,1943.371588014932,1962,1962,3924,0.9905053965417595,3399,3.399,1.5,1.2707283004799472,3250.8904066806417
ag,50,1.6907113258918571,1.0352429539357861,1690.711325891857,1626,1625,3251,1.0404377390103736,2426,2.426,1.5,0.6557904549535145,1825.729996466868
ag,50,1.6366564666221688,1.119930158718869,1636.6564666221689,1671,1670,3341,0.9800338123486041,2466,2.466,1.5,1.1664716010042615,2615.2688984871634
ag,50,1.2568840062735407,0.8350583079904805,1256.8840062735408,1248,1246,2494,1.008735157522906,1413,1.413,1.5,1.0394877437955932,1102.8132062454729
ag,50,1.2953165707805605,0.8778091502656272,1295.3165707805606,1340,1340,2680,0.9666541572989258,1443,1.443,1.5,0.6733950097203418,1907.0662818437906
ag,50,1.9508807238027728,1.3118679141469511,1950.8807238027728,1956,1953,3909,0.9989148611381325,3330,3.33,1.5,1.2681940267549814,4846.700414108905
ag,50,2.5925921444407316,1.76138023551875,2592.5921444407318,2552,2551,5103,1.0163042510547753,5833,5.833,1.5,1.7376072506974862,7356.993360233649
ag,50,1.9698145912607088,1.237155139444751,1969.8145912607088,2005,2004,4009,0.9829414128047449,3518,3.518,1.5,1.280400467373015,3139.0177159054033
ag,50,3.8662614215341518,2.3892011773801034,3866.261421534152,3771,3770,7541,1.0255335335634355,13132,13.132,1.5,2.07782653504162,14600.460867977145
ag,50,2.1791387824370427,1.47061872148242,2179.1387824370427,2257,2254,4511,0.9667873923855558,4287,4.287,1.5,1.6286013814638667,3492.4184370829985
ag,50,2.593805956378338,1.6621825503598515,2593.805956378338,2665,2660,5325,0.9751150211948639,5966,5.966,1.5,1.5868646738614904,7085.437696320684
ag,50,1.369962509628638,0.8931221239343644,1369.9625096286381,1319,1318,2637,1.0394252728593614,1665,1.665,1.5,0.8840849645986253,1910.508275618821
ag,50,1.0200894180544897,0.683916686120989,1020.0894180544898,1013,1012,2025,1.0079934961012744,793,0.793,1.5,0.7495228537813721,952.1115969975094
ag,50,0.9541718346547381,0.6653584975151469,954.1718346547381,1041,1040,2081,0.9174729179372482,779,0.779,1.5,0.7492890787575915,653.3726851377704
ag,50,0.9956345674748943,0.6902146157443715,995.6345674748943,1003,1002,2005,0.9936472729290362,818,0.818,1.5,0.6779122246322267,902.1905029617814
ag,50,1.9290938487318354,1.2732368069120052,1929.0938487318354,1967,1967,3934,0.9807289520751578,3516,3.516,1.5,1.1179868700146578,4239.850771388602
ag,50,1.6486183464808126,1.0722171758608585,1648.6183464808125,1623,1622,3245,1.0164108178056797,2490,2.49,1.5,1.2570565675691274,2646.3328655046644
ag,50,1.6888486081947995,1.0810641549800069,1688.8486081947995,1729,1728,3457,0.9773429445571756,2523,2.523,1.5,1.166269698598254,2521.0657023841745
ag,50,1.0265448578896852,0.6421746131256549,1026.544857889685,1033,1031,2064,0.99567881463597,813,0.813,1.5,0.5311858381995554,932.4936617902799
ag,50,2.2723542812353954,1.4249744960863955,2272.3542812353953,2248,2245,4493,1.0121845350714456,4507,4.507,1.5,1.5601394695122488,5333.358380932559
ag,50,0.6895214706333477,0.4171718932409755,689.5214706333477,695,695,1390,0.9921172239328744,360,0.36,1.5,0.5726392681721382,372.32924692440974
ag,50,0.6386862287329736,0.4342241226967013,638.6862287329736,645,644,1289,0.9917488023803939,329,0.329,1.5,0.49220469463815103,373.8278386434056
ag,50,0.6592828975278775,0.4494202876319886,659.2828975278775,670,670,1340,0.9840043246684739,349,0.349,1.5,0.41782234861372414,350.510848632835
ag,50,3.1596213462527465,2.178249583374705,3159.6213462527467,3264,3261,6525,0.9689117897125872,9122,9.122,1.5,2.149949305700331,9858.719952207004
ag,50,1.5589568521450505,1.0491587104041609,1558.9568521450506,1602,1601,3203,0.9737394454372583,2120,2.12,1.5,0.9260487079551672,2425.9700585476307
ag,50,3.558676980912375,2.1530557145564986,3558.6769809123753,3568,3563,7131,0.9987866912468075,11335,11.335,1.5,2.166853506938765,11032.524133175424
ag,50,1.9676730799162476,1.3173463569377821,1967.6730799162476,1946,1945,3891,1.0116571104967853,3486,3.486,1.5,0.8996513765289722,2925.597718929832
ag,50,1.7153204332957357,1.0426800444655675,1715.3204332957357,1609,1606,3215,1.0680700082787893,2383,2.383,1.5,0.9416283911491543,2856.110446290659
ag,50,0.9897246198346306,0.6588828826630333,989.7246198346305,978,978,1956,1.0119883638390905,808,0.808,1.5,0.6052493130592844,437.24662688390293
ag,50,1.5905273831788884,1.0933330833772634,1590.5273831788884,1615,1614,3229,0.9854568669014179,2200,2.2,1.5,0.8888999412753599,2104.269509826661
ag,50,1.2929685760246918,0.8715398443865429,1292.9685760246919,1335,1335,2670,0.9685157872844133,1363,1.363,1.5,0.6024359276623433,1393.7575689469104
ag,50,1.0204027289632107,0.6736545625167377,1020.4027289632106,1059,1059,2118,0.9635530962825407,950,0.95,1.5,0.6276288747478979,1032.64695981906
ag,50,2.5300702942165354,1.6854604246690748,2530.0702942165353,2591,2587,5178,0.9779939289588463,5736,5.736,1.5,2.0298820663693147,6085.273751543177
ag,50,1.6798881288205654,1.0421402815103908,1679.8881288205653,1619,1619,3238,1.0376084798150496,2384,2.384,1.5,1.0717600255744166,2270.210190326236
ag,50,2.03547912107623,1.2597904427650277,2035.4791210762298,2020,2018,4038,1.0086616060833646,3786,3.786,1.5,1.1168599640118004,3719.6755250118385
ag,50,1.962308270093473,1.3258982776081798,1962.308270093473,1990,1989,3979,0.9865803268443807,3489,3.489,1.5,1.317053670927563,3060.2104317926705
ag,50,1.6143597453891971,1.0599017208516262,1614.359745389197,1646,1643,3289,0.9825683173397426,2349,2.349,1.5,1.0492171121549987,2239.305079718228
ag,50,1.0018182889308458,0.633573336906583,1001.8182889308457,986,984,1970,1.018108017206144,808,0.808,1.5,0.5299249995162518,659.1536392424836
ag,50,1.00198400484411,0.6673040252634751,1001.9840048441099,1016,1015,2031,0.9871763594523251,870,0.87,1.5,0.661198261871097,948.2051099834862
ag,50,0.6236421979691852,0.436149581186526,623.6421979691852,654,652,1306,0.9565064386030447,347,0.347,1.5,0.48931196853277337,244.612445736469
ag,50,2.2726245699847505,1.502009121466493,2272.6245699847505,2276,2276,4552,0.9985169463904879,4478,4.478,1.5,1.4968060977937887,3779.4983640250043
ag,50,1.941259031950328,1.3081158873037275,1941.259031950328,1941,1938,3879,1.001681647033193,3338,3.338,1.5,0.9903110618184839,3214.2201130175627
ag,50,1.6671405804168293,1.0771536808899758,1667.1405804168294,1655,1654,3309,1.0079447281842984,2440,2.44,1.5,1.1627955607998655,3128.303715845128
ag,50,1.852106176940861,1.2402056923784783,1852.1061769408611,1899,1897,3796,0.9763343051875916,3155,3.155,1.5,1.0559651418910412,4018.766111813433
ag,50,1.2584586368086192,0.8386777341619363,1258.4586368086193,1344,1344,2688,0.9363531523873656,1375,1.375,1.5,0.9034339041917956,1396.8891259023933
ag,50,2.858645175325192,1.8440489678627845,2858.6451753251918,2892,2889,5781,0.9894929648062277,7352,7.352,1.5,2.010486381421499,6802.47535136715
ag,50,2.3205200261819847,1.4353621651920359,2320.5200261819846,2257,2254,4511,1.0295119903203125,4447,4.447,1.5,1.1846150296068914,4578.445754279928
ag,50,1.6541924534081283,1.1009171015573265,1654.1924534081284,1621,1618,3239,1.0223686362225763,2274,2.274,1.5,1.080587874794202,2314.381050123497
ag,50,2.5365899098278026,1.655002562035208,2536.589909827803,2516,2512,5028,1.009788976842278,5687,5.687,1.5,1.587936335591649,5095.837656347629
ag,50,0.977736171320802,0.6629552764458114,977.736171320802,968,967,1935,1.0111025556574995,828,0.828,1.5,0.6400001020900085,697.9965899069225
ag,50,2.245806272429885,1.4918073203762965,2245.8062724298848,2307,2304,4611,0.9747423057421375,4651,4.651,1.5,1.925792392307051,5540.798478466286
ag,50,1.700946855095697,1.05984782885749,1700.946855095697,1647,1647,3294,1.0327546175444426,2357,2.357,1.5,0.930643696371854,2553.3387079647846
ag,50,1.9345306495959544,1.3100778130078523,1934.5306495959544,1985,1982,3967,0.976049772752752,3507,3.507,1.5,0.950652655209049,3831.8003797783226
ag,50,0.6370091963336787,0.4246935162350239,637.0091963336787,654,653,1307,0.9755117861158938,344,0.344,1.5,0.45260069314941165,375.2359750623624
ag,50,0.6409173935951532,0.42768894555152526,640.9173935951532,659,658,1317,0.9740385920898984,332,0.332,1.5,0.3444176623672163,309.95934334970826
ag,50,1.024806483915047,0.6561488836967233,1024.806483915047,974,974,1948,1.0521627144918346,855,0.855,1.5,0.7995460416704588,816.9786189095657
ag,50,1.323140719199837,0.8767785042821863,1323.140719199837,1303,1301,2604,1.0170182315140945,1352,1.352,1.5,0.8887128323675184,1611.7630965339965
ag,50,2.273168456349144,1.4328807908509045,2273.168456349144,2244,2241,4485,1.0143545097497295,4512,4.512,1.5,1.3126558612216601,4160.623744926532
ag,50,1.3010153289687028,0.9050990477775911,1301.0153289687028,1309,1309,2618,0.9939001749187951,1521,1.521,1.5,1.0329463193035517,1486.7620708924412
ag,50,0.7032966485416202,0.4519399843627411,703.2966485416202,690,689,1379,1.0207498527454575,359,0.359,1.5,0.382751382345083,371.3669203257939
ag,50,2.6251362873282478,1.6184264237720243,2625.136287328248,2591,2588,5179,1.0143494155055053,6039,6.039,1.5,1.4924109069464313,7251.97841426327
ag,50,1.658174862633813,1.028416802295175,1658.174862633813,1619,1617,3236,1.0254637369411337,2443,2.443,1.5,1.003361112607273,2609.479686009884
ag,50,1.6725408122434573,1.0569411382211056,1672.5408122434574,1659,1657,3316,1.009378884878369,2280,2.28,1.5,1.0456897119816575,2720.076876687449
ag,50,2.5397198118256563,1.6415406493839464,2539.7198118256565,2569,2565,5134,0.9901441761503534,5609,5.609,1.5,1.3442717399176833,7208.944372659448
ag,50,2.208889741813564,1.4631052548736008,2208.889741813564,2210,2207,4417,1.0008562491225934,4202,4.202,1.5,1.2721799889954128,4174.235677804552
ag,50,2.656071603849975,1.7116803716677265,2656.0716038499754,2581,2578,5159,1.0302837873739237,5946,5.946,1.5,1.8974046241337967,4940.8425972225805
ag,50,1.3151275582068505,0.8391279286178246,1315.1275582068504,1316,1313,2629,1.0016203794416225,1451,1.451,1.5,0.7230934582456132,1556.5648367077958
ag,50,1.3170532936498893,0.8654314644144244,1317.0532936498894,1328,1327,2655,0.992504365975802,1475,1.475,1.5,0.8909637140376266,1012.764851276679
ag,50,0.6339791837814069,0.4214911900496021,633.979183781407,648,648,1296,0.97836293793427,311,0.311,1.5,0.3427841430216896,261.11512089336935
ag,50,2.696434136710237,1.7836076379609267,2696.434136710237,2577,2573,5150,1.0479728475360424,6206,6.206,1.5,1.9529902946296465,5845.3386598032685
ag,50,1.928867989678326,1.294824390639234,1928.867989678326,1923,1919,3842,1.0051422562159074,3412,3.412,1.5,1.4442989970723397,3691.4268393655625
ag,50,2.3057124666704967,1.4641478648944881,2305.7124666704967,2335,2332,4667,0.9887274728432662,4684,4.684,1.5,1.172268399183087,3574.2973502985283
ag,50,1.013093354200655,0.6715117645805321,1013.0933542006551,1031,1030,2061,0.983585780777335,912,0.912,1.5,0.7000410988182365,911.4137439653023
ag,50,1.9544049838330169,1.258685372790379,1954.4049838330168,1935,1932,3867,1.0115967825222654,3327,3.327,1.5,1.4043167113311479,3213.7084783929326
ag,50,2.9158051142443093,1.7980482518450331,2915.805114244309,2903,2902,5805,1.004757103461168,7699,7.699,1.5,1.873798278243713,8282.740568287805
ag,50,0.6514459729254605,0.4360619062769816,651.4459729254605,647,646,1293,1.0084302986462237,293,0.293,1.5,0.3737227839317055,234.24030541147096
ag,50,1.6155301021796045,1.0772498853954626,1615.5301021796045,1640,1640,3280,0.9850793305973198,2478,2.478,1.5,1.132429067914315,2590.66936216156
ag,50,3.1305618310523426,2.0327806027532884,3130.5618310523428,3206,3202,6408,0.977689516256197,8836,8.836,1.5,1.7625714829916221,10279.236052172708
ag,50,1.9328160772357796,1.2492568583283754,1932.8160772357796,1939,1937,3876,0.9978399985729374,3278,3.278,1.5,1.5071266328457429,4366.096651415984
ag,50,0.9798392926025872,0.6767307324926237,979.8392926025872,999,999,1998,0.9808201127153025,832,0.832,1.5,0.603559019108484,757.635427035132
ag,50,1.360394749668161,0.8509539715704139,1360.394749668161,1291,1290,2581,1.0545695733861713,1530,1.53,1.5,0.8460897585729957,1390.083662513539
ag,50,2.266118460483999,1.3682134620660784,2266.118460483999,2278,2275,4553,0.9960960265863732,4560,4.56,1.5,1.4766161005926322,3997.399098770825
ag,50,1.355509088918689,0.8611855315289696,1355.509088918689,1358,1357,2715,0.9989013182893802,1578,1.578,1.5,0.8755733430272028,1594.5963733558192
ag,50,1.323092931821674,0.8772640674333578,1323.092931821674,1340,1340,2680,0.9873827849415477,1370,1.37,1.5,0.6470219629893815,1297.2794194584365
ag,50,0.9653074325659476,0.6762836922328397,965.3074325659477,968,968,1936,0.99721842207226,800,0.8,1.5,0.6975070978412561,844.7416449353593
ag,50,0.9730113902639157,0.6288981371224829,973.0113902639157,969,968,1937,1.0051770560577642,763,0.763,1.5,0.5503559324088277,843.1933810191383
ag,50,1.278321260259112,0.8554069603928498,1278.321260259112,1289,1288,2577,0.992485450511733,1319,1.319,1.5,0.839608145927542,1223.570938806301
ag,50,0.9412805301653309,0.641242553993226,941.2805301653309,981,980,1961,0.9604903369033989,836,0.836,1.5,0.5224202316050341,881.6774529275439
ag,50,1.6577169745414233,1.0989740798772214,1657.7169745414233,1618,1615,3233,1.026450139034937,2466,2.466,1.5,1.0897190262508658,2264.495656819158
ag,50,1.0347402912892738,0.6538367431629466,1034.7402912892737,1003,1003,2006,1.031645355223603,879,0.879,1.5,0.5797413281099912,853.0779846342232
ag,50,1.6152081272737435,1.1489287257441074,1615.2081272737435,1591,1589,3180,1.0164934721672394,2342,2.342,1.5,1.502091998164594,1884.9330106578661
ag,50,2.326482449390465,1.5241477519342006,2326.482449390465,2244,2242,4486,1.0376817347861127,4634,4.634,1.5,1.2532044430483573,4269.299541988515
ag,50,0.33540742150633757,0.22290928310480757,335.4074215063376,334,333,667,1.0072294940130258,63,0.063,1.5,0.23963436277697137,73.58758032595573
ag,50,2.0159512179514403,1.2999659102731613,2015.9512179514404,1965,1962,3927,1.0274980723503773,3454,3.454,1.5,1.4310508024424586,3405.7134074274977
ag,50,0.6348195078682227,0.41922273475892907,634.8195078682227,634,634,1268,1.0012925991612345,300,0.3,1.5,0.4258827470850827,244.57304737038478
ag,50,1.0125819923238304,0.6356049603046187,1012.5819923238305,1011,1010,2021,1.0025564280433965,901,0.901,1.5,0.5902239674531674,856.4656229194202
ag,50,1.0264262218292248,0.6834008211448495,1026.426221829225,1059,1058,2117,0.9701571094794187,926,0.926,1.5,0.70024939973187,863.247842002329
ag,50,1.9575156005857575,1.26069823560251,1957.5156005857575,1909,1908,3817,1.025951572634045,3385,3.385,1.5,1.4146160068497937,3274.7631510488495
ag,50,2.299341359733652,1.4259982312388761,2299.3413597336516,2310,2308,4618,0.9962484227615475,4423,4.423,1.5,1.6011310062917201,6502.972309241396
ag,50,1.9459097821836908,1.2774876391007792,1945.9097821836908,1946,1943,3889,1.0014975718907313,3241,3.241,1.5,1.5006536056799884,3375.409820870825
ag,50,2.8791751294969976,1.9540089762774508,2879.1751294969977,2960,2957,5917,0.9736811394984775,7679,7.679,1.5,1.9603226733979464,6514.642674162981
ag,50,1.3110644987568219,0.9158477861438217,1311.0644987568219,1319,1317,2636,0.995493165343069,1441,1.441,1.5,0.734658620217104,1279.6975337305955
ag,50,1.9398120382957418,1.3224560674713979,1939.8120382957418,1936,1933,3869,1.0035240756832602,3275,3.275,1.5,1.3205966191836656,3873.4489628434158
ag,50,1.9819425696095259,1.3953863802955264,1981.942569609526,1978,1972,3950,1.0050418709987454,3414,3.414,1.5,1.4694691253077934,3510.933958816532
ag,50,0.6502617292465325,0.4384033883024268,650.2617292465325,667,667,1334,0.9749051412991492,384,0.384,1.5,0.4235987454090926,383.5769077077332
ag,50,0.943878081990238,0.621428225191933,943.878081990238,973,972,1945,0.9710679855866646,723,0.723,1.5,0.6478787474791939,531.9285653835138
ag,50,1.3281647233920415,0.858074372658216,1328.1647233920414,1325,1325,2650,1.0023884704845596,1506,1.506,1.5,0.8665628180481627,1332.806149332928
ag,50,2.5774310345573532,1.6497605457926352,2577.431034557353,2647,2644,5291,0.9748226303166994,5938,5.938,1.5,1.665933521167922,4039.047317990255
ag,50,0.9763216554782473,0.6454915264691832,976.3216554782473,949,947,1896,1.030962677379353,726,0.726,1.5,0.6786330795184308,653.751358766164
ag,50,1.3454189878505476,0.8986523586446108,1345.4189878505476,1340,1338,2678,1.0055448339690192,1562,1.562,1.5,1.0598790866189303,2012.4359226618762
ag,50,0.9933885462720791,0.6534047224514411,993.3885462720791,1011,1011,2022,0.9825801644629862,878,0.878,1.5,0.7254612420770504,891.179458023368
ag,50,1.3447123313319267,0.9098998778431949,1344.7123313319266,1296,1295,2591,1.0383879006424144,1471,1.471,1.5,0.7664670368576773,1550.1838065401685
ag,50,1.6517638579802578,1.139042752621979,1651.7638579802579,1651,1650,3301,1.0010690048365198,2265,2.265,1.5,1.2111492551930323,2125.0855178126494
ag,50,1.543404598215775,1.113001524217916,1543.404598215775,1629,1628,3257,0.9480372224912622,2252,2.252,1.5,0.8980991019986749,1755.302388731959
ag,50,0.7068919952315487,0.43155567113124627,706.8919952315487,663,663,1326,1.066202104421642,356,0.356,1.5,0.45837232384052773,312.7967403503632
ag,50,1.6463991085245495,1.1492703780312963,1646.3991085245495,1625,1625,3250,1.0131686821689536,2348,2.348,1.5,1.0530793708608692,2616.9335656943204
ag,50,0.9988392836490959,0.6653806630894034,998.8392836490959,973,971,1944,1.0286707349630235,853,0.853,1.5,0.7118334818425711,691.8956498340532
ag,50,1.8668282428377878,1.287311993571699,1866.828242837788,1916,1916,3832,0.9743362436522901,3190,3.19,1.5,1.0412547584299654,3414.4430492737592
ag,50,0.6759669669631659,0.4261270017698614,675.966966963166,654,654,1308,1.0335886345002538,380,0.38,1.5,0.46849717032130134,403.5318762107433
ag,50,1.296020229146877,0.8759247300210157,1296.020229146877,1307,1306,2613,0.9923585215519732,1387,1.387,1.5,0.8992707111121281,1307.4065266681534
ag,50,2.236768233396708,1.4877668712187424,2236.7682333967077,2232,2229,4461,1.0034850755480968,4410,4.41,1.5,1.3957835140610109,5239.882331049772
ag,50,2.19482680712984,1.4735177199815126,2194.82680712984,2261,2258,4519,0.9720225009432417,4254,4.254,1.5,1.6058667985616473,3529.260082313403
ag,50,1.3552386143639599,0.9172812588332321,1355.2386143639599,1276,1274,2550,1.0637665732841128,1562,1.562,1.5,0.6565347039869788,1489.8120215665087
ag,50,1.338065988648849,0.8411353189501681,1338.065988648849,1287,1285,2572,1.0412964892208942,1546,1.546,1.5,0.7713803831676933,1699.0143582539008
ag,50,1.6408043420815952,1.1405147595839298,1640.8043420815952,1618,1614,3232,1.0166073990592288,2204,2.204,1.5,0.9877104086806867,2008.5282598026995
ag,50,3.217374847289029,2.0905559636689577,3217.3748472890293,3274,3274,6548,0.9827045959954274,9619,9.619,1.5,2.317213875999313,8111.486578648682
ag,50,2.3011669895725415,1.5095113521357826,2301.1669895725413,2275,2273,4548,1.0123919883733135,4812,4.812,1.5,1.1598527150409055,5699.389347983467
ag,50,0.6374952028346622,0.4468700395329421,637.4952028346622,669,668,1337,0.9543341359800332,326,0.326,1.5,0.6024307694188356,302.057759781727
ag,50,1.0221003775539508,0.6296793603653894,1022.1003775539507,991,988,1979,1.034514552180112,940,0.94,1.5,0.6730354611876136,1107.9514321972028
ag,50,2.254747178906277,1.5235211803261746,2254.747178906277,2274,2273,4547,0.9919697223520796,4317,4.317,1.5,1.134654216713665,5437.801358358205
ag,50,1.5960035748661776,1.079832982420309,1596.0035748661776,1628,1626,3254,0.9815520140628399,2205,2.205,1.5,1.1964804178083641,2482.854549816102
ag,50,3.2648748795122637,1.9933754407415178,3264.8748795122638,3204,3202,6406,1.0196361272680399,9337,9.337,1.5,1.311851036985922,9927.492141567533
ag,50,2.0128849339845347,1.3047035344843745,2012.8849339845347,2001,1999,4000,1.0069459399622485,3620,3.62,1.5,1.3024233260861497,2905.861042542553
ag,50,2.570117408521507,1.5675168609318662,2570.117408521507,2615,2612,5227,0.9839653171981267,6153,6.153,1.5,1.984252443315718,6152.884537204129
ag,50,2.5685021194912583,1.7364784680498124,2568.5021194912583,2554,2551,5105,1.006860885727659,5878,5.878,1.5,1.968661363879046,7264.047588569229
ag,50,1.854246449402995,1.2546034812488187,1854.246449402995,1930,1928,3858,0.9617460837152464,3166,3.166,1.5,1.0440900443209642,3998.1890138832964
ag,50,1.8902010694162765,1.244887385669925,1890.2010694162766,1958,1953,3911,0.9678448896140689,3250,3.25,1.5,1.58131692451139,4000.6162716691674
ag,50,0.3518277592005364,0.2280449870564658,351.8277592005364,331,330,661,1.0661447248501101,62,0.062,1.5,0.1413553677881206,48.799695176269026
ag,50,0.9925756237884962,0.6656478751145622,992.5756237884962,966,965,1931,1.028575775946628,941,0.941,1.5,0.7299598560717026,925.0484628020681
ag,50,1.9186467296644103,1.2963889924367271,1918.6467296644103,1916,1913,3829,1.0029517666829117,3369,3.369,1.5,1.0754911612155902,2440.7658691903403
ag,50,1.2472244534646137,0.8734471102242513,1247.2244534646138,1304,1304,2608,0.9564604704483235,1301,1.301,1.5,0.8746773191997036,1350.7168667572746
ag,50,1.9501897994063346,1.241992431772858,1950.1897994063347,2007,2006,4013,0.9721783646093394,3274,3.274,1.5,1.5299046962900338,3042.3729149947467
ag,50,2.2587486476496546,1.5451360876981197,2258.7486476496547,2280,2280,4560,0.9906792314252871,4537,4.537,1.5,1.8958393159906255,3632.3361446677663
ag,50,1.313381697112846,0.8811303736821373,1313.381697112846,1350,1350,2700,0.9728753311947008,1545,1.545,1.5,0.973575793325017,2039.0097586007498
ag,50,1.3480702767556758,0.9027499080237417,1348.0702767556759,1326,1326,2652,1.0166442509469653,1444,1.444,1.5,1.0218001830964119,1270.7545800869093
ag,50,1.0042625275826593,0.6715782361469657,1004.2625275826592,1003,1002,2005,1.00225801155954,824,0.824,1.5,0.518379338319501,669.5713794554542
ag,50,1.9807993621336055,1.2714061377188908,1980.7993621336054,1936,1934,3870,1.0241982224062076,3395,3.395,1.5,1.0916227886273784,2972.112388529342
ag,50,1.6065370211311676,1.0978471622395267,1606.5370211311676,1669,1668,3337,0.96315169132564,2262,2.262,1.5,1.0761655690463836,2680.5993601245277
ag,50,1.6067179335022546,1.041532776998215,1606.7179335022545,1665,1663,3328,0.9661563039700869,2284,2.284,1.5,1.0699883914619681,2612.229340445327
ag,50,0.34880659453898444,0.22714055414510095,348.8065945389844,345,345,690,1.011033607359375,56,0.056,1.5,0.23875334165268608,46.49557305480596
ag,50,2.2969028071333226,1.5146317700371386,2296.9028071333228,2235,2231,4466,1.0295395818616417,4371,4.371,1.5,1.6893913199336255,4059.7973033654457
ag,50,1.0113317478928843,0.6462718740081118,1011.3317478928842,1007,1007,2014,1.0043016364378194,884,0.884,1.5,0.5346982834369702,785.4854713435248
ag,50,0.9884745851608999,0.6286132433599586,988.4745851608999,958,958,1916,1.0318106316919624,827,0.827,1.5,0.6802872562751038,777.1369978352966
ag,50,1.3228309723194154,0.8598810626207929,1322.8309723194154,1287,1287,2574,1.0278406933328792,1470,1.47,1.5,0.8375408542732032,1493.494724665628
ag,50,0.652931338995406,0.42251703077412167,652.931338995406,626,625,1251,1.0446901423926496,330,0.33,1.5,0.36318739190913035,287.3923456061177
ag,50,0.6606646097336192,0.44111947928046336,660.6646097336192,644,644,1288,1.0258767231888497,307,0.307,1.5,0.3840556270977654,262.152322887938
ag,50,2.2487987387445516,1.4057087932412882,2248.7987387445514,2191,2189,4380,1.0273178340541578,4623,4.623,1.5,1.2915925433166122,4399.074756431695
ag,50,0.6209927401501568,0.4304908551306099,620.9927401501568,655,654,1309,0.9495301837158361,319,0.319,1.5,0.4532925827762058,377.26590952704396
ag,50,1.6396811997177885,1.1352491705417291,1639.6811997177886,1626,1625,3251,1.0090345844417161,2370,2.37,1.5,1.0035261647473077,2027.3799735958828
ag,50,1.6207097382549756,1.088903166316927,1620.7097382549755,1620,1618,3238,1.0016747455222346,2253,2.253,1.5,1.048317299059417,2463.1607287199768
ag,50,1.0198237080026797,0.6169778963803904,1019.8237080026797,985,984,1969,1.0364062073197964,799,0.799,1.5,0.7166290350047954,893.4864324515515
ag,50,1.715235941724281,1.0812171246846156,1715.235941724281,1639,1637,3276,1.047792267394185,2498,2.498,1.5,1.2377019834603065,1822.1611177370285
ag,50,1.978457634033606,1.3027312737217591,1978.457634033606,1974,1974,3948,1.0022581732693039,3558,3.558,1.5,0.8505359033848522,3651.224352591919
ag,50,0.6625022024025841,0.45464308509482554,662.5022024025841,682,682,1364,0.9714108539627333,337,0.337,1.5,0.4037253315375936,273.5153428852272
ag,50,1.3192966098602232,0.8126890566947504,1319.2966098602233,1273,1271,2544,1.0379989062629609,1535,1.535,1.5,0.6356838344222646,1094.7951142106467
ag,50,2.926337133599872,1.794968925544826,2926.337133599872,2890,2888,5778,1.013274630747878,7309,7.309,1.5,1.8271991273334158,7862.535069497479
ag,50,1.9830080855568712,1.2091835162620268,1983.0080855568713,1974,1973,3947,1.0050725218230467,3662,3.662,1.5,1.1461428559959126,3322.214878171593
ag,50,1.9746575719483725,1.3303019258292101,1974.6575719483726,1941,1938,3879,1.0189151558041138,3272,3.272,1.5,1.2730946805939622,2128.6824037996575
ag,50,1.3595759981068936,0.8759645785696701,1359.5759981068936,1338,1338,2676,1.016125559123239,1673,1.673,1.5,0.7077978965929508,1376.435484417407
ag,50,0.9865375567657414,0.6168712760308709,986.5375567657414,997,997,1994,0.9895060749907136,811,0.811,1.5,0.7317237811815602,844.9735604309003
ag,50,1.6152287368816398,1.0935495232639778,1615.2287368816399,1571,1570,3141,1.028808112663465,2209,2.209,1.5,0.9784064545678337,1911.682254099329
ag,50,1.7360486498259542,1.1301617575666365,1736.0486498259543,1682,1680,3362,1.033362291563068,2562,2.562,1.5,1.3965348434834628,2709.939166561121
ag,50,2.1901200724830896,1.4967995356282229,2190.1200724830896,2245,2241,4486,0.9772958824110173,4414,4.414,1.5,1.131141475838277,4540.82410469807
ag,50,1.6649079298426515,1.0997742493736866,1664.9079298426514,1665,1665,3330,0.999944702608199,2534,2.534,1.5,1.138161888443181,2296.7443034545267
ag,50,2.6268431879865504,1.7485177298946932,2626.84318798655,2639,2637,5276,0.9961483458424536,6119,6.119,1.5,1.387101850072586,6219.770445115517
ag,50,0.2964221251465278,0.20855604887014403,296.42212514652783,300,300,600,0.9880737504884262,62,0.062,1.5,0.1633460133116309,43.3093398883385
ag,50,1.6196717415868351,1.0228054020412656,1619.6717415868352,1622,1618,3240,1.0010332148249907,2358,2.358,1.5,0.8888073117412775,3020.309857621002
ag,50,1.324456455893936,0.8847314264241138,1324.456455893936,1304,1302,2606,1.0172476619769093,1498,1.498,1.5,0.83015901778233,1550.0304115789168
ag,50,1.9658327319321804,1.3658941170659338,1965.8327319321804,1964,1962,3926,1.0019534821264935,3140,3.14,1.5,1.4146968618933746,4096.7672092626135
ag,50,0.9832308804736593,0.6395640118614717,983.2308804736592,982,982,1964,1.0012534424375348,826,0.826,1.5,0.6678901633028486,803.5927491019654
ag,50,1.9615602047023486,1.3055004833754944,1961.5602047023485,1936,1934,3870,1.014250364375568,3393,3.393,1.5,1.4306092176511416,2835.7241947605257
ag,50,0.9490442158882824,0.6773128594022096,949.0442158882823,974,973,1947,0.9753794613445862,817,0.817,1.5,0.7456240528419977,840.4908539080676
ag,50,2.456678375289457,1.6887319275871933,2456.678375289457,2541,2535,5076,0.9691038955776952,5692,5.692,1.5,1.1174351033484897,5082.286756170356
ag,50,3.2221019300245675,2.113928031756257,3222.1019300245675,3223,3221,6444,1.0003421080486083,9574,9.574,1.5,1.7574639876273324,9721.34014961777
ag,50,1.2666547203094465,0.8278987220941834,1266.6547203094465,1355,1353,2708,0.9361823505613056,1459,1.459,1.5,1.0733397409618548,1284.7091739463892
ag,50,2.265231100451828,1.4479549514978731,2265.2311004518283,2257,2254,4511,1.0049827419928252,4647,4.647,1.5,1.5071885603330413,3781.2282191374434
ag,50,1.617871347013729,1.0073203262745556,1617.8713470137288,1657,1656,3313,0.9769754510952469,2300,2.3,1.5,0.8550964345947003,2089.9389218211227
ag,50,1.6513508669820163,1.061729252990334,1651.3508669820162,1669,1668,3337,0.9900185053849018,2300,2.3,1.5,0.9713997185245944,2315.7830036277396
ag,50,0.642727539601828,0.43681769387138136,642.7275396018281,658,657,1315,0.9782763159845176,371,0.371,1.5,0.3297508885728398,353.4289340981407
ag,50,0.9424330554789592,0.6145290565020687,942.4330554789592,966,965,1931,0.9766145652631701,785,0.785,1.5,0.7846627598946769,810.6535826080849
ag,50,1.2441655488936876,0.8207890120440083,1244.1655488936876,1293,1293,2586,0.962231669678026,1356,1.356,1.5,0.8637677102860115,1391.5643351599467
ag,50,3.8321450126649603,2.4840244378233547,3832.14501266496,3821,3818,7639,1.0037048225942797,13552,13.552,1.5,2.4398095797466013,15101.287204906715
ag,50,2.0247465398133038,1.29670797585064,2024.7465398133036,1981,1980,3961,1.0225992625319715,3509,3.509,1.5,1.0015068876006525,4092.2839403181492
ag,50,1.2804914968380752,0.8749976914304776,1280.4914968380751,1322,1321,2643,0.9693349711113363,1576,1.576,1.5,0.9048540103270263,1725.0193278998913
ag,50,1.9365336242093905,1.1885084023685089,1936.5336242093904,1991,1988,3979,0.974111480990639,3416,3.416,1.5,1.1293445684564891,3237.38015302508
ag,50,0.9701213661985121,0.6286314367305685,970.1213661985121,993,993,1986,0.9769600868061552,806,0.806,1.5,0.4500584001249081,987.689985595123
ag,50,2.2861802739102797,1.4106172907396062,2286.1802739102795,2260,2259,4519,1.0120319937628506,4498,4.498,1.5,1.418703754838836,4472.512027301522
ag,50,2.8902883508672916,1.9921086597806545,2890.2883508672917,2863,2858,5721,1.011297533543489,7483,7.483,1.5,1.6011560222363952,8548.54987181201
ag,50,0.6902510861296461,0.4502850335943477,690.2510861296462,663,663,1326,1.0411026940115327,350,0.35,1.5,0.47233591596435603,379.74934857491735
ag,50,0.6629810581764034,0.4471447864072217,662.9810581764034,660,658,1318,1.0075699972285765,309,0.309,1.5,0.4359012424601243,393.98395223058566
ag,50,1.6669068471228377,1.105082958148173,1666.9068471228377,1691,1688,3379,0.987504056352392,2499,2.499,1.5,1.1198535702886936,2260.4135962125247
ag,50,1.6704214441399912,1.0710053495375251,1670.421444139991,1691,1691,3382,0.9878305405913608,2541,2.541,1.5,0.9746750346586651,2371.523284157554
ag,50,2.251581543533104,1.5863673322998268,2251.581543533104,2272,2271,4543,0.9914493806838856,4310,4.31,1.5,1.7059105742929948,2992.7856288512385
ag,50,1.011008156586511,0.6676144948275804,1011.008156586511,1001,1000,2001,1.011008156586511,870,0.87,1.5,0.7208350718258318,868.2342649147595
ag,50,1.3313010636512086,0.9162493944353913,1331.3010636512086,1310,1308,2618,1.0178142688464897,1430,1.43,1.5,0.8114723909440935,1672.9461160233116
ag,50,1.000933690562396,0.6685690872429189,1000.933690562396,990,989,1979,1.012066421195547,778,0.778,1.5,0.6336592416352442,927.8873347782383
ag,50,1.6298862857154475,1.1070905950588754,1629.8862857154475,1617,1615,3232,1.00921751437489,2395,2.395,1.5,1.2955803306037321,2201.068182989266
ag,50,1.6619031461992266,1.0546070832009122,1661.9031461992267,1651,1650,3301,1.0072140279995314,2384,2.384,1.5,0.8877515923840489,1984.3908753668472
ag,50,1.2611765754874724,0.877565986659265,1261.1765754874725,1352,1350,2702,0.9342048707314611,1426,1.426,1.5,0.7912987928809792,1539.5771153919452
ag,50,0.670757109246126,0.45685467195673585,670.757109246126,683,683,1366,0.9820748305214143,310,0.31,1.5,0.4437220849070383,238.31359026478697
ag,50,0.6485447935524673,0.43801970833958387,648.5447935524674,685,685,1370,0.9467807205145509,376,0.376,1.5,0.4335795460065691,339.40542780736325
ag,50,1.6432522844785362,1.0913669949729796,1643.2522844785362,1626,1624,3250,1.0118548549744681,2329,2.329,1.5,1.1654319280947403,2082.8880636774848
ag,50,1.6345089952620846,1.1179393957041484,1634.5089952620847,1701,1699,3400,0.9620417864991669,2463,2.463,1.5,1.129663360114962,3154.6087388488645
ag,50,1.3456880531029867,0.8233092166729825,1345.6880531029867,1329,1327,2656,1.0140829337626125,1448,1.448,1.5,0.8740569037690197,1362.9314054431366
ag,50,1.2692764919258253,0.8671591552892166,1269.2764919258252,1288,1286,2574,0.9869957168941098,1487,1.487,1.5,0.853847902939795,1603.1517354617806
ag,50,0.9840587712696335,0.6568317460666765,984.0587712696334,1012,1011,2023,0.9733519003656117,797,0.797,1.5,0.6780007674030146,1006.0330480282355
ag,50,2.6660238345612113,1.6761641821442637,2666.023834561211,2552,2548,5100,1.046320186248513,6002,6.002,1.5,1.63329839572247,5662.119291619432
ag,50,2.5796576487600404,1.6652442441152322,2579.6576487600405,2572,2571,5143,1.003367424644123,5784,5.784,1.5,1.741562330501607,4705.609944873491
ag,50,2.2497209293788245,1.460301130259851,2249.7209293788246,2325,2324,4649,0.968038265653539,4566,4.566,1.5,1.4584821444584728,4936.265165486546
ag,50,1.2703710109490405,0.8498681897246605,1270.3710109490405,1294,1292,2586,0.9832592964001862,1403,1.403,1.5,0.7716877592213407,1218.895199538541
ag,50,2.703384964817143,1.6844318332745474,2703.3849648171426,2596,2592,5188,1.0429725944510582,6277,6.277,1.5,1.6115183296302913,7652.988201666588
ag,50,1.6654908182158334,1.1154555980429264,1665.4908182158335,1670,1668,3338,0.9984956943740009,2231,2.231,1.5,1.1023670899521478,2086.2887655972577
ag,50,1.977278579424652,1.3279620039136977,1977.278579424652,1950,1946,3896,1.016073267946892,3481,3.481,1.5,1.5250851068283817,3723.685440745263
ag,50,2.211328426421256,1.372577099991326,2211.328426421256,2268,2265,4533,0.9763039410248372,4407,4.407,1.5,0.9743175079658768,3635.2812975837574
ag,50,1.60993039072475,1.0614260788594474,1609.93039072475,1695,1692,3387,0.9514955027924054,2374,2.374,1.5,1.0980596494243482,3384.6543195815925
ag,50,1.9225350061682707,1.2985810507664606,1922.5350061682707,1969,1967,3936,0.9773945125410629,3390,3.39,1.5,1.185314332414632,3647.7874226224717
ag,50,0.9436478245665976,0.6545528476776823,943.6478245665976,1016,1015,2031,0.9297022902133967,827,0.827,1.5,0.6988878413740401,780.4828719397293
ag,50,2.5112736378152256,1.6263983387798435,2511.273637815226,2604,2600,5204,0.9658744760827792,5961,5.961,1.5,1.2882694788728992,5349.848043079703
ag,50,4.159066963535718,2.8129626962364744,4159.066963535718,4112,4109,8221,1.012184707601781,14912,14.912,1.5,2.5317403603364155,10648.928065593444
ag,50,1.663984028410081,1.0890151177871825,1663.984028410081,1640,1638,3278,1.0158632652076196,2585,2.585,1.5,0.8450525992509162,2444.13355121277
ag,50,1.6734572210739496,1.0803856966490342,1673.4572210739495,1604,1601,3205,1.0452574772479386,2289,2.289,1.5,1.029560018958378,1848.295478538711
ag,50,1.9586471799930267,1.2806489427637007,1958.6471799930268,1891,1890,3781,1.0363212592555697,3394,3.394,1.5,1.1919758301029664,2633.4020203500795
ag,50,1.90887374618691,1.2100993109031783,1908.87374618691,1933,1931,3864,0.9885415568031641,3296,3.296,1.5,1.3005811714774766,3657.3199368069872
ag,50,1.6416573864494688,1.0931600405953454,1641.6573864494687,1604,1602,3206,1.0247549228773214,2212,2.212,1.5,0.8696331648536795,2649.8917040354913
ag,50,1.6091870477808417,1.0653760030395447,1609.1870477808416,1621,1620,3241,0.993325338136322,2281,2.281,1.5,1.1792162161981126,1901.8982548814517
ag,50,1.6810654293585034,1.0718789636278638,1681.0654293585035,1621,1619,3240,1.038335657417235,2522,2.522,1.5,0.8924462310725908,2473.6774702514795
ag,50,1.627714982210342,1.0728154872612707,1627.714982210342,1591,1590,3181,1.0237201145976993,2360,2.36,1.5,1.1326622750166733,2794.7119864152883
ag,50,1.2982688746694304,0.8621038528904971,1298.2688746694305,1313,1312,2625,0.9895342032541391,1427,1.427,1.5,0.9053623226645992,1454.7591147898518
ag,50,2.659282776447972,1.6987793174570998,2659.2827764479716,2554,2552,5106,1.0420387055046911,6229,6.229,1.5,1.5970399472938142,6313.336371464619
ag,50,0.963645076827291,0.6550146485155224,963.645076827291,959,959,1918,1.0048436671817425,809,0.809,1.5,0.69831010977762,868.4892398518389
ag,50,2.6029846173100006,1.8215083556082006,2602.9846173100004,2575,2573,5148,1.01165356288768,5820,5.82,1.5,1.8843191197640672,5081.856100424163
ag,50,2.536959505394661,1.6178747623608205,2536.9595053946614,2497,2495,4992,1.0168174370319285,5667,5.667,1.5,1.6623596216318606,6453.3631298483
ag,50,2.9696897301743257,1.8764249191677123,2969.6897301743256,2883,2882,5765,1.0304266933290511,7907,7.907,1.5,2.021652258098313,8245.453501591304
ag,50,3.407694006398489,2.233619307518823,3407.694006398489,3416,3413,6829,0.9984453578665364,10116,10.116,1.5,2.593350573512933,8557.582884122181
ag,50,1.5976173094583936,1.0323694436238706,1597.6173094583937,1606,1606,3212,0.9947803919417146,2211,2.211,1.5,1.193721593254441,2326.4538058695734
ag,50,0.6581558918214888,0.4551652964795443,658.1558918214888,691,690,1381,0.9538491185818678,334,0.334,1.5,0.6701446390411926,264.3919638406976
ag,50,1.6435751114566013,1.071869071616425,1643.5751114566012,1705,1704,3409,0.9645393846576298,2436,2.436,1.5,1.04459129680691,2737.8105559874048
ag,50,1.923293694639877,1.2272607114787657,1923.293694639877,1958,1954,3912,0.9842854117911346,3358,3.358,1.5,1.1320136179840117,2916.259445492341
ag,50,1.9495261393202667,1.2872893878996434,1949.5261393202668,1922,1920,3842,1.015378197562639,3418,3.418,1.5,1.016048798168192,3797.8133581190796
ag,50,1.0346517935505726,0.6885186115109653,1034.6517935505726,1052,1050,2102,0.9853826605243549,991,0.991,1.5,0.6567422123335585,989.5581811872248
ag,50,1.2901112338610798,0.8499653806863227,1290.1112338610799,1322,1320,2642,0.977356995349303,1447,1.447,1.5,0.6553378574718337,1632.9403523658198
ag,50,0.9455889575259236,0.6285710541181316,945.5889575259237,972,972,1944,0.9728281456028022,826,0.826,1.5,0.5434697845458107,875.0084531239889
ag,50,1.3247213443819856,0.8642015902751299,1324.7213443819855,1330,1327,2657,0.9982828518326945,1562,1.562,1.5,0.8487231031427998,1683.3741204245696
ag,50,1.051778624778396,0.6487915385161361,1051.778624778396,1018,1017,2035,1.034197271168531,902,0.902,1.5,0.572889561736335,941.4960224735861
ag,50,1.0026692852401506,0.6636048350589205,1002.6692852401507,986,985,1971,1.017938360649899,774,0.774,1.5,0.6284624444156266,745.4238096989229
ag,50,0.9884947315291193,0.6226277377207852,988.4947315291192,977,975,1952,1.013840750286276,772,0.772,1.5,0.5525938131934184,492.2557595033136
ag,50,0.9932483010981407,0.6462704598763189,993.2483010981407,948,947,1895,1.0488366431870546,828,0.828,1.5,0.7049179448414058,1003.490442135895
ag,50,1.9414936174903221,1.3085616235402602,1941.493617490322,1903,1902,3805,1.0207642573555846,3287,3.287,1.5,1.6000120540980551,2721.5197866834797
ag,50,1.584223852757894,1.070024530824583,1584.223852757894,1590,1588,3178,0.9976220735251222,2234,2.234,1.5,1.1128466978231804,2125.1151848423174
ag,50,1.2787624740828254,0.8437525010803876,1278.7624740828253,1323,1323,2646,0.9665627166158921,1421,1.421,1.5,0.8606590697900464,1891.7590213155006
ag,50,0.6843493756245784,0.44650518899955194,684.3493756245784,700,700,1400,0.9776419651779692,351,0.351,1.5,0.34238785168526836,348.18626542730584
ag,50,1.595904250280063,1.0815935041291873,1595.904250280063,1609,1609,3218,0.9918609386451603,2178,2.178,1.5,1.1244028540780187,2439.921644317757
ag,50,1.9282317592884124,1.3239943411874975,1928.2317592884124,1932,1931,3863,0.9985664211747345,3292,3.292,1.5,1.3077709441288528,3325.506239062299
ag,50,1.6546944467787665,1.0717037080476417,1654.6944467787666,1659,1658,3317,0.9980063008315843,2449,2.449,1.5,1.105989110380327,2381.9342525145457
ag,50,2.1987711132639842,1.5338983945161269,2198.7711132639843,2243,2241,4484,0.9811562308183777,4384,4.384,1.5,1.2701390528775445,4116.116100912299
ag,50,1.9663908002139305,1.276838652207102,1966.3908002139306,1959,1958,3917,1.0042853933676867,3496,3.496,1.5,1.560555229666559,3253.522128525275
ag,50,1.3295822363998069,0.9011541603704301,1329.5822363998068,1329,1328,2657,1.0011914430721436,1426,1.426,1.5,0.9602655271639696,1744.353449156158
ag,50,0.9863487346812017,0.6332921394872195,986.3487346812017,973,972,1945,1.0147620727172857,756,0.756,1.5,0.6258064720998536,819.7113281011609
ag,50,1.3431892648419208,0.9053537036123614,1343.1892648419207,1367,1366,2733,0.9833010723586535,1595,1.595,1.5,0.9099448335379663,1524.8745394531861
ag,50,1.6291423771106772,1.1004031676322015,1629.1423771106772,1585,1584,3169,1.0284989754486598,2335,2.335,1.5,1.1027912185877673,2351.6136610695116
ag,50,2.2301646056352555,1.4347619541299497,2230.1646056352556,2338,2333,4671,0.9559213911852789,4400,4.4,1.5,1.3368234136155468,4017.5798398685433
ag,50,1.6548073282000333,1.0905794014357266,1654.8073282000332,1639,1638,3277,1.0102608841270044,2374,2.374,1.5,1.1173497803285404,2816.3337685647043
ag,50,1.303273848368823,0.8518110372108044,1303.273848368823,1336,1333,2669,0.9776998112294247,1455,1.455,1.5,0.8572649437224555,1825.03335672126
ag,50,1.6267448794291668,1.0701736645675415,1626.7448794291668,1670,1668,3338,0.9752667142860711,2280,2.28,1.5,1.1546139899164298,1461.1698830531582
ag,50,2.2569942676125354,1.519494848160812,2256.9942676125356,2244,2243,4487,1.006239084981068,4518,4.518,1.5,1.6260041869278248,3592.7574770469614
ag,50,1.9611005635225773,1.2571507952879006,1961.1005635225774,1904,1899,3803,1.0327017185479608,3318,3.318,1.5,0.946780366144788,3379.1193913672496
ag,50,2.22568078160954,1.4473295687729064,2225.6807816095397,2276,2275,4551,0.978321222685512,4630,4.63,1.5,1.4180523439833166,5783.578794725012
ag,50,0.9801445205005759,0.6510842493396921,980.1445205005758,1003,1001,2004,0.9791653551454303,758,0.758,1.5,0.5862325180590527,681.535583574498
ag,50,1.9755272212313255,1.3139023392674767,1975.5272212313255,1984,1984,3968,0.9957294461851439,3503,3.503,1.5,1.325012858255698,3552.9176348488327
ag,50,2.5985073282769493,1.6170409617835537,2598.5073282769495,2599,2597,5196,1.000580411350385,6207,6.207,1.5,1.8504469023762184,5030.122262321632
ag,50,1.6414873728947197,1.098316802940548,1641.4873728947198,1653,1651,3304,0.9942382634129132,2379,2.379,1.5,1.0796604103154008,2003.8200892093207
ag,50,1.351713380664425,0.8964394877050824,1351.7133806644251,1305,1304,2609,1.0365900158469519,1549,1.549,1.5,0.9541965249062432,1359.9153837761903
ag,50,1.5828819669929481,1.1108908673587934,1582.881966992948,1643,1640,3283,0.965171931093261,2304,2.304,1.5,1.0132448278281436,2719.4481071631235
ag,50,0.32350522696081385,0.21884959508984617,323.50522696081384,334,334,668,0.9685785238347719,84,0.084,1.5,0.23181745724503877,92.31404061785639
ag,50,1.2956806138148744,0.8634207457276857,1295.6806138148745,1296,1294,2590,1.0012987742000576,1583,1.583,1.5,1.0215923475772464,1772.027795274713
ag,50,2.609843494259343,1.6632444631906143,2609.843494259343,2657,2656,5313,0.9826217975374033,6129,6.129,1.5,1.6997405875649272,6033.946836903871
ag,50,1.9173358213981335,1.2225680120429347,1917.3358213981335,1992,1991,3983,0.9630014170759084,3591,3.591,1.5,1.0052699358017831,3339.649620945824
ag,50,1.9563218660394193,1.2461778141428086,1956.3218660394193,2021,2019,4040,0.9689558524217035,3399,3.399,1.5,1.3297793038044503,3561.8092920556937
ag,50,1.6468465860785875,1.0845745567633536,1646.8465860785875,1671,1670,3341,0.9861356802865794,2435,2.435,1.5,1.0491899118450718,2889.301665857429
ag,50,1.3803206315464183,0.8898751418132247,1380.3206315464183,1335,1331,2666,1.0370553204706374,1482,1.482,1.5,0.9417295130525672,1210.0980522009256
ag,50,0.0,0.0,0.0,0,0,0,,0,0.0,1.5,0.0,0.0
ag,50,0.3209371143565076,0.21793648298502558,320.9371143565076,328,328,656,0.9784668120625232,63,0.063,1.5,0.16875308752848542,68.20958470132521
ag,50,0.6740983110505113,0.44672597604344194,674.0983110505114,641,641,1282,1.051635430656024,333,0.333,1.5,0.44724125038834417,333.6980774601247
ag,50,1.9787137611636159,1.3573767084858814,1978.7137611636158,1940,1938,3878,1.0210081326953642,3298,3.298,1.5,1.0455332513828623,3137.9155105704012
ag,50,1.0161397864204718,0.608093469761316,1016.1397864204719,1018,1017,2035,0.9991541656051838,847,0.847,1.5,0.579187340505194,507.36266373181627
ag,50,1.2940814797143179,0.897766850222146,1294.0814797143178,1337,1334,2671,0.9700760717498634,1525,1.525,1.5,0.8657451452060774,1527.957843407508
ag,50,2.2822768364147334,1.5314382417159929,2282.276836414733,2222,2221,4443,1.0275897507495422,4550,4.55,1.5,1.4789763274133765,3874.032016139998
ag,50,0.32971008156887893,0.22100134368072213,329.71008156887893,317,316,633,1.0433863340787308,73,0.073,1.5,0.21923073030901255,73.87498297307545
ag,50,0.3388853508228699,0.2240420698205303,338.8853508228699,342,342,684,0.9908928386633623,85,0.085,1.5,0.20969318910246795,68.7799417008504
ag,50,1.2803412964264962,0.8979801945237339,1280.3412964264962,1318,1318,2636,0.9714273872735176,1323,1.323,1.5,1.0754183337463843,1351.9441468781656
ag,50,2.5323596021184653,1.7317459227077079,2532.3596021184653,2557,2556,5113,0.9907510180432181,5874,5.874,1.5,1.419818670538201,5837.600834738104
ag,50,1.6296630894106654,1.0562682877195515,1629.6630894106654,1654,1652,3306,0.9864788676820009,2316,2.316,1.5,1.112175376444687,2967.1918597739714
ag,50,2.546259265196135,1.6962759657595696,2546.259265196135,2559,2556,5115,0.9961890708905067,5721,5.721,1.5,1.3324078252185052,5811.654051354098
ag,50,1.8868033208991162,1.2881259357410928,1886.8033208991162,1930,1929,3859,0.9781251015547517,2935,2.935,1.5,1.066141695455842,2593.2330054606336
ag,50,1.8887948312482836,1.32333278464424,1888.7948312482836,1930,1927,3857,0.9801737577832297,3216,3.216,1.5,1.1503998362396801,3702.8596620361845
ag,50,1.0081609915159861,0.6760904284377782,1008.1609915159861,1007,1007,2014,1.0011529210685066,801,0.801,1.5,0.6707097519443975,813.555939919443
ag,50,2.648533891139823,1.7689263047560262,2648.533891139823,2576,2573,5149,1.0293563510065382,6016,6.016,1.5,1.148273336877451,6209.819332007856
ag,50,1.377980471700942,0.9118902993003563,1377.980471700942,1307,1305,2612,1.05592373310417,1515,1.515,1.5,0.7407042253797155,1671.9003564074017
ag,50,1.308979220450199,0.9010047458454972,1308.9792204501991,1345,1343,2688,0.9746680718169762,1446,1.446,1.5,1.0470655199677044,1485.807361186661
ag,50,0.9348146728224949,0.6552755097516249,934.8146728224949,983,983,1966,0.9509813558723245,788,0.788,1.5,0.8093201646950061,807.1032765563574
ag,50,1.9619762325974244,1.3572067235906984,1961.9762325974243,1928,1925,3853,1.0192084325181425,3259,3.259,1.5,1.1619906727300418,3498.787241512234
ag,50,1.3509890588214595,0.8561528745149967,1350.9890588214594,1318,1317,2635,1.0258079413982228,1589,1.589,1.5,0.8005482535919793,1264.1141081920705
ag,50,1.2822232272880079,0.8704701136616471,1282.2232272880078,1284,1283,2567,0.9993945653063194,1340,1.34,1.5,0.8639172525319119,1540.2754559839948
ag,50,1.3092204566043797,0.8586403549995991,1309.2204566043797,1334,1332,2666,0.9828982406939788,1541,1.541,1.5,0.7394010135601757,1266.4821925919746
ag,50,2.2606585658929563,1.5581486823753743,2260.658565892956,2284,2282,4566,0.9906479254570361,4614,4.614,1.5,1.4126417820397688,4438.0020001112425
ag,50,0.7008296129495232,0.43690282178045153,700.8296129495232,668,667,1335,1.0507190598943377,344,0.344,1.5,0.3368201968389691,318.53081253294704
ag,50,2.0137765091787325,1.3040348574724532,2013.7765091787323,1948,1946,3894,1.0348286275327505,3450,3.45,1.5,1.4326821060149568,3558.243229312998
ag,50,3.5517076514436634,2.3294851719576792,3551.7076514436635,3541,3538,7079,1.003874406852364,11015,11.015,1.5,2.361880278436593,10886.691672870333
ag,50,2.51066242317721,1.718517947771242,2510.6624231772103,2620,2619,5239,0.9586339912856855,5915,5.915,1.5,1.517867950059737,7016.845177215744
ag,50,2.6246123707179603,1.724476260048717,2624.6123707179604,2544,2543,5087,1.032092949554841,6004,6.004,1.5,1.7507665017062441,5346.731117823204
ag,50,1.2887428388264912,0.8819947484191091,1288.7428388264912,1343,1342,2685,0.9603150810927654,1497,1.497,1.5,0.8330196323385117,1485.8623141572134
ag,50,2.2824252338072664,1.47436820583833,2282.4252338072665,2260,2257,4517,1.0112650570701225,4709,4.709,1.5,1.7711913547358613,4441.608775022237
ag,50,1.886800999079222,1.2926399322559081,1886.800999079222,1952,1952,3904,0.9665988724791097,3349,3.349,1.5,0.9977843165541486,3012.2590846710877
ag,50,0.948544901563389,0.6595434785183072,948.544901563389,938,938,1876,1.0112418993213101,730,0.73,1.5,0.5653103813435986,751.7302814194143
ag,50,1.4007833096548676,0.8513691970923826,1400.7833096548677,1301,1300,2601,1.0775256228114367,1487,1.487,1.5,1.0172702385214512,1599.7593133480675
ag,50,2.8426537027505483,1.8598151817707036,2842.6537027505483,2889,2887,5776,0.9846393151196912,6947,6.947,1.5,1.718249797578214,6702.517821498086
ag,50,0.6613324268294182,0.4273839926911068,661.3324268294182,675,675,1350,0.9797517434509899,359,0.359,1.5,0.4366755913337417,405.3915877071239
ag,50,0.9666421446200568,0.6255639675402408,966.6421446200568,971,970,1941,0.9965382934227389,760,0.76,1.5,0.6793196266159638,1030.4256412091806
ag,50,2.588968018842086,1.7204671404452223,2588.968018842086,2631,2630,5261,0.9843984862517438,5980,5.98,1.5,1.877341216788119,6082.227306933556
ag,50,2.902910514725175,1.8072360596289234,2902.910514725175,2919,2916,5835,0.9955111504544495,7577,7.577,1.5,2.4602518465510754,7839.208918526657
ag,50,0.34719647845108986,0.22665108380225174,347.1964784510899,345,345,690,1.0063666042060577,63,0.063,1.5,0.28123172141076774,52.489246782172515
ag,50,2.260675515273706,1.4302282788495213,2260.675515273706,2328,2325,4653,0.9723335549564327,4908,4.908,1.5,1.389816299896187,4662.974079816044
ag,50,1.6030811815380623,1.040018781206376,1603.0811815380623,1615,1615,3230,0.992619926648955,2339,2.339,1.5,0.7789259402472714,1901.904594804606
ag,50,0.9766245710363808,0.6678106337017632,976.6245710363808,1007,1005,2012,0.971765742324757,840,0.84,1.5,0.6199945393038108,811.5802104711883
ag,50,1.617002187597352,1.0214563399979852,1617.0021875973518,1636,1633,3269,0.9902034216762718,2360,2.36,1.5,1.0976507109324734,2267.5683559542167
ag,50,0.6514196392632263,0.4332997263931318,651.4196392632264,661,661,1322,0.9855062621228841,333,0.333,1.5,0.5257878904380762,450.49770243450877
ag,50,3.397597630398197,2.235718496903559,3397.597630398197,3398,3392,6790,1.0016502448107891,9973,9.973,1.5,2.931657111848293,10555.622964382312
ag,50,2.6607111265514702,1.8044199631166848,2660.7111265514704,2583,2578,5161,1.0320834470719435,6110,6.11,1.5,2.3177579950643445,5074.07946489646
ag,50,2.8938387255941356,1.7970778865392485,2893.8387255941357,2895,2891,5786,1.000981918226958,7387,7.387,1.5,1.896064860054875,8275.657719128123
ag,50,2.2674598049231873,1.5511299251498067,2267.459804923187,2261,2258,4519,1.0041894618791796,4522,4.522,1.5,1.5494989026385309,4603.310308066642
ag,50,1.3462188309043903,0.9358870369472866,1346.2188309043904,1339,1339,2678,1.0053912105335254,1618,1.618,1.5,0.8516180713982595,1783.6872229127453
ag,50,1.9752537943299784,1.283856631999355,1975.2537943299783,1904,1902,3806,1.0385140874500411,3392,3.392,1.5,1.354517902143398,3480.3160243820366
ag,50,1.010304594186199,0.6574058979544571,1010.304594186199,986,985,1971,1.0256899433362425,785,0.785,1.5,0.8036424357962012,620.2691721799496
ag,50,2.29741174068543,1.5432230599142995,2297.4117406854302,2323,2319,4642,0.9906907031847478,4641,4.641,1.5,1.4420975933712876,3851.827468964513
ag,50,1.9267238828844437,1.263776083836454,1926.7238828844438,1976,1975,3951,0.9755563963971867,3387,3.387,1.5,1.3307580701785984,3464.0862938193163
ag,50,1.0290812197232082,0.6572365009067918,1029.0812197232083,1005,1003,2008,1.0260032100929295,837,0.837,1.5,0.47516348485025683,954.0829829238163
ag,50,0.9841095997312057,0.6568768245314678,984.1095997312057,1028,1026,2054,0.9591711498354831,843,0.843,1.5,0.7495333332684552,635.0013605107304
ag,50,1.708840900188246,1.0893209040824772,1708.840900188246,1694,1693,3387,1.0093567041867961,2599,2.599,1.5,1.3792099861565588,2334.2310522607895
ag,50,2.5678918953252534,1.6463865824106547,2567.8918953252532,2581,2579,5160,0.9956928636391056,5907,5.907,1.5,1.33076290193696,7388.446358016848
ag,50,1.0154663698807334,0.6757422643507629,1015.4663698807333,1021,1018,2039,0.9975111688415847,818,0.818,1.5,0.7220686399826742,850.724363418046
ag,50,0.9458725924648498,0.6330040502983438,945.8725924648497,996,996,1992,0.9496712775751504,839,0.839,1.5,0.6677609670974813,895.6569607545376
ag,50,0.9891440011298208,0.6762845871093697,989.1440011298208,993,992,1985,0.9971209688808678,757,0.757,1.5,0.6892869746133142,791.3289058303584
ag,50,2.5804645658447263,1.637914138401597,2580.464565844726,2575,2572,5147,1.0032910442631129,6124,6.124,1.5,1.4743293789563665,6206.810747103798
ag,50,1.299984382104621,0.9064684964653021,1299.984382104621,1332,1331,2663,0.9766975072160939,1537,1.537,1.5,0.7800156387766958,1627.5983709882553
ag,50,2.236530552926598,1.5360889129313204,2236.530552926598,2210,2209,4419,1.0124629030903567,4386,4.386,1.5,1.2429532329787338,5030.625730557833
ag,50,0.30504630362719454,0.21199305627058,305.04630362719456,330,330,660,0.9243827382642259,62,0.062,1.5,0.21764014630319006,69.12321176776281
ag,50,1.6512578383587484,1.070900102496364,1651.2578383587484,1633,1631,3264,1.012420501752758,2104,2.104,1.5,0.8866693778916186,2399.4834540848815
ag,50,1.684424828998581,1.0881809117719639,1684.424828998581,1650,1649,3299,1.0214826130979873,2399,2.399,1.5,1.3398770250361751,2730.104966600585
ag,50,1.3290512972269155,0.8366171675977507,1329.0512972269155,1333,1332,2665,0.997786259179366,1485,1.485,1.5,0.7434615758712764,1871.6774939638608
ag,50,2.275845547019718,1.5466234030356745,2275.8455470197177,2275,2274,4549,1.0008115862004037,4594,4.594,1.5,1.3836917390615986,3368.6126787661506
ag,50,2.279034087201382,1.5382561585913703,2279.0340872013817,2311,2307,4618,0.9878778011276037,4530,4.53,1.5,1.416228295676338,4568.743713161021
ag,50,2.0517759232437287,1.338097641703708,2051.775923243729,1973,1971,3944,1.0409822035736829,3564,3.564,1.5,1.16128188093146,3970.8536549140354
ag,50,2.9950587179883197,1.8925519357506524,2995.0587179883196,2868,2863,5731,1.046125993010241,7584,7.584,1.5,1.594585149879188,8788.230827337931
ag,50,0.7013525426887631,0.45904253903932685,701.3525426887632,668,668,1336,1.0499289561209029,369,0.369,1.5,0.5104192538317949,356.38933302729174
ag,50,1.8513014710169977,1.28138617808337,1851.3014710169978,1973,1970,3943,0.939746939602537,3257,3.257,1.5,1.2415810720619884,3225.1959382419786
ag,50,1.9480011900417922,1.2614243842105808,1948.0011900417921,1922,1918,3840,1.0156419134733015,3556,3.556,1.5,0.9219668070792711,3176.9771054335656
ag,50,1.0103652442799216,0.6191517991866129,1010.3652442799216,992,991,1983,1.0195411143086999,857,0.857,1.5,0.5807709327461109,586.1427536996396
ag,50,0.8949081129760138,0.6272919318085038,894.9081129760139,986,984,1970,0.9094594644065181,646,0.646,1.5,0.6534564136172286,821.0519037624356
ag,50,3.7656784185248977,2.4155120326902697,3765.6784185248976,3829,3825,7654,0.9844910898104308,13147,13.147,1.5,2.733643717099075,14897.864991227078
ag,50,1.9228607927682677,1.2096821917691798,1922.8607927682676,1923,1922,3845,1.000447863042803,3442,3.442,1.5,1.3154235956048395,3364.7537435101267
ag,50,2.632152300540336,1.6493910267285414,2632.152300540336,2547,2542,5089,1.0354651064281417,5885,5.885,1.5,1.8427961702067885,5261.296485929742
ag,50,0.33633444996421064,0.2232135877314825,336.33444996421065,324,324,648,1.0380692900129957,65,0.065,1.5,0.2805344107720159,74.11957334036673
ag,50,1.9679218790490653,1.2843386451086454,1967.9218790490654,1912,1908,3820,1.0314055969858833,3389,3.389,1.5,1.2283049193618727,3535.7925252488553
ag,50,2.798703251558842,1.831506931819954,2798.703251558842,2928,2926,5854,0.9564946177576357,7454,7.454,1.5,1.6421387108274264,6318.116146674
ag,50,0.0,0.0,0.0,0,0,0,,0,0.0,1.5,0.0,0.0
ag,50,2.6061143133733924,1.734169983600646,2606.114313373392,2595,2592,5187,1.0054453369496112,6035,6.035,1.5,1.7728182969578559,5774.641914478326
ag,50,0.3331886832143591,0.22217398459224058,333.1886832143591,346,346,692,0.9629730728738702,91,0.091,1.5,0.1631059702756081,114.61307799112627
ag,50,2.292239766809836,1.517370589907991,2292.239766809836,2254,2253,4507,1.0174166741277568,4550,4.55,1.5,1.4280239274306419,4472.997536370663
ag,50,3.501677184792682,2.325274349199578,3501.677184792682,3514,3511,7025,0.9973446837917066,10818,10.818,1.5,2.13743357161826,12343.385311553759
ag,50,1.2697307180979007,0.7928818631349637,1269.7307180979008,1295,1293,2588,0.9820036489542929,1426,1.426,1.5,0.5644641284268255,1362.7423999994776
ag,50,1.2689193083663934,0.8523366238905364,1268.9193083663934,1323,1322,2645,0.9598481908974231,1365,1.365,1.5,0.7961204531955466,1489.9856582093466
ag,50,1.0021537667307405,0.6606205557662129,1002.1537667307406,983,983,1966,1.019485011933612,868,0.868,1.5,0.6878811088294686,953.0073330298188
ag,50,1.5474029119485784,1.0074224913088379,1547.4029119485783,1583,1582,3165,0.9781307913707827,2157,2.157,1.5,1.0921846773897408,2316.1192758820625
ag,50,0.6622604543391784,0.4502521360698156,662.2604543391783,635,635,1270,1.0429298493530368,337,0.337,1.5,0.41649094558083644,325.2080624489145
ag,50,1.6979949634050835,1.1107421666089194,1697.9949634050836,1648,1646,3294,1.0315886776458587,2404,2.404,1.5,1.2909682781985226,2411.4128838605566
ag,50,0.6570710122856677,0.4428459398867159,657.0710122856676,643,642,1285,1.0234750970181739,377,0.377,1.5,0.6423451148343006,372.6191457800628
ag,50,1.6500348058042023,1.1287583186908106,1650.0348058042023,1591,1591,3182,1.0371054719071038,2367,2.367,1.5,1.097985583036845,2320.912299935831
ag,50,2.8766809387075,1.975332599103523,2876.6809387075,2926,2924,5850,0.983817010501881,7569,7.569,1.5,2.0121095515288845,6146.7994037632325
ag,50,1.2760960237210939,0.829832827072401,1276.0960237210938,1288,1287,2575,0.9915276019588919,1316,1.316,1.5,0.6379500972155752,1502.9875669027947
ag,50,1.9682182729811368,1.3788168213859704,1968.2182729811368,1965,1963,3928,1.0026583153240636,3300,3.3,1.5,1.2080434528987076,3539.4856415240574
ag,50,0.3707778086549433,0.23330162526398157,370.7778086549433,344,344,688,1.077842467020184,76,0.076,1.5,0.24778988746489083,91.149114789647
ag,50,0.6750611783002686,0.4415657764020162,675.0611783002686,692,692,1384,0.9755219339599257,344,0.344,1.5,0.4742049599782057,425.6801215742908
ag,50,2.603624473858822,1.6201675375245268,2603.624473858822,2553,2551,5104,1.0206289587843285,6036,6.036,1.5,1.8868781237131016,5702.91762518331
ag,50,3.4961972864502213,2.3403056700279565,3496.1972864502213,3498,3493,6991,1.0009153410965421,10775,10.775,1.5,2.828088376102411,11979.764978394218
ag,50,2.206610957042751,1.4626305537023687,2206.6109570427507,2239,2238,4477,0.9859745116366179,4082,4.082,1.5,1.2306185165895833,2860.0228725235484
ag,50,2.2895596680681827,1.446517034431275,2289.559668068183,2321,2317,4638,0.988156956438577,4701,4.701,1.5,1.4337076629170613,4751.2150077812985
ag,50,1.3193392212765425,0.8099347583770868,1319.3392212765425,1312,1312,2624,1.0055939186559013,1560,1.56,1.5,0.8729984665303064,1361.4339350484215
ag,50,0.9887512173732811,0.6623217560469181,988.7512173732811,980,979,1959,1.0099603854681114,757,0.757,1.5,0.5819066230398222,822.4544766491042
ag,50,0.928133454599709,0.6386364044015577,928.133454599709,993,991,1984,0.9365625172550041,805,0.805,1.5,0.5335653092077134,717.0744461508564
ag,50,0.6522531705418925,0.41466392773260863,652.2531705418925,667,666,1333,0.9793591149277665,353,0.353,1.5,0.5393531293856387,312.5235717031619
ag,50,1.314814463310955,0.8730803484256708,1314.814463310955,1341,1340,2681,0.9812048233663844,1606,1.606,1.5,0.909633765497867,1547.8499477199305
ag,50,1.327698541444162,0.8451709871299311,1327.698541444162,1317,1315,2632,1.0096566855088684,1543,1.543,1.5,0.9986918294032668,1851.2735603251883
ag,50,1.6880383063235698,1.1501375418476978,1688.0383063235697,1710,1710,3420,0.9871569042827893,2490,2.49,1.5,1.4577385367185842,2898.603960179462
ag,50,1.3917788171605734,0.9231178993768835,1391.7788171605735,1307,1304,2611,1.0673150438347956,1574,1.574,1.5,0.754877697038887,1857.6676552414003
ag,50,1.9156296431726318,1.3175759332441321,1915.6296431726319,1979,1979,3958,0.9679785968532754,3345,3.345,1.5,1.4678322135370938,3722.91744955606
ag,50,1.2977473148094207,0.8427116026989823,1297.7473148094207,1360,1359,2719,0.9549281198008982,1412,1.412,1.5,0.7479897139904446,1580.3402347973897
ag,50,1.307978766797256,0.8559724135399799,1307.978766797256,1310,1308,2618,0.9999837666645688,1404,1.404,1.5,0.7946480846581945,1479.0056045170347
ag,50,1.9686859546573943,1.340501908262548,1968.6859546573942,1971,1967,3938,1.0008571198054876,3471,3.471,1.5,1.5434280101574847,3304.674969480583
ag,50,1.8563750355957578,1.297012572528017,1856.3750355957577,1952,1950,3902,0.9519871977414142,3024,3.024,1.5,1.5329165733380867,4158.942126383728
ag,50,0.6474817975907513,0.4243189135668589,647.4817975907513,660,659,1319,0.9825216958888486,337,0.337,1.5,0.5066861565535868,328.4585249553586
ag,50,2.2498883773198965,1.5380876975387108,2249.8883773198963,2252,2248,4500,1.0008400254981746,4333,4.333,1.5,1.3002666647941086,3968.3429489162377
ag,50,1.0306997922559475,0.7028974745054731,1030.6997922559476,987,986,1973,1.0453344749046123,929,0.929,1.5,0.6365333784674352,1018.5687938986883
ag,50,1.3447387121307062,0.8641010801234333,1344.738712130706,1325,1322,2647,1.0172002361049213,1549,1.549,1.5,1.0023556958207662,1448.9194034804814
ag,50,1.9729573666027773,1.3551046273154626,1972.9573666027773,1926,1925,3851,1.0249129177157283,3379,3.379,1.5,0.9302469954565625,2834.7063562502835
ag,50,0.9874109796596804,0.6201805590368613,987.4109796596804,1024,1024,2048,0.9642685348239066,874,0.874,1.5,0.6920859826173404,906.2427216802005
ag,50,1.96800992089997,1.2659754239384347,1968.00992089997,1962,1961,3923,1.0035746664456757,3540,3.54,1.5,1.0716818653095275,4404.747738993144
ag,50,3.24825194900811,2.148070850434894,3248.25194900811,3264,3260,6524,0.9963963033767208,8969,8.969,1.5,1.8468770414077738,8701.663792071355
ag,50,1.3231978909915902,0.8974382543840795,1323.1978909915902,1370,1368,2738,0.9672499203154898,1545,1.545,1.5,1.0415529131614427,1625.2094539747577
ag,50,3.561426135600411,2.3126614881354506,3561.426135600411,3488,3486,6974,1.0216368719450404,10997,10.997,1.5,2.1159031737361698,11314.608370735872
ag,50,0.6559063459834394,0.43304540998114466,655.9063459834395,660,660,1320,0.9937974939143022,308,0.308,1.5,0.5026533884425415,332.21286963701164
ag,50,0.9898870931516246,0.6550962141690828,989.8870931516246,974,972,1946,1.0184023592094904,746,0.746,1.5,0.6678656681728823,765.6224166549533
ag,50,0.649684934112095,0.4314849116031174,649.684934112095,661,661,1322,0.9828818972951513,306,0.306,1.5,0.35879304273927504,269.25863022854554
ag,50,1.3193058876552552,0.8959357453606122,1319.3058876552552,1313,1312,2625,1.0055685119323592,1560,1.56,1.5,0.9063405749498198,1854.0240153105633
ag,50,1.6198232006853235,1.0753353459132735,1619.8232006853234,1647,1643,3290,0.9858936096684866,2492,2.492,1.5,1.0041185852088597,2241.429592307202
ag,50,1.2862963805607401,0.8480261695490023,1286.29638056074,1300,1299,2599,0.990220462325435,1390,1.39,1.5,0.8619190332505855,1256.0086687133194
ag,50,1.3262968433868385,0.9030173770614824,1326.2968433868384,1275,1274,2549,1.0410493276191823,1556,1.556,1.5,0.8998109498289337,1793.2815621651732
ag,50,0.676077637167132,0.41772798941853373,676.077637167132,657,655,1312,1.032179598728446,334,0.334,1.5,0.40694941208716884,393.3109999470323
ag,50,1.6487011436954804,1.11710402359217,1648.7011436954804,1625,1624,3249,1.0152100638518968,2224,2.224,1.5,1.5305743272300945,2058.866431114879
ag,50,1.5693334942956658,1.0757460042948894,1569.3334942956658,1625,1623,3248,0.9669337611187097,2249,2.249,1.5,1.0437807547180178,2342.2235750812893
ag,50,2.256177760870227,1.4877412854641752,2256.177760870227,2253,2251,4504,1.0023002047402163,4451,4.451,1.5,1.7215900734135394,5880.089255063704
ag,50,0.9985126420303593,0.6450579712868777,998.5126420303593,964,963,1927,1.0368770945278913,806,0.806,1.5,0.7190875139444535,651.6491251080579
ag,50,1.6083879850913128,1.0461217519783113,1608.3879850913127,1644,1643,3287,0.9789336488687235,2358,2.358,1.5,1.0808504560234369,2390.0812237955774
ag,50,1.9755590565226742,1.2295662220371995,1975.5590565226742,1951,1948,3899,1.014147359611229,3488,3.488,1.5,1.3610911278216433,3361.438214072986
ag,50,0.35052518587133985,0.2276572799412025,350.52518587133983,369,368,737,0.9525140920416844,76,0.076,1.5,0.2321412841748449,68.01766456993266
ag,50,0.6613746541682031,0.4224651189633737,661.374654168203,667,667,1334,0.991566198153228,320,0.32,1.5,0.3946842694947392,336.5135900837728
ag,50,2.2262128866566537,1.568457418193212,2226.2128866566536,2290,2289,4579,0.972570068438905,4748,4.748,1.5,1.369168238136062,4856.42402473724
ag,50,1.9441534206542788,1.267039741166727,1944.1534206542788,2011,2009,4020,0.9677219615003876,3402,3.402,1.5,1.289725333163803,4082.426764866148
ag,50,0.6640236499869108,0.4727309406657898,664.0236499869108,684,683,1367,0.9722161786045546,373,0.373,1.5,0.46765841129353936,346.1204815187765
ag,50,2.9232672860026345,1.9474273047640047,2923.2672860026346,2922,2917,5839,1.002148538225106,7783,7.783,1.5,1.7155954681247838,8289.996122744353
ag,50,2.696411322302989,1.7963464984326036,2696.411322302989,2607,2602,5209,1.0362841361656376,6150,6.15,1.5,2.160303635273815,6729.881658536505
ag,50,1.2914530043465033,0.8659116756553009,1291.4530043465033,1330,1327,2657,0.9732125126951796,1445,1.445,1.5,0.7698129233988947,1230.2722673995374
ag,50,1.6363011759662895,1.0310752747533656,1636.3011759662895,1655,1654,3309,0.9892993808744193,2306,2.306,1.5,0.9856943952365184,2042.6770873512958
ag,50,1.6240793321716813,1.050221425891143,1624.0793321716812,1577,1576,3153,1.0305071904642646,2343,2.343,1.5,0.8875089353904103,2444.2363215119844
nag,50,0.9724207990111647,0.7371439804382441,972.4207990111647,1478,1477,2955,0.6583756255999761,1224,1.224,1.5,0.7239953311427707,1196.122148938338
nag,50,1.4524954151352427,1.0696303083681078,1452.4954151352426,2178,2176,4354,0.6675070841614167,2770,2.77,1.5,1.1531245964899683,2873.8322383735926
nag,50,1.748144372955103,1.2838055284650913,1748.1443729551029,2603,2601,5204,0.6721047185525194,4251,4.251,1.5,1.2395271583969143,4246.208042642727
nag,50,1.264295522515721,0.9210968061515341,1264.2955225157211,1820,1819,3639,0.6950497649894014,2011,2.011,1.5,1.326694215648616,1872.6367910124854
nag,50,1.4277996408006162,1.0664724619440815,1427.799640800616,2175,2175,4350,0.6564596049658005,2724,2.724,1.5,1.1084840552395363,2453.4452537711986
nag,50,1.2265489854972398,0.920656355060952,1226.5489854972398,1858,1856,3714,0.6608561344273921,2024,2.024,1.5,0.8073620432000566,2340.605793126895
nag,50,1.1745331870063707,0.943659417964252,1174.5331870063706,1781,1781,3562,0.6594796108963338,1801,1.801,1.5,0.896513950148291,1690.5301883427119
nag,50,1.943616638110572,1.480186809410406,1943.616638110572,2920,2919,5839,0.6658501672184214,5049,5.049,1.5,1.7042398258731053,5004.634034844629
nag,50,1.6129513890430758,1.257753116941796,1612.9513890430758,2492,2490,4982,0.6477716421859742,3530,3.53,1.5,1.368286627677727,3546.3684986621065
nag,50,1.2577257202476404,0.9112474648540285,1257.7257202476403,1843,1841,3684,0.6831752961692777,2058,2.058,1.5,1.0281083005832916,1598.4528156968222
nag,50,1.276688637735754,0.8963171917753641,1276.6886377357541,1831,1830,3661,0.6976440643364776,2083,2.083,1.5,0.791290887385291,2048.315977905902
nag,50,1.7191464812631112,1.3157540155201142,1719.1464812631111,2578,2577,5155,0.667111556563101,3991,3.991,1.5,1.0372358679688054,3338.261535225918
nag,50,0.7124506821245356,0.5279387330000124,712.4506821245355,1096,1095,2191,0.650639892351174,608,0.608,1.5,0.47900564114614574,590.1128653869282
nag,50,0.2468744664726542,0.18592746427649656,246.8744664726542,370,370,740,0.6672282877639303,47,0.047,1.5,0.1820292064652566,51.94366099391507
nag,50,1.4635876487585935,1.0235425269510876,1463.5876487585936,2234,2233,4467,0.6554355793813674,2777,2.777,1.5,0.7760624306171776,3311.278013531159
nag,50,1.0486173197348478,0.7710470688193027,1048.6173197348478,1494,1491,2985,0.7032980011635465,1294,1.294,1.5,0.6882569782816941,1130.2155632660017
nag,50,2.8834832268260944,2.0596333682332615,2883.4832268260943,4257,4255,8512,0.6776693835078953,11067,11.067,1.5,1.953011982693815,9976.371134799887
nag,50,0.9876853812918773,0.7222145647696994,987.6853812918773,1473,1472,2945,0.6709819166385036,1306,1.306,1.5,0.730131039131253,1528.7749503336668
nag,50,1.2230971189451594,0.9226786340830462,1223.0971189451593,1805,1804,3609,0.6779917510782479,1845,1.845,1.5,0.8568409884585485,1931.774242476953
nag,50,1.4565167582026755,1.1011869486023218,1456.5167582026754,2180,2178,4358,0.6687404766770778,2846,2.846,1.5,1.15567751041311,2542.2173768279786
nag,50,2.0658218793373706,1.469951884810481,2065.821879337371,3035,3032,6067,0.6813396699661514,5458,5.458,1.5,1.2906757671258806,4143.243565976945
nag,50,1.5054927179961268,1.1365571321744914,1505.4927179961269,2218,2217,4435,0.6790675317979824,2998,2.998,1.5,1.0636486846465874,3070.0890171640344
nag,50,1.9262057110844497,1.435885764116339,1926.2057110844496,2911,2909,5820,0.6621539054948262,4801,4.801,1.5,1.387066625964363,4417.167135590847
nag,50,0.7678169229947223,0.5627767140179526,767.8169229947223,1133,1131,2264,0.6788832210386581,699,0.699,1.5,0.5168912901402156,790.7471674192969
nag,50,1.4601111690532116,1.1082237043797891,1460.1111690532116,2194,2194,4388,0.6655019002065686,2950,2.95,1.5,1.1932865534384223,2135.222796129309
nag,50,1.7323152486240243,1.302509223774891,1732.3152486240242,2505,2504,5009,0.6918191887476135,3777,3.777,1.5,1.0797320143307207,3828.2465653185127
nag,50,1.226763160810005,0.9212214217307926,1226.7631608100048,1829,1826,3655,0.6718308657228942,1990,1.99,1.5,0.9497229266738749,2124.7263590898538
nag,50,0.9786688940210656,0.7046809182264557,978.6688940210656,1471,1470,2941,0.6657611523952828,1277,1.277,1.5,0.6982699252880066,1111.8386473595974
nag,50,0.7685924586190204,0.5893022724025048,768.5924586190204,1111,1110,2221,0.6924256383955139,707,0.707,1.5,0.4558791492380933,774.5917831782405
nag,50,1.495063750161758,1.0986165293675763,1495.063750161758,2194,2193,4387,0.6817436161248326,2782,2.782,1.5,0.9535866079696488,3321.6966743327107
nag,50,0.9793208474670666,0.723957216952215,979.3208474670666,1453,1452,2905,0.67446339357236,1238,1.238,1.5,1.0170077960187127,1360.6606670866418
nag,50,2.341806081382127,1.773828924564285,2341.8060813821266,3615,3613,7228,0.648161107495745,7529,7.529,1.5,2.0979892590620706,10237.529486793337
nag,50,1.6872122050013627,1.2136860071909799,1687.2122050013627,2560,2560,5120,0.6590672675786573,3789,3.789,1.5,1.381694962749871,4641.2505666811
nag,50,2.929651457491226,2.1484643143732827,2929.651457491226,4353,4352,8705,0.6731735885779472,11376,11.376,1.5,2.0693286773209643,10022.278189895289
nag,50,1.2353073769918954,0.9389064961319944,1235.3073769918954,1838,1838,3676,0.6720932410184415,1986,1.986,1.5,0.6997200878756069,1594.3040781778313
nag,50,1.9310858590959454,1.3670718667683148,1931.0858590959454,2912,2910,5822,0.6636033880054795,5112,5.112,1.5,1.2189050143317797,4750.741973625947
nag,50,1.9514101082714792,1.3691799508590374,1951.4101082714792,2934,2931,5865,0.6657830461519888,5151,5.151,1.5,1.8733059531921799,4222.052410578684
nag,50,1.455628313800652,1.064530274735167,1455.628313800652,2183,2183,4366,0.6668017928541695,2782,2.782,1.5,0.7824138453569423,2192.882418347067
nag,50,1.7116305964167566,1.2189142790274794,1711.6305964167566,2504,2502,5006,0.6841049546030202,3880,3.88,1.5,1.053576102579559,3338.614376443567
nag,50,0.4973432006662838,0.37490834281019614,497.3432006662838,752,752,1504,0.661360639183888,266,0.266,1.5,0.44145187459411744,272.6419103343545
nag,50,1.2517112588080477,0.9158316154350438,1251.7112588080477,1887,1886,3773,0.6636857151686361,2205,2.205,1.5,0.6273917780343938,2639.358660764927
nag,50,1.17566518833034,0.8914739031539545,1175.66518833034,1798,1797,3595,0.654237723055281,1992,1.992,1.5,1.0696865968927922,1692.0386536275219
nag,50,1.5388461945693326,1.080415805266658,1538.8461945693325,2256,2255,4511,0.6824151638888393,3115,3.115,1.5,0.9625337771156762,3526.7986142689306
nag,50,0.23079777337369706,0.17753016117944065,230.79777337369705,358,358,716,0.6446865178036231,36,0.036,1.5,0.18098988145428557,37.77385319668057
nag,50,1.241482023726939,0.9485863012819098,1241.4820237269391,1833,1831,3664,0.6780349665357396,2002,2.002,1.5,0.9148699402226432,1466.9888608916442
nag,50,1.239555450075778,0.9354774150552608,1239.555450075778,1876,1875,3751,0.6610962400404149,2186,2.186,1.5,0.7055172136436116,2225.991945756066
nag,50,1.8860439252147865,1.3315676509793741,1886.0439252147864,2839,2838,5677,0.6645679792863941,4706,4.706,1.5,1.4719018010956584,3128.93826097937
nag,50,1.2315845755275376,0.8981903527677174,1231.5845755275377,1835,1834,3669,0.6715292123923324,2121,2.121,1.5,1.0630908095380525,1926.525676537863
nag,50,0.7396829737528414,0.575799503021636,739.6829737528415,1101,1101,2202,0.6718283140352783,660,0.66,1.5,0.5828727782536456,777.9327850641449
nag,50,2.1644837534350154,1.6877123644981176,2164.4837534350154,3323,3322,6645,0.6515604314975965,6720,6.72,1.5,1.37756407823096,7265.6761171903745
nag,50,1.1810765661165952,0.9042662494491963,1181.0765661165951,1780,1780,3560,0.6635261607396602,2020,2.02,1.5,1.0647047339726483,2148.230351449245
nag,50,2.148001537527458,1.5816846438204752,2148.001537527458,3244,3242,6486,0.6625544532780561,6486,6.486,1.5,1.4648674875697218,6484.924421072057
nag,50,1.176755681989221,0.912101284087001,1176.755681989221,1786,1785,3571,0.6592468806662303,1895,1.895,1.5,0.888808403228179,1684.8141230068143
nag,50,1.236042449710313,0.8781400625187007,1236.0424497103131,1801,1800,3601,0.6866902498390628,1980,1.98,1.5,0.7870634128829617,2373.989309031973
nag,50,1.695250135860499,1.2600845140252366,1695.250135860499,2542,2541,5083,0.6671586524441161,3828,3.828,1.5,1.402700788641838,3944.255389210251
nag,50,2.154305052722954,1.6331950685834855,2154.305052722954,3246,3243,6489,0.6642938799639081,6301,6.301,1.5,1.8063964907395669,6435.6906074022645
nag,50,1.0323749489482605,0.8003082696159176,1032.3749489482605,1526,1525,3051,0.6769671796382036,1294,1.294,1.5,0.6315982416967236,1331.0342518380112
nag,50,1.2197872237655336,0.8905912962299394,1219.7872237655336,1851,1851,3702,0.6589882354216821,2044,2.044,1.5,0.6913357989237923,2232.445738139207
nag,50,0.26291036542989404,0.19378850517941362,262.91036542989406,396,396,792,0.6639150642169042,58,0.058,1.5,0.16992353761960943,60.09105983517257
nag,50,0.7510979299860306,0.5301679685041673,751.0979299860306,1127,1126,2253,0.667049671390791,659,0.659,1.5,0.6068130037540552,635.5248304629588
nag,50,1.213141917307875,0.9136828722987349,1213.141917307875,1818,1817,3635,0.6676620348419785,2016,2.016,1.5,1.0244336525691027,2208.209088379633
nag,50,2.849579385448127,2.07240970507163,2849.579385448127,4272,4270,8542,0.6673488022126761,10718,10.718,1.5,2.2159804382935175,9427.66964328719
nag,50,0.5306778383982553,0.39732808643020795,530.6778383982553,743,743,1486,0.7142366600245698,280,0.28,1.5,0.3375358794132098,350.25602053986256
nag,50,1.4784801114881576,1.0466312937546993,1478.4801114881577,2161,2161,4322,0.6841647901379722,2834,2.834,1.5,1.0748000251594398,2972.1871483348195
nag,50,1.246390201939015,0.9144517404413405,1246.390201939015,1887,1886,3773,0.6608643700631045,2086,2.086,1.5,0.8287441938172517,2132.132345281968
nag,50,0.7690967566605912,0.5464194397349939,769.0967566605912,1118,1117,2235,0.6885378304929196,724,0.724,1.5,0.6912976518741137,524.5958735863762
nag,50,0.7433242747407228,0.5752838183562006,743.3242747407228,1125,1123,2248,0.6619094165099936,658,0.658,1.5,0.6295178415336619,530.3303491217202
nag,50,0.26483027669315984,0.19469520123978423,264.8302766931598,374,374,748,0.7081023440993578,52,0.052,1.5,0.19959864844202765,54.9193055889453
nag,50,1.6662649689108884,1.2212978642379257,1666.2649689108885,2571,2570,5141,0.6483521279808905,3714,3.714,1.5,1.274391109190255,4052.033445233605
nag,50,1.1981724128737574,0.8877658241525663,1198.1724128737574,1822,1819,3641,0.6586984127948089,1863,1.863,1.5,0.5837354828544388,1192.8401950145258
nag,50,0.24896738442610616,0.18698262591812959,248.96738442610615,374,374,748,0.6656881936526903,54,0.054,1.5,0.1920095014186095,53.08526510715446
nag,50,1.238295588580672,0.9210149760650427,1238.2955885806718,1853,1852,3705,0.6686261277433433,2116,2.116,1.5,0.9770726410922098,2446.7094567109257
nag,50,0.48172941751270915,0.3525672243330207,481.7294175127091,758,757,1515,0.6363664696336977,277,0.277,1.5,0.39156457826995367,311.696227250266
nag,50,1.1911241204083693,0.9363565453733463,1191.1241204083694,1835,1832,3667,0.650176921620289,2008,2.008,1.5,1.047543833321059,1760.3800056789883
nag,50,0.2543245780120758,0.1896435870310554,254.3245780120758,397,396,793,0.6422337828587773,67,0.067,1.5,0.24747616960590563,71.04389412178142
nag,50,0.7469808663311978,0.5326280578496149,746.9808663311977,1104,1104,2208,0.6766131035608675,636,0.636,1.5,0.47341762901819495,717.4324321451409
nag,50,0.9754292100425628,0.7428837460660034,975.4292100425628,1480,1480,2960,0.6590737905692992,1290,1.29,1.5,0.784920880111338,1568.6544183606538
nag,50,1.2436115446975182,0.9138878833141236,1243.6115446975182,1842,1842,3684,0.6751419895209111,1907,1.907,1.5,1.0914036091860002,2027.368777746059
nag,50,1.2406826934238384,0.9372925713904333,1240.6826934238384,1845,1842,3687,0.6735519508272738,1991,1.991,1.5,1.2237618712457432,1991.1813134794772
nag,50,1.4678216219051619,1.0753433473261376,1467.821621905162,2192,2189,4381,0.6705443681613348,2867,2.867,1.5,1.1480545646293505,3046.7149424995946
nag,50,1.736757479476409,1.2568749479858823,1736.757479476409,2564,2564,5128,0.6773625114962594,3972,3.972,1.5,1.4637179280613561,3873.9051573259894
nag,50,0.9705702273866043,0.7109574328122432,970.5702273866043,1475,1475,2950,0.6580137134824436,1281,1.281,1.5,0.6796017256218715,1310.0383339158982
nag,50,1.2161343123469548,0.8743008340623712,1216.1343123469549,1813,1813,3626,0.6707856107815526,2022,2.022,1.5,0.9010439197721919,2513.903638147422
nag,50,1.5481933580590135,1.088327527567532,1548.1933580590135,2272,2270,4542,0.6820235057528694,3077,3.077,1.5,1.1702573924817241,2891.4716463486584
nag,50,2.149068693429244,1.608698700266039,2149.068693429244,3221,3218,6439,0.6678274373614804,6353,6.353,1.5,1.9335941742092921,6115.479345131875
nag,50,0.7171976070461205,0.523083300128028,717.1976070461204,1045,1043,2088,0.6876295369569707,595,0.595,1.5,0.5706065923835035,525.992516460833
nag,50,1.1978362663114703,0.9055597040798059,1197.8362663114704,1843,1841,3684,0.6506443597563663,2045,2.045,1.5,1.084861533387196,2384.092477044452
nag,50,0.946849127086545,0.7489449510540124,946.849127086545,1480,1479,2959,0.6401954882261968,1271,1.271,1.5,0.6109952883284641,1362.90508391852
nag,50,1.451830341510135,1.0798275991121882,1451.830341510135,2204,2202,4406,0.6593234975068732,2898,2.898,1.5,0.7340614359911481,3134.1448570736593
nag,50,1.4800563697518525,1.0499902783689443,1480.0563697518526,2171,2171,4342,0.6817394609635433,2876,2.876,1.5,1.2520407716862554,2568.7547703002465
nag,50,0.9998476838234742,0.7307736173913879,999.8476838234742,1430,1429,2859,0.6996834736343417,1292,1.292,1.5,0.6463817889080111,1203.1672090897632
nag,50,0.74391884070993,0.5342876259187515,743.91884070993,1113,1111,2224,0.6695939160305401,701,0.701,1.5,0.5646214394560533,693.7960637492943
nag,50,1.4371505930328725,1.0786053455280613,1437.1505930328726,2236,2233,4469,0.6435963246900459,2969,2.969,1.5,1.4699518953891046,2520.681990173719
nag,50,0.5201435416275758,0.37890037090921475,520.1435416275758,767,765,1532,0.6799261982059814,287,0.287,1.5,0.34706319862845014,267.5994849446446
nag,50,0.7340366149096318,0.5584221335841345,734.0366149096318,1113,1113,2226,0.6595117833869109,706,0.706,1.5,0.39530354343454444,742.1756432084248
nag,50,1.690301809665231,1.2214702006073304,1690.3018096652308,2552,2552,5104,0.6623439693045575,3956,3.956,1.5,1.2581750769688995,3190.2099214121577
nag,50,0.49884511704375195,0.38148552944208924,498.84511704375194,780,780,1560,0.6395450218509641,349,0.349,1.5,0.32416716867193546,346.1398018153154
nag,50,1.2182175455652926,0.9051849592344966,1218.2175455652925,1795,1794,3589,0.6790510287431955,1905,1.905,1.5,1.033650691187789,1721.0266361843503
nag,50,1.4400275004536987,1.072070700589406,1440.0275004536986,2128,2127,4255,0.6770228022819458,2755,2.755,1.5,0.966783306333041,2298.472296849471
nag,50,1.4613376179748228,1.064114645209179,1461.3376179748227,2174,2174,4348,0.6721884167317492,2796,2.796,1.5,1.0486256885048084,3121.3107234820577
nag,50,0.4969344283241606,0.3694780619235348,496.93442832416065,741,741,1482,0.6706267588720116,285,0.285,1.5,0.4336385717146921,254.9710094741686
nag,50,0.0,0.0,0.0,0,0,0,,0,0.0,1.5,0.0,0.0
nag,50,0.9360344368376166,0.6994415952731483,936.0344368376166,1425,1424,2849,0.6573275539590004,1167,1.167,1.5,0.726025477922158,1006.5716676374017
nag,50,1.5026595113998993,1.10735635368114,1502.6595113998992,2248,2247,4495,0.6687403255006227,2975,2.975,1.5,1.0316908560175204,2695.5917003696563
nag,50,0.6890253390467183,0.512772708416949,689.0253390467183,1061,1061,2122,0.6494112526359267,657,0.657,1.5,0.6075169259869313,556.5919241638904
nag,50,0.7635979686200612,0.5675545450857712,763.5979686200612,1113,1113,2226,0.6860718496137118,655,0.655,1.5,0.528985354093931,614.9013928811153
nag,50,1.6605305673876196,1.2078687726439987,1660.5305673876196,2573,2573,5146,0.6453674960698094,3769,3.769,1.5,1.1547559403813377,4255.740442416818
nag,50,0.7597008835650028,0.5470623554972336,759.7008835650028,1119,1119,2238,0.6789105304423617,648,0.648,1.5,0.46159238707633515,711.3924510508677
nag,50,2.1656564004244796,1.486837642940728,2165.6564004244797,3227,3226,6453,0.6713132053392683,6118,6.118,1.5,1.2048382815297478,4583.002706171549
nag,50,0.4900025436425817,0.37601147809601526,490.0025436425817,759,758,1517,0.6464413504519547,286,0.286,1.5,0.3668640155973869,269.36722765913686
nag,50,0.7469838178100067,0.571613681913239,746.9838178100067,1098,1098,2196,0.6803131309745052,645,0.645,1.5,0.739484514730785,593.2684492908926
nag,50,0.5178555448175868,0.38625651451028886,517.8555448175867,748,747,1495,0.6932470479485766,306,0.306,1.5,0.42857267020002227,381.2280035866276
nag,50,0.9983830515231107,0.7633599638147461,998.3830515231107,1489,1489,2978,0.6705057431317063,1317,1.317,1.5,0.856203016545473,1269.5261651833757
nag,50,2.2351834317726187,1.5833623024675871,2235.183431772619,3309,3306,6615,0.6760990416735084,6654,6.654,1.5,1.749213561272362,7620.488588694536
nag,50,0.4881262527523368,0.35868042157885327,488.12625275233677,715,715,1430,0.682694059793478,251,0.251,1.5,0.33415981874278383,188.42448136939635
nag,50,1.4366466670972988,1.0175719412999988,1436.6466670972989,2167,2166,4333,0.6632717761298702,2686,2.686,1.5,0.9749299631781099,2639.20737328887
nag,50,1.520561869834438,1.0814867538470463,1520.561869834438,2170,2168,4338,0.7013661761228958,2770,2.77,1.5,1.1457943876114876,2570.785379627484
nag,50,0.7547938939553913,0.5411957282383112,754.7938939553914,1128,1127,2255,0.6697372617172949,718,0.718,1.5,0.592380357161948,751.0378288768948
nag,50,1.9592798609458382,1.4932772644469885,1959.2798609458382,2961,2960,5921,0.6619188719411615,5509,5.509,1.5,1.6230697316681075,4983.073481096862
nag,50,0.7032226807474264,0.546608738625335,703.2226807474265,1075,1074,2149,0.6547697213663188,613,0.613,1.5,0.6688774801500234,588.4469526762027
nag,50,2.382646520638142,1.7384911876268918,2382.646520638142,3634,3634,7268,0.6556539682548548,7821,7.821,1.5,1.4946306583690165,10918.35404581131
nag,50,1.6594974556258386,1.197200775770813,1659.4974556258387,2545,2544,5089,0.6523181822428611,3662,3.662,1.5,0.9138490353045945,3208.990113725576
nag,50,2.4089992567693517,1.7190708407963944,2408.9992567693516,3656,3652,7308,0.6596383507035465,7813,7.813,1.5,1.9822572152246303,7745.443411303693
nag,50,1.6357387028207349,1.218625311790604,1635.738702820735,2539,2537,5076,0.6447531347342275,3707,3.707,1.5,1.2517572206929901,3216.887048672949
nag,50,0.7843456683116078,0.5854444843400421,784.3456683116078,1116,1116,2232,0.7028186992039497,746,0.746,1.5,0.5797746863998487,686.4680335140288
nag,50,1.1991424704738611,0.8679146799541964,1199.142470473861,1819,1818,3637,0.6595943181924429,1886,1.886,1.5,0.9543852918763767,2392.7124696932738
nag,50,1.4705396086674731,1.1081744939739546,1470.5396086674732,2258,2257,4515,0.6515461270126155,3097,3.097,1.5,0.7599175088041958,2385.1014092795185
nag,50,0.5016085448965965,0.3667719981652868,501.6085448965964,724,724,1448,0.6928294819013763,285,0.285,1.5,0.4902783562612729,284.1184346269848
nag,50,0.6982722266364588,0.5161470096764751,698.2722266364589,1094,1093,2187,0.6388583958247566,647,0.647,1.5,0.5114325454414808,623.307056294762
nag,50,1.0162692770694701,0.7710798887650138,1016.26927706947,1469,1468,2937,0.6922815238892848,1314,1.314,1.5,0.75251524071386,1181.9586757624356
nag,50,1.479411977293958,1.0915337660606732,1479.411977293958,2159,2157,4316,0.6858655434835225,2716,2.716,1.5,0.7034277888386316,3058.932473126427
nag,50,1.0108030876497758,0.747648270714028,1010.8030876497758,1528,1528,3056,0.6615203453205338,1304,1.304,1.5,0.6425396612198713,1145.7189033645868
nag,50,1.6182183536902157,1.2176222916449282,1618.2183536902157,2491,2488,4979,0.6504093061455851,3445,3.445,1.5,1.2871167308338627,2599.9978391673335
nag,50,1.5113844801179852,1.0906738260240858,1511.3844801179853,2249,2249,4498,0.6720251134361873,3033,3.033,1.5,1.0900559213145575,2933.579313375013
nag,50,0.9655901971615034,0.7013328530524131,965.5901971615034,1462,1461,2923,0.6609104703364157,1167,1.167,1.5,0.6988422592286028,1389.4983342943758
nag,50,0.7557039317275329,0.5899546163499771,755.7039317275329,1142,1141,2283,0.6623172057208877,648,0.648,1.5,0.3623584655490193,580.5655021155089
nag,50,0.9899385145815134,0.7356490291687228,989.9385145815133,1428,1427,2855,0.6937200522645504,1256,1.256,1.5,0.7672865725011712,1320.2608755112844
nag,50,1.2037534040337632,0.8350089209628994,1203.7534040337632,1819,1819,3638,0.6617665772588033,1862,1.862,1.5,0.7838097886267487,1317.2618751807875
nag,50,0.9860009943388698,0.7401737440869527,986.0009943388698,1515,1515,3030,0.6508257388375378,1297,1.297,1.5,0.8293936149015974,1637.8709042462965
nag,50,1.2577631397338447,0.9478081218913303,1257.7631397338446,1837,1836,3673,0.6850561763256234,1981,1.981,1.5,0.6610358265404842,2306.99742806078
nag,50,0.9668154238685653,0.7368117300136411,966.8154238685653,1468,1466,2934,0.6594921035938371,1189,1.189,1.5,0.46030209811964834,1351.9311469999545
nag,50,1.7571401074129613,1.2412136850363318,1757.1401074129612,2619,2618,5237,0.6711765116168683,3982,3.982,1.5,1.5818797086149985,4661.46866809908
nag,50,0.9424064051310651,0.6853741088014885,942.4064051310651,1515,1514,3029,0.6224612979729623,1280,1.28,1.5,0.7054939896678885,1000.8050808440636
nag,50,1.4340875531033266,1.1054093421580373,1434.0875531033266,2286,2286,4572,0.6273348876217527,2997,2.997,1.5,1.1833333491023337,2804.2156214387105
nag,50,1.459658657261373,1.054511726509395,1459.658657261373,2194,2191,4385,0.6662065984762086,3033,3.033,1.5,0.8938495176091529,1922.6969369636497
nag,50,0.9492367726566522,0.6837193953903634,949.2367726566522,1403,1403,2806,0.6765764594844278,1020,1.02,1.5,0.8166620237839781,962.6899865705971
nag,50,0.49488938508169195,0.3625731341981923,494.88938508169196,766,766,1532,0.6460696933181357,269,0.269,1.5,0.3879683060709677,367.57769093699875
nag,50,1.0187984585662306,0.7340123417652208,1018.7984585662307,1458,1457,2915,0.6992439660715378,1293,1.293,1.5,0.6664334966786202,1280.2675100886804
nag,50,0.965058669064324,0.703296558063983,965.058669064324,1495,1494,2989,0.6459562711273923,1200,1.2,1.5,0.5123870612324501,1243.032836049068
nag,50,1.4857811373362453,1.0937771715922668,1485.7811373362454,2197,2194,4391,0.6772019769080425,2856,2.856,1.5,1.2200096442098354,2193.68907045255
nag,50,1.4679315297483368,1.1092989145713297,1467.9315297483367,2227,2225,4452,0.6597445077520615,2790,2.79,1.5,0.9950575853148823,2873.450337475807
nag,50,1.2181138830074296,0.8942440370476521,1218.1138830074296,1841,1840,3681,0.6620184146779509,1851,1.851,1.5,1.050552163846214,2157.8224936438014
nag,50,1.7244317913121854,1.3251247359178555,1724.4317913121854,2545,2543,5088,0.678109237637509,3786,3.786,1.5,1.325032366002098,4240.859474255629
nag,50,2.1867906863352164,1.5787818524801014,2186.7906863352164,3280,3278,6558,0.667111252695307,6532,6.532,1.5,1.5584733301626834,7521.086827190094
nag,50,1.234202598646533,0.9911120763603889,1234.202598646533,1878,1878,3756,0.6571898821334041,2049,2.049,1.5,0.999758624620715,1639.112118858594
nag,50,1.2265636195894636,0.9343045389180401,1226.5636195894635,1805,1802,3607,0.6806679353992583,1879,1.879,1.5,1.058097819983648,2042.0745922359529
nag,50,0.7329920112204552,0.5605946913551634,732.9920112204552,1137,1135,2272,0.6458079394012821,652,0.652,1.5,0.5707725474283413,669.5559567484933
nag,50,0.488647860492284,0.37617718961431373,488.647860492284,741,739,1480,0.6612284986363789,272,0.272,1.5,0.3677900569607993,322.68089581064845
nag,50,1.209580110228791,0.9126056923084288,1209.580110228791,1807,1807,3614,0.6693857831924688,1971,1.971,1.5,0.9757717801097254,1782.3249701982716
nag,50,1.2260245614188257,0.9043729761002849,1226.0245614188257,1829,1828,3657,0.6706917732050469,1920,1.92,1.5,1.0970491634850705,2335.1703254507834
nag,50,2.4075669157986983,1.7991901149014002,2407.566915798698,3612,3606,7218,0.6676558280085131,7844,7.844,1.5,1.6918323459992808,8876.542586732465
nag,50,1.188064581054434,0.8799028463867313,1188.0645810544338,1794,1793,3587,0.6626127055518315,1738,1.738,1.5,1.0122445207406183,1654.8084672765974
nag,50,1.010651469740058,0.747954143269955,1010.651469740058,1461,1459,2920,0.6927014871419178,1256,1.256,1.5,0.665641831235711,1362.7846601788096
nag,50,1.849717202276558,1.4483483836705717,1849.717202276558,2866,2863,5729,0.6460765638409214,4745,4.745,1.5,1.524764185324599,4496.719399631017
nag,50,1.185071017083736,0.8783100228004354,1185.071017083736,1847,1845,3692,0.6423149144085291,1897,1.897,1.5,0.8733554226967384,1627.193990750888
nag,50,1.2753200800737652,0.9214022417248976,1275.3200800737652,1860,1858,3718,0.6863940151096691,2086,2.086,1.5,0.789902262050537,1769.7011686917817
nag,50,1.7322483644729338,1.2732790834094656,1732.2483644729339,2631,2629,5260,0.6589001005983012,4324,4.324,1.5,1.2720547680785144,5090.3194885988805
nag,50,0.7726285229198445,0.5887024929063854,772.6285229198445,1159,1159,2318,0.666633755754827,729,0.729,1.5,0.5204470900769204,736.158222364246
nag,50,1.9430527997905152,1.387810984821358,1943.052799790515,2922,2921,5843,0.665201232382922,5139,5.139,1.5,1.4186013929672474,4096.016207643106
nag,50,0.7535403464601463,0.532229422337087,753.5403464601463,1106,1105,2211,0.6819369651223044,606,0.606,1.5,0.538215986056798,687.6238416724553
nag,50,0.9810580889811242,0.7617013217831453,981.0580889811242,1477,1477,2954,0.6642234861077347,1273,1.273,1.5,0.7712428507471235,1019.3264367870318
nag,50,2.213035221448995,1.6730722734217685,2213.035221448995,3235,3231,6466,0.684938168198389,6243,6.243,1.5,1.811209315713237,7333.389986320001
nag,50,0.5250009924040436,0.39542574066328295,525.0009924040436,746,744,1490,0.7056464951667253,322,0.322,1.5,0.4018559168308723,363.81143679208674
nag,50,1.764561251025957,1.2520155102861517,1764.561251025957,2577,2572,5149,0.6860658052200456,3837,3.837,1.5,1.2555577809132454,3381.5556189856297
nag,50,1.232471342274232,0.8581618303896068,1232.471342274232,1852,1851,3703,0.665840811601422,2008,2.008,1.5,0.7592586279529256,1099.4380528722347
nag,50,0.9841883322338629,0.7118368110480892,984.188332233863,1516,1515,3031,0.6496292622005696,1325,1.325,1.5,0.8809260794737812,1317.1968268802327
nag,50,0.7280937601873119,0.5433707725267813,728.0937601873119,1140,1139,2279,0.6392394733865776,715,0.715,1.5,0.5223636622308272,648.9031275707964
nag,50,1.7136398128245112,1.3761554608496283,1713.6398128245112,2610,2609,5219,0.6568186327422427,4048,4.048,1.5,0.9986342885808707,3436.2004868874114
nag,50,1.2310955781511714,0.8887778807135515,1231.0955781511714,1847,1847,3694,0.6665379416086472,1965,1.965,1.5,0.9479651828866338,1897.2986035668766
nag,50,1.491104408869248,1.0644992516991552,1491.104408869248,2196,2194,4390,0.6796282629303774,2911,2.911,1.5,1.1400968882754507,2318.2246500432657
nag,50,1.4368424954195151,1.0423518460402095,1436.8424954195152,2187,2184,4371,0.657894915485126,2631,2.631,1.5,1.2285386881688019,2535.22649878131
nag,50,0.990682390571048,0.7596977074296642,990.682390571048,1491,1491,2982,0.6644415765064038,1232,1.232,1.5,0.8154971166377074,1113.3853219364148
nag,50,0.4809874024904351,0.3788055586380201,480.9874024904351,750,749,1499,0.6421727670099268,265,0.265,1.5,0.36076010159163624,297.2154951599198
nag,50,2.1686219049788256,1.6638177955324667,2168.6219049788256,3307,3307,6614,0.6557671318351453,6271,6.271,1.5,1.3596237855313278,4931.770861068169
nag,50,1.4244560385576435,1.036075319145566,1424.4560385576435,2191,2191,4382,0.6501396798528725,2570,2.57,1.5,1.2435899039381448,2647.7326323916946
nag,50,1.2120618252926554,0.9175365377043111,1212.0618252926554,1888,1887,3775,0.6423221119727903,1987,1.987,1.5,1.0147341939268575,2025.8602810495913
nag,50,0.48089682740020134,0.353425577848752,480.89682740020135,741,741,1482,0.6489835727398129,260,0.26,1.5,0.3462183196315829,314.8152120552261
nag,50,1.4813563534513032,1.0546224163382183,1481.3563534513032,2205,2204,4409,0.6721217574642937,3065,3.065,1.5,0.8745280931832289,3491.6192928837186
nag,50,1.530131952902555,1.130021872648758,1530.131952902555,2210,2207,4417,0.6933085423210489,3105,3.105,1.5,1.4104117585119276,2839.0070638091934
nag,50,1.2150782583631854,0.8705620634693587,1215.0782583631853,1858,1856,3714,0.6546757857560266,2005,2.005,1.5,0.8797133420953793,1677.5892602037388
nag,50,1.0149954653846416,0.7472244478412295,1014.9954653846416,1503,1502,3005,0.6757626267540889,1281,1.281,1.5,0.8584394983778421,1040.9801407637308
nag,50,0.7405874662558896,0.5611582419900514,740.5874662558896,1087,1087,2174,0.6813132164267613,635,0.635,1.5,0.4931694863243983,644.4896774133277
nag,50,1.0318720208572694,0.758253586179356,1031.8720208572693,1493,1492,2985,0.6916032311375799,1333,1.333,1.5,0.8681405043907674,1419.6745809337683
nag,50,1.7327418114664832,1.2453076261743574,1732.7418114664831,2518,2516,5034,0.688689114255359,3802,3.802,1.5,1.1716166714512866,4518.096940436035
nag,50,1.0219843841403626,0.7569907104592997,1021.9843841403626,1514,1514,3028,0.6750227107928419,1387,1.387,1.5,0.9140820045854593,1292.4175847282727
nag,50,1.6928315331110222,1.2757980028277394,1692.8315331110223,2562,2562,5124,0.6607461097232717,3904,3.904,1.5,1.5008888224958143,3277.7206030852612
nag,50,1.1911683748038895,0.8575172131411967,1191.1683748038895,1777,1776,3553,0.6707029137409287,1888,1.888,1.5,0.8182273969856957,2441.51366644381
nag,50,1.9309582656265003,1.474235940473598,1930.9582656265004,2950,2949,5899,0.6547840846478469,4980,4.98,1.5,1.1945809110235532,3879.1573670623843
nag,50,1.6811534667377315,1.270438387366571,1681.1534667377314,2541,2539,5080,0.6621321255367197,3703,3.703,1.5,1.3321372931760778,3825.81462136818
nag,50,1.6989459220774366,1.2434368852131057,1698.9459220774365,2550,2547,5097,0.6670380534265554,3731,3.731,1.5,1.3924312294144174,3747.033504648254
nag,50,1.0325351285586761,0.7733442206083608,1032.5351285586762,1484,1483,2967,0.6962475580301256,1326,1.326,1.5,0.8778936369653585,991.6236645566544
nag,50,2.6411537399261205,1.8982949561866198,2641.1537399261206,4042,4037,8079,0.6542367450894527,9763,9.763,1.5,1.8131237229388255,9030.337334992353
nag,50,1.919231265586206,1.4481926306361315,1919.231265586206,2903,2901,5804,0.6615757551141697,4996,4.996,1.5,1.5564769656226454,4787.957624593617
nag,50,0.7210300977114072,0.5248672512324295,721.0300977114073,1127,1126,2253,0.6403464455696335,682,0.682,1.5,0.5465422566123093,680.064418102044
nag,50,1.253352254869821,0.9199492825936958,1253.352254869821,1873,1871,3744,0.6698836209886804,2016,2.016,1.5,0.6623150481003351,2474.62783314348
nag,50,1.4770912477454632,1.107200919586813,1477.091247745463,2170,2169,4339,0.6810010363049622,2821,2.821,1.5,0.8350939647547144,1614.3339762981236
nag,50,2.188931097642049,1.6128023709108874,2188.931097642049,3365,3362,6727,0.6510800409405261,6703,6.703,1.5,2.0401299225913183,4981.358707918841
nag,50,1.4312051341498437,1.042100479127968,1431.2051341498438,2161,2160,4321,0.6625949695138166,2779,2.779,1.5,1.2993183007819715,3114.910682050418
nag,50,0.9831319151945154,0.7011623284899529,983.1319151945154,1509,1508,3017,0.6519442408451693,1301,1.301,1.5,0.6526903721200275,920.7920286771041
nag,50,1.4087062638791503,1.0841297624981836,1408.7062638791504,2160,2158,4318,0.6527832548096155,2641,2.641,1.5,1.1405579635164451,2807.7388980703295
nag,50,1.218635250252341,0.8700283322705655,1218.635250252341,1887,1886,3773,0.6461480648209655,2054,2.054,1.5,1.0242452989354236,2354.6626743879947
nag,50,1.931187126661327,1.3887673910857654,1931.187126661327,2915,2912,5827,0.6631823923974337,5112,5.112,1.5,1.418636909710416,3886.555223901015
nag,50,0.5192911740169568,0.3664442911107793,519.2911740169568,746,746,1492,0.6961007694597277,283,0.283,1.5,0.383365995022252,363.2009190572431
nag,50,1.4351264500592107,1.0929779850821129,1435.1264500592106,2255,2255,4510,0.6364197117779204,2929,2.929,1.5,1.2808179652421483,3405.0354651434195
nag,50,0.9899297798145461,0.7084736572272133,989.9297798145461,1483,1483,2966,0.6675183950199232,1411,1.411,1.5,0.6395441787030907,1407.7969064226334
nag,50,1.6503959534809753,1.3048122842136562,1650.3959534809753,2516,2514,5030,0.6564820817346759,3827,3.827,1.5,0.8190722253111375,3805.0724337551937
nag,50,1.4977623625977885,1.0947048357068034,1497.7623625977885,2215,2214,4429,0.6764960987343218,2919,2.919,1.5,0.9136738902665024,3451.7545699468556
nag,50,1.692842863677363,1.285375960971777,1692.8428636773629,2560,2558,5118,0.6617837621881794,3807,3.807,1.5,1.2387590115714686,3345.9517461582964
nag,50,0.9858037940250073,0.730180035369739,985.8037940250073,1477,1477,2954,0.667436556550445,1369,1.369,1.5,0.8424055925567225,1111.8375290697065
nag,50,0.48453371226872227,0.3694952261773569,484.5337122687223,745,745,1490,0.6503808218372111,248,0.248,1.5,0.3967475787746942,279.60201967283075
nag,50,0.9774124664529329,0.76589546037397,977.4124664529329,1525,1524,3049,0.6413467627643916,1334,1.334,1.5,0.9140270479399399,1314.057177813527
nag,50,0.7446158289080121,0.5720143616516291,744.6158289080122,1125,1123,2248,0.6630595092680429,613,0.613,1.5,0.4696038029475178,421.3018244846155
nag,50,0.9852374787524033,0.7337843461660888,985.2374787524033,1503,1502,3005,0.6559503853211739,1278,1.278,1.5,0.61518524252536,1138.2455539351715
nag,50,1.2555890817236581,0.9415492076142378,1255.5890817236582,1930,1929,3859,0.6509015457354371,2241,2.241,1.5,0.950126333169979,1938.3060803186224
nag,50,0.4777157573695357,0.35680914987649065,477.7157573695357,727,726,1453,0.6580106850820051,260,0.26,1.5,0.3678542319553453,255.53386899866814
nag,50,0.0,0.0,0.0,0,0,0,,0,0.0,1.5,0.0,0.0
nag,50,1.7190500801719046,1.2817487673537333,1719.0500801719047,2650,2649,5299,0.648943027622463,4169,4.169,1.5,1.2218791277435752,4070.883694194036
nag,50,1.2448485355881016,0.9576137139923505,1244.8485355881016,1838,1838,3676,0.6772842957497832,2075,2.075,1.5,0.7665123962102861,2301.0838754797755
nag,50,1.4047745056166925,1.077913003494422,1404.7745056166925,2211,2211,4422,0.6353570807854783,2653,2.653,1.5,0.8507069782650333,2872.354464539097
nag,50,0.5077571807345777,0.3724342871689557,507.7571807345777,758,758,1516,0.6698643545311052,285,0.285,1.5,0.3487811384367846,323.6428000644137
nag,50,1.4506059567585234,1.1170528020733783,1450.6059567585235,2213,2212,4425,0.6557893113736544,2886,2.886,1.5,1.2949746875660566,2809.8111534920704
nag,50,1.9344705395193966,1.419795711727894,1934.4705395193967,2933,2932,5865,0.6597784923326728,5044,5.044,1.5,1.7799765408430817,6294.677389404403
nag,50,1.0388308113235727,0.7401153496785685,1038.8308113235728,1519,1518,3037,0.6843417729404301,1285,1.285,1.5,0.7957474468102199,1443.2552555907434
nag,50,1.4900813281969338,1.0975006794527091,1490.0813281969338,2196,2196,4392,0.678543409925744,3100,3.1,1.5,1.0539741001206466,2976.431548296624
nag,50,0.5311867595245772,0.384464438581642,531.1867595245772,778,778,1556,0.6827593310084539,366,0.366,1.5,0.3732332398920863,415.89611203619285
nag,50,1.2347733838553614,0.9236913984585021,1234.7733838553613,1844,1841,3685,0.6707079760213804,1996,1.996,1.5,1.1706280965287736,2443.6128884561867
nag,50,1.2459303544729528,0.8473855502639311,1245.9303544729528,1871,1870,3741,0.6662729168304561,2036,2.036,1.5,0.7267475187930404,1430.5214621970536
nag,50,1.7097522011588062,1.261910726838569,1709.7522011588062,2628,2627,5255,0.6508382950737748,4017,4.017,1.5,1.259159661157773,4004.3326782635345
nag,50,0.9871731349536002,0.7426913278613195,987.1731349536002,1500,1499,2999,0.658554459608806,1260,1.26,1.5,0.7336651607209848,1671.7129321605664
nag,50,1.7338615779465454,1.3476475702950985,1733.8615779465454,2587,2585,5172,0.670739488567329,4122,4.122,1.5,1.4338492346753475,4076.706642256619
nag,50,0.2623122174367575,0.19350451802016874,262.31221743675746,412,412,824,0.6366801394096055,55,0.055,1.5,0.21286801077910675,40.635799026401706
nag,50,1.2503882819049945,0.9386773740775518,1250.3882819049945,1880,1880,3760,0.6651001499494652,2027,2.027,1.5,0.9226387048287469,1721.5907050758333
nag,50,1.2236452579116892,0.9274892544837026,1223.6452579116892,1872,1869,3741,0.6547058629811071,1996,1.996,1.5,0.8520830611381748,2000.2265723762944
nag,50,0.7306892639004807,0.5538053269791668,730.6892639004807,1121,1120,2241,0.652401128482572,688,0.688,1.5,0.5071948739836925,706.1404267240537
nag,50,1.9941803186861067,1.4601827676067465,1994.1803186861066,2925,2919,5844,0.683172428463894,5287,5.287,1.5,1.332586198302033,3623.973901249414
nag,50,0.4810098459477096,0.3552524330303437,481.0098459477096,711,710,1421,0.6774786562643798,272,0.272,1.5,0.24993159014843458,248.41012222719502
nag,50,1.7240922181979477,1.2358722766897163,1724.0922181979477,2536,2535,5071,0.680115273450867,3804,3.804,1.5,1.3052583840813656,3296.3757768161117
nag,50,0.27609844098209585,0.19986809186935192,276.09844098209584,381,381,762,0.7246678240999891,42,0.042,1.5,0.22696776545568834,52.24317589774828
nag,50,1.215193511213521,0.9071639500692603,1215.193511213521,1796,1795,3591,0.6769880285312095,1840,1.84,1.5,0.7566205044184136,1671.3978581654042
nag,50,0.2723829443031478,0.19819047595589606,272.3829443031478,409,409,818,0.6659729689563515,45,0.045,1.5,0.22090819568211656,51.36568591074772
nag,50,1.636445185610462,1.3025201338404835,1636.445185610462,2598,2596,5194,0.6303717972305324,3805,3.805,1.5,1.3675398040054167,3514.9592573181
nag,50,1.6722017020517947,1.2247902026698547,1672.2017020517947,2601,2598,5199,0.643649615878289,3959,3.959,1.5,1.151351692472876,3707.0662459029077
nag,50,0.7367929240107265,0.5653293815448802,736.7929240107264,1115,1115,2230,0.6608008287091717,616,0.616,1.5,0.5608923049948835,572.9623334012111
nag,50,0.23758401636843507,0.18113785153467823,237.58401636843507,363,363,726,0.6545014225025759,44,0.044,1.5,0.18092436508837245,49.180791678116925
nag,50,1.6807880363052337,1.230865141624277,1680.7880363052336,2582,2581,5163,0.6512158218927677,4088,4.088,1.5,1.0386728796817455,3795.689812304774
nag,50,1.7049366896768883,1.3063497711027554,1704.9366896768884,2575,2573,5148,0.6626259967652112,3881,3.881,1.5,1.3343187603887847,4558.608867681272
nag,50,0.9638299606369105,0.7224238124019893,963.8299606369105,1424,1421,2845,0.6782758343679877,1222,1.222,1.5,0.924198808027893,1294.9444880248184
nag,50,2.1708463825266864,1.582661966671345,2170.8463825266863,3289,3286,6575,0.660634930775011,6477,6.477,1.5,1.3147479215433644,7542.452923463604
nag,50,1.4357713168676964,1.042088345793696,1435.7713168676964,2138,2137,4275,0.6718630401814208,2621,2.621,1.5,1.0892563637313226,2113.3565984591637
nag,50,2.209402929013668,1.5636525904864895,2209.402929013668,3246,3243,6489,0.6812836660541685,6407,6.407,1.5,1.4506948325473503,7185.25403232201
nag,50,0.7500051920491893,0.5840002583190976,750.0051920491893,1122,1122,2244,0.6684538253557837,687,0.687,1.5,0.6301163551638913,787.658335645934
nag,50,1.7858439902159462,1.2645275073805278,1785.8439902159462,2570,2568,5138,0.6954221145700725,4117,4.117,1.5,1.3886739357503561,4231.486916114676
nag,50,1.2154072234476776,0.8958698075946209,1215.4072234476776,1825,1824,3649,0.666341679521753,1854,1.854,1.5,0.9285033643528177,1982.4996585078495
nag,50,0.4807046983929545,0.3744112472147989,480.70469839295447,708,707,1415,0.679921779905169,245,0.245,1.5,0.28346294195051486,299.4629402417419
nag,50,1.1967925843501126,0.900501666565013,1196.7925843501125,1848,1845,3693,0.648668067398435,2033,2.033,1.5,0.647016965504673,1622.8125640869325
nag,50,1.241002700173394,0.9401184707074779,1241.002700173394,1814,1812,3626,0.6848800773583852,2039,2.039,1.5,0.758099890763269,1917.6724145461485
nag,50,0.975899243354709,0.7116323178138086,975.899243354709,1452,1450,2902,0.6730339609342821,1251,1.251,1.5,0.7999849933866274,1322.973589696476
nag,50,1.672238065035791,1.2026127555462818,1672.2380650357911,2598,2597,5195,0.6439114613152834,3913,3.913,1.5,1.1008428490212443,4224.912538099878
nag,50,1.0270181385122203,0.7354310232568564,1027.0181385122203,1473,1473,2946,0.6972288788270334,1286,1.286,1.5,0.7392578206488511,1119.39662540217
nag,50,0.994647414584663,0.7308732786763186,994.647414584663,1478,1477,2955,0.6734241127858247,1345,1.345,1.5,0.7017583392394537,1505.2340566621256
nag,50,1.225684783059244,0.8835259862823542,1225.6847830592442,1920,1920,3840,0.6383774911766896,2143,2.143,1.5,0.6952464158501902,2124.981400091893
nag,50,2.884233800813145,2.1298475503391052,2884.233800813145,4286,4283,8569,0.6734143826320675,11171,11.171,1.5,3.059891890910948,10249.896726589597
nag,50,0.9560794329890594,0.7410188991352946,956.0794329890593,1477,1477,2954,0.6473117352667971,1152,1.152,1.5,0.8337978809178396,1121.0587133556783
nag,50,0.7372197301187112,0.5604647760479632,737.2197301187113,1082,1080,2162,0.682610861221029,696,0.696,1.5,0.5287746265314974,645.2704757663861
nag,50,2.889466267324894,1.9822513341792587,2889.466267324894,4256,4254,8510,0.6792351357134213,11164,11.164,1.5,1.7517256162348414,9780.448401281983
nag,50,0.9644913783213879,0.7135829352050674,964.4913783213879,1482,1481,2963,0.6512433344506332,1168,1.168,1.5,0.5617782367511542,970.6266455334307
nag,50,0.7400594564908183,0.5403730408180693,740.0594564908183,1120,1119,2239,0.6613578699649851,704,0.704,1.5,0.6203153137545317,778.3286112179732
nag,50,0.25583335134858204,0.19038264768633503,255.83335134858203,373,373,746,0.6858802985216677,54,0.054,1.5,0.20453137429744428,67.92160443261295
nag,50,0.9312899591718192,0.7450180519201421,931.2899591718192,1450,1449,2899,0.6427121871441126,1130,1.13,1.5,0.9214516558948619,1417.359705447753
nag,50,1.4758468892481547,1.0435311390519337,1475.8468892481546,2168,2167,4335,0.6810553249876118,2715,2.715,1.5,1.2534548071160652,2451.143454242335
nag,50,1.7264923966465848,1.2669090040164341,1726.492396646585,2566,2566,5132,0.6728341374304696,3908,3.908,1.5,1.5172504852402784,4846.827237020836
nag,50,1.2853529327216497,1.0125916775481594,1285.3529327216497,1841,1840,3681,0.6985613764791575,2045,2.045,1.5,0.9487581109809526,1925.633005607058
nag,50,1.456142370506869,1.1108709044040277,1456.142370506869,2274,2272,4546,0.6409077334977417,3016,3.016,1.5,1.4667197215585246,3861.159785698701
nag,50,1.1694812459294812,0.8774069502047512,1169.4812459294812,1817,1817,3634,0.6436330467415967,1936,1.936,1.5,0.8860572153067675,2445.328481953917
nag,50,1.2155173837291404,0.9434670085919397,1215.5173837291404,1859,1858,3717,0.6542074185840369,1959,1.959,1.5,0.8038118656329287,1473.1838549182369
nag,50,0.9250960048691268,0.6958647878004729,925.0960048691268,1457,1455,2912,0.6358048143430425,1119,1.119,1.5,0.8641001913323071,952.3387465566003
nag,50,0.974812185112315,0.7290303137482909,974.8121851123151,1478,1478,2956,0.659548163134178,1215,1.215,1.5,0.8240578592726026,806.343672955731
nag,50,0.954660337590229,0.6926334929687309,954.6603375902289,1487,1485,2972,0.6428689142021743,1225,1.225,1.5,0.6548086798145143,1108.4718092320297
nag,50,0.25316352714269624,0.18907175566736556,253.16352714269624,386,386,772,0.6558640599551716,58,0.058,1.5,0.1905650578496721,42.34551803546442
nag,50,0.49973620651027767,0.37838440955779085,499.73620651027767,751,751,1502,0.6654277050736054,305,0.305,1.5,0.45392452305765996,316.18034417485836
nag,50,1.2306620029016042,0.8918641265806773,1230.6620029016042,1855,1852,3707,0.6645043212211685,2004,2.004,1.5,0.9817128389148758,2137.5459924513657
nag,50,0.5207700944538723,0.3760762694360176,520.7700944538724,727,726,1453,0.7173141796885295,233,0.233,1.5,0.38371793441125823,223.1185917938647
nag,50,1.909073198447524,1.3878683840632642,1909.073198447524,2867,2866,5733,0.6661106763599176,4935,4.935,1.5,1.452805827772428,5000.53325484563
nag,50,0.9999471464455865,0.7456566824960887,999.9471464455864,1502,1502,3004,0.6657437726002573,1358,1.358,1.5,0.881741518082227,1413.0312326101623
nag,50,1.0131550741515007,0.7545838857246191,1013.1550741515008,1503,1501,3004,0.6749867249510332,1414,1.414,1.5,0.7513927714125266,1549.882774372311
nag,50,0.7634317477830925,0.5760536667188944,763.4317477830925,1140,1139,2279,0.6702649234267714,737,0.737,1.5,0.575866858700563,702.9248475951051
nag,50,0.7219601104244913,0.5530793090349557,721.9601104244913,1090,1089,2179,0.6629569425385595,698,0.698,1.5,0.5812887090449385,524.8575943749859
nag,50,1.4895439601564362,1.1011217681573109,1489.5439601564362,2260,2258,4518,0.659674030184427,2880,2.88,1.5,1.1014982295452573,2995.93278625915
nag,50,0.9966272650403747,0.7541617984089376,996.6272650403747,1527,1526,3053,0.6530978145742954,1274,1.274,1.5,0.787638106905518,1214.2883685533209
nag,50,0.48403070057832087,0.3623967625841185,484.0307005783209,740,740,1480,0.6540955413220553,296,0.296,1.5,0.3478343137709733,281.508446836556
nag,50,0.5354414310095832,0.38571280851740675,535.4414310095832,736,734,1470,0.7294842384326746,300,0.3,1.5,0.30702397908210094,303.0044851505909
nag,50,0.7445962646427793,0.5365652746679502,744.5962646427793,1084,1083,2167,0.6875311769554748,648,0.648,1.5,0.6192213879606808,799.6854299651719
nag,50,1.7879271274998436,1.2992228431495338,1787.9271274998437,2584,2584,5168,0.6919222629643358,4231,4.231,1.5,1.2462397806644558,3894.7656464548136
nag,50,0.4796631170926186,0.3649543173659179,479.6631170926186,755,755,1510,0.6353153868776406,243,0.243,1.5,0.4248780552802777,236.26031752343292
nag,50,1.4672923846891683,1.1165788833197619,1467.2923846891683,2226,2226,4452,0.6591609994111268,2755,2.755,1.5,1.6877313485382304,1993.8084210641875
nag,50,0.7035826021088079,0.53988998821842,703.5826021088078,1085,1085,2170,0.6484632277500533,575,0.575,1.5,0.5580355213749322,536.983915966559
nag,50,0.7473834400237263,0.5787937040993458,747.3834400237263,1107,1107,2214,0.675143125586022,737,0.737,1.5,0.42182861528378146,810.3273948313166
nag,50,1.9762638505559182,1.4176675325056198,1976.2638505559182,2904,2902,5806,0.681000637682949,5217,5.217,1.5,1.5049901243890618,4171.006519454751
nag,50,1.495329740837866,1.0576824795891344,1495.329740837866,2241,2239,4480,0.6678560700481759,2824,2.824,1.5,1.2681104631030102,3708.2738495261524
nag,50,1.0225869342653866,0.7351131686010317,1022.5869342653866,1504,1503,3007,0.6803638950534842,1338,1.338,1.5,0.823936402501442,1649.4595473647546
nag,50,0.4796089925847509,0.3544884127204117,479.6089925847509,726,726,1452,0.6606184470864338,274,0.274,1.5,0.3914917966393458,258.4989802830231
nag,50,1.2770566214790624,0.9341688893184482,1277.0566214790624,1841,1841,3682,0.6936755141113864,2090,2.09,1.5,0.9514453947723275,1308.3412412369285
nag,50,1.247792114369417,0.8941981598338092,1247.792114369417,1909,1907,3816,0.6543220316567473,2050,2.05,1.5,1.06709460160597,1953.8724940779537
nag,50,0.9669248024599153,0.7357438496560922,966.9248024599153,1468,1466,2934,0.6595667138198604,1124,1.124,1.5,0.8354168306666715,1099.1139598111342
nag,50,0.9712587763090857,0.7085421193535099,971.2587763090858,1442,1441,2883,0.6740171938300387,1177,1.177,1.5,0.6468517307253141,1012.7080196928995
nag,50,1.71816797690298,1.2809776080848443,1718.1679769029802,2628,2625,5253,0.6545401816773257,4171,4.171,1.5,1.2352010701331355,4055.216707660926
nag,50,1.4831770252042489,1.1446946971732928,1483.1770252042488,2196,2192,4388,0.6766318545639821,2869,2.869,1.5,1.3162511377678643,2917.3952445093273
nag,50,1.1790822256043711,0.8751884688229896,1179.0822256043712,1812,1809,3621,0.6517867471555396,1806,1.806,1.5,0.5917100942425527,2038.5062266967918
nag,50,1.4476350143353183,1.0909139332601387,1447.6350143353184,2223,2221,4444,0.6517942432846998,2988,2.988,1.5,1.0080906607002826,2919.36030407889
nag,50,0.7595148093652607,0.5507967594365378,759.5148093652607,1097,1096,2193,0.6929879647493254,682,0.682,1.5,0.7144418001590974,826.1058592662273
nag,50,1.5136353643813463,1.135633773371756,1513.6353643813463,2217,2214,4431,0.6836654762336705,3060,3.06,1.5,0.9098609605077277,2966.7636439619123
nag,50,1.6924043809374325,1.288739036667583,1692.4043809374325,2536,2535,5071,0.6676151404092436,3815,3.815,1.5,1.1216710722979213,5071.213577497909
nag,50,2.2505514490269154,1.646321413065547,2250.551449026915,3336,3334,6670,0.6750304286223501,6472,6.472,1.5,1.8177543797217814,4868.818475903115
nag,50,0.997089549031587,0.7349083547223049,997.089549031587,1490,1489,2979,0.6696370376303472,1264,1.264,1.5,0.7427534836023578,1507.4551161455372
nag,50,1.650129081974695,1.2133989259447546,1650.129081974695,2545,2544,5089,0.6486356454303046,3738,3.738,1.5,1.1119970262255756,3393.63011971807
nag,50,1.4763138528026125,1.056015093934885,1476.3138528026125,2178,2177,4355,0.6781414114848932,2854,2.854,1.5,0.9946178934763942,3507.755130520628
nag,50,1.4886028984137811,1.081010570605031,1488.602898413781,2200,2197,4397,0.6775616287727725,2913,2.913,1.5,1.1061010438184173,3042.6293513535174
nag,50,1.4926935796696035,1.0742540324219183,1492.6935796696034,2241,2240,4481,0.6663810623525015,2846,2.846,1.5,0.8736174281648268,3834.8117826817356
nag,50,0.9837512875955446,0.7204921089262752,983.7512875955447,1444,1443,2887,0.6817403240440365,1307,1.307,1.5,0.9455460558181795,1475.476756403216
nag,50,0.23663323469891903,0.18063794693484533,236.63323469891904,349,349,698,0.6780321911143812,63,0.063,1.5,0.1575827733658383,47.79669574705373
nag,50,2.1706210579339147,1.551885417232616,2170.6210579339145,3273,3271,6544,0.6635955542445474,6265,6.265,1.5,1.4024152800709908,7219.441814586054
nag,50,1.5242528128832518,1.1335325274752241,1524.2528128832519,2248,2247,4495,0.6783501614967743,3063,3.063,1.5,1.4655745801080227,3304.758410614287
nag,50,1.5109952117571366,1.1307608893789824,1510.9952117571365,2266,2263,4529,0.6676956304715583,3157,3.157,1.5,0.8157204937310797,3019.3199148653557
nag,50,1.967312518782379,1.4631299270503706,1967.312518782379,2926,2924,5850,0.6728154988995824,5233,5.233,1.5,1.5258643825213365,4914.994552585408
nag,50,0.5039552587879164,0.3754125118932387,503.9552587879163,737,737,1474,0.6837927527651511,290,0.29,1.5,0.34817158639435014,241.88105231536656
nag,50,0.7604666968666731,0.5695402559866601,760.4666968666731,1131,1131,2262,0.6723843473622221,707,0.707,1.5,0.5119725010313878,737.8673038965393
nag,50,1.9420580789913324,1.3765523099416923,1942.0580789913324,2983,2979,5962,0.6519161057372717,5173,5.173,1.5,1.3704256591439836,4753.043962390989
nag,50,1.6683771665790152,1.2498763166325484,1668.3771665790152,2601,2599,5200,0.641930421923438,3836,3.836,1.5,1.2959689130109184,3903.04424817025
nag,50,0.7627947093298851,0.5658228952879742,762.7947093298851,1160,1160,2320,0.6575816459740389,711,0.711,1.5,0.5680244204020299,702.1769738571816
nag,50,1.720538877232119,1.2566709388250061,1720.5388772321191,2542,2538,5080,0.677911299145831,4000,4.0,1.5,1.2320228823378852,3173.4939653328556
nag,50,1.7622617127806262,1.264672070707326,1762.261712780626,2601,2599,5200,0.6780537563603795,4037,4.037,1.5,1.0227693079119184,3767.770788748729
nag,50,1.516460239853132,1.1236379751555519,1516.460239853132,2273,2270,4543,0.6680441585256088,2983,2.983,1.5,1.059594179213283,3348.760290533807
nag,50,1.2508487499283125,0.9249790459857802,1250.8487499283126,1824,1824,3648,0.6857723409694696,1862,1.862,1.5,0.9685490919304781,2078.5638834427414
nag,50,1.9620468261343484,1.4616471351162512,1962.0468261343485,2953,2953,5906,0.6644249326563998,5152,5.152,1.5,1.4225539666896798,5815.088751443171
nag,50,0.48621786030640324,0.36756459958677395,486.2178603064032,740,739,1479,0.6579402710506133,265,0.265,1.5,0.43936553759702457,298.8046715849262
nag,50,1.980257694427116,1.4536684111036575,1980.257694427116,2880,2879,5759,0.6878283065047294,5237,5.237,1.5,1.5622590042521478,3735.6563540863267
nag,50,0.7719732684176893,0.5675833669271115,771.9732684176893,1133,1132,2265,0.6819551841145665,736,0.736,1.5,0.3756020721986688,654.8849514673483
nag,50,1.4242871114698104,1.052758330653332,1424.2871114698103,2230,2229,4459,0.638980310215258,2840,2.84,1.5,0.9985384626954676,3369.4232604213603
nag,50,1.4247072504627905,1.1494890238527986,1424.7072504627904,2198,2195,4393,0.6490693623976266,2665,2.665,1.5,1.3724174190518603,2642.721490920933
nag,50,1.7265397118755987,1.254978054860656,1726.5397118755986,2557,2556,5113,0.6754850202956176,3824,3.824,1.5,1.2073063813353595,3993.0872909510936
nag,50,0.9950553036627403,0.756213438880001,995.0553036627404,1460,1460,2920,0.6815447285361236,1265,1.265,1.5,0.7488392709277208,924.8534966636403
nag,50,0.5181926497362601,0.38105467349448535,518.1926497362601,781,780,1561,0.6643495509439232,349,0.349,1.5,0.31639260131377284,285.7170549265145
nag,50,0.7277403606897378,0.5595808359361795,727.7403606897378,1094,1093,2187,0.6658191772092752,624,0.624,1.5,0.6500772478181792,716.9212348616225
nag,50,1.9331993067533004,1.3787761756241586,1933.1993067533003,2895,2892,5787,0.6684644905785962,5072,5.072,1.5,1.455658893975829,5337.749581787072
nag,50,1.4491229974520088,1.0515030298534311,1449.1229974520088,2250,2247,4497,0.6449145516030301,2903,2.903,1.5,0.7868319786171624,2823.971438272879
nag,50,1.4597807039818473,1.0908068187666067,1459.7807039818474,2184,2183,4367,0.6687039413567785,2830,2.83,1.5,1.1678551824887105,2770.1131307711034
nag,50,0.9982609122087481,0.7093010705262941,998.2609122087481,1467,1465,2932,0.6814067660127974,1240,1.24,1.5,0.7465134973741941,1265.373786466741
nag,50,1.010996061027468,0.7441647972957303,1010.9960610274679,1532,1532,3064,0.6599190998873812,1304,1.304,1.5,0.6863272445160673,1460.9765525491878
nag,50,0.9925533538499706,0.689056486203736,992.5533538499706,1449,1447,2896,0.6859387379751006,1243,1.243,1.5,0.6430395188807315,1075.8465057584528
nag,50,0.7234613840597228,0.5699836579177181,723.4613840597228,1069,1068,2137,0.6773982996813884,681,0.681,1.5,0.6076588977849059,754.6035320090065
nag,50,2.177104963719835,1.7314714291461442,2177.104963719835,3275,3272,6547,0.6653743776649862,6515,6.515,1.5,1.5983907211326844,6127.859326794207
nag,50,1.247766785468351,0.9263810059880193,1247.766785468351,1881,1880,3761,0.6637057369512505,2082,2.082,1.5,0.8356678290966766,2110.2193044572036
nag,50,1.4694488101911607,1.0685811065424755,1469.4488101911606,2185,2180,4365,0.6740590872436517,2875,2.875,1.5,1.1721367612536235,3248.645425116409
nag,50,2.020991882617629,1.5148808374893934,2020.991882617629,2975,2972,5947,0.6800107276640743,5361,5.361,1.5,1.2945704522990364,5863.863578416529
nag,50,0.7219281436263937,0.5493239214147754,721.9281436263936,1104,1102,2206,0.655107208372408,677,0.677,1.5,0.5386009515329516,547.3245142696126
nag,50,1.9703735193019731,1.5345302237604819,1970.3735193019731,2911,2908,5819,0.6775699860048051,4991,4.991,1.5,1.4046790633483461,5653.790492585447
nag,50,0.9678638604937083,0.7187761007912346,967.8638604937083,1488,1487,2975,0.6508835645552847,1229,1.229,1.5,0.6160171887150553,1146.2275480905728
nag,50,1.4477841387272705,1.075391603761961,1447.7841387272706,2270,2268,4538,0.6383527948532939,2909,2.909,1.5,1.21870298786804,2701.8418873329624
nag,50,0.9942886849816458,0.7552544233371742,994.2886849816458,1515,1515,3030,0.6562961617040567,1264,1.264,1.5,0.6673838531578054,1368.5517045145345
nag,50,1.0453717125851774,0.7455809572985899,1045.3717125851774,1515,1514,3029,0.6904700875727724,1371,1.371,1.5,0.7054776983292032,1632.7773610876238
nag,50,2.643756450339106,1.9055398281032785,2643.756450339106,3981,3976,7957,0.6649286846929341,9201,9.201,1.5,2.045828548720666,9832.160560276308
nag,50,1.2345780724054316,0.9311060614153098,1234.5780724054316,1905,1905,3810,0.6480724789529825,1923,1.923,1.5,1.0522453444480087,1487.6447822117998
nag,50,0.7163879169759636,0.5064808105598505,716.3879169759635,1095,1093,2188,0.6554326779286034,645,0.645,1.5,0.49050650578949206,677.2243637934137
nag,50,1.5125574718312083,1.093488882241557,1512.5574718312082,2172,2170,4342,0.6970310930097734,2933,2.933,1.5,0.9955205152839857,1825.7401162007798
nag,50,0.9856149107587453,0.7219128202495678,985.6149107587453,1510,1510,3020,0.6527251064627452,1320,1.32,1.5,0.8177360473811595,1124.7624394228721
nag,50,0.7292764054366787,0.5637927326865416,729.2764054366787,1091,1091,2182,0.6684476676779824,651,0.651,1.5,0.4662918956658149,620.4755320193665
nag,50,0.4874868136938994,0.3748087032680991,487.4868136938994,753,753,1506,0.6473928468710484,310,0.31,1.5,0.28353375985780105,284.07745526956484
nag,50,0.9782535601703165,0.7503791711923673,978.2535601703165,1482,1482,2964,0.6600901215724133,1131,1.131,1.5,0.8414680300722356,1247.0248540561695
nag,50,2.593070719380693,1.9046443732718812,2593.070719380693,3960,3956,7916,0.6554779371538657,9313,9.313,1.5,1.8198936267276942,10669.32818100939
nag,50,1.2154831378770934,0.9230306891233095,1215.4831378770934,1835,1833,3668,0.6631113681817203,1869,1.869,1.5,0.8910584340418259,2474.3326264078005
nag,50,1.4324724549490206,1.089234044458433,1432.4724549490206,2205,2205,4410,0.6496473718589663,2936,2.936,1.5,1.243542309977904,2067.8999508687066
nag,50,1.243141745263016,0.9294231533318765,1243.141745263016,1829,1829,3658,0.679683841040468,2064,2.064,1.5,0.9414437984840583,2030.916378689847
nag,50,2.677765223711888,1.874410257310596,2677.765223711888,4025,4024,8049,0.665448614242517,9623,9.623,1.5,1.996704874345268,8996.041241070992
nag,50,1.665346805592707,1.2414477890866455,1665.346805592707,2505,2504,5009,0.6650746028724868,3712,3.712,1.5,1.35288872421905,2615.689020188778
nag,50,1.0063958328495157,0.7174852508907578,1006.3958328495157,1494,1493,2987,0.6740762443734197,1401,1.401,1.5,0.719396422545095,1435.8097538913623
nag,50,1.2140629330199533,0.8757137662365676,1214.0629330199533,1806,1805,3611,0.6726110432243508,1897,1.897,1.5,0.842409388388623,1575.6104262429192
nag,50,1.7061940248383958,1.27159666075424,1706.1940248383958,2613,2610,5223,0.6537141857618375,4080,4.08,1.5,1.3687009859602157,3918.5363323342162
nag,50,1.1720716374434148,0.8978237378047299,1172.0716374434148,1807,1806,3613,0.6489876176320126,1889,1.889,1.5,1.1046362968017047,1389.6969634122888
nag,50,1.2488016973587728,0.8980532553101499,1248.8016973587728,1873,1871,3744,0.6674514683905787,2035,2.035,1.5,0.853514815760703,2171.705004620031
nag,50,1.0009612564945518,0.7414636041445881,1000.9612564945518,1481,1481,2962,0.6758685053980769,1320,1.32,1.5,0.8254114391297908,1594.6170239313321
nag,50,2.421177337677702,1.8980041045231892,2421.177337677702,3686,3684,7370,0.6572142610417214,7922,7.922,1.5,1.9179407921840987,8006.484819352386
nag,50,1.4746139069439335,1.0829911599676438,1474.6139069439334,2243,2240,4483,0.6583097798856846,2732,2.732,1.5,0.9647643449790514,2468.656565340669
nag,50,1.2824910389888773,0.9792487413377067,1282.4910389888773,1836,1835,3671,0.6989051983590612,1942,1.942,1.5,1.2382226072371387,2273.7235890665415
nag,50,0.9376152379097159,0.7100800320262738,937.6152379097159,1474,1473,2947,0.6365344452883339,1290,1.29,1.5,0.664877601800704,971.1402681073829
nag,50,2.11308436717043,1.5403499359178177,2113.0843671704297,3275,3272,6547,0.6458081806755592,6147,6.147,1.5,0.8219535139052064,5718.510624001527
nag,50,1.257421320470628,0.9335441681121346,1257.421320470628,1846,1845,3691,0.6815291709867902,1940,1.94,1.5,0.7478889078439442,1800.8003089837562
nag,50,1.5037038005105587,1.122435356235772,1503.7038005105587,2222,2220,4442,0.6773440542840354,2888,2.888,1.5,1.1897866277439362,2604.7678254219686
nag,50,0.734536797021421,0.5330699491198228,734.5367970214211,1141,1140,2281,0.6443305237030009,698,0.698,1.5,0.5150872609142813,707.9539389228314
nag,50,0.996874753073075,0.7378255310164957,996.874753073075,1482,1482,2964,0.6726550290641532,1218,1.218,1.5,0.8067979182757706,1267.1723490956329
nag,50,0.7142767120323084,0.5467136990126912,714.2767120323084,1101,1100,2201,0.6493424654839167,659,0.659,1.5,0.5395278908745452,743.0701144375902
nag,50,1.6997809941011466,1.326330865999949,1699.7809941011467,2584,2582,5166,0.6583195174675239,4008,4.008,1.5,1.6564593107361905,3000.2390483899
nag,50,0.7451583957759622,0.5924859415228734,745.1583957759622,1129,1127,2256,0.6611875738917145,725,0.725,1.5,0.5239941009304361,681.2605629370287
nag,50,0.9987932765360247,0.7520437727600509,998.7932765360247,1523,1523,3046,0.655806484921881,1291,1.291,1.5,0.876814514698012,986.9410984688401
nag,50,2.145980123254811,1.5803678038237559,2145.980123254811,3239,3238,6477,0.6627486483183481,6247,6.247,1.5,1.458957693070307,6026.8365174433375
nag,50,0.733100358232512,0.5519265640646146,733.100358232512,1096,1095,2191,0.6694980440479562,641,0.641,1.5,0.46985689629147165,815.1637676117515
nag,50,0.7458768080479522,0.5583769204830258,745.8768080479522,1077,1077,2154,0.6925504252998628,650,0.65,1.5,0.4898843975525043,534.1865662602744
nag,50,2.1200090662617375,1.5023198835045268,2120.0090662617376,3220,3217,6437,0.6590018856890698,5882,5.882,1.5,1.5088926824715976,5431.798550060622
nag,50,1.749601826354589,1.3345039819095668,1749.6018263545889,2600,2600,5200,0.6729237793671495,3956,3.956,1.5,1.339820808348786,5052.402800903614
nag,50,1.2141173891228045,0.9279428551108595,1214.1173891228045,1864,1863,3727,0.6517001551920583,2050,2.05,1.5,1.1327113757966725,1793.9872936315637
nag,50,0.752045310545282,0.5746872256513437,752.0453105452821,1123,1121,2244,0.6708700361688511,686,0.686,1.5,0.7326912370900451,674.2394943192187
nag,50,0.24109094094063066,0.182966099136992,241.09094094063067,365,365,730,0.6605231258647416,50,0.05,1.5,0.18054051682632083,50.04587095929084
nag,50,0.4543728505178211,0.3517911321219725,454.3728505178211,743,743,1486,0.6115381568207552,262,0.262,1.5,0.3410863199713977,317.6987998454832
nag,50,1.50673227725991,1.1056286425536623,1506.73227725991,2230,2228,4458,0.6762712195960099,2914,2.914,1.5,1.1419251033131805,2691.7325958526085
nag,50,1.4819144868570175,1.1402126096799106,1481.9144868570174,2214,2212,4426,0.6699432580727926,2925,2.925,1.5,1.4795656207633094,3053.46429888446
nag,50,0.7643795372022724,0.5515542683239232,764.3795372022723,1125,1125,2250,0.679448477513131,737,0.737,1.5,0.6541873969489281,644.748395278047
nag,50,0.9426362273176169,0.7033042342001722,942.6362273176169,1438,1436,2874,0.6564319131738279,1093,1.093,1.5,0.6715994442967799,910.0569316914834
nag,50,0.7340501062944204,0.5410403614922648,734.0501062944204,1110,1108,2218,0.6625000959335924,666,0.666,1.5,0.5623455648487041,639.6988377305371
nag,50,1.443758245933572,1.1022465009096973,1443.758245933572,2217,2213,4430,0.6523986651303986,2726,2.726,1.5,1.1420117691973508,2489.81891377566
nag,50,0.25056833349086094,0.18778384374247367,250.56833349086097,375,374,749,0.6699688061252967,43,0.043,1.5,0.18427076328918635,41.527728809969624
nag,50,1.2642170359521765,0.8978218990748807,1264.2170359521765,1845,1844,3689,0.6855840758959743,2053,2.053,1.5,0.8131168456285668,1542.911338462294
nag,50,1.4827088402061426,1.074587557015371,1482.7088402061427,2192,2191,4383,0.6767269923350719,3126,3.126,1.5,0.8741940408019732,3886.2797418960686
nag,50,1.230985578009731,0.8848240002385769,1230.985578009731,1813,1812,3625,0.6793518642437809,1917,1.917,1.5,0.9393196767198935,2158.629169404665
nag,50,1.2471833676018613,0.9029381113363103,1247.1833676018614,1872,1871,3743,0.6665865139507543,2280,2.28,1.5,0.8222143634213332,2786.8952958540367
nag,50,1.1864966799007808,0.9042104382099619,1186.4966799007807,1869,1869,3738,0.6348296842700806,1920,1.92,1.5,0.8319525370358413,1570.361073492795
nag,50,1.6822194557069166,1.2960634014019825,1682.2194557069165,2534,2532,5066,0.6643836712902513,3789,3.789,1.5,1.3884640495529248,4102.907660104163
nag,50,0.7676384027332438,0.5682877872931144,767.6384027332438,1188,1187,2375,0.6467046358325558,757,0.757,1.5,0.6551693370321102,678.8159463042427
nag,50,0.9686407284299046,0.745242816977136,968.6407284299046,1493,1493,2986,0.6487881637172838,1263,1.263,1.5,0.5694578132234049,1135.301439320887
nag,50,1.0007232693742507,0.722520553777068,1000.7232693742508,1537,1536,3073,0.6515125451655278,1364,1.364,1.5,0.8284940620330076,1809.6595892662021
nag,50,1.0182380058893914,0.7934121045843019,1018.2380058893914,1540,1539,3079,0.6616231357305987,1375,1.375,1.5,0.9952946282522716,1420.3775022691157
nag,50,1.4926533150176893,1.1370871993649025,1492.6533150176892,2232,2231,4463,0.6690512393624783,2783,2.783,1.5,1.229788700776305,2513.222886113225
nag,50,1.259770843327013,0.8969842492175283,1259.770843327013,1859,1859,3718,0.6776604859209322,1982,1.982,1.5,0.7263812122110301,1960.21111188861
nag,50,1.1885461263231145,0.9133295885643743,1188.5461263231145,1842,1842,3684,0.6452476255825812,1826,1.826,1.5,0.8218369269399688,1919.9233926629543
nag,50,0.939053351744356,0.6932156307453197,939.053351744356,1447,1446,2893,0.6494144894497621,1135,1.135,1.5,0.6029956927906999,1206.698393233564
nag,50,1.4345160004320805,1.0490889157223235,1434.5160004320805,2226,2226,4452,0.644436657876047,2960,2.96,1.5,1.1172651139254806,2974.930836385136
nag,50,1.4953974097095752,1.0560036996277635,1495.3974097095752,2248,2248,4496,0.6652123708672487,3027,3.027,1.5,1.2409309572006397,3212.440685012959
nag,50,2.2124175405834037,1.6249707839455176,2212.4175405834035,3252,3252,6504,0.6803251969813664,6778,6.778,1.5,1.494346499633243,6425.946113223309
nag,50,1.2284904908422423,0.9375499496718754,1228.4904908422423,1843,1842,3685,0.6669329483399795,1961,1.961,1.5,0.6971668950279425,1904.7322911607298
nag,50,2.4794259803555105,1.858994992363006,2479.4259803555105,3655,3652,7307,0.6789227766581354,7869,7.869,1.5,2.2353880164862874,7167.920982945618
nag,50,0.5089336980311624,0.3942244795776727,508.9336980311624,733,732,1465,0.69526461479667,256,0.256,1.5,0.45135888327153617,263.59105907719254
nag,50,0.801942230998384,0.5884581477519307,801.942230998384,1174,1174,2348,0.6830853756374651,768,0.768,1.5,0.5840951727063426,703.613130536814
nag,50,1.221621213272745,0.9177040658401041,1221.621213272745,1831,1829,3660,0.6679175578309159,1878,1.878,1.5,1.0347099103136246,2019.9111671634303
nag,50,1.4775485940654707,1.0959330050890725,1477.5485940654708,2227,2225,4452,0.6640667838496498,2867,2.867,1.5,0.9301760799101162,2842.6287323266724
nag,50,0.9625144997674419,0.726822918949697,962.5144997674419,1485,1484,2969,0.6485946763931549,1236,1.236,1.5,0.9180060055332022,925.7139872831726
nag,50,2.708917433691146,1.9821137752175793,2708.917433691146,3977,3974,7951,0.6816601493938466,9821,9.821,1.5,1.3146911581979301,9497.992345194158
nag,50,1.2311268979587804,0.9093003760613162,1231.1268979587803,1850,1849,3699,0.6658339091177827,1945,1.945,1.5,0.9754055334745548,1694.0933421767916
nag,50,0.7122466708610296,0.5377171189489324,712.2466708610295,1133,1133,2266,0.6286378383592494,722,0.722,1.5,0.4416176140336852,629.4575497786886
nag,50,1.5283615057731619,1.1181590245914723,1528.361505773162,2240,2238,4478,0.6829139882811269,3024,3.024,1.5,0.9886928665099247,2860.626829758038
nag,50,1.0003775387239089,0.7289645484782155,1000.3775387239089,1524,1523,3047,0.6568467096020413,1363,1.363,1.5,0.6992445681685702,1309.1908715482564
nag,50,0.4851273457219244,0.3623067771327854,485.12734572192437,759,758,1517,0.6400096909260216,294,0.294,1.5,0.39125839424723635,283.3441381192151
nag,50,1.006998498219643,0.746064609708772,1006.9984982196429,1457,1456,2913,0.6916198476783262,1350,1.35,1.5,0.6895180859577048,1267.8213213261727
nag,50,1.4927698008096113,1.0860664366548518,1492.7698008096113,2261,2260,4521,0.6605176109777041,2934,2.934,1.5,1.1092172836195413,3317.9563368849026
nag,50,1.0043750816423231,0.763058292739678,1004.3750816423232,1492,1491,2983,0.6736251385931075,1323,1.323,1.5,0.6832098427790466,1251.7958718545303
nag,50,2.609174614257581,1.9396150294631511,2609.174614257581,4021,4020,8041,0.649048411506861,9194,9.194,1.5,1.8386122855455838,8682.123693328556
nag,50,1.4606433374819707,1.1459136442325442,1460.6433374819708,2172,2172,4344,0.6724877244392131,2799,2.799,1.5,0.9448723587279608,1943.9450711499626
nag,50,0.48935941704638247,0.36604446458448353,489.3594170463825,744,744,1488,0.6577411519440625,275,0.275,1.5,0.4089604551586417,246.03903224097579
nag,50,1.2906735385682255,0.9611901946693058,1290.6735385682255,1868,1865,3733,0.692050154728271,2026,2.026,1.5,0.7148867627904283,2089.7897921143644
nag,50,0.7517214207281654,0.5479821872954782,751.7214207281654,1145,1145,2290,0.6565252582778737,721,0.721,1.5,0.597620143323372,716.3388700632148
nag,50,0.48980688313054294,0.3597996330605158,489.80688313054293,744,744,1488,0.6583425848528803,266,0.266,1.5,0.3280191495982778,296.07890177024905
nag,50,0.265425638603926,0.19497486897562402,265.42563860392596,394,394,788,0.6736691335125025,72,0.072,1.5,0.1935595449341379,81.45567446031677
nag,50,1.669119641281865,1.2191646014244122,1669.119641281865,2575,2572,5147,0.6489578698607562,3840,3.84,1.5,1.5926292563021922,3256.6256855754723
nag,50,1.9024789024076545,1.3441103481888248,1902.4789024076545,2881,2879,5760,0.6608124009752187,4897,4.897,1.5,1.1200712364945147,5272.102118059934
nag,50,0.23809237938999164,0.18140439826640392,238.09237938999163,388,388,776,0.6136401530669887,39,0.039,1.5,0.1488618732900394,39.856461063004964
nag,50,0.7188382872760319,0.5706638730996044,718.8382872760319,1099,1099,2198,0.6540839738635413,689,0.689,1.5,0.4803840330582514,768.9090525655662
nag,50,0.7480314784977563,0.5879490679923628,748.0314784977563,1114,1114,2228,0.6714824762098351,660,0.66,1.5,0.6187793254395823,618.2734882476166
nag,50,0.49363636989492243,0.3727461198929093,493.63636989492244,741,741,1482,0.6661759377799223,262,0.262,1.5,0.39273666909185534,295.23006857489736
nag,50,0.7031077698770752,0.5298963827043522,703.1077698770753,1116,1115,2231,0.6305899281408747,580,0.58,1.5,0.558968676304964,604.7409610828971
nag,50,1.5001730675022473,1.1088210368733582,1500.1730675022472,2203,2202,4405,0.6812775056776781,3026,3.026,1.5,0.9675230884847752,3226.008772579628
nag,50,1.7292497666437343,1.283833550177726,1729.2497666437343,2581,2579,5160,0.6705117358060234,3847,3.847,1.5,1.352344950734308,3343.114184175766
nag,50,0.7684737415920827,0.5731312125112923,768.4737415920827,1146,1146,2292,0.6705704551414334,680,0.68,1.5,0.7320815215872434,855.5976652463783
nag,50,2.194237006493763,1.5657855600601043,2194.237006493763,3348,3347,6695,0.6555832107839149,6383,6.383,1.5,1.5246542610968097,7664.06757534861
nag,50,0.4864443383797063,0.36459075622940623,486.4443383797063,789,789,1578,0.6165327482632527,284,0.284,1.5,0.42439291237485116,296.03077774941005
nag,50,1.6578646629735645,1.2674434957351401,1657.8646629735645,2579,2579,5158,0.6428323625333713,3763,3.763,1.5,1.0854699883430101,4311.137462045575
nag,50,1.2393370573787152,0.8984693323522087,1239.3370573787151,1879,1879,3758,0.659572675560785,1954,1.954,1.5,0.9782995452071108,1834.2485926921397
nag,50,1.7549473048742605,1.2709384506795018,1754.9473048742605,2597,2594,5191,0.6765409810617812,4217,4.217,1.5,1.341924207001784,3394.3689888789795
nag,50,1.9329541114438988,1.3948762080198345,1932.954111443899,2929,2927,5856,0.6603874654745128,4825,4.825,1.5,1.3117749932203713,4234.781445802765
nag,50,1.2533799035337712,0.935117705186339,1253.379903533771,1871,1870,3741,0.67025663290576,2004,2.004,1.5,0.7001953247189939,2170.7712111185465
nag,50,1.2257281273954714,0.9015870299629913,1225.7281273954713,1785,1781,3566,0.6882246644556268,1776,1.776,1.5,0.9291940639259029,2542.990523082057
nag,50,0.7328739266087898,0.5677600811475915,732.8739266087898,1146,1146,2292,0.6395060441612477,703,0.703,1.5,0.5544879011856984,741.5302091230828
nag,50,0.24398014683515915,0.18445383478545335,243.98014683515913,387,387,774,0.630439655904804,54,0.054,1.5,0.13669108086946205,56.53731091647682
nag,50,0.9792021994065739,0.755369764818959,979.202199406574,1449,1447,2896,0.6767119553604519,1192,1.192,1.5,0.9320867982807794,1273.7581904199358
nag,50,1.0485258584442156,0.78848154211825,1048.5258584442156,1491,1489,2980,0.7041812346838251,1274,1.274,1.5,0.6104280603218347,966.3901748089352
nag,50,0.7227120526610631,0.5468866871533417,722.7120526610631,1089,1088,2177,0.6642574013428889,636,0.636,1.5,0.6098930158898832,395.27913902182064
nag,50,0.9795092439318077,0.7269504838335158,979.5092439318078,1478,1478,2956,0.6627261460972989,1293,1.293,1.5,0.7872817077385815,1544.138733283766
nag,50,1.6901581449951413,1.262857844178724,1690.1581449951414,2542,2541,5083,0.6651547205805357,3715,3.715,1.5,1.2424725340457876,3404.808457934283
nag,50,1.0175728138530418,0.7561861870182716,1017.5728138530417,1521,1518,3039,0.6703378220375769,1298,1.298,1.5,0.8881556969755917,1438.2701827723822
nag,50,0.7351612901254367,0.5525753488141715,735.1612901254367,1128,1128,2256,0.6517387323807063,705,0.705,1.5,0.5159338283815934,903.4167486823591
nag,50,1.71227718675083,1.314860466006337,1712.27718675083,2604,2602,5206,0.6580619472524327,3904,3.904,1.5,1.64599860687543,4101.343353176182
nag,50,0.9898536685350876,0.7321818350883055,989.8536685350876,1500,1499,2999,0.6603426741394848,1259,1.259,1.5,0.8420030969555075,1093.0421483745681
nag,50,1.4557414777688322,1.0854896922536748,1455.7414777688323,2202,2202,4404,0.6610996720112772,2879,2.879,1.5,1.2260122093551027,2866.4381883271785
nag,50,1.2144716180697102,0.9124966744674416,1214.47161806971,1884,1883,3767,0.6449663399201859,2025,2.025,1.5,0.9346914461844011,2459.6576869207374
nag,50,1.2617612448206352,0.9250491614981068,1261.7612448206353,1881,1880,3761,0.6711495983088486,2156,2.156,1.5,0.9222550014822509,2468.5422943345743
nag,50,1.2410664105574098,0.9121067105475048,1241.0664105574099,1841,1840,3681,0.6744926144333749,2098,2.098,1.5,0.9236372219754965,1749.8337767807218
nag,50,1.6601379359640842,1.2435466375012643,1660.1379359640841,2573,2573,5146,0.6452148993253339,3764,3.764,1.5,1.5401548286742013,4359.038461296517
nag,50,0.9846940697818637,0.73306321785423,984.6940697818637,1505,1504,3009,0.6547168017166647,1335,1.335,1.5,0.6441124495477694,1468.7788692417944
nag,50,1.0132249138417282,0.7404089616409398,1013.2249138417283,1499,1497,2996,0.6768369497940736,1267,1.267,1.5,0.6540133053496965,1067.8047262768296
nag,50,0.9990087132732725,0.7323611360848152,999.0087132732724,1496,1496,2992,0.6677865730436313,1399,1.399,1.5,0.7383227906969978,1169.5272128018466
nag,50,1.4807346231969019,1.0750290677265273,1480.7346231969018,2255,2252,4507,0.6575198149186953,2970,2.97,1.5,1.0256489586146451,2983.674682687019
nag,50,0.22005031212612267,0.17162817225931867,220.05031212612266,358,358,716,0.6146656763299516,34,0.034,1.5,0.1361916326263531,41.949958256266655
nag,50,1.2437373128293092,0.983232078380279,1243.7373128293093,1858,1856,3714,0.6701170866537227,2205,2.205,1.5,0.7662989571537429,2479.3409281584645
nag,50,1.2389551905144867,0.9356788689894079,1238.9551905144867,1807,1807,3614,0.6856420534114481,2014,2.014,1.5,0.9896085858560711,2062.2806035437525
bg,50,0.0009950744165189854,0.0009940842434245744,0.9950744165189853,29,29,58,0.03431291091444777,0,0.0,1.5,0.0011319367546040538,0.0
bg,50,0.0009299231403100414,0.0009290583832631573,0.9299231403100414,27,27,54,0.03444159778926079,0,0.0,1.5,0.0009094070572615656,0.0
bg,50,0.0006082142557846736,0.0006078443312037339,0.6082142557846737,24,24,48,0.025342260657694737,0,0.0,1.5,0.000515847134115207,0.0
bg,50,0.0009503915629198066,0.0009494883187969373,0.9503915629198065,21,21,42,0.04525674109141936,0,0.0,1.5,0.0009389924573562955,0.0
bg,50,0.0006425562158600684,0.000642143337369528,0.6425562158600684,28,28,56,0.022948436280716727,0,0.0,1.5,0.0007082417553290913,0.0
bg,50,0.0008806672485811156,0.0008798916737783921,0.8806672485811156,30,30,60,0.029355574952703852,0,0.0,1.5,0.000933739388071064,0.0
bg,50,0.001049149213986567,0.0010480484999133585,1.049149213986567,24,24,48,0.043714550582773626,0,0.0,1.5,0.001236648088139131,0.0
bg,50,0.0005976301581969098,0.0005972729963909233,0.5976301581969098,23,23,46,0.025983919921604773,0,0.0,1.5,0.0006078478597861902,0.0
bg,50,0.0006718419170356071,0.0006713905454741212,0.6718419170356071,21,21,42,0.03199247223979081,0,0.0,1.5,0.0005647289832336757,0.0
bg,50,0.0009055115458096852,0.0009046915946500907,0.9055115458096852,27,27,54,0.03353746465961797,0,0.0,1.5,0.0008712544859176865,0.0
bg,50,0.0010981130235805665,0.0010969071713680095,1.0981130235805665,35,35,70,0.03137465781658762,0,0.0,1.5,0.0010304922590262872,0.0
bg,50,0.0010522817410832097,0.0010511744442205928,1.0522817410832097,27,27,54,0.03897339781789665,0,0.0,1.5,0.0010898417975568641,0.0
bg,50,0.0009868982685925438,0.0009859243003999929,0.9868982685925438,32,32,64,0.030840570893516994,0,0.0,1.5,0.0008171657522234299,0.0
bg,50,0.0006974795804514073,0.0006969931026862606,0.6974795804514073,17,17,34,0.04102821061478867,0,0.0,1.5,0.0006660175287209905,0.0
bg,50,0.0011673800932691858,0.0011660173169870246,1.1673800932691858,33,33,66,0.03537515434149048,0,0.0,1.5,0.00112673634106527,0.0
bg,50,0.000903590822607157,0.0009027743462324569,0.903590822607157,26,26,52,0.03475349317719834,0,0.0,1.5,0.0009255555010918764,0.0
bg,50,0.0007030960150524663,0.0007026016710460836,0.7030960150524663,24,24,48,0.029295667293852762,0,0.0,1.5,0.0006137647290112848,0.0
bg,50,0.0006668293783509766,0.0006663847169311447,0.6668293783509766,23,23,46,0.028992581667433764,0,0.0,1.5,0.0005895774024300599,0.0
bg,50,0.0008084718200161061,0.0008078181933323461,0.8084718200161061,28,28,56,0.02887399357200379,0,0.0,1.5,0.0007450860141174416,0.0
bg,50,0.0008039831673804869,0.0008033367784470557,0.8039831673804869,29,29,58,0.027723557495878858,0,0.0,1.5,0.0008686834405892752,0.0
bg,50,0.0008428051985610381,0.0008420948779583163,0.8428051985610381,28,28,56,0.030100185662894217,0,0.0,1.5,0.0009077207283053899,0.0
bg,50,0.00048368842072993344,0.0004834544662415852,0.48368842072993345,20,20,40,0.02418442103649667,0,0.0,1.5,0.00044362455582277327,0.0
bg,50,0.000749569958247518,0.0007490081031252109,0.7495699582475179,20,20,40,0.0374784979123759,0,0.0,1.5,0.0006350028378612313,0.0
bg,50,0.0009199369365883782,0.0009190906526210786,0.9199369365883783,24,24,48,0.03833070569118243,0,0.0,1.5,0.0007819307012047426,0.0
bg,50,0.0005625573870831673,0.0005622409162694054,0.5625573870831673,19,19,38,0.029608283530693013,0,0.0,1.5,0.0004936230776320797,0.0
bg,50,0.0006931296891523075,0.0006926492603863231,0.6931296891523075,24,24,48,0.02888040371467948,0,0.0,1.5,0.0007547705465362463,0.0
bg,50,0.000981823233881336,0.000980859257018747,0.981823233881336,19,19,38,0.0516749070463861,0,0.0,1.5,0.0007803492796452698,0.0
bg,50,0.0006241647003047035,0.0006237751187315973,0.6241647003047035,23,23,46,0.02713759566542189,0,0.0,1.5,0.0007388816935696742,0.0
bg,50,0.0010999638868145816,0.001098753966262285,1.0999638868145816,28,28,56,0.0392844245290922,0,0.0,1.5,0.0012824566615119413,0.0
bg,50,0.000922785334945047,0.0009219338021706575,0.922785334945047,14,14,28,0.0659132382103605,0,0.0,1.5,0.0008105382789883478,0.0
bg,50,0.0006363948046041514,0.0006359898062568242,0.6363948046041514,24,24,48,0.026516450191839642,0,0.0,1.5,0.0006949538253026371,0.0
bg,50,0.0009375382756778718,0.0009366592976595107,0.9375382756778718,24,24,48,0.03906409481991133,0,0.0,1.5,0.0007995704535811993,0.0
bg,50,0.0005124161678279577,0.0005121535974989064,0.5124161678279577,16,16,32,0.03202601048924736,0,0.0,1.5,0.00047305921645726104,0.0
bg,50,0.000983183753164044,0.0009822171028715583,0.983183753164044,38,38,76,0.025873256662211686,0,0.0,1.5,0.001062985890389231,0.0
bg,50,0.001285272657067992,0.001283620731264985,1.285272657067992,31,31,62,0.04146040829251587,0,0.0,1.5,0.001465586505133712,0.0
bg,50,0.0012898762040698326,0.001288212423448007,1.2898762040698326,34,34,68,0.037937535413818606,0,0.0,1.5,0.0009245685025762616,0.0
bg,50,0.000787340057987052,0.0007867201536201409,0.787340057987052,20,20,40,0.0393670028993526,0,0.0,1.5,0.000754494972388495,0.0
bg,50,0.000977394016116455,0.000976438717053715,0.9773940161164552,32,32,64,0.030543563003639224,0,0.0,1.5,0.0010190815005563496,0.0
bg,50,0.0007682358851934481,0.0007676456988181491,0.7682358851934481,23,23,46,0.03340156022580209,0,0.0,1.5,0.0007194029841001758,0.0
bg,50,0.0007133963279046063,0.0007128873935839385,0.7133963279046063,27,27,54,0.02642208621868912,0,0.0,1.5,0.0006972232141973699,0.0
bg,50,0.0004083639660647478,0.0004081972049359677,0.4083639660647478,19,19,38,0.02149284031919725,0,0.0,1.5,0.0003794000562498549,0.0
bg,50,0.0012582169622273919,0.0012566338523033553,1.258216962227392,24,24,48,0.052425706759474666,0,0.0,1.5,0.0011804912606648969,0.0
bg,50,0.0008723291811453215,0.0008715682229450439,0.8723291811453215,32,32,64,0.027260286910791298,0,0.0,1.5,0.0007403474933445037,0.0
bg,50,0.0013593044356042707,0.001357456727055617,1.3593044356042707,36,36,72,0.03775845654456308,0,0.0,1.5,0.0009812245408747562,0.0
bg,50,0.0009544969882334726,0.0009535859237329257,0.9544969882334726,30,30,60,0.031816566274449086,0,0.0,1.5,0.0010849392772169129,0.0
bg,50,0.0011319407338717048,0.0011306594440467067,1.131940733871705,30,30,60,0.037731357795723494,0,0.0,1.5,0.0011410469707705706,0.0
bg,50,0.0008081390102552745,0.0008074859215953783,0.8081390102552746,21,21,42,0.038482810012155935,0,0.0,1.5,0.000901339328778921,0.0
bg,50,0.0014657213724036707,0.00146357303326215,1.4657213724036708,30,30,60,0.04885737908012236,0,0.0,1.5,0.00143375106206308,0.0
bg,50,0.0005822998771161103,0.0005819608039692208,0.5822998771161103,19,19,38,0.03064736195347949,0,0.0,1.5,0.0005814178692918522,0.0
bg,50,0.0009496753024793136,0.0009487734192991744,0.9496753024793136,24,24,48,0.0395698042699714,0,0.0,1.5,0.0010814638097646873,0.0
bg,50,0.0011041921222405425,0.0011029728819977242,1.1041921222405424,27,27,54,0.0408960045274275,0,0.0,1.5,0.0010268315269683814,0.0
bg,50,0.001043976828449857,0.001042886940831517,1.043976828449857,25,25,50,0.041759073137994276,0,0.0,1.5,0.0010749411278573242,0.0
bg,50,0.0007502015007423068,0.0007739676070179177,0.7502015007423068,24,24,48,0.03125839586426279,1,0.001,1.5,0.000735318930070129,0.6380843160698623
bg,50,0.0005500206151030795,0.0005497180924260411,0.5500206151030795,23,23,46,0.023913939787090416,0,0.0,1.5,0.0005909415265451624,0.0
bg,50,0.00043874666928167284,0.000438554170641867,0.43874666928167283,19,19,38,0.02309192996219331,0,0.0,1.5,0.0003927850019410245,0.0
bg,50,0.0006805581814199826,0.0006800950219816848,0.6805581814199826,24,24,48,0.028356590892499273,0,0.0,1.5,0.0006406814788655078,0.0
bg,50,0.0007151072145109438,0.0007145958361826982,0.7151072145109438,27,27,54,0.026485452389294215,0,0.0,1.5,0.0004998578174649353,0.0
bg,50,0.0008717808814974504,0.0008710208795921059,0.8717808814974504,22,22,44,0.03962640370442956,0,0.0,1.5,0.000888699102957908,0.0
bg,50,0.00061772964390292,0.0006173480539899635,0.6177296439029201,20,20,40,0.030886482195146003,0,0.0,1.5,0.0007491694129741201,0.0
bg,50,0.00046156431890872796,0.0004613512772882382,0.46156431890872796,21,21,42,0.021979253281368,0,0.0,1.5,0.0005108480752213976,0.0
bg,50,0.0008826876043167431,0.0008819084669099286,0.8826876043167431,21,21,42,0.04203274306270205,0,0.0,1.5,0.0009330347073394429,0.0
bg,50,0.0005626573290338577,0.0005623407457639421,0.5626573290338577,23,23,46,0.024463362131906856,0,0.0,1.5,0.00048622205045395955,0.0
bg,50,0.0010206869803987876,0.0010196451784868317,1.0206869803987875,29,29,58,0.03519610277237198,0,0.0,1.5,0.0009908192155245563,0.0
bg,50,0.0007361418077601065,0.0007355999029989742,0.7361418077601065,23,23,46,0.03200616555478724,0,0.0,1.5,0.000921704002036034,0.0
bg,50,0.0003352774069908469,0.0003351649960512084,0.33527740699084685,21,21,42,0.015965590809087944,0,0.0,1.5,0.00034932673601220405,0.0
bg,50,0.0006716788879541049,0.0006712277354255818,0.6716788879541049,23,23,46,0.02920342991104804,0,0.0,1.5,0.000538986636859467,0.0
bg,50,0.0007793935313069511,0.0007787860770303079,0.7793935313069511,21,21,42,0.03711397768128338,0,0.0,1.5,0.0006209534047690276,0.0
bg,50,0.0003931071819308176,0.00039295264867433193,0.3931071819308176,15,15,30,0.026207145462054507,0,0.0,1.5,0.0003899639935611845,0.0
bg,50,0.0007692598147509955,0.0007686680540884049,0.7692598147509955,28,28,56,0.02747356481253555,0,0.0,1.5,0.0006925458008658311,0.0
bg,50,0.000701909026704179,0.0007014163504224102,0.701909026704179,27,27,54,0.025996630618673296,0,0.0,1.5,0.0006244737828063234,0.0
bg,50,0.0011863200870852494,0.0011849127317362272,1.1863200870852495,34,34,68,0.03489176726721322,0,0.0,1.5,0.0010219075936334706,0.0
bg,50,0.0007968478732663744,0.0007962129067332453,0.7968478732663744,25,25,50,0.03187391493065497,0,0.0,1.5,0.0008893445026162633,0.0
bg,50,0.0011268213480418012,0.0011255516216913985,1.1268213480418012,37,37,74,0.03045463102815679,0,0.0,1.5,0.0010135723974738207,0.0
bg,50,0.0009436746493564954,0.0009427841275126572,0.9436746493564954,35,35,70,0.02696213283875701,0,0.0,1.5,0.0007699220386546199,0.0
bg,50,0.0009323814233348031,0.0009315120882162233,0.9323814233348031,19,19,38,0.04907270649130543,0,0.0,1.5,0.0008180839964782961,0.0
bg,50,0.0003628129629982908,0.00036268132975217116,0.3628129629982908,14,14,28,0.025915211642735057,0,0.0,1.5,0.00037521214744342014,0.0
bg,50,0.0005373859045950838,0.0005370971209846262,0.5373859045950837,21,21,42,0.02558980498071827,0,0.0,1.5,0.0004694214363482534,0.0
bg,50,0.0005971116712639528,0.0005967551289159931,0.5971116712639528,21,21,42,0.028433889107807277,0,0.0,1.5,0.0005171251639350812,0.0
bg,50,0.0013913656940458612,0.0013894297955512932,1.3913656940458612,33,33,66,0.04216259678926852,0,0.0,1.5,0.001471090449311072,0.0
bg,50,0.001071961405666997,0.0010708123044117577,1.0719614056669968,26,26,52,0.04122928483334603,0,0.0,1.5,0.0011028623533122556,0.0
bg,50,0.0007115624243288608,0.0007110561032451439,0.7115624243288607,25,25,50,0.02846249697315443,0,0.0,1.5,0.0008371457698833275,0.0
bg,50,0.0008812624139902354,0.0008804857905479235,0.8812624139902354,23,23,46,0.03831575713001024,0,0.0,1.5,0.0006446743764665722,0.0
bg,50,0.0011951718689148941,0.001193743433118648,1.195171868914894,41,41,82,0.029150533388168146,0,0.0,1.5,0.0011399700194480744,0.0
bg,50,0.0007178307101162992,0.0007173154291879131,0.7178307101162993,24,24,48,0.02990961292151247,0,0.0,1.5,0.0007072864122800546,0.0
bg,50,0.0006194838372170963,0.000619100076992523,0.6194838372170963,26,26,52,0.02382630143142678,0,0.0,1.5,0.0005424871684838884,0.0
bg,50,0.001120193591750443,0.001118938758067444,1.1201935917504429,33,33,66,0.03394526035607403,0,0.0,1.5,0.0008996298440632328,0.0
bg,50,0.0011071111982472086,0.0011058855030419241,1.1071111982472086,25,25,50,0.044284447929888344,0,0.0,1.5,0.0010440451316169094,0.0
bg,50,0.0007048080375104454,0.0007043112831407061,0.7048080375104454,30,30,60,0.02349360125034818,0,0.0,1.5,0.0006231287707783295,0.0
bg,50,0.0007418142315631204,0.0007412639432089707,0.7418142315631204,20,20,40,0.03709071157815602,0,0.0,1.5,0.0009624235344473502,0.0
bg,50,0.0007192317696191779,0.0007187144752807484,0.7192317696191779,27,27,54,0.02663821368959918,0,0.0,1.5,0.0007562567982391497,0.0
bg,50,0.0006803868869970557,0.0006799239606810581,0.6803868869970557,21,21,42,0.03239937557128837,0,0.0,1.5,0.0006908591689770382,0.0
bg,50,0.0007664803970838037,0.00076589290488469,0.7664803970838037,25,25,50,0.030659215883352145,0,0.0,1.5,0.0007627965754750968,0.0
bg,50,0.0008803779378848233,0.0009152529277993837,0.8803779378848233,25,25,50,0.035215117515392934,0,0.0,1.5,0.0008708419172029754,0.0
bg,50,0.0004685024506176205,0.0004682829560713859,0.4685024506176205,20,20,40,0.023425122530881026,0,0.0,1.5,0.0004478880139289726,0.0
bg,50,0.0005377956979334612,0.0005375064737207455,0.5377956979334613,20,20,40,0.026889784896673062,0,0.0,1.5,0.00047125725561589655,0.0
bg,50,0.00042432588723338683,0.0004241458347748104,0.4243258872333868,18,18,36,0.023573660401854823,0,0.0,1.5,0.0004917610910036207,0.0
bg,50,0.0006832525012508199,0.0006827856672703545,0.6832525012508199,24,24,48,0.028468854218784163,0,0.0,1.5,0.000611279417528491,0.0
bg,50,0.001388960691018931,0.001387031479217735,1.388960691018931,32,32,64,0.04340502159434159,0,0.0,1.5,0.0013784599336311013,0.0
bg,50,0.0009197446424079842,0.00098749334784826,0.9197446424079843,29,29,58,0.031715332496827044,0,0.0,1.5,0.0010737174639502748,0.0
bg,50,0.000773441941337019,0.0007728437289003998,0.773441941337019,26,26,52,0.029747766974500732,0,0.0,1.5,0.0008044662229797975,0.0
bg,50,0.000783564275969372,0.0007829503029947964,0.783564275969372,29,29,58,0.02701945779204731,0,0.0,1.5,0.0008549004042506846,0.0
bg,50,0.0008729613493817112,0.0008721992878641968,0.8729613493817112,27,27,54,0.032331901828952264,0,0.0,1.5,0.0009349704918560556,0.0
bg,50,0.0005720513598972322,0.0005717241171388719,0.5720513598972322,16,16,32,0.03575320999357701,0,0.0,1.5,0.0004185880290255487,0.0
bg,50,0.0009679728704572739,0.0009670358989793326,0.9679728704572739,27,27,54,0.03585084705397311,0,0.0,1.5,0.0009762908437597748,0.0
bg,50,0.0005884781685804157,0.00058813186202552,0.5884781685804157,25,25,50,0.023539126743216628,0,0.0,1.5,0.0004727101066526555,0.0
bg,50,0.0008863493411250047,0.0008855637259704921,0.8863493411250047,21,21,42,0.04220711148214308,0,0.0,1.5,0.0011476013018111566,0.0
bg,50,0.0009045062507439496,0.0009036881191863148,0.9045062507439496,18,18,36,0.05025034726355276,0,0.0,1.5,0.000981131966304309,0.0
bg,50,0.0005100018952820342,0.000509741793348843,0.5100018952820342,16,16,32,0.03187511845512714,0,0.0,1.5,0.0005284218912217184,0.0
bg,50,0.0003986498241818097,0.0003984909024994895,0.3986498241818097,20,20,40,0.019932491209090485,0,0.0,1.5,0.0004219022641649252,0.0
bg,50,0.0006615110694675082,0.00066107347257248,0.6615110694675082,20,20,40,0.03307555347337541,0,0.0,1.5,0.0007000830090874047,0.0
bg,50,0.0014483198426901243,0.0014462222123233946,1.4483198426901243,33,33,66,0.04388848008151892,0,0.0,1.5,0.0017717916511783439,0.0
bg,50,0.0006963332711871042,0.0006958483911625421,0.6963332711871042,22,22,44,0.03165151232668655,0,0.0,1.5,0.0007755115805437224,0.0
bg,50,0.0007189131605671477,0.0007183963244347111,0.7189131605671477,24,24,48,0.029954715023631156,0,0.0,1.5,0.0006329879092071443,0.0
bg,50,0.0014204948051153251,0.0014184769996239655,1.4204948051153252,38,38,76,0.03738144223987698,0,0.0,1.5,0.0013277233261462385,0.0
bg,50,0.0010131111212475544,0.0010120847271035591,1.0131111212475545,26,26,52,0.03896581235567517,0,0.0,1.5,0.00107294871035217,0.0
bg,50,0.0006301347189431823,0.0006297376491791647,0.6301347189431823,21,21,42,0.030006415187770585,0,0.0,1.5,0.000541675716464419,0.0
bg,50,0.00118657274469453,0.0011851647898160783,1.18657274469453,23,23,46,0.051590119334544784,0,0.0,1.5,0.0009055606756275356,0.0
bg,50,0.0005270949443389554,0.000552836781341965,0.5270949443389554,25,25,50,0.02108379777355822,0,0.0,1.5,0.0005441800670174894,0.0
bg,50,0.0011024409909736227,0.001101225614835044,1.1024409909736228,30,30,60,0.036748033032454094,0,0.0,1.5,0.0012574310108375893,0.0
bg,50,0.0007183913595920135,0.0007178752734464769,0.7183913595920135,19,19,38,0.037810071557474394,0,0.0,1.5,0.0008119872246782528,0.0
bg,50,0.0008960599797148188,0.0008952570562275721,0.8960599797148188,29,29,58,0.030898619990166163,0,0.0,1.5,0.0006516088709469497,0.0
bg,50,0.0009264876815818255,0.0009256293021577026,0.9264876815818255,25,25,50,0.03705950726327302,0,0.0,1.5,0.0010439063218251664,0.0
bg,50,0.0006087843232672582,0.0006084137049150024,0.6087843232672583,17,17,34,0.03581084254513284,0,0.0,1.5,0.0007995876766296614,0.0
bg,50,0.0009102986846991712,0.0009094700410038061,0.9102986846991712,23,23,46,0.03957820368257266,0,0.0,1.5,0.0007246403672290738,0.0
bg,50,0.0008275509492774997,0.0008268661087038497,0.8275509492774997,27,27,54,0.030650035158425917,0,0.0,1.5,0.0007089256973128623,0.0
bg,50,0.0007646033707232629,0.0007640187524087415,0.7646033707232629,27,27,54,0.028318643360120847,0,0.0,1.5,0.0007680333245603993,0.0
bg,50,0.0011450703555548145,0.0011437591694356442,1.1450703555548145,26,26,52,0.04404116752133902,0,0.0,1.5,0.0009767986906313829,0.0
bg,50,0.0006009922894259354,0.0006006310976939861,0.6009922894259354,23,23,46,0.02613009954025806,0,0.0,1.5,0.0007232109913463235,0.0
bg,50,0.0008843414184030464,0.0008835593586587432,0.8843414184030465,30,30,60,0.02947804728010155,0,0.0,1.5,0.0009965237717291684,0.0
bg,50,0.0009068390258417302,0.0009060166688229405,0.9068390258417303,25,25,50,0.03627356103366921,0,0.0,1.5,0.0009535931859173304,0.0
bg,50,0.0007843150464190529,0.0007836998963270135,0.7843150464190529,24,24,48,0.03267979360079387,0,0.0,1.5,0.0007951779110409781,0.0
bg,50,0.0006248296754895293,0.000624439263366157,0.6248296754895293,25,25,50,0.02499318701958117,0,0.0,1.5,0.0007724900646661915,0.0
bg,50,0.0007476853957006142,0.0007471263622496702,0.7476853957006142,21,21,42,0.03560406646193401,0,0.0,1.5,0.0008734286467255484,0.0
bg,50,0.000712480269604768,0.000711972641470192,0.7124802696047681,19,19,38,0.03749896155814569,0,0.0,1.5,0.0007516819832468895,0.0
bg,50,0.001047993347640279,0.0010468950575835806,1.0479933476402792,30,30,60,0.034933111588009304,0,0.0,1.5,0.0008623831536934481,0.0
bg,50,0.0010363715971755739,0.0010352975310881415,1.0363715971755738,27,27,54,0.038384133228724956,0,0.0,1.5,0.0011946023100960221,0.0
bg,50,0.0007689636106516246,0.0007683723056171182,0.7689636106516247,28,28,56,0.02746298609470088,0,0.0,1.5,0.0008409218255968693,0.0
bg,50,0.0011119117263173593,0.0011106753786302372,1.1119117263173592,23,23,46,0.04834398810075475,0,0.0,1.5,0.0007464437342291795,0.0
bg,50,0.0007154617602957671,0.0007149498747653216,0.7154617602957671,23,23,46,0.0311070330563377,0,0.0,1.5,0.0005692999431431738,0.0
bg,50,0.0008170760298647935,0.0008931112236818672,0.8170760298647934,25,25,50,0.032683041194591735,0,0.0,1.5,0.001145626032727203,0.0
bg,50,0.0006798602395086846,0.0006793980295634197,0.6798602395086846,20,20,40,0.03399301197543423,0,0.0,1.5,0.0005698787820901381,0.0
bg,50,0.0006608798706892571,0.000660443108485775,0.6608798706892571,25,25,50,0.026435194827570285,0,0.0,1.5,0.0007075996486505544,0.0
bg,50,0.0007910619926320353,0.0007904362135558484,0.7910619926320352,21,21,42,0.037669618696763586,0,0.0,1.5,0.0008464823060524224,0.0
bg,50,0.0010974474847709388,0.0010962430937891089,1.0974474847709388,21,21,42,0.05225940403671137,0,0.0,1.5,0.0008863625370275263,0.0
bg,50,0.0008301359373234672,0.000829446811649031,0.8301359373234671,27,27,54,0.03074577545642471,0,0.0,1.5,0.0007517498178979744,0.0
bg,50,0.000634963361756693,0.0006345601832859196,0.634963361756693,20,20,40,0.03174816808783465,0,0.0,1.5,0.00062275772330074,0.0
bg,50,0.0004985677779236824,0.0004983192080944986,0.49856777792368234,22,22,44,0.022662171723803744,0,0.0,1.5,0.0005300383076186133,0.0
bg,50,0.0006851261340640562,0.0006846567362444788,0.6851261340640562,24,24,48,0.02854692225266901,0,0.0,1.5,0.0005172635374979781,0.0
bg,50,0.001119052540362766,0.0011178002617746737,1.119052540362766,30,30,60,0.037301751345425536,0,0.0,1.5,0.0012741680429770117,0.0
bg,50,0.0007836274275886535,0.0007830133556433843,0.7836274275886534,31,31,62,0.025278304115763015,0,0.0,1.5,0.0009366786284063059,0.0
bg,50,0.0005524579904899838,0.0005521527806587276,0.5524579904899838,21,21,42,0.026307523356665894,0,0.0,1.5,0.0005103125475647781,0.0
bg,50,0.0005977185455342565,0.0005973612780745809,0.5977185455342564,26,26,52,0.02298917482824063,0,0.0,1.5,0.0003888708764713051,0.0
bg,50,0.0007299540470192021,0.0007294212141084424,0.7299540470192021,21,21,42,0.034759716524723906,0,0.0,1.5,0.0009159784948462325,0.0
bg,50,0.00047590352280670343,0.00047567703864368356,0.47590352280670345,20,20,40,0.023795176140335172,0,0.0,1.5,0.0006435308881653236,0.0
bg,50,0.0007474207366545791,0.0007468620988969978,0.7474207366545791,25,25,50,0.029896829466183165,0,0.0,1.5,0.0009053091911779133,0.0
bg,50,0.0005968933251569198,0.0005965370435153029,0.5968933251569197,21,21,42,0.028423491674139035,0,0.0,1.5,0.0004997811488479217,0.0
bg,50,0.0008506285117553781,0.000849904942890367,0.850628511755378,27,27,54,0.03150475969464363,0,0.0,1.5,0.0008875289143022244,0.0
bg,50,0.0009564124972188992,0.0009554977723540626,0.9564124972188992,28,28,56,0.03415758918638926,0,0.0,1.5,0.0007134406839859781,0.0
bg,50,0.0010661986772734053,0.0010650618976539858,1.0661986772734053,30,30,60,0.03553995590911351,0,0.0,1.5,0.0010222703044828496,0.0
bg,50,0.0008391520505690444,0.0008384478744050701,0.8391520505690444,22,22,44,0.038143275025865654,0,0.0,1.5,0.0008479568627747579,0.0
bg,50,0.0010145435484288329,0.0010135142498171748,1.0145435484288328,31,31,62,0.032727211239639765,0,0.0,1.5,0.0008661830162650398,0.0
bg,50,0.0006648221959564515,0.0006643802074042151,0.6648221959564515,23,23,46,0.028905312867671805,0,0.0,1.5,0.0007560410825802416,0.0
bg,50,0.0010879607764199405,0.0010867771177689124,1.0879607764199406,27,27,54,0.040294843571108914,0,0.0,1.5,0.0012705778320086295,0.0
bg,50,0.0009726387166012955,0.0009716926905282639,0.9726387166012955,32,32,64,0.030394959893790485,0,0.0,1.5,0.0008346470780468687,0.0
bg,50,0.00043657013415739245,0.00043637954067535424,0.43657013415739243,19,19,38,0.022977375481968022,0,0.0,1.5,0.0005105970188842732,0.0
bg,50,0.0008463337776147899,0.0008456174967516582,0.8463337776147899,20,20,40,0.04231668888073949,0,0.0,1.5,0.001088332437040675,0.0
bg,50,0.0007405184392769914,0.0007399700717180823,0.7405184392769915,24,24,48,0.030854934969874643,0,0.0,1.5,0.0007419357093157932,0.0
bg,50,0.0006844261323870616,0.0006839576932563674,0.6844261323870616,27,27,54,0.025349116014335617,0,0.0,1.5,0.0006338950650685067,0.0
bg,50,0.0008904572615756266,0.0008896643474409337,0.8904572615756265,28,28,56,0.03180204505627238,0,0.0,1.5,0.0009404223928358037,0.0
bg,50,0.0005954558648814405,0.0005951012971944188,0.5954558648814405,23,23,46,0.025889385429627848,0,0.0,1.5,0.0006681084619128093,0.0
bg,50,0.0008159897915456771,0.0008153239522057705,0.8159897915456771,28,28,56,0.029142492555202754,0,0.0,1.5,0.0005883414883230195,0.0
bg,50,0.0007697922701968167,0.0007691996900575619,0.7697922701968167,27,27,54,0.028510824822104323,0,0.0,1.5,0.0008168439168919264,0.0
bg,50,0.0008041783324794025,0.0008035316296889732,0.8041783324794025,29,29,58,0.02773028732687595,0,0.0,1.5,0.0007501443446966469,0.0
bg,50,0.0010808456352791765,0.0010796774079918742,1.0808456352791764,33,33,66,0.03275289803876292,0,0.0,1.5,0.0010801426830604687,0.0
bg,50,0.0008986847903350501,0.0008978771559826705,0.8986847903350501,27,27,54,0.033284621864261114,0,0.0,1.5,0.0009331990639832073,0.0
bg,50,0.0010495411124806253,0.0010484395759338381,1.0495411124806253,33,33,66,0.03180427613577652,0,0.0,1.5,0.0009620753409661399,0.0
bg,50,0.0008658038375517983,0.0008650542212666789,0.8658038375517982,23,23,46,0.03764364511094775,0,0.0,1.5,0.0009179180107933082,0.0
bg,50,0.0008959685682709803,0.0008951658085956508,0.8959685682709804,24,24,48,0.037332023677957515,0,0.0,1.5,0.0009409389581298822,0.0
bg,50,0.0006987990441839429,0.0006983107240797905,0.6987990441839429,19,19,38,0.036778897062312785,0,0.0,1.5,0.0007904887897671426,0.0
bg,50,0.0009797444940011744,0.0009787845947276488,0.9797444940011744,23,23,46,0.04259758669570323,0,0.0,1.5,0.001118937984853975,0.0
bg,50,0.000809890589398961,0.0008092346666321639,0.809890589398961,26,26,52,0.031149638053806192,0,0.0,1.5,0.0008070710464137164,0.0
bg,50,0.0008151494275270182,0.0008144849589378205,0.8151494275270181,25,25,50,0.03260597710108073,0,0.0,1.5,0.0005493588477994257,0.0
bg,50,0.0007877400827306227,0.0007871195482926823,0.7877400827306227,25,25,50,0.03150960330922491,0,0.0,1.5,0.0007348300347694848,0.0
bg,50,0.0006882283268369233,0.0006877546686070627,0.6882283268369234,22,22,44,0.0312831057653147,0,0.0,1.5,0.0006761177289599493,0.0
bg,50,0.0008391657741636891,0.0008384615749671612,0.8391657741636891,26,26,52,0.03227560669860342,0,0.0,1.5,0.0009898113789985165,0.0
bg,50,0.0008054042048016843,0.000804755528868572,0.8054042048016843,24,24,48,0.03355850853340351,0,0.0,1.5,0.0009636452334142197,0.0
bg,50,0.0010448603214663025,0.0010437685883749274,1.0448603214663024,26,26,52,0.04018693544101163,0,0.0,1.5,0.0007820566051348456,0.0
bg,50,0.000826493479849745,0.000825810388377511,0.826493479849745,23,23,46,0.03593449912390195,0,0.0,1.5,0.0007848614511615209,0.0
bg,50,0.0009090075321803823,0.0009081812374868216,0.9090075321803823,24,24,48,0.037875313840849266,0,0.0,1.5,0.0007297558090873705,0.0
bg,50,0.0006244013476786172,0.0006240114706356344,0.6244013476786172,20,20,40,0.03122006738393086,0,0.0,1.5,0.00030528484776592177,0.0
bg,50,0.0005400725035196015,0.0005397808252105435,0.5400725035196015,25,25,50,0.02160290014078406,0,0.0,1.5,0.0005491644201853297,0.0
bg,50,0.00044226154321084057,0.00044206594793823735,0.44226154321084055,21,21,42,0.021060073486230502,0,0.0,1.5,0.00047319462301333756,0.0
bg,50,0.0011684594451413551,0.0011670941476664152,1.1684594451413552,37,37,74,0.031579985003820414,0,0.0,1.5,0.0013475878577311469,0.0
bg,50,0.0005043910427585345,0.0005041366324345194,0.5043910427585345,21,21,42,0.024018621083739738,0,0.0,1.5,0.0005460500794323409,0.0
bg,50,0.00093273500979587,0.0009318650151973711,0.93273500979587,30,30,60,0.031091166993195665,0,0.0,1.5,0.0008262001660820371,0.0
bg,50,0.0011940430942944929,0.0011926173553834605,1.1940430942944928,30,30,60,0.03980143647648309,0,0.0,1.5,0.000959704400337291,0.0
bg,50,0.0005242167009648071,0.0005239418978152366,0.5242167009648071,21,21,42,0.024962700045943195,0,0.0,1.5,0.0004713270838628395,0.0
bg,50,0.0007768927546906355,0.0007762891923383445,0.7768927546906355,26,26,52,0.02988049056502444,0,0.0,1.5,0.000667289953259011,0.0
bg,50,0.0005563525459668979,0.0005560430178114942,0.5563525459668979,20,20,40,0.027817627298344895,0,0.0,1.5,0.0005787148730090811,0.0
bg,50,0.0008059882250982895,0.0008053386080792924,0.8059882250982895,22,22,44,0.03663582841355861,0,0.0,1.5,0.0006715245383718408,0.0
bg,50,0.00081429548673949,0.0008136324095997657,0.81429548673949,22,22,44,0.03701343121543137,0,0.0,1.5,0.0007994698745945142,0.0
bg,50,0.0009677855356606813,0.0009668489268176472,0.9677855356606813,27,27,54,0.03584390872817338,0,0.0,1.5,0.0009814527238901074,0.0
bg,50,0.0012584688776119926,0.0013435883179837458,1.2584688776119926,41,41,82,0.030694362868585186,0,0.0,1.5,0.0013948015466961209,0.0
bg,50,0.0007957893594246883,0.0007951560787201146,0.7957893594246883,21,21,42,0.037894731401175635,0,0.0,1.5,0.0008423734536099744,0.0
bg,50,0.0008938588351105938,0.0008930598514934885,0.8938588351105938,26,26,52,0.03437918596579207,0,0.0,1.5,0.0008631768842680315,0.0
bg,50,0.0008601104621713684,0.0008593706721642318,0.8601104621713684,27,27,54,0.031855943043384016,0,0.0,1.5,0.0008643468038733156,0.0
bg,50,0.0008524506215937819,0.0008517239495315264,0.8524506215937819,26,26,52,0.03278656236899161,0,0.0,1.5,0.000672662320469674,0.0
bg,50,0.0008791782919317442,0.0008784053374627402,0.8791782919317441,29,29,58,0.030316492825232556,0,0.0,1.5,0.0009031537113718411,0.0
bg,50,0.0006083133928673554,0.0006079433476834136,0.6083133928673554,21,21,42,0.02896730442225502,0,0.0,1.5,0.0005713956987427431,0.0
bg,50,0.0013163549082478383,0.0013146221180033704,1.3163549082478383,36,36,72,0.03656541411799551,0,0.0,1.5,0.0012587872198613354,0.0
bg,50,0.0007149517373923686,0.0007144405814055683,0.7149517373923686,23,22,45,0.03249780624510767,0,0.0,1.5,0.0007617689310142994,0.0
bg,50,0.0009087635265073217,0.0009079376753602116,0.9087635265073217,30,30,60,0.03029211755024406,0,0.0,1.5,0.0008968507863260054,0.0
bg,50,0.0007013565173670742,0.0007008646164026208,0.7013565173670742,26,26,52,0.02697525066796439,0,0.0,1.5,0.0007285966024094459,0.0
bg,50,0.0012236385392470764,0.001222141247972346,1.2236385392470766,29,29,58,0.04219443238783022,0,0.0,1.5,0.001414827226338349,0.0
bg,50,0.000782098715171287,0.0007814870367710143,0.782098715171287,19,19,38,0.041163090272173,0,0.0,1.5,0.0005736199919443197,0.0
bg,50,0.0009625858291532525,0.0009616592576747658,0.9625858291532525,25,25,50,0.0385034331661301,0,0.0,1.5,0.0011303824942009264,0.0
bg,50,0.001069539971689334,0.0010683960559382927,1.0695399716893341,32,32,64,0.03342312411529169,0,0.0,1.5,0.001238394817833548,0.0
bg,50,0.0004613805696051756,0.0004611676975751664,0.4613805696051756,18,18,36,0.0256322538669542,0,0.0,1.5,0.0004488413725225658,0.0
bg,50,0.0008385497132381943,0.0008378465476166224,0.8385497132381943,23,23,46,0.036458683184269314,0,0.0,1.5,0.0007368920090363689,0.0
bg,50,0.0007811262682689489,0.000780516110021969,0.7811262682689488,24,24,48,0.03254692784453953,0,0.0,1.5,0.0008681151087808652,0.0
bg,50,0.0007262618710588491,0.0007257344147534951,0.7262618710588491,25,25,50,0.029050474842353964,0,0.0,1.5,0.0007688066882036862,0.0
bg,50,0.0010563587958337557,0.0010552429019282205,1.0563587958337557,35,35,70,0.030181679880964447,0,0.0,1.5,0.0009231441338829193,0.0
bg,50,0.0008975958852437849,0.0008967902068705784,0.8975958852437849,29,29,58,0.030951582249785684,0,0.0,1.5,0.0006876084887528907,0.0
bg,50,0.0009456178486251972,0.0009447236555095585,0.9456178486251972,28,28,56,0.03377206602232847,0,0.0,1.5,0.001053331456419599,0.0
bg,50,0.0008201885471949951,0.0008195158379420451,0.820188547194995,28,28,56,0.029292448114106966,0,0.0,1.5,0.0007265930027609878,0.0
bg,50,0.0010823920521162585,0.0010812204795617743,1.0823920521162584,30,30,60,0.03607973507054195,0,0.0,1.5,0.0008276030855264507,0.0
bg,50,0.0006977617186334601,0.0006972748472174699,0.6977617186334601,29,29,58,0.02406074891839518,0,0.0,1.5,0.0008681690028504121,0.0
bg,50,0.0004061272860683136,0.0004059623466958245,0.4061272860683136,17,17,34,0.023889840356959624,0,0.0,1.5,0.0004056303640211878,0.0
bg,50,0.0007292048435009483,0.0007286731037971632,0.7292048435009484,24,24,48,0.030383535145872848,0,0.0,1.5,0.0006033088891878968,0.0
bg,50,0.0009320985259076045,0.0009312297182456056,0.9320985259076044,28,28,56,0.03328923306812873,0,0.0,1.5,0.0009676626278490085,0.0
bg,50,0.000791246360877679,0.0007906202900740769,0.791246360877679,24,24,48,0.03296859836990329,0,0.0,1.5,0.0007367271873267787,0.0
bg,50,0.00028343408232800015,0.0002833537474489751,0.28343408232800016,11,11,22,0.025766734757090924,0,0.0,1.5,0.00036049698377561324,0.0
bg,50,0.000920612076126865,0.0009197645495321545,0.920612076126865,24,24,48,0.03835883650528604,0,0.0,1.5,0.0010504090201075562,0.0
bg,50,0.0012995129218273513,0.001297824187993355,1.2995129218273513,32,32,64,0.04060977880710473,0,0.0,1.5,0.001140828277295571,0.0
bg,50,0.0008638823911056832,0.0008631360983200207,0.8638823911056832,34,34,68,0.025408305620755387,0,0.0,1.5,0.0008336081428880346,0.0
bg,50,0.0007888299227504838,0.0007882076701034572,0.7888299227504838,29,29,58,0.0272010318189822,0,0.0,1.5,0.0007231387244105344,0.0
bg,50,0.0008019715670124263,0.0008013284086181299,0.8019715670124263,29,29,58,0.027654191965945735,0,0.0,1.5,0.0007231925521435453,0.0
bg,50,0.0008470091052524822,0.0008462916808281016,0.8470091052524822,24,24,48,0.035292046052186755,0,0.0,1.5,0.0008871799263150295,0.0
bg,50,0.0007055027677210148,0.0007050050335657528,0.7055027677210148,26,26,52,0.027134721835423647,0,0.0,1.5,0.0006440768155448797,0.0
bg,50,0.0006621750686281373,0.0006617365928066248,0.6621750686281374,29,29,58,0.022833623056142668,0,0.0,1.5,0.0006916854909271858,0.0
bg,50,0.0006914649491662744,0.0006909868253903488,0.6914649491662743,24,24,48,0.028811039548594763,0,0.0,1.5,0.0007838404302974351,0.0
bg,50,0.001418324808349066,0.0014163131630870874,1.418324808349066,23,23,46,0.061666296015176786,0,0.0,1.5,0.001458968605829952,0.0
bg,50,0.0012032689430259546,0.0012018210868767036,1.2032689430259547,34,34,68,0.03539026303017514,0,0.0,1.5,0.0014516811715099254,0.0
bg,50,0.00040192541157433226,0.0004017638675378631,0.40192541157433226,17,17,34,0.023642671269078368,0,0.0,1.5,0.0004371240838499308,0.0
bg,50,0.000607979495426207,0.0006076098563593483,0.607979495426207,21,21,42,0.028951404544105094,0,0.0,1.5,0.0006349494492349586,0.0
bg,50,0.0005948064855184186,0.0005944526907632038,0.5948064855184185,29,29,58,0.020510568466152363,0,0.0,1.5,0.0005755276025664848,0.0
bg,50,0.0009054954725257999,0.0009046755504750354,0.9054954725258,25,25,50,0.036219818901032,0,0.0,1.5,0.0008323823109283013,0.0
bg,50,0.0003643736169546514,0.00036424084882191884,0.3643736169546514,14,14,28,0.026026686925332245,0,0.0,1.5,0.00038193644905565164,0.0
bg,50,0.0009019319573152699,0.0009011184760596433,0.90193195731527,20,20,40,0.0450965978657635,0,0.0,1.5,0.0009824612696140275,0.0
bg,50,0.0007981432141273714,0.0007975061815371136,0.7981432141273714,23,23,46,0.03470187887510311,0,0.0,1.5,0.0008005887725189366,0.0
bg,50,0.0006992795053133421,0.0006987905134867908,0.699279505313342,23,23,46,0.030403456752754,0,0.0,1.5,0.0008438955083046296,0.0
bg,50,0.0005540525455577665,0.0005537455713345276,0.5540525455577665,18,18,36,0.03078069697543147,0,0.0,1.5,0.0003932859387408836,0.0
bg,50,0.0012385752009126858,0.0012370411323843697,1.2385752009126858,30,30,60,0.04128584003042286,0,0.0,1.5,0.0010301060781580254,0.0
bg,50,0.0012735241832916681,0.0012719023194462395,1.2735241832916682,29,29,58,0.04391462701005752,0,0.0,1.5,0.0010524320298835165,0.0
bg,50,0.000668009541676799,0.0006675633049290277,0.668009541676799,28,28,56,0.023857483631314253,0,0.0,1.5,0.0006827365917492172,0.0
bg,50,0.0010205389954278416,0.0010194974955866527,1.0205389954278417,29,29,58,0.035190999842339366,0,0.0,1.5,0.0012124403860888442,0.0
bg,50,0.0007547201561087888,0.0007541505535947519,0.7547201561087888,27,27,54,0.027952598374399586,0,0.0,1.5,0.0007284933832364932,0.0
bg,50,0.0008550887708704807,0.000854357594064412,0.8550887708704806,35,35,70,0.02443110773915659,0,0.0,1.5,0.0008144959725768555,0.0
bg,50,0.0006830403814914234,0.0006825738373286754,0.6830403814914234,16,16,32,0.042690023843213964,0,0.0,1.5,0.0008572223318887003,0.0
bg,50,0.0007868945943362959,0.0007862753912337002,0.7868945943362959,29,29,58,0.027134296356423997,0,0.0,1.5,0.0006392589969022073,0.0
bg,50,0.0011328205298461427,0.0011315372474933016,1.1328205298461427,31,31,62,0.03654259773697235,0,0.0,1.5,0.0010412587477212536,0.0
bg,50,0.000621481920832629,0.0006210956810547071,0.621481920832629,24,24,48,0.025895080034692874,0,0.0,1.5,0.0004952580257363801,0.0
bg,50,0.0004777041949619747,0.00047747599366409045,0.4777041949619747,19,19,38,0.025142326050630246,0,0.0,1.5,0.00044700742584859746,0.0
bg,50,0.0007222789292340792,0.0007217572423824638,0.7222789292340792,19,19,38,0.03801468048600417,0,0.0,1.5,0.0007825162834475718,0.0
bg,50,0.0009156865052439045,0.0009148480234680188,0.9156865052439045,24,24,48,0.03815360438516269,0,0.0,1.5,0.0008602443627509592,0.0
bg,50,0.0008061707990879534,0.0008055208877306512,0.8061707990879534,21,21,42,0.038389085670854924,0,0.0,1.5,0.0012050770930813086,0.0
bg,50,0.0008165453884003284,0.0008158786420290106,0.8165453884003284,24,24,48,0.03402272451668035,0,0.0,1.5,0.0006610939543964256,0.0
bg,50,0.0008215922506043736,0.0008209172367781204,0.8215922506043736,20,20,40,0.041079612530218676,0,0.0,1.5,0.0007205037951966362,0.0
bg,50,0.0011302615712731896,0.0011289840800536928,1.1302615712731896,30,30,60,0.03767538570910632,0,0.0,1.5,0.0011013702730447918,0.0
bg,50,0.0007122776713614627,0.0007117703318803425,0.7122776713614627,25,25,50,0.028491106854458506,0,0.0,1.5,0.0007912107410630434,0.0
bg,50,0.0006361256431127807,0.0006357209872789552,0.6361256431127806,24,24,48,0.026505235129699194,0,0.0,1.5,0.0005888548243033732,0.0
bg,50,0.0007400662401101669,0.000739518542070416,0.740066240110167,16,16,32,0.046254140006885436,0,0.0,1.5,0.0007622412548640866,0.0
bg,50,0.0009413701875446492,0.0009404840097146511,0.9413701875446492,28,28,56,0.03362036384088033,0,0.0,1.5,0.0008230510700334853,0.0
bg,50,0.0007903396065632932,0.0007897149698695907,0.7903396065632933,31,31,62,0.02549482601817075,0,0.0,1.5,0.0007272572907654313,0.0
bg,50,0.0005817512701159906,0.000581412835575709,0.5817512701159906,23,23,46,0.02529353348330394,0,0.0,1.5,0.0006229986096480353,0.0
bg,50,0.0008355130792521131,0.0008348149971465118,0.835513079252113,27,27,54,0.030944928861189373,0,0.0,1.5,0.0008972200168440216,0.0
bg,50,0.0007268678884279156,0.0007263395515006879,0.7268678884279156,26,26,52,0.027956457247227524,0,0.0,1.5,0.0005455477706936704,0.0
bg,50,0.001128625680053581,0.0011273518841279047,1.128625680053581,33,33,66,0.034200778183441846,0,0.0,1.5,0.0011589843090398897,0.0
bg,50,0.0005418887204809266,0.0005415950770955423,0.5418887204809266,17,17,34,0.03187580708711333,0,0.0,1.5,0.000484372302616399,0.0
bg,50,0.0004790105316174706,0.00047878108052807017,0.47901053161747065,22,22,44,0.0217732059826123,0,0.0,1.5,0.0005096858787203643,0.0
bg,50,0.000431527246528649,0.00043449678808423945,0.43152724652864904,26,26,52,0.016597201789563424,0,0.0,1.5,0.0003644269611453989,0.0
bg,50,0.000988123665240332,0.000987147276862524,0.988123665240332,27,27,54,0.03659717278667896,0,0.0,1.5,0.0008541772922700169,0.0
bg,50,0.000822176819748833,0.0008215008450259008,0.822176819748833,24,24,48,0.03425736748953471,0,0.0,1.5,0.0006725925861188398,0.0
bg,50,0.0006002080373594794,0.0005998477876713685,0.6002080373594794,23,23,46,0.02609600162432519,0,0.0,1.5,0.0006471021084382869,0.0
bg,50,0.0007296754372180985,0.000729143010974419,0.7296754372180985,26,26,52,0.028064439893003786,0,0.0,1.5,0.0008420188380993297,0.0
bg,50,0.0007959090767676163,0.0007952756055091351,0.7959090767676162,23,23,46,0.03460474246815723,0,0.0,1.5,0.0008267887259776957,0.0
bg,50,0.0010871627246448945,0.0010859808018550373,1.0871627246448945,29,29,58,0.03748836981534119,0,0.0,1.5,0.0012297240542675368,0.0
bg,50,0.0008371914012779272,0.0008364905118355535,0.8371914012779271,23,23,46,0.03639962614251857,0,0.0,1.5,0.0009226454174356936,0.0
bg,50,0.000726613123204011,0.0007260851565731988,0.726613123204011,22,22,44,0.03302786923654595,0,0.0,1.5,0.0008769836132317897,0.0
bg,50,0.0007979817509650005,0.0007973449760901273,0.7979817509650005,26,26,52,0.03069160580634617,0,0.0,1.5,0.0006297973208006001,0.0
bg,50,0.0009461612988498811,0.0009452660776464398,0.9461612988498811,30,30,60,0.031538709961662706,0,0.0,1.5,0.0009259601684995201,0.0
bg,50,0.0006976260327862747,0.0006971393507046536,0.6976260327862747,24,24,48,0.02906775136609478,0,0.0,1.5,0.0007459118763147153,0.0
bg,50,0.0006404735181698342,0.0006400633118423573,0.6404735181698342,16,16,32,0.04002959488561464,0,0.0,1.5,0.0006032731892514064,0.0
bg,50,0.0006285599991883872,0.0006281649115158073,0.6285599991883872,25,25,50,0.02514239996753549,0,0.0,1.5,0.0005506519964320036,0.0
bg,50,0.0005875654040954821,0.0005872201709913922,0.5875654040954821,19,19,38,0.030924494952393793,0,0.0,1.5,0.0006625355391034368,0.0
bg,50,0.0010221610331328037,0.0010211162199551486,1.0221610331328037,39,39,78,0.02620925725981548,0,0.0,1.5,0.0010133027606722728,0.0
bg,50,0.0005638775058789207,0.0005635595480372844,0.5638775058789207,17,17,34,0.033169265051701216,0,0.0,1.5,0.0005145612383773226,0.0
bg,50,0.0009025736870115893,0.0009017590477511034,0.9025736870115892,26,26,52,0.03471437257736882,0,0.0,1.5,0.000885220289986237,0.0
bg,50,0.0010018066619818437,0.0010008030453938527,1.0018066619818438,24,24,48,0.04174194424924349,0,0.0,1.5,0.0010528846361125335,0.0
bg,50,0.0010428994481831175,0.0010418118089240969,1.0428994481831175,31,31,62,0.033641917683326375,0,0.0,1.5,0.0009375487872481322,0.0
bg,50,0.0011879124618524078,0.0011865013258353834,1.1879124618524077,31,31,62,0.038319756833948636,0,0.0,1.5,0.0012315838915523064,0.0
bg,50,0.0007992739862676359,0.0007986351473625117,0.7992739862676359,17,17,34,0.047016116839272704,0,0.0,1.5,0.0006890997671156807,0.0
bg,50,0.0005212175563386588,0.0005209458885976233,0.5212175563386587,21,21,42,0.024819883635174227,0,0.0,1.5,0.0005887981131782524,0.0
bg,50,0.0011445195742282835,0.0011432096491724914,1.1445195742282834,26,26,52,0.044019983624164746,0,0.0,1.5,0.0010920080716820615,0.0
bg,50,0.0008736142324989249,0.0008728510306717002,0.8736142324989249,28,28,56,0.03120050830353303,0,0.0,1.5,0.0007299261307241495,0.0
bg,50,0.0010937320771569326,0.0010925358273003302,1.0937320771569325,30,30,60,0.03645773590523108,0,0.0,1.5,0.0011462865383308099,0.0
bg,50,0.0008491288602760534,0.0008484078404546996,0.8491288602760534,38,38,76,0.022345496323054038,0,0.0,1.5,0.0009881845686576303,0.0
bg,50,0.0010605670687776438,0.0010594422662702683,1.0605670687776438,24,24,48,0.04419029453240183,0,0.0,1.5,0.0011494670785553484,0.0
bg,50,0.0007965628187192415,0.0007959283063950755,0.7965628187192415,21,21,42,0.03793156279615436,0,0.0,1.5,0.0007378988671324524,0.0
bg,50,0.0008041159908484871,0.0008034693883217488,0.8041159908484872,24,24,48,0.0335048329520203,0,0.0,1.5,0.0007254017604826051,0.0
bg,50,0.0009119102305350019,0.0009110786502664475,0.911910230535002,25,25,50,0.03647640922140008,0,0.0,1.5,0.0007986004069785249,0.0
bg,50,0.0010902007487986407,0.0010890122111259597,1.0902007487986407,30,30,60,0.03634002495995469,0,0.0,1.5,0.0009079435086238266,0.0
bg,50,0.0006169282148637407,0.0006165476144414459,0.6169282148637407,21,21,42,0.02937753404113051,0,0.0,1.5,0.0006313334755258458,0.0
bg,50,0.0009694370394125826,0.0009684972312391976,0.9694370394125826,26,26,52,0.03728603997740702,0,0.0,1.5,0.001094344152582503,0.0
bg,50,0.0009301845136073101,0.0009293192703779553,0.9301845136073101,30,30,60,0.031006150453577005,0,0.0,1.5,0.0010957387023535327,0.0
bg,50,0.0007379408141654125,0.0007373962575202013,0.7379408141654125,27,27,54,0.027331141265385647,0,0.0,1.5,0.0008728498793728641,0.0
bg,50,0.0007939143513072473,0.0007932840513100357,0.7939143513072473,27,27,54,0.029404235233601753,0,0.0,1.5,0.0006646790716099728,0.0
bg,50,0.0008476425462466772,0.0009036558044017144,0.8476425462466772,26,26,52,0.03260163639410297,0,0.0,1.5,0.0010368121098232235,0.0
bg,50,0.0012514022815875224,0.0012498362739171603,1.2514022815875223,34,34,68,0.03680594945845654,0,0.0,1.5,0.001146913434630346,0.0
bg,50,0.000842311383790907,0.0008416018953236434,0.8423113837909071,24,24,48,0.03509630765795446,0,0.0,1.5,0.0007881835989783153,0.0
bg,50,0.0012761882508391586,0.0012745595943875784,1.2761882508391587,24,24,48,0.05317451045163161,0,0.0,1.5,0.0015703360518804035,0.0
bg,50,0.0006865615298365526,0.0006860901631023011,0.6865615298365526,21,21,42,0.03269340618269298,0,0.0,1.5,0.0008621324242673817,0.0
bg,50,0.001087715402118402,0.0010865322773223962,1.087715402118402,29,29,58,0.03750742765925524,0,0.0,1.5,0.0012700440851860415,0.0
bg,50,0.0011518510016094812,0.0011505242408795726,1.1518510016094812,36,36,72,0.03199586115581892,0,0.0,1.5,0.0012246536836344431,0.0
bg,50,0.0001410208887947988,0.0001410010019037223,0.1410208887947988,11,11,22,0.012820080799527163,0,0.0,1.5,0.00010074695904251964,0.0
bg,50,0.0008232286771687853,0.0008225509717138724,0.8232286771687853,29,29,58,0.028387195764440872,0,0.0,1.5,0.00099444799881691,0.0
bg,50,0.000746717820009744,0.0007461602325070239,0.746717820009744,33,33,66,0.022627812727568,0,0.0,1.5,0.0006737248497252566,0.0
bg,50,0.00084863564312122,0.0008479154606664443,0.8486356431212201,27,27,54,0.03143094974523037,0,0.0,1.5,0.0008914299347002972,0.0
bg,50,0.0007301634175818705,0.0007296302789654957,0.7301634175818705,25,25,50,0.029206536703274822,0,0.0,1.5,0.0008182280640202719,0.0
bg,50,0.00079172916226279,0.0007911023271964126,0.79172916226279,23,23,46,0.03442300705490391,0,0.0,1.5,0.000649806132693612,0.0
bg,50,0.0007552538687698345,0.0007546834603635428,0.7552538687698345,23,23,46,0.032837124729123236,0,0.0,1.5,0.0006553147072607568,0.0
bg,50,0.0003574616679555973,0.0003573338891115398,0.3574616679555973,19,19,38,0.018813771997663015,0,0.0,1.5,0.00040867434618384633,0.0
bg,50,0.0007724652609745144,0.0007718685583951021,0.7724652609745144,24,24,48,0.03218605254060477,0,0.0,1.5,0.0007084855097786864,0.0
bg,50,0.0006386701868414981,0.0006382622872339379,0.6386701868414981,24,24,48,0.02661125778506242,0,0.0,1.5,0.0004807019643515586,0.0
bg,50,0.0006641784844959328,0.0006637373514366654,0.6641784844959329,19,19,38,0.034956762341891205,0,0.0,1.5,0.0004462466264076429,0.0
bg,50,0.0010921929771530508,0.0010910000916537085,1.0921929771530507,29,29,58,0.03766182679838106,0,0.0,1.5,0.0012234814525291084,0.0
bg,50,0.0007344581653070321,0.000733918736510446,0.7344581653070321,24,24,48,0.030602423554459673,0,0.0,1.5,0.00087823260585067,0.0
bg,50,0.0008978698375674696,0.0008970636673222563,0.8978698375674696,25,25,50,0.035914793502698786,0,0.0,1.5,0.0007781638207047485,0.0
bg,50,0.0004961576075877616,0.0004959114352161944,0.4961576075877616,16,16,32,0.0310098504742351,0,0.0,1.5,0.0005145021606158327,0.0
bg,50,0.0008252898056086409,0.0008246087023453992,0.8252898056086408,26,26,52,0.03174191560033234,0,0.0,1.5,0.0009779366233202112,0.0
bg,50,0.0006146052227678282,0.0006142274831879747,0.6146052227678283,21,21,42,0.029266915369896583,0,0.0,1.5,0.0005112293772864811,0.0
bg,50,0.000820937677097497,0.0008202637384278188,0.820937677097497,26,26,52,0.03157452604221142,0,0.0,1.5,0.0006925251152684931,0.0
bg,50,0.0007859125571416463,0.0007852948985941733,0.7859125571416463,27,27,54,0.02910787248672764,0,0.0,1.5,0.0007603110204179349,0.0
bg,50,0.0012836874250887896,0.0012820395716834584,1.2836874250887895,36,36,72,0.03565798403024415,0,0.0,1.5,0.0013476030028620675,0.0
bg,50,0.0007631227651500439,0.0007625404087953537,0.7631227651500438,22,22,44,0.034687398415911085,0,0.0,1.5,0.0007245352144077204,0.0
bg,50,0.0012413939890314723,0.0012398529299954687,1.2413939890314722,31,31,62,0.04004496738811201,0,0.0,1.5,0.0014051198638384205,0.0
bg,50,0.001100986215212334,0.0010997740445662463,1.100986215212334,29,29,58,0.037965041903873585,0,0.0,1.5,0.0011968332070080485,0.0
bg,50,0.0009766628032050946,0.0009757089329739301,0.9766628032050946,27,27,54,0.0361726964150035,0,0.0,1.5,0.000876573341725066,0.0
bg,50,0.001552763001602509,0.0015503519286633632,1.552763001602509,32,32,64,0.0485238438000784,0,0.0,1.5,0.0015753774539486478,0.0
bg,50,0.0008393011096198953,0.0008385966832672859,0.8393011096198952,30,30,60,0.02797670365399651,0,0.0,1.5,0.0007817029383784903,0.0
bg,50,0.0006490921855193967,0.0006486708648540943,0.6490921855193967,20,20,40,0.03245460927596984,0,0.0,1.5,0.0006353260818806068,0.0
bg,50,0.0010395352256485943,0.00103845459216323,1.0395352256485944,31,31,62,0.03353339437576111,0,0.0,1.5,0.0009335351950544267,0.0
bg,50,0.0009230695684194306,0.0009222175109912885,0.9230695684194306,34,34,68,0.027149104953512665,0,0.0,1.5,0.0008961588831488921,0.0
bg,50,0.0009587084801335468,0.0009577893581836668,0.9587084801335468,25,25,50,0.03834833920534187,0,0.0,1.5,0.0009652179762609189,0.0
bg,50,0.0006819381877484477,0.000681473148056538,0.6819381877484477,23,23,46,0.02964948642384555,0,0.0,1.5,0.0007184441677577336,0.0
bg,50,0.0009883017203600097,0.000987324980069543,0.9883017203600097,26,26,52,0.038011604629231144,0,0.0,1.5,0.0009556452746228509,0.0
bg,50,0.000441642231601854,0.0004414471837411198,0.441642231601854,21,21,42,0.021030582457231144,0,0.0,1.5,0.0004494001019350725,0.0
bg,50,0.001117560027356447,0.0011163110869417024,1.117560027356447,28,28,56,0.03991285811987311,0,0.0,1.5,0.0012993107094481867,0.0
bg,50,0.000439366548702111,0.00043917350573799256,0.439366548702111,17,17,34,0.025845091100124177,0,0.0,1.5,0.00037610046222106403,0.0
bg,50,0.000762357106155946,0.0007617759177986397,0.762357106155946,26,26,52,0.029321427159844076,0,0.0,1.5,0.000896968002884117,0.0
bg,50,0.0008483616621310048,0.0008476419446212312,0.8483616621310048,18,18,36,0.04713120345172249,0,0.0,1.5,0.0009869652447057169,0.0
bg,50,0.000649662023968844,0.0006492399632234566,0.649662023968844,21,21,42,0.030936286855659238,0,0.0,1.5,0.0006864023593700401,0.0
bg,50,0.0009993604151821741,0.000998361693942741,0.9993604151821742,26,26,52,0.03843693904546824,0,0.0,1.5,0.0008823705040848416,0.0
bg,50,0.0005343180316863467,0.0005340325359273614,0.5343180316863467,19,19,38,0.02812200166770246,0,0.0,1.5,0.000528724267325003,0.0
bg,50,0.00028568399404888114,0.0002856023787044254,0.2856839940488811,14,14,28,0.02040599957492008,0,0.0,1.5,0.0003455904302528834,0.0
bg,50,0.0010628711317967224,0.0010617414367539155,1.0628711317967223,31,31,62,0.034286165541829755,0,0.0,1.5,0.0010765698935239476,0.0
bg,50,0.0008662390568385519,0.0008654886867349592,0.8662390568385518,27,27,54,0.03208292803105747,0,0.0,1.5,0.000991992162217624,0.0
bg,50,0.0007718716713375891,0.0007712758854605755,0.771871671337589,20,20,40,0.038593583566879454,0,0.0,1.5,0.0009153883913080364,0.0
bg,50,0.0008179031661054097,0.0008172342005162846,0.8179031661054097,23,23,46,0.03556100722197433,0,0.0,1.5,0.0007521834605246208,0.0
bg,50,0.0008636427678090719,0.0008628968889786831,0.8636427678090719,27,27,54,0.03198676917811377,0,0.0,1.5,0.0009565169649976091,0.0
bg,50,0.0008313320388633584,0.0008306409259045179,0.8313320388633585,24,24,48,0.03463883495263994,0,0.0,1.5,0.0006990613866335046,0.0
bg,50,0.0006134861545192969,0.00061310978925751,0.6134861545192969,21,21,42,0.029213626405680804,0,0.0,1.5,0.0009001024613824868,0.0
bg,50,0.0006383713117777639,0.0006379637938460631,0.6383713117777639,18,18,36,0.035465072876542436,0,0.0,1.5,0.0004470055352236713,0.0
bg,50,0.0009424147623998422,0.000941526616815453,0.9424147623998422,24,24,48,0.03926728176666009,0,0.0,1.5,0.001062615359633252,0.0
bg,50,0.0005795531750939489,0.0005792172932111875,0.5795531750939489,25,25,50,0.023182127003757956,0,0.0,1.5,0.0005622298790362699,0.0
bg,50,0.0007629624513755715,0.0007623803396733625,0.7629624513755715,22,22,44,0.03468011142616234,0,0.0,1.5,0.0007763066801746855,0.0
bg,50,0.0009101407501458354,0.0009093123939607593,0.9101407501458354,25,25,50,0.03640563000583342,0,0.0,1.5,0.0006613111411883402,0.0
bg,50,0.0011884563173954802,0.0011870438889771229,1.18845631739548,29,29,58,0.04098125232398207,0,0.0,1.5,0.001071878511476982,0.0
bg,50,0.0008648166626875948,0.0008640687548275329,0.8648166626875948,27,27,54,0.032030246766207214,0,0.0,1.5,0.0006862201354781216,0.0
bg,50,0.0010006873042995457,0.0009996859292185595,1.0006873042995457,30,30,60,0.033356243476651525,0,0.0,1.5,0.0009323684467475389,0.0
bg,50,0.000845985608419582,0.000845269916769929,0.845985608419582,24,24,48,0.03524940035081592,0,0.0,1.5,0.0008079906173861392,0.0
bg,50,0.0008983385385419371,0.0008975315264121073,0.8983385385419371,22,22,44,0.04083356993372442,0,0.0,1.5,0.0009663691452423991,0.0
bg,50,0.0007461229782676569,0.0007455662787689578,0.7461229782676568,26,26,52,0.028697037625679107,0,0.0,1.5,0.0006087836319839904,0.0
bg,50,0.0005086087331526627,0.0005083500503092237,0.5086087331526628,21,21,42,0.02421946348346013,0,0.0,1.5,0.0005799888064512788,0.0
bg,50,0.00047837866674724336,0.0004781498205984445,0.4783786667472434,21,21,42,0.022779936511773496,0,0.0,1.5,0.0006198319951483801,0.0
bg,50,0.0011087305320123732,0.0011075012486197568,1.1087305320123733,30,30,60,0.036957684400412444,0,0.0,1.5,0.001062546472692873,0.0
bg,50,0.0006318148904503325,0.0006314157003945379,0.6318148904503325,25,25,50,0.0252725956180133,0,0.0,1.5,0.000933481243954508,0.0
bg,50,0.0008894747555568329,0.0008886835902160602,0.889474755556833,27,27,54,0.03294350946506789,0,0.0,1.5,0.001184625569874561,0.0
bg,50,0.001258169585331251,0.0012565865946257985,1.2581695853312511,33,33,66,0.03812635107064397,0,0.0,1.5,0.0012206170804480913,0.0
bg,50,0.0008024970864050731,0.0008018530848313844,0.8024970864050731,24,24,48,0.03343737860021138,0,0.0,1.5,0.0008970617567498464,0.0
bg,50,0.0011393739536386747,0.0011405754230837564,1.1393739536386747,22,22,44,0.051789725165394304,0,0.0,1.5,0.0008100373393015294,0.0
bg,50,0.0012140321558457253,0.001212558281770298,1.2140321558457252,34,34,68,0.035706828113109566,0,0.0,1.5,0.0009954458791678817,0.0
bg,50,0.000692534875186885,0.000692055270633535,0.692534875186885,21,21,42,0.03297785119937548,0,0.0,1.5,0.0006691534093969954,0.0
bg,50,0.0007200600555896273,0.0007195415691059714,0.7200600555896273,26,26,52,0.02769461752267797,0,0.0,1.5,0.0008240514100984172,0.0
bg,50,0.00039216792675541255,0.0003920141310726369,0.39216792675541257,17,17,34,0.0230687015738478,0,0.0,1.5,0.0004521467328424773,0.0
bg,50,0.0008865352021872254,0.0008857492575225083,0.8865352021872255,25,25,50,0.035461408087489016,0,0.0,1.5,0.0008371482348011229,0.0
bg,50,0.0004817871923971566,0.00048155507349839877,0.4817871923971566,15,15,30,0.032119146159810444,0,0.0,1.5,0.000442969967153591,0.0
bg,50,0.001228136795604918,0.001226628475616199,1.228136795604918,23,23,46,0.053397251982822524,0,0.0,1.5,0.0012048059983343188,0.0
bg,50,0.0007924016353109095,0.0007917737349592661,0.7924016353109096,21,21,42,0.03773341120528141,0,0.0,1.5,0.0006835182984867052,0.0
bg,50,0.0008102826026601662,0.0008096260447639923,0.8102826026601662,30,30,60,0.027009420088672204,0,0.0,1.5,0.000617314909966181,0.0
bg,50,0.0010354982368361663,0.0010344259802376754,1.0354982368361663,25,25,50,0.04141992947344665,0,0.0,1.5,0.0010389307220150922,0.0
bg,50,0.0007332000026610181,0.0007326624204171163,0.7332000026610181,25,25,50,0.029328000106440724,0,0.0,1.5,0.0008139315528126105,0.0
bg,50,0.0006065074722459584,0.0006061396209320681,0.6065074722459585,21,21,42,0.0288813082021885,0,0.0,1.5,0.0005817873364491144,0.0
bg,50,0.0016478975271154751,0.001645181960855602,1.6478975271154752,40,40,80,0.04119743817788688,0,0.0,1.5,0.0016832856887087806,0.0
bg,50,0.0008655188145728871,0.0008647696917545076,0.8655188145728872,24,24,48,0.03606328394053696,0,0.0,1.5,0.0008749052245438473,0.0
bg,50,0.001139482006057701,0.0011381835868155717,1.1394820060577011,27,27,54,0.04220303726139634,0,0.0,1.5,0.0011083169475653292,0.0
bg,50,0.001077310741110047,0.0010761501426771358,1.0773107411100469,30,30,60,0.035910358037001565,0,0.0,1.5,0.0009378524981346883,0.0
bg,50,0.0010184144432448506,0.0010173772752666407,1.0184144432448505,20,20,40,0.05092072216224253,0,0.0,1.5,0.0009334848826293283,0.0
bg,50,0.001251960620078007,0.0012503932146837806,1.2519606200780071,31,31,62,0.04038582645412926,0,0.0,1.5,0.0014802183213318085,0.0
bg,50,0.0010091193544428947,0.0010081010325713833,1.0091193544428947,29,29,58,0.03479721911872051,0,0.0,1.5,0.0007954136495806213,0.0
bg,50,0.001268526452454907,0.001266917293094329,1.268526452454907,29,29,58,0.04374229146396231,0,0.0,1.5,0.0015100108535538918,0.0
bg,50,0.0011661685721532909,0.0011648086230146128,1.1661685721532908,35,35,70,0.033319102061522596,0,0.0,1.5,0.0011326656177184575,0.0
bg,50,0.0013490029240879663,0.0013471831151987681,1.3490029240879662,35,35,70,0.038542940688227605,0,0.0,1.5,0.0018009473992077066,0.0
bg,50,0.0007378320258337893,0.0007372876297354434,0.7378320258337894,29,29,58,0.025442483649441013,0,0.0,1.5,0.000714185730960589,0.0
bg,50,0.0009031657040130128,0.0009269347442512116,0.9031657040130128,30,30,60,0.030105523467100426,1,0.001,1.5,0.0011379381135225115,1.340926434190675
bg,50,0.000637277388648954,0.0006368712661788707,0.637277388648954,25,25,50,0.02549109554595816,0,0.0,1.5,0.00071292665390826,0.0
bg,50,0.0009723832399875861,0.0009714377108221771,0.972383239987586,33,33,66,0.029466158787502608,0,0.0,1.5,0.0009737085049050596,0.0
bg,50,0.0008968823056203976,0.0008960779077502628,0.8968823056203976,24,24,48,0.03737009606751657,0,0.0,1.5,0.0010626270980827457,0.0
bg,50,0.0010520875522257588,0.0010509806640082101,1.0520875522257587,31,31,62,0.03393830813631479,0,0.0,1.5,0.0009733088843509692,0.0
bg,50,0.0009329656861471039,0.000932095261175576,0.9329656861471038,27,27,54,0.03455428467211496,0,0.0,1.5,0.0010901015347601728,0.0
bg,50,0.0007579286128253955,0.0007573541570432561,0.7579286128253955,33,33,66,0.02296753372198168,0,0.0,1.5,0.0007674205592301997,0.0
bg,50,0.0006404018844468169,0.0006399917698732139,0.6404018844468169,23,23,46,0.027843560193339865,0,0.0,1.5,0.00042892363813929027,0.0
bg,50,0.0008820434000473014,0.0008812653994877345,0.8820434000473014,30,30,60,0.029401446668243382,0,0.0,1.5,0.0009946453561265872,0.0
bg,50,0.0007178726475607604,0.0007173573064226445,0.7178726475607604,22,22,44,0.03263057488912547,0,0.0,1.5,0.0008411707108888241,0.0
bg,50,0.0008118719127262928,0.000811212776723619,0.8118719127262928,28,28,56,0.028995425454510455,0,0.0,1.5,0.0010125335125722495,0.0
bg,50,0.0007047900616180769,0.0007042933325871212,0.7047900616180769,21,21,42,0.033561431505622706,0,0.0,1.5,0.0007936863936843332,0.0
bg,50,0.001047021552254016,0.0010459252981231315,1.0470215522540158,24,24,48,0.043625898010583995,0,0.0,1.5,0.0009411890078052297,0.0
bg,50,0.0007228970847198966,0.0007223745045248001,0.7228970847198966,21,21,42,0.034423670700947456,0,0.0,1.5,0.000788563644530273,0.0
bg,50,0.0009789601821014102,0.0009780018190632702,0.9789601821014102,24,24,48,0.04079000758755876,0,0.0,1.5,0.0012461029933468748,0.0
bg,50,0.0006885545834620785,0.000688080476047672,0.6885545834620785,22,22,44,0.03129793561191266,0,0.0,1.5,0.0008261954712035436,0.0
bg,50,0.00038305793449455196,0.00038291120111337275,0.38305793449455194,17,17,34,0.022532819676150114,0,0.0,1.5,0.00039241296674795667,0.0
bg,50,0.0010512682318560903,0.0010501630669607805,1.0512682318560902,29,29,58,0.03625062868469277,0,0.0,1.5,0.0011369022796723694,0.0
bg,50,0.0011761704423501058,0.0011747870654406477,1.1761704423501058,28,28,56,0.042006087226789494,0,0.0,1.5,0.0011947912788659242,0.0
bg,50,0.0007556105352694651,0.0007550395879884547,0.7556105352694651,22,22,44,0.03434593342133932,0,0.0,1.5,0.0006804122997662001,0.0
bg,50,0.000800787159781025,0.0008001458997057549,0.800787159781025,25,25,50,0.032031486391241,0,0.0,1.5,0.000876476694023588,0.0
bg,50,0.0009377207842644922,0.0009368414639952506,0.9377207842644921,28,28,56,0.03349002800944615,0,0.0,1.5,0.0007340881275968502,0.0
bg,50,0.0006997168236240156,0.0006992272199907532,0.6997168236240157,27,27,54,0.02591543791200058,0,0.0,1.5,0.0006173686213456382,0.0
bg,50,0.0008425499086255214,0.0008418400182769965,0.8425499086255215,28,28,56,0.030091068165197195,0,0.0,1.5,0.0007612010241577188,0.0
bg,50,0.0010134037450017885,0.0010123767578514048,1.0134037450017885,27,27,54,0.03753347203710328,0,0.0,1.5,0.001161859969818516,0.0
bg,50,0.0009204240739286184,0.0009195768934527511,0.9204240739286185,33,33,66,0.02789163860389753,0,0.0,1.5,0.0007404095666456522,0.0
bg,50,0.0008443327007280886,0.0008436198030185697,0.8443327007280885,23,23,46,0.03671011742296037,0,0.0,1.5,0.0007125688275174688,0.0
bg,50,0.0012519172451587375,0.0012503499483700114,1.2519172451587375,31,31,62,0.04038442726318508,0,0.0,1.5,0.001227968407062568,0.0
bg,50,0.0007760163049326962,0.0007754141036271749,0.7760163049326962,29,29,58,0.026759182928713664,0,0.0,1.5,0.0007541625974920192,0.0
bg,50,0.0007130299158871267,0.0007125215042261767,0.7130299158871267,23,23,46,0.03100130069074464,0,0.0,1.5,0.0008590367374224797,0.0
bg,50,0.0006505177485861254,0.0006500945752448998,0.6505177485861253,18,18,36,0.036139874921451404,0,0.0,1.5,0.0007553158070251263,0.0
bg,50,0.0007861681822546416,0.0007855501218438519,0.7861681822546416,29,29,58,0.02710924766395316,0,0.0,1.5,0.0008360987175316267,0.0
bg,50,0.0008306638325292468,0.0008299738301265746,0.8306638325292468,24,24,48,0.03461099302205195,0,0.0,1.5,0.0009673597884513141,0.0
bg,50,0.0006294156650464764,0.0006290195009670704,0.6294156650464764,20,20,40,0.03147078325232382,0,0.0,1.5,0.0005495590253480585,0.0
bg,50,0.0009102040827329745,0.0009093756112607506,0.9102040827329745,22,22,44,0.04137291285149884,0,0.0,1.5,0.0010170803930733183,0.0
bg,50,0.001393533895902036,0.001391591959183008,1.3935338959020358,34,34,68,0.04098629105594223,0,0.0,1.5,0.000914772596375668,0.0
bg,50,0.0006527172882081516,0.0006522912483498259,0.6527172882081516,23,23,46,0.0283790125307892,0,0.0,1.5,0.0006417895806815917,0.0
bg,50,0.0008044976646497304,0.0008038504481573035,0.8044976646497304,31,31,62,0.02595153756934614,0,0.0,1.5,0.0007966604863119098,0.0
bg,50,0.0005368252771862814,0.0005365370958080553,0.5368252771862814,22,22,44,0.02440114896301279,0,0.0,1.5,0.0003863757823913818,0.0
bg,50,0.0007670747882394444,0.0007664863845086916,0.7670747882394444,23,23,46,0.03335107774954106,0,0.0,1.5,0.0009313231203850815,0.0
bg,50,0.0006614974900440842,0.0006610599111147496,0.6614974900440842,21,21,42,0.03149988047828972,0,0.0,1.5,0.0007806557514932907,0.0
bg,50,0.0007375161642335044,0.0007369722341409989,0.7375161642335044,27,27,54,0.027315413490129795,0,0.0,1.5,0.0009175520626357018,0.0
bg,50,0.001021716659906822,0.001020672754973691,1.0217166599068221,32,32,64,0.03192864562208819,0,0.0,1.5,0.0008631315806311735,0.0
bg,50,0.0006355168939976035,0.0006351130122750471,0.6355168939976035,27,27,54,0.02353766274065198,0,0.0,1.5,0.0006433602836038046,0.0
bg,50,0.0006194935980014762,0.0006191098256835112,0.6194935980014762,20,20,40,0.03097467990007381,0,0.0,1.5,0.000672323652975073,0.0
bg,50,0.0008501531351884211,0.0008494303748351503,0.8501531351884211,23,23,46,0.03696317979080092,0,0.0,1.5,0.0007667595552021775,0.0
bg,50,0.0003899510464508182,0.0003897989846321902,0.38995104645081824,20,20,40,0.019497552322540912,0,0.0,1.5,0.0003328736427473725,0.0
bg,50,0.0008196230545705773,0.0008189512726189937,0.8196230545705774,25,25,50,0.0327849221828231,0,0.0,1.5,0.0007858463577144617,0.0
bg,50,0.00097665584672977,0.0009757019900868185,0.9766558467297699,32,32,64,0.03052049521030531,0,0.0,1.5,0.0009184117123177472,0.0
bg,50,0.0007698381419524445,0.0007692454911876397,0.7698381419524445,28,28,56,0.027494219355444445,0,0.0,1.5,0.0008573966840967663,0.0
bg,50,0.0006887412038113778,0.0006882668393655504,0.6887412038113778,27,27,54,0.025508933474495475,0,0.0,1.5,0.0005680125095192773,0.0
bg,50,0.001501746191088218,0.0014994909494657697,1.501746191088218,39,39,78,0.03850631259200559,0,0.0,1.5,0.0012936340295283332,0.0
bg,50,0.0005769511379263026,0.0005766182653107481,0.5769511379263026,18,18,36,0.0320528409959057,0,0.0,1.5,0.0005881851038883432,0.0
bg,50,0.0006675393196848916,0.0006670937109415661,0.6675393196848916,26,26,52,0.025674589218649676,0,0.0,1.5,0.0008511001836752571,0.0
bg,50,0.0010898446314974422,0.0010886568701766386,1.0898446314974422,37,37,74,0.02945526031074168,0,0.0,1.5,0.001214039047614702,0.0
bg,50,0.0008424449009901594,0.0008417351875789549,0.8424449009901593,22,22,44,0.03829295004500724,0,0.0,1.5,0.0008573104457046817,0.0
bg,50,0.0003589487387493051,0.00035881989455225537,0.3589487387493051,15,15,30,0.02392991591662034,0,0.0,1.5,0.0003624150779089956,0.0
bg,50,0.0010871141087606731,0.0010859322916752065,1.087114108760673,27,27,54,0.040263485509654556,0,0.0,1.5,0.001209300485766468,0.0
bg,50,0.000913914548626165,0.0009130793088239743,0.9139145486261651,32,32,64,0.028559829644567658,0,0.0,1.5,0.00079420917845933,0.0
bg,50,0.001279917940014796,0.0012782797500816242,1.279917940014796,29,29,58,0.04413510137982055,0,0.0,1.5,0.0009476595997833689,0.0
bg,50,0.00042438941641233897,0.0004242093100355762,0.42438941641233896,21,21,42,0.020209019829158997,0,0.0,1.5,0.00028152139863911246,0.0
bg,50,0.0006637484623189777,0.0006633079002977469,0.6637484623189778,27,27,54,0.02458327638218436,0,0.0,1.5,0.0008377178173232879,0.0
bg,50,0.0006666984437010228,0.0006662539568861894,0.6666984437010228,26,26,52,0.025642247834654724,0,0.0,1.5,0.0006366840136511648,0.0
bg,50,0.0009428183527500523,0.00094192944630377,0.9428183527500522,29,29,58,0.032510977681036286,0,0.0,1.5,0.0008870997462023833,0.0
bg,50,0.0008565073080467638,0.0008557737032780264,0.8565073080467638,26,26,52,0.032942588771029374,0,0.0,1.5,0.000961501249074469,0.0
bg,50,0.0012033565173634742,0.0012019084504555932,1.2033565173634742,30,30,60,0.04011188391211581,0,0.0,1.5,0.0011463736847176066,0.0
bg,50,0.0013230943003699736,0.001321343721842302,1.3230943003699736,30,30,60,0.044103143345665785,0,0.0,1.5,0.0014464630609893276,0.0
bg,50,0.0010343350454466958,0.0010332651964604566,1.0343350454466957,28,28,56,0.03694053733738199,0,0.0,1.5,0.0009214756787616383,0.0
bg,50,0.0009751269294170832,0.0009741760568886089,0.9751269294170832,29,29,58,0.03362506653162356,0,0.0,1.5,0.0009124733423667318,0.0
bg,50,0.0010130592253840263,0.0010796588283737707,1.0130592253840263,29,29,58,0.03493307673738021,1,0.001,1.5,0.0010864875056984043,0.9328425801728266
bg,50,0.0009865167649984272,0.0009855435496708043,0.9865167649984272,27,27,54,0.03653765796290471,0,0.0,1.5,0.0010113544721440102,0.0
bg,50,0.0005112917947693916,0.0005618626143485063,0.5112917947693916,18,18,36,0.028405099709410644,1,0.001,1.5,0.0006154656895150852,1.1811006186312736
bg,50,0.0012137400121572312,0.0012122668473401198,1.2137400121572313,36,36,72,0.03371500033770087,0,0.0,1.5,0.001229793540633014,0.0
bg,50,0.0007792458665677504,0.0007786386424471876,0.7792458665677504,26,26,52,0.0299709948679904,0,0.0,1.5,0.0007701038308540688,0.0
bg,50,0.0005546338055536779,0.000554326186895415,0.5546338055536779,22,22,44,0.025210627525167176,0,0.0,1.5,0.0006109039700286786,0.0
bg,50,0.0005838146131451652,0.0005834737736426433,0.5838146131451651,15,15,30,0.038920974209677675,0,0.0,1.5,0.0005582393386605793,0.0
bg,50,0.0006090915179844955,0.0006087205255072149,0.6090915179844956,22,22,44,0.027685978090204344,0,0.0,1.5,0.0005441037607380278,0.0
bg,50,0.0008991575707583052,0.0008983490864212532,0.8991575707583053,22,22,44,0.040870798670832056,0,0.0,1.5,0.0012647055783881012,0.0
bg,50,0.0006982600814433724,0.000697772514302035,0.6982600814433724,26,26,52,0.026856156978591245,0,0.0,1.5,0.0008022876182772856,0.0
bg,50,0.0007135112829397344,0.000713002184588852,0.7135112829397343,25,25,50,0.028540451317589373,0,0.0,1.5,0.0005953257770548855,0.0
bg,50,0.0008695036446226183,0.0008687476080346065,0.8695036446226183,27,27,54,0.0322038386897266,0,0.0,1.5,0.0007223965200504382,0.0
bg,50,0.0010546953999847446,0.0010535830175979956,1.0546953999847446,24,24,48,0.04394564166603102,0,0.0,1.5,0.0011210600110083604,0.0
bg,50,0.0006858484722672426,0.0006853780841403311,0.6858484722672427,24,24,48,0.02857701967780178,0,0.0,1.5,0.000682424623227405,0.0
bg,50,0.0008374395719807999,0.0008367382669440806,0.8374395719807999,33,33,66,0.025376956726690904,0,0.0,1.5,0.0009706961245561947,0.0
bg,50,0.0009678829273844087,0.0009669461300232866,0.9678829273844087,27,27,54,0.03584751582905218,0,0.0,1.5,0.0010869876751483085,0.0
bg,50,0.0005417650320598622,0.0005414715227098995,0.5417650320598622,20,20,40,0.027088251602993108,1,0.001,1.5,0.0004720188336436336,0.9625484723963846
