ligand_type,r_max,time_weighted_mean_b,time_weighted_variance,total_bound_time,n_binding_events,n_unbinding_events,binding_unbinding_events,mean_bound_dwell_time,total_signal,signal_rate,ratio,time_weighted_variance_observed,total_signal_observed
ag,50,1.6582610877189958,1.1262194732249475,1658.261087718996,1680,1677,3357,0.9888259318539033,2389,2.389,1,1.4368280834503804,2621.374018390753
ag,50,1.6041847148067718,1.129872429927178,1604.1847148067718,1563,1560,3123,1.028323535132546,2113,2.113,1,1.295533158529604,2521.6746348078786
ag,50,0.6543660264965733,0.42481854612936365,654.3660264965732,668,667,1335,0.981058510489615,287,0.287,1,0.45502210058670606,294.30816372755385
ag,50,2.6487127700984767,1.6819818799429496,2648.7127700984765,2609,2607,5216,1.0160002953964238,6066,6.066,1,1.5303367301218245,5995.965253055456
ag,50,1.0068978500759258,0.6522696331827414,1006.8978500759258,1007,1007,2014,0.9998985601548419,847,0.847,1,0.735900798992406,769.1049176410734
ag,50,0.6591682581524225,0.44735476920369227,659.1682581524225,647,647,1294,1.0188071996173453,335,0.335,1,0.38946197214043526,341.459894034358
ag,50,0.699526548957814,0.4763063116043321,699.5265489578139,647,646,1293,1.0828584349192165,327,0.327,1,0.49360759441264196,338.800564820326
ag,50,0.670115961150309,0.45208479676657987,670.115961150309,667,666,1333,1.0061801218473108,308,0.308,1,0.39762776436451264,303.5353227989475
ag,50,2.3167072194048677,1.5230069783526552,2316.707219404868,2330,2326,4656,0.9960048234758675,4743,4.743,1,1.6590512628590555,5353.585998706939
ag,50,1.6578241296418954,1.0197152285496396,1657.8241296418953,1607,1605,3212,1.0329122303064768,2344,2.344,1,0.9330293914484373,2238.4415034793055
ag,50,0.6783261447895058,0.45333906535227153,678.3261447895059,710,709,1419,0.9567364524534638,323,0.323,1,0.5036673887379591,385.95145161684025
ag,50,2.289022496465088,1.5016831322958262,2289.022496465088,2238,2235,4473,1.024171139357981,4512,4.512,1,1.6711380354777774,5223.682037152623
ag,50,2.273323912368528,1.487037174957121,2273.323912368528,2237,2232,4469,1.0185142976561505,4459,4.459,1,1.601383564618104,4635.090795274825
ag,50,2.2144203995465763,1.3970680387907837,2214.4203995465764,2264,2262,4526,0.9789656938755864,4613,4.613,1,1.4878921404372596,4158.47140573401
ag,50,1.2677178372427989,0.8479883054712946,1267.7178372427989,1330,1328,2658,0.95460680515271,1515,1.515,1,0.7275826449719027,1227.9244251790062
ag,50,0.6831883145622365,0.46078804237135484,683.1883145622365,693,692,1385,0.9872663505234632,386,0.386,1,0.47014907841478953,392.69902555776343
ag,50,1.5877899177252193,1.0750267847280848,1587.7899177252193,1608,1607,3215,0.9880459973399001,2288,2.288,1,1.0380974059673158,1967.524366786908
ag,50,1.2724598328551702,0.8470786418665366,1272.4598328551701,1256,1255,2511,1.0139122174144781,1333,1.333,1,0.847914917281386,1174.744800983047
ag,50,1.0223865524718947,0.710052195747701,1022.3865524718948,979,978,1957,1.0453850229773975,855,0.855,1,0.6168418805134305,819.2471805852163
ag,50,1.0140191785039807,0.682593665902555,1014.0191785039808,991,990,1981,1.0242617964686676,797,0.797,1,0.6043554457119297,817.4052940761787
ag,50,0.956844922514302,0.6758335989737225,956.844922514302,998,998,1996,0.9587624474091202,724,0.724,1,0.6494761633571239,516.811982743572
ag,50,0.6356459134757511,0.41927907326742003,635.6459134757511,666,665,1331,0.9558585165048888,378,0.378,1,0.4746564921643811,334.426448267995
ag,50,0.9826808605273378,0.663589621479227,982.6808605273378,944,944,1888,1.040975487846756,778,0.778,1,0.5760451573368665,722.1288405140173
ag,50,0.33957650868027656,0.22426430343279063,339.57650868027656,342,342,684,0.9929137680709841,67,0.067,1,0.28566576719779235,93.63471408770675
ag,50,1.5872351619332685,1.0503628255323094,1587.2351619332685,1584,1581,3165,1.0039438089394488,2321,2.321,1,0.9141918172238014,1861.950054790839
ag,50,1.3332181127765772,0.9059476922684939,1333.2181127765773,1355,1352,2707,0.9861080715803087,1507,1.507,1,0.9290856813346509,1702.2508881962613
ag,50,0.6799113318851683,0.4558069697183009,679.9113318851682,686,686,1372,0.9911243905031607,381,0.381,1,0.4046577447591282,439.2302124729765
ag,50,0.36351906933293965,0.23137295556425305,363.51906933293964,342,342,684,1.0629212553594727,59,0.059,1,0.19861474108759944,62.637340691900626
ag,50,1.6064449985198122,1.119410069371397,1606.444998519812,1649,1647,3296,0.9753764411170687,2307,2.307,1,1.3120309274069517,2053.896144112871
ag,50,2.2479252679752753,1.4474944044035223,2247.9252679752753,2260,2257,4517,0.9959792946279465,4329,4.329,1,1.4399383486442625,5640.259999351026
ag,50,1.7179434972038894,1.0597401778562072,1717.9434972038894,1680,1680,3360,1.022585415002315,2582,2.582,1,1.1163525429883474,2213.6707187187617
ag,50,3.222543254684129,2.2008293651109327,3222.543254684129,3219,3215,6434,1.0023462689530727,9326,9.326,1,2.491424558188624,8635.111647058551
ag,50,0.9948694847735501,0.6804132486099522,994.8694847735501,992,991,1983,1.0039046264112514,812,0.812,1,0.6508600662288144,992.0757178635955
ag,50,2.6508879080003,1.7024959900854424,2650.8879080003,2545,2540,5085,1.0436566566930314,6047,6.047,1,1.870216128267243,5725.664454709729
ag,50,1.599018451345341,1.0720105989236395,1599.018451345341,1683,1683,3366,0.9501000899259304,2271,2.271,1,1.0321528647414664,2166.8253297867723
ag,50,2.5832287197926735,1.6490031052385004,2583.2287197926735,2533,2530,5063,1.0210390196808985,5786,5.786,1,1.8917507547796257,5470.522225103328
ag,50,1.6488837354411097,1.0999518372939752,1648.8837354411096,1596,1595,3191,1.0337829062326707,2230,2.23,1,1.1366246838553888,2163.7392994996644
ag,50,1.0112562905992573,0.6668294813337652,1011.2562905992572,1008,1007,2015,1.0042267036735424,912,0.912,1,0.7245049747948622,853.0000488559787
ag,50,1.8592943359318497,1.2623471167212346,1859.2943359318497,1943,1941,3884,0.957905376574884,3191,3.191,1,1.7841488191211259,3390.0831168613186
ag,50,1.625886945625517,1.0934784900565109,1625.886945625517,1642,1641,3283,0.9907903385895899,2262,2.262,1,1.0745226711536613,2091.5065950482635
ag,50,1.8682764575495212,1.2425634863114146,1868.2764575495212,1899,1896,3795,0.9853778784543888,3332,3.332,1,1.4440856096255776,2809.859952833375
ag,50,1.6389448195014462,1.0359961647583213,1638.9448195014463,1626,1626,3252,1.0079611436048255,2332,2.332,1,1.019544120319767,2633.080567219974
ag,50,0.642118971627396,0.42337933590845356,642.1189716273959,673,672,1345,0.9555341839693392,319,0.319,1,0.34122096269088675,342.7759949004611
ag,50,2.221338692601783,1.387553566182332,2221.338692601783,2318,2316,4634,0.9591272420560375,4697,4.697,1,1.2231627113924624,4498.223512478085
ag,50,2.2801578216477827,1.4467786762863897,2280.157821647783,2322,2320,4642,0.9828266472619753,4512,4.512,1,1.337012245248113,4754.913792201143
ag,50,1.9925575258508956,1.2554573900911437,1992.5575258508957,1961,1959,3920,1.0171299264169962,3316,3.316,1,1.5879660095555659,3038.696933565132
ag,50,1.9957250091677061,1.2836591448376466,1995.725009167706,1959,1958,3917,1.019267113977378,3404,3.404,1,1.445092979436121,3723.7139109992036
ag,50,3.448139131485954,2.2240356445991094,3448.139131485954,3473,3467,6940,0.9945598879394156,10646,10.646,1,1.8903463370238145,12560.85733798905
ag,50,2.24656880262128,1.447160970151113,2246.56880262128,2237,2235,4472,1.0051761980408411,4364,4.364,1,1.3790104306647988,5522.137236296817
ag,50,2.9357411904492263,2.000642224441241,2935.7411904492265,2908,2907,5815,1.0098868904194105,7636,7.636,1,1.8122464976666626,7086.844300310011
ag,50,2.6203783445528783,1.6208626595986604,2620.3783445528784,2618,2615,5233,1.0020567283185002,5968,5.968,1,2.0727727732584986,5864.399719537273
ag,50,1.8844226450618793,1.2545221431051092,1884.4226450618794,1978,1974,3952,0.9546214007405671,3399,3.399,1,1.4408244843245566,3936.548024954652
ag,50,1.6123802992127056,1.092598258447927,1612.3802992127057,1615,1612,3227,1.000235917625748,2259,2.259,1,1.2520188612896042,2457.567608074318
ag,50,1.2506647794055274,0.8659358829453602,1250.6647794055275,1291,1290,2581,0.9695075809345174,1429,1.429,1,1.0335943638920768,1719.2919904858193
ag,50,1.9414785374773373,1.2935729348610927,1941.4785374773373,1979,1976,3955,0.9825296242294217,3548,3.548,1,1.2221972312552147,3559.1297918648975
ag,50,2.5583053162978904,1.7349001803322186,2558.3053162978904,2534,2530,5064,1.0111878720545022,5626,5.626,1,1.4333436454691495,5457.911882342747
ag,50,2.306313570454205,1.5581290705092334,2306.313570454205,2278,2275,4553,1.0137642067930572,5013,5.013,1,1.3011730033120186,4700.913272868397
ag,50,1.9591478672139688,1.3052576128649322,1959.1478672139688,1899,1898,3797,1.032217000639604,3268,3.268,1,1.4106980165431127,3920.4729821911983
ag,50,1.001331347440608,0.6740316022372598,1001.3313474406079,977,974,1951,1.0280609316638685,837,0.837,1,0.6165447772806878,888.4343821330474
ag,50,1.8994159291420123,1.3472393903008482,1899.4159291420124,1997,1995,3992,0.9520881850335902,3385,3.385,1,1.5193651195196574,3724.1219813948574
ag,50,1.9071946365450863,1.2579461482642007,1907.1946365450863,1897,1893,3790,1.0074984873455288,3105,3.105,1,1.370545577633973,2601.6760464587273
ag,50,2.5395246760978103,1.7067633153288204,2539.5246760978102,2652,2648,5300,0.9590349985263634,5745,5.745,1,1.2141832340399736,5682.41627276677
ag,50,2.2055261403614606,1.5613949728983076,2205.5261403614604,2243,2242,4485,0.9837315523467709,4280,4.28,1,1.342660862250827,4814.986972398283
ag,50,1.2959887786867437,0.8151630016609661,1295.9887786867437,1301,1298,2599,0.998450522871143,1526,1.526,1,0.8940916020617841,1641.6120605873818
ag,50,1.6143284370692321,1.0754601551541105,1614.3284370692322,1571,1568,3139,1.0295461971104798,2287,2.287,1,0.7386488657864237,2457.304805760449
ag,50,1.629117521241339,1.1172031606425321,1629.1175212413389,1615,1613,3228,1.0099922636338121,2292,2.292,1,1.168826153494312,2877.0816525733526
ag,50,0.6791716469188825,0.44733627225397105,679.1716469188825,653,652,1305,1.0416743050903106,379,0.379,1,0.4241993244395749,401.40830407035327
ag,50,1.0207520216145787,0.6989821289587991,1020.7520216145787,1019,1017,2036,1.0036893034558296,811,0.811,1,0.7690135055664562,927.8515181551462
ag,50,2.29461440443322,1.4772489754125029,2294.61440443322,2262,2259,4521,1.0157655619447632,4615,4.615,1,1.4560183601656334,5225.62998069552
ag,50,0.6409213948372244,0.41957821470643736,640.9213948372244,644,644,1288,0.995219557200659,281,0.281,1,0.35379735812308033,314.11454300831576
ag,50,1.6356343523951529,1.0403228068631334,1635.634352395153,1608,1607,3215,1.0178185142471394,2386,2.386,1,1.2526002361080302,2308.707477560048
ag,50,0.6910067745477042,0.4173606297767052,691.0067745477043,674,673,1347,1.0267559800114476,370,0.37,1,0.2941692659110541,288.5054121642932
ag,50,1.2473699210990208,0.8303433852936725,1247.3699210990208,1327,1327,2654,0.9399924047468129,1390,1.39,1,0.8911116022614592,825.3069462701498
ag,50,3.1743181182039844,2.13567809710209,3174.3181182039843,3251,3247,6498,0.9776156816150244,8989,8.989,1,2.4597246704403726,7950.035729400168
ag,50,2.8728838828520455,2.0194019499979956,2872.8838828520456,2889,2885,5774,0.9958003060145739,7177,7.177,1,2.1607041060089958,8943.10470739742
ag,50,1.2578820653884881,0.8468305154033186,1257.8820653884882,1329,1329,2658,0.9464876338513831,1408,1.408,1,0.7239581724043185,1136.720970050201
ag,50,2.896085934933427,1.8593770516666455,2896.085934933427,2967,2964,5931,0.9770870225821279,7952,7.952,1,1.6550531667366177,8177.363779938939
ag,50,1.2864100533772522,0.8735669430673015,1286.4100533772523,1314,1313,2627,0.9797487078273056,1520,1.52,1,1.0999614542314204,1329.7017889765532
ag,50,1.298666770580342,0.8814356917555963,1298.666770580342,1341,1339,2680,0.9698780960271411,1559,1.559,1,0.8072871080004957,1883.461078336274
ag,50,2.2803799454531064,1.557214793711305,2280.3799454531063,2224,2221,4445,1.0267356800779408,4371,4.371,1,2.0123432232528518,4983.630916713939
ag,50,1.901257327190316,1.2870519448431563,1901.257327190316,1929,1928,3857,0.9861293190821141,3205,3.205,1,1.0957636863326696,3631.1801112769112
ag,50,2.378067941718226,1.5514762681023653,2378.0679417182264,2294,2292,4586,1.0375514579922454,5147,5.147,1,1.2891593815425824,3607.5731274244463
ag,50,2.543399407805135,1.694452314605831,2543.399407805135,2615,2613,5228,0.9733637228492672,5789,5.789,1,1.1015097152339646,6477.708798120547
ag,50,1.905738980430625,1.234812671974157,1905.7389804306251,1931,1929,3860,0.9879414102802618,3108,3.108,1,1.2885769733777006,2451.812674915379
ag,50,0.6271636891421466,0.42925507856678335,627.1636891421466,665,665,1330,0.9431032919430776,327,0.327,1,0.5394513527699497,470.7749796054912
ag,50,1.380390182673315,0.9380891925419823,1380.390182673315,1295,1295,2590,1.0659383649986989,1411,1.411,1,1.019442417825962,1927.6110537393988
ag,50,1.6670325629959062,1.137427977793995,1667.0325629959061,1607,1604,3211,1.039297109099692,2382,2.382,1,1.0168666516015208,2370.3486640369492
ag,50,1.6968445142597224,1.1457230803772953,1696.8445142597225,1668,1665,3333,1.0191258343902236,2597,2.597,1,0.9947906457135196,1835.7093154179656
ag,50,2.8503288698237776,1.7806006276276762,2850.3288698237775,2911,2909,5820,0.9798311687259462,7251,7.251,1,1.7820581700529547,8242.881240296343
ag,50,1.9563098079016326,1.2429630749937954,1956.3098079016327,1997,1995,3992,0.9806064200008183,3514,3.514,1,1.1126111476466374,2970.393220145455
ag,50,1.2986286434455814,0.8390726780126582,1298.6286434455815,1332,1330,2662,0.9764125138688583,1461,1.461,1,0.9691848276736613,1431.4195260588474
ag,50,1.947183891412591,1.2718841966852827,1947.183891412591,1968,1965,3933,0.9909332780725654,3275,3.275,1,1.5643847532058461,3519.102926788805
ag,50,1.3015798232023152,0.9015134734699976,1301.5798232023153,1358,1358,2716,0.9584534780576696,1584,1.584,1,0.6866996683348422,2066.5526632436686
ag,50,2.6356625281398274,1.6351570415766583,2635.6625281398274,2589,2587,5176,1.0188104090219665,5833,5.833,1,1.4339158216041032,5529.004930776974
ag,50,3.503728661118229,2.2007695221211763,3503.728661118229,3494,3487,6981,1.0047974365122538,10898,10.898,1,2.8591562948409104,7712.332809116943
ag,50,1.2982722297196252,0.8731007723865182,1298.272229719625,1309,1308,2617,0.9925628667581232,1382,1.382,1,0.7748589476690146,1200.9553817671617
ag,50,2.234016724184947,1.451910573648568,2234.016724184947,2305,2301,4606,0.9708894933441752,4534,4.534,1,1.3723823691605046,4977.154106717601
ag,50,1.9802266396603425,1.2363539190690633,1980.2266396603425,1930,1926,3856,1.028155056936834,3141,3.141,1,0.9552034650739001,3085.3647673938367
ag,50,1.3320745168129915,0.8783829334208476,1332.0745168129915,1365,1364,2729,0.9765942205373839,1543,1.543,1,1.030055410083669,1815.214670514539
ag,50,1.3483522873027456,0.8445990178344432,1348.3522873027455,1307,1305,2612,1.033220143527008,1628,1.628,1,0.9109872732224578,1434.8629528148501
ag,50,1.3618717667670421,0.8572890735799115,1361.8717667670421,1343,1341,2684,1.0155643301767652,1528,1.528,1,0.9447549422913162,1485.5028549890023
ag,50,2.8533202067291588,1.8244194100132975,2853.3202067291586,2889,2886,5775,0.9886764403080938,7235,7.235,1,1.9956073278629827,4785.713795792133
ag,50,1.6453232843406114,1.170001550612525,1645.3232843406113,1661,1661,3322,0.9905618809997659,2228,2.228,1,1.116540508404429,2221.79703702135
ag,50,1.9482383529290168,1.2745825235300918,1948.2383529290169,1936,1933,3869,1.0078832658711934,3101,3.101,1,1.3264705363657843,3180.2457216818925
ag,50,1.0004073646673455,0.6714287445212206,1000.4073646673455,940,938,1878,1.066532371713588,813,0.813,1,0.6483114991512905,676.3093337749661
ag,50,1.3059101395285386,0.839911634330625,1305.9101395285386,1348,1347,2695,0.9694952780464281,1509,1.509,1,0.9279498788959193,1229.46230092461
ag,50,2.658556824973798,1.751397801577958,2658.556824973798,2588,2588,5176,1.0272630699280518,6095,6.095,1,1.3770596127814394,7097.421437611718
ag,50,0.7454211182522482,0.465651482303265,745.4211182522482,665,665,1330,1.1209340124093958,419,0.419,1,0.4331189521260101,399.7948346967419
ag,50,1.3314232528337229,0.8888671177016577,1331.423252833723,1341,1339,2680,0.9943414883000171,1468,1.468,1,0.7518604497956709,1341.9823885082074
ag,50,1.8526457504671052,1.2731764941691737,1852.6457504671052,1891,1887,3778,0.981794250380024,3084,3.084,1,1.0465769242543452,2807.955213489418
ag,50,0.9793457698902318,0.6453606751677208,979.3457698902318,996,995,1991,0.9842671054173184,852,0.852,1,0.6559147611098816,1090.672813665371
ag,50,0.3202197297924247,0.21767905444409122,320.2197297924247,319,319,638,1.0038236043649678,61,0.061,1,0.24058709239616952,61.64283680752876
ag,50,0.9924500994420089,0.6552255340611439,992.4500994420089,994,991,1985,1.0014632688617648,798,0.798,1,0.7612446624452748,739.5147778190059
ag,50,0.9733094186978244,0.6536817902010542,973.3094186978244,1001,1001,2002,0.9723370816162082,765,0.765,1,0.46906398206224736,779.6875686682395
ag,50,1.96857588737198,1.2791906672334412,1968.5758873719801,1928,1925,3853,1.0226368246088209,3150,3.15,1,1.4875990448535135,2548.2615321327426
ag,50,0.6576445600413033,0.4276307442756978,657.6445600413033,659,658,1317,0.9994598176919502,345,0.345,1,0.39358418060117034,290.116330614623
ag,50,2.560143522722461,1.7281819636737683,2560.143522722461,2565,2561,5126,0.9996655692004924,5758,5.758,1,1.4249329690425658,5729.456877070417
ag,50,1.3510378531370346,0.8874875418256176,1351.0378531370345,1330,1328,2658,1.0173477809766827,1462,1.462,1,1.0323414091091065,1564.644394680022
ag,50,1.3370771925874751,0.9301439939431367,1337.077192587475,1327,1327,2654,1.0075939657780522,1656,1.656,1,0.9781289219597799,1829.1045237431986
ag,50,0.9687282874033706,0.6447240132085414,968.7282874033706,991,990,1981,0.9785134216195662,725,0.725,1,0.5771213038220706,839.2996676292294
ag,50,1.045386883277393,0.6124473012116862,1045.3868832773928,998,996,1994,1.0495852241740893,826,0.826,1,0.566443417052058,849.6981608306963
ag,50,2.2834568961777926,1.5259007039376178,2283.4568961777927,2264,2261,4525,1.0099322849083558,4581,4.581,1,1.7758891286956449,4964.259121062583
ag,50,2.610341992298803,1.7563099431655773,2610.3419922988032,2557,2552,5109,1.0228612822487473,5807,5.807,1,2.239678809635787,6649.103580240664
ag,50,1.013871251022181,0.6592599857100488,1013.871251022181,964,963,1927,1.0528258058381943,899,0.899,1,0.6252675501005388,803.316734698841
ag,50,2.324878860511464,1.5042716531718512,2324.8788605114637,2324,2323,4647,1.0008088077965835,4811,4.811,1,1.879432374698194,4280.3785658061715
ag,50,0.6550839196140216,0.4286944294333406,655.0839196140216,696,696,1392,0.9412125281810656,387,0.387,1,0.5840467766341854,364.13089864900957
ag,50,2.2563493039210925,1.4848086130799163,2256.3493039210925,2206,2204,4410,1.0237519527772652,4647,4.647,1,1.8373366973549592,4480.206836733689
ag,50,2.0685443305312217,1.4494422928929016,2068.5443305312215,1966,1965,3931,1.0526943157919701,3631,3.631,1,1.6093146568504992,2426.0030482123057
ag,50,0.9903852873119748,0.635661889674423,990.3852873119748,1005,1005,2010,0.9854579973253481,809,0.809,1,0.6719436075436379,761.5760682168407
ag,50,1.0079238216006412,0.6880998384240221,1007.9238216006413,991,991,1982,1.0170775192741084,821,0.821,1,0.741167066667764,1001.0898989811317
ag,50,2.861216133039056,1.9271779229403407,2861.216133039056,2846,2844,5690,1.0060534926297664,7267,7.267,1,1.44234487796343,8501.298867650763
ag,50,0.3664253337179925,0.23215780852765033,366.42533371799254,340,340,680,1.0777215697588016,61,0.061,1,0.25381220397706933,65.1682890407568
ag,50,1.271805211437178,0.893741205714881,1271.805211437178,1335,1334,2669,0.9533772199678996,1463,1.463,1,0.899213916277965,1504.8675836303598
ag,50,2.5789231535440367,1.7216569260341752,2578.9231535440367,2551,2551,5102,1.0109459637569724,6109,6.109,1,1.6819475482480868,5355.7282720445655
ag,50,2.3514532237075456,1.496873412925892,2351.4532237075455,2255,2254,4509,1.0432356804381302,4647,4.647,1,1.6580133640305175,3831.1691063261205
ag,50,1.9878544903415671,1.3115018158711045,1987.854490341567,1947,1943,3890,1.0230851725895866,3525,3.525,1,1.1897917984768676,3338.785707546647
ag,50,1.351240042753414,0.8038133646492961,1351.240042753414,1372,1371,2743,0.9855871938391058,1611,1.611,1,0.6924468636689223,1756.8114957785347
ag,50,0.6505149595786217,0.44457871530173154,650.5149595786218,661,660,1321,0.9856287266342754,364,0.364,1,0.5635243523778183,461.34128421550383
ag,50,1.9772661260187716,1.2752331485858261,1977.2661260187715,1918,1917,3835,1.0314377287526195,3209,3.209,1,0.9576294782909396,3504.5865991854466
ag,50,1.3000971316651704,0.8644805735019192,1300.0971316651703,1325,1324,2649,0.9819464740673491,1590,1.59,1,0.821609740002024,1656.6699903317883
ag,50,1.2348028992421216,0.8411798072814659,1234.8028992421216,1304,1302,2606,0.9483893235346557,1443,1.443,1,0.9362545306339451,1325.1660104874531
ag,50,2.2534734463046866,1.470494149840086,2253.4734463046866,2315,2314,4629,0.9738433216528464,4549,4.549,1,0.9217745446109465,4394.230652419591
ag,50,1.6481499902340948,1.0312584604294197,1648.1499902340947,1641,1640,3281,1.0049695062403017,2309,2.309,1,1.087903312586256,2504.2293506571764
ag,50,1.6530147473365708,1.0883304740386257,1653.0147473365707,1655,1652,3307,1.0006142538356966,2335,2.335,1,1.0199804975255387,2640.994212660632
ag,50,1.6705339953525384,1.0952300298408968,1670.5339953525383,1633,1630,3263,1.0248674818113732,2513,2.513,1,1.1653593925380739,2137.2392181468967
ag,50,0.9439949876466135,0.6244734206879323,943.9949876466135,968,966,1934,0.9772204841062251,800,0.8,1,0.4301909352729858,780.7302608038858
ag,50,2.3177689876362524,1.5464479207255066,2317.7689876362524,2253,2251,4504,1.029661922539428,4564,4.564,1,1.2614728272862672,3814.72272828488
ag,50,1.7265937387122479,1.0824853713593743,1726.5937387122478,1676,1675,3351,1.0308022320670136,2613,2.613,1,0.9228755583457374,2408.5456604475617
ag,50,0.6836725915746418,0.46240455460372004,683.6725915746417,658,656,1314,1.0421838286198808,326,0.326,1,0.6056032573451475,358.5322239483615
ag,50,1.993807371097453,1.3189111914846985,1993.8073710974531,2000,1998,3998,0.9979015871358624,3552,3.552,1,1.3488297480033928,3410.5455917045283
ag,50,1.660840466245564,1.1024011645093124,1660.8404662455641,1669,1668,3337,0.9957077135764772,2497,2.497,1,1.0182025795156524,2075.9066822845925
ag,50,1.3898928078322927,0.8895817554725922,1389.8928078322926,1312,1311,2623,1.0601775803449982,1618,1.618,1,0.9397872375777842,1331.519250226131
ag,50,2.3352244052512816,1.5917588618862133,2335.2244052512815,2288,2286,4574,1.0215329856742263,4820,4.82,1,1.5863083844587067,4875.763600223124
ag,50,0.9534518874580498,0.6447656857129795,953.4518874580498,961,960,1921,0.9931790494354685,715,0.715,1,0.7051652983987299,725.1510181359827
ag,50,2.3089724623420005,1.531574946780515,2308.9724623420007,2278,2276,4554,1.0144870221186295,4674,4.674,1,1.7204740656555437,5087.265018121053
ag,50,2.3835225457023936,1.603843266441109,2383.5225457023935,2302,2302,4604,1.035413790487573,4806,4.806,1,1.8988914143294153,5808.684436052493
ag,50,0.9666257489203471,0.6176331525630134,966.6257489203472,994,993,1987,0.9734398277143476,772,0.772,1,0.5967408347223003,937.7226699539065
ag,50,1.5972104979330035,1.0755589369449863,1597.2104979330036,1624,1623,3247,0.9841099802421464,2330,2.33,1,1.1541027523506384,1838.3176669989832
ag,50,2.7929699927985157,1.853520706287558,2792.9699927985157,2778,2776,5554,1.0061131097977363,7059,7.059,1,2.162330856500113,7546.886703923702
ag,50,0.0,0.0,0.0,0,0,0,,0,0.0,1,0.0,0.0
ag,50,1.9751478982061508,1.2510204124709103,1975.1478982061508,1953,1953,3906,1.0113404496703282,3575,3.575,1,1.5829020680588861,4227.302516083793
ag,50,1.97043670111652,1.2195522453299725,1970.43670111652,1966,1962,3928,1.004300051537472,3388,3.388,1,1.486696715469944,3553.078041843412
ag,50,0.6457459256728582,0.4413510640356751,645.7459256728581,643,643,1286,1.004270490937571,318,0.318,1,0.4067646884443597,340.8982851354063
ag,50,1.6666651645340043,1.0868685473747022,1666.6651645340044,1614,1612,3226,1.0339113923908216,2431,2.431,1,1.0560654836371541,2094.4991392513875
ag,50,3.4702557899951336,2.2365754004530323,3470.2557899951335,3523,3519,7042,0.9861482779184807,10940,10.94,1,2.004718298037276,11587.329767615516
ag,50,1.3543037157380435,0.8980424999486375,1354.3037157380436,1383,1383,2766,0.9792506982921501,1662,1.662,1,0.6578180027263704,1894.8431161793972
ag,50,1.3816255361386125,0.9256374743961936,1381.6255361386125,1313,1312,2625,1.0530682440080887,1651,1.651,1,0.9432570753744763,1646.5290035936293
ag,50,0.9735699028949423,0.6379023566104367,973.5699028949423,974,971,1945,1.0026466559165215,819,0.819,1,0.6003806509515838,917.3466218836288
ag,50,1.2711905425470271,0.8065681163547633,1271.1905425470272,1352,1349,2701,0.9423206393973516,1427,1.427,1,0.9744531243040391,1666.4042256790183
ag,50,1.3074297711967606,0.8451410172913463,1307.4297711967606,1356,1356,2712,0.9641812471952512,1460,1.46,1,0.8754516501369513,1539.6919038969565
ag,50,0.9760096841395354,0.654837394190119,976.0096841395354,975,974,1949,1.0020633307387428,758,0.758,1,0.641690495064576,790.3862558100109
ag,50,1.5986999616949589,1.026865638094023,1598.6999616949588,1596,1595,3191,1.002319725200601,2198,2.198,1,0.88918521596165,2293.666590299643
ag,50,1.7170679498230224,1.123789709726052,1717.0679498230224,1670,1669,3339,1.0288004492648426,2444,2.444,1,1.1043889887771778,2245.9629584374106
ag,50,1.3097519171722485,0.915063064152548,1309.7519171722486,1332,1329,2661,0.9855168676992089,1427,1.427,1,1.0299575764027522,1303.1432582917628
ag,50,0.9908293176929288,0.6320035563701051,990.8293176929288,1036,1034,2070,0.9582488565695637,836,0.836,1,0.7158846160023751,1012.3001280435584
ag,50,2.5787255293935285,1.5871207954957272,2578.7255293935286,2600,2600,5200,0.9918175113052033,5800,5.8,1,1.7806911028443013,6453.459081334468
ag,50,1.0472562276706616,0.6960390920532809,1047.2562276706617,1016,1015,2031,1.0317795346508982,945,0.945,1,0.5547594027653717,1088.4242834751974
ag,50,1.7103949879244926,1.1301910931009926,1710.3949879244926,1645,1643,3288,1.0410194692175854,2510,2.51,1,1.110891965174329,2292.4070752864504
ag,50,1.9076421315791412,1.245570840161084,1907.6421315791413,1924,1923,3847,0.992013588964712,3315,3.315,1,0.9096946052637848,3407.71509756064
ag,50,1.9202269519061408,1.332179528079514,1920.2269519061408,1930,1927,3857,0.9964851852133579,3301,3.301,1,1.5989129370773576,3607.169274156732
ag,50,1.695860549124075,1.0522322831229758,1695.860549124075,1633,1629,3262,1.0410439221142265,2571,2.571,1,1.0751911618314334,2594.037789077597
ag,50,2.2532658153979073,1.5085647905989648,2253.2658153979073,2249,2246,4495,1.0032350024033425,4452,4.452,1,1.3776648400037979,4379.279848604871
ag,50,1.3509033714776515,0.8325147098214115,1350.9033714776515,1288,1284,2572,1.0521054294997285,1528,1.528,1,0.8340228351283496,1720.72417842463
ag,50,1.6890306382000917,1.0836030906104495,1689.0306382000917,1655,1653,3308,1.021797119298301,2371,2.371,1,1.1195980889987405,1308.385346094823
ag,50,2.901228724656195,1.9052745409007261,2901.228724656195,2902,2899,5801,1.0007687908438065,7610,7.61,1,1.9154640934380887,7823.763143627474
ag,50,2.8559660859927405,1.860193444429786,2855.9660859927403,2881,2879,5760,0.9919993351833069,7104,7.104,1,1.8759669355682278,6117.037883339721
ag,50,1.9863420138686378,1.2499799117706456,1986.3420138686379,1977,1975,3952,1.0057427918322217,3486,3.486,1,1.179178472384569,2634.8432272967966
ag,50,2.240050165011019,1.3890626807519124,2240.050165011019,2242,2240,4482,1.0000223950942049,4509,4.509,1,1.5144421070247278,4749.352259348102
ag,50,1.6801228185908066,1.0455645494166717,1680.1228185908067,1641,1640,3281,1.0244651332870773,2575,2.575,1,1.1773684560397122,2141.1089296131095
ag,50,2.046916563298017,1.253714187987527,2046.916563298017,1967,1965,3932,1.0416878184722733,3469,3.469,1,1.0127106860330917,2921.924313893605
ag,50,1.3063192107357064,0.9022328173580885,1306.3192107357065,1309,1308,2617,0.9987149929172068,1433,1.433,1,0.7570763514118123,1337.1931800630218
ag,50,0.6508168402894872,0.43720863228013385,650.8168402894871,632,632,1264,1.0297734814707076,297,0.297,1,0.44547458510354176,284.9482347508372
ag,50,1.258589797743388,0.8293408094025966,1258.5897977433879,1323,1322,2645,0.9520346427710952,1426,1.426,1,0.7470869895432257,1638.471989465275
ag,50,2.2934637702063565,1.4441930683083193,2293.4637702063565,2232,2229,4461,1.0289204891011021,4478,4.478,1,1.1168399216082512,5018.083794969448
ag,50,2.5781120379463216,1.6554007947822347,2578.1120379463214,2537,2535,5072,1.0170067210833615,5743,5.743,1,1.3453264716535358,6327.456989996232
ag,50,1.5686611226288778,1.0294266400841254,1568.6611226288778,1640,1638,3278,0.957668573033503,2275,2.275,1,0.9383085605314496,2632.6195294560757
ag,50,1.2774075831702822,0.8687743445922178,1277.4075831702824,1333,1331,2664,0.9597352240197463,1509,1.509,1,0.8425143163074479,1392.5219349814708
ag,50,3.2186355526789505,2.1400209793749307,3218.6355526789507,3155,3153,6308,1.0208168578112753,8952,8.952,1,2.0862960669391293,9962.756934497515
ag,50,0.9936037463474089,0.7049468727733129,993.6037463474089,1018,1018,2036,0.9760351142901855,823,0.823,1,0.7196639160568352,1005.1953360602481
ag,50,4.140070639941023,2.7059356828064605,4140.070639941024,4103,4098,8201,1.0102661395658916,14910,14.91,1,2.4904988987934376,16599.120253342346
ag,50,4.017936708295882,2.6449007596773635,4017.936708295882,4053,4046,8099,0.9930639417439154,14046,14.046,1,2.1872731806559993,14861.138092656805
ag,50,1.2665370956200823,0.8958234652939369,1266.5370956200823,1312,1310,2622,0.9668222103970093,1408,1.408,1,0.7750084241393858,1403.5659750372556
ag,50,0.960954353571191,0.6716874504395198,960.954353571191,1020,1019,2039,0.9430366570865466,797,0.797,1,0.6422054715275104,781.9028361908676
ag,50,1.385473833871048,0.8528602958007923,1385.4738338710479,1350,1350,2700,1.026276913978554,1569,1.569,1,0.9239193286902073,1632.6551408768864
ag,50,2.312340060004695,1.4779610687739366,2312.340060004695,2264,2261,4525,1.0227067934563003,4778,4.778,1,1.2434372177114652,4106.421469688859
ag,50,0.7000672457961226,0.463961463734538,700.0672457961225,667,666,1333,1.0511520207148985,400,0.4,1,0.5290627342000033,344.848067237083
ag,50,1.6353542778302377,1.0608648638358582,1635.3542778302376,1666,1666,3332,0.9816052087816552,2306,2.306,1,1.0457366090219613,2268.4562895401614
ag,50,1.6308363599595417,1.0501334810049279,1630.8363599595416,1659,1658,3317,0.9836166224122688,2284,2.284,1,0.8482095327916269,2642.8130898069053
ag,50,1.9196090049185655,1.243201320306888,1919.6090049185655,2000,1997,3997,0.9612463720173087,3408,3.408,1,1.1916627936252167,4104.780174213716
ag,50,1.3719138051709792,0.9509725234421658,1371.9138051709792,1295,1294,2589,1.0602115959590257,1550,1.55,1,0.9769418036996739,1728.2715572185068
ag,50,2.305542389948037,1.4846453204661685,2305.542389948037,2322,2322,4644,0.9929123126391202,4779,4.779,1,1.4366593580391607,4151.505906843845
ag,50,1.9363090860815697,1.2542842788505457,1936.3090860815696,1932,1929,3861,1.0037890544746344,3144,3.144,1,1.045013898794059,2870.6182086090957
ag,50,1.63345636972688,1.1277551517323774,1633.45636972688,1641,1640,3281,0.9960099815407805,2473,2.473,1,1.3337508047091344,1979.6485349888314
ag,50,1.9747195856103907,1.317260763857744,1974.7195856103908,1970,1969,3939,1.0029048174760746,3582,3.582,1,1.4003668920176473,3087.5694290347446
ag,50,1.0286357839910754,0.6947278705767826,1028.6357839910754,986,985,1971,1.0443002883158126,819,0.819,1,0.7406082319368149,941.8885029273835
ag,50,1.5843447263501858,1.071775968416328,1584.3447263501857,1618,1614,3232,0.9816262245044521,2140,2.14,1,1.013655895775969,1990.1497816081187
ag,50,1.6605594379614081,1.1096328026536424,1660.559437961408,1657,1654,3311,1.003965802878723,2306,2.306,1,0.9878256425467874,2248.5913929561857
ag,50,1.9951077435144757,1.255357211944643,1995.1077435144757,2031,2030,4061,0.9828116963125496,3500,3.5,1,1.2138498370853454,3738.0779580911253
ag,50,1.6187954347829123,1.0797030579476519,1618.7954347829123,1645,1643,3288,0.9852680674272137,2333,2.333,1,1.0717752291159148,2363.593671096545
ag,50,1.6241172827463408,1.124950611148804,1624.1172827463408,1668,1664,3332,0.9760320208812144,2363,2.363,1,1.0701025221293345,1993.1315634492214
ag,50,2.63616179125225,1.818538298603708,2636.1617912522497,2602,2599,5201,1.0142984960570411,6073,6.073,1,1.895073034729986,4888.3943943615195
ag,50,0.9942680238821263,0.6977889592840293,994.2680238821263,1025,1024,2049,0.9709648670723889,893,0.893,1,0.7523561765187072,1100.8416155212458
ag,50,1.6954919355193505,1.070487818805447,1695.4919355193506,1671,1670,3341,1.0152646320475154,2309,2.309,1,0.9472388599514444,2526.259951845296
ag,50,1.3197558821553388,0.8556528945299515,1319.755882155339,1259,1257,2516,1.049925125024136,1425,1.425,1,1.0637252605104373,1317.7138568531736
ag,50,1.998182054148635,1.2852944689815926,1998.182054148635,2014,2013,4027,0.9926388743907775,3721,3.721,1,1.1446017981265009,3657.7636714353184
ag,50,1.6206463195553897,1.085277131178095,1620.6463195553897,1589,1587,3176,1.02120120954971,2271,2.271,1,0.9844285684294133,3087.963431351994
ag,50,0.9509357594095582,0.6320884747634022,950.9357594095582,939,937,1876,1.0148727421660173,678,0.678,1,0.788849991323716,568.2881108595689
ag,50,0.3567430601285397,0.22947744917866478,356.7430601285397,320,320,640,1.1148220629016865,65,0.065,1,0.2254427275367301,53.887538279073944
ag,50,1.946612192090868,1.285658339448074,1946.6121920908681,1961,1958,3919,0.9941839591883903,3301,3.301,1,1.3834495658165897,4081.253314993846
ag,50,0.9785716645457493,0.6439336346234932,978.5716645457493,1008,1005,2013,0.9737031488017406,870,0.87,1,0.6264228172889509,948.9007764589439
ag,50,2.2114259549561157,1.5300125287563697,2211.4259549561157,2226,2224,4450,0.9943462027680376,4234,4.234,1,1.7892136653009572,4132.332662499924
ag,50,2.223818541651365,1.485984847484513,2223.818541651365,2274,2272,4546,0.9787933722057065,4823,4.823,1,1.2238121302181053,4676.62434361051
ag,50,3.001272643256302,1.911458368797351,3001.272643256302,2919,2917,5836,1.0288901759534803,7642,7.642,1,2.183034109506486,6068.702947421245
ag,50,1.9436241166024129,1.3017243928423181,1943.6241166024129,1913,1912,3825,1.0165398099385003,3205,3.205,1,1.1647249071391088,2872.117208420757
ag,50,0.9895092690420849,0.6808142406887424,989.509269042085,974,974,1948,1.0159232741705184,788,0.788,1,0.7094797210447841,547.1167895659211
ag,50,2.5567760022386885,1.6996889338104817,2556.7760022386883,2502,2500,5002,1.0227104008954753,5681,5.681,1,1.8518321689060349,6298.361895354075
ag,50,1.270110745206083,0.8792686572287343,1270.1107452060828,1327,1327,2654,0.9571294236669803,1493,1.493,1,1.129707500267945,1364.6935846567135
ag,50,1.6127715974051875,0.9953905360926838,1612.7715974051875,1595,1594,3189,1.0117764099154252,2264,2.264,1,0.9428820324869053,2190.967692704999
ag,50,2.0257322453634017,1.253026651354001,2025.7322453634015,1950,1947,3897,1.0404377223232673,3426,3.426,1,1.1497407583177595,3849.159754562525
ag,50,1.9225721351092253,1.2223275570987342,1922.5721351092252,1948,1945,3893,0.9884689640664397,3242,3.242,1,1.033833105723939,3641.5484232245726
ag,50,2.297127989355184,1.5441183706322241,2297.127989355184,2260,2258,4518,1.0173286046745722,4751,4.751,1,1.5151407337758642,4426.286613602368
ag,50,1.3412556539555507,0.8674575365394738,1341.2556539555508,1282,1279,2561,1.0486752571974596,1589,1.589,1,0.7895130846807572,1477.3972660836278
ag,50,2.2305696576206664,1.5680334671282243,2230.5696576206665,2255,2253,4508,0.990044233298121,4419,4.419,1,1.749948647756232,2937.6742135855256
ag,50,2.233907598932332,1.480313413003643,2233.907598932332,2332,2329,4661,0.9591702872186912,5022,5.022,1,1.4774798624046448,4925.113643357645
ag,50,1.284945155707226,0.8795332375473206,1284.945155707226,1364,1362,2726,0.9434252244546446,1447,1.447,1,0.9124248777744601,1437.1564719228847
ag,50,0.9935509241937616,0.6826133556325631,993.5509241937616,996,994,1990,0.9995482134746092,900,0.9,1,0.6499897318863183,797.1651452560614
ag,50,1.8837036607485536,1.2024172236201274,1883.7036607485536,1880,1878,3758,1.003037093050348,3088,3.088,1,1.061288578667112,2898.302799938249
ag,50,0.9838223872266262,0.6887032876660417,983.8223872266262,1003,1003,2006,0.9808797479826782,807,0.807,1,0.6135937950209268,732.5647891265771
ag,50,0.6554772401344434,0.4194827754039141,655.4772401344434,639,639,1278,1.0257859783011634,357,0.357,1,0.3207558512560261,362.70884491493933
ag,50,1.3011278499861865,0.8847206853295165,1301.1278499861864,1344,1342,2686,0.9695438524487231,1456,1.456,1,0.8104267952589512,1245.805807744346
ag,50,2.2539997245869836,1.4906588194417254,2253.9997245869836,2307,2307,4614,0.9770263218842582,4489,4.489,1,1.401119389419949,4143.369349746334
ag,50,2.1877852708139107,1.4758271163963441,2187.7852708139108,2273,2272,4545,0.9629336579286579,4207,4.207,1,1.1038187465946299,3842.0150692883144
ag,50,2.5920764986807487,1.7870474679499575,2592.076498680749,2606,2604,5210,0.9954210824426839,5842,5.842,1,1.1412745079879325,5641.799721615129
ag,50,1.5931259502604715,1.0593538159780973,1593.1259502604717,1636,1636,3272,0.9737933681298726,2283,2.283,1,0.9430321176393159,2334.749306233802
ag,50,2.229883431140521,1.4279509360241271,2229.883431140521,2286,2284,4570,0.9763062307970758,4660,4.66,1,1.418402765751859,4646.65259777466
ag,50,1.6270813573086687,1.065525020915352,1627.0813573086687,1634,1632,3266,0.9969861258018803,2351,2.351,1,1.1416833569702478,2416.532885659406
ag,50,2.522440433620587,1.7009035985345142,2522.440433620587,2506,2502,5008,1.0081696377380445,5805,5.805,1,1.2871778928556934,7287.474769817717
ag,50,1.6510757961792542,1.0489405156981115,1651.0757961792542,1646,1646,3292,1.003083715783265,2326,2.326,1,1.0665847979226881,2426.6502824884988
ag,50,1.266238352214345,0.8362613077498061,1266.238352214345,1326,1324,2650,0.9563733778053966,1482,1.482,1,0.5969730829549059,1653.043438135826
ag,50,1.0080828370315045,0.6624230726471797,1008.0828370315044,1002,1001,2003,1.0070757612702341,882,0.882,1,0.7187525030255301,752.3674042271173
ag,50,2.259308842114486,1.5070654741422984,2259.308842114486,2338,2335,4673,0.9675840865586665,4648,4.648,1,1.9116763933642387,5807.395436803742
ag,50,2.2936083023531655,1.4538658807633325,2293.6083023531655,2298,2294,4592,0.9998292512437513,4844,4.844,1,1.5060369869672856,5747.211250714012
ag,50,1.9902570744360901,1.3149385934293787,1990.25707443609,1954,1952,3906,1.0195989110840626,3480,3.48,1,1.1926712704722988,3720.87804250888
ag,50,2.2078417239921846,1.422369100836103,2207.8417239921846,2285,2280,4565,0.9683516333299055,4456,4.456,1,1.4033449495677022,4194.0328344873815
ag,50,0.6535551676128607,0.435327472082034,653.5551676128607,677,676,1353,0.9667975852261254,329,0.329,1,0.4743753272323872,323.50256213074596
ag,50,2.277687836593119,1.4352059424218568,2277.687836593119,2286,2283,4569,0.9976731653933941,4832,4.832,1,1.3351826400168936,5350.859899043558
ag,50,0.3269181111837217,0.22004265976378945,326.9181111837217,315,315,630,1.0378352735991165,97,0.097,1,0.250990313224272,95.73373861219565
ag,50,1.0064454606400377,0.6600971451851981,1006.4454606400376,1010,1010,2020,0.9964806540990471,851,0.851,1,0.7650993171783376,988.7221418327714
ag,50,1.306622270894477,0.9223941433317284,1306.622270894477,1339,1337,2676,0.9772791854109776,1513,1.513,1,0.9187331415398086,1607.4516896109262
ag,50,1.6102566882164462,1.0400705194142115,1610.2566882164463,1680,1678,3358,0.9596285388655817,2415,2.415,1,0.9923551395476158,2383.812964020312
ag,50,2.606471388895923,1.7021597918355915,2606.471388895923,2586,2584,5170,1.0086963579318589,5904,5.904,1,1.3047333159331584,4302.165785518803
ag,50,2.2804899528451896,1.465512926498187,2280.4899528451897,2226,2223,4449,1.025861427280787,4367,4.367,1,1.4273186301135026,5003.6776583921255
ag,50,3.810298170189496,2.6700274925749574,3810.298170189496,3785,3780,7565,1.0080153889390202,12420,12.42,1,1.9704488047518594,11459.671421589324
ag,50,0.653690046639847,0.42893948731917997,653.690046639847,686,685,1371,0.9542920388902876,330,0.33,1,0.3564289632151302,325.49190061811936
ag,50,1.6472357463204634,1.0874215762357928,1647.2357463204635,1627,1626,3253,1.013060114588231,2326,2.326,1,0.9508388664450395,2368.373414054646
ag,50,1.9805401186740408,1.3086142999511734,1980.5401186740407,1988,1988,3976,0.9962475446046483,3457,3.457,1,1.2352998735604792,3380.460894066931
ag,50,1.9200931582182765,1.294872596866024,1920.0931582182766,1956,1956,3912,0.9816427189254993,3420,3.42,1,1.2414024147163658,3340.6441830375816
ag,50,1.7076195412061193,1.077985908859247,1707.6195412061193,1645,1643,3288,1.03933021375905,2567,2.567,1,0.9673619212551254,2853.471628450853
ag,50,0.3320380178386133,0.22178877254841803,332.0380178386133,319,318,637,1.0441447101843186,41,0.041,1,0.21500302919651404,37.523037985309394
ag,50,2.590766007665164,1.6226442237489522,2590.766007665164,2574,2572,5146,1.0072962704763468,5773,5.773,1,1.2274355324606467,7178.549333173826
ag,50,1.317855204888464,0.8717653067279804,1317.855204888464,1319,1318,2637,0.9998901402795629,1411,1.411,1,0.8424266444343871,1614.0490559326845
ag,50,1.3233667032127727,0.8945633053823726,1323.3667032127728,1321,1321,2642,1.001791599706868,1482,1.482,1,0.7624410701213702,1383.0111280271608
ag,50,2.2437385231621394,1.507763814305786,2243.7385231621392,2257,2256,4513,0.994564948210168,4496,4.496,1,1.5119855080443578,4635.34131904926
ag,50,1.0100130411717274,0.6547864864071119,1010.0130411717274,968,966,1934,1.0455621544220781,764,0.764,1,0.6628091728926596,935.3706634579773
ag,50,1.590191079450536,0.9837651719404265,1590.191079450536,1649,1646,3295,0.9660942159480779,2173,2.173,1,0.8632614078627566,1579.7805980331566
ag,50,1.244535122858765,0.8433011394763348,1244.5351228587651,1266,1264,2530,0.9846005718819344,1384,1.384,1,0.6446036698466544,1636.0737816396027
ag,50,1.6062385226499436,1.0334515775930109,1606.2385226499437,1616,1615,3231,0.9945749366253521,2295,2.295,1,0.9202937600318593,2596.539872834706
ag,50,0.9913050692950581,0.6601231841500369,991.3050692950582,1008,1007,2015,0.9844141701043279,827,0.827,1,0.6666252087758684,811.3016372193773
ag,50,1.307729697871634,0.8841991666130093,1307.729697871634,1316,1314,2630,0.9952280805720198,1577,1.577,1,1.088905600828931,1667.4209248286118
ag,50,1.3554164801315685,0.8396005538695872,1355.4164801315685,1361,1360,2721,0.9966297648026239,1590,1.59,1,0.9826763757008588,1128.9566948992863
ag,50,1.0170836695091745,0.6957782179497408,1017.0836695091746,1015,1013,2028,1.0040312630890174,854,0.854,1,0.729533077548828,687.6311866757611
ag,50,0.33491892125716555,0.22274823744110211,334.91892125716555,345,345,690,0.9707794819048277,72,0.072,1,0.1965032580512451,50.93191062064856
ag,50,1.2497965369665107,0.8495820536458836,1249.7965369665108,1256,1255,2511,0.9958538143159448,1452,1.452,1,1.0273602411129827,1693.4575475236966
ag,50,2.902599242904311,1.855021576950804,2902.599242904311,2910,2908,5818,0.9981427932958428,7561,7.561,1,1.6732562311290706,7074.167509633932
ag,50,1.3214653804116951,0.8439334968172757,1321.4653804116952,1348,1348,2696,0.9803155641036314,1447,1.447,1,0.546339768156101,1293.1298270346933
ag,50,1.331962107537694,0.8469544567916304,1331.962107537694,1300,1300,2600,1.024586236567457,1584,1.584,1,0.815622089570764,1483.7218991512923
ag,50,1.319244473202631,0.8741895656804634,1319.2444732026308,1309,1308,2617,1.008596692050941,1409,1.409,1,0.8118182385798962,1656.8039232835386
ag,50,1.3474971150139667,0.9088944008531046,1347.4971150139668,1337,1335,2672,1.0093611348419227,1430,1.43,1,0.9182701199702594,1440.3741933889016
ag,50,2.2707872305698453,1.5190844654768114,2270.787230569845,2322,2320,4642,0.978787599383554,4743,4.743,1,1.837232801967246,5344.1881635796
ag,50,1.6067811998522044,1.0595961376221477,1606.7811998522043,1625,1625,3250,0.9887884306782796,2307,2.307,1,1.167352147092412,1960.5040885200833
ag,50,1.6351816648907216,1.0871052422045417,1635.1816648907215,1629,1627,3256,1.0050286815554528,2308,2.308,1,0.9966878578588328,2350.9169950184823
ag,50,1.605749981383649,1.0793221141791987,1605.7499813836491,1596,1596,3192,1.0061090108920108,2261,2.261,1,1.529141932951443,2692.425892110782
ag,50,2.2872905759750415,1.494545999636759,2287.2905759750415,2265,2263,4528,1.0107337940676278,4952,4.952,1,1.3671908552571452,6040.630815103024
ag,50,1.6295992917108404,1.1143352112300036,1629.5992917108404,1659,1658,3317,0.9828705016350062,2567,2.567,1,1.3298188840312373,2805.215652333324
ag,50,2.622462619680911,1.6909875618848393,2622.4626196809113,2598,2594,5192,1.010972482529264,5970,5.97,1,1.4772134203776572,5408.568334419619
ag,50,1.377170905238801,0.8924521612124693,1377.170905238801,1370,1369,2739,1.00596852099255,1633,1.633,1,0.9488486220120697,1531.3105416952774
ag,50,1.0277770670688535,0.6670220102645223,1027.7770670688535,1022,1022,2044,1.0056527075037704,817,0.817,1,0.42159435652696087,916.1666200590738
ag,50,0.9908320972479578,0.6582741867030246,990.8320972479578,989,989,1978,1.0018524744670958,838,0.838,1,0.6205745599337558,764.4549936903064
ag,50,1.6366908460895442,1.0696870392041942,1636.6908460895443,1636,1635,3271,1.0010341566296908,2511,2.511,1,0.9008504989912547,1970.4537666200515
ag,50,1.673302072709789,1.1055006411547001,1673.302072709789,1661,1659,3320,1.0086208997647914,2487,2.487,1,1.1039385936392225,2765.0779291531826
ag,50,1.340170363177346,0.840984754969329,1340.170363177346,1338,1336,2674,1.0031215293243607,1593,1.593,1,0.8834146005500465,2082.757174687674
ag,50,1.3221305917121833,0.8726285017217481,1322.1305917121833,1353,1352,2705,0.9779072423906682,1481,1.481,1,0.9403303049815922,1469.0346384079799
ag,50,2.8289422177958587,1.9328544056390817,2828.9422177958586,2877,2875,5752,0.9839799018420378,7106,7.106,1,1.5408910614530185,6976.597428818888
ag,50,1.6153614139072652,1.1019092366866066,1615.3614139072652,1600,1598,3198,1.0108644642723812,2216,2.216,1,1.1889198562761192,1716.5562202792314
ag,50,2.2385875724661735,1.4577909737564678,2238.5875724661732,2224,2222,4446,1.0074651541251904,4404,4.404,1,1.3769042055991296,4861.834111486105
ag,50,1.9660768250021723,1.3452528828669186,1966.0768250021722,1916,1913,3829,1.0277453345541936,3361,3.361,1,1.494880545205534,3443.3865443680675
ag,50,1.65262611441296,1.1566222214026451,1652.6261144129599,1612,1611,3223,1.0258386805791184,2366,2.366,1,1.0490573201173938,2661.908008144148
ag,50,1.731968375291733,1.1031849521373152,1731.968375291733,1658,1654,3312,1.0471392837313984,2582,2.582,1,0.9548086797735776,3160.1760935909865
ag,50,0.6514701125569754,0.4338145864785008,651.4701125569754,661,659,1320,0.9885737671577776,353,0.353,1,0.48507799289065634,365.5119878245688
ag,50,0.6869913045879332,0.45000612426524933,686.9913045879332,648,648,1296,1.060171766339403,358,0.358,1,0.48763472424912935,361.2022827841425
ag,50,2.3045112038215967,1.4947537789175618,2304.5112038215966,2263,2263,4526,1.0183434396030033,4917,4.917,1,1.1020411177010538,5385.427622904894
ag,50,1.2893121598828463,0.816643547676555,1289.3121598828463,1323,1322,2645,0.9752739484741652,1463,1.463,1,0.7721610896346641,1675.5095224097379
ag,50,1.6830767132047337,1.0844802358715784,1683.0767132047338,1666,1663,3329,1.0120725876155945,2469,2.469,1,1.1215380572077263,1998.0539717026309
ag,50,2.2532820083649576,1.5005255735983547,2253.2820083649576,2253,2250,4503,1.0014586703844257,4406,4.406,1,1.3988704209695286,4922.377912219413
ag,50,2.5920346164311097,1.612007282214383,2592.0346164311095,2566,2561,5127,1.0121181633858296,5724,5.724,1,1.8024146173099125,5938.027043964294
ag,50,0.9571821376834078,0.6574378551549106,957.1821376834077,983,982,1965,0.974727227783511,731,0.731,1,0.5872673497373224,710.448068573995
ag,50,1.6299095069883927,1.029755395671676,1629.9095069883926,1618,1616,3234,1.0086073681858865,2535,2.535,1,1.1243096611841588,2268.8937300854755
ag,50,0.6163744076083019,0.43416455983074254,616.3744076083019,643,643,1286,0.9585916136987588,336,0.336,1,0.3970378382790327,361.42464131303745
ag,50,0.661048151560205,0.43921304796110905,661.048151560205,692,691,1383,0.9566543437919031,347,0.347,1,0.4502526346386776,382.41328635889533
ag,50,2.8662059130504423,1.8731353496163035,2866.205913050442,2855,2853,5708,1.0046287813005406,7212,7.212,1,1.611752727330968,6541.435148939699
ag,50,3.206548596186283,2.0853999644712853,3206.5485961862832,3197,3195,6392,1.0036145840958632,9248,9.248,1,2.318906781502483,9646.299516840843
ag,50,1.9166967334304872,1.227087657258224,1916.6967334304873,1982,1978,3960,0.969007448650398,3055,3.055,1,0.7946505925688689,3022.895166961772
ag,50,1.9719495267047717,1.2736206565946115,1971.9495267047716,2014,2012,4026,0.9800941981634054,3619,3.619,1,0.8477280162938136,2958.17607536865
ag,50,1.5909034191291231,1.1086196291127348,1590.9034191291232,1558,1556,3114,1.0224315032963518,2125,2.125,1,0.9405529373117403,2407.743007075513
ag,50,0.6726063642674938,0.43371706367642776,672.6063642674937,672,670,1342,1.0038900959216324,392,0.392,1,0.46651925820411205,392.73590187939465
ag,50,1.956585387597149,1.235926502006747,1956.585387597149,1952,1951,3903,1.0028628332122753,3337,3.337,1,1.660472332033975,2970.6848172403907
ag,50,1.9092943829142537,1.3697592792134838,1909.2943829142537,1960,1957,3917,0.9756230878458118,3223,3.223,1,1.3380694652321599,3199.8213129225846
ag,50,0.6226487835347607,0.4066116119767644,622.6487835347607,642,640,1282,0.9728887242730636,329,0.329,1,0.3957058175102544,376.89474926062604
ag,50,1.0172511239951287,0.6480384125431743,1017.2511239951286,985,984,1969,1.0337917926779763,823,0.823,1,0.6798384089296031,884.814668923557
ag,50,2.2674126908914314,1.4556379821103314,2267.4126908914313,2273,2271,4544,0.9984203834836773,4608,4.608,1,1.1839029960050584,4416.570514152271
ag,50,2.59405983366215,1.6793497552740388,2594.05983366215,2614,2612,5226,0.9931316361646823,5977,5.977,1,1.8401550398448894,5710.654612220269
ag,50,1.264271974016141,0.8673938522263865,1264.271974016141,1310,1309,2619,0.9658303850390688,1531,1.531,1,0.7733689688882751,1540.1041219435647
ag,50,2.576529807839487,1.64377766759043,2576.529807839487,2594,2594,5188,0.9932651533691161,6202,6.202,1,1.403291353273879,7239.841287993672
ag,50,1.6327520501275499,1.0735566328720296,1632.7520501275499,1640,1638,3278,0.9967961233989926,2343,2.343,1,1.0529568853200202,2302.7823383179607
ag,50,2.2389072380515507,1.4903833657680001,2238.907238051551,2262,2260,4522,0.9906669194918366,4495,4.495,1,1.0456571838130475,4408.322700534178
ag,50,1.674283986234541,1.052830719505022,1674.283986234541,1700,1698,3398,0.9860329718695766,2475,2.475,1,0.892702887257327,3055.0058441443616
ag,50,1.3172346845345029,0.8739942694598255,1317.2346845345028,1349,1346,2695,0.9786290375442072,1652,1.652,1,0.6864149322452516,1588.085628001483
ag,50,2.321605242032283,1.4636335600121788,2321.605242032283,2267,2262,4529,1.0263506817118846,4679,4.679,1,1.4823407116230378,4855.132658560123
ag,50,4.393470442335636,2.83364633387725,4393.470442335636,4367,4365,8732,1.0065224381066749,16928,16.928,1,2.6285722305395183,18114.05420926752
ag,50,1.956098800653545,1.3622552719843832,1956.098800653545,1983,1979,3962,0.9884278932054295,3464,3.464,1,1.3003791878637379,3196.680917803729
ag,50,0.9785019120682803,0.6536375539107178,978.5019120682803,946,944,1890,1.036548635665551,774,0.774,1,0.7488910509952567,787.4335032811977
ag,50,1.9114187140489922,1.3270165834527856,1911.4187140489921,1940,1939,3879,0.9857755100819969,3372,3.372,1,1.2802560029379637,3465.653838672325
ag,50,1.0112874312108842,0.6862469653841601,1011.2874312108842,949,947,1896,1.0678853550273328,798,0.798,1,0.5516408347998243,868.0213282056731
ag,50,1.9747246530298295,1.2557709612713452,1974.7246530298294,1987,1984,3971,0.995324925922293,3452,3.452,1,1.1803278582370234,3207.8235306980337
ag,50,1.6076010607585254,1.119699957044725,1607.6010607585254,1558,1555,3113,1.0338270487193089,2162,2.162,1,0.9707906750841012,2239.069382680153
ag,50,1.011638685304063,0.6579915285300465,1011.6386853040631,999,998,1997,1.0136660173387406,806,0.806,1,0.6688621303670845,741.1850357562447
ag,50,0.9390032874090316,0.6602305679341478,939.0032874090316,1014,1013,2027,0.9269528997127656,802,0.802,1,0.7614945223593735,811.8765053022443
ag,50,1.2533326955559019,0.8626581132907611,1253.3326955559019,1286,1286,2572,0.9745977414898148,1567,1.567,1,0.751080826411499,1488.2774553713268
ag,50,0.6602650886667714,0.44391946682455213,660.2650886667714,652,650,1302,1.015792444102725,304,0.304,1,0.5254814200693627,268.0857830728684
ag,50,2.305967242135747,1.558340605925757,2305.967242135747,2283,2281,4564,1.0109457440314542,4665,4.665,1,1.2670402058386754,3827.8590900513327
ag,50,2.8568887298935204,1.8751012155712659,2856.8887298935206,2850,2847,5697,1.0034733859829716,7288,7.288,1,2.070535581574411,5692.373241840748
ag,50,2.327809926213903,1.504145640903797,2327.809926213903,2274,2272,4546,1.0245642280871052,4609,4.609,1,1.6616862684116924,3015.3389430115085
ag,50,1.9499535278107218,1.3201598300576027,1949.9535278107219,1997,1995,3992,0.9774203146920911,3285,3.285,1,1.1966951285881395,3196.4495563151304
ag,50,1.311881683066622,0.8612615613234209,1311.881683066622,1328,1328,2656,0.9878627131525768,1498,1.498,1,1.0160845503473717,1413.8445964714165
ag,50,0.995357636324653,0.6837797441873119,995.3576363246531,987,987,1974,1.008467716640986,840,0.84,1,0.6460720576515643,938.9006423283307
ag,50,1.8848499794502662,1.32204650874338,1884.8499794502661,1890,1888,3778,0.9983315569122172,3168,3.168,1,0.9702252873510075,2532.2882932058696
ag,50,1.6676163513931523,1.0502072426568838,1667.6163513931524,1644,1640,3284,1.0168392386543612,2495,2.495,1,1.23300623233643,2366.441653681166
ag,50,1.6076789548418229,1.0811405451745133,1607.6789548418228,1618,1617,3235,0.9942355935942009,2287,2.287,1,1.0567430315433506,1925.005198015974
ag,50,1.9348045044316655,1.299816860212488,1934.8045044316655,1944,1943,3887,0.9957820403662715,3334,3.334,1,1.2059305505698126,1780.417961819419
ag,50,0.9767849073577285,0.6371095313667939,976.7849073577285,999,998,1997,0.9787423921420125,739,0.739,1,0.5193242480954396,759.6771872798527
ag,50,3.2359844514284055,2.080262135126727,3235.9844514284055,3247,3244,6491,0.997529115730088,9250,9.25,1,1.9426686338552932,11262.805483384887
ag,50,2.851960569611067,1.8677540916294573,2851.9605696110666,2889,2885,5774,0.988547857750803,7152,7.152,1,1.5254020670787143,6407.978064151242
ag,50,1.9023762571127203,1.3049016812636494,1902.3762571127204,1939,1935,3874,0.9831401845543775,3163,3.163,1,1.3641441752083652,3492.215739463226
ag,50,2.013345127444917,1.3050621257859216,2013.3451274449171,1968,1968,3936,1.0230412232951815,3625,3.625,1,1.5163800665233933,3885.5379048446644
ag,50,1.9553840628855377,1.2985807839568493,1955.3840628855378,2003,2003,4006,0.976227689907907,3471,3.471,1,1.0453433936176983,4348.13096613148
ag,50,1.3650615747934798,0.8868294711986304,1365.0615747934798,1377,1374,2751,0.9934945959195632,1656,1.656,1,0.6436654674901096,1728.3165102417875
ag,50,0.6685832128207639,0.43538467606561443,668.583212820764,652,651,1303,1.0270095435034776,309,0.309,1,0.3827929137361891,327.66360064740843
ag,50,1.6524126425254566,1.1084191793719613,1652.4126425254567,1653,1651,3304,1.000855628422445,2476,2.476,1,0.7678565232989865,2546.9170490241245
ag,50,2.318092735401616,1.5919183780086492,2318.092735401616,2333,2332,4665,0.994036335935513,4669,4.669,1,1.63011209328115,4631.518322851032
ag,50,1.0024485153521585,0.6540377116786439,1002.4485153521586,1013,1013,2026,0.9895839243357932,900,0.9,1,0.6882406268922803,1022.7312885293513
ag,50,2.2153317785992,1.4686205731187958,2215.3317785992003,2288,2287,4575,0.9686627803232183,4581,4.581,1,1.4755800556420557,5586.7903496130475
ag,50,1.2618446740005897,0.8861941615356405,1261.8446740005897,1347,1346,2693,0.937477469539814,1468,1.468,1,0.8220858450081208,1407.7065583266685
ag,50,2.340690472704908,1.5401877939394777,2340.690472704908,2245,2242,4487,1.0440189441145888,4769,4.769,1,1.4375636061515524,5347.050699643808
ag,50,1.0334549062614313,0.6746909946449968,1033.4549062614312,986,986,1972,1.0481287081758937,981,0.981,1,0.6431597733844702,1013.9698086494849
ag,50,1.3265895284857476,0.889217540798858,1326.5895284857477,1283,1281,2564,1.0355890152113565,1453,1.453,1,0.9287103528933458,1465.8802447476762
ag,50,1.2884068148243641,0.8556163058666922,1288.4068148243641,1343,1342,2685,0.9600646906291834,1489,1.489,1,0.7669459979826142,1563.1652062594105
ag,50,2.2542468114577563,1.4769472812140911,2254.2468114577564,2297,2295,4592,0.9822426193715714,4686,4.686,1,1.2809846892056607,4530.754173920204
ag,50,1.2964320711446173,0.8614145553390776,1296.4320711446173,1313,1313,2626,0.9873816231109043,1524,1.524,1,0.9783957175764865,1691.8062079056845
ag,50,1.0361921212216718,0.6802543558619017,1036.1921212216719,1009,1008,2017,1.0279683742278491,867,0.867,1,0.813839041557739,929.4341989213325
ag,50,2.8507484808115633,1.819305710602818,2850.7484808115632,2943,2938,5881,0.9703024100788166,7414,7.414,1,1.6599943066055867,6396.154106705053
ag,50,1.3326814348223937,0.8883987721328961,1332.6814348223936,1296,1293,2589,1.0306894314171644,1461,1.461,1,1.043657601608391,1328.5184188709459
ag,50,1.032373428545698,0.6674998192859101,1032.373428545698,995,994,1989,1.0386050588990927,965,0.965,1,0.752873107016023,986.0382991729783
ag,50,3.9469090887699165,2.5257419713039626,3946.9090887699167,3832,3830,7662,1.030524566258464,13249,13.249,1,2.9025976005394334,11066.393179896697
ag,50,3.6242471663012648,2.2259955355920593,3624.2471663012648,3590,3586,7176,1.0106656905469227,11504,11.504,1,2.2167154516809657,10600.174440880577
ag,50,2.016131411334262,1.2570919630481499,2016.1314113342619,1920,1917,3837,1.0517117430017016,3363,3.363,1,0.8443578037668135,2136.982173332402
ag,50,1.0154467775672407,0.6568184965176367,1015.4467775672407,1015,1014,2029,1.001426802334557,864,0.864,1,0.7774111392821278,913.151651133007
ag,50,1.6493964118342317,1.122578775846567,1649.3964118342317,1613,1613,3226,1.0225644214719354,2387,2.387,1,1.2940541219259631,2417.7547403634167
ag,50,2.3068454684651023,1.6410528581566348,2306.8454684651024,2270,2268,4538,1.0171276315983697,4596,4.596,1,1.6155032981052957,4887.696570714941
ag,50,1.2846798713959529,0.8981090099836144,1284.679871395953,1285,1284,2569,1.0005294948566612,1387,1.387,1,0.7528806309037491,1043.0412532691616
ag,50,0.976425138804361,0.6506963562830369,976.425138804361,954,953,1907,1.024580418472572,796,0.796,1,0.6846567200497834,828.5275880784601
ag,50,1.63183756352179,1.0937137157069106,1631.8375635217901,1624,1621,3245,1.0066857270338,2230,2.23,1,1.5891209578013723,2639.798873837095
ag,50,2.896805669646532,1.901203606032384,2896.805669646532,2920,2919,5839,0.9923965980289592,7823,7.823,1,2.246805853380439,8234.67622146346
ag,50,1.7059231623647235,1.1401327088688233,1705.9231623647236,1639,1636,3275,1.0427403192938407,2533,2.533,1,0.9393706833318718,2386.5505124752885
ag,50,0.6658879263643053,0.44738047147764437,665.8879263643053,705,704,1409,0.9458635317674791,389,0.389,1,0.42592428789071884,294.47542268488274
ag,50,1.7004186552874816,1.058627032522931,1700.4186552874817,1596,1595,3191,1.0660932008071986,2540,2.54,1,1.060441976980374,3062.273388778468
ag,50,0.6810457822711544,0.4497576436330942,681.0457822711544,684,684,1368,0.9956809682326818,380,0.38,1,0.37557971571892185,336.1277068680019
ag,50,1.7116980894965468,1.1199504531334417,1711.6980894965468,1661,1658,3319,1.03238726748887,2351,2.351,1,1.2745679828362604,1966.740554239288
ag,50,2.5526644244425745,1.6337476163020648,2552.6644244425743,2615,2613,5228,0.9769094620905374,6030,6.03,1,1.7408487411981781,5611.732783311699
ag,50,0.6675469275410403,0.41481056294730906,667.5469275410403,639,639,1278,1.0446743779984982,351,0.351,1,0.4574424326308197,298.2715712818683
ag,50,1.652219444553502,1.0732078410395909,1652.219444553502,1647,1647,3294,1.0031690616596856,2378,2.378,1,1.1098110601173112,2496.491760072035
ag,50,1.9642405711412867,1.2974964601156316,1964.2405711412866,1978,1976,3954,0.9940488720350641,3554,3.554,1,1.4492050208394667,3467.1374298197243
ag,50,2.33470668494897,1.5990696213737323,2334.70668494897,2280,2278,4558,1.0248931891786524,4590,4.59,1,1.8614231386906803,4302.563704636084
ag,50,1.2698025612614716,0.8525135161818448,1269.8025612614715,1296,1295,2591,0.9805425183486266,1414,1.414,1,0.836173066342221,1241.4075913015593
ag,50,1.9219235393009617,1.26493552164495,1921.9235393009617,1951,1948,3899,0.9866137265405347,3298,3.298,1,1.4336033600859275,3284.1242169051156
ag,50,1.9163400260167105,1.2950502468871674,1916.3400260167105,1906,1904,3810,1.0064811061012136,3168,3.168,1,1.3690362847671567,3171.515653040497
ag,50,1.9414543747750905,1.252984297476426,1941.4543747750906,1973,1971,3944,0.9850098299214057,3463,3.463,1,1.2948496053477698,3057.2149356951973
ag,50,1.612613584566262,1.1265766983803691,1612.6135845662618,1626,1623,3249,0.9936004834049672,2260,2.26,1,1.3405574518370447,2332.4111670187235
ag,50,1.6491432050741683,1.0593718110025316,1649.1432050741682,1645,1644,3289,1.0031284702397616,2303,2.303,1,1.1695868265972849,2433.4622371660885
ag,50,0.9956324160889937,0.6815194616447511,995.6324160889936,1023,1023,2046,0.9732477185620662,814,0.814,1,0.7329996502479516,803.7128006742354
ag,50,2.8679448031972634,1.8449541426692826,2867.9448031972634,2821,2820,5641,1.017001703261441,7409,7.409,1,1.7317644236874536,8928.844315266586
ag,50,2.218845029487815,1.5092232152223888,2218.845029487815,2288,2286,4574,0.970623372479359,4612,4.612,1,1.1781453818968928,4507.119412600613
ag,50,0.7149207962934652,0.47289322705046094,714.9207962934652,672,671,1343,1.0654557321810212,340,0.34,1,0.4471230994614504,332.064364807374
ag,50,1.02621898542625,0.6340192116456398,1026.21898542625,1013,1012,2025,1.0140503808559782,861,0.861,1,0.6111933379844513,1133.436918292903
ag,50,1.306566942987988,0.8693762514525194,1306.566942987988,1310,1307,2617,0.9996686633419954,1507,1.507,1,0.9829815634367703,1488.34281076015
ag,50,4.042766393551003,2.562152519573064,4042.7663935510027,4116,4109,8225,0.9838808453519111,14776,14.776,1,2.1891653454603555,13357.052442473185
ag,50,1.6759516628511866,1.0879029093418862,1675.9516628511865,1631,1631,3262,1.0275607988051418,2455,2.455,1,0.9864844234719924,2320.1280358631043
ag,50,1.323691514674811,0.8406651849268381,1323.6915146748108,1288,1286,2574,1.029309109389433,1489,1.489,1,0.9769242092698306,1541.861577413757
ag,50,3.5416242307082273,2.2887001423323645,3541.6242307082275,3495,3493,6988,1.0139204783018114,11162,11.162,1,2.1094761679717973,11946.621527980815
ag,50,1.291495394662104,0.8948440243582847,1291.495394662104,1289,1288,2577,1.0027138157314472,1383,1.383,1,0.7564486967305847,1058.0320549064445
ag,50,1.228808348901373,0.8686719294887276,1228.808348901373,1336,1334,2670,0.9211456888316139,1355,1.355,1,0.6772133296055767,1164.4122483353062
ag,50,1.290267927841277,0.9168495622789662,1290.267927841277,1337,1337,2674,0.9650470664482251,1465,1.465,1,1.0566737016400891,1335.5476398333403
ag,50,1.7078322575533635,1.0965724015631009,1707.8322575533634,1688,1687,3375,1.012348700387293,2479,2.479,1,1.0634695312436075,1776.5916037098914
ag,50,1.6314290591679272,1.0413212619876717,1631.4290591679273,1646,1644,3290,0.9923534423162576,2241,2.241,1,0.7646196959077658,1940.857693887024
ag,50,1.016711790027658,0.6840194290998968,1016.711790027658,1005,1005,2010,1.01165352241558,794,0.794,1,0.897115544968472,802.9283997345923
ag,50,1.6625015088402888,1.0384283345181449,1662.5015088402888,1634,1632,3266,1.0186896500246867,2372,2.372,1,0.8485924877742623,2082.5958919003665
ag,50,2.3099717088196154,1.4999321767723433,2309.9717088196153,2210,2209,4419,1.045709238940523,4524,4.524,1,1.1647371595133253,5471.993697661823
ag,50,1.3891287726213968,0.9071824276165241,1389.1287726213968,1378,1374,2752,1.011010751543957,1498,1.498,1,1.000342369447303,1503.7245272933465
ag,50,0.6606939519007631,0.44428965785414803,660.6939519007631,635,633,1268,1.0437503189585515,314,0.314,1,0.41454720717247373,324.43392831896836
ag,50,2.274167243267756,1.5340780075271139,2274.167243267756,2296,2296,4592,0.990490959611392,4553,4.553,1,1.3835104152628408,5087.547739416236
ag,50,1.2804192581049993,0.8869924941807937,1280.4192581049992,1313,1310,2623,0.9774192809961826,1471,1.471,1,0.7938305347696819,1575.3261249539087
ag,50,2.2730285836203437,1.5027589443881306,2273.028583620344,2216,2214,4430,1.0266615102169574,4350,4.35,1,1.9073400316611964,3863.338797256939
ag,50,1.6764073570949742,1.0595537024241355,1676.4073570949743,1710,1708,3418,0.9815031364724673,2391,2.391,1,0.9799908590728614,2632.8548609527497
ag,50,1.3335611246246413,0.87582799068614,1333.5611246246413,1348,1347,2695,0.9900231066255688,1443,1.443,1,0.9488672239306629,1019.5461755551256
ag,50,2.2740621642278573,1.4627143867241297,2274.0621642278575,2272,2269,4541,1.0022310111184916,4628,4.628,1,1.3300980389831816,4764.885798075819
ag,50,2.9086999733581513,1.8114613019255144,2908.6999733581515,2907,2904,5811,1.0016184481260852,7484,7.484,1,1.6501165693579205,8862.716742036175
ag,50,1.0025087907843393,0.6561138323024583,1002.5087907843392,1049,1047,2096,0.9575060083900088,847,0.847,1,0.627256549957545,984.5529872602523
ag,50,2.6083610279413905,1.6836921193317922,2608.3610279413906,2556,2554,5110,1.0212846624672633,6092,6.092,1,1.2185069244853655,5260.187584331631
ag,50,0.6424357694066598,0.4168289824195601,642.4357694066598,681,679,1360,0.9461498813058318,309,0.309,1,0.339769160742009,281.9577493183012
ag,50,0.9288796607410548,0.6298491684175119,928.8796607410547,994,993,1987,0.9354276543213039,739,0.739,1,0.7396144729976708,709.1913411214031
ag,50,1.3634301695307545,0.9302032834090801,1363.4301695307545,1325,1324,2649,1.029781094811748,1497,1.497,1,1.0325051700225203,1380.328404520023
ag,50,1.9017037180000558,1.3076513974883337,1901.7037180000557,1907,1904,3811,0.9987939695378444,3232,3.232,1,0.9565065684847558,3646.311549396781
ag,50,1.3544128046844457,0.8884066529157832,1354.4128046844457,1335,1333,2668,1.016063619418189,1620,1.62,1,1.2519908645614106,1804.6716121519785
ag,50,2.9485972320454596,1.8103324216727046,2948.59723204546,2891,2885,5776,1.022044101228929,7781,7.781,1,1.5911868682489885,6413.928107898492
ag,50,1.295074417321439,0.8553072642264501,1295.0744173214391,1330,1330,2660,0.9737401633995783,1533,1.533,1,1.09435912447666,1654.404541536718
ag,50,1.9580353014806617,1.3370864504830235,1958.0353014806617,1929,1926,3855,1.0166330744967091,3370,3.37,1,1.317107658974924,2402.2872362298344
ag,50,2.2464586472403463,1.5874573834523655,2246.458647240346,2336,2332,4668,0.9633184593655001,4710,4.71,1,1.321993838540978,5523.024429087413
ag,50,0.7050283845816514,0.42436339290195635,705.0283845816514,662,662,1324,1.0649975597910142,324,0.324,1,0.41082204887745427,320.5115130586762
ag,50,1.602712537854022,1.0819358737757163,1602.712537854022,1596,1593,3189,1.0060970105800515,2229,2.229,1,1.0130529642917805,2424.830483826868
ag,50,1.6947145382360838,1.12445559162307,1694.7145382360839,1674,1674,3348,1.012374276126693,2402,2.402,1,1.2994359369823592,2919.0679900214786
ag,50,1.2589736169475172,0.8617949613968597,1258.9736169475173,1345,1343,2688,0.93743381753352,1430,1.43,1,1.0347475460787166,1655.8687538889237
ag,50,1.277444856464927,0.8580099432171295,1277.444856464927,1325,1324,2649,0.9648375048828753,1468,1.468,1,0.8383814824119764,1313.2624074439625
ag,50,0.6314584314889747,0.44526194324312346,631.4584314889747,623,622,1245,1.0152064814935284,330,0.33,1,0.5023016363899534,310.9081442050603
ag,50,2.5821106110165455,1.702368356315776,2582.1106110165456,2559,2558,5117,1.0094255711558036,6204,6.204,1,1.351280827436985,5886.18295994751
ag,50,0.9542521112871427,0.6178983086032123,954.2521112871427,1004,1003,2007,0.9513979175345391,810,0.81,1,0.6946435590548516,775.0058568371452
ag,50,0.9877452303642245,0.6519278764643515,987.7452303642244,991,990,1981,0.997722454913358,801,0.801,1,0.789271537407206,953.6203631709998
ag,50,1.337039935514269,0.8385932590920037,1337.039935514269,1282,1281,2563,1.0437470222593825,1618,1.618,1,0.8622347306274403,1683.9557536401708
ag,50,0.3234170648453062,0.2188184670121532,323.4170648453062,323,323,646,1.0012912224312884,46,0.046,1,0.22687273591911503,41.81205088807132
ag,50,0.6951297690034415,0.46241418545134527,695.1297690034414,657,656,1313,1.059649038115002,364,0.364,1,0.4683885810485905,443.2654821896445
ag,50,1.647965412398749,1.142811138924124,1647.965412398749,1636,1636,3272,1.0073138217596267,2276,2.276,1,1.3155760695713046,1908.8199742143715
ag,50,1.923081158667725,1.2137919163946342,1923.081158667725,1912,1911,3823,1.0063219040647435,3150,3.15,1,1.0952698745886569,3209.4150025909285
ag,50,0.9794014368542006,0.6908369847084406,979.4014368542006,996,995,1991,0.9843230521147744,841,0.841,1,0.815991589269263,638.7643640819625
ag,50,1.666862925474979,1.1285785496565977,1666.862925474979,1665,1665,3330,1.0011188741591466,2447,2.447,1,1.0439417719789805,2786.6808829383176
ag,50,1.2979683459920763,0.8349279842480094,1297.9683459920764,1300,1299,2599,0.9992058090778109,1532,1.532,1,1.0541504168628741,1535.2462201584706
ag,50,1.2803133437401837,0.8492550938699303,1280.3133437401837,1334,1333,2667,0.9604751265867845,1512,1.512,1,0.9285779570306936,1725.9934703041656
ag,50,0.6322113570243219,0.42860313395001937,632.2113570243218,661,660,1321,0.9578959954913967,323,0.323,1,0.5148603613167874,343.18875425719085
ag,50,2.850975440602031,1.8462170479265978,2850.975440602031,2946,2943,5889,0.9687310365620221,7370,7.37,1,2.125881375581072,6148.801629323994
ag,50,2.303217867883786,1.4473585059538723,2303.217867883786,2231,2228,4459,1.0337602638616634,4473,4.473,1,1.1621221152570655,3859.513133441939
ag,50,1.8988222350533097,1.2288863910028565,1898.8222350533097,1986,1983,3969,0.9575502950344477,3261,3.261,1,1.2695488394883276,3422.9835705319147
ag,50,1.5986209528893691,1.0566902835628396,1598.6209528893692,1660,1659,3319,0.9636051554486854,2321,2.321,1,1.2650343889219158,2255.029209449232
ag,50,0.9908272124901428,0.6489297878886341,990.8272124901429,1007,1006,2013,0.9849177062526271,878,0.878,1,0.6583992306812724,910.8166763618091
ag,50,1.7250429947550319,1.1372204405133608,1725.042994755032,1683,1681,3364,1.0262004727870506,2513,2.513,1,0.8975762334536299,2844.965461640977
ag,50,2.615733496431183,1.6751011450895703,2615.733496431183,2603,2599,5202,1.0064384364875656,5868,5.868,1,1.415446600029166,5156.673829620722
ag,50,1.2606003517507247,0.8410962331644716,1260.6003517507247,1315,1313,2628,0.9600916616532557,1596,1.596,1,0.8639768419095143,1805.8645458021479
ag,50,1.9607516982676307,1.2760427643852783,1960.7516982676307,1955,1954,3909,1.0034553215289819,3733,3.733,1,1.5620107222354935,3465.8287310949195
ag,50,1.6016972761607475,1.072824941011233,1601.6972761607476,1666,1662,3328,0.9637167726598963,2376,2.376,1,1.5512720855273268,2911.6037457674934
ag,50,1.9346409061989256,1.3852892952912765,1934.6409061989257,1912,1911,3823,1.0123709608576272,3284,3.284,1,1.468388868039591,3214.1079781985736
ag,50,0.9855835086632737,0.6515527541019942,985.5835086632737,1019,1018,2037,0.9681566882743357,954,0.954,1,0.5496391643049857,1096.4399883025467
ag,50,2.3074767407520875,1.4592748147734635,2307.4767407520876,2294,2293,4587,1.0063134499572994,4652,4.652,1,1.5325811593973095,5009.095925730713
ag,50,1.0026700180273183,0.6533673117842203,1002.6700180273183,985,984,1969,1.0189735955562178,881,0.881,1,0.4827504161779382,796.7073895737209
ag,50,1.648565202359073,1.1074819908332691,1648.5652023590728,1719,1718,3437,0.9595839361810669,2629,2.629,1,0.8726790252774306,2359.237312512625
ag,50,1.9381757881745352,1.2509153889477116,1938.1757881745352,1935,1933,3868,1.002677593468461,3404,3.404,1,1.2750803463961005,2878.684455892796
ag,50,1.0422832554941446,0.6794968593666333,1042.2832554941447,996,994,1990,1.0485747037164432,939,0.939,1,0.6907738272965086,1207.7135697713927
ag,50,1.6243943153854796,1.0599278764680493,1624.3943153854796,1580,1577,3157,1.0300534656851488,2354,2.354,1,1.0009552265309225,2463.349746916723
ag,50,1.3241891520854205,0.8567341327213869,1324.1891520854206,1313,1311,2624,1.010060375351198,1441,1.441,1,0.8507714404401491,1663.2348533980924
ag,50,1.322279960041267,0.8527979306229266,1322.2799600412668,1336,1334,2670,0.9912143628495254,1464,1.464,1,1.0035342224645576,1444.296169888127
ag,50,0.3197886137397138,0.21752385626214593,319.7886137397138,310,309,619,1.0349146075718894,84,0.084,1,0.25452166788023645,95.35343181308548
ag,50,0.9557959657819943,0.6477370695970358,955.7959657819944,971,971,1942,0.9843418803110138,772,0.772,1,0.7900747646548264,540.8862771921725
ag,50,0.9724707237121678,0.6242530014557499,972.4707237121678,999,999,1998,0.9734441678800478,792,0.792,1,0.4773063523698386,612.0542498525044
ag,50,1.0265547829172441,0.6801184249806851,1026.5547829172442,1041,1040,2081,0.9870719066511964,939,0.939,1,0.7048447291812554,759.6543619094924
ag,50,0.9152736763741043,0.6201415032428754,915.2736763741043,963,961,1924,0.9524179774964665,721,0.721,1,0.6609310005749973,579.1986807253012
nag,50,1.9662525561134414,1.3030780636825374,1966.2525561134414,2008,2005,4013,0.9806745915777763,3576,3.576,1,1.42423045890737,4114.7415906505175
nag,50,0.6474227967800137,0.4210637220793153,647.4227967800136,679,679,1358,0.9534945460677667,354,0.354,1,0.5115571695210902,333.23440405020284
nag,50,1.3075939997836665,0.8668936826869126,1307.5939997836665,1340,1337,2677,0.9780059833834454,1518,1.518,1,0.8421061357349428,1447.2925815886217
nag,50,2.4959174210402235,1.5634079662720857,2495.9174210402234,2586,2583,5169,0.966286264436788,5679,5.679,1,1.2518400904032791,4288.414651858155
nag,50,0.30707619591475066,0.2127804058172763,307.07619591475066,316,316,632,0.9717601136542743,52,0.052,1,0.2203402672267551,53.88918279180626
nag,50,0.979280420816355,0.626481150945146,979.280420816355,1042,1042,2084,0.9398084652748129,896,0.896,1,0.583090247845784,863.2932466946168
nag,50,1.358365786079042,0.8493576253427002,1358.365786079042,1355,1355,2710,1.0024839749660825,1647,1.647,1,1.0301208518830092,1357.3189774193656
nag,50,1.5922758320680754,1.0203187660531197,1592.2758320680755,1553,1551,3104,1.0266123997859933,2199,2.199,1,1.0375284020433377,2403.465073940816
nag,50,1.2965706020608716,0.9035056907521857,1296.5706020608716,1316,1316,2632,0.9852360198030939,1421,1.421,1,0.8696813064359681,1586.158284755023
nag,50,1.6263187906912,1.079927126013309,1626.3187906912,1665,1663,3328,0.977942748461335,2346,2.346,1,1.0971890606756154,2486.930938137683
nag,50,1.002030511831645,0.6802657320160592,1002.0305118316451,1007,1006,2013,0.9960541867113768,850,0.85,1,0.7445379177577669,848.9284549690108
nag,50,1.672331917605552,1.1444712079619013,1672.331917605552,1592,1590,3182,1.0517810802550642,2244,2.244,1,1.2842571352740872,2388.0552963361406
nag,50,1.6345097381658502,1.1480908597216695,1634.5097381658502,1631,1629,3260,1.0033822824836405,2323,2.323,1,1.147065097194161,2299.1185285571823
nag,50,1.3351617855160263,0.8739132984825578,1335.1617855160262,1344,1343,2687,0.994163652655269,1517,1.517,1,0.8962002050595655,1461.0017441844493
nag,50,1.9238487208235255,1.2822603891372961,1923.8487208235256,1921,1918,3839,1.003049385205175,3266,3.266,1,1.3253432832482874,3843.123604121973
nag,50,0.6789167833365136,0.4437755031015513,678.9167833365136,678,677,1355,1.0028312900096212,353,0.353,1,0.45516444424857544,353.48370452027615
nag,50,1.9566240010934675,1.2665772712821626,1956.6240010934675,1908,1905,3813,1.027099213172424,3558,3.558,1,1.2474690719588257,3437.00467382213
nag,50,1.3234484702120364,0.838502104730329,1323.4484702120365,1298,1298,2596,1.0196059092542653,1290,1.29,1,0.7740690349335433,756.4930168797249
nag,50,1.9379989991909918,1.3675516016175238,1937.9989991909918,1953,1951,3904,0.9933362374120921,3294,3.294,1,1.3153944559881128,4552.475649986728
nag,50,1.6345181355029572,1.072065271324629,1634.5181355029572,1680,1679,3359,0.9735069300196291,2336,2.336,1,1.0626930637492906,2669.3104735138545
nag,50,1.6464774665604562,1.0972575307304446,1646.4774665604562,1625,1624,3249,1.0138408045323006,2329,2.329,1,1.0255144089271537,1948.741953139704
nag,50,1.6085806132582625,1.062672782952472,1608.5806132582625,1628,1625,3253,0.9898957620050846,2215,2.215,1,1.371255632809501,1845.5278612325276
nag,50,1.5798120310361248,1.0457510116629174,1579.8120310361248,1649,1647,3296,0.9592058476236338,2291,2.291,1,1.0348426309717216,2148.1522138288074
nag,50,1.9331291957799004,1.3017841022535461,1933.1291957799003,1951,1947,3898,0.9928758067693376,3500,3.5,1,1.474865141434998,2286.4982188238223
nag,50,1.353225049932361,0.8526553524071366,1353.2250499323611,1350,1349,2699,1.0031319866066428,1654,1.654,1,0.9534151205366314,1597.5378217965695
nag,50,0.6650154286658978,0.45867284337748687,665.0154286658978,648,647,1295,1.0278445574434278,323,0.323,1,0.4847231374292583,286.21358185092464
nag,50,1.9990278041827578,1.1995369249503542,1999.0278041827578,1997,1996,3993,1.0015169359633056,3434,3.434,1,1.0744058498548585,3836.513742249081
nag,50,1.6567749973151686,1.0961334072688018,1656.7749973151685,1659,1657,3316,0.9998642108118097,2386,2.386,1,0.9003863408849604,2577.8563328840637
nag,50,0.3236373584769821,0.2188962186750235,323.6373584769821,333,332,665,0.9748113207138015,67,0.067,1,0.18062364463343522,58.656727439080704
nag,50,1.6442451867818237,1.0371005995417677,1644.2451867818238,1642,1641,3283,1.001977566594652,2418,2.418,1,1.0610661174915514,2014.1119837504436
nag,50,1.2830902983695012,0.9058268500393951,1283.0902983695012,1328,1328,2656,0.9661824535914918,1496,1.496,1,0.9371651470274616,1122.1087277999695
nag,50,1.6918585882013755,1.072110092216751,1691.8585882013754,1682,1680,3362,1.0070586834531996,2452,2.452,1,1.0739230002577027,1811.4052526351347
nag,50,1.6032608559763093,1.0875855866059172,1603.2608559763094,1567,1565,3132,1.0244478312947665,2173,2.173,1,1.2895052835334597,2017.7242751310744
nag,50,1.3678657742848763,0.9101193612318508,1367.8657742848764,1329,1327,2656,1.0307956098604947,1576,1.576,1,0.9588798694979246,1470.3257616640913
nag,50,1.3244961684609542,0.8592346437684553,1324.496168460954,1275,1275,2550,1.0388205242831012,1494,1.494,1,0.841307767250468,1330.9652489966722
nag,50,2.208933047359368,1.4927994570454115,2208.933047359368,2319,2317,4636,0.9533591054636893,4482,4.482,1,1.504750976281276,5998.44648036614
nag,50,1.3216068087877295,0.8647676472543601,1321.6068087877295,1301,1299,2600,1.0174032400213469,1471,1.471,1,1.0728060903460113,1326.5283046844775
nag,50,1.6597041974654294,1.1046794292782403,1659.7041974654294,1614,1613,3227,1.028954865136658,2516,2.516,1,0.911193733124435,1895.9516288854752
nag,50,0.6934138441720146,0.4519727663618422,693.4138441720146,657,657,1314,1.0554244203531424,332,0.332,1,0.33073711547611484,279.80716220261723
nag,50,2.89688243025059,1.861086523777933,2896.88243025059,2844,2839,5683,1.0203883163968264,7306,7.306,1,1.4589317192604854,8481.024213629627
nag,50,1.9837666338014093,1.3155053529852927,1983.7666338014092,1953,1951,3904,1.0167947892370113,3367,3.367,1,1.3538128658262245,2470.0361244664336
nag,50,1.2765207981559417,0.8530394575779522,1276.5207981559417,1317,1316,2633,0.9700006065014755,1346,1.346,1,0.7754146877710413,1263.9882032427538
nag,50,1.3645538154982195,0.945407556066213,1364.5538154982196,1325,1321,2646,1.032970337243164,1559,1.559,1,1.1349894275786832,1251.2419910445726
nag,50,1.9351944685672364,1.274136299317362,1935.1944685672365,1940,1939,3879,0.998037374196615,3270,3.27,1,1.0801845749658512,3444.1972673160103
nag,50,2.97137791748782,1.9643945130164862,2971.37791748782,2838,2836,5674,1.047735513923773,7438,7.438,1,1.9128670330801059,7463.060310078037
nag,50,1.9635318344215735,1.2617181869833787,1963.5318344215734,1960,1959,3919,1.0023133406950349,3284,3.284,1,1.3272968367361477,3790.70869593762
nag,50,2.2310287992481195,1.4358687996539148,2231.0287992481194,2285,2283,4568,0.9772355669067541,4695,4.695,1,1.1835522475390623,4285.428406511678
nag,50,0.9649008943157678,0.6490364446940552,964.9008943157678,932,932,1864,1.0353013887508238,715,0.715,1,0.6266263912365011,655.6711202508613
nag,50,2.5863789660002077,1.7704690139819554,2586.3789660002076,2569,2566,5135,1.0079419197194885,5906,5.906,1,2.1413637597009814,3940.3801518102164
nag,50,1.9169482563783582,1.251357642221844,1916.948256378358,1992,1992,3984,0.9623234218766858,3220,3.22,1,1.1406996034645558,3032.8016312100335
nag,50,1.9885117608109586,1.2678137627801283,1988.5117608109585,1966,1965,3931,1.0119652726773325,3447,3.447,1,0.9553197481676631,3391.574209752368
nag,50,3.267008417762232,2.0724667440203217,3267.008417762232,3161,3159,6320,1.0341906988800988,9543,9.543,1,2.577841244168677,7404.522296339245
nag,50,1.6609584874957266,1.0537033324996483,1660.9584874957266,1637,1635,3272,1.0158767507619122,2520,2.52,1,1.4521611033031012,2526.031778612762
nag,50,1.6550167899561143,1.0871042159030089,1655.0167899561143,1667,1665,3332,0.9940040780517203,2374,2.374,1,1.1167295590591195,2683.4359078292846
nag,50,0.3558488951827331,0.22922045897996132,355.8488951827331,337,337,674,1.0559314397113742,59,0.059,1,0.24809948070597893,54.34677346710394
nag,50,2.3297066841403704,1.4719866379304904,2329.7066841403703,2317,2315,4632,1.0063527793262939,4753,4.753,1,1.2383270433097195,4994.521058555481
nag,50,1.7115595528367182,1.0962599491029017,1711.5595528367182,1633,1629,3262,1.0506811251299681,2483,2.483,1,0.9514110110156015,1990.0923341314012
nag,50,1.404570734731547,0.923356860027164,1404.570734731547,1330,1328,2658,1.0576586857918275,1604,1.604,1,0.7739627412199723,1360.6901716905832
nag,50,2.3661796484753324,1.5590462877746307,2366.179648475332,2309,2305,4614,1.026542146843962,4818,4.818,1,1.5179824223732619,5462.874397481821
nag,50,0.9501954670183438,0.6487658468441727,950.1954670183438,986,983,1969,0.9666281454917027,808,0.808,1,0.4850013581736252,895.0087125316174
nag,50,0.0,0.0,0.0,0,0,0,,0,0.0,1,0.0,0.0
nag,50,2.3086481813785023,1.490831443237651,2308.648181378502,2291,2288,4579,1.0090245547982963,4508,4.508,1,1.4851062351103017,3989.7612970149335
nag,50,1.3645761187217114,0.9038812281732057,1364.5761187217113,1346,1344,2690,1.0153096121441305,1610,1.61,1,1.0361602686006528,1567.9320329312122
nag,50,2.008956026720586,1.3719039994465436,2008.9560267205861,1942,1939,3881,1.0360784047037577,3488,3.488,1,1.501522678798244,3673.244845052701
nag,50,1.6699097599917898,1.0444678224750692,1669.9097599917898,1653,1651,3304,1.011453519074373,2338,2.338,1,0.9285065696523915,2354.5583985650906
nag,50,1.6097818583033991,1.1500677623227316,1609.781858303399,1573,1571,3144,1.0246860969467848,2206,2.206,1,1.075150232941596,2472.090522385542
nag,50,2.255944693425119,1.5456625141477014,2255.944693425119,2277,2274,4551,0.9920601114446435,4594,4.594,1,1.9420361591755337,4662.285734253447
nag,50,0.9930287975947688,0.6739727062168318,993.0287975947688,1016,1015,2031,0.9783534951672599,863,0.863,1,0.680075074350763,1004.5397564531148
nag,50,0.3373905786535072,0.22355817608935874,337.3905786535072,347,347,694,0.9723071430936807,70,0.07,1,0.20467012523319592,78.02720529005036
nag,50,2.007935370376226,1.3060239535457052,2007.9353703762258,1882,1877,3759,1.06975778922548,3317,3.317,1,1.0467633342242832,2616.045550225997
nag,50,1.6638204797219127,1.0335297641371075,1663.8204797219128,1712,1708,3420,0.9741337703289887,2503,2.503,1,1.1405734471780011,2237.4732809532256
nag,50,2.0204416713125206,1.3331598375111444,2020.4416713125206,1931,1929,3860,1.0474036657918717,3332,3.332,1,1.7100582819627783,3547.0206255493017
nag,50,2.318051836162098,1.4692676968002234,2318.051836162098,2305,2305,4610,1.0056624018056823,4543,4.543,1,1.0597609281521256,4587.762761995424
nag,50,0.3290074899035574,0.220761561490918,329.00748990355737,324,323,647,1.018599039949094,66,0.066,1,0.20328735441737295,71.73947004719219
nag,50,1.9356318987786654,1.193060224455401,1935.6318987786653,1933,1931,3864,1.0023987047015357,3395,3.395,1,1.0836564287138775,3223.800148806186
nag,50,1.2987262873862284,0.9179622460458832,1298.7262873862285,1267,1266,2533,1.0258501480143984,1334,1.334,1,1.2453767164782794,1309.245858976762
nag,50,2.5555976773383815,1.590290687171165,2555.5976773383813,2619,2617,5236,0.9765371331059921,5788,5.788,1,1.6520346471200797,6338.597285576488
nag,50,3.788003641104042,2.440749486480202,3788.003641104042,3817,3814,7631,0.9931839646313692,12786,12.786,1,2.0879145721920094,15035.613282155518
nag,50,1.9775358088167203,1.3633493414629811,1977.5358088167204,1911,1909,3820,1.0359014189715665,3390,3.39,1,1.3601277624650843,3317.137320981912
nag,50,1.3085359072533078,0.8715533896475393,1308.5359072533079,1323,1322,2645,0.9898153610085536,1409,1.409,1,1.0515317354679443,1626.6408037126967
nag,50,1.0207922888312082,0.6803252893034916,1020.7922888312082,1050,1050,2100,0.9721831322201984,912,0.912,1,0.5848024248391033,857.5314274207566
nag,50,1.8978880908456568,1.2775743843785787,1897.8880908456567,1930,1928,3858,0.9843817898577057,3299,3.299,1,1.4999009264472922,3074.736466424764
nag,50,0.6919255927764701,0.4500564971989793,691.9255927764701,669,669,1338,1.0342684495911363,302,0.302,1,0.5117595529095934,310.1457982790998
nag,50,0.0,0.0,0.0,0,0,0,,0,0.0,1,0.0,0.0
nag,50,1.9406105306384105,1.285866720309655,1940.6105306384104,1961,1957,3918,0.9916252072756313,3441,3.441,1,1.127649357509621,3250.475346523498
nag,50,1.9617136706172735,1.2823468527965396,1961.7136706172735,1948,1947,3895,1.0075570984166786,3399,3.399,1,1.1386351859822197,2482.304036779032
nag,50,2.6286408207918193,1.792240754400905,2628.6408207918194,2628,2625,5253,1.0013869793492645,6219,6.219,1,2.0453031605412137,5662.348474777447
nag,50,1.589553612113411,1.0743900231210863,1589.553612113411,1633,1631,3264,0.9745883581320729,2301,2.301,1,1.2409268914679092,2623.593171432465
nag,50,1.9512826710138877,1.2697815856937829,1951.2826710138877,1989,1988,3977,0.9815305186186558,3361,3.361,1,1.0339599924946985,2828.3027874659224
nag,50,0.3490935420494977,0.22722724094883326,349.0935420494977,339,338,677,1.0328211303239578,83,0.083,1,0.17238281857496604,73.60756875984067
nag,50,1.3190736444597282,0.8583030356969111,1319.0736444597283,1313,1311,2624,1.0061583863155823,1494,1.494,1,0.9902408969032077,1560.944112965269
nag,50,1.6260347075433987,1.0350694204094772,1626.0347075433988,1641,1638,3279,0.9926951816504266,2307,2.307,1,1.1333324808935656,2600.2085053181063
nag,50,3.4432144279552728,2.3100348846202587,3443.2144279552726,3431,3428,6859,1.004438281200488,10545,10.545,1,2.148729007794711,11540.056426467465
nag,50,2.16543312721921,1.5176630296492695,2165.43312721921,2221,2219,4440,0.9758599041096033,4149,4.149,1,2.115684641275508,3810.821083469127
nag,50,2.615102036320583,1.7575814722121417,2615.102036320583,2591,2589,5180,1.0100818989264515,5802,5.802,1,1.7812356999310044,5582.956936566701
nag,50,1.9699674577636466,1.3645075385539012,1969.9674577636465,1925,1922,3847,1.0249570539873292,3150,3.15,1,1.320955027471222,3511.2581432949664
nag,50,1.2621349929753714,0.8416027073160997,1262.1349929753715,1290,1289,2579,0.9791582567691012,1379,1.379,1,0.8537753335334672,1121.1623208253886
nag,50,2.33436641003915,1.5388386902804976,2334.3664100391497,2333,2332,4665,1.0010147555914022,4902,4.902,1,1.0926968696448556,5805.15797874652
nag,50,1.9034406700685302,1.230382187274964,1903.4406700685302,1942,1940,3882,0.9811549845714073,3327,3.327,1,1.338048981239484,4008.8162473925313
nag,50,2.2431331817463853,1.4448337192511054,2243.133181746385,2247,2245,4492,0.9991684551208843,4528,4.528,1,1.7502328170677268,4440.08925144511
nag,50,1.6102264352097488,1.05255465661899,1610.2264352097488,1642,1640,3282,0.9818453873230176,2369,2.369,1,1.0821509947409387,2358.774474876486
nag,50,1.2897256888191007,0.8108593307817376,1289.7256888191007,1324,1323,2647,0.9748493490696151,1483,1.483,1,0.7456647585402556,1525.3584675331397
nag,50,2.914777547282345,1.8975560031375622,2914.777547282345,2959,2958,5917,0.9853879470190483,7814,7.814,1,1.931759691056379,5375.640744261812
nag,50,2.283661975059981,1.524434427962152,2283.661975059981,2232,2231,4463,1.0236046504078804,4344,4.344,1,1.8841387067433286,4347.864607448313
nag,50,2.319153316824742,1.5383885544945828,2319.153316824742,2287,2283,4570,1.0158358812197732,4602,4.602,1,1.45245039750905,4195.684524247119
nag,50,0.6416995934932452,0.42633305699864105,641.6995934932453,679,679,1358,0.945065675247784,367,0.367,1,0.3512396211742286,329.0899153542204
nag,50,1.0469625899851962,0.655885747058984,1046.9625899851962,1022,1021,2043,1.0254285896035222,830,0.83,1,0.5973014921497413,893.4831939550002
nag,50,1.6512526538792265,1.066005743215635,1651.2526538792265,1668,1667,3335,0.9905534816312097,2436,2.436,1,1.1596939107561648,2618.144527738625
nag,50,1.6425047421237986,1.1131538404560983,1642.5047421237987,1593,1592,3185,1.0317240842486173,2285,2.285,1,1.0242286160439324,2077.283930491393
nag,50,1.9126395704754136,1.2071904540624303,1912.6395704754136,1901,1898,3799,1.0077131562041168,3210,3.21,1,0.9860711538572128,3527.2923713988102
nag,50,1.3281737582891433,0.854539297886585,1328.1737582891433,1318,1318,2636,1.00771908823152,1572,1.572,1,0.7679586415429229,1601.929044547038
nag,50,1.58179047004342,1.112794129057705,1581.79047004342,1661,1659,3320,0.9534601989411815,2278,2.278,1,0.9074980409739476,2205.546714002021
nag,50,1.295760371792057,0.9046761781071502,1295.760371792057,1304,1302,2606,0.9952076588264647,1338,1.338,1,1.1208996122397552,1443.9759586717064
nag,50,0.6519843039910971,0.4439532442657658,651.9843039910971,660,659,1319,0.9893540273006026,326,0.326,1,0.6196122477172201,348.0950465152302
nag,50,1.6428345504889488,1.1172575275312555,1642.8345504889487,1658,1654,3312,0.9932494259304405,2256,2.256,1,1.2331473319438455,1655.6041782381924
nag,50,1.9210244985196294,1.3373852112137543,1921.0244985196293,1909,1906,3815,1.0078827379431423,3219,3.219,1,1.1973620394000803,2765.9868651008346
nag,50,1.8735964809374366,1.2221940080481168,1873.5964809374366,1924,1920,3844,0.9758315004882482,3327,3.327,1,1.1459415070717371,3216.3038380712296
nag,50,0.32525299551837894,0.21946348442470032,325.25299551837895,327,326,653,0.9977085752097514,76,0.076,1,0.2058389361351022,77.36559432223972
nag,50,1.8760876072939732,1.2969529884456286,1876.0876072939732,1933,1930,3863,0.9720661177688981,3276,3.276,1,1.1587993149892064,3588.3544256372065
nag,50,1.2958862290610396,0.8848867155614327,1295.8862290610396,1294,1293,2587,1.0022321957161946,1472,1.472,1,1.0083025942203276,1529.0664889907287
nag,50,1.3010123450905136,0.8696282900298506,1301.0123450905135,1293,1292,2585,1.0069754992960631,1479,1.479,1,0.9574784798888482,1551.3500245110308
nag,50,0.6483842359702696,0.4423899920061367,648.3842359702696,624,623,1247,1.0407451620710588,306,0.306,1,0.5274395624224879,245.51003233424305
nag,50,0.35852007907878625,0.2299834319761271,358.52007907878624,351,350,701,1.0243430830822464,80,0.08,1,0.23454954110777795,99.1200190115562
nag,50,2.2884757550852126,1.4843026650274322,2288.4757550852128,2295,2295,4590,0.9971571917582627,4908,4.908,1,1.7174755147230127,4653.101128597031
nag,50,0.9924060551580337,0.662455249204113,992.4060551580337,1023,1021,2044,0.9719941774319625,872,0.872,1,0.8715087250590392,1016.7518285809788
nag,50,1.6472140659722092,1.0668338181125128,1647.2140659722093,1601,1599,3200,1.030152636630525,2177,2.177,1,1.0365939176042254,2036.6751148077697
nag,50,1.3161453815709114,0.8684486766490497,1316.1453815709115,1360,1360,2720,0.9677539570374349,1625,1.625,1,0.834946089874321,1706.5324757581504
nag,50,0.6660558209035516,0.44233614713516634,666.0558209035516,682,681,1363,0.9780555373033064,399,0.399,1,0.46614880106732015,435.3155320218925
nag,50,1.3156834751773046,0.8486510430260673,1315.6834751773044,1318,1315,2633,1.0005197529865433,1454,1.454,1,0.9600322929633707,1569.3943890959292
nag,50,1.2996825942377956,0.9032525247825176,1299.6825942377957,1297,1296,2593,1.0028415078995336,1440,1.44,1,0.8913325712314433,1157.2756896976682
nag,50,1.8967127467604459,1.2130831386574883,1896.712746760446,1980,1976,3956,0.959874871842331,3309,3.309,1,1.1711514969559325,3317.79656731377
nag,50,2.281671229732574,1.4245537042224814,2281.671229732574,2351,2348,4699,0.9717509496305681,4669,4.669,1,1.3698967793107577,4800.812700915944
nag,50,0.32943942643664736,0.22090909074574017,329.43942643664735,339,338,677,0.9746728592800218,48,0.048,1,0.2611278530597144,46.08260431208663
nag,50,0.9654968767705968,0.6695442913797264,965.4968767705968,1006,1005,2011,0.9606934097219869,803,0.803,1,0.6050830048491087,681.7874521318057
nag,50,1.0089498824136667,0.6476194301345607,1008.9498824136666,974,972,1946,1.038014282318587,819,0.819,1,0.5750710783201309,744.7012439623268
nag,50,1.5908594432379732,1.0663400600742856,1590.8594432379732,1621,1619,3240,0.982618556663356,2292,2.292,1,0.9860626789008935,2747.949785448184
nag,50,0.9629502593985741,0.6347703891264349,962.9502593985742,1023,1022,2045,0.9422213888440061,904,0.904,1,0.6730466212008882,816.8747377203522
nag,50,1.6213904845637657,1.1777696156215056,1621.3904845637658,1637,1634,3271,0.9922830382887183,2283,2.283,1,1.2690883584244597,2326.146049485515
nag,50,1.9289436183223605,1.2527105335410933,1928.9436183223604,2002,2001,4003,0.9639898142540532,3418,3.418,1,1.2754266429715269,3537.2735710732472
nag,50,0.3324996043676729,0.22194361746301391,332.4996043676729,343,343,686,0.969386601655023,78,0.078,1,0.19495074396877934,71.10908980952794
nag,50,1.9397304130059503,1.2171580807503866,1939.7304130059504,1989,1987,3976,0.9762105752420485,3606,3.606,1,1.3260989175813391,3645.3527270727777
nag,50,1.7047495266122528,1.1184141229354445,1704.7495266122528,1657,1655,3312,1.0300601369258324,2446,2.446,1,1.2599505827112711,2129.2747538814597
nag,50,1.0101864999575567,0.6321475400183431,1010.1864999575566,966,964,1930,1.0479113070099135,757,0.757,1,0.6048716366997285,846.6742521780427
nag,50,1.619475189021597,1.0646675638619085,1619.475189021597,1627,1626,3253,0.9959872011202934,2351,2.351,1,1.148210352561454,2710.631698696423
nag,50,0.32607249723830417,0.21974922378308026,326.07249723830415,313,312,625,1.0451041578150775,72,0.072,1,0.2076545767375254,81.0467664764778
nag,50,1.2548354428855395,0.8675962741672927,1254.8354428855396,1341,1341,2682,0.9357460424202383,1317,1.317,1,1.214331564638994,1241.689448615338
nag,50,1.9026276179320725,1.2796060953882722,1902.6276179320726,1940,1936,3876,0.9827621993450788,3234,3.234,1,1.1560537687058239,2572.868187564044
nag,50,1.6733354873969168,1.142355362468484,1673.3354873969167,1667,1665,3332,1.0050062987368868,2442,2.442,1,1.060252307349219,2894.1986626214034
nag,50,2.1780662235970687,1.4475565177433494,2178.0662235970685,2254,2251,4505,0.967599388537125,4282,4.282,1,1.4589080683259332,4672.099824808121
nag,50,0.9840410003385034,0.6609004660702426,984.0410003385034,1021,1019,2040,0.9656928364460289,880,0.88,1,0.7045220055136671,881.0045109311585
nag,50,2.2052206422160197,1.394919706758406,2205.2206422160198,2237,2235,4472,0.9866759025575033,4519,4.519,1,1.278197484757002,3808.848006189649
nag,50,0.9374124384526331,0.6236838368504312,937.4124384526331,1012,1010,2022,0.9281311271808248,799,0.799,1,0.6196607807936442,857.6950758597685
nag,50,2.9572580465442835,1.947701186865681,2957.2580465442834,2907,2902,5809,1.0190413668312486,7653,7.653,1,1.6915917539034206,7046.012660500665
nag,50,2.5515309957407424,1.7196864368639158,2551.5309957407426,2545,2542,5087,1.0037494082379004,5604,5.604,1,1.7472193747769726,4456.458160400671
nag,50,3.5255639457856023,2.2304542801425766,3525.5639457856023,3496,3489,6985,1.0104797780984816,10583,10.583,1,1.7289640389566368,13297.309266443888
nag,50,0.32556585389338205,0.21957272867205507,325.56585389338204,322,322,644,1.01107408041423,58,0.058,1,0.20078678311252462,64.87980853047856
nag,50,3.150696122108033,2.0984822669130034,3150.696122108033,3193,3193,6386,0.9867510560939659,8799,8.799,1,2.0765161762259505,7070.04837756889
nag,50,1.0021960386040558,0.6709905484880166,1002.1960386040558,992,991,1983,1.0112977180666558,742,0.742,1,0.7650196479547671,838.0625390306972
nag,50,0.6721373518701363,0.4404417686654469,672.1373518701364,676,675,1351,0.9957590398076095,354,0.354,1,0.3449035136134429,295.45479647567373
nag,50,1.6845034899556537,1.1018476002548154,1684.5034899556538,1652,1650,3302,1.0209112060337295,2454,2.454,1,1.3558937640671318,1777.7731591467034
nag,50,2.279895264118385,1.515388596722561,2279.895264118385,2252,2250,4502,1.0132867840526156,4431,4.431,1,1.469070294871195,3331.614753726935
nag,50,2.0117467945104415,1.3091254445204317,2011.7467945104413,1960,1956,3916,1.0285004061914322,3398,3.398,1,1.228114852769634,3567.434753531102
nag,50,1.2969241490407393,0.888204852205326,1296.9241490407392,1347,1345,2692,0.9642558728927428,1428,1.428,1,0.9414949454430909,1534.394949393589
nag,50,1.9509489895097234,1.2878763689262744,1950.9489895097233,1934,1933,3867,1.009285561050038,3345,3.345,1,1.247801823527599,3057.696847976073
nag,50,1.660142775430587,1.0517322527367023,1660.142775430587,1653,1652,3305,1.0049290408175466,2392,2.392,1,1.0352780439363307,2471.616296388093
nag,50,1.9680537764963335,1.2372771723651528,1968.0537764963335,1957,1955,3912,1.0066771235275362,3442,3.442,1,1.4122235375835541,3433.953865425384
nag,50,1.9666170671634213,1.3121297132020027,1966.6170671634213,1964,1963,3927,1.0018426220903827,3358,3.358,1,1.1071023395473274,3523.9903598715327
nag,50,1.0055469879616061,0.6484302968493085,1005.5469879616062,996,996,1992,1.0095853292787211,751,0.751,1,0.6836709749682023,921.7100303281744
nag,50,1.9035307505979626,1.34509166906638,1903.5307505979627,1985,1983,3968,0.9599247355511662,3255,3.255,1,1.5364856587355873,3002.065010150597
nag,50,1.976712326167862,1.3051546576277875,1976.712326167862,1912,1910,3822,1.0349279194596137,3462,3.462,1,1.0886399344050932,2983.2526630739344
nag,50,3.7476934467894436,2.473078188029273,3747.6934467894434,3827,3823,7650,0.9803017124743509,12822,12.822,1,2.718131548809237,13538.921232748919
nag,50,0.9550406046489655,0.650903358431298,955.0406046489654,983,982,1965,0.9725464405793945,738,0.738,1,0.4338254331283918,638.1241311509817
nag,50,1.9720047111263006,1.1932914836598605,1972.0047111263007,1970,1967,3937,1.0025443371257248,3263,3.263,1,1.1828768294215373,3602.7358640301613
nag,50,1.961467063742483,1.2122266888935715,1961.4670637424829,1976,1975,3951,0.9931478803759407,3498,3.498,1,1.5811855706961304,3177.541204298016
nag,50,2.190883973899293,1.4348040265864463,2190.8839738992933,2300,2296,4596,0.9542177586669396,4476,4.476,1,1.6992687947057195,4531.814241383751
nag,50,0.3381600735852991,0.22380783821808423,338.1600735852991,344,344,688,0.9830234697247066,59,0.059,1,0.25336663712562146,49.04122731324062
nag,50,1.29276374408991,0.8669731109087072,1292.76374408991,1358,1356,2714,0.9533655929866593,1558,1.558,1,1.1089915161777082,1929.1689201095155
nag,50,1.6261375588010218,1.0916976784666677,1626.137558801022,1602,1600,3202,1.0163359742506386,2354,2.354,1,1.1307453710585806,2258.5690491621795
nag,50,3.2289279458330173,2.0105365626906013,3228.9279458330175,3273,3271,6544,0.987137861764909,9156,9.156,1,2.1066376886888,9580.858262765623
nag,50,1.6777597648615301,1.1142589901782702,1677.7597648615301,1629,1628,3257,1.030564966131161,2373,2.373,1,1.3229837215035791,2536.4322469962676
nag,50,0.659789259831393,0.4379196176502246,659.789259831393,646,644,1290,1.0245174842102376,338,0.338,1,0.4486035062219754,333.38673283767747
nag,50,0.9110921526196051,0.6207251087244547,911.092152619605,973,972,1945,0.9373376055757253,758,0.758,1,0.6478040855340214,669.9892572739727
nag,50,0.9447935386601782,0.66156897895919,944.7935386601782,969,967,1936,0.9770357173321388,783,0.783,1,0.7309178020519868,709.4024420642954
nag,50,0.6477251716468367,0.4160861982705492,647.7251716468368,656,654,1310,0.9904054612336953,312,0.312,1,0.3709265142071385,381.6146676315827
nag,50,0.6942488931053709,0.43680148580203276,694.2488931053708,714,713,1427,0.9737011123497487,361,0.361,1,0.4283239384511526,367.2487542530964
nag,50,0.979824077179718,0.6492857952017532,979.824077179718,974,972,1946,1.0080494621190514,824,0.824,1,0.6788692237426476,731.9288913088831
nag,50,0.35097797808620246,0.22779243698472362,350.9779780862025,340,340,680,1.032288170841772,102,0.102,1,0.25426787598071643,96.08906851863901
nag,50,2.517669189090686,1.6418012777633824,2517.669189090686,2563,2562,5125,0.9826967951173637,5730,5.73,1,1.4644745816028437,6063.3077059192
nag,50,2.190125004837813,1.4280307974716562,2190.125004837813,2159,2157,4316,1.015356979526107,4072,4.072,1,1.1748706076496396,4262.561717671323
nag,50,2.0383158324172626,1.3479960022460546,2038.3158324172628,1971,1968,3939,1.0357295896429182,3446,3.446,1,1.384942723161233,3912.9849050251064
nag,50,1.023419171946495,0.6679625456730047,1023.419171946495,984,983,1967,1.0411181810239014,888,0.888,1,0.7349305451470534,917.3942815408462
nag,50,1.68826885513728,1.0512695146058149,1688.26885513728,1702,1700,3402,0.9930993265513413,2461,2.461,1,0.7295168070835546,2705.5866138941024
nag,50,1.5453017312951545,1.0464696834360738,1545.3017312951545,1572,1572,3144,0.9830163685083679,2258,2.258,1,1.2557016582275977,1975.7242262353393
nag,50,1.3244438458441468,0.8972887199340681,1324.4438458441468,1337,1335,2672,0.9920927684225819,1504,1.504,1,1.1091896528626919,1373.1549525627618
nag,50,0.34720935059728253,0.22665501745509586,347.20935059728254,339,338,677,1.0272465994002442,67,0.067,1,0.2595655295463222,76.32539435463467
nag,50,2.898741026217855,1.8155656754261909,2898.7410262178546,2816,2811,5627,1.0312134564987032,7465,7.465,1,2.6457794935784205,6163.175480959569
nag,50,1.8952515376429129,1.2112782864350953,1895.2515376429128,1969,1968,3937,0.9630343179079841,3164,3.164,1,1.1660042861389461,3160.279181874355
nag,50,2.830872490273729,1.9722322266031196,2830.872490273729,2881,2880,5761,0.9829418369006003,7148,7.148,1,2.000928032791415,5599.465418817326
nag,50,2.226714143882438,1.534121176831592,2226.714143882438,2214,2211,4425,1.007107256391876,4345,4.345,1,1.3134952673058597,4738.277371885642
nag,50,1.3265956842439466,0.8289746789169465,1326.5956842439466,1338,1337,2675,0.9922181632340663,1482,1.482,1,0.5883852414899894,1656.0068247477097
nag,50,0.6452120265753442,0.44191111984834947,645.2120265753441,641,640,1281,1.0081437915239753,320,0.32,1,0.483194956887684,295.6128429000641
nag,50,0.6756278323082043,0.43657397772652384,675.6278323082043,663,662,1325,1.0205858494081637,366,0.366,1,0.5302699297734972,373.2225671133762
nag,50,2.298194722188604,1.4179681176490933,2298.194722188604,2256,2254,4510,1.0196072414323887,4843,4.843,1,1.065625412261592,5097.234646548458
nag,50,1.6434548291784536,1.0326147580534175,1643.4548291784536,1641,1638,3279,1.0033301765436224,2389,2.389,1,0.7923670443036906,2595.63607715638
nag,50,1.9763374453542364,1.246212025734059,1976.3374453542365,1962,1960,3922,1.0083354313031818,3397,3.397,1,1.2521378697812937,4077.7674575059646
nag,50,0.35022614832040494,0.22756779335305866,350.22614832040495,331,331,662,1.0580850402429152,65,0.065,1,0.27911337036093825,76.39037095858852
nag,50,0.9991199331131277,0.6560947335245995,999.1199331131278,999,997,1996,1.0021263120492756,854,0.854,1,0.6310342171309626,944.6173127481866
nag,50,2.6074298144672157,1.6886807397685384,2607.4298144672157,2605,2602,5207,1.002086784960498,6036,6.036,1,1.6323922333844731,7962.363783738183
nag,50,0.3070157689935652,0.21275708658285497,307.0157689935652,329,328,657,0.9360236859559914,46,0.046,1,0.3107138245432159,44.66524141011935
nag,50,1.016672384521966,0.6631042461934258,1016.672384521966,963,963,1926,1.0557345633665276,874,0.874,1,0.6796770028591635,885.5510022401081
nag,50,1.6475780462503495,1.0704711013959531,1647.5780462503496,1642,1640,3282,1.0046207599087498,2410,2.41,1,0.8347152362562145,2131.13052518513
nag,50,1.9917661476896351,1.3397140079532144,1991.766147689635,1982,1979,3961,1.0064508073216953,3352,3.352,1,1.5294265604290629,2844.8410722099443
nag,50,2.2266133687305603,1.4444450576249919,2226.61336873056,2294,2292,4586,0.9714718013658639,4899,4.899,1,1.2366353904828467,6350.575332517485
nag,50,1.8928600468032046,1.2345323972726883,1892.8600468032046,1894,1893,3787,0.9999260680418408,3203,3.203,1,1.110246181946144,3111.114564189004
nag,50,2.2264077267268787,1.4834466852961405,2226.4077267268785,2246,2243,4489,0.9926026423213904,4364,4.364,1,1.0370089629862536,4985.223897271374
nag,50,0.3291081928228888,0.22079599023974106,329.1081928228888,348,348,696,0.9457131977669218,88,0.088,1,0.18810530231499886,94.55352305237967
nag,50,1.3626840421399948,0.8252120799434742,1362.6840421399947,1326,1325,2651,1.0284407865207508,1641,1.641,1,0.8961778595464491,1738.6588475436315
nag,50,1.2644811631152577,0.8488857105370424,1264.4811631152577,1336,1334,2670,0.9478869288720072,1456,1.456,1,0.7717927983595756,1067.0224565165029
nag,50,0.7047095561790002,0.4414795989532737,704.7095561790002,685,685,1370,1.0287730747138688,403,0.403,1,0.340600886025782,446.68370116181364
nag,50,1.6174849911532256,1.0132995520325045,1617.4849911532256,1625,1624,3249,0.9959882950450897,2350,2.35,1,1.0161875417261204,2758.5090137430934
nag,50,3.1594092108143297,2.1715451232122533,3159.4092108143295,3218,3216,6434,0.9824033615716199,8974,8.974,1,2.472139348209802,9628.647833159206
nag,50,2.5721136172457326,1.7703796124104996,2572.1136172457327,2588,2585,5173,0.9950149389732041,5914,5.914,1,1.947392053205886,7279.427831268485
nag,50,0.6708238725850681,0.4400431435222315,670.8238725850681,693,693,1386,0.9679998161400694,367,0.367,1,0.3967054447721468,391.368072891966
nag,50,0.39903763751968674,0.23980660136239382,399.0376375196867,352,352,704,1.1336296520445646,84,0.084,1,0.20545576275995217,58.26339873870021
nag,50,1.3601153749434007,0.8784147028591591,1360.1153749434006,1389,1388,2777,0.9799102124952455,1606,1.606,1,0.8883809262288028,1463.9968688820675
nag,50,1.9647602561637336,1.2879950556047315,1964.7602561637336,1921,1917,3838,1.0249140616399237,3396,3.396,1,1.5704925447426474,3715.164156197685
nag,50,1.3019336722244934,0.8192833361775245,1301.9336722244934,1356,1353,2709,0.962256963950106,1500,1.5,1,0.7025751986375813,1424.138446965652
nag,50,3.8470392163566713,2.352538151192907,3847.039216356671,3773,3770,7543,1.0204348053996475,13305,13.305,1,2.5242174052022963,13327.206153121615
nag,50,1.6563605322013268,1.1145856111612915,1656.3605322013268,1644,1642,3286,1.0087457565172515,2357,2.357,1,0.9449446387499962,2526.6137759780186
nag,50,1.7018689330655143,1.1662562244699324,1701.8689330655143,1668,1665,3333,1.0221435033426511,2567,2.567,1,1.1281241290257567,3067.6825773373166
nag,50,2.621130092549025,1.7557086260331487,2621.130092549025,2593,2592,5185,1.0112384616315684,6044,6.044,1,1.7988616966511435,6136.26171270571
nag,50,1.9505730360996645,1.3498259051778363,1950.5730360996645,1900,1899,3799,1.027157996892925,3054,3.054,1,1.4612957355566845,3403.4285181579394
nag,50,1.6655312824286554,1.0790817613197097,1665.5312824286555,1700,1698,3398,0.9808782582029772,2582,2.582,1,1.037181770941963,1963.30088940893
nag,50,1.9892028216819186,1.2710726117586681,1989.2028216819187,2010,2005,4015,0.9921211080707825,3479,3.479,1,1.6514387111399813,3701.7961847546767
nag,50,2.5976152656387055,1.6083985482884604,2597.6152656387053,2576,2573,5149,1.00956675695247,6229,6.229,1,1.6220182641963983,5379.398411611012
nag,50,1.9787709468885741,1.2741435890762436,1978.7709468885741,1904,1900,3804,1.0414583930992496,3292,3.292,1,1.4984420807561136,3786.8728810125394
nag,50,2.045440678550703,1.3172766880512932,2045.440678550703,1942,1940,3882,1.0543508652323212,3326,3.326,1,1.7714803109261479,3523.481249430085
nag,50,1.6391123934771732,1.0427461089217032,1639.112393477173,1600,1599,3199,1.0250859246261246,2181,2.181,1,1.1222936699992254,2344.644640344245
nag,50,0.9729844539792273,0.6380303009686001,972.9844539792273,1001,1001,2002,0.9720124415376896,843,0.843,1,0.7304283628243934,753.4992888004869
nag,50,1.3185511476027392,0.899774028823935,1318.551147602739,1332,1331,2663,0.9906469929396988,1445,1.445,1,0.8246811414114551,1556.8584737665499
nag,50,2.0071548730607702,1.300787691139672,2007.1548730607703,1928,1926,3854,1.042136486532072,3362,3.362,1,1.3335168472714332,3470.6219778095515
nag,50,1.976640670737141,1.3097805410728671,1976.640670737141,1927,1923,3850,1.0278942645538953,3388,3.388,1,1.3373704131206727,3838.3033564977986
nag,50,2.9181490605417784,1.8639294734950838,2918.1490605417785,2934,2933,5867,0.9949366043442818,7447,7.447,1,1.6452479532341202,8607.55833543552
nag,50,1.7190337132224114,1.0664502366825932,1719.0337132224113,1628,1628,3256,1.0559175142643804,2463,2.463,1,0.7105718649037147,2756.4916171289838
nag,50,1.6279823458046652,1.0903591588820554,1627.982345804665,1619,1617,3236,1.0067918032187169,2390,2.39,1,0.9893706097743232,2118.8298427469563
nag,50,2.923281046997825,1.794804577964174,2923.281046997825,2871,2869,5740,1.018919849075575,7335,7.335,1,1.897867025836432,8722.982077665083
nag,50,2.024758985463712,1.3417951808229354,2024.7589854637117,1924,1921,3845,1.0540130064881372,3432,3.432,1,1.3134750223072378,4335.250680694407
nag,50,0.6805666779942486,0.4303029941142575,680.5666779942486,691,691,1382,0.984901125896163,327,0.327,1,0.39588161975751157,250.99858673901437
nag,50,1.3172979969562397,0.8292997354578477,1317.2979969562398,1273,1271,2544,1.036426433482486,1449,1.449,1,0.9235661154707998,1207.7562547352231
nag,50,1.949547458943407,1.3086228437212886,1949.547458943407,1906,1905,3811,1.0233844928836782,3446,3.446,1,1.2882780869011747,3592.980399774368
nag,50,1.995223989115014,1.2774918991103714,1995.223989115014,1976,1973,3949,1.0112640593588516,3329,3.329,1,1.3616280169604547,2888.379249833254
nag,50,1.8767044586823107,1.2419666787486177,1876.7044586823108,1902,1899,3801,0.9882593252671463,3160,3.16,1,1.0333811910741404,3156.155342917052
nag,50,1.0126288377223305,0.6843035457414971,1012.6288377223306,972,972,1944,1.0417992157637146,799,0.799,1,0.9430375276270497,917.1201837855394
nag,50,2.6290704528955686,1.7822562123127,2629.0704528955685,2588,2585,5173,1.0170485311008002,5863,5.863,1,1.7541551855657689,5125.846264511682
nag,50,2.819106090181276,1.9290732313539065,2819.1060901812757,2900,2897,5797,0.9731122161481794,7400,7.4,1,2.1903171838569424,5654.041143349124
nag,50,0.6471248403328702,0.45946810579448855,647.1248403328702,641,640,1281,1.0111325630201098,365,0.365,1,0.4795870081287236,392.9825645608802
nag,50,2.593077596103895,1.6763053037746958,2593.0775961038953,2610,2609,5219,0.993897123842045,6103,6.103,1,2.0199555053729847,5258.473931434907
nag,50,0.6420221946372842,0.43272542901820255,642.0221946372842,647,647,1294,0.9923063286511348,331,0.331,1,0.4496670294686884,334.9362137185107
nag,50,1.6387226459412632,1.0745679958745458,1638.7226459412632,1633,1632,3265,1.0041192683463622,2449,2.449,1,1.0165539873746736,2378.9116551935886
nag,50,0.9592065619136897,0.6643258442839949,959.2065619136897,1034,1033,2067,0.9285639515137364,774,0.774,1,0.562323901502428,752.210426360746
nag,50,1.2834140787727824,0.8557397839329469,1283.4140787727824,1326,1325,2651,0.9686143990737981,1442,1.442,1,0.9596118245462577,1327.2709113533288
nag,50,1.3222940437367192,0.8382130371467279,1322.2940437367192,1309,1308,2617,1.0109281679944337,1472,1.472,1,0.9478754491574667,2002.8308178526245
nag,50,1.9428692300434338,1.3342504947834923,1942.8692300434338,1983,1982,3965,0.9802569273680292,3411,3.411,1,1.407985877260722,3179.2018455288026
nag,50,0.9787094822472708,0.6702308103057689,978.7094822472708,978,977,1955,1.0017497259439825,869,0.869,1,0.7902841711137296,719.3173002396164
nag,50,2.553685593980568,1.7153747760478475,2553.6855939805682,2674,2672,5346,0.9557206564298534,6208,6.208,1,1.9036105454677323,7207.67829437393
nag,50,1.0156791022856033,0.6780667382563293,1015.6791022856032,1017,1016,2033,0.9996841557929166,882,0.882,1,0.7806829514834208,796.5724280451783
nag,50,2.290537290861826,1.5422901656713193,2290.5372908618256,2295,2292,4587,0.9993618197477424,4787,4.787,1,1.694856209131335,5082.476070918208
nag,50,2.021189708284417,1.3714565768416962,2021.189708284417,1930,1929,3859,1.047791450639926,3507,3.507,1,1.330555857377625,4071.134001421831
nag,50,0.9828092753736274,0.6708413639129385,982.8092753736274,975,973,1948,1.0100814752041392,788,0.788,1,0.8298105745625864,710.9944260971985
nag,50,1.397689130844846,0.9224785889239197,1397.689130844846,1326,1325,2651,1.0548597213923365,1662,1.662,1,0.7849485627207757,1416.3578197749714
nag,50,2.594003169904123,1.7711170986257108,2594.003169904123,2534,2532,5066,1.0244878238167943,5847,5.847,1,2.028414656206833,7276.593692399949
nag,50,0.9807335589760566,0.6477255525936264,980.7335589760567,1031,1029,2060,0.9530938376832426,875,0.875,1,0.778918003068255,828.8117648041167
nag,50,0.6726808282204992,0.4393299779649807,672.6808282204993,660,659,1319,1.0207599821251885,365,0.365,1,0.5043328865705378,432.0900469284992
nag,50,0.6436109061777707,0.44877608508846456,643.6109061777707,676,676,1352,0.9520871393162289,330,0.33,1,0.41288732640863707,333.5021292584758
nag,50,1.0073637839153264,0.6525752012821053,1007.3637839153264,984,984,1968,1.0237436828407789,906,0.906,1,0.8177464077615287,995.1097228501668
nag,50,1.650058922190261,1.0783264321022799,1650.058922190261,1645,1642,3287,1.004907991589684,2496,2.496,1,1.3041012770588343,3242.803812360964
nag,50,2.3289217795054085,1.4911887235085015,2328.9217795054083,2245,2241,4486,1.0392332795651085,4652,4.652,1,1.7798099066225777,4783.064353531432
nag,50,2.271560341422151,1.4919762389324123,2271.560341422151,2345,2343,4688,0.9695093219898211,4559,4.559,1,1.2877690276912097,4046.384457434299
nag,50,1.690433485371001,1.1081143310079935,1690.433485371001,1647,1646,3293,1.0269948270783724,2499,2.499,1,1.0823038973911445,1234.2779322965403
nag,50,1.2874335168430904,0.83196570645616,1287.4335168430903,1305,1305,2610,0.9865390933663527,1441,1.441,1,0.9599952078512383,1596.733688727345
nag,50,0.6675881646664298,0.4497774518266496,667.5881646664297,703,702,1405,0.9509802915476208,376,0.376,1,0.3818996838751414,310.94292695456465
nag,50,1.2771676368572287,0.868529075744338,1277.1676368572287,1330,1329,2659,0.9609989743094272,1493,1.493,1,0.8745078892705486,1494.276979234407
nag,50,1.66503913102405,1.1184907078579995,1665.03913102405,1632,1632,3264,1.020244565578462,2362,2.362,1,1.004791300198458,1883.4963841087506
nag,50,2.597563490665435,1.654231543609011,2597.563490665435,2608,2605,5213,0.9971452939214721,6203,6.203,1,1.6924342219654402,5648.814426901444
nag,50,1.280640634450856,0.8714385796864954,1280.6406344508562,1297,1295,2592,0.9889116868346379,1434,1.434,1,1.0609546257527198,1323.687092594459
nag,50,2.872273264129613,1.845918460409891,2872.273264129613,2908,2904,5812,0.9890748154716298,7560,7.56,1,2.1906784867448765,8182.049569502192
nag,50,1.9621382320138105,1.258474775869046,1962.1382320138105,1925,1923,3848,1.0203526947549717,3424,3.424,1,1.0716613381968687,3541.772768599885
nag,50,1.6317690189589686,1.0425359672850385,1631.7690189589687,1681,1678,3359,0.9724487598086822,2314,2.314,1,1.265303006772492,2060.0126487893867
nag,50,1.6611682773320948,1.0812168790067846,1661.168277332095,1678,1677,3355,0.990559497514666,2396,2.396,1,1.1611306586963337,2426.4135346505295
nag,50,0.6742686717264171,0.4532932604317349,674.2686717264171,696,696,1392,0.968776827193128,352,0.352,1,0.5430876811614809,290.40298290321766
nag,50,2.849785730886359,1.8238975689707586,2849.7857308863586,2958,2955,5913,0.9643944943777863,7619,7.619,1,2.2188150082391203,7832.3082513375475
nag,50,1.656413352581548,1.0607090570724553,1656.413352581548,1666,1665,3331,0.9948428544033321,2363,2.363,1,0.9859296819256176,2252.8982365235474
nag,50,1.3626229093457225,0.8689775086665208,1362.6229093457225,1322,1319,2641,1.0330727136813667,1593,1.593,1,0.641439454750859,1518.4752395002376
nag,50,1.5833771654032889,1.0653222409818968,1583.377165403289,1654,1652,3306,0.9584607538760829,2482,2.482,1,1.1719811265286189,2260.75008885053
nag,50,1.2960902024488228,0.8455870963070963,1296.0902024488228,1328,1328,2656,0.9759715379885714,1372,1.372,1,0.712282395186198,1724.2010991618026
nag,50,1.675227386071892,1.0823819130544827,1675.227386071892,1626,1625,3251,1.030909160659626,2373,2.373,1,1.061289606790353,2152.80099126484
nag,50,1.2879936136456178,0.8427036831237706,1287.9936136456179,1314,1314,2628,0.9802082295628751,1355,1.355,1,0.8966400913950371,1200.8911728150906
nag,50,0.9597938363950049,0.6554730904332039,959.793836395005,1007,1005,2012,0.955018742681597,793,0.793,1,0.7080475283796134,775.4901388282718
nag,50,2.5037737567646516,1.761518771780914,2503.773756764652,2514,2513,5027,0.9963285940169725,5749,5.749,1,1.920135493884368,4666.441423127239
nag,50,2.205730519946345,1.3664742822833305,2205.730519946345,2241,2239,4480,0.9851409200296315,4419,4.419,1,0.9963334361786976,4631.01413318232
nag,50,1.30888272295885,0.909473060637939,1308.88272295885,1301,1299,2600,1.007607946850539,1553,1.553,1,0.9504115598273518,1887.0632282245563
nag,50,2.2966234142179536,1.4231074479124979,2296.6234142179537,2228,2225,4453,1.032190298524923,4651,4.651,1,1.3740106181563325,5929.773008642922
nag,50,1.005941155906835,0.6576069259493488,1005.9411559068349,966,965,1931,1.0424260682972382,720,0.72,1,0.7431450153672173,932.0213653085644
nag,50,2.6087543433993385,1.6908817764437662,2608.7543433993387,2591,2588,5179,1.0080194526272561,6187,6.187,1,1.4693631943501646,6809.703048939874
nag,50,0.9749515362894138,0.6465814595662509,974.9515362894138,952,952,1904,1.024108756606527,745,0.745,1,0.5663301256605162,759.5453217401258
nag,50,1.662222401867612,1.036678477773512,1662.222401867612,1645,1645,3290,1.0104695452082748,2443,2.443,1,0.8864077509292903,2113.443691999931
nag,50,2.63858111285254,1.645708093743232,2638.58111285254,2513,2513,5026,1.0499725876850539,5815,5.815,1,1.7169427831565045,7208.302675227459
nag,50,0.6511885690964037,0.4450480547055872,651.1885690964036,680,680,1360,0.9576302486711818,348,0.348,1,0.44196901471823796,319.56309365230504
nag,50,1.5954399782490531,1.0450530602161017,1595.4399782490532,1645,1644,3289,0.97046227387412,2440,2.44,1,1.205395552607335,2370.697199263414
nag,50,2.006550771874158,1.3251224840002087,2006.5507718741583,1940,1937,3877,1.0359064387579546,3493,3.493,1,1.2579719287664226,2958.490756934036
nag,50,0.9972473002339312,0.6465060464531638,997.2473002339311,986,986,1972,1.0114069982088552,863,0.863,1,0.702191858190613,709.4396876812349
nag,50,1.3156933939067947,0.8908612386979592,1315.6933939067947,1371,1371,2742,0.9596596600341317,1570,1.57,1,0.7259525900984335,1597.770025083364
nag,50,1.6589767326161875,1.0966495093103426,1658.9767326161875,1645,1642,3287,1.010339057622526,2384,2.384,1,1.3040427511902422,2362.0555846872476
nag,50,1.8641749328861843,1.2344685232289818,1864.1749328861843,1890,1887,3777,0.9879040449847293,3210,3.21,1,1.247314827830975,3673.6245586536907
nag,50,2.527391603378368,1.6515682841347739,2527.391603378368,2597,2596,5193,0.9735714959084623,5794,5.794,1,1.2141041073511478,5784.632271263287
nag,50,2.0140398007971014,1.2571811056136333,2014.0398007971016,1970,1968,3938,1.0233942077221045,3389,3.389,1,1.426447682441923,3876.6307667530828
nag,50,1.6188140680615557,1.1383553215833557,1618.8140680615556,1633,1631,3264,0.9925285518464474,2352,2.352,1,1.2244662987577184,2495.0446780323273
nag,50,2.276930261943641,1.5095811125068241,2276.930261943641,2321,2320,4641,0.981435457734328,4790,4.79,1,1.5266649967336012,5222.477049533897
nag,50,2.2029703284566566,1.505860782995288,2202.9703284566567,2209,2206,4415,0.9986266221471699,4480,4.48,1,1.0945124289437358,5507.448476761521
nag,50,1.8685864850046656,1.2078557804236292,1868.5864850046655,1962,1960,3922,0.9533604515329926,3044,3.044,1,1.0735824653504016,2757.602400188201
nag,50,2.343731425576784,1.5775548387009055,2343.731425576784,2285,2282,4567,1.0270514573079685,4799,4.799,1,2.337054579325642,4688.446762760408
nag,50,2.0071643232296883,1.2814869249955032,2007.1643232296883,1932,1931,3863,1.039442943153645,3442,3.442,1,1.2371505424622642,3984.850817978584
nag,50,1.3224464134825828,0.8767891892572122,1322.4464134825828,1342,1341,2683,0.9861643650131117,1524,1.524,1,0.9857141089314992,1509.0720900143021
nag,50,1.2835016200586276,0.8636492471912978,1283.5016200586276,1333,1332,2665,0.9635898048488195,1497,1.497,1,0.9377268315476126,1554.3069929174615
nag,50,1.2412166618571099,0.8339619864808431,1241.2166618571098,1369,1369,2738,0.9066593585515776,1437,1.437,1,0.8230771742159785,1774.1529314534655
nag,50,1.8910551368381319,1.3151334608400802,1891.0551368381318,1908,1905,3813,0.9926798618572871,3051,3.051,1,1.2301500569537307,3326.6813205822336
nag,50,1.5772282212523372,1.0676270302441426,1577.228221252337,1608,1607,3215,0.9814736908850884,2355,2.355,1,0.8900443587522303,2143.40522079744
nag,50,0.9855641088434002,0.6826050694868975,985.5641088434002,977,976,1953,1.009799291847746,817,0.817,1,0.5937361786067167,896.9584054843605
nag,50,2.2595025999525387,1.5127941458897385,2259.5025999525387,2228,2228,4456,1.0141394075190928,4357,4.357,1,1.3547360225238418,4706.983990290035
nag,50,1.01939297700264,0.6709035518987525,1019.39297700264,995,993,1988,1.0265790302141389,827,0.827,1,0.5462268642021532,697.5053918384053
nag,50,1.3321891083068822,0.8770411531677482,1332.1891083068822,1353,1352,2705,0.985346973599765,1722,1.722,1,0.9669543663206185,1607.0323071953353
nag,50,2.002723304364115,1.3363310119876877,2002.723304364115,2004,2001,4005,1.0008612215712718,3490,3.49,1,1.3122982699338674,4353.055875250705
nag,50,1.3218648684037848,0.8640715716178531,1321.8648684037848,1326,1325,2651,0.9976338629462527,1527,1.527,1,0.9886676912301704,1584.7157386876827
nag,50,1.6504707987838956,1.0593031257254062,1650.4707987838956,1603,1601,3204,1.0308999367794476,2337,2.337,1,1.229150219725994,1879.7656871853494
nag,50,0.3079718220745158,0.21312517888261856,307.9718220745158,341,340,681,0.9057994766897524,65,0.065,1,0.2253496199028291,73.35204613272374
nag,50,1.629926931791803,1.055308606768343,1629.926931791803,1668,1666,3334,0.9783474980743115,2379,2.379,1,1.007953174525675,2206.1220506049112
nag,50,1.9519624627594323,1.3115912288424925,1951.9624627594324,2033,2032,4065,0.9606114482083821,3531,3.531,1,0.9767735974378496,3564.8818789571806
nag,50,1.9398601559514823,1.2134680944970282,1939.8601559514823,1969,1966,3935,0.9867040467708456,3160,3.16,1,1.2533992760356987,2493.8388100970133
nag,50,0.638971591578074,0.4239699326784126,638.971591578074,668,668,1336,0.9565442987695719,323,0.323,1,0.41473563927482443,284.6010310981398
nag,50,0.9814638526101096,0.631476064843467,981.4638526101096,997,996,1993,0.9854054745081422,812,0.812,1,0.4387638101558449,802.119504219203
nag,50,1.326830452117023,0.8369929492445329,1326.830452117023,1372,1370,2742,0.9684893811073161,1634,1.634,1,0.6648032604703572,1631.5720480594591
nag,50,3.147382581980439,2.072069855834968,3147.3825819804388,3215,3209,6424,0.98079856091631,8859,8.859,1,1.6807506289220224,7343.870608309634
nag,50,0.9721368362959384,0.6644481926781503,972.1368362959383,977,977,1954,0.9950223503540823,817,0.817,1,0.7052059265346066,800.1052306897757
nag,50,1.9838166790989158,1.2169690404469056,1983.8166790989158,1965,1963,3928,1.010604523229198,3485,3.485,1,1.2854679846662078,3474.1788996445125
nag,50,2.018891041051696,1.3082850385927056,2018.891041051696,1952,1950,3902,1.0353287390008696,3395,3.395,1,1.43299203689693,3916.9635667716134
nag,50,1.6334961827137922,1.0191917967860393,1633.4961827137922,1592,1590,3182,1.0273560897571021,2271,2.271,1,0.8809950926369244,2807.5598608426526
nag,50,1.3706049855444773,0.9099893669415788,1370.6049855444774,1340,1340,2680,1.0228395414511025,1682,1.682,1,1.052994217380526,1583.23928674668
nag,50,2.2960669830794824,1.5465233974450343,2296.0669830794823,2254,2253,4507,1.0191153941764235,4521,4.521,1,1.3668975299337836,4851.445800353757
nag,50,0.9733682100165991,0.6386992284462265,973.3682100165992,953,952,1905,1.0224455987569319,722,0.722,1,0.7176972914417208,590.2743206207224
nag,50,2.532358591213995,1.5934890526138956,2532.358591213995,2604,2601,5205,0.973609608309879,5754,5.754,1,1.707971740836312,6654.14077564115
nag,50,2.2785711659584216,1.557139211586501,2278.5711659584217,2325,2323,4648,0.980874371914947,4606,4.606,1,1.2453811415330849,5068.922871529755
nag,50,1.2807036776236573,0.8422239023996912,1280.7036776236573,1277,1277,2554,1.0029002957115563,1392,1.392,1,0.659199370886905,1433.687034368815
nag,50,1.2866301888362246,0.8840309149435642,1286.6301888362245,1327,1327,2654,0.9695781377816312,1448,1.448,1,0.8491981659133606,1533.9101728622109
nag,50,2.0029220884216254,1.293566661448435,2002.9220884216256,1962,1960,3922,1.0218990247049111,3328,3.328,1,1.3151021157284508,3423.645001141819
nag,50,1.2832995000653122,0.8845885879315853,1283.2995000653123,1285,1284,2569,0.9994544393032027,1424,1.424,1,1.1548621418443141,1527.139318779511
nag,50,0.9830844335089113,0.6568334469607707,983.0844335089113,991,989,1980,0.9940186385327717,849,0.849,1,0.5417144941879376,826.3739568429808
nag,50,1.045996470562371,0.6473311329519691,1045.996470562371,1002,1001,2003,1.0449515190433278,912,0.912,1,0.6406736056976245,792.4413089935042
nag,50,1.6295434470925707,1.1572018863531648,1629.5434470925707,1643,1640,3283,0.9936240531052261,2251,2.251,1,1.0326220988524708,2538.1036918438845
nag,50,0.9670743817707373,0.6721741252470792,967.0743817707373,950,949,1899,1.0190457131409245,775,0.775,1,0.7282016200665186,623.5122770904803
nag,50,1.3023014565470936,0.885594746819515,1302.3014565470937,1318,1316,2634,0.9895907724521988,1450,1.45,1,0.8096840049885563,1734.1650590000684
nag,50,2.265467779832429,1.5179661001648714,2265.467779832429,2273,2270,4543,0.9980034272389556,4667,4.667,1,1.3189452216590953,5111.18081259275
nag,50,2.324500512545833,1.5544660074949384,2324.500512545833,2271,2269,4540,1.0244603404785513,4742,4.742,1,1.5200355063374646,4825.443513781103
nag,50,1.9462708275450378,1.2492921855219903,1946.2708275450377,1925,1925,3850,1.0110497805428766,3262,3.262,1,1.2838407863059746,3427.5451229299415
nag,50,1.6039866497837165,0.976507622413473,1603.9866497837165,1641,1641,3282,0.9774446372844098,2249,2.249,1,0.938362864273181,2296.5460696987097
nag,50,1.9513690886401234,1.1971391567471406,1951.3690886401234,1981,1978,3959,0.9865364452174538,3289,3.289,1,1.444986088785964,3771.4751827259392
nag,50,1.8677904269149577,1.2806352821189426,1867.7904269149576,1906,1901,3807,0.9825304718121818,3196,3.196,1,1.2501535814001181,2729.7944307199377
nag,50,1.3551365956499717,0.8517532490618032,1355.1365956499717,1346,1345,2691,1.0075365023419864,1581,1.581,1,0.8180096389359363,1414.9001149251985
nag,50,1.9813523922799336,1.2096048343582018,1981.3523922799336,1949,1945,3894,1.0186901759794003,3546,3.546,1,1.1810823114189066,3527.3074586401553
nag,50,1.9177350478629545,1.2566087006433053,1917.7350478629544,1961,1959,3920,0.978935705902478,3222,3.222,1,1.2771269988484963,3086.7475802699746
nag,50,0.6678705746406172,0.4448423058947453,667.8705746406172,662,661,1323,1.0103942127694663,387,0.387,1,0.4811037345128288,425.1449628486012
nag,50,1.3531698442501712,0.9155433839796365,1353.169844250171,1323,1322,2645,1.0235777944403714,1589,1.589,1,1.0213785848009498,1833.9288748966019
nag,50,0.6519459472358053,0.43819346913568846,651.9459472358053,686,686,1372,0.9503585236673546,339,0.339,1,0.4773305697551475,363.92323582983965
nag,50,1.61189345797679,1.0583339306844353,1611.8934579767902,1662,1660,3322,0.9710201554077049,2340,2.34,1,0.81710992189203,1951.417300760713
nag,50,2.6659041442335574,1.773133002241501,2665.9041442335574,2632,2628,5260,1.0144231903476246,6471,6.471,1,2.0779827979621635,8320.512238958416
nag,50,1.0153748621448822,0.6879850243662187,1015.3748621448822,975,975,1950,1.041410115020392,828,0.828,1,0.7155588838836672,926.2742653306727
nag,50,1.0112188581591253,0.6511707383287646,1011.2188581591254,999,998,1997,1.0132453488568391,848,0.848,1,0.7189039952237035,856.5927513659327
nag,50,1.9595983489500082,1.38135533919089,1959.5983489500081,1923,1921,3844,1.0200928417230652,3281,3.281,1,1.437613319643616,3445.197732118156
nag,50,1.0110665987111938,0.6409877373112703,1011.0665987111938,995,995,1990,1.0161473353881345,913,0.913,1,0.46376493014598513,1206.8651727896702
nag,50,1.6726187572344084,1.0731767692918974,1672.6187572344083,1620,1620,3240,1.0324807143422274,2378,2.378,1,1.1735179735648968,2706.445468605319
nag,50,2.9261540971527182,1.8421346334917723,2926.1540971527184,2875,2873,5748,1.0185012520545487,7797,7.797,1,1.7078018612735157,7625.11554951023
nag,50,2.3027904603649674,1.4321376511301696,2302.790460364967,2215,2212,4427,1.041044511919063,4518,4.518,1,1.1886675471424861,4735.938101424196
nag,50,2.8814937378235976,1.9582031398187505,2881.4937378235977,2854,2851,5705,1.0106958042173264,7195,7.195,1,2.21935133100343,7928.400071388856
nag,50,0.6421822800988837,0.4343615922008488,642.1822800988837,671,669,1340,0.9599137221209023,353,0.353,1,0.41631111025669104,274.02374346033287
nag,50,0.9894692741086912,0.6851527162346119,989.4692741086913,1025,1025,2050,0.965335877179211,836,0.836,1,0.7146847357477362,948.6393118550002
nag,50,1.6076246964427565,1.055937054830075,1607.6246964427564,1618,1616,3234,0.9948172626502205,2272,2.272,1,0.9728011968524526,2202.2044581626183
nag,50,1.9453857084977872,1.256655823297452,1945.3857084977872,2018,2017,4035,0.9644946497262207,3356,3.356,1,1.327282434217077,2796.2928401761833
nag,50,2.226592982867113,1.502211639650824,2226.5929828671133,2263,2260,4523,0.985218134011997,4290,4.29,1,1.467997974868419,4241.877673350885
nag,50,1.603973032281984,1.037713218943372,1603.9730322819842,1638,1637,3275,0.979824699011597,2329,2.329,1,1.3744528481188651,2549.099104856579
nag,50,1.2896120119534766,0.8224936752185651,1289.6120119534767,1336,1334,2670,0.9667256461420365,1537,1.537,1,0.7457442850271551,1548.3145614537675
nag,50,0.9913132308586594,0.636188805845318,991.3132308586594,981,980,1961,1.011544113121081,824,0.824,1,0.6016214757598549,748.3133297209971
nag,50,0.6455399205585043,0.45006568591999385,645.5399205585043,663,662,1325,0.975135831659372,306,0.306,1,0.47781253059139495,271.8075798224026
nag,50,0.637090868984777,0.43532724985800986,637.090868984777,660,659,1319,0.9667539741802382,330,0.33,1,0.48798394806538237,223.5329168343248
nag,50,1.6973724719658518,1.0666804434512382,1697.372471965852,1663,1659,3322,1.023129880630411,2458,2.458,1,1.1767224270901333,2438.991911931255
nag,50,1.751898308458475,1.120935683091037,1751.898308458475,1630,1630,3260,1.0747842383180828,2426,2.426,1,1.3576903253565182,2476.990932600075
nag,50,1.9352845182278313,1.2999631587647853,1935.2845182278313,1988,1985,3973,0.97495441724324,3386,3.386,1,1.202671087986399,3257.1555099819448
nag,50,1.2833649967687242,0.8519923161655513,1283.3649967687243,1291,1290,2581,0.9948565866424219,1355,1.355,1,0.6493208408667498,1333.0521526016908
nag,50,1.6329961315011141,1.064822468428956,1632.9961315011142,1571,1571,3142,1.0394628462769664,2213,2.213,1,0.9228929270806419,2451.574371130678
nag,50,1.8963460938679573,1.211834217163699,1896.3460938679573,1912,1909,3821,0.9933714478093019,3275,3.275,1,1.131533608305384,3925.3251520955187
nag,50,1.6039202188325177,1.0749336563255998,1603.9202188325178,1696,1696,3392,0.9457076761984184,2402,2.402,1,0.9663514870915619,2818.5135834287144
nag,50,2.2889843911278436,1.4248438793967257,2288.9843911278435,2293,2292,4585,0.9986842893227939,4759,4.759,1,1.8316237621717755,3318.372315203993
nag,50,1.5616467133459526,1.087301074508854,1561.6467133459525,1600,1598,3198,0.9772507592903332,2106,2.106,1,1.0981268666064696,1175.1329054332182
nag,50,1.3362044448198407,0.9127026776481084,1336.2044448198408,1339,1337,2676,0.9994049699475249,1523,1.523,1,0.9226938555764196,1313.7514211054213
nag,50,1.6315401778094227,1.0830001458111236,1631.5401778094226,1614,1612,3226,1.012121698392942,2394,2.394,1,0.9854107059574521,2063.2876072466374
nag,50,1.5769607716235114,1.038605753490866,1576.9607716235114,1623,1623,3246,0.9716332542350655,2308,2.308,1,1.1032791900388723,2614.9711135288135
nag,50,1.6479171587524,1.1139000246844644,1647.9171587524,1677,1675,3352,0.9838311395536716,2385,2.385,1,1.2478920852916433,2642.016290538488
nag,50,1.2775359387110856,0.8615932134010613,1277.5359387110857,1317,1315,2632,0.9715102195521564,1330,1.33,1,0.7064114135508034,1293.7059777348622
nag,50,1.3070472272780123,0.8620027193332994,1307.0472272780123,1293,1291,2584,1.0124300753509003,1364,1.364,1,0.7957269808558982,1393.4310427640219
nag,50,1.6583321333496344,1.10812746488608,1658.3321333496344,1632,1631,3263,1.0167578990494386,2499,2.499,1,1.277916210077239,2987.6731988536594
nag,50,1.67303178651419,1.0832452304178983,1673.03178651419,1671,1670,3341,1.001815441026461,2547,2.547,1,1.0808976294123003,2928.766488359546
nag,50,1.6799621841134416,1.113819212018031,1679.9621841134415,1662,1662,3324,1.0108075716687372,2491,2.491,1,0.9702051806757287,2840.593889779916
nag,50,2.7110424025511506,1.8286849600244768,2711.0424025511506,2851,2849,5700,0.9515768348722887,6638,6.638,1,1.9640527339328757,7145.93164517627
nag,50,1.5908331183036462,1.0112227284579323,1590.8331183036462,1559,1557,3116,1.0217296842027273,2159,2.159,1,0.8675256623625606,2381.6453056592172
nag,50,1.373186462287123,0.8290081266817888,1373.186462287123,1317,1316,2633,1.0434547585768412,1565,1.565,1,0.875704233235643,1850.414680376381
nag,50,1.318397330312127,0.8509894716132838,1318.397330312127,1323,1321,2644,0.9980297731355996,1518,1.518,1,0.692914236534559,1520.0945542164723
nag,50,0.6915652018289684,0.45456021271996794,691.5652018289684,662,661,1323,1.0462408499681821,358,0.358,1,0.5198892054101858,302.6269641854548
nag,50,1.9404732772445386,1.2006239799395764,1940.4732772445386,1986,1983,3969,0.9785543506023896,3329,3.329,1,1.4934131385531235,3057.829710462051
nag,50,1.2811823750884868,0.8713818708158426,1281.1823750884867,1346,1344,2690,0.9532606957503621,1460,1.46,1,0.8975853948684598,1204.6012254746238
nag,50,1.3391472776978153,0.8443452590690138,1339.1472776978153,1322,1319,2641,1.0152746608777978,1471,1.471,1,0.9799794431445983,1487.047631615279
nag,50,0.29977887581160884,0.20991150142873682,299.7788758116088,335,335,670,0.8948623158555488,47,0.047,1,0.22038814930819606,42.773727489502946
nag,50,1.6701192224815977,1.0419012668464687,1670.1192224815977,1682,1681,3363,0.993527199572634,2542,2.542,1,0.8206944231980324,2279.1820303956547
nag,50,0.9753741687897659,0.6585755852431345,975.3741687897659,993,991,1984,0.9842322591218626,820,0.82,1,0.7847432313831083,789.8149533760982
nag,50,0.6424456163163331,0.4232150265963092,642.4456163163331,657,655,1312,0.9808330020096689,404,0.404,1,0.40220625284436373,508.59869353205823
nag,50,1.3411692511835505,0.8870644771289924,1341.1692511835504,1316,1314,2630,1.0206767512812407,1467,1.467,1,0.9065331961751248,1362.3356053173375
nag,50,1.9016973305047196,1.2280133598041456,1901.6973305047195,1913,1911,3824,0.9951320410804393,3104,3.104,1,0.9251854219067852,3602.794589636836
nag,50,1.374845573943353,0.853533343843068,1374.845573943353,1345,1342,2687,1.024475092357193,1493,1.493,1,0.9016409307050841,1353.8058004056709
nag,50,1.9945849382650445,1.3166529676279501,1994.5849382650445,2040,2038,4078,0.9786972219161161,3562,3.562,1,1.6120353723030072,3254.724265023379
nag,50,0.9955327418889814,0.6383126981877907,995.5327418889815,1010,1010,2020,0.9856759820682985,808,0.808,1,0.5916711303129868,1010.9333429138333
nag,50,2.2587969287386414,1.4796226023825574,2258.7969287386413,2320,2315,4635,0.975722215437858,4662,4.662,1,1.3799429637123268,4543.971170672293
nag,50,3.1654988421849923,2.044459095865677,3165.4988421849926,3181,3177,6358,0.9963798684875645,9041,9.041,1,1.5971837804868176,9041.181276535166
nag,50,1.3405908924043675,0.8864824763373274,1340.5908924043674,1379,1376,2755,0.9742666369217786,1525,1.525,1,0.9407451471765547,1373.7725386623206
nag,50,0.6539862119136931,0.44471757526790523,653.9862119136931,652,650,1302,1.006132633713374,329,0.329,1,0.4197357052244759,306.49899982282216
nag,50,1.6497512481403915,1.0835742772372319,1649.7512481403915,1598,1597,3195,1.0330314640829001,2314,2.314,1,1.077694743505139,2002.0214073021498
nag,50,0.9613069592379643,0.6431877154697506,961.3069592379643,999,999,1998,0.9622692284664307,851,0.851,1,0.7446174654624992,917.0878319321839
nag,50,1.0118047544586222,0.6671968806420386,1011.8047544586221,977,975,1952,1.0377484661114074,793,0.793,1,0.7539030010180927,606.542030923109
nag,50,2.598809096511078,1.5975818420419396,2598.8090965110778,2606,2603,5209,0.9983899717676058,6154,6.154,1,1.7210341354326153,7375.350349679269
nag,50,1.9905782623662285,1.3524171334314867,1990.5782623662285,1904,1902,3806,1.0465711158602673,3329,3.329,1,1.4015103587695956,3809.6930242817975
nag,50,1.632206213521739,1.1360399467638005,1632.206213521739,1642,1640,3282,0.9952476911717921,2240,2.24,1,1.1792200254119092,2250.5370825371565
nag,50,1.6535116579781772,1.1117237283438035,1653.5116579781773,1628,1627,3255,1.016294811295745,2275,2.275,1,0.8078084391095368,2284.044866483609
nag,50,2.260481670492033,1.5000786334557252,2260.481670492033,2239,2237,4476,1.0104969470237073,4633,4.633,1,1.4783822367416188,4176.135557616211
nag,50,0.6564822516746115,0.4202136010476057,656.4822516746115,648,647,1295,1.0146557212899714,299,0.299,1,0.3706858603391454,302.7069370213966
nag,50,2.2138892391333282,1.341644275885624,2213.8892391333284,2245,2242,4487,0.987461748052332,4403,4.403,1,1.6172598558585303,4871.534285858381
nag,50,1.2887047206286126,0.8486805874236166,1288.7047206286127,1289,1289,2578,0.9997709236839509,1457,1.457,1,0.8374735885006022,1364.1292238876715
nag,50,2.6344234083893094,1.8047934735731959,2634.4234083893093,2575,2574,5149,1.0234745176337643,6010,6.01,1,1.479431125928823,6470.848943442062
nag,50,2.201577124675133,1.4397788960417635,2201.577124675133,2278,2277,4555,0.9668762075867953,4397,4.397,1,1.9408308528631162,5437.387556393929
nag,50,1.6019933457769049,1.1761189764990032,1601.9933457769048,1632,1631,3263,0.9822154173984702,2333,2.333,1,1.4213707966130684,2732.29888483054
nag,50,1.3163358611394023,0.8839347516912988,1316.3358611394024,1306,1304,2610,1.0094600162111982,1471,1.471,1,0.7877603343490507,1079.651745385857
nag,50,2.640219701660683,1.7165007755374544,2640.219701660683,2565,2562,5127,1.0305307188371127,6005,6.005,1,1.4998793552636331,5765.696155359692
nag,50,1.666403471520346,1.094812308218181,1666.4034715203459,1623,1620,3243,1.0286441182224357,2358,2.358,1,1.1604254250059765,1914.9564803642625
nag,50,0.9750370297355169,0.6299614527842414,975.0370297355169,1003,1001,2004,0.9740629667687482,811,0.811,1,0.6985927609565947,670.5303092418794
nag,50,2.0099303552331023,1.3470821083828723,2009.930355233102,1954,1953,3907,1.0291502074926278,3443,3.443,1,1.60042252311798,3782.3403859383566
nag,50,1.277651544189991,0.8678366159536394,1277.651544189991,1331,1330,2661,0.9606402587894669,1460,1.46,1,0.77691137212345,1565.7412655725052
nag,50,0.6736117317159083,0.45193288050424035,673.6117317159083,679,679,1358,0.9920644060617205,368,0.368,1,0.4458992909185911,365.0029280836136
nag,50,0.9853096619809926,0.6581310403987695,985.3096619809926,975,973,1948,1.012651245612531,780,0.78,1,0.6514640482552865,1026.9096085374433
nag,50,1.3015897447757727,0.8397152612866144,1301.5897447757727,1290,1288,2578,1.010551044080569,1319,1.319,1,0.9326815644691464,1306.949325666808
nag,50,0.9749919152097796,0.6383222071209045,974.9919152097796,963,962,1925,1.0135051093656753,704,0.704,1,0.7062919726371287,718.725346554067
nag,50,3.2790711973194857,2.0922777838999567,3279.0711973194857,3213,3209,6422,1.0218358358739439,9057,9.057,1,2.4356974105502083,7324.200423152522
nag,50,1.2921955049654061,0.8562796717933947,1292.1955049654061,1329,1326,2655,0.9745064140010604,1373,1.373,1,0.8324302920472749,1156.9009864725317
nag,50,0.6655845845459256,0.43829859036598134,665.5845845459256,673,673,1346,0.9889815520741837,294,0.294,1,0.4366723482220327,306.3080216814768
nag,50,3.753983033254995,2.3589361603821373,3753.983033254995,3763,3760,7523,0.9983997428869668,12674,12.674,1,1.7826565303041437,13046.724877264633
nag,50,0.33428648539436856,0.22253903107704917,334.2864853943686,351,351,702,0.9523831492717053,92,0.092,1,0.20383050295286756,105.20669141891862
nag,50,2.6058605030996076,1.7048749821580087,2605.8605030996077,2516,2514,5030,1.0365395795941161,5690,5.69,1,1.9289524805110219,7553.50860443419
nag,50,2.276501641360171,1.4912510431011534,2276.5016413601707,2269,2265,4534,1.0050779873554838,4873,4.873,1,1.374374979893996,5373.116925905589
nag,50,0.9972849395195867,0.6520825310275387,997.2849395195867,976,976,1952,1.0218083396717077,897,0.897,1,0.6358101045942887,649.6553467654103
nag,50,1.9686885186598677,1.2773884100320743,1968.6885186598677,1941,1940,3881,1.0147878962164267,3252,3.252,1,0.8857976320039938,3303.168148362845
nag,50,1.0169452357244186,0.6364067417143162,1016.9452357244187,1035,1035,2070,0.9825557833086171,870,0.87,1,0.712837145716142,842.461733708572
nag,50,1.2924873154366867,0.8815975242494773,1292.4873154366867,1287,1286,2573,1.0050445687688077,1511,1.511,1,0.879778941506246,1176.86543544927
nag,50,1.3005903569684567,0.8674678737705375,1300.5903569684567,1310,1309,2619,0.9935755209843061,1474,1.474,1,0.7269357991499485,1680.9587397264625
nag,50,1.6546222851002985,1.0425274470846855,1654.6222851002985,1665,1664,3329,0.9943643540266217,2368,2.368,1,0.9491628802597706,2070.3759406263657
nag,50,1.928943042255579,1.203310802873592,1928.943042255579,1944,1941,3885,0.9937882752475935,3284,3.284,1,1.2790635346980725,3080.064347752141
nag,50,1.3622548353227404,0.9009660765656422,1362.2548353227403,1358,1357,2715,1.0038723915421814,1736,1.736,1,0.949442187520277,1151.0907278808306
nag,50,0.6599586454713544,0.4467612877523419,659.9586454713544,675,675,1350,0.977716511809414,334,0.334,1,0.5755475151132118,288.0355416571748
nag,50,1.3670313088613406,0.8605438316289846,1367.0313088613407,1306,1304,2610,1.0483368932985742,1548,1.548,1,0.9910154003310868,1399.9669750839369
nag,50,1.345107549040881,0.897383120558472,1345.107549040881,1348,1347,2695,0.9985950623911514,1492,1.492,1,0.8531545808923535,1625.8059326985208
nag,50,2.2830062140249607,1.5473798196761421,2283.0062140249606,2289,2286,4575,0.998690382338128,4842,4.842,1,1.6911183608225144,4487.714355978978
nag,50,1.354064712573251,0.9328991529150387,1354.064712573251,1356,1354,2710,1.0000477936286936,1472,1.472,1,0.9087208035632565,1553.6494801102538
nag,50,1.3052753065664446,0.8601916620816391,1305.2753065664447,1272,1269,2541,1.0285857419751336,1431,1.431,1,0.7160972749302832,1586.5525604036288
nag,50,0.6911668887972064,0.45999427815945776,691.1668887972064,692,691,1383,1.0002415177962467,330,0.33,1,0.4155853095548155,247.37339447884685
nag,50,2.5943498943564856,1.7550335783346795,2594.3498943564855,2586,2583,5169,1.004394074470184,6061,6.061,1,2.073416498837359,6382.363804675994
nag,50,0.9700124275077548,0.6586975022435797,970.0124275077549,982,982,1964,0.9877926960364103,820,0.82,1,0.645356098775279,799.8419452287912
nag,50,1.2870509640478764,0.8574336540159776,1287.0509640478765,1327,1326,2653,0.9706266697193638,1486,1.486,1,0.8579251268257311,1058.432153419803
nag,50,0.9859861184684355,0.6793912209337438,985.9861184684355,980,980,1960,1.0061082841514648,770,0.77,1,0.7211258241452486,811.8320253039731
nag,50,1.6940356679307318,1.1136365851347114,1694.0356679307317,1649,1649,3298,1.027310896258782,2476,2.476,1,1.0785647758738643,2754.5072357655627
nag,50,2.5675566083795944,1.663558052987459,2567.5566083795943,2527,2524,5051,1.0172569763786032,5496,5.496,1,1.6378236803524062,5208.726324327304
nag,50,0.9764487204734787,0.675909716800031,976.4487204734787,1007,1007,2014,0.9696610928237127,815,0.815,1,0.854790428031201,910.9462010097304
nag,50,1.3102675462436864,0.8696456748464304,1310.2675462436864,1349,1347,2696,0.9727301753850679,1570,1.57,1,0.6978079518031244,1662.973512718303
nag,50,2.636121035707037,1.836890218119502,2636.121035707037,2629,2626,5255,1.003854164397196,6225,6.225,1,2.1913366022468996,6224.60476631145
nag,50,1.3326175516677536,0.9259784235803906,1332.6175516677536,1323,1323,2646,1.0072695023943716,1556,1.556,1,0.8490270507169756,1062.2571297280836
nag,50,1.328218360546594,0.867812593068616,1328.218360546594,1344,1342,2686,0.9897305220168362,1471,1.471,1,0.8074107089577801,1614.1249758314148
nag,50,0.29786555940351506,0.2091416679247461,297.8655594035151,321,321,642,0.9279300915997355,46,0.046,1,0.2251463195876392,41.764436366762745
nag,50,1.2760164256464126,0.872269389455972,1276.0164256464127,1331,1328,2659,0.960855742203624,1495,1.495,1,0.7721782432670159,1846.183158820614
nag,50,2.638924188163378,1.684557494185579,2638.924188163378,2578,2575,5153,1.0248249274420884,6031,6.031,1,1.939820456582394,6142.653766631843
nag,50,1.3245327465533985,0.9266388283129796,1324.5327465533985,1345,1345,2690,0.9847827111921178,1585,1.585,1,0.7945769025047063,1674.1184298622047
nag,50,1.6526018969831642,1.123597356114919,1652.6018969831641,1632,1631,3263,1.0132445720313699,2356,2.356,1,1.1011333183599623,2185.677908937459
nag,50,1.6500365189619925,1.151463966956512,1650.0365189619924,1644,1643,3287,1.00428272608764,2388,2.388,1,0.9988850143869301,2542.368610070449
nag,50,1.653711523071902,1.1091011463227878,1653.7115230719019,1631,1630,3261,1.0145469466698784,2398,2.398,1,0.9151919867642876,2473.9206359316163
nag,50,0.6611632408354806,0.4428911133377238,661.1632408354806,661,661,1322,1.0002469604167634,326,0.326,1,0.49920858129141377,366.4041184833063
nag,50,1.0341425507888198,0.6828002548728533,1034.1425507888198,1004,1004,2008,1.0300224609450397,940,0.94,1,0.6406627149693797,841.4934075280727
nag,50,1.3077516595864314,0.8379105847055969,1307.7516595864313,1313,1312,2625,0.9967619356603897,1526,1.526,1,0.5996768723962733,1497.731396919678
nag,50,2.536593186015374,1.6233185177107425,2536.593186015374,2574,2572,5146,0.9862337426187302,5820,5.82,1,1.3984619805357699,5771.8360967764775
nag,50,2.2110607465611967,1.4200289616209958,2211.0607465611965,2230,2228,4458,0.9923971034834814,4491,4.491,1,1.4213067286807914,3931.5345189238674
bg,50,0.0010817000140832605,0.0010805299391627927,1.0817000140832604,31,31,62,0.0348935488413955,0,0.0,1,0.001048398561032384,0.0
bg,50,0.0004880491968659797,0.0004878110048474182,0.4880491968659797,15,15,30,0.03253661312439864,0,0.0,1,0.000544117232210339,0.0
bg,50,0.000506282201549233,0.0005060258798816274,0.506282201549233,24,24,48,0.02109509173121804,0,0.0,1,0.0005660123347386153,0.0
bg,50,0.0009476960995174295,0.000946797971620389,0.9476960995174295,32,32,64,0.029615503109919672,0,0.0,1,0.0007011768542458525,0.0
bg,50,0.0006248150180795876,0.0006244246242727698,0.6248150180795875,22,22,44,0.02840068263998125,0,0.0,1,0.0006418447285550774,0.0
bg,50,0.0005155540963950642,0.0005152883003687544,0.5155540963950642,19,19,38,0.027134426126056013,0,0.0,1,0.0005139728665335501,0.0
bg,50,0.0007452895324512241,0.0007447340759640428,0.7452895324512241,21,21,42,0.035489977735772574,0,0.0,1,0.0006532334334262422,0.0
bg,50,0.0008799635248397806,0.0008791891890347322,0.8799635248397806,19,19,38,0.04631386972840951,0,0.0,1,0.000829219501969676,0.0
bg,50,0.00040298461304331566,0.000402822216444966,0.4029846130433157,19,19,38,0.021209716475963983,0,0.0,1,0.00048614752089376674,0.0
bg,50,0.0006166537761676239,0.000616273514287962,0.6166537761676238,16,16,32,0.03854086101047649,0,0.0,1,0.0008171038397318982,0.0
bg,50,0.0008777218149735546,0.0008769514193890741,0.8777218149735546,23,23,46,0.03816181804232846,0,0.0,1,0.000917999400802533,0.0
bg,50,0.0011767726811931479,0.0011753878872499456,1.1767726811931478,31,31,62,0.0379604090707467,0,0.0,1,0.0011465809564883138,0.0
bg,50,0.0009179077840410202,0.0009170652293410171,0.9179077840410201,23,23,46,0.039909034088740004,0,0.0,1,0.0009324320808417293,0.0
bg,50,0.0009569954860690971,0.0009560796457087404,0.956995486069097,28,28,56,0.03417841021675346,0,0.0,1,0.0010812300629921441,0.0
bg,50,0.0008573679527217663,0.0008566328729154122,0.8573679527217664,28,28,56,0.03062028402577737,0,0.0,1,0.0009109879881384332,0.0
bg,50,0.0007989086550493951,0.0007982704000102824,0.7989086550493951,27,27,54,0.029589209446273895,0,0.0,1,0.0008325682522114336,0.0
bg,50,0.0013195190203562426,0.0013177778899111613,1.3195190203562426,39,39,78,0.03383382103477545,0,0.0,1,0.00148520180394138,0.0
bg,50,0.0004737429816579777,0.00047351854924530747,0.4737429816579777,16,16,32,0.029608936353623605,0,0.0,1,0.0005674496399012944,0.0
bg,50,0.0009317322995256952,0.0009308641744477157,0.9317322995256951,33,33,66,0.028234312106839247,0,0.0,1,0.0008622248021317003,0.0
bg,50,0.0009243797387323909,0.0009235252608310118,0.9243797387323909,31,31,62,0.029818701249431964,0,0.0,1,0.0010023518125408433,0.0
bg,50,0.0010306139817026648,0.0010295518165233837,1.0306139817026647,29,29,58,0.03553841316216085,0,0.0,1,0.001432544269994087,0.0
bg,50,0.0010537330085765718,0.0010526226553232076,1.0537330085765717,26,26,52,0.04052819263756045,0,0.0,1,0.0005977068225477702,0.0
bg,50,0.000777130483267122,0.000776526551479099,0.777130483267122,29,29,58,0.02679760287128007,0,0.0,1,0.0008161246457724007,0.0
bg,50,0.00043218912808305277,0.00043200234064061957,0.43218912808305276,24,24,48,0.018007880336793864,0,0.0,1,0.00032869705069473034,0.0
bg,50,0.000780101451521837,0.0007794928932471705,0.780101451521837,24,24,48,0.032504227146743205,0,0.0,1,0.0006095820276563756,0.0
bg,50,0.0010005653371024596,0.0009995642061086487,1.0005653371024597,24,24,48,0.04169022237926915,0,0.0,1,0.0010146468089547978,0.0
bg,50,0.0004357205598419718,0.0004355307074357028,0.4357205598419718,17,17,34,0.02563062116717481,0,0.0,1,0.00038598819169566014,0.0
bg,50,0.0008987931522394561,0.0008979853231089435,0.8987931522394561,23,23,46,0.03907796314084592,0,0.0,1,0.0010582314022015338,0.0
bg,50,0.000887565809992136,0.0008867780369250691,0.887565809992136,28,28,56,0.03169877892829057,0,0.0,1,0.0007995534727560191,0.0
bg,50,0.0009578003026861098,0.0009568829212662841,0.9578003026861097,31,31,62,0.03089678395761644,0,0.0,1,0.0010486201344569095,0.0
bg,50,0.0008118270711498781,0.0008111680079564263,0.8118270711498781,22,22,44,0.03690123050681264,0,0.0,1,0.0008527178672738214,0.0
bg,50,0.001228087578034831,0.0012265793789355075,1.228087578034831,27,27,54,0.04548472511240115,0,0.0,1,0.0009963119540772904,0.0
bg,50,0.0007617206091450494,0.0007611403908586534,0.7617206091450495,25,25,50,0.030468824365801978,0,0.0,1,0.0006413746177705255,0.0
bg,50,0.0010666622618237716,0.0010655244934429729,1.0666622618237716,28,28,56,0.038095080779420414,0,0.0,1,0.0010191062443430153,0.0
bg,50,0.0007289253565141251,0.0007283940243387559,0.7289253565141252,20,20,40,0.03644626782570626,0,0.0,1,0.000724254250031404,0.0
bg,50,0.0005665849202506337,0.0005662639017787783,0.5665849202506337,25,25,50,0.022663396810025348,0,0.0,1,0.0006430230899993784,0.0
bg,50,0.0011472453787525368,0.0011459292067934677,1.1472453787525367,29,29,58,0.03956018547422541,0,0.0,1,0.000940442564953775,0.0
bg,50,0.0009230977244601455,0.000922245615051242,0.9230977244601455,29,29,58,0.031830956015867086,0,0.0,1,0.000978737043748034,0.0
bg,50,0.0009539661266376216,0.0009530560752668495,0.9539661266376216,32,32,64,0.029811441457425675,0,0.0,1,0.0011573180431210346,0.0
bg,50,0.0006671150511995003,0.0006666700087079632,0.6671150511995003,24,24,48,0.027796460466645845,0,0.0,1,0.0006497275498006584,0.0
bg,50,0.0006830378545937563,0.0006825713138829485,0.6830378545937563,22,22,44,0.031047175208807107,0,0.0,1,0.0008406110536076078,0.0
bg,50,0.0006958063845586295,0.0006953222380338368,0.6958063845586295,21,21,42,0.03313363735993474,0,0.0,1,0.0005716260702853935,0.0
bg,50,0.0005254645737557552,0.0005251884607374828,0.5254645737557552,21,21,42,0.025022122559797865,0,0.0,1,0.0006674874967575257,0.0
bg,50,0.0010567265594804169,0.0011390737638047475,1.056726559480417,32,32,64,0.03302270498376303,0,0.0,1,0.0012286233956552571,0.0
bg,50,0.0016194741394730929,0.0016432300802013068,1.619474139473093,38,38,76,0.04261774051244981,3,0.003,1,0.001720870971624293,3.0939272687347747
bg,50,0.0008166558697924015,0.0008159889429827353,0.8166558697924016,25,25,50,0.032666234791696065,0,0.0,1,0.0006811655067408116,0.0
bg,50,0.0007682025909610957,0.0007676124557403363,0.7682025909610957,16,16,32,0.04801266193506848,0,0.0,1,0.0008195489871908157,0.0
bg,50,0.0010750864358472399,0.0010739306250026972,1.0750864358472398,31,31,62,0.03468020760797548,0,0.0,1,0.001295112972828238,0.0
bg,50,0.0010368998354985796,0.0010358246742297227,1.0368998354985797,30,30,60,0.034563327849952655,0,0.0,1,0.0007203697670018652,0.0
bg,50,0.0010893437939666483,0.0010881571240651947,1.0893437939666484,31,31,62,0.03514012238602091,0,0.0,1,0.0010614230212399943,0.0
bg,50,0.0009011159802437474,0.0009003039702338968,0.9011159802437474,21,21,42,0.04291028477351178,0,0.0,1,0.0006746101063333468,0.0
bg,50,0.0007389325433176417,0.0007383865220140678,0.7389325433176417,21,21,42,0.035187263967506745,0,0.0,1,0.0008914516046829694,0.0
bg,50,0.0010038402659687975,0.0010598157922504852,1.0038402659687975,32,32,64,0.03137000831152492,1,0.001,1,0.0009857058453611517,0.9035691286972393
bg,50,0.0005630395688149719,0.0005627225552589206,0.5630395688149719,23,23,46,0.024479981252824863,0,0.0,1,0.0004546840315777848,0.0
bg,50,0.0008656968665678626,0.0008649474355030772,0.8656968665678626,28,28,56,0.030917745234566522,0,0.0,1,0.000928191219163181,0.0
bg,50,0.0006984229767416253,0.0006979351820871844,0.6984229767416252,23,23,46,0.030366216380070664,0,0.0,1,0.0006119166306929447,0.0
bg,50,0.0005184040398893614,0.0005181352971407879,0.5184040398893615,21,21,42,0.024685906661398166,0,0.0,1,0.000477915872810607,0.0
bg,50,0.0009001157947372107,0.0008993055862932753,0.9001157947372107,34,34,68,0.026473993962859137,0,0.0,1,0.0009031073874676681,0.0
bg,50,0.0007827237370841899,0.0007821110806355949,0.78272373708419,27,27,54,0.028989768040155184,0,0.0,1,0.0009159720135291775,0.0
bg,50,0.0007642153373850533,0.0007636313123031589,0.7642153373850533,20,20,40,0.03821076686925266,0,0.0,1,0.0008374382563185799,0.0
bg,50,0.0004992950903107314,0.0004990457947235229,0.4992950903107314,21,21,42,0.0237759566814634,0,0.0,1,0.0004089062895618639,0.0
bg,50,0.0018417460787388733,0.0018383540501203232,1.8417460787388733,34,34,68,0.054169002315849216,0,0.0,1,0.0016295236090339803,0.0
bg,50,0.0009510709457325995,0.0009501664097887828,0.9510709457325994,21,21,42,0.045289092653933306,0,0.0,1,0.0011463770555124014,0.0
bg,50,0.0009585000635582901,0.0009575813411864489,0.9585000635582901,20,20,40,0.0479250031779145,0,0.0,1,0.0011645451923084763,0.0
bg,50,0.0010333837054016968,0.001032315823519107,1.0333837054016968,35,35,70,0.029525248725762766,0,0.0,1,0.0011323941119561675,0.0
bg,50,0.000511002978893714,0.0005107418548492758,0.511002978893714,17,17,34,0.03005899875845377,0,0.0,1,0.0005932114410649085,0.0
bg,50,0.0005974053893266919,0.0005970484961274952,0.597405389326692,24,24,48,0.0248918912219455,0,0.0,1,0.0006103628075009521,0.0
bg,50,0.0007164055888169756,0.0007158923518492873,0.7164055888169756,19,19,38,0.03770555730615661,0,0.0,1,0.0007559817502971246,0.0
bg,50,0.0008235027732022004,0.0008228246163847287,0.8235027732022004,21,21,42,0.03921441777153335,0,0.0,1,0.0008358060979034411,0.0
bg,50,0.0009186988712461073,0.0009178548636300786,0.9186988712461073,26,26,52,0.035334571971004126,0,0.0,1,0.0008277199405728324,0.0
bg,50,0.0009900826863229204,0.000989102422597164,0.9900826863229204,24,24,48,0.041253445263455014,0,0.0,1,0.0010958051489205287,0.0
bg,50,0.0005630507633800157,0.000562733737217873,0.5630507633800157,21,21,42,0.02681194111333408,0,0.0,1,0.000521356890975925,0.0
bg,50,0.0010392396463491233,0.0010381596273065796,1.0392396463491234,30,30,60,0.03464132154497078,0,0.0,1,0.0007562134616363283,0.0
bg,50,0.0006769865039591849,0.0006765281932326422,0.6769865039591849,18,18,36,0.03761036133106583,0,0.0,1,0.0006806037674578411,0.0
bg,50,0.0012045614625473301,0.001203110494230276,1.2045614625473302,29,29,58,0.04153660215680449,0,0.0,1,0.0012959194519786422,0.0
bg,50,0.0009970347676970359,0.000996040689369039,0.9970347676970359,32,32,64,0.031157336490532372,0,0.0,1,0.0011112070603469342,0.0
bg,50,0.0007004131655036331,0.0006999225869012225,0.7004131655036332,25,25,50,0.028016526620145327,0,0.0,1,0.0005168977734627598,0.0
bg,50,0.001002929051648517,0.0010019231849658762,1.002929051648517,29,29,58,0.034583760401673,0,0.0,1,0.0006396067806498613,0.0
bg,50,0.0009475526526019741,0.0009466547965725213,0.9475526526019742,32,32,64,0.029611020393811693,0,0.0,1,0.0007680403394038568,0.0
bg,50,0.0007239292561734878,0.000723405182605544,0.7239292561734878,24,24,48,0.030163719007228657,0,0.0,1,0.0007049969214761299,0.0
bg,50,0.0007065500759795693,0.0007060508629697027,0.7065500759795693,28,28,56,0.025233931284984617,0,0.0,1,0.0005549421791376565,0.0
bg,50,0.0008654980119999891,0.0008647489251912132,0.8654980119999891,26,26,52,0.03328838507692266,0,0.0,1,0.0009236214833540437,0.0
bg,50,0.0005916337185649959,0.0005912836881080528,0.5916337185649958,24,24,48,0.02465140494020816,0,0.0,1,0.0006958701449926109,0.0
bg,50,0.00056130758799527,0.000560992521786929,0.56130758799527,18,18,36,0.03118375488862611,0,0.0,1,0.0004779288201270385,0.0
bg,50,0.000980123190893707,0.0009791625494243793,0.9801231908937069,31,31,62,0.031616877125603446,0,0.0,1,0.0008463831544507766,0.0
bg,50,0.00039480444304081173,0.0003946485724925669,0.39480444304081175,14,14,28,0.028200317360057982,0,0.0,1,0.0004735507403533531,0.0
bg,50,0.00107234743427248,0.0010711975052526892,1.07234743427248,32,32,64,0.033510857321015,0,0.0,1,0.000803817937150396,0.0
bg,50,0.0005956201194359601,0.0005952653561092833,0.59562011943596,25,25,50,0.023824804777438403,0,0.0,1,0.0006489840609705061,0.0
bg,50,0.0007093743165481356,0.0007088711046271575,0.7093743165481357,21,21,42,0.03377972935943503,0,0.0,1,0.0007897827627134073,0.0
bg,50,0.0007800905548531673,0.0007794820135793964,0.7800905548531674,19,19,38,0.04105739762385091,0,0.0,1,0.0006701350765073284,0.0
bg,50,0.0008818988485610415,0.0008811211029819482,0.8818988485610415,32,32,64,0.027559339017532547,0,0.0,1,0.000701272102759856,0.0
bg,50,0.0007171165479853592,0.0007166022918419648,0.7171165479853592,28,28,56,0.0256113052851914,0,0.0,1,0.0007269028930998443,0.0
bg,50,0.0010827422204865158,0.001081569889770492,1.0827422204865158,32,32,64,0.03383569439020362,0,0.0,1,0.0013615345242548767,0.0
bg,50,0.0012801611896825582,0.0012785223770109884,1.2801611896825582,30,30,60,0.04267203965608527,0,0.0,1,0.001076927725225536,0.0
bg,50,0.0009360013630887427,0.0009351252645370388,0.9360013630887427,28,28,56,0.03342862011031224,0,0.0,1,0.0007456964080745775,0.0
bg,50,0.0008843159001375902,0.0008835338855263541,0.8843159001375902,30,30,60,0.029477196671253005,0,0.0,1,0.0008204215873344515,0.0
bg,50,0.0008210216150139899,0.00082034753852167,0.82102161501399,26,26,52,0.031577754423615,0,0.0,1,0.000749102600530405,0.0
bg,50,0.0007555648368104908,0.0007549939585878664,0.7555648368104908,22,22,44,0.034343856218658673,0,0.0,1,0.0005615809464195377,0.0
bg,50,0.0007546123560017257,0.0007540429161938954,0.7546123560017257,20,20,40,0.03773061780008628,0,0.0,1,0.0007794139088182022,0.0
bg,50,0.0006655022495560984,0.0006650593563119343,0.6655022495560985,24,24,48,0.02772926039817077,0,0.0,1,0.0007220602745885761,0.0
bg,50,0.0008581470198761565,0.0008574106035684342,0.8581470198761565,22,22,44,0.039006682721643475,0,0.0,1,0.0007595597975022796,0.0
bg,50,0.0011556053645146137,0.0011542699407561183,1.1556053645146136,27,27,54,0.04280019868572643,0,0.0,1,0.0011328900239682435,0.0
bg,50,0.001448786418558416,0.001446687436471817,1.448786418558416,28,28,56,0.051742372091372,0,0.0,1,0.001801267083853655,0.0
bg,50,0.0008218951610530674,0.0008212196493973051,0.8218951610530674,28,28,56,0.02935339860903812,0,0.0,1,0.0006044571179329569,0.0
bg,50,0.000601973267155536,0.0006016108953411662,0.601973267155536,22,22,44,0.027362421234342547,0,0.0,1,0.0005094104283926014,0.0
bg,50,0.0007464880881199108,0.0007459308436542057,0.7464880881199107,24,24,48,0.031103670338329614,0,0.0,1,0.0006476101833016479,0.0
bg,50,0.0008617407024340337,0.0008609981053958022,0.8617407024340338,26,26,52,0.03314387317053976,0,0.0,1,0.0009682374000633636,0.0
bg,50,0.0007667576726313357,0.0007661697553027965,0.7667576726313357,27,27,54,0.028398432319679097,0,0.0,1,0.0006798631632145376,0.0
bg,50,0.0011472244539348368,0.0011459083299871307,1.1472244539348369,30,30,60,0.038240815131161225,0,0.0,1,0.0011467928259551233,0.0
bg,50,0.000752356565029281,0.0007517905246283384,0.7523565650292809,31,31,62,0.024269566613847774,0,0.0,1,0.0004793549355608646,0.0
bg,50,0.0007362062226212016,0.0007356642230189755,0.7362062226212016,21,21,42,0.03505743917243817,0,0.0,1,0.0007160580890139966,0.0
bg,50,0.0008212940957145989,0.0008206195717229432,0.8212940957145989,27,27,54,0.03041829984128144,0,0.0,1,0.001092766618612572,0.0
bg,50,0.0007434160768080815,0.0007428634093448248,0.7434160768080815,24,24,48,0.030975669867003397,0,0.0,1,0.0005879533620139678,0.0
bg,50,0.0005142723537560769,0.000514007877702239,0.5142723537560769,21,21,42,0.02448915970267033,0,0.0,1,0.0005327345928009939,0.0
bg,50,0.0010277307704515835,0.0010266745399150506,1.0277307704515835,38,38,76,0.027045546590831145,0,0.0,1,0.0010131280247999855,0.0
bg,50,0.0007454883628432754,0.0007449326099441405,0.7454883628432754,26,26,52,0.028672629340125974,0,0.0,1,0.0007504923874829435,0.0
bg,50,0.001073269121262868,0.001072117214656212,1.073269121262868,31,31,62,0.03462158455686671,0,0.0,1,0.0012037401821444588,0.0
bg,50,0.0007995873203841768,0.0007989479805012575,0.7995873203841768,23,23,46,0.03476466610365986,0,0.0,1,0.000878251157503365,0.0
bg,50,0.0008872104666815374,0.0008864233242693484,0.8872104666815375,26,26,52,0.03412347948775144,0,0.0,1,0.0007927487404151781,0.0
bg,50,0.0008606671515112261,0.0008599264035655356,0.8606671515112261,24,24,48,0.03586113131296775,0,0.0,1,0.0008364242740359083,0.0
bg,50,0.0009393195940548189,0.0009384372727550438,0.9393195940548189,28,28,56,0.033547128359100675,0,0.0,1,0.0007105540000577949,0.0
bg,50,0.0003256185458670302,0.0003255125184296178,0.3256185458670302,15,15,30,0.021707903057802014,0,0.0,1,0.0004258479950834107,0.0
bg,50,0.0008386317141343831,0.0008379284109824312,0.8386317141343831,31,31,62,0.027052635939818808,0,0.0,1,0.0007736260721858355,0.0
bg,50,0.0005992020614360883,0.0005988430183256591,0.5992020614360882,19,19,38,0.03153695060189938,0,0.0,1,0.0007475964038901587,0.0
bg,50,0.0014272822487503304,0.0014252451141327327,1.4272822487503305,37,37,74,0.038575195912171095,0,0.0,1,0.0014824188681650055,0.0
bg,50,0.000831744260592302,0.0008310524620772738,0.831744260592302,23,23,46,0.03616279393879574,0,0.0,1,0.0010783433722846903,0.0
bg,50,0.0011943470092741605,0.0011929205444955987,1.1943470092741606,25,25,50,0.04777388037096642,0,0.0,1,0.0011732853821375417,0.0
bg,50,0.0006133121178582805,0.0006129359661043687,0.6133121178582805,21,21,42,0.029205338945632407,0,0.0,1,0.0006453582486925581,0.0
bg,50,0.0003154233971786624,0.0003153239052591747,0.3154233971786624,17,17,34,0.018554317481097787,0,0.0,1,0.0002365382156435074,0.0
bg,50,0.0011024425968821064,0.0011012272172026862,1.1024425968821063,26,26,52,0.042401638341619474,0,0.0,1,0.0012161663317698899,0.0
bg,50,0.0003804631711037345,0.0003803184188791682,0.3804631711037345,15,15,30,0.025364211406915634,0,0.0,1,0.0002961486832888726,0.0
bg,50,0.0004651956508059527,0.000464979243812424,0.4651956508059527,20,20,40,0.023259782540297636,0,0.0,1,0.00047221869425010966,0.0
bg,50,0.0009720459276556497,0.0010033931943799932,0.9720459276556497,28,28,56,0.034715925987701776,1,0.001,1,0.0011617244954247466,1.438132186714991
bg,50,0.0003623285330205519,0.0003621972510547111,0.3623285330205519,19,19,38,0.019069922790555364,0,0.0,1,0.0003305446728915865,0.0
bg,50,0.0010038643880038692,0.0010028566442943669,1.0038643880038691,31,31,62,0.0323827221936732,0,0.0,1,0.001024577719803188,0.0
bg,50,0.0008517807397314527,0.0008510552093028754,0.8517807397314527,32,32,64,0.026618148116607898,0,0.0,1,0.0010264853473242054,0.0
bg,50,0.0012704449192264841,0.0012688308889336956,1.2704449192264842,26,26,52,0.04886326612409554,0,0.0,1,0.0012646028325696808,0.0
bg,50,0.0005433069934895372,0.0005430118110003626,0.5433069934895371,21,21,42,0.025871761594739865,0,0.0,1,0.0005140868185779805,0.0
bg,50,0.0005668644190340757,0.0005665430837645088,0.5668644190340757,22,22,44,0.025766564501548895,0,0.0,1,0.0007000052859152477,0.0
bg,50,0.0004971540646214052,0.0004969069024574357,0.4971540646214052,23,23,46,0.02161539411397414,0,0.0,1,0.0003850655179104405,0.0
bg,50,0.0007587932576910745,0.0007582174904831571,0.7587932576910745,20,20,40,0.03793966288455373,0,0.0,1,0.0007190815996165578,0.0
bg,50,0.0009604778083256847,0.0009595552907053985,0.9604778083256846,31,31,62,0.03098315510728015,0,0.0,1,0.0008617588660555915,0.0
bg,50,0.0007333206192982189,0.0007327828601675309,0.7333206192982189,31,31,62,0.02365550384832964,0,0.0,1,0.0006611402407961294,0.0
bg,50,0.0006983454916712937,0.0006978578052455561,0.6983454916712937,25,25,50,0.027933819666851746,0,0.0,1,0.000879180537809678,0.0
bg,50,0.0006741479641476147,0.0006736934886700502,0.6741479641476147,18,18,36,0.037452664674867485,0,0.0,1,0.0007496112329866767,0.0
bg,50,0.0006776254890965703,0.000677166312793097,0.6776254890965703,25,25,50,0.02710501956386281,0,0.0,1,0.0008304344732688987,0.0
bg,50,0.0005878838381948545,0.0005875382307876438,0.5878838381948546,23,23,46,0.025560166878037156,0,0.0,1,0.0005542562112633572,0.0
bg,50,0.0006692463054006998,0.0006687984147834075,0.6692463054006998,24,24,48,0.02788526272502916,0,0.0,1,0.000610227284826991,0.0
bg,50,0.0007846285335493999,0.00078401289161374,0.7846285335493999,27,27,54,0.02906031605738518,0,0.0,1,0.0008099792517441184,0.0
bg,50,0.0005803313344131453,0.0005799945499554435,0.5803313344131453,25,25,50,0.023213253376525814,0,0.0,1,0.0006415057480607684,0.0
bg,50,0.0008520888919549883,0.000851362836475195,0.8520888919549883,30,30,60,0.028402963065166275,0,0.0,1,0.0008713501392254206,0.0
bg,50,0.000744893584361364,0.0007443387179093411,0.744893584361364,22,22,44,0.03385879928915291,0,0.0,1,0.0006405024097230716,0.0
bg,50,0.0009540835931077787,0.0009531733176051412,0.9540835931077787,31,31,62,0.030776890100250927,0,0.0,1,0.0009995758982932995,0.0
bg,50,0.000743367651446901,0.000742815055981683,0.743367651446901,23,23,46,0.03232033267160439,0,0.0,1,0.0009906188684801259,0.0
bg,50,0.0009772503352508508,0.0009762953170331027,0.9772503352508508,25,25,50,0.039090013410034034,0,0.0,1,0.0009019762891001856,0.0
bg,50,0.0008256282043182352,0.0008249465423864695,0.8256282043182352,21,21,42,0.03931562877705882,0,0.0,1,0.0009795415307256225,0.0
bg,50,0.0006925035160640469,0.0006920239549442858,0.6925035160640469,24,24,48,0.02885431316933529,0,0.0,1,0.0008221878065757479,0.0
bg,50,0.0006533684857522557,0.0006529415953740816,0.6533684857522557,22,22,44,0.02969856753419344,0,0.0,1,0.0007425865654544034,0.0
bg,50,0.0007369315039809656,0.0007363884359394058,0.7369315039809656,20,20,40,0.036846575199048284,0,0.0,1,0.0006577102725178975,0.0
bg,50,0.0007182912918300434,0.0007177753494501245,0.7182912918300435,23,23,46,0.03123005616652363,0,0.0,1,0.00054681027749204,0.0
bg,50,0.0011995519574665536,0.001198113032567892,1.1995519574665536,27,27,54,0.044427850276539026,0,0.0,1,0.0009729025179382784,0.0
bg,50,0.0007223574271321835,0.0007218356268796505,0.7223574271321835,24,24,48,0.03009822613050765,0,0.0,1,0.0006296691406782432,0.0
bg,50,0.0005400313826437451,0.000539739748749505,0.5400313826437451,21,21,42,0.025715780125892623,0,0.0,1,0.0004924672944182531,0.0
bg,50,0.0007054465323758308,0.0007049488775657897,0.7054465323758308,28,28,56,0.02519451901342253,0,0.0,1,0.0007070096180751383,0.0
bg,50,0.0010193594566694983,0.0010183203629675968,1.0193594566694983,26,26,52,0.03920613294882686,0,0.0,1,0.0009664756032629757,0.0
bg,50,0.0007608261040305707,0.0007602472476699962,0.7608261040305706,23,23,46,0.03307939582741611,0,0.0,1,0.000770482225805489,0.0
bg,50,0.0010622554070301717,0.001061127020480407,1.0622554070301717,26,26,52,0.040855977193468146,0,0.0,1,0.0011082534913367012,0.0
bg,50,0.0012120752408537215,0.001210606114464231,1.2120752408537214,36,36,72,0.03366875669038115,0,0.0,1,0.001384748944492715,0.0
bg,50,0.0007751693213044035,0.0007745684338277121,0.7751693213044035,20,20,40,0.038758466065220175,0,0.0,1,0.0007127969053839253,0.0
bg,50,0.0007187711887371861,0.0007182545567154273,0.7187711887371862,19,19,38,0.037830062565115063,0,0.0,1,0.0006577612868437949,0.0
bg,50,0.000675568222253304,0.0006751118298303854,0.6755682222533039,26,26,52,0.025983393163588612,0,0.0,1,0.0005506094436296102,0.0
bg,50,0.0011424650350716377,0.0011411598087152763,1.1424650350716377,23,23,46,0.04967239282920164,0,0.0,1,0.0007512722820720662,0.0
bg,50,0.00036155740182400553,0.0003614266780691918,0.36155740182400553,17,17,34,0.02126808246023562,0,0.0,1,0.0003304636054267787,0.0
bg,50,0.0008154390842682684,0.0008147741433681161,0.8154390842682684,22,22,44,0.03706541292128493,0,0.0,1,0.0006322134070067234,0.0
bg,50,0.0008308858804922501,0.0008301955091458487,0.8308858804922501,22,22,44,0.03776754002237501,0,0.0,1,0.0006480348804536803,0.0
bg,50,0.0008121448315593475,0.0008114852523319191,0.8121448315593476,35,35,70,0.023204138044552788,0,0.0,1,0.0006602580497376576,0.0
bg,50,0.0007352383098175607,0.0007346977344453374,0.7352383098175608,24,24,48,0.0306349295757317,0,0.0,1,0.0007950600734583983,0.0
bg,50,0.0007102423095242756,0.0007097378653860371,0.7102423095242756,29,29,58,0.024491114121526745,0,0.0,1,0.0007123510850283709,0.0
bg,50,0.0009984965341380346,0.000997499538809349,0.9984965341380345,21,21,42,0.04754745400657307,0,0.0,1,0.0009227979455271991,0.0
bg,50,0.0014174145233922318,0.0014154054594611083,1.4174145233922317,31,31,62,0.045723049141684895,0,0.0,1,0.001506288681171899,0.0
bg,50,0.00041283242235914665,0.00041266199175019573,0.41283242235914663,16,16,32,0.025802026397446665,0,0.0,1,0.0004624793672275997,0.0
bg,50,0.0008839461381278895,0.0008831647773527785,0.8839461381278895,34,34,68,0.025998415827290868,0,0.0,1,0.0009346206303743939,0.0
bg,50,0.0006050623072041717,0.0006046962068085725,0.6050623072041716,25,25,50,0.024202492288166864,0,0.0,1,0.0006167492644946099,0.0
bg,50,0.000953303057826984,0.0009523942711069218,0.9533030578269841,32,32,64,0.029790720557093253,0,0.0,1,0.0009877425713634641,0.0
bg,50,0.0005349650175837581,0.0005346788300137198,0.5349650175837581,19,19,38,0.0281560535570399,0,0.0,1,0.0005925531214792605,0.0
bg,50,0.0010725832663269674,0.0010714328314637628,1.0725832663269674,32,32,64,0.03351822707271773,0,0.0,1,0.0011016939169140856,0.0
bg,50,0.0010595139750001507,0.0010583914051369302,1.0595139750001508,25,25,50,0.04238055900000603,0,0.0,1,0.00093852133521231,0.0
bg,50,0.0006642789330787711,0.0006638376665778388,0.6642789330787711,24,24,48,0.027678288878282126,0,0.0,1,0.0005497468744382107,0.0
bg,50,0.0008044927707674159,0.0008038455621491988,0.8044927707674159,24,24,48,0.033520532115309,0,0.0,1,0.0007403312648761103,0.0
bg,50,0.0009367378179016521,0.000935860340162165,0.9367378179016521,29,29,58,0.03230130406557421,0,0.0,1,0.0009731089644589123,0.0
bg,50,0.0006735070099503417,0.0006730533982578894,0.6735070099503417,22,22,44,0.030613954997742807,0,0.0,1,0.0006602424406627205,0.0
bg,50,0.0006322979759873997,0.0006318981752569619,0.6322979759873997,21,21,42,0.030109427427971413,0,0.0,1,0.0005157018222131444,0.0
bg,50,0.0010745534296297307,0.0010733987645566022,1.0745534296297308,34,34,68,0.03160451263616855,0,0.0,1,0.0010897731991510217,0.0
bg,50,0.001065373456844977,0.0010642384362424273,1.065373456844977,32,32,64,0.033292920526405534,0,0.0,1,0.001180059862483944,0.0
bg,50,0.0004006612322599068,0.00040050070283687077,0.4006612322599068,13,13,26,0.0308200947892236,0,0.0,1,0.0003745224340632231,0.0
bg,50,0.0008482314328839494,0.000847511936320217,0.8482314328839493,30,30,60,0.028274381096131642,0,0.0,1,0.0008208316321563086,0.0
bg,50,0.0006813489941534207,0.0006808847577015869,0.6813489941534208,30,30,60,0.02271163313844736,0,0.0,1,0.0006864314866726537,0.0
bg,50,0.0009997455698983514,0.0009987460786938201,0.9997455698983515,24,24,48,0.04165606541243131,0,0.0,1,0.0007045778315659179,0.0
bg,50,0.000667237222885646,0.0006667920173740418,0.667237222885646,21,21,42,0.03177320108979267,0,0.0,1,0.0005525855768367392,0.0
bg,50,0.0009568458584043426,0.0009559303044075971,0.9568458584043427,26,26,52,0.03680176378478241,0,0.0,1,0.0010552010293737992,0.0
bg,50,0.001107790928910582,0.0011065637281684052,1.1077909289105818,32,32,64,0.03461846652845568,0,0.0,1,0.0013571381036632374,0.0
bg,50,0.0005275232995684718,0.0005272450187368841,0.5275232995684718,24,24,48,0.021980137482019657,0,0.0,1,0.0004447767677020729,0.0
bg,50,0.0011645651474365823,0.0011632089354539582,1.1645651474365823,28,28,56,0.04159161240844937,0,0.0,1,0.0011134658691460142,0.0
bg,50,0.0006709545985163068,0.0006705044184430367,0.6709545985163068,21,21,42,0.03195021897696699,0,0.0,1,0.0005936364393182411,0.0
bg,50,0.0006509638812984884,0.0006505401273237334,0.6509638812984884,25,25,50,0.026038555251939533,0,0.0,1,0.0006405035474941379,0.0
bg,50,0.000878258213928973,0.0008774868764386391,0.878258213928973,23,23,46,0.0381851397360423,0,0.0,1,0.0010629176308582337,0.0
bg,50,0.0007674911118732055,0.000766902069266401,0.7674911118732055,22,22,44,0.034885959630600254,0,0.0,1,0.0007822063655394177,0.0
bg,50,0.0008736016432935329,0.0008728384634623679,0.873601643293533,24,24,48,0.03640006847056387,0,0.0,1,0.000944285509881902,0.0
bg,50,0.000592098768098122,0.0005917481871469388,0.592098768098122,22,22,44,0.026913580368096456,0,0.0,1,0.0006549570038845215,0.0
bg,50,0.00041976160940615157,0.0004195854095974204,0.4197616094061516,19,19,38,0.022092716284534294,0,0.0,1,0.00041309163970310985,0.0
bg,50,0.0007333432204595028,0.0007328054281805087,0.7333432204595027,28,28,56,0.026190829302125098,0,0.0,1,0.0008035576868515364,0.0
bg,50,0.0010487750215602211,0.0010476750925143725,1.0487750215602212,30,30,60,0.0349591673853407,0,0.0,1,0.0012769997436178364,0.0
bg,50,0.0009277201069095931,0.0009268594423128288,0.9277201069095931,31,31,62,0.029926455061599775,0,0.0,1,0.0009067944984212874,0.0
bg,50,0.000940395702111779,0.0009395113580352287,0.940395702111779,33,33,66,0.028496839457932698,0,0.0,1,0.0009219423793029881,0.0
bg,50,0.0005464934689106329,0.0005461948137990708,0.5464934689106329,22,22,44,0.024840612223210587,0,0.0,1,0.0004745787134624915,0.0
bg,50,0.0006566332673768827,0.0006562021001290567,0.6566332673768827,24,24,48,0.027359719474036776,0,0.0,1,0.0006356377057671928,0.0
bg,50,0.0011974122651204034,0.0011959784689877426,1.1974122651204033,26,26,52,0.046054317889246285,0,0.0,1,0.0011089456202793995,0.0
bg,50,0.0008028399598067466,0.0008021954078056841,0.8028399598067466,21,21,42,0.038230474276511744,0,0.0,1,0.0009870754234077017,0.0
bg,50,0.000841331167328832,0.000840623329195713,0.841331167328832,21,21,42,0.04006338892042057,0,0.0,1,0.0008612243140271262,0.0
bg,50,0.0005302701950463504,0.0005299890085665959,0.5302701950463504,17,17,34,0.031192364414491202,0,0.0,1,0.0005911752380328784,0.0
bg,50,0.0005866229207719709,0.000586278794320796,0.5866229207719709,32,32,64,0.01833196627412409,0,0.0,1,0.0007117064968139294,0.0
bg,50,0.001414951268660836,0.00145562965273568,1.414951268660836,36,36,72,0.03930420190724545,0,0.0,1,0.001174910459444724,0.0
bg,50,0.0004689714730012149,0.00046875153875872594,0.4689714730012149,16,16,32,0.02931071706257593,0,0.0,1,0.0004901968125209049,0.0
bg,50,0.0009726316718646473,0.000971685659495533,0.9726316718646473,24,24,48,0.04052631966102697,0,0.0,1,0.0011360221092588819,0.0
bg,50,0.0005949622162754622,0.0005946082362366668,0.5949622162754622,23,23,46,0.025867922446759225,0,0.0,1,0.0005598135258897371,0.0
bg,50,0.0009288011405640564,0.0009279384690053432,0.9288011405640564,25,25,50,0.03715204562256225,0,0.0,1,0.0011525004709585218,0.0
bg,50,0.0008583574354944261,0.0008576206580073576,0.8583574354944261,30,30,60,0.02861191451648087,0,0.0,1,0.0008268664070405688,0.0
bg,50,0.0007262575547376287,0.000725730104701815,0.7262575547376287,25,25,50,0.029050302189505148,0,0.0,1,0.0007578250414577124,0.0
bg,50,0.00048611075495498215,0.0004858744512888992,0.4861107549549821,16,16,32,0.030381922184686383,0,0.0,1,0.0003517425365293275,0.0
bg,50,0.0007404503047118105,0.0007399020380580626,0.7404503047118105,25,25,50,0.02961801218847242,0,0.0,1,0.0007666398856370134,0.0
bg,50,0.0007321050724122058,0.0007315690945751542,0.7321050724122058,19,19,38,0.038531845916431884,0,0.0,1,0.0006666224999439676,0.0
bg,50,0.0005939842359764569,0.0005936314187038684,0.5939842359764569,20,20,40,0.029699211798822844,0,0.0,1,0.00047604981486269293,0.0
bg,50,0.000534958145283932,0.0005346719650667265,0.534958145283932,22,22,44,0.02431627933108782,0,0.0,1,0.0005439438972291721,0.0
bg,50,0.00039891142785472946,0.0003987522975274564,0.39891142785472944,17,17,34,0.023465378109101733,0,0.0,1,0.00035332983739114985,0.0
bg,50,0.0008211085920179073,0.0008204343726980216,0.8211085920179073,22,22,44,0.037323117818995784,0,0.0,1,0.0006733604018141515,0.0
bg,50,0.0009397507634059678,0.0009388676319086458,0.9397507634059679,29,29,58,0.032405198738136826,0,0.0,1,0.000915909279996546,0.0
bg,50,0.0008365654502775329,0.0008358656085249347,0.8365654502775328,21,21,42,0.03983645001321585,0,0.0,1,0.0010420433397512645,0.0
bg,50,0.0007886858329083726,0.0007880638075653422,0.7886858329083726,30,30,60,0.02628952776361242,0,0.0,1,0.000793355634433975,0.0
bg,50,0.0006944964334367114,0.000694014108140655,0.6944964334367114,26,26,52,0.02671140128602736,0,0.0,1,0.0005297004762930664,0.0
bg,50,0.0011679565564606308,0.0011665924339428512,1.1679565564606307,25,25,50,0.04671826225842523,0,0.0,1,0.0010660722165639616,0.0
bg,50,0.0007251884796597636,0.0007246625813287324,0.7251884796597636,17,17,34,0.042658145862339035,0,0.0,1,0.0007195383224240544,0.0
bg,50,0.0007310725359604167,0.0007305380689075812,0.7310725359604167,23,23,46,0.031785762433061596,0,0.0,1,0.0007669242329376672,0.0
bg,50,0.0005934388257666416,0.0005930866561267144,0.5934388257666416,22,22,44,0.026974492080301893,0,0.0,1,0.0005723464598412708,0.0
bg,50,0.0006022081770422076,0.0006018455223537111,0.6022081770422076,18,18,36,0.0334560098356782,0,0.0,1,0.0006632697336243358,0.0
bg,50,0.0009121298140012471,0.0009112978332036574,0.912129814001247,32,32,64,0.02850405668753897,0,0.0,1,0.0010161202947532907,0.0
bg,50,0.0007076119864531449,0.0007071112717297728,0.7076119864531449,23,23,46,0.030765738541441084,0,0.0,1,0.0006452566580804596,0.0
bg,50,0.000587631271508009,0.0005872859609967549,0.587631271508009,23,23,46,0.02554918571773952,0,0.0,1,0.0006906750272317429,0.0
bg,50,0.0012420136623596569,0.0012404710644221687,1.242013662359657,29,29,58,0.04282805732274679,0,0.0,1,0.0011924560826529688,0.0
bg,50,0.0011408968556922848,0.001139595210056956,1.1408968556922847,32,32,64,0.0356530267403839,0,0.0,1,0.0013506935563093677,0.0
bg,50,0.00048617235114468114,0.00048593598758966364,0.48617235114468116,22,22,44,0.022098743233849142,0,0.0,1,0.0005078416281517463,0.0
bg,50,0.0005976057929677339,0.0005972486602839452,0.5976057929677339,19,19,38,0.03145293647198599,0,0.0,1,0.000517311287036511,0.0
bg,50,0.0005621402984263924,0.0005618242967112774,0.5621402984263923,22,22,44,0.025551831746654197,0,0.0,1,0.00048405641849714245,0.0
bg,50,0.0010796763631014078,0.0010785106620523678,1.0796763631014077,27,27,54,0.039988013448200285,0,0.0,1,0.001143587849527998,0.0
bg,50,0.0010449581678767571,0.0011050073906461488,1.0449581678767572,32,32,64,0.03265494274614866,0,0.0,1,0.0010526057974105123,0.0
bg,50,0.000617927204578308,0.0006175453705481499,0.617927204578308,20,20,40,0.030896360228915398,0,0.0,1,0.0005446418788789675,0.0
bg,50,0.0006856373904068143,0.0006851672917756904,0.6856373904068143,21,21,42,0.032649399543181634,0,0.0,1,0.0005087425841525016,0.0
bg,50,0.00045615627834215644,0.0004559481997918855,0.45615627834215644,21,21,42,0.021721727540102688,0,0.0,1,0.0004001867614268674,0.0
bg,50,0.0009090296271365119,0.0009082032922735,0.9090296271365119,24,24,48,0.03787623446402133,0,0.0,1,0.0009879546553988915,0.0
bg,50,0.0007111055344040054,0.0007105998633229453,0.7111055344040054,20,20,40,0.03555527672020027,0,0.0,1,0.0010603054252803093,0.0
bg,50,0.0008481758836044957,0.0008474564812749674,0.8481758836044957,27,27,54,0.03141392161498132,0,0.0,1,0.0009259454904088362,0.0
bg,50,0.0007607484803383997,0.0007601697420880625,0.7607484803383997,25,25,50,0.030429939213535987,0,0.0,1,0.0008804343777953121,0.0
bg,50,0.0010497019397801486,0.0010486000656177703,1.0497019397801486,28,28,56,0.037489354992148165,0,0.0,1,0.0009796525468637222,0.0
bg,50,0.0012382326945216304,0.0012366994743158478,1.2382326945216304,41,41,82,0.03020079742735684,0,0.0,1,0.0013599788389183191,0.0
bg,50,0.0015029865274599529,0.0015007275589582268,1.502986527459953,37,37,74,0.04062125749891765,0,0.0,1,0.0014383233078670678,0.0
bg,50,0.000986862443589315,0.0009858885461067478,0.986862443589315,36,36,72,0.027412845655258748,0,0.0,1,0.0007291209787891802,0.0
bg,50,0.0006003650233055815,0.0006000045851443727,0.6003650233055815,26,26,52,0.023090962434830057,0,0.0,1,0.0003344639925260021,0.0
bg,50,0.0005223747744360195,0.0005221018990310523,0.5223747744360194,19,19,38,0.02749340918084313,0,0.0,1,0.0005751472889259725,0.0
bg,50,0.0007799533209726625,0.0007793449937897661,0.7799533209726626,28,28,56,0.027855475749023664,0,0.0,1,0.0007403811214975935,0.0
bg,50,0.000864291952804793,0.0008635449522251099,0.864291952804793,28,28,56,0.03086756974302832,0,0.0,1,0.0007189173983620958,0.0
bg,50,0.0010943429834023063,0.0010931453968369847,1.0943429834023064,24,24,48,0.04559762430842943,0,0.0,1,0.0010559276510360336,0.0
bg,50,0.0003797118289392607,0.0003795676478662243,0.3797118289392607,15,15,30,0.025314121929284047,0,0.0,1,0.0003700717018756586,0.0
bg,50,0.0007822102301609845,0.000781598377316816,0.7822102301609846,21,21,42,0.037248106198142124,0,0.0,1,0.0007487880337217796,0.0
bg,50,0.0006543028309477457,0.0006538747187531596,0.6543028309477457,25,25,50,0.026172113237909828,0,0.0,1,0.0006508183228624906,0.0
bg,50,0.0005785472371370624,0.0005782125202314634,0.5785472371370624,16,16,32,0.0361592023210664,0,0.0,1,0.00038860696855123276,0.0
bg,50,0.0006694308518443677,0.0006689827141789665,0.6694308518443677,20,20,40,0.033471542592218385,0,0.0,1,0.0007302433458330412,0.0
bg,50,0.001100214153299226,0.0010990036821161063,1.100214153299226,27,27,54,0.04074867234441578,0,0.0,1,0.0013023025766411868,0.0
bg,50,0.0006703004186082495,0.0006698511159570631,0.6703004186082495,18,18,36,0.03723891214490275,0,0.0,1,0.0005581412333208762,0.0
bg,50,0.0005714604813289137,0.000571133914247193,0.5714604813289137,16,16,32,0.035716280083057106,0,0.0,1,0.0005093572592176313,0.0
bg,50,0.000779553993682967,0.0007789462892539,0.779553993682967,19,19,38,0.04102915756226142,0,0.0,1,0.0009200503679681846,0.0
bg,50,0.0010039674158181242,0.0010029594652460998,1.0039674158181242,25,25,50,0.04015869663272497,0,0.0,1,0.0011489008834892672,0.0
bg,50,0.0005763136086040248,0.0005759814712285627,0.5763136086040248,21,21,42,0.02744350517162023,0,0.0,1,0.0006768759221313186,0.0
bg,50,0.001281500970780602,0.0012798587260424903,1.281500970780602,29,29,58,0.044189688647606966,0,0.0,1,0.0015751027942434777,0.0
bg,50,0.0006660587651079024,0.0006656151308293251,0.6660587651079024,24,24,48,0.0277524485461626,0,0.0,1,0.0007507032665325238,0.0
bg,50,0.0008568413809095006,0.0008561072037574619,0.8568413809095006,27,27,54,0.031734865959611135,0,0.0,1,0.0008656791972025351,0.0
bg,50,0.0007250061131251897,0.0007244804792611208,0.7250061131251897,19,19,38,0.03815821648027314,0,0.0,1,0.0007049502201480718,0.0
bg,50,0.0008491116031805142,0.0008483906126658582,0.8491116031805142,22,22,44,0.038595981962750645,0,0.0,1,0.0007790273910516578,0.0
bg,50,0.0013314310157854301,0.0013296583072356346,1.33143101578543,32,32,64,0.04160721924329469,0,0.0,1,0.0015468108746599465,0.0
bg,50,0.0012168671894642032,0.0012153864237074083,1.2168671894642031,29,29,58,0.041960937567731144,0,0.0,1,0.0009174609285353924,0.0
bg,50,0.0007444831060069496,0.0007439288509118199,0.7444831060069497,25,25,50,0.029779324240277988,0,0.0,1,0.0006530662570425476,0.0
bg,50,0.0011641083784243054,0.0011627532301075876,1.1641083784243054,30,30,60,0.038803612614143515,0,0.0,1,0.0011211731477935563,0.0
bg,50,0.00036863344805584573,0.0003684975574368202,0.36863344805584575,15,15,30,0.02457556320372305,0,0.0,1,0.00032525914278071227,0.0
bg,50,0.0007461538777149112,0.0007455971321056823,0.7461538777149113,21,21,42,0.03553113703404339,0,0.0,1,0.0006524132578923306,0.0
bg,50,0.0014416676912737377,0.0014395892855416754,1.4416676912737376,32,32,64,0.0450521153523043,0,0.0,1,0.0010807777826374696,0.0
bg,50,0.00047999017704908906,0.0004797597864790254,0.4799901770490891,18,18,36,0.026666120947171617,0,0.0,1,0.00048556381546833397,0.0
bg,50,0.0013245676237331177,0.0013228131443432758,1.3245676237331176,39,39,78,0.03396327240341327,0,0.0,1,0.0016010706297537227,0.0
bg,50,0.0008190931670805171,0.000818422253464159,0.819093167080517,28,28,56,0.02925332739573275,0,0.0,1,0.0008144947377274329,0.0
bg,50,0.0003410194782875209,0.0003409031840029493,0.3410194782875209,13,13,26,0.026232267560578528,0,0.0,1,0.0003682403847572901,0.0
bg,50,0.0007883386567184907,0.0007877171788808141,0.7883386567184907,21,21,42,0.03753993603421384,0,0.0,1,0.0008191777361288668,0.0
bg,50,0.0008407147383999529,0.00084000793712859,0.8407147383999529,22,22,44,0.03821430629090695,0,0.0,1,0.0008921853685935845,0.0
bg,50,0.0010316469323581408,0.0010305826369650967,1.0316469323581408,22,22,44,0.04689304237991549,0,0.0,1,0.001036902322156246,0.0
bg,50,0.0006994569485717079,0.000698967708548803,0.6994569485717079,26,26,52,0.026902190329681074,0,0.0,1,0.0006709027046342524,0.0
bg,50,0.0009571343915043187,0.0009562182852609183,0.9571343915043187,27,27,54,0.035449421907567356,0,0.0,1,0.0010039815751000344,0.0
bg,50,0.0008516707746767124,0.000856399121596777,0.8516707746767125,22,22,44,0.03871230793985057,1,0.001,1,0.000917156907684297,0.9162662681456173
bg,50,0.0010997038184330777,0.0010984944699448016,1.0997038184330776,27,27,54,0.04072977105307695,0,0.0,1,0.0009369850750717448,0.0
bg,50,0.0006609213914946892,0.000660484574408954,0.6609213914946892,21,21,42,0.03147244721403282,0,0.0,1,0.0006645501804375927,0.0
bg,50,0.000871812232402462,0.0008710521758338954,0.871812232402462,30,30,60,0.029060407746748732,0,0.0,1,0.0008523690499741617,0.0
bg,50,0.0011603411637959003,0.001217723131405439,1.1603411637959002,22,22,44,0.05274278017254092,0,0.0,1,0.001216867871371923,0.0
bg,50,0.0011117870775605497,0.0011105510070547194,1.1117870775605496,28,28,56,0.039706681341448204,0,0.0,1,0.001092062004275215,0.0
bg,50,0.0009141170013223938,0.0009132813914302872,0.9141170013223938,27,27,54,0.033856185234162735,0,0.0,1,0.0008364753052989629,0.0
bg,50,0.0012090316600031272,0.0012075699024482371,1.2090316600031272,30,30,60,0.04030105533343757,0,0.0,1,0.0010988177515675209,0.0
bg,50,0.0012698394529814419,0.0012682269607450938,1.2698394529814419,27,27,54,0.04703109085116451,0,0.0,1,0.0010268336130559521,0.0
bg,50,0.0007858492851531969,0.0007852317260542208,0.7858492851531969,23,23,46,0.034167360224052035,0,0.0,1,0.0007652769086394055,0.0
bg,50,0.0005757775460337981,0.0005754460262512815,0.5757775460337982,23,23,46,0.025033806349295574,0,0.0,1,0.0005899124491360119,0.0
bg,50,0.000586379378512163,0.0005860355377366186,0.5863793785121629,17,17,34,0.034492904618362526,0,0.0,1,0.0004988893043492808,0.0
bg,50,0.0006199908451709675,0.0006196064565228717,0.6199908451709675,23,23,46,0.026956123703085543,0,0.0,1,0.0006736639023544724,0.0
bg,50,0.0006733194443182953,0.0006728660852441982,0.6733194443182953,22,22,44,0.03060542928719524,0,0.0,1,0.0005650483531973941,0.0
bg,50,0.0006135332018664456,0.0006131567788766533,0.6135332018664457,25,25,50,0.024541328074657826,0,0.0,1,0.0005729683018768382,0.0
bg,50,0.0008654824108637058,0.0008647333510601915,0.8654824108637058,27,27,54,0.03205490410606318,0,0.0,1,0.0008544103677447342,0.0
bg,50,0.00048155136382415975,0.0004813194721081589,0.48155136382415975,21,21,42,0.022931017324959987,0,0.0,1,0.0004385453067340683,0.0
bg,50,0.000432281761642642,0.00043209489412119305,0.432281761642642,17,17,34,0.025428338920155412,0,0.0,1,0.0004430078833409992,0.0
bg,50,0.0009298891702851027,0.0009290244764160891,0.9298891702851027,29,29,58,0.03206514380293458,0,0.0,1,0.0007958703952786106,0.0
bg,50,0.0008107601231341164,0.0008101027911568521,0.8107601231341164,29,29,58,0.027957245625314358,0,0.0,1,0.0006411012810545284,0.0
bg,50,0.0008159978029863808,0.0008153319505719022,0.8159978029863808,27,27,54,0.03022214085134744,0,0.0,1,0.0009850949276202308,0.0
bg,50,0.00047094825758409577,0.00047072646532277427,0.47094825758409575,20,20,40,0.02354741287920479,0,0.0,1,0.0005243751730469493,0.0
bg,50,0.0014028108650590099,0.0014008429867358825,1.4028108650590099,26,26,52,0.05395426404073115,0,0.0,1,0.0013579193957239703,0.0
bg,50,0.0010949156019622475,0.001093716761786827,1.0949156019622475,36,36,72,0.030414322276729095,0,0.0,1,0.0013775556548753156,0.0
bg,50,0.000454709049804535,0.00045450228948456085,0.45470904980453497,16,16,32,0.028419315612783436,0,0.0,1,0.0005296871065014097,0.0
bg,50,0.0009715407113070582,0.0009705968199533314,0.9715407113070582,26,26,52,0.03736695043488685,0,0.0,1,0.0010093415996379606,0.0
bg,50,0.0011351413393597127,0.0011338527934993895,1.1351413393597127,29,29,58,0.03914280480550734,0,0.0,1,0.0013148364517097649,0.0
bg,50,0.000786427744390327,0.0007858092757931801,0.7864277443903269,25,25,50,0.03145710977561308,0,0.0,1,0.0006118087844974402,0.0
bg,50,0.0009220805651327844,0.0009212303325641888,0.9220805651327844,32,32,64,0.02881501766039951,0,0.0,1,0.0009654054168040378,0.0
bg,50,0.0009595562798410082,0.000958635531586826,0.9595562798410082,27,27,54,0.0355391214755929,0,0.0,1,0.0010695526517738591,0.0
bg,50,0.0007089220311712694,0.0007084194607249895,0.7089220311712694,20,20,40,0.03544610155856347,0,0.0,1,0.000675681675667342,0.0
bg,50,0.0008568421419704819,0.0008561079635142255,0.8568421419704819,30,30,60,0.0285614047323494,0,0.0,1,0.000790801504094988,0.0
bg,50,0.0011211952581931862,0.0011199381793861912,1.121195258193186,33,33,66,0.033975613884642,0,0.0,1,0.0008289765281161307,0.0
bg,50,0.0003995249246231083,0.00039936530445771316,0.3995249246231083,24,24,48,0.01664687185929618,0,0.0,1,0.0004305891364272399,0.0
bg,50,0.001190107381003557,0.001188691025425238,1.190107381003557,34,34,68,0.0350031582648105,0,0.0,1,0.0015944299718022399,0.0
bg,50,0.001045226266551098,0.0010441337686028097,1.045226266551098,32,32,64,0.032663320829721815,0,0.0,1,0.0008224719679066622,0.0
bg,50,0.000801439313691148,0.0008007970087176183,0.801439313691148,27,27,54,0.02968293754411659,0,0.0,1,0.0006688163781991422,0.0
bg,50,0.0007633786749140876,0.0007627959279127742,0.7633786749140876,21,21,42,0.03635136547209941,0,0.0,1,0.0006834536836344741,0.0
bg,50,0.0005832718743204311,0.0005829316682410579,0.583271874320431,17,17,34,0.034310110254143,0,0.0,1,0.0006079848206956353,0.0
bg,50,0.0008739141397585665,0.0008731504138348966,0.8739141397585666,25,25,50,0.034956565590342666,0,0.0,1,0.0008162796732217681,0.0
bg,50,0.0008478634589132878,0.0008471445864683273,0.8478634589132878,30,30,60,0.028262115297109595,0,0.0,1,0.0009084472156779234,0.0
bg,50,0.0010243341559722729,0.0010232848955091815,1.024334155972273,29,29,58,0.03532186744731976,0,0.0,1,0.001132245272775229,0.0
bg,50,0.0005948267321192447,0.0005944729132780012,0.5948267321192446,22,22,44,0.027037578732692937,0,0.0,1,0.0006823908810710133,0.0
bg,50,0.0008743031367588277,0.0008735387307838813,0.8743031367588276,26,26,52,0.033627043721493374,0,0.0,1,0.0007810824466707474,0.0
bg,50,0.0006660571474669367,0.000665613515343245,0.6660571474669368,22,22,44,0.030275324884860764,0,0.0,1,0.0006180116416472727,0.0
bg,50,0.0009304635212760835,0.000929597758911658,0.9304635212760834,28,28,56,0.03323084004557441,0,0.0,1,0.0008741208301331359,0.0
bg,50,0.0007413135047714516,0.0007407639590590951,0.7413135047714516,27,27,54,0.027456055732275986,0,0.0,1,0.0006824266503029998,0.0
bg,50,0.0008418661947515176,0.000841157456061652,0.8418661947515176,25,25,50,0.033674647790060706,0,0.0,1,0.0009137546890519063,0.0
bg,50,0.0010855540944781873,0.0010843756667861491,1.0855540944781872,26,26,52,0.04175208055685335,0,0.0,1,0.0013241232648938692,0.0
bg,50,0.0011143607222833794,0.0011131189224640116,1.1143607222833793,32,32,64,0.034823772571355605,0,0.0,1,0.001154001662718852,0.0
bg,50,0.0005690960117723342,0.0005687721415017191,0.5690960117723343,22,22,44,0.025868000535106104,0,0.0,1,0.0004256114178696856,0.0
bg,50,0.0009215452994211847,0.0009900597764755407,0.9215452994211848,28,28,56,0.032912332122185174,0,0.0,1,0.0007783869160553614,0.0
bg,50,0.0005756358101661858,0.0005753044535802401,0.5756358101661858,25,25,50,0.023025432406647433,0,0.0,1,0.0006220926703273805,0.0
bg,50,0.0012671396815823641,0.0012655340386097235,1.2671396815823641,30,30,60,0.042237989386078804,0,0.0,1,0.0015039186132396408,0.0
bg,50,0.0008421656365152615,0.0008414563935559342,0.8421656365152614,29,29,58,0.029040194362595223,0,0.0,1,0.0007878482291189144,0.0
bg,50,0.0009510080322788852,0.0009501036160014262,0.9510080322788852,30,30,60,0.031700267742629504,0,0.0,1,0.0008525056515752934,0.0
bg,50,0.0007133055181865871,0.0007127967134243117,0.713305518186587,20,20,40,0.03566527590932935,0,0.0,1,0.0008071127395532438,0.0
bg,50,0.0011656307544172647,0.0011642720593616218,1.1656307544172648,28,28,56,0.0416296698006166,0,0.0,1,0.0012053881793559703,0.0
bg,50,0.001055616383774673,0.0010545020578249795,1.055616383774673,30,30,60,0.035187212792489105,0,0.0,1,0.0008650160212397706,0.0
bg,50,0.0004972655745020518,0.000497018301450467,0.4972655745020518,15,15,30,0.033151038300136784,0,0.0,1,0.0006093240310818337,0.0
bg,50,0.0008949160073287458,0.0008941151326685728,0.8949160073287459,22,22,44,0.04067800033312481,0,0.0,1,0.000662076736125521,0.0
bg,50,0.0008697965187973385,0.0008690399728132263,0.8697965187973384,31,31,62,0.028057952219268982,0,0.0,1,0.0009527349434201772,0.0
bg,50,0.0009328187403304824,0.0009319485895281707,0.9328187403304824,31,31,62,0.030090927107434915,0,0.0,1,0.0007196176268026779,0.0
bg,50,0.000797752165673856,0.0007971157571560187,0.797752165673856,21,21,42,0.037988198365421715,0,0.0,1,0.0008721212044213557,0.0
bg,50,0.0006785758683237759,0.0006781154031147046,0.6785758683237759,23,23,46,0.029503298622772865,0,0.0,1,0.0006089007500327843,0.0
bg,50,0.0007499898000940526,0.0007494273153938074,0.7499898000940526,22,22,44,0.03409044545882057,0,0.0,1,0.0006845972385097578,0.0
bg,50,0.001032398003636235,0.001031332157998323,1.032398003636235,31,31,62,0.033303161407620484,0,0.0,1,0.0011655480526778213,0.0
bg,50,0.0008545339959771425,0.0008538037676268618,0.8545339959771425,24,24,48,0.03560558316571427,0,0.0,1,0.0005779331926368996,0.0
bg,50,0.0010193737621688292,0.001018334639301831,1.0193737621688292,28,28,56,0.036406205791743904,0,0.0,1,0.001052249714910128,0.0
bg,50,0.0008449738586386531,0.0008442598778168703,0.844973858638653,25,25,50,0.03379895434554612,0,0.0,1,0.0008694810065104638,0.0
bg,50,0.0006238645150881652,0.0006234753081549791,0.6238645150881652,20,20,40,0.03119322575440826,0,0.0,1,0.0006205609030035777,0.0
bg,50,0.0011776418207296122,0.0011762549804716807,1.1776418207296122,36,36,72,0.032712272798044784,0,0.0,1,0.0009154035913290097,0.0
bg,50,0.0008269847452810275,0.0008263008415121,0.8269847452810275,25,25,50,0.0330793898112411,0,0.0,1,0.0010139549901733039,0.0
bg,50,0.0008014128931673845,0.0008007706305420496,0.8014128931673845,25,25,50,0.03205651572669538,0,0.0,1,0.000725980776895111,0.0
bg,50,0.0013358434260731826,0.0013340589484141993,1.3358434260731826,38,38,76,0.03515377437034691,0,0.0,1,0.0011844329569845441,0.0
bg,50,0.0008214976013146043,0.0008208227430056386,0.8214976013146043,26,26,52,0.03159606158902324,0,0.0,1,0.0006627227189734578,0.0
bg,50,0.0008688462270042105,0.0008680913332380311,0.8688462270042105,21,21,42,0.04137362985734336,0,0.0,1,0.0006613774252223611,0.0
bg,50,0.0005634207768832624,0.0005631033339114387,0.5634207768832624,29,29,58,0.01942830265114698,0,0.0,1,0.0005755617220489672,0.0
bg,50,0.0010807023231407076,0.0010795344056294656,1.0807023231407076,28,28,56,0.03859651154073956,0,0.0,1,0.0010133893099670515,0.0
bg,50,0.0009283744121908297,0.0009275125331416191,0.9283744121908297,29,29,58,0.032012910765201026,0,0.0,1,0.0008378613026496494,0.0
bg,50,0.00042474644466857116,0.0004245660351263126,0.42474644466857114,14,14,28,0.030339031762040797,0,0.0,1,0.00038339687887197274,0.0
bg,50,0.0009243830781143458,0.0009235285940392414,0.9243830781143458,26,26,52,0.035553195312090224,0,0.0,1,0.000655831467501073,0.0
bg,50,0.0007968953997641606,0.0007962603574859953,0.7968953997641606,22,22,44,0.03622251817109821,0,0.0,1,0.0008661392793736283,0.0
bg,50,0.0011197980357400255,0.0011185440880991783,1.1197980357400255,23,23,46,0.048686871119131545,0,0.0,1,0.0009821852513306004,0.0
bg,50,0.0008854767178729901,0.0008846926488550949,0.8854767178729901,27,27,54,0.03279543399529593,0,0.0,1,0.0009768954764154895,0.0
bg,50,0.0010343390033138533,0.001033269146140077,1.0343390033138533,33,33,66,0.031343606161025855,0,0.0,1,0.0013601219147111494,0.0
bg,50,0.0007559906922999602,0.0007554191703731161,0.7559906922999602,30,30,60,0.025199689743332008,0,0.0,1,0.0009185502849396337,0.0
bg,50,0.0011892597840380032,0.001187845445204073,1.1892597840380033,31,31,62,0.03836321883993559,0,0.0,1,0.0012012828531371871,0.0
bg,50,0.0013575744098185609,0.0013557314015403667,1.357574409818561,26,26,52,0.05221440037763696,0,0.0,1,0.001908810799742417,0.0
bg,50,0.0006177426743932166,0.0006173610683814501,0.6177426743932166,27,27,54,0.022879358310859875,0,0.0,1,0.000541159049558387,0.0
bg,50,0.0011670842535566237,0.001165722167901724,1.1670842535566237,28,28,56,0.041681580484165134,0,0.0,1,0.0011657235939550442,0.0
bg,50,0.000751486276945311,0.0007509215453208741,0.751486276945311,26,26,52,0.028903318344050424,0,0.0,1,0.000742194242588001,0.0
bg,50,0.0008324575667408353,0.0008440846453799999,0.8324575667408354,29,29,58,0.028705433335890877,1,0.001,1,0.0008916263549013283,1.1781027041058607
bg,50,0.0008821092508880284,0.000881331134157526,0.8821092508880284,23,23,46,0.03835257612556645,0,0.0,1,0.0010686320828256352,0.0
bg,50,0.000668989572730335,0.0006685420256819131,0.668989572730335,22,22,44,0.030408616942287955,0,0.0,1,0.0007902859703701902,0.0
bg,50,0.0005441290791914052,0.0005438330027365835,0.5441290791914053,27,27,54,0.020152928858940936,0,0.0,1,0.000525587786738959,0.0
bg,50,0.0013589184688575671,0.0013570718094525647,1.358918468857567,36,36,72,0.03774773524604353,0,0.0,1,0.0018503437645570626,0.0
bg,50,0.0009997571472946704,0.0009987576329411037,0.9997571472946704,28,28,56,0.03570561240338108,0,0.0,1,0.0011381549401285774,0.0
bg,50,0.0006924189363474105,0.000691939492363998,0.6924189363474105,25,25,50,0.02769675745389642,0,0.0,1,0.0007464731655257293,0.0
bg,50,0.0005735291729167216,0.0005732002372045349,0.5735291729167216,23,23,46,0.0249360509963792,0,0.0,1,0.0005108667095155916,0.0
bg,50,0.0007761162502208991,0.0007755138937870421,0.7761162502208991,22,22,44,0.03527801137367723,0,0.0,1,0.0007467685780371515,0.0
bg,50,0.0010601806794879457,0.0010590566964147861,1.0601806794879458,31,31,62,0.03419937675767567,0,0.0,1,0.001166357190272392,0.0
bg,50,0.0005553658919769813,0.00055505746070301,0.5553658919769813,22,22,44,0.025243904180771878,0,0.0,1,0.0005895830817980699,0.0
bg,50,0.0008599180739808592,0.0008591786148869001,0.8599180739808592,27,27,54,0.031848817554846635,0,0.0,1,0.0009820672482502484,0.0
bg,50,0.0005867124991468522,0.000586368267590197,0.5867124991468522,22,22,44,0.026668749961220553,2,0.002,1,0.000615189727085768,1.7437026647134557
bg,50,0.0010189316741211912,0.0010178934523646641,1.0189316741211911,39,39,78,0.026126453182594645,0,0.0,1,0.00102393151968151,0.0
bg,50,0.000713877216583672,0.0007133675959033148,0.713877216583672,29,29,58,0.02461645574426455,0,0.0,1,0.0008498029494063685,0.0
bg,50,0.0008142868583444595,0.000813623795256787,0.8142868583444596,22,22,44,0.03701303901565725,0,0.0,1,0.0008835082128444217,0.0
bg,50,0.0008315619730588635,0.0008308704777438259,0.8315619730588635,27,27,54,0.03079859159477272,0,0.0,1,0.000769310864252451,0.0
bg,50,0.0010123149215802982,0.001011290140079844,1.0123149215802982,26,26,52,0.03893518929154993,0,0.0,1,0.0008912898631351836,0.0
bg,50,0.0008152719028002196,0.0008146072345247241,0.8152719028002196,22,22,44,0.03705781376364634,0,0.0,1,0.0009428010782847052,0.0
bg,50,0.000810534358092152,0.0008098773921465039,0.810534358092152,26,26,52,0.031174398388159694,0,0.0,1,0.000856211740083911,0.0
bg,50,0.0012988224544535996,0.001297135514685407,1.2988224544535996,35,35,70,0.03710921298438856,0,0.0,1,0.001225408265515465,0.0
bg,50,0.0007108113311115573,0.0007103060783631209,0.7108113311115574,18,18,36,0.03948951839508652,0,0.0,1,0.0007320404413603694,0.0
bg,50,0.0011882179790479554,0.0011868061170822223,1.1882179790479555,27,27,54,0.04400807329807242,0,0.0,1,0.0011591808844801836,0.0
bg,50,0.0008275444979129816,0.0008268596680169554,0.8275444979129816,23,23,46,0.03598019556143398,0,0.0,1,0.0006198643287673261,0.0
bg,50,0.00046503139054224636,0.00046481513634805675,0.46503139054224635,18,18,36,0.02583507725234702,0,0.0,1,0.00044454068670722916,0.0
bg,50,0.0006984589779982997,0.0006979711330543535,0.6984589779982997,22,22,44,0.031748135363559075,0,0.0,1,0.0005544222291529346,0.0
bg,50,0.000833135923035746,0.0008324418075694932,0.833135923035746,28,28,56,0.029754854394133785,0,0.0,1,0.0008752373312071819,0.0
bg,50,0.0010441411864894122,0.0010430509556720884,1.0441411864894121,27,27,54,0.03867189579590415,0,0.0,1,0.0012608959464215266,0.0
bg,50,0.00031914486885764506,0.00031904301541032685,0.31914486885764504,17,17,34,0.01877322757986147,0,0.0,1,0.0003524735426484436,0.0
bg,50,0.0008581145191703277,0.000857378158642317,0.8581145191703277,26,26,52,0.03300440458347414,0,0.0,1,0.001091551141646722,0.0
bg,50,0.0007457316400574374,0.0007451755243784546,0.7457316400574374,21,21,42,0.03551103047892559,0,0.0,1,0.0007380500450719779,0.0
bg,50,0.0009779408337867203,0.0009769844655123329,0.9779408337867204,29,29,58,0.03372209771678346,0,0.0,1,0.001154589953006498,0.0
bg,50,0.000689377360047166,0.0006889021189026203,0.689377360047166,21,21,42,0.032827493335579334,0,0.0,1,0.0005445414919405022,0.0
bg,50,0.0009213913657923171,0.0009205424037433606,0.9213913657923172,29,29,58,0.03177211606180404,1,0.001,1,0.001115677088389824,1.0840005682677194
bg,50,0.0008392645685899254,0.0008385602035738349,0.8392645685899254,29,29,58,0.028940157537583635,0,0.0,1,0.0008365046941047507,0.0
bg,50,0.000477168932799259,0.00047694124260883026,0.477168932799259,23,23,46,0.020746475339098215,0,0.0,1,0.00047515807777576455,0.0
bg,50,0.0006982113288730885,0.0006977238298133217,0.6982113288730885,36,36,72,0.01939475913536357,0,0.0,1,0.0007813434204275195,0.0
bg,50,0.0016320819444955532,0.0016294182530220045,1.6320819444955532,41,41,82,0.039806876695013496,0,0.0,1,0.001925849820143117,0.0
bg,50,0.0007037140076214996,0.0007032187942169768,0.7037140076214996,25,25,50,0.028148560304859984,0,0.0,1,0.0008477793985687411,0.0
bg,50,0.0010032898882670195,0.0010022832976671206,1.0032898882670196,28,28,56,0.03583178172382213,0,0.0,1,0.001209029400252113,0.0
bg,50,0.0013682097973024766,0.0013663377992530422,1.3682097973024767,39,39,78,0.035082302494935304,0,0.0,1,0.001270041209419541,0.0
bg,50,0.0012007295371342579,0.0011992877857129112,1.200729537134258,24,24,48,0.05003039738059408,0,0.0,1,0.0010146517266145178,0.0
bg,50,0.0012867125115121301,0.0012850568824248484,1.28671251151213,34,34,68,0.03784448563270971,0,0.0,1,0.001157549385590425,0.0
bg,50,0.0007191254344707443,0.0007186082930802415,0.7191254344707443,24,24,48,0.029963559769614345,0,0.0,1,0.0007070561966422294,0.0
bg,50,0.0010022083122767924,0.0010012038907755959,1.0022083122767924,23,23,46,0.04357427444681706,0,0.0,1,0.0008582717650403826,0.0
bg,50,0.0012729943700269173,0.001271373855360797,1.2729943700269173,36,36,72,0.03536095472296993,0,0.0,1,0.0012916153506720982,0.0
bg,50,0.0008474879688567949,0.0008467697329994378,0.8474879688567949,27,27,54,0.031388443290992406,0,0.0,1,0.0007761924457927977,0.0
bg,50,0.0009649584747624828,0.0009640273299044667,0.9649584747624829,26,26,52,0.037113787490864726,0,0.0,1,0.0009111674043642757,0.0
bg,50,0.0008060441175732862,0.0008053944104538116,0.8060441175732862,23,23,46,0.035045396416229835,0,0.0,1,0.0008802231236195831,0.0
bg,50,0.0009221034247894373,0.0009212531500634288,0.9221034247894373,25,25,50,0.03688413699157749,0,0.0,1,0.0009219779399279641,0.0
bg,50,0.0011505673883750926,0.0011492435830599004,1.1505673883750926,37,37,74,0.03109641590202953,0,0.0,1,0.0008892203573982606,0.0
bg,50,0.0008947073296716219,0.0008939068284658537,0.8947073296716219,27,27,54,0.03313730850635637,0,0.0,1,0.0009534475967003446,0.0
bg,50,0.0009973473130963928,0.000996352611433452,0.9973473130963928,29,29,58,0.034391286658496306,0,0.0,1,0.0009957316598490872,0.0
bg,50,0.0007327683448151489,0.0007322313953679856,0.732768344815149,22,22,44,0.03330765203705222,0,0.0,1,0.0006212945963635341,0.0
bg,50,0.0006616193426516031,0.0006611816024970321,0.661619342651603,23,23,46,0.028766058376156655,0,0.0,1,0.0006592205908489744,0.0
bg,50,0.00037017056119260873,0.00037003353494823504,0.3701705611926087,13,13,26,0.028474658553277594,0,0.0,1,0.00032232282711993097,0.0
bg,50,0.0006103240705205053,0.0006099515750494486,0.6103240705205053,23,23,46,0.02653582915306545,0,0.0,1,0.0006049240943372872,0.0
bg,50,0.0010126710526872315,0.0010116455500262809,1.0126710526872316,27,27,54,0.03750633528471228,0,0.0,1,0.000898911813789285,0.0
bg,50,0.0009546153682687474,0.0009537040777674126,0.9546153682687475,24,24,48,0.03977564034453115,0,0.0,1,0.001040400782722312,0.0
bg,50,0.0012962063891827462,0.0012945262381793882,1.2962063891827462,36,36,72,0.036005733032854065,0,0.0,1,0.001257886356435733,0.0
bg,50,0.0009018876028241838,0.0009010742015760557,0.9018876028241838,25,25,50,0.03607550411296735,0,0.0,1,0.0010756423544598223,0.0
bg,50,0.0008904483423612106,0.0008896554441107968,0.8904483423612106,24,24,48,0.03710201426505044,0,0.0,1,0.0008086055682216503,0.0
bg,50,0.0006692507721462775,0.0006688028755502591,0.6692507721462775,15,15,30,0.04461671814308517,0,0.0,1,0.000589396206555004,0.0
bg,50,0.0008298913148054225,0.0008292025952110332,0.8298913148054226,20,20,40,0.041494565740271126,0,0.0,1,0.0010722032353132236,0.0
bg,50,0.000701728479834756,0.000701236056975345,0.7017284798347561,23,23,46,0.03050993390585896,0,0.0,1,0.0005096864957787855,0.0
bg,50,0.0006733536000982294,0.0006729001950274642,0.6733536000982294,21,21,42,0.03206445714753473,0,0.0,1,0.0006588237422820937,0.0
bg,50,0.0011781636913395887,0.0011767756216559976,1.1781636913395888,34,34,68,0.03465187327469379,0,0.0,1,0.0010640369658158834,0.0
bg,50,0.0007526379081757071,0.000752071444354884,0.7526379081757071,24,24,48,0.03135991284065446,0,0.0,1,0.0008575439053949079,0.0
bg,50,0.0006132388580007486,0.0006128627961037865,0.6132388580007486,23,23,46,0.02666255904351081,0,0.0,1,0.0006356797717427026,0.0
bg,50,0.0010289345669212792,0.001027875860578274,1.0289345669212793,25,25,50,0.04115738267685117,0,0.0,1,0.0009903603144533904,0.0
bg,50,0.001221069898800236,0.0012195788871024803,1.221069898800236,31,31,62,0.03938935157420116,0,0.0,1,0.001012658911605454,0.0
bg,50,0.0010128833759001524,0.0010118574431669776,1.0128833759001523,26,26,52,0.03895705291923663,0,0.0,1,0.0011128032253296045,0.0
bg,50,0.0006619716309523227,0.0006615334245121371,0.6619716309523227,21,21,42,0.03152245861677727,0,0.0,1,0.0007526695582501618,0.0
bg,50,0.00116303251401893,0.0011616798693902645,1.16303251401893,30,30,60,0.03876775046729766,0,0.0,1,0.0012618978248177815,0.0
bg,50,0.0008053003913124925,0.0008046518825922444,0.8053003913124925,24,24,48,0.03355418297135385,0,0.0,1,0.0008773099190724421,0.0
bg,50,0.0010046833706283688,0.0010036739819531515,1.0046833706283689,26,26,52,0.03864166810109111,0,0.0,1,0.0010904811135554566,0.0
bg,50,0.00047561811075451035,0.0004753918981672328,0.4756181107545103,19,19,38,0.025032532144974227,0,0.0,1,0.0005916291724600428,0.0
bg,50,0.0007622202765671276,0.0007616392968171174,0.7622202765671275,27,27,54,0.028230380613597315,0,0.0,1,0.0008038474195230781,0.0
bg,50,0.0006763005285580696,0.0006758431461531418,0.6763005285580697,23,23,46,0.029404370806872592,0,0.0,1,0.0005188987143637358,0.0
bg,50,0.000977060324718006,0.000976105677839868,0.9770603247180061,28,28,56,0.034895011597071646,0,0.0,1,0.0008062260380079238,0.0
bg,50,0.0003917394773164595,0.0003915860174983714,0.39173947731645953,26,26,52,0.015066902973709983,0,0.0,1,0.0003480493127339249,0.0
bg,50,0.000947118903440213,0.0009462218692229591,0.947118903440213,29,29,58,0.03265927253242114,0,0.0,1,0.0009321436529823808,0.0
bg,50,0.000970176866266673,0.000969235623114834,0.970176866266673,25,25,50,0.03880707465066692,0,0.0,1,0.0011170123451588797,0.0
bg,50,0.0007157687332279146,0.000715256408348448,0.7157687332279146,25,25,50,0.02863074932911658,0,0.0,1,0.000710387820101048,0.0
bg,50,0.0007323419686509851,0.0007318056438919375,0.7323419686509851,23,23,46,0.031840955158738485,0,0.0,1,0.0006352552951612694,0.0
bg,50,0.0006726867917856368,0.0006722342842657939,0.6726867917856367,27,27,54,0.02491432562169025,0,0.0,1,0.0006923751780833533,0.0
bg,50,0.0009121358939184177,0.0009113039020294434,0.9121358939184177,24,24,48,0.038005662246600735,0,0.0,1,0.0007683515220482144,0.0
bg,50,0.0006522008221133824,0.0006517754562010171,0.6522008221133824,22,22,44,0.02964549191424465,0,0.0,1,0.0005977855872911266,0.0
bg,50,0.0008292261700075585,0.0008285385539665329,0.8292261700075585,26,26,52,0.03189331423105994,0,0.0,1,0.0007837890364457637,0.0
bg,50,0.00043686129905091774,0.0004366704512563093,0.43686129905091775,21,21,42,0.020802919002424654,0,0.0,1,0.0005307692276412079,0.0
bg,50,0.0009531720843260273,0.0009522635473036891,0.9531720843260274,24,24,48,0.03971550351358447,0,0.0,1,0.0009797309352201256,0.0
bg,50,0.000516472268490432,0.0005162055248863123,0.5164722684904319,21,21,42,0.024593917547163426,0,0.0,1,0.00048710072472363546,0.0
bg,50,0.0008142936615224628,0.0008136305873552672,0.8142936615224627,24,24,48,0.03392890256343595,0,0.0,1,0.0007981119260164544,0.0
bg,50,0.0008891547542000602,0.0008883641580231438,0.8891547542000602,27,27,54,0.03293165756296519,0,0.0,1,0.001011747249867016,0.0
bg,50,0.0008970475277569321,0.0008962428334898776,0.8970475277569321,27,27,54,0.033223982509516005,0,0.0,1,0.0007671998955648322,0.0
bg,50,0.001012437011962162,0.0010114119832589715,1.0124370119621622,28,28,56,0.036158464712934366,0,0.0,1,0.0009089475137457494,0.0
bg,50,0.0007193008561568349,0.0007187834624351667,0.7193008561568348,22,22,44,0.03269549346167431,0,0.0,1,0.0007130384145840681,0.0
bg,50,0.0005441629613045791,0.0005438668479761235,0.5441629613045791,18,18,36,0.03023127562803217,0,0.0,1,0.0005523151869744094,0.0
bg,50,0.0008216709153143995,0.0008209957722213259,0.8216709153143995,23,23,46,0.03572482240497389,0,0.0,1,0.0010997430838559944,0.0
bg,50,0.0007492975540972608,0.0007487361072726849,0.7492975540972608,23,23,46,0.032578154525967865,0,0.0,1,0.0007272026933566959,0.0
bg,50,0.0006988620518999422,0.0006983736437323563,0.6988620518999422,20,20,40,0.03494310259499711,0,0.0,1,0.0005865493904977715,0.0
bg,50,0.000826965699371975,0.0008262818271040371,0.826965699371975,29,29,58,0.028516058599033618,0,0.0,1,0.000810009287526697,0.0
bg,50,0.0006465822581336713,0.0006461641895171381,0.6465822581336713,24,24,48,0.026940927422236305,0,0.0,1,0.0007236736493482242,0.0
bg,50,0.0011466850903900506,0.0011453702036935281,1.1466850903900507,37,37,74,0.030991488929460832,0,0.0,1,0.001114460943355221,0.0
bg,50,0.0006054873504570839,0.0006051207355255205,0.6054873504570839,22,22,44,0.027522152293503813,0,0.0,1,0.000663576313829182,0.0
bg,50,0.00098954658496827,0.0009885673825244475,0.9895465849682701,25,25,50,0.0395818633987308,0,0.0,1,0.001116478152927159,0.0
