ligand_type,r_max,time_weighted_mean_b,time_weighted_variance,total_bound_time,n_binding_events,n_unbinding_events,binding_unbinding_events,mean_bound_dwell_time,total_signal,signal_rate,ratio,time_weighted_variance_observed,total_signal_observed
ag,50,2.2734183598250883,1.513821783385306,2273.4183598250884,2223,2219,4442,1.0245238214624102,4628,4.628,3,1.705950498654617,4825.413155668601
ag,50,1.9725148027420374,1.2585738821578984,1972.5148027420373,1963,1960,3923,1.006385103439815,3372,3.372,3,1.2787079982977365,4090.201930355835
ag,50,0.33675633188776,0.22335150482126087,336.75633188776,341,340,681,0.9904597996698823,69,0.069,3,0.20103282305343514,54.65775703055039
ag,50,2.015902829775218,1.3051071689288032,2015.902829775218,1927,1924,3851,1.047766543542213,3232,3.232,3,0.8725903301892081,3341.6044028449583
ag,50,1.2762400863069794,0.8457835494945821,1276.2400863069795,1312,1311,2623,0.9734859544675664,1444,1.444,3,0.5689583311614531,1660.2168037837753
ag,50,1.6632116993543182,1.1718341890990274,1663.2116993543182,1702,1700,3402,0.9783598231495989,2471,2.471,3,0.9094172236181399,2568.531599427113
ag,50,4.106946223957973,2.5622272192011204,4106.9462239579725,4107,4103,8210,1.000961789899579,14364,14.364,3,3.290793693849174,16308.859107830744
ag,50,0.3512063817814791,0.22786045917744105,351.20638178147914,342,341,683,1.0299307383621088,72,0.072,3,0.21004070239823375,72.86001324098905
ag,50,1.6407997956592921,1.1047381254778617,1640.7997956592922,1629,1628,3257,1.0078622823460026,2269,2.269,3,0.8607628294801035,2741.1333018518817
ag,50,1.9499392040190395,1.278121203787313,1949.9392040190396,2016,2013,4029,0.9686732260402581,3294,3.294,3,1.107058887074454,2752.6755334737554
ag,50,0.6502418131887363,0.4385529748087552,650.2418131887363,681,680,1361,0.956237960571671,314,0.314,3,0.39682335144745035,326.3953948164709
ag,50,1.6955690968786719,1.1303377576947353,1695.5690968786719,1653,1651,3304,1.026995213130631,2431,2.431,3,0.7365756282797851,2371.0539528049517
ag,50,2.8750977263322413,1.861263958795548,2875.097726332241,2920,2919,5839,0.9849598240261189,7919,7.919,3,2.365227310178772,9078.745401168948
ag,50,1.3241356339161954,0.8486183409460629,1324.1356339161953,1346,1344,2690,0.9852199657114549,1528,1.528,3,0.6446014020798597,1664.3247591981442
ag,50,1.9296749485743019,1.3353126192661937,1929.6749485743019,1977,1976,3953,0.976556148063918,3297,3.297,3,0.8981533761670407,3403.0969635971032
ag,50,2.308181999355773,1.4769091622317452,2308.181999355773,2249,2245,4494,1.0281434295571372,4495,4.495,3,1.4100213180113423,5975.707748315208
ag,50,1.635780623046628,1.0814738803869868,1635.780623046628,1695,1694,3389,0.965632008882307,2363,2.363,3,1.2019448126051229,2709.4726500255483
ag,50,2.290138602531977,1.5164604234098087,2290.138602531977,2329,2326,4655,0.9845823742613831,4904,4.904,3,1.8123217866849775,6094.195381027559
ag,50,1.7156213272602883,1.0927222997738306,1715.6213272602884,1698,1696,3394,1.0115691788091323,2625,2.625,3,1.3163652804258437,2990.5407788380076
ag,50,1.9495487071686641,1.2693801530302362,1949.5487071686641,1920,1916,3836,1.0175097636579666,3207,3.207,3,1.5282229393944498,3119.8174198801808
ag,50,1.2976457616149168,0.8530523662795819,1297.6457616149169,1295,1294,2589,1.002817435560214,1730,1.73,3,0.9323536449114679,1551.3807049208394
ag,50,1.6913332002257804,1.0792380809891406,1691.3332002257803,1606,1605,3211,1.053790155903913,2385,2.385,3,1.1673904302284874,2712.133807883201
ag,50,3.5271984656171482,2.155739302319812,3527.198465617148,3472,3468,6940,1.017069915114518,11076,11.076,3,2.1469157153110903,10025.529972716513
ag,50,1.8787902569919173,1.2540728738854054,1878.7902569919172,1959,1956,3915,0.9605267162535364,3266,3.266,3,1.0438876802464299,3454.1990916813747
ag,50,2.2179973744485246,1.5536443285304258,2217.9973744485246,2273,2271,4544,0.9766611071988219,4330,4.33,3,1.8924695779221765,3334.253559559704
ag,50,1.2761967436190353,0.837407521774684,1276.1967436190353,1308,1307,2615,0.9764320915218326,1437,1.437,3,0.8948523247478632,1691.1405424922402
ag,50,1.3101232641415104,0.8701174602032694,1310.1232641415104,1289,1289,2578,1.016387326719558,1412,1.412,3,0.6873510244826385,1435.2822556609779
ag,50,1.6215658149499745,1.0655093658630634,1621.5658149499745,1618,1618,3236,1.0022038411310101,2319,2.319,3,0.8366134322140582,2196.1163779582193
ag,50,1.6200168371914616,1.0784768950581243,1620.0168371914617,1667,1664,3331,0.9735678108121765,2430,2.43,3,0.9043510711888789,2159.588007963863
ag,50,1.3426947205922117,0.8488893647985745,1342.6947205922118,1336,1335,2671,1.0057638356495968,1449,1.449,3,0.719598834600354,1471.5606565263683
ag,50,2.8453136514367023,1.931417238504502,2845.3136514367025,2867,2865,5732,0.9931286741489362,7251,7.251,3,1.988962096742108,6428.774295765232
ag,50,1.9257935076620742,1.3514012764115242,1925.7935076620743,1933,1930,3863,0.9978204702912302,3321,3.321,3,1.4409747511678817,4014.64504783401
ag,50,2.27323414687916,1.5010308519509583,2273.23414687916,2261,2259,4520,1.0063010831691723,4395,4.395,3,1.1643778425218165,4301.545892175129
ag,50,1.9783032213721443,1.3308546851581375,1978.3032213721442,1984,1981,3965,0.9986386781282909,3451,3.451,3,1.2531197306289898,3211.2975712807633
ag,50,0.6485484721201026,0.436215282069331,648.5484721201026,677,677,1354,0.9579741094831649,331,0.331,3,0.4078292319117585,246.82229748909137
ag,50,1.947145307330768,1.3426257811742561,1947.145307330768,1982,1982,3964,0.9824143831134047,3311,3.311,3,1.3871927603434384,4299.675701482925
ag,50,1.330762261565144,0.8416710705139421,1330.762261565144,1302,1300,2602,1.0236632781270338,1437,1.437,3,0.7581358845496624,1346.2066729479802
ag,50,2.6005773899494447,1.7143650287562213,2600.5773899494448,2579,2575,5154,1.0099329669706583,5986,5.986,3,2.2064757082594664,5310.268674941469
ag,50,1.9545306930784003,1.3318132214618537,1954.5306930784004,1948,1946,3894,1.0043837066178831,3345,3.345,3,1.3510257286569993,3151.9451733251594
ag,50,1.0195572175028982,0.673297762578867,1019.5572175028981,984,983,1967,1.0371894379480144,912,0.912,3,0.6315990855614922,1073.3973996536229
ag,50,2.2661245926437825,1.4471866276106817,2266.1245926437823,2257,2255,4512,1.0049333005072205,4609,4.609,3,1.4529735540584825,4947.904343549981
ag,50,0.6851654405586644,0.4489913896635895,685.1654405586644,661,660,1321,1.0381294553919158,322,0.322,3,0.41172662598808735,312.03424215873224
ag,50,2.2744784273338596,1.4547854388493284,2274.4784273338596,2231,2229,4460,1.0204030629582144,4314,4.314,3,1.3026210349110776,3351.1848396879896
ag,50,1.6306836726938008,1.087199625407999,1630.6836726938009,1624,1620,3244,1.0065948596875314,2218,2.218,3,1.2273287380171265,2155.662469294853
ag,50,1.905363867155123,1.2705872338006847,1905.363867155123,1926,1924,3850,0.9903138602677355,3320,3.32,3,1.1809314712311088,2967.0388048694767
ag,50,1.3069966004298348,0.9055928667204489,1306.9966004298349,1316,1314,2630,0.9946701677548211,1521,1.521,3,0.7749320252284053,1397.475998769156
ag,50,2.344443102118526,1.550346159612463,2344.443102118526,2301,2299,4600,1.0197664646013598,4826,4.826,3,1.5121153068270412,4902.045023475105
ag,50,1.3034181895391093,0.8513169698038258,1303.4181895391093,1314,1312,2626,0.9934589859291992,1343,1.343,3,0.7716924491579312,1351.685154771482
ag,50,0.9723197811397867,0.6566796932087525,972.3197811397866,968,965,1933,1.0075852654298307,778,0.778,3,0.7736137597982488,565.0748051192562
ag,50,1.612653182873993,1.0314863016636098,1612.653182873993,1623,1622,3245,0.9942374740283557,2485,2.485,3,0.9834938173002875,2675.2159155908143
ag,50,1.379652916374886,0.8545777752061082,1379.652916374886,1339,1338,2677,1.0311307297271195,1632,1.632,3,0.7967666105866246,1685.0151885182804
ag,50,2.5400541055184878,1.5860172037543443,2540.0541055184876,2615,2613,5228,0.9720834693909253,5898,5.898,3,1.678230010410349,4940.252644899503
ag,50,1.292090740184724,0.8454284167761618,1292.090740184724,1305,1303,2608,0.9916275826436868,1442,1.442,3,0.8267543818170481,1670.7079030230814
ag,50,1.628940606237021,1.0660041582990827,1628.940606237021,1654,1653,3307,0.9854450128475626,2551,2.551,3,1.0233431140424327,3016.2987186943924
ag,50,2.042522761602015,1.3003613286502491,2042.5227616020152,1974,1972,3946,1.0357620494939226,3572,3.572,3,0.9884710396258123,3270.7936230576342
ag,50,1.9034714821296161,1.2593226451666897,1903.471482129616,1924,1921,3845,0.990875316048733,3379,3.379,3,1.3337723420468182,3804.032803607451
ag,50,3.163405733571879,2.054533786659778,3163.405733571879,3222,3219,6441,0.98272933630689,9131,9.131,3,2.1804661131504517,8456.369516111668
ag,50,2.5919214373443538,1.6921882457539013,2591.9214373443538,2637,2635,5272,0.9836513993716712,5977,5.977,3,1.4892414500717381,5239.76167332469
ag,50,2.876242913756858,1.8532609528845045,2876.2429137568583,2890,2889,5779,0.9955842553675522,7388,7.388,3,1.7989605117112684,7032.293569379213
ag,50,2.231354208640346,1.4829769495313903,2231.354208640346,2237,2233,4470,0.9992629684909744,4323,4.323,3,1.5760227837344936,4611.507792021848
ag,50,1.6172001697407048,1.0712813632263363,1617.2001697407047,1700,1697,3397,0.9529759397411341,2386,2.386,3,0.9170923074498784,2438.9557285129736
ag,50,1.9388366045455305,1.2665457367878707,1938.8366045455305,1972,1969,3941,0.984680855533535,3455,3.455,3,1.2292207259037364,3901.0880573493373
ag,50,1.9529700690430059,1.3120936921353554,1952.9700690430059,1941,1937,3878,1.0082447439561208,3269,3.269,3,1.186754732340755,2856.618756486774
ag,50,0.326995976397223,0.2200696078172498,326.995976397223,334,333,667,0.9819698990907597,53,0.053,3,0.18772489524493782,48.47542111192902
ag,50,1.000809452686263,0.6477850665829352,1000.809452686263,992,991,1983,1.0098985395421423,914,0.914,3,0.6434214323479323,1004.7603596137182
ag,50,1.0065201914127726,0.6354969102604743,1006.5201914127725,954,954,1908,1.0550526115437868,740,0.74,3,0.6905078679561855,702.1823502983758
ag,50,1.3073198112860875,0.8800004301115504,1307.3198112860875,1333,1331,2664,0.982208723731095,1535,1.535,3,0.9547415245402425,1794.4495530815889
ag,50,0.6379986796261135,0.45369531381353373,637.9986796261135,639,639,1278,0.9984329884602715,342,0.342,3,0.4283487353199558,288.9785969857406
ag,50,2.2517529242260554,1.5022123006810808,2251.7529242260553,2246,2244,4490,1.003454957319989,4593,4.593,3,1.4974070053489748,5293.579485080895
ag,50,2.6025327040646027,1.7329822733319389,2602.5327040646025,2655,2654,5309,0.9806076503634523,5952,5.952,3,2.1745025823512876,6408.474974473139
ag,50,2.2893327061043993,1.457414187898931,2289.332706104399,2255,2250,4505,1.0174812027130664,4457,4.457,3,1.908459430964859,3482.831259403589
ag,50,0.6679943301278923,0.44821814882176775,667.9943301278923,678,678,1356,0.9852423748199002,392,0.392,3,0.4959703355546336,300.08102083583617
ag,50,0.3409229711944596,0.22469449890640128,340.9229711944596,315,314,629,1.0857419464791707,69,0.069,3,0.2229374850912673,56.01842774172613
ag,50,2.201798567583074,1.4234340937998295,2201.798567583074,2263,2261,4524,0.9738162616466494,4401,4.401,3,1.0418076106427674,5371.412669642629
ag,50,0.9815454175102849,0.6454231658486949,981.5454175102849,942,940,1882,1.0441972526705159,713,0.713,3,0.6617967595577458,762.3603101798047
ag,50,1.6618316405347773,1.0997712342857227,1661.8316405347773,1610,1610,3220,1.032193565549551,2247,2.247,3,1.1672556297656143,2021.3263045682659
ag,50,1.2647234451604543,0.8950500741234821,1264.7234451604543,1289,1288,2577,0.9819281406525266,1395,1.395,3,0.7461988293257402,1516.582216708409
ag,50,1.0263926022247196,0.6904587211369186,1026.3926022247197,1024,1023,2047,1.0033163267103808,857,0.857,3,0.768314437194657,768.1115038388301
ag,50,0.3167835423777802,0.21643172965636528,316.78354237778024,339,338,677,0.9372294153188765,49,0.049,3,0.1985205885736944,47.52580749397073
ag,50,1.6589097935490535,1.1327622112474653,1658.9097935490536,1666,1665,3331,0.9963422183477799,2517,2.517,3,1.3420384451480516,2617.620872065923
ag,50,1.3052093704433296,0.8595934879218211,1305.2093704433296,1294,1293,2587,1.009442668556326,1527,1.527,3,0.8573280107917411,1761.425343595561
ag,50,0.998517016619571,0.6692142323256697,998.517016619571,980,979,1959,1.0199356655971104,863,0.863,3,0.6243492434620466,619.2756241815807
ag,50,1.939318755269596,1.390783629162428,1939.318755269596,1973,1971,3944,0.9839263091169944,3232,3.232,3,0.9727784544961428,3326.8844634211982
ag,50,0.642474568378904,0.4143930002753406,642.474568378904,654,652,1306,0.9853904422989325,300,0.3,3,0.42674191621386626,332.9616508002174
ag,50,1.6302144850251443,1.0401754129478926,1630.2144850251443,1638,1636,3274,0.9964636216535112,2354,2.354,3,1.2863682730424895,2290.866267974882
ag,50,0.9815212635855838,0.6814893410522295,981.5212635855838,970,969,1939,1.0129218406455973,796,0.796,3,0.8127318985893464,721.4441610630873
ag,50,0.9951427056700239,0.6935804482281176,995.1427056700239,1005,1003,2008,0.9921662070488773,856,0.856,3,0.8376980448653536,901.3537528859652
ag,50,1.9201949886726488,1.2452680511180572,1920.1949886726488,1945,1942,3887,0.9887718788221672,3225,3.225,3,0.969707905893141,4391.808601616947
ag,50,1.2868976642263719,0.8015603664042084,1286.897664226372,1311,1311,2622,0.9816153045204973,1350,1.35,3,0.8509954363289319,967.9242269355785
ag,50,2.5359854614651525,1.7220454940006644,2535.9854614651526,2553,2551,5104,0.9941142538083703,5519,5.519,3,1.8339231805001954,5337.184542380777
ag,50,1.6368578181315812,1.0952166625922604,1636.857818131581,1615,1614,3229,1.0141622169340652,2360,2.36,3,1.1186708078771443,2109.717268721395
ag,50,0.3056851979541389,0.21224175770587783,305.6851979541389,352,352,704,0.8684238578242582,56,0.056,3,0.24190746547905084,66.75492805169942
ag,50,2.27664677845472,1.4761931708762723,2276.6467784547203,2333,2332,4665,0.9762636271246656,4691,4.691,3,1.3929361190451597,5315.24692220676
ag,50,2.3124183990811127,1.508793090255356,2312.4183990811125,2254,2254,4508,1.025917657090112,4524,4.524,3,1.2070990853817183,5122.732199499008
ag,50,2.035744624642187,1.3761372822613098,2035.744624642187,1999,1995,3994,1.0204233707479635,3458,3.458,3,1.4697563381189898,3000.103426441737
ag,50,1.3393092890387834,0.8924465423779513,1339.3092890387834,1329,1327,2656,1.009276027911668,1387,1.387,3,0.7272784680709292,1323.808548408242
ag,50,0.98845864728549,0.6633344069754651,988.4586472854901,990,988,1978,1.0004642179002936,738,0.738,3,0.532585545404222,657.1520223230125
ag,50,1.3126573333235243,0.8235205032178966,1312.6573333235242,1316,1315,2631,0.9982185044285355,1333,1.333,3,0.7197313367172699,1665.577049095828
ag,50,1.3330110502825085,0.8516879864872741,1333.0110502825084,1306,1305,2611,1.0214644063467497,1562,1.562,3,0.6363412834690492,995.9129579266375
ag,50,2.2359629560928234,1.4631836724227507,2235.9629560928233,2270,2267,4537,0.9863091998645008,4428,4.428,3,1.3606801583165564,4259.089836359996
ag,50,0.9442680813483889,0.6016496980678171,944.2680813483889,952,952,1904,0.9918782367104926,799,0.799,3,0.6564394049759456,731.1201365739345
ag,50,2.82394154244701,1.8943071535187637,2823.94154244701,2899,2895,5794,0.9754547642304007,7343,7.343,3,1.8809384121684856,8524.665796753448
ag,50,2.547201532460099,1.6550370350691987,2547.201532460099,2637,2634,5271,0.967046899187585,6124,6.124,3,1.8133625990713456,5164.901185363422
ag,50,1.9506687341177302,1.2940885832655677,1950.6687341177303,1926,1925,3851,1.013334407333886,3255,3.255,3,1.3560156176721898,2958.200983828032
ag,50,0.6713015746864152,0.44641624493604376,671.3015746864152,673,673,1346,0.9974763368297402,342,0.342,3,0.3640564364414203,279.33137430290935
ag,50,2.3119594364388294,1.5721988796710424,2311.9594364388295,2285,2283,4568,1.0126848166617737,4725,4.725,3,1.0581570586229845,4731.632153869236
ag,50,1.3326114970253733,0.8280281636962873,1332.6114970253732,1306,1304,2610,1.0219413320746726,1538,1.538,3,1.044775158108845,1769.6916167544443
ag,50,0.31421549692345185,0.21548411841660006,314.21549692345184,303,302,605,1.0404486653094431,48,0.048,3,0.2560606993083999,41.08869460129766
ag,50,1.603423945152601,1.0687435844693483,1603.423945152601,1647,1643,3290,0.9759123220648819,2213,2.213,3,0.996667389285336,1859.8092815570146
ag,50,2.222211099797828,1.5218096283503701,2222.211099797828,2255,2253,4508,0.9863342653341447,4417,4.417,3,1.6066564505601877,4710.574333722749
ag,50,2.306908482596152,1.5484313775834966,2306.9084825961518,2272,2269,4541,1.0167071320388505,4507,4.507,3,1.5078220136827905,4599.754022379257
ag,50,1.6499354156816586,1.1112983224164763,1649.9354156816585,1650,1649,3299,1.0005672623903326,2374,2.374,3,1.2233648744999173,2263.689781131416
ag,50,1.685959067808359,1.0953830026858788,1685.959067808359,1676,1674,3350,1.0071440070539779,2427,2.427,3,1.3881533672632251,2179.230381258233
ag,50,2.623171521943298,1.7283276686632403,2623.171521943298,2576,2573,5149,1.0194992312255338,5974,5.974,3,2.308917107052126,6183.248247035808
ag,50,1.3466762699471537,0.9222336228633347,1346.6762699471537,1359,1359,2718,0.9909317659655289,1621,1.621,3,0.7709098559261458,1820.4084519381058
ag,50,1.3488573632952772,0.886896648110032,1348.857363295277,1314,1312,2626,1.028092502511644,1526,1.526,3,0.8765664232702459,1599.6392768676399
ag,50,0.3241842537477058,0.21908882336974891,324.18425374770584,345,344,689,0.942396086475889,65,0.065,3,0.22130054899040077,53.956104159190744
ag,50,0.9817980172686477,0.6703268667070856,981.7980172686476,946,946,1892,1.0378414558865197,773,0.773,3,0.651492413549087,828.5191580424671
ag,50,0.9393719033475952,0.6256115459625142,939.3719033475952,985,983,1968,0.9556173991328537,735,0.735,3,0.6732842183746159,850.4899435163691
ag,50,2.895109473904681,1.792943423837649,2895.109473904681,2908,2905,5813,0.9965953438570331,7378,7.378,3,1.6364891919899027,8684.522885081058
ag,50,1.0016966933876792,0.6162931433153921,1001.6966933876793,981,981,1962,1.0210975467764314,802,0.802,3,0.5905380757449692,856.3704900808904
ag,50,3.5068865779107647,2.1746215397673376,3506.8865779107646,3542,3539,7081,0.9909258485195718,10892,10.892,3,2.0488992766720253,9116.106793473078
ag,50,1.3619925841078624,0.8473332660776184,1361.9925841078623,1327,1324,2651,1.0286953052174186,1505,1.505,3,0.847259355929513,1248.2158297162102
ag,50,1.6022875030133468,1.0837315929918603,1602.2875030133468,1674,1671,3345,0.9588794153281549,2305,2.305,3,1.0910848726606568,2343.1438071603447
ag,50,0.32985738997534303,0.2210514922539975,329.85738997534304,357,356,713,0.9265657021779299,80,0.08,3,0.18631515695326262,63.995370079228834
ag,50,0.9455406280963197,0.6621666365424367,945.5406280963197,968,966,1934,0.978820525979627,823,0.823,3,0.6229252628497566,759.9403478816275
ag,50,1.6715917469285102,1.080524390638048,1671.5917469285102,1662,1659,3321,1.0075899619822244,2403,2.403,3,1.1642559970246527,2289.9479667353903
ag,50,1.0070057912874264,0.637467410764727,1007.0057912874264,1005,1004,2009,1.0029938160233332,821,0.821,3,0.5185046395950874,720.8934127984708
ag,50,1.3017130653566797,0.8119173022286738,1301.7130653566796,1278,1275,2553,1.0209514238091606,1409,1.409,3,0.7799587508745692,1252.7790624672773
ag,50,2.326414679722322,1.395501386167854,2326.414679722322,2335,2333,4668,0.9971773166405152,4921,4.921,3,1.177488677809403,5112.3654768948545
ag,50,1.3313861966504785,0.85107160727152,1331.3861966504785,1276,1275,2551,1.0442244679611596,1572,1.572,3,1.1103002103847812,1576.809014886345
ag,50,1.3072260861927067,0.9223369275681894,1307.2260861927068,1265,1262,2527,1.0358368353349499,1403,1.403,3,0.9178320463551747,1385.2416461111009
ag,50,2.966372703188127,1.887384737843,2966.372703188127,2954,2952,5906,1.004868801892997,7701,7.701,3,2.0515758744201804,9337.604856130212
ag,50,1.6775946822282177,1.1105091002645777,1677.5946822282178,1600,1599,3199,1.0491523966405365,2487,2.487,3,1.1186302457001445,2611.4752312166165
ag,50,1.6100596714200996,1.044084517915258,1610.0596714200997,1610,1608,3218,1.0012808901866292,2424,2.424,3,1.2417710088107397,2372.764967140375
ag,50,1.268220373833296,0.872801923806095,1268.220373833296,1324,1323,2647,0.9585943868732396,1489,1.489,3,0.8372508743529051,1860.8023610823518
ag,50,1.3146843786555458,0.8653280145514861,1314.6843786555457,1321,1319,2640,0.9967281111869187,1445,1.445,3,1.1151454574466702,1084.075532917023
ag,50,2.527393189951165,1.5981193670979288,2527.393189951165,2544,2541,5085,0.9946450963995139,5713,5.713,3,1.6696266201357883,6502.962814489093
ag,50,2.289054001033157,1.4523194774517887,2289.054001033157,2344,2341,4685,0.9778103379039543,4678,4.678,3,1.0241991932309824,5243.071607496925
ag,50,2.837222858134673,1.904094643139997,2837.2228581346726,2871,2867,5738,0.9896138326245806,7085,7.085,3,1.6891166357668232,6318.760715293078
ag,50,1.668283140420902,1.1482822561498378,1668.2831404209019,1605,1603,3208,1.0407256022588283,2457,2.457,3,1.2454958816799477,2586.708421773482
ag,50,1.3513199719800055,0.8893471065504551,1351.3199719800054,1334,1334,2668,1.0129834872413834,1556,1.556,3,0.8856106116582966,1280.3926208438995
ag,50,1.3134142791594414,0.8671713661723974,1313.4142791594413,1300,1299,2599,1.0110964427709326,1415,1.415,3,0.5030090113070305,1130.6603843594862
ag,50,0.6708426890906046,0.4434997082772718,670.8426890906046,630,630,1260,1.064829665223182,326,0.326,3,0.5130905183609428,311.86841579671193
ag,50,3.224539977781366,2.065127993265725,3224.5399777813664,3159,3157,6316,1.0213937211851019,9088,9.088,3,2.048883368641798,9370.679803733794
ag,50,1.9862272607830374,1.3702276564967537,1986.2272607830373,1966,1965,3931,1.0108026772432759,3629,3.629,3,1.2425908911094778,3338.680285385455
ag,50,1.3851756284353087,0.8914315108292608,1385.1756284353087,1338,1336,2674,1.036808105116249,1584,1.584,3,1.0519432380851483,2151.763291558959
ag,50,1.3559959581474355,0.9084109839801138,1355.9959581474354,1314,1313,2627,1.0327463504550156,1542,1.542,3,0.989112695123867,1220.0898140270258
ag,50,0.9518245085002002,0.6139292324989123,951.8245085002002,964,963,1927,0.9883951282452754,864,0.864,3,0.6906103882802992,969.4296844955102
ag,50,0.3383732943607487,0.22387680802420282,338.3732943607487,339,338,677,1.001104421185647,61,0.061,3,0.21007770486442648,74.11536179757329
ag,50,2.0145385264532445,1.3477390712517932,2014.5385264532447,1926,1924,3850,1.04705744618152,3622,3.622,3,1.4954784880172423,3299.140356950689
ag,50,1.9028046641648926,1.2935293855290466,1902.8046641648925,1957,1955,3912,0.9733016184986663,3334,3.334,3,1.6155796303838115,4020.3793419739227
ag,50,1.6406255320403973,1.0557447443913779,1640.6255320403973,1635,1634,3269,1.0040547931703778,2527,2.527,3,1.0427688544661575,3057.359479556927
ag,50,1.35510207664294,0.9199375818085397,1355.1020766429401,1309,1308,2617,1.0360107619594343,1519,1.519,3,0.7806450548575947,1393.1656885029856
ag,50,3.2000080651644174,2.2888823819340343,3200.0080651644175,3267,3265,6532,0.9800943538022718,8964,8.964,3,2.4726131123991335,8491.523469588543
ag,50,1.002768484809569,0.6446666360439037,1002.7684848095691,1027,1026,2053,0.9773571976701454,823,0.823,3,0.6428255872210781,777.7677369591896
ag,50,1.621421717787461,1.0006572014656976,1621.421717787461,1662,1660,3322,0.9767600709563018,2255,2.255,3,1.1256535793895128,2699.1777859241165
ag,50,1.0708071771700964,0.6546327465199737,1070.8071771700963,983,983,1966,1.0893257143134245,902,0.902,3,0.733256993891646,801.941598198313
ag,50,1.6465995622054943,1.0313237350635285,1646.5995622054943,1681,1680,3361,0.9801187870270799,2496,2.496,3,0.7249109126321435,2508.2221180612005
ag,50,0.966774333132056,0.657659601266658,966.774333132056,997,997,1994,0.9696833832819016,853,0.853,3,0.9887313155274675,929.6154385139869
ag,50,1.9693622118392264,1.2422306535259717,1969.3622118392263,1946,1945,3891,1.0125255587862347,3559,3.559,3,0.9634263947037519,2804.118195892647
ag,50,0.3285749406958276,0.22061344904256097,328.5749406958276,324,324,648,1.0141201873328012,46,0.046,3,0.1663774145921374,42.57566127397467
ag,50,0.6388794576042582,0.43356940447577325,638.8794576042583,663,662,1325,0.9650747093719914,310,0.31,3,0.40171674284995706,363.3035974123173
ag,50,1.6526602566511734,1.0903157331829065,1652.6602566511735,1648,1646,3294,1.0040463284636534,2488,2.488,3,0.9779370667251569,2152.353851643739
ag,50,1.327904750205892,0.904865962722688,1327.904750205892,1298,1298,2596,1.0230390987718736,1490,1.49,3,0.9633200014899886,1648.2730087665757
ag,50,2.923745613528286,1.9052713226710434,2923.7456135282864,2892,2888,5780,1.0123772900028694,7391,7.391,3,2.1003812873675605,7072.271214561864
ag,50,1.6762801504662557,1.0890539638810313,1676.2801504662557,1676,1675,3351,1.000764268935078,2343,2.343,3,0.9320949366810343,2415.802386401881
ag,50,0.9963399532053842,0.6492086197770403,996.3399532053842,1007,1006,2013,0.9903975677985927,782,0.782,3,0.646482792700209,824.2176759872998
ag,50,1.3090906021186322,0.9139353855009242,1309.0906021186322,1280,1280,2560,1.0227270329051814,1441,1.441,3,0.8341873972986261,1270.0931889879698
ag,50,1.0095089004451914,0.6328858483228795,1009.5089004451913,1013,1013,2026,0.9965537023150951,912,0.912,3,0.5584233312333529,1038.631909311196
ag,50,0.6520995995094281,0.4226780216790309,652.0995995094281,659,658,1317,0.9910328260021704,361,0.361,3,0.31823168649547967,390.5328626729433
ag,50,1.6379072903988017,1.1339397690754922,1637.9072903988017,1645,1644,3289,0.9962939722620449,2326,2.326,3,1.034267980706646,2488.7533828983114
ag,50,3.232947516931574,2.0543587358395183,3232.947516931574,3173,3169,6342,1.0201790839165585,8924,8.924,3,1.7952789009190062,8454.675228179718
ag,50,1.5775508900449506,1.0117774883959036,1577.5508900449506,1622,1619,3241,0.9743983261550034,2320,2.32,3,0.8857053989347764,2291.409251615803
ag,50,3.284842669663657,1.9524659279100847,3284.8426696636566,3219,3215,6434,1.021724003005803,9725,9.725,3,2.1205320851916496,9773.669595886997
ag,50,1.6733946953499357,1.0315551928181919,1673.3946953499358,1641,1640,3281,1.0203626191158146,2270,2.27,3,0.6167466139793754,1792.6437596832488
ag,50,1.3147064232269046,0.8975190534841616,1314.7064232269045,1319,1318,2637,0.997501079838319,1400,1.4,3,0.8965232769676786,1368.8232797125766
ag,50,0.9835235439061882,0.6500478430706667,983.5235439061883,1017,1016,2033,0.9680349841596341,933,0.933,3,0.5924886782742564,659.1736981110788
ag,50,2.298457459581381,1.5460754603903681,2298.457459581381,2262,2261,4523,1.0165667667321456,4720,4.72,3,1.6224786642348126,5976.423050171168
ag,50,1.9781474501476375,1.2481392085468073,1978.1474501476375,1953,1952,3905,1.0133952101166175,3441,3.441,3,1.3764425101618976,2780.553607760612
ag,50,0.6792532279560702,0.43418173447479963,679.2532279560702,683,683,1366,0.994514242981069,392,0.392,3,0.3872078647973853,348.6233649258181
ag,50,1.9540766673577892,1.2603827497243778,1954.0766673577891,1923,1920,3843,1.0177482642488485,3360,3.36,3,1.131036268777013,4375.626354731047
ag,50,1.0074356151529946,0.6719411589313505,1007.4356151529946,986,985,1971,1.0227772742669996,912,0.912,3,0.557333867550304,839.013392123025
ag,50,2.597256788874284,1.7256673102993818,2597.2567888742838,2605,2603,5208,0.997793618468799,6038,6.038,3,1.8515266711701017,5245.35153465423
ag,50,2.0052992010766753,1.3147053585182815,2005.2992010766752,1969,1967,3936,1.0194708698915482,3659,3.659,3,1.1365384142499257,4192.46593978407
ag,50,1.3255691464666692,0.8671688963082679,1325.5691464666693,1303,1302,2605,1.018102263031236,1641,1.641,3,0.9626226834402101,1561.0353100882353
ag,50,1.267698007854664,0.8282041370890081,1267.698007854664,1264,1263,2527,1.0037197211834235,1383,1.383,3,1.147255931371639,1616.2311294250233
ag,50,2.245406497030253,1.5010207590345221,2245.406497030253,2248,2247,4495,0.999290830899089,4272,4.272,3,1.9636862627552805,4453.037805951368
ag,50,0.9670507604680044,0.6954291607975274,967.0507604680045,978,977,1955,0.9898165409089094,743,0.743,3,0.7580807253201917,412.03614474237804
ag,50,1.6816041263388157,1.1232631622576705,1681.6041263388158,1653,1650,3303,1.0191540159629187,2534,2.534,3,0.8947502445385336,2817.3448774408407
ag,50,0.6550734692948881,0.44833542904394,655.0734692948881,652,652,1304,1.0047139099614848,318,0.318,3,0.5836928193697005,288.00515870204606
ag,50,2.247524193947172,1.433797318004707,2247.524193947172,2233,2231,4464,1.0074066310834477,4402,4.402,3,1.643035335722862,4793.311147316733
ag,50,2.6482806022388323,1.7805843033775464,2648.280602238832,2568,2566,5134,1.0320657062505192,5772,5.772,3,1.2467033611553675,7955.506904997289
ag,50,2.2637073484699433,1.470141291703588,2263.707348469943,2247,2241,4488,1.0101326856180022,4451,4.451,3,1.366353830775432,4936.390927385062
ag,50,2.2061202564232936,1.38425337498408,2206.1202564232935,2241,2238,4479,0.9857552530935181,4405,4.405,3,1.4171264670298434,4325.733996986776
ag,50,2.03892092842173,1.3292134604190966,2038.92092842173,1987,1986,3973,1.026646993163006,3745,3.745,3,1.408133016407015,5020.070698996784
ag,50,1.3577842278061603,0.927377171778438,1357.7842278061603,1333,1332,2665,1.0193575283830032,1413,1.413,3,0.7563503211545268,1149.117237242015
ag,50,1.355795583218693,0.8600540309982445,1355.795583218693,1318,1316,2634,1.0302398048774264,1440,1.44,3,0.7241576430318939,1595.175261704394
ag,50,1.3084764017052046,0.8752783107018797,1308.4764017052046,1296,1294,2590,1.0111873274383343,1503,1.503,3,0.6068214649911233,1419.1265133905324
ag,50,2.9136366278221315,1.872378576764649,2913.6366278221317,2887,2884,5771,1.0102762232392968,7401,7.401,3,1.6650184139478608,7611.371949573933
ag,50,2.953851361005843,2.0543855202927785,2953.8513610058426,2892,2889,5781,1.0224476846679968,7411,7.411,3,1.5090488192620726,7591.329659612446
ag,50,1.331605625483678,0.8546037476726308,1331.6056254836778,1309,1308,2617,1.0180471142841574,1602,1.602,3,0.7973749729202594,1249.9368867607707
ag,50,1.3865464532388445,0.8397401749106601,1386.5464532388446,1352,1350,2702,1.0270714468435886,1592,1.592,3,0.9316572528590329,1781.1083031041467
ag,50,2.2315427349966694,1.4253445304516446,2231.5427349966694,2323,2321,4644,0.9614574472195905,4486,4.486,3,1.3590272657920488,4255.91458775599
ag,50,0.9856106082158553,0.6440636604778186,985.6106082158553,982,981,1963,1.0046999064381807,820,0.82,3,0.8190413874126412,675.1054016639737
ag,50,0.9555836783176378,0.6238956045750329,955.5836783176378,980,979,1959,0.9760813874541755,786,0.786,3,0.5103658600611036,806.9061004444463
ag,50,1.6400401078642053,1.0889183413738264,1640.0401078642053,1674,1674,3348,0.9797133260837547,2324,2.324,3,1.3229133222593488,1798.6887329471128
ag,50,2.566579131964794,1.662999107510855,2566.579131964794,2577,2574,5151,0.9971169898853124,5756,5.756,3,1.553853640624336,5629.252160887754
ag,50,1.662408527075335,1.1367231808385974,1662.408527075335,1646,1645,3291,1.0105826912312068,2432,2.432,3,1.4877208450725345,2882.2226378196683
ag,50,1.6991502086329615,1.1040819624673586,1699.1502086329615,1684,1684,3368,1.008996560945939,2493,2.493,3,1.0242948368521105,2403.7735085041268
ag,50,3.267762477599437,2.1372709269659507,3267.7624775994373,3202,3198,6400,1.0218144082549836,8905,8.905,3,2.4264799862698974,8515.91338788925
ag,50,1.3236224175542277,0.8613491683484834,1323.6224175542277,1273,1271,2544,1.0414023741575356,1410,1.41,3,0.9619480322866439,1469.2235891497742
ag,50,1.5378061601435198,1.0152624355022444,1537.8061601435197,1629,1628,3257,0.9445983784665355,2168,2.168,3,1.1353813824197054,1652.7597604498792
ag,50,1.321462351650927,0.8649618344823459,1321.4623516509268,1270,1270,2540,1.0405215367330132,1356,1.356,3,0.8595718753163585,1467.4205335387792
ag,50,1.9560110696030106,1.234727925805177,1956.0110696030106,1937,1936,3873,1.0103362962825468,3447,3.447,3,1.2119444466031006,3670.77948896799
ag,50,1.3068237748358025,0.8417581595976351,1306.8237748358024,1304,1303,2607,1.0029345931203395,1523,1.523,3,0.8257042014806644,1755.2040515812432
ag,50,1.0041707964121074,0.6556697645736177,1004.1707964121073,983,982,1965,1.02257718575571,730,0.73,3,0.5947765450351011,619.4626704066287
ag,50,2.234805620887601,1.4379366310870765,2234.805620887601,2297,2295,4592,0.973771512369325,4711,4.711,3,1.3897915809193933,3879.8914051259403
ag,50,1.290726139994188,0.8342712935596701,1290.726139994188,1314,1313,2627,0.9830359025089018,1446,1.446,3,0.8912754066374311,1038.200345507772
ag,50,0.9618112478060029,0.6785675737681659,961.8112478060029,995,992,1987,0.9695677901270191,867,0.867,3,0.6563150200291018,898.9469282521078
ag,50,0.6131845493500275,0.43941717096943067,613.1845493500275,654,652,1306,0.9404671002301035,325,0.325,3,0.5069901194696528,383.482249352295
ag,50,3.170857640687557,2.0053158828074853,3170.8576406875573,3181,3177,6358,0.9980666165211071,9086,9.086,3,2.0506184622120216,6701.91564819888
ag,50,1.3278166961777806,0.8292656557406283,1327.8166961777806,1292,1291,2583,1.0285179676047875,1419,1.419,3,0.9412800048960674,1186.341787748069
ag,50,2.3018448335248967,1.489355087925045,2301.844833524897,2323,2322,4645,0.9913199110787669,4680,4.68,3,1.4454683411604754,4772.27332330479
ag,50,0.6683241366137691,0.472501467118118,668.3241366137692,691,691,1382,0.9671839893108092,300,0.3,3,0.5270115224964265,362.43387933512383
ag,50,0.6596267607639493,0.43268111255415875,659.6267607639493,668,667,1335,0.988945668311768,337,0.337,3,0.4285212168194165,360.8120295111028
ag,50,0.676982939033278,0.44919817730582845,676.982939033278,645,645,1290,1.0495859519895783,379,0.379,3,0.5223513595465741,321.67626800578233
ag,50,0.6620685042723912,0.43896957799503117,662.0685042723911,630,629,1259,1.0525731387478396,350,0.35,3,0.4394936429131798,341.0506531985105
ag,50,0.6717971811229541,0.45189772801252576,671.797181122954,657,657,1314,1.022522345697038,349,0.349,3,0.5079605766195662,370.3731343189913
ag,50,0.9901719119767897,0.6418805325194507,990.1719119767897,1001,1001,2002,0.9891827292475421,818,0.818,3,0.6433683652040814,996.8195075025798
ag,50,2.266309606760509,1.425947450458544,2266.3096067605093,2306,2304,4610,0.9836413223786933,4568,4.568,3,1.4083933104468584,4128.8576171259965
ag,50,1.0284487918274627,0.6764047903014283,1028.4487918274626,1009,1008,2017,1.020286499828832,864,0.864,3,0.6155084062846675,1043.6049513712887
ag,50,0.9705219698070165,0.611494282252414,970.5219698070166,974,972,1946,0.9984793928055726,752,0.752,3,0.755930940547182,671.6175627974711
ag,50,2.2562532705169884,1.4962218845535056,2256.2532705169883,2239,2236,4475,1.0090578132902452,4530,4.53,3,1.6996065410442482,4539.285958362038
ag,50,1.6505469815007259,1.0747662759753944,1650.546981500726,1648,1647,3295,1.0021536013969192,2434,2.434,3,0.9590467090502203,2020.9647728795294
ag,50,1.6212755128016352,1.0924903880764183,1621.2755128016352,1646,1644,3290,0.9861773192224058,2381,2.381,3,0.9259761776520439,2151.8548629889488
ag,50,1.2867298239904426,0.8446882093898277,1286.7298239904426,1356,1355,2711,0.9496161062660093,1620,1.62,3,0.9296620542474388,1522.5842690497336
ag,50,1.6509167119061008,1.1530107235846951,1650.9167119061008,1579,1577,3156,1.0468717260026004,2243,2.243,3,1.3396816090197783,2146.884361334867
ag,50,1.67871347633613,1.114959566293024,1678.71347633613,1717,1715,3432,0.9788416771639242,2430,2.43,3,1.0063208782949193,2868.310159805811
ag,50,1.6019675606415562,1.03609537258826,1601.9675606415562,1639,1634,3273,0.9803963039422009,2374,2.374,3,0.9404849856659292,2396.9447421426275
ag,50,1.254034547609662,0.874357347083042,1254.034547609662,1298,1297,2595,0.9668732055587217,1442,1.442,3,0.7746530551643934,1429.3159187533897
ag,50,3.184553410488077,2.1529100695309165,3184.553410488077,3159,3153,6312,1.0100074248297104,8996,8.996,3,2.557464338932032,9968.107821239886
ag,50,0.6495698101574352,0.43067153816917475,649.5698101574352,668,668,1336,0.9724098954452622,337,0.337,3,0.44417966557010796,355.8692436393533
ag,50,2.5884406199307355,1.801545350327825,2588.4406199307355,2575,2573,5148,1.006001018239695,5952,5.952,3,1.9417763509362331,5962.702026548542
ag,50,1.2679786894887424,0.8617276649146696,1267.9786894887425,1281,1277,2558,0.9929355438439643,1418,1.418,3,0.7215800661195063,1749.8557382152915
ag,50,1.2899055383949125,0.9094631133633881,1289.9055383949126,1302,1298,2600,0.9937638970684997,1452,1.452,3,0.9325450191061991,1324.1274335989042
ag,50,2.001202355367562,1.3266184207271112,2001.2023553675622,1957,1957,3914,1.022586793749393,3573,3.573,3,1.317936736822598,3744.550722457643
ag,50,1.6645831330233538,1.0813534856615143,1664.5831330233539,1636,1633,3269,1.0193405591079938,2355,2.355,3,1.0128425221531099,2378.052966544137
ag,50,2.290588051916341,1.5247829081425759,2290.588051916341,2245,2241,4486,1.0221276447640968,4605,4.605,3,1.4326910770282983,3430.571085382283
ag,50,1.3324550060729665,0.9123871175043762,1332.4550060729666,1333,1332,2665,1.000341596150876,1454,1.454,3,1.1046688700827434,1685.7972127048408
ag,50,1.9528726016596205,1.3131838468839006,1952.8726016596206,1979,1978,3957,0.987296563023064,3430,3.43,3,1.1184771132861484,3722.008881316207
ag,50,2.016045631544903,1.2491572572520167,2016.0456315449032,1985,1983,3968,1.0166644637140207,3589,3.589,3,1.3630608893402376,3313.316545055425
ag,50,1.9882505941369855,1.2904262673447704,1988.2505941369855,2024,2022,4046,0.9833088991775398,3535,3.535,3,1.2949556327897787,3848.352139967886
ag,50,1.6299331548580396,1.0309944046841049,1629.9331548580396,1607,1605,3212,1.0155346759240123,2285,2.285,3,1.1734353986048365,3047.610172636431
ag,50,1.9578782081847372,1.3576849611067376,1957.8782081847373,2001,1997,3998,0.9804097186703742,3313,3.313,3,1.4078304467363907,3887.024264885717
ag,50,0.9897157844234676,0.6946322325898855,989.7157844234677,1007,1006,2013,0.9838129069815782,878,0.878,3,0.6830631221873567,870.7117776127631
ag,50,1.3331429265844421,0.8344176608277998,1333.1429265844422,1296,1296,2592,1.0286596655744153,1536,1.536,3,0.8392842830287591,1373.2893356459876
ag,50,1.8896895879452795,1.2278015057537588,1889.6895879452795,1905,1905,3810,0.9919630382914854,3175,3.175,3,1.129413689325898,3349.77479808777
ag,50,2.5875346520915183,1.7025637417687112,2587.534652091518,2651,2648,5299,0.9771656541131111,6132,6.132,3,1.6006444209503197,5137.610859887552
ag,50,1.6505955618299695,1.1384418472129123,1650.5955618299695,1672,1672,3344,0.987198302529886,2348,2.348,3,1.4849580348657552,2271.469214480063
ag,50,2.2827744644423937,1.5472667002449303,2282.7744644423938,2254,2253,4507,1.0132154746748308,4820,4.82,3,1.4754466235345767,4798.20124230835
ag,50,2.2081142490556522,1.5786909646025264,2208.114249055652,2297,2295,4592,0.9621412849915696,4496,4.496,3,1.4035388637883384,4930.778736108908
ag,50,1.9816887733137265,1.2822338003171658,1981.6887733137264,1961,1959,3920,1.0115818138405954,3258,3.258,3,0.9902739821094565,3292.7404010792766
ag,50,1.6518216424171719,1.0440083508889229,1651.821642417172,1633,1632,3265,1.0121456142262082,2333,2.333,3,0.9106051457340136,2097.3153717345276
ag,50,1.664439657509607,1.0967602390681437,1664.439657509607,1638,1635,3273,1.0180059067337046,2288,2.288,3,1.3217419468734546,2131.3745208109526
ag,50,1.3492650055602757,0.9274982253257583,1349.2650055602758,1363,1361,2724,0.9913776675681674,1566,1.566,3,0.9072276320092377,1405.9397922874336
ag,50,2.559504684584721,1.7575877984680517,2559.504684584721,2613,2611,5224,0.9802775505877905,5958,5.958,3,1.7541142928625582,5156.8269578391455
ag,50,1.6603021775074953,1.0941567740206686,1660.3021775074953,1630,1627,3257,1.0204684557513801,2446,2.446,3,0.6711621173721052,2891.7880918936276
ag,50,1.642773900465249,1.0787688321898972,1642.773900465249,1626,1624,3250,1.0115602835377149,2361,2.361,3,1.1637578039371115,2130.617515630241
ag,50,2.9150091642422393,1.9386583314398462,2915.0091642422394,2966,2964,5930,0.9834713779494735,7447,7.447,3,1.71400071074084,6768.996713038185
ag,50,2.2977128035247216,1.5006114263449644,2297.7128035247215,2265,2265,4530,1.0144427388630117,4407,4.407,3,1.6052539222294255,3869.059765941104
ag,50,0.661060879257662,0.4582200925859155,661.060879257662,665,665,1330,0.9940765101618978,340,0.34,3,0.49227189964474904,288.37287576814015
ag,50,0.671578496194634,0.43284614671473637,671.578496194634,663,661,1324,1.0160037763912768,296,0.296,3,0.3865083838182581,251.00008040490707
ag,50,1.3185737723097344,0.895417929260868,1318.5737723097343,1283,1281,2564,1.029331594308926,1472,1.472,3,0.9976780000363151,1911.2241239549696
ag,50,1.7066869918760965,1.0947484893420718,1706.6869918760965,1587,1585,3172,1.0767741273666225,2406,2.406,3,0.9872332310141936,1801.0299037508137
ag,50,2.911192500725148,1.9799695771949248,2911.192500725148,2901,2899,5800,1.0042057608572432,7634,7.634,3,2.069437430863314,7253.921299346535
ag,50,0.0,0.0,0.0,0,0,0,,0,0.0,3,0.0,0.0
ag,50,2.244971245536087,1.4568873233405746,2244.9712455360873,2235,2230,4465,1.006713563020667,4198,4.198,3,1.6795151575686984,4553.940208519061
ag,50,1.0020671429136674,0.6742867649051972,1002.0671429136675,1006,1006,2012,0.9960905993177609,813,0.813,3,0.7575263833539551,945.6116591473522
ag,50,1.6640676496205822,1.0441086192497797,1664.0676496205822,1605,1603,3208,1.038095851291692,2351,2.351,3,0.9097929365055876,2723.806740524411
ag,50,1.7071602269493837,1.0952433397678827,1707.1602269493837,1653,1651,3304,1.034015885493267,2472,2.472,3,0.9855038654991968,2578.3313204983037
ag,50,2.283982594178867,1.4734935472110708,2283.9825941788667,2262,2259,4521,1.0110591386360632,4555,4.555,3,1.679839863501115,4570.845294503977
ag,50,2.347703920812739,1.5665037191080082,2347.703920812739,2274,2273,4547,1.0328657812638535,4750,4.75,3,1.8802389609588643,4936.214226086868
ag,50,1.919454851155259,1.277715389817861,1919.454851155259,1915,1912,3827,1.0038989807297378,3370,3.37,3,1.4612153072295435,3315.1956358124307
ag,50,1.9118638305525737,1.3777926082281045,1911.8638305525737,1987,1984,3971,0.9636410436252892,3361,3.361,3,1.4305111152674677,2949.6445466892114
ag,50,0.6983042645509617,0.46294207567471585,698.3042645509618,671,671,1342,1.0406918994798238,400,0.4,3,0.3924455495007629,310.4723419717259
ag,50,0.6814552895586963,0.44078640460675067,681.4552895586962,669,669,1338,1.0186177721355698,317,0.317,3,0.408894369196948,335.6438062953481
ag,50,2.856069768671639,1.865293502011635,2856.069768671639,2823,2820,5643,1.0127906981105104,7039,7.039,3,1.7385985890843696,7527.67568452169
ag,50,1.6030727368941193,1.0618630221191794,1603.0727368941193,1606,1604,3210,0.9994219057943388,2282,2.282,3,1.0004576377415386,2013.0698170019043
ag,50,1.0010649300537817,0.6428745048864385,1001.0649300537817,992,991,1983,1.01015633708757,832,0.832,3,0.5883340710499106,878.213079595452
ag,50,1.625762855158618,1.0994792431764502,1625.762855158618,1693,1692,3385,0.9608527512757791,2566,2.566,3,1.2044640252188412,2535.846561469921
ag,50,0.6095436392489801,0.40980186235285593,609.5436392489802,679,679,1358,0.89770786340056,255,0.255,3,0.46539770392987634,229.1218747948341
ag,50,1.3028478714557132,0.84285475006922,1302.8478714557132,1328,1328,2656,0.9810601441684588,1548,1.548,3,0.6816244607933024,1898.8253989460752
ag,50,2.291465769865391,1.5112701554498047,2291.465769865391,2255,2250,4505,1.0184292310512848,4605,4.605,3,1.3955036492459194,4473.690474796715
ag,50,1.702354195491916,1.1200885019901952,1702.354195491916,1673,1671,3344,1.0187637315930078,2410,2.41,3,1.238949515984342,3090.5852384950335
ag,50,0.6777767643892721,0.4348688930997941,677.7767643892721,643,643,1286,1.0540851701232847,326,0.326,3,0.4758953868613559,322.24107185401715
ag,50,1.337128713645194,0.8928544552148717,1337.128713645194,1310,1309,2619,1.021488704083418,1504,1.504,3,0.6322745072611756,1765.5275916689136
ag,50,1.2682801810970794,0.8509496167108472,1268.2801810970793,1351,1350,2701,0.9394668008126513,1407,1.407,3,0.6247029898731671,1488.4598906846738
ag,50,1.6772519231675673,1.0759085503740475,1677.2519231675674,1624,1623,3247,1.0334269397212368,2446,2.446,3,1.405073286093882,2708.094229713605
ag,50,0.9556979431558047,0.6568048508870376,955.6979431558048,970,970,1940,0.9852556115008296,860,0.86,3,0.8797328801359298,959.126112822573
ag,50,1.6915375039049114,1.092762885518921,1691.5375039049113,1654,1653,3307,1.0233136744736306,2514,2.514,3,1.0896486762881399,3135.9978631562485
ag,50,2.2731273382880803,1.4948023202710867,2273.1273382880804,2232,2230,4462,1.019339613582099,4203,4.203,3,1.6179347905907577,2795.784074912605
ag,50,2.2156203693990246,1.44941800231275,2215.6203693990246,2239,2235,4474,0.9913290243396083,4421,4.421,3,1.1852441554538629,3632.539268170931
ag,50,1.545264685548459,1.0553255180623329,1545.264685548459,1621,1619,3240,0.954456260375824,2127,2.127,3,1.0649067583534202,1776.9518029178748
ag,50,1.660883002450979,1.0768730364969428,1660.8830024509791,1662,1662,3324,0.9993279196455951,2377,2.377,3,0.8979129066098701,2461.308474706595
ag,50,2.236802540212219,1.5315008338162783,2236.802540212219,2278,2274,4552,0.9836422780176864,4601,4.601,3,1.3885298322764161,5589.98446612501
ag,50,2.206276795030839,1.4290773207759933,2206.276795030839,2270,2269,4539,0.9723564543987832,4549,4.549,3,1.2921906765458089,4809.310231169293
ag,50,1.321136993093045,0.913689431675532,1321.136993093045,1297,1296,2593,1.0193958280038928,1464,1.464,3,1.116830186442788,1449.9854495689228
ag,50,0.9452944935881683,0.6397324239394934,945.2944935881683,943,941,1884,1.0045637551415179,733,0.733,3,0.6751050785875362,722.6001575077208
ag,50,1.3121625086888133,0.8371869139385872,1312.1625086888134,1303,1301,2604,1.0085799451874047,1366,1.366,3,0.9559602147406323,1134.9270142474813
ag,50,1.3563612544097257,0.8528758979551789,1356.3612544097257,1346,1344,2690,1.0091973619119983,1537,1.537,3,0.6655851195307436,1138.4512129352277
ag,50,1.3272409061892527,0.8883045092566166,1327.2409061892527,1351,1350,2701,0.983141411992039,1591,1.591,3,0.7732711149584783,1718.229308155621
ag,50,1.3098681035464494,0.8622222327521394,1309.8681035464494,1305,1305,2610,1.003730347545172,1586,1.586,3,1.013765998081226,1126.9805420827597
ag,50,0.6970528064165598,0.4301862322199172,697.0528064165597,657,657,1314,1.0609631756720848,306,0.306,3,0.4222841479993675,377.3216271248684
ag,50,1.3487493414034597,0.8518877278457546,1348.7493414034598,1312,1312,2624,1.028010168752637,1676,1.676,3,0.6412677294786946,1434.4205684149879
ag,50,1.3063761860083494,0.8571925401752294,1306.3761860083494,1340,1339,2679,0.9756356878329718,1485,1.485,3,0.8119455224190917,1594.9238794864582
ag,50,2.0163746995812906,1.3860890689169882,2016.3746995812908,1955,1954,3909,1.0319215453333115,3462,3.462,3,1.4082029299086543,4295.900643444073
ag,50,0.9733192806828015,0.6472721663743052,973.3192806828015,990,989,1979,0.9841448743001027,806,0.806,3,0.6736912412710048,896.8774520815984
ag,50,1.59818444567881,1.0550268212240914,1598.1844456788099,1575,1573,3148,1.0160104549769928,2207,2.207,3,0.9093572231893046,2154.3543303475376
ag,50,1.2736433908683233,0.8480701030130109,1273.6433908683234,1274,1273,2547,1.000505413093734,1400,1.4,3,1.0300446594954673,1012.513895553985
ag,50,1.0667422258969919,0.6912886314469379,1066.7422258969918,990,989,1979,1.0786069018169786,881,0.881,3,0.6753531723028606,690.3263939599957
ag,50,2.0233344387945387,1.2890743349533016,2023.3344387945388,1932,1929,3861,1.0489032860521197,3412,3.412,3,1.6169458786704753,3974.588973920342
ag,50,0.999799858641755,0.6206081605799006,999.799858641755,1000,999,1999,1.000800659301056,820,0.82,3,0.6227984779439264,1043.560250379298
ag,50,0.9840905078869061,0.658469032213554,984.0905078869062,993,993,1986,0.9910277017995027,887,0.887,3,0.6058711128730683,996.1759824303807
ag,50,1.9642375311045186,1.3332746039904475,1964.2375311045187,1981,1977,3958,0.9935445276198881,3275,3.275,3,1.6154848568961506,3196.199192511504
ag,50,1.9565556456627289,1.206876951962246,1956.555645662729,1902,1900,3802,1.029766129296173,3288,3.288,3,1.4523269513982442,3203.2470491257254
ag,50,0.6392503708636725,0.4192700080540585,639.2503708636725,669,669,1338,0.955531197105639,346,0.346,3,0.38170134277474843,422.7810320425352
ag,50,0.9410271497565917,0.6606598404529712,941.0271497565917,957,954,1911,0.9864016244828006,757,0.757,3,0.597809746723053,510.6415518350006
ag,50,1.6132377838477487,1.082806816534393,1613.2377838477487,1664,1663,3327,0.9700768393552307,2493,2.493,3,1.1405388598417567,2816.542512093833
ag,50,3.4869590934642494,2.44984483494486,3486.9590934642492,3480,3476,6956,1.003152788683616,10406,10.406,3,2.583481634713383,10671.474052515881
ag,50,1.3405211296000716,0.8677894270586279,1340.5211296000716,1315,1314,2629,1.0201835080670256,1538,1.538,3,1.0370086006377068,1991.4593146572208
ag,50,2.3263392554530027,1.4782959172688264,2326.339255453003,2249,2245,4494,1.03623129418842,4622,4.622,3,1.7053846657078722,5476.019137495376
ag,50,1.2887961259705465,0.8339571830879644,1288.7961259705464,1330,1328,2658,0.9704790105199897,1460,1.46,3,0.9302869478662843,1270.833944965211
ag,50,1.9727262959302223,1.2831061442638532,1972.7262959302222,2021,2018,4039,0.9775650624034798,3518,3.518,3,1.4184855920987178,3531.713833090486
ag,50,0.6285210132713438,0.43320087384659345,628.5210132713438,662,662,1324,0.9494275124944771,373,0.373,3,0.37066073158631974,407.2486315778361
ag,50,1.335406263723291,0.8877489815338624,1335.406263723291,1287,1286,2573,1.038418556549993,1517,1.517,3,0.8043754213596717,1598.174054751253
ag,50,1.3170237077965972,0.8605781915161952,1317.0237077965971,1314,1313,2627,1.0030645146965707,1435,1.435,3,0.8555036891996654,1407.328741772644
ag,50,2.609996709117345,1.7260597610335713,2609.996709117345,2594,2593,5187,1.0065548434698592,6125,6.125,3,1.4812502401580154,4228.530171007242
ag,50,1.9049114260826419,1.2577536424286646,1904.9114260826418,1979,1977,3956,0.9635363814277399,3441,3.441,3,1.4673111550029112,2832.510971355742
ag,50,2.2946675552385316,1.4768908171144233,2294.667555238532,2267,2264,4531,1.013545739946348,4600,4.6,3,1.851747568144059,4944.051232867561
ag,50,0.9973995343702213,0.6314984310620041,997.3995343702213,983,982,1965,1.015681806894319,911,0.911,3,0.564586496062646,1049.6148687915438
ag,50,1.0102522534685794,0.6995818764851065,1010.2522534685793,930,928,1858,1.0886338938239002,819,0.819,3,0.6417553508627268,976.8767458031427
ag,50,2.3780538728420355,1.5420478950183616,2378.0538728420356,2242,2239,4481,1.0621053474060007,5014,5.014,3,1.4181112635352384,5732.638919061464
ag,50,1.9615442072129539,1.275338849654456,1961.5442072129538,1939,1936,3875,1.0131943219075175,3449,3.449,3,1.5595524973719799,3391.2173789499893
ag,50,0.965339492299124,0.6734444811903065,965.339492299124,995,995,1990,0.9701904445217326,737,0.737,3,0.7146579459288642,894.3398662240717
ag,50,2.328799787017074,1.4638374830816983,2328.799787017074,2238,2233,4471,1.0429018302808213,4407,4.407,3,1.6035647155003103,4332.628786369604
ag,50,0.9849582468209697,0.6563070304261989,984.9582468209696,983,983,1966,1.0019921127375073,784,0.784,3,0.6242978752423732,860.0166885344264
ag,50,0.6848465854327785,0.452691095961607,684.8465854327785,670,668,1338,1.0252194392706264,334,0.334,3,0.4864118319185305,306.7440979477621
ag,50,1.2736630538387357,0.8626383939074258,1273.6630538387358,1284,1283,2567,0.992722567294416,1437,1.437,3,0.8399637497518327,1181.0906616192506
ag,50,1.2841705993876709,0.8950872313672285,1284.1705993876708,1359,1356,2715,0.947028465625126,1524,1.524,3,0.6159891824735418,1190.48919226171
ag,50,1.6241232570153106,1.1321629985696773,1624.1232570153106,1596,1595,3191,1.0182590953074049,2321,2.321,3,1.3644990351325135,2605.360904720744
ag,50,3.263301540044893,2.179866077046557,3263.301540044893,3268,3266,6534,0.9991737722121534,9739,9.739,3,2.4768476873437093,9728.948800907105
ag,50,1.363374648131507,0.877476893234993,1363.374648131507,1359,1357,2716,1.0046976036341246,1629,1.629,3,0.9072331469872649,1523.6015636046573
ag,50,1.3201214272710053,0.8630585916630892,1320.1214272710054,1274,1272,2546,1.0378313107476458,1549,1.549,3,0.5680662224124383,1436.923218934875
ag,50,1.591954017995161,1.0868075165109186,1591.954017995161,1599,1598,3197,0.9962165319118654,2207,2.207,3,0.958336548557518,2053.6034643357684
ag,50,1.9753231973654397,1.2761035084520271,1975.3231973654397,1992,1989,3981,0.9931237794698038,3304,3.304,3,1.0296131632293202,3730.70967990212
ag,50,2.4992730159632055,1.5890037222081805,2499.2730159632056,2574,2569,5143,0.9728583168404848,5533,5.533,3,1.578748297437503,4239.362416395036
ag,50,0.9846806018515413,0.6741465710360534,984.6806018515413,977,976,1953,1.0088940592741202,728,0.728,3,0.6294582855402621,917.819291338702
ag,50,2.968363707250884,1.8759349897876605,2968.363707250884,2964,2963,5927,1.0018102285693162,7951,7.951,3,1.992081274640626,6133.2183085336765
ag,50,0.6306899883766357,0.4287323996340839,630.6899883766357,646,646,1292,0.9763002916046992,377,0.377,3,0.43350940464136956,347.1617384830093
ag,50,0.6443060902263974,0.4340739195737315,644.3060902263974,656,655,1311,0.9836734201929731,316,0.316,3,0.5676943867413522,336.50183525508066
ag,50,1.8751656208047371,1.2346725101827083,1875.165620804737,1921,1918,3839,0.9776671641317711,3238,3.238,3,0.8800963259536345,3537.5488008828493
ag,50,2.2685658730693623,1.4891568468200307,2268.565873069362,2290,2288,4578,0.9915060634044415,4605,4.605,3,1.2678208191690412,4789.87939295734
ag,50,2.2496505100731365,1.509282893126887,2249.6505100731365,2315,2312,4627,0.973032227540284,4702,4.702,3,1.238811654498274,3947.333621165463
ag,50,1.3884353759675538,0.9032216185903572,1388.435375967554,1343,1343,2686,1.0338312553742024,1680,1.68,3,0.7800009969985768,1558.534402286564
ag,50,1.952370756201165,1.2392211627210477,1952.370756201165,1981,1978,3959,0.9870428494444717,3361,3.361,3,1.1281222940334028,4433.619402341508
ag,50,1.2650416775318913,0.8462539361010651,1265.0416775318913,1296,1293,2589,0.9783771674647265,1534,1.534,3,0.7180379165529467,1723.3586072446776
ag,50,0.0,0.0,0.0,0,0,0,,0,0.0,3,0.0,0.0
ag,50,0.32588077382717484,0.21968249507697657,325.88077382717483,366,365,731,0.8928240378826707,79,0.079,3,0.28185243769336327,59.71120892706669
ag,50,2.2438291175307192,1.495239549581998,2243.829117530719,2241,2238,4479,1.002604610156711,4522,4.522,3,1.0867808647862676,3601.766808989823
ag,50,2.625214604863862,1.7187727025595336,2625.214604863862,2539,2536,5075,1.0351792605930055,5847,5.847,3,2.0772639921658946,5496.158628516573
ag,50,1.311709019349572,0.8557429461294287,1311.709019349572,1305,1305,2610,1.0051410109958405,1465,1.465,3,0.6778870624264774,1387.8725992652771
ag,50,1.234571572713727,0.8254941649413231,1234.571572713727,1339,1338,2677,0.9226992322225164,1449,1.449,3,1.0026443951046058,1184.6537049519072
ag,50,1.6270130171122836,1.1235576325683942,1627.0130171122837,1638,1635,3273,0.9951149951757087,2408,2.408,3,1.1356178183548897,3091.5191846297516
ag,50,1.705303465146269,1.0635870589684806,1705.303465146269,1625,1624,3249,1.0500637100654366,2417,2.417,3,0.8617802755553851,2627.536738115688
ag,50,2.981008385165888,1.8788971627219726,2981.0083851658883,2977,2972,5949,1.003031085183677,7438,7.438,3,2.3136344032485674,8287.85319969841
ag,50,0.0,0.0,0.0,0,0,0,,0,0.0,3,0.0,0.0
ag,50,1.338057263009911,0.8737976505507258,1338.057263009911,1344,1343,2687,0.9963196299403655,1651,1.651,3,0.7758195091756136,1485.4710849548608
ag,50,1.0119486610013253,0.7064170735356033,1011.9486610013253,991,990,1981,1.0221703646478033,834,0.834,3,0.621041475600672,998.5050131673232
ag,50,2.58191990896395,1.713459534316412,2581.91990896395,2599,2595,5194,0.9949595024909249,5987,5.987,3,2.3691834042109656,5932.60244147094
ag,50,1.319496555315243,0.8836399113786895,1319.4965553152429,1364,1362,2726,0.9687933592622928,1542,1.542,3,0.9523236504531986,1433.3101591018344
ag,50,2.5193953437033625,1.6214947434857128,2519.3953437033624,2591,2590,5181,0.9727395149433832,5553,5.553,3,1.6542366980869994,4183.191862954012
ag,50,2.2372401674463287,1.4305252942440938,2237.2401674463285,2234,2232,4466,1.0023477452716525,4594,4.594,3,1.36263119779707,3528.224184870897
ag,50,2.9700707244562605,1.961686466981384,2970.0707244562605,2860,2857,5717,1.039576732396311,7471,7.471,3,1.671318207549432,9586.20522345953
ag,50,1.2869779308932887,0.8610972047946649,1286.9779308932887,1329,1328,2657,0.9691098877208499,1611,1.611,3,0.8614090504613372,1761.1775872634432
ag,50,1.5836673165681094,1.0690299838389798,1583.6673165681095,1603,1600,3203,0.9897920728550684,2300,2.3,3,1.3510104670631973,2740.675103191394
ag,50,2.293888691199114,1.4784821769886347,2293.888691199114,2298,2297,4595,0.9986454902912991,4609,4.609,3,2.0463953079627824,4507.360324820285
ag,50,0.0,0.0,0.0,0,0,0,,0,0.0,3,0.0,0.0
ag,50,1.9913992311869044,1.2726029837923685,1991.3992311869044,1984,1981,3965,1.005249485707675,3719,3.719,3,1.4238003004605635,4169.205164550061
ag,50,0.32980385155418196,0.22103327105420909,329.80385155418196,346,346,692,0.9531903224109305,58,0.058,3,0.283267905081662,59.246035006989665
ag,50,1.2782088258694109,0.8560240638440668,1278.208825869411,1287,1284,2571,0.9954897397736845,1456,1.456,3,0.6026743206664017,1437.3280092048906
ag,50,0.32200228353593746,0.21831681293357919,322.00228353593747,330,330,660,0.9757644955634469,71,0.071,3,0.22133433340441294,51.99017120917559
ag,50,0.9586920003781069,0.6516480822046781,958.6920003781069,999,998,1997,0.9606132268317704,790,0.79,3,0.4205712843820831,723.0356591512412
ag,50,0.9358106618233183,0.6291816487890282,935.8106618233182,978,977,1955,0.9578410049368662,745,0.745,3,0.5365471928654147,771.2831376816036
ag,50,1.5746450445373374,1.103719548655264,1574.6450445373375,1622,1620,3242,0.9720031139119367,2226,2.226,3,1.0382674327991517,2476.8592594826673
ag,50,1.343514553366357,0.8738284014905235,1343.514553366357,1319,1317,2636,1.0201325386228983,1547,1.547,3,0.8825539265232901,1718.181275478132
ag,50,1.2495982314603493,0.8131269306972838,1249.5982314603493,1314,1312,2626,0.9524376764179492,1451,1.451,3,0.7111228254578555,926.3725239654377
ag,50,0.0,0.0,0.0,0,0,0,,0,0.0,3,0.0,0.0
ag,50,1.941121552895296,1.2398271863095807,1941.1215528952962,1910,1909,3819,1.0168263765821353,3175,3.175,3,1.263346978599356,2951.2221781670173
ag,50,1.9733797739843275,1.2784868277384873,1973.3797739843276,1946,1944,3890,1.0151130524610739,3372,3.372,3,1.459215869581452,2337.388924242915
ag,50,1.9033029764552758,1.2636257021070825,1903.3029764552757,1893,1890,3783,1.0070386118810983,3097,3.097,3,1.7329969988039249,4137.870956124516
ag,50,2.0222017139237787,1.3198058035072693,2022.2017139237785,1979,1978,3957,1.0223466703355806,3639,3.639,3,0.996949060801103,2717.4600872949736
ag,50,0.9579303548851915,0.6745134289260373,957.9303548851915,1019,1019,2038,0.94006904306692,783,0.783,3,0.7372065712085801,936.0543019658453
ag,50,1.9243884190684344,1.313727848791333,1924.3884190684344,1981,1977,3958,0.97338817352981,3409,3.409,3,1.4220131481549483,2527.7707102737168
ag,50,1.6478150793284336,1.1926629632705426,1647.8150793284337,1646,1646,3292,1.0011027213416972,2361,2.361,3,1.2990638431658983,2146.104413577117
ag,50,2.2754241796984718,1.4195451776721921,2275.4241796984716,2324,2323,4647,0.979519664097491,4742,4.742,3,1.4740750758266352,5295.5511065533165
ag,50,1.3008428513622252,0.8691452285595067,1300.8428513622252,1334,1333,2667,0.975876107548556,1503,1.503,3,0.8131045730864979,1714.0449432977828
ag,50,1.9986097258527693,1.3553121527476628,1998.6097258527693,1935,1933,3868,1.0339419171509412,3414,3.414,3,1.1303496755213212,3069.529090072375
ag,50,1.019193820217907,0.66293844533771,1019.193820217907,984,983,1967,1.036819756071116,825,0.825,3,0.6339470591846891,732.1526151246163
ag,50,0.685446781505536,0.4556823169708183,685.4467815055359,679,677,1356,1.012476782135208,319,0.319,3,0.46821871780163205,282.40440148741334
ag,50,1.6385300785124088,1.1171733000018416,1638.5300785124089,1584,1583,3167,1.0350790135896455,2323,2.323,3,1.01624103758904,2096.562868704371
ag,50,1.6595119004456491,1.0033187223904252,1659.5119004456492,1652,1651,3303,1.0051556029349784,2410,2.41,3,1.1405869880389403,2478.5146202101764
ag,50,1.9633873232753303,1.2631540033647615,1963.3873232753303,1931,1929,3860,1.017826502475547,3322,3.322,3,1.3048059250425816,2985.5804692199677
ag,50,2.2742420165623165,1.5052733714473814,2274.2420165623166,2294,2291,4585,0.992685297495555,4872,4.872,3,1.1038952423727368,5571.995824124077
ag,50,1.6349463547246563,1.0942364848590538,1634.9463547246564,1603,1600,3203,1.0218414717029103,2233,2.233,3,1.1761835425882565,2203.231256955908
ag,50,1.6929101629510446,1.033176604131356,1692.9101629510446,1638,1635,3273,1.0354190599088957,2366,2.366,3,1.4846287506880558,2689.002486003643
ag,50,1.9540610461455956,1.2810755431203642,1954.0610461455956,1962,1962,3924,0.9959536422760426,3192,3.192,3,0.9593119421046239,2797.9749015932243
ag,50,1.9120652660373585,1.245340180767786,1912.0652660373585,1962,1960,3922,0.9755435030802849,3362,3.362,3,1.2454675308034628,3443.090508182886
ag,50,0.9497364455923558,0.6744408707638315,949.7364455923558,1011,1010,2021,0.940333114447877,757,0.757,3,0.7081312495567728,779.2649464130454
ag,50,1.6428085485961175,1.094765338145022,1642.8085485961174,1674,1673,3347,0.9819537050783727,2338,2.338,3,0.9048017386862672,2354.79310249728
ag,50,1.6787544242647852,1.100591205425818,1678.7544242647853,1659,1657,3316,1.0131288016081987,2404,2.404,3,0.8969851502308429,2107.84659901167
ag,50,2.928790386417193,2.130319777336963,2928.790386417193,2899,2896,5795,1.011322647243506,7410,7.41,3,2.085443240873025,7092.0746147947575
ag,50,0.9817165356643982,0.6171378043093084,981.7165356643982,1001,999,2000,0.9826992348992974,848,0.848,3,0.8013568432348482,1026.2149433895172
ag,50,1.3343224672795422,0.9205554686903167,1334.3224672795423,1314,1312,2626,1.0170140756703827,1640,1.64,3,0.7398276293002681,1557.8582446734083
ag,50,3.226046312718975,2.2024411301448055,3226.046312718975,3209,3205,6414,1.0065667122368096,9255,9.255,3,1.8630945007682227,10252.767762266558
ag,50,1.5707792635975018,1.0753802493789184,1570.7792635975018,1627,1627,3254,0.9654451527950226,2273,2.273,3,0.9639968254688489,2279.8852611466045
ag,50,0.9873058181702279,0.6369356896938733,987.3058181702279,980,979,1959,1.008483981787771,773,0.773,3,0.4727119565669138,784.5668530875921
ag,50,0.9895803997283346,0.6691621279815596,989.5803997283346,996,995,1991,0.9945531655561152,855,0.855,3,0.6762270223525664,798.955014941025
ag,50,0.9642670032668991,0.6622511537316097,964.2670032668991,1008,1008,2016,0.9566140905425586,863,0.863,3,0.7228405033980072,774.6880272952196
ag,50,2.46461164824359,1.6788825724145722,2464.61164824359,2549,2545,5094,0.9684132213137878,5628,5.628,3,2.086362633940569,7287.67457581743
ag,50,1.6556251038901495,1.0909223622843134,1655.6251038901496,1638,1637,3275,1.0113775833171348,2302,2.302,3,1.1800903083908105,2125.2976842807516
ag,50,1.9709892640528952,1.344826215714359,1970.9892640528951,1936,1935,3871,1.0185991028697132,3419,3.419,3,1.049848917462889,3189.8803828901505
ag,50,1.9642320901862742,1.3104125155166801,1964.2320901862743,1961,1959,3920,1.0026707964197419,3373,3.373,3,1.4246955442459504,3408.253112022208
ag,50,1.97506842573426,1.2089845693901655,1975.0684257342598,1968,1966,3934,1.0046126275352287,3441,3.441,3,1.0411083119634432,3766.8042977027903
ag,50,1.2918971735167302,0.9005533452170523,1291.8971735167302,1320,1318,2638,0.9801951240642869,1469,1.469,3,1.1162945358669005,1732.0088191561927
ag,50,0.667271254816017,0.4435635198869041,667.2712548160171,680,678,1358,0.9841758920590222,342,0.342,3,0.48904653473762233,331.50524229248083
ag,50,1.635104292798223,1.0614281529669858,1635.1042927982228,1700,1697,3397,0.9635263952847511,2525,2.525,3,1.3319780989838463,1713.063498932381
ag,50,1.6554614394425904,1.0792384234334376,1655.4614394425903,1641,1640,3281,1.0094277069771893,2359,2.359,3,0.9380847916176173,2171.749875137069
ag,50,1.5582592381212907,1.0216510191825117,1558.2592381212908,1604,1604,3208,0.9714833155369643,2313,2.313,3,1.0327900466533158,1570.3931501979666
ag,50,1.0250734215690023,0.6703229164719313,1025.0734215690022,986,985,1971,1.0406836767197991,865,0.865,3,0.8529031587355147,1094.7672843109601
ag,50,1.6205784422125356,1.107037978873016,1620.5784422125355,1631,1630,3261,0.9942199031978746,2526,2.526,3,1.2271829307217712,2483.318698727601
ag,50,2.2998667288219643,1.493962374714996,2299.8667288219644,2299,2298,4597,1.0008123275987661,4559,4.559,3,1.7488181511410332,5100.131601762154
ag,50,2.2644221493959096,1.501815723756824,2264.4221493959094,2262,2260,4522,1.0019567032725263,4521,4.521,3,1.377659327128817,5215.020617373161
ag,50,1.721690649220061,1.1189579326233055,1721.690649220061,1638,1635,3273,1.0530218038043186,2602,2.602,3,1.0762336301511062,2653.092394681113
ag,50,1.9348600208278381,1.340759098673853,1934.860020827838,2007,2007,4014,0.9640558150612049,3265,3.265,3,1.3823585947309165,3523.791495041284
ag,50,1.2497904206072803,0.8245795832951296,1249.7904206072803,1276,1276,2552,0.9794595772784329,1413,1.413,3,0.9479537044433499,1631.6894805875884
ag,50,3.190912821944419,2.0485756652704703,3190.912821944419,3205,3201,6406,0.9968487416258729,8885,8.885,3,2.3732288680273372,9292.421877442242
ag,50,2.9230579657248073,1.932681529534416,2923.057965724807,2933,2931,5864,0.9972903328982624,7812,7.812,3,1.6612771574707146,6782.404962815487
ag,50,3.491084747610329,2.40886600076518,3491.084747610329,3505,3497,7002,0.9983084780126763,10445,10.445,3,2.2228644012102667,11216.652796653536
ag,50,1.9091219645769573,1.2144714616012267,1909.1219645769572,1973,1972,3945,0.9681145864994712,3288,3.288,3,1.2325794374766024,2707.5701081764364
ag,50,1.3873989957954826,0.8464357712061885,1387.3989957954827,1334,1334,2668,1.0400292322304967,1646,1.646,3,0.871125348050024,1912.962937559279
ag,50,1.9135307623770987,1.365167008908848,1913.5307623770987,1947,1945,3892,0.9838204433815417,3305,3.305,3,1.4525961321070568,3086.647908121431
ag,50,1.2890410887108645,0.8912611859501355,1289.0410887108646,1310,1310,2620,0.9840008310769959,1478,1.478,3,0.8680598217990031,1409.1001051390137
ag,50,1.9279839264500291,1.2863852691885276,1927.9839264500292,1901,1901,3802,1.014194595712798,3167,3.167,3,1.207317459930669,3180.7254883383243
ag,50,0.9573230507603713,0.655097793749748,957.3230507603713,963,962,1925,0.9951383064037124,748,0.748,3,0.7647754780498633,488.18043402210026
ag,50,1.9819521024022149,1.250797817364948,1981.952102402215,2011,2007,4018,0.9875197321386223,3348,3.348,3,1.1203479724581291,3784.267049253826
ag,50,2.626165403263742,1.7074567816341923,2626.1654032637416,2620,2617,5237,1.0035022557370048,6073,6.073,3,1.638325155713221,6863.580440872262
ag,50,2.0135359152698813,1.312247181910273,2013.5359152698811,1933,1930,3863,1.0432828576527882,3472,3.472,3,1.3393491009108025,3723.731642243905
ag,50,2.3239745825546705,1.4830184946910716,2323.9745825546706,2257,2255,4512,1.0305873980286788,4515,4.515,3,1.574222481142417,5196.588727381409
ag,50,0.6711222105823319,0.45168392109115,671.122210582332,671,670,1341,1.0016749411676595,351,0.351,3,0.45548541894053446,462.3475607666772
ag,50,2.389362957500125,1.5933657137253407,2389.362957500125,2282,2280,4562,1.0479662094298794,5041,5.041,3,1.2288498179616634,5515.78098093454
ag,50,1.9185860494923181,1.2853042574312434,1918.5860494923181,1984,1982,3966,0.9680050703795753,3290,3.29,3,1.0320469037987021,3174.2488622996075
ag,50,0.9634674954630741,0.6796242036997059,963.4674954630741,979,978,1957,0.9851405884080512,849,0.849,3,0.6564779824367515,924.0449721494731
ag,50,1.5947242779909838,1.1243110782267431,1594.7242779909839,1646,1643,3289,0.970617332922084,2272,2.272,3,1.1457847155692922,1635.3893468359577
ag,50,1.304466180787676,0.8278086367123294,1304.466180787676,1274,1273,2547,1.024718131019384,1411,1.411,3,0.8399704046425833,1528.6035815549465
ag,50,2.527616743596612,1.7468552361480811,2527.6167435966117,2592,2588,5180,0.9766679843881807,5921,5.921,3,1.522883156877383,5091.295491727472
ag,50,2.5550033372830647,1.6164185372974935,2555.003337283065,2569,2567,5136,0.9953265825021679,5640,5.64,3,1.7672382125320656,5841.657327839667
ag,50,1.6755753935071271,1.0493202482502921,1675.575393507127,1641,1640,3281,1.0216923131141018,2342,2.342,3,1.2078228784419223,2577.942912311303
ag,50,0.32631737299297775,0.21983434507593955,326.31737299297777,307,307,614,1.0629230390650741,67,0.067,3,0.2201670466728243,71.63090428644782
ag,50,0.6605295882161663,0.4542767208494771,660.5295882161663,639,639,1278,1.0336926263163793,305,0.305,3,0.43333395995638163,335.25653503143013
ag,50,0.9353890610528859,0.6349588827979085,935.3890610528858,915,915,1830,1.022283126833755,639,0.639,3,0.7025302893799306,754.4092361146922
ag,50,2.273753506160044,1.4930737646623475,2273.753506160044,2275,2272,4547,1.0007717896831179,4579,4.579,3,1.6240975187259503,3985.342102305666
ag,50,0.9649014955462413,0.6670472660485244,964.9014955462412,996,995,1991,0.9697502467801419,890,0.89,3,0.8584457565522323,807.5112822735265
ag,50,1.5713485476365971,0.9977443252089239,1571.3485476365972,1589,1589,3178,0.9888914711369398,2166,2.166,3,0.919635097969792,2987.216135563384
ag,50,2.8856387841917193,1.9445956733800969,2885.6387841917194,2905,2904,5809,0.9936772672836499,7511,7.511,3,2.200293170319881,6752.064499041469
ag,50,0.9837244052107639,0.6723227847506753,983.7244052107638,962,961,1923,1.0236466235283703,840,0.84,3,0.5589911679258581,727.3431906762382
ag,50,1.6456665713306495,1.0744152089842987,1645.6665713306495,1648,1646,3294,0.9997974309420714,2415,2.415,3,1.239344702562976,2479.481402903802
ag,50,2.635748201018159,1.7837533452843533,2635.748201018159,2646,2641,5287,0.9980114354479965,6095,6.095,3,2.0749781837336387,6879.832291080376
ag,50,1.9667913353812159,1.2415264763388285,1966.791335381216,1941,1939,3880,1.0143328186597298,3277,3.277,3,1.5289097955812085,3326.1138878714487
ag,50,1.0025301674471445,0.648668729349975,1002.5301674471444,976,976,1952,1.0271825486138775,901,0.901,3,0.6554758445725908,748.4520654331524
ag,50,2.2816523286047854,1.5196269011488834,2281.6523286047855,2292,2291,4583,0.9959198291596619,4551,4.551,3,1.7198282484668725,4324.779873589668
ag,50,1.691240987376356,1.113937599001731,1691.240987376356,1669,1668,3337,1.0139334456692781,2331,2.331,3,1.5175155907748126,2578.879387739671
ag,50,0.348856574374531,0.22715566489019828,348.85657437453096,334,333,667,1.047617340464057,79,0.079,3,0.25065483989129933,83.26105187739513
ag,50,0.3162237311347154,0.21622628300195468,316.2237311347154,332,332,664,0.9524811178756488,50,0.05,3,0.27854680671719717,35.89499936127465
ag,50,0.9699473592606462,0.6597063243737741,969.9473592606462,964,963,1927,1.0072142879134436,770,0.77,3,0.6435033528795056,943.1001527684339
ag,50,0.9953965024870968,0.6525853858538986,995.3965024870968,978,977,1955,1.0188295828936507,846,0.846,3,0.5551937205892218,1076.10444951377
ag,50,2.8273243563128694,1.9002058752773938,2827.3243563128694,2898,2896,5794,0.9762860346384218,7065,7.065,3,1.805892762120032,6080.480864660457
ag,50,1.6042250050879552,1.1347109392477854,1604.2250050879552,1625,1624,3249,0.9878232789950463,2319,2.319,3,1.08840665501141,3138.352836081938
ag,50,2.3150746805955125,1.5996633079551998,2315.0746805955123,2290,2288,4578,1.0118333394211154,4747,4.747,3,1.7621328491957486,5845.1830150660435
ag,50,1.3176710298897194,0.8359673841054673,1317.6710298897194,1353,1352,2705,0.9746087499184315,1404,1.404,3,0.7733267170445398,1201.4374391683243
ag,50,1.2586788506964404,0.8665115110952185,1258.6788506964403,1329,1329,2658,0.94708717132915,1395,1.395,3,0.8341580509137021,1212.294542601125
ag,50,1.5911815240914333,1.0514570876078373,1591.1815240914334,1688,1687,3375,0.9432018518621419,2474,2.474,3,1.3157957142614665,2471.6938365612555
ag,50,2.5700993894168525,1.627343927994808,2570.0993894168523,2645,2642,5287,0.9727855372508903,5909,5.909,3,1.7627147984541855,5888.956655915155
ag,50,1.6853922884745394,1.0691130900931585,1685.3922884745393,1671,1668,3339,1.010427031459556,2210,2.21,3,1.0473916066885776,2560.134412561978
ag,50,1.9125430573674425,1.245698103708919,1912.5430573674425,1947,1945,3892,0.9833126258958573,3428,3.428,3,1.5223533005669103,3644.097982396725
ag,50,2.3116257692642392,1.413681600014087,2311.6257692642394,2262,2258,4520,1.0237492335094063,4618,4.618,3,1.283763172804201,4265.5915277810755
ag,50,1.9660675829929182,1.2545870828679573,1966.0675829929182,1953,1953,3906,1.00669103071834,3357,3.357,3,1.44119564785032,3033.2206347615997
ag,50,2.6108806655897694,1.690004950255031,2610.8806655897693,2573,2570,5143,1.0159068737703383,5927,5.927,3,1.519360397322562,7052.258798144802
ag,50,1.0145194108609663,0.6546796340253216,1014.5194108609662,991,990,1981,1.0247670816777437,807,0.807,3,0.8259460808916704,961.7131363697629
ag,50,1.2739136335071537,0.9199523157521396,1273.9136335071537,1312,1310,2622,0.9724531553489723,1554,1.554,3,0.9731341106750336,1391.765718053999
nag,50,0.959853972879607,0.802612503488307,959.853972879607,2936,2936,5872,0.32692574008161,2508,2.508,3,0.7449607775186857,2360.32472875479
nag,50,0.45345269137081734,0.3974959362497632,453.4526913708173,1354,1354,2708,0.3348985903772654,556,0.556,3,0.5225151445700251,556.7483093877635
nag,50,0.5744067638789198,0.49972543054212953,574.4067638789197,1732,1732,3464,0.3316436281056118,809,0.809,3,0.3726497149556266,796.6114641481656
nag,50,0.9518909873021723,0.8412046524484302,951.8909873021722,2917,2915,5832,0.3265492237743301,2506,2.506,3,1.0469887160212734,2792.660917554918
nag,50,0.9881894708229265,0.8153529669133113,988.1894708229265,2990,2989,5979,0.33060872225591387,2593,2.593,3,0.9030706533818136,2701.7527270531928
nag,50,0.8185274470908934,0.6772296201015306,818.5274470908935,2482,2482,4964,0.3297854339608757,1781,1.781,3,0.7001907931113548,1676.9263864548495
nag,50,0.4097722400648889,0.3496747318640405,409.7722400648889,1289,1288,2577,0.31814614911870254,408,0.408,3,0.3187934220129359,462.2745551134296
nag,50,0.7228320552597515,0.6162969577304634,722.8320552597514,2171,2171,4342,0.33294889694138713,1241,1.241,3,0.4178095095813777,1129.863091145668
nag,50,1.2652122685278977,1.0344302310252798,1265.2122685278978,3765,3764,7529,0.3361350341466253,4207,4.207,3,1.0572218897863725,4228.952339585411
nag,50,0.2805522879691829,0.24037277330262916,280.5522879691829,851,850,1701,0.3300615152578622,176,0.176,3,0.17895707789101153,172.87288116492022
nag,50,0.2937322317468536,0.25286303987635156,293.7322317468536,877,877,1754,0.3349284284456711,216,0.216,3,0.29429712232272803,181.2260933075168
nag,50,0.4164945542950831,0.3614741420667582,416.4945542950831,1260,1260,2520,0.33055123356752625,386,0.386,3,0.43676063160326933,440.1681884692898
nag,50,0.14111488342975034,0.12120147310435833,141.11488342975034,424,424,848,0.332818121296581,38,0.038,3,0.12612333773852663,38.66093495479239
nag,50,0.6891211062878874,0.6083653699464562,689.1211062878874,2119,2119,4238,0.32521052679938056,1338,1.338,3,0.6830305335363573,1035.5564315914696
nag,50,0.29209034359759484,0.25279712208447985,292.0903435975948,857,857,1714,0.3408288723425844,158,0.158,3,0.17211008385662904,141.42021647435323
nag,50,0.7251843265461742,0.6362599218973982,725.1843265461741,2109,2109,4218,0.34385221742350597,1445,1.445,3,0.7617406758050604,1333.452288522303
nag,50,1.27101221142461,1.0550151984850868,1271.01221142461,3782,3780,7562,0.33624661677899736,4316,4.316,3,1.1420868133892497,4539.7732200420105
nag,50,0.9903500899843607,0.8010562495738373,990.3500899843607,2945,2943,5888,0.3365103941503094,2670,2.67,3,0.6637254067995803,2821.471018271213
nag,50,1.5488363560629144,1.2857837268651269,1548.8363560629143,4618,4617,9235,0.3354637981509453,6784,6.784,3,1.5180640392401104,8567.469292062302
nag,50,0.39819691746581487,0.3498120639980382,398.19691746581486,1268,1268,2536,0.3140354238689392,415,0.415,3,0.34729724295184183,338.32631824922146
nag,50,1.1401421892522945,0.9585310573734765,1140.1421892522944,3429,3427,6856,0.3326939565953588,3467,3.467,3,1.208350540683551,3413.726311601891
nag,50,0.5811520680642418,0.4936013877913923,581.1520680642418,1756,1755,3511,0.3311407795237845,842,0.842,3,0.4625007539339853,1010.4498341289992
nag,50,0.2665390989207667,0.23351966034515897,266.5390989207667,842,842,1684,0.3165547493120745,142,0.142,3,0.2625550637428671,122.42872581031713
nag,50,0.8595839235984758,0.7152019451453336,859.5839235984758,2563,2562,5125,0.3355128507410132,1883,1.883,3,0.7860024818534885,2054.4323171602837
nag,50,0.8415283226289703,0.7335725365022415,841.5283226289703,2564,2564,5128,0.3282091741922661,1792,1.792,3,0.6826095030346533,1744.2981965736558
nag,50,0.9995247717685095,0.8271192837041638,999.5247717685095,3040,3039,6079,0.32889923388236575,2722,2.722,3,0.7665253822362591,2659.6222779311793
nag,50,0.2838549643966055,0.2459827769722407,283.8549643966055,840,840,1680,0.3379225766626256,202,0.202,3,0.25897766482709905,231.05905243256183
nag,50,1.2557809842628236,1.0478622021089894,1255.7809842628235,3838,3837,7675,0.32728198703748335,4564,4.564,3,1.1609416056814548,3976.8559945656857
nag,50,1.1020154807052707,0.9293495477297103,1102.0154807052706,3347,3344,6691,0.3295500839429637,3236,3.236,3,1.1162581575209782,4184.6138823784995
nag,50,0.8712866927839893,0.7114387918820068,871.2866927839893,2583,2583,5166,0.3373157927928724,1890,1.89,3,0.7492832827575221,2326.991782890397
nag,50,0.41602685012610563,0.3623915337645595,416.0268501261056,1242,1242,2484,0.33496525775048763,404,0.404,3,0.3870652481739033,408.6957839116161
nag,50,0.5428158223863885,0.48363273274768154,542.8158223863885,1690,1689,3379,0.32138296174445735,791,0.791,3,0.46760989715941914,764.0981744491291
nag,50,0.5734254827130858,0.48698157508720796,573.4254827130858,1723,1722,3445,0.3329996996010951,793,0.793,3,0.4567155595815147,822.5887152501019
nag,50,0.5486935061921241,0.49545598033163973,548.6935061921241,1671,1670,3341,0.3285589857437869,779,0.779,3,0.5770134307808675,713.7960250472449
nag,50,0.8488018351849786,0.7372964698325795,848.8018351849787,2603,2603,5206,0.3260859912351051,1864,1.864,3,0.6642691378282294,2319.365156495662
nag,50,0.6866597860420753,0.5944412464458658,686.6597860420753,2074,2074,4148,0.3310799354108367,1331,1.331,3,0.608445218465295,1292.8061339117853
nag,50,0.44302658070475376,0.3832863564826869,443.02658070475377,1279,1277,2556,0.34692762780325276,450,0.45,3,0.3178603238312602,419.49992995236477
nag,50,0.8670276661465635,0.7321107614596233,867.0276661465634,2515,2515,5030,0.3447426107938622,1863,1.863,3,0.6671470604740558,1774.4942641659484
nag,50,1.2770430347158381,1.1055426451651824,1277.043034715838,3864,3862,7726,0.3306688334323765,4417,4.417,3,1.4311197207680597,4364.510648291468
nag,50,0.42959023012612374,0.3703296618119158,429.59023012612374,1283,1283,2566,0.3348326033718813,400,0.4,3,0.36081867288986547,393.3218357098069
nag,50,0.970287782398886,0.8306285044591776,970.2877823988861,2853,2853,5706,0.3400938599365181,2511,2.511,3,0.8200481060832673,2304.0387624538375
nag,50,0.7084955240387185,0.5943105761726806,708.4955240387185,2107,2107,4214,0.3362579611004834,1346,1.346,3,0.47665737465813596,1299.62570456233
nag,50,0.3948181431325749,0.33428264565505095,394.8181431325749,1283,1283,2566,0.30773043112437637,429,0.429,3,0.38802590856102065,360.4453339322502
nag,50,0.8651825288899522,0.7389312502950525,865.1825288899522,2534,2532,5066,0.34169926101498904,2091,2.091,3,0.6659016608888672,2445.91622334783
nag,50,0.8453421442879987,0.7026467645510196,845.3421442879987,2550,2550,5100,0.3315067232501956,1946,1.946,3,0.667592883946905,2174.216824363293
nag,50,0.6900481528586159,0.6185403056063364,690.0481528586158,2057,2057,4114,0.33546337037365864,1363,1.363,3,0.6355116973088408,1467.6031108088578
nag,50,1.1542183930842178,1.0214847707037358,1154.2183930842177,3387,3386,6773,0.34087961993036553,3583,3.583,3,1.055413869750371,3038.3710605443107
nag,50,0.8310775919324171,0.7013254375997934,831.0775919324171,2526,2524,5050,0.3292700443472334,1863,1.863,3,0.7999655739084153,1988.8363955855377
nag,50,1.0104240269828153,0.8539423882285373,1010.4240269828153,2996,2995,5991,0.3373702928156312,2697,2.697,3,0.8331583919282831,2765.560679263238
nag,50,0.27283635821951635,0.23270385979484126,272.83635821951634,817,817,1634,0.3339490308684411,187,0.187,3,0.24163211391009343,188.26461703018913
nag,50,0.4286991184854463,0.3468967917647968,428.69911848544626,1254,1254,2508,0.3418653257459699,416,0.416,3,0.3755990374109888,325.90527465951016
nag,50,0.5601379591102607,0.4795292560137665,560.1379591102607,1685,1684,3369,0.332623491158112,813,0.813,3,0.5051923015682976,921.115588654911
nag,50,0.7371968363128859,0.6335501269956587,737.1968363128859,2174,2174,4348,0.3390969808246945,1487,1.487,3,0.672341303357843,1501.0230773481223
nag,50,0.7135943384299794,0.5995918831713986,713.5943384299794,2065,2064,4129,0.34573369109979624,1194,1.194,3,0.6473245640641963,1099.347458368319
nag,50,1.393034716634356,1.1508187998750963,1393.034716634356,4287,4285,8572,0.3250956164840971,5339,5.339,3,1.0449206122619854,7057.317878198425
nag,50,1.2756308640789653,1.0441783460264924,1275.6308640789653,3813,3812,7625,0.33463558868808113,4434,4.434,3,0.8104383918737291,3483.4059819998697
nag,50,0.6952448990700234,0.5722783276644945,695.2448990700234,2102,2101,4203,0.33091142268920676,1205,1.205,3,0.4567816269136669,1367.2963779866243
nag,50,0.42349958383882996,0.37000015982429885,423.49958383882995,1273,1273,2546,0.3326783847909112,443,0.443,3,0.3573044576728582,397.8549046499802
nag,50,0.722331352539731,0.6309480263975741,722.331352539731,2104,2104,4208,0.34331338048466303,1393,1.393,3,0.5675773447493979,1440.3827985638598
nag,50,0.7055020904394153,0.6000519451418941,705.5020904394153,2116,2114,4230,0.33372851960237243,1270,1.27,3,0.5241246607352472,1201.9456689197461
nag,50,0.7131864736063215,0.6187539187763845,713.1864736063214,2167,2166,4333,0.32926429991058237,1279,1.279,3,0.7039320374117977,1424.4029630352745
nag,50,0.5720805076457446,0.49354959252347874,572.0805076457445,1704,1703,3407,0.33592513660936263,969,0.969,3,0.5301997529245267,1029.7624437852928
nag,50,0.84930530323623,0.7279193774342965,849.30530323623,2563,2562,5125,0.3315008989993091,2045,2.045,3,0.9271471722262243,2234.268754159808
nag,50,0.4327802757818206,0.37645001518235227,432.7802757818206,1296,1296,2592,0.3339353979797998,457,0.457,3,0.47604402446527244,492.4346880378185
nag,50,0.962740675547929,0.7969750795632465,962.740675547929,2939,2936,5875,0.32790894943730553,2509,2.509,3,0.8337726629226707,2610.0373934327977
nag,50,0.6938021271664652,0.6003832854252846,693.8021271664652,2042,2041,4083,0.3399324483912127,1193,1.193,3,0.5795057511902837,1215.9722588907503
nag,50,0.44226202447885604,0.3784234291994702,442.26202447885606,1250,1250,2500,0.3538096195830849,463,0.463,3,0.3531117546425668,521.837402600605
nag,50,0.4411460238207972,0.3808843001943893,441.1460238207972,1302,1302,2604,0.3388218308915493,482,0.482,3,0.3444560838439937,486.4787194658552
nag,50,0.7978308899245317,0.654523855777516,797.8308899245317,2466,2466,4932,0.3235323965630704,1774,1.774,3,0.6009921768941064,2299.5127887370895
nag,50,0.8468400947569783,0.7199002035632049,846.8400947569783,2504,2504,5008,0.33819492602115747,1761,1.761,3,0.6730371695827364,1804.2014151784977
nag,50,0.7152824336445242,0.61062350730218,715.2824336445242,2142,2142,4284,0.3339320418508516,1296,1.296,3,0.5799005234480015,1577.8177510273765
nag,50,1.2704974539487537,1.0561808163811541,1270.4974539487537,3869,3867,7736,0.32854860458979923,4387,4.387,3,1.140831945200188,4789.760324217472
nag,50,0.5898277967321077,0.4766861208540598,589.8277967321077,1739,1737,3476,0.3395669526379434,884,0.884,3,0.559020613691326,647.0075230921491
nag,50,0.7156693170244615,0.5985694964666518,715.6693170244614,2111,2111,4222,0.33901909854308926,1337,1.337,3,0.5921803944274806,1483.5255568537063
nag,50,0.7028947096369139,0.6053320405907716,702.894709636914,2138,2137,4275,0.32891656978798034,1331,1.331,3,0.4418877027300362,1461.434336891985
nag,50,0.28966322483978046,0.2456304963175359,289.66322483978047,833,833,1666,0.34773496379325386,163,0.163,3,0.25724385363119645,171.9402255428844
nag,50,0.45565446172404334,0.3914887196014317,455.65446172404336,1335,1335,2670,0.34131420353860925,486,0.486,3,0.4148024010270087,477.24429974691515
nag,50,0.0,0.0,0.0,0,0,0,,0,0.0,3,0.0,0.0
nag,50,0.717420702261079,0.6043199143899789,717.420702261079,2138,2137,4275,0.3357139458404675,1288,1.288,3,0.6724525100876421,1548.9143299698949
nag,50,0.739785705634432,0.6140162497188462,739.785705634432,2133,2132,4265,0.3469914191531107,1406,1.406,3,0.8880412917807996,1303.4050616268619
nag,50,0.7201943370251369,0.610808833326241,720.1943370251369,2074,2073,4147,0.34741646745062077,1335,1.335,3,0.640817085659102,1351.8123707098123
nag,50,0.9891901335484616,0.8298677033189608,989.1901335484616,2991,2991,5982,0.3307222111496027,2617,2.617,3,0.8791196303071737,1843.872902997992
nag,50,0.8427482451049325,0.718924757057055,842.7482451049325,2475,2474,4949,0.34064197457757983,1871,1.871,3,0.6331291054030849,2169.1735786185577
nag,50,0.7296904672650877,0.6066876025649661,729.6904672650877,2151,2150,4301,0.3393909150070175,1405,1.405,3,0.6266199352236845,1494.110163404588
nag,50,1.1319086683389077,0.9626359974115477,1131.9086683389078,3416,3415,6831,0.33145202586790856,3495,3.495,3,1.0750707788762293,3463.7212135176414
nag,50,0.5689492350333507,0.48357600770704906,568.9492350333508,1767,1766,3533,0.32216830975840927,803,0.803,3,0.44914289339041436,808.1231675715502
nag,50,0.8547044090092453,0.7233650305774076,854.7044090092453,2545,2545,5090,0.33583670295058754,1951,1.951,3,0.7992710940577982,1986.133548503901
nag,50,0.5683805390943436,0.47388948870821485,568.3805390943436,1740,1738,3478,0.32703138037649226,866,0.866,3,0.6471752482027846,944.7105082122205
nag,50,0.8611914043903046,0.7510355367425762,861.1914043903046,2542,2541,5083,0.33891830160972236,1963,1.963,3,0.7871670628147843,1906.984311187115
nag,50,0.7359378246944207,0.6182181248509032,735.9378246944207,2161,2160,4321,0.3407119558770466,1354,1.354,3,0.6800322896975438,951.9392681290187
nag,50,0.705190314387782,0.6154727652951301,705.190314387782,2194,2193,4387,0.3215642108471418,1354,1.354,3,0.641416981482462,1766.6725888368474
nag,50,0.42632170952513493,0.3571922525279444,426.3217095251349,1291,1290,2581,0.33048194536832165,501,0.501,3,0.3803376732007764,487.2580691732447
nag,50,0.7114535165049393,0.593216585917954,711.4535165049392,2157,2157,4314,0.32983473180572054,1285,1.285,3,0.5737314719485953,1378.0614180590942
nag,50,0.5684207302451569,0.47811016172990667,568.420730245157,1726,1726,3452,0.3293283489253517,851,0.851,3,0.37942579429598616,907.4253785195998
nag,50,0.9649394549489441,0.8187022759523855,964.9394549489441,2894,2892,5786,0.33365817944292675,2643,2.643,3,0.8797637162547826,2846.716625322679
nag,50,0.5721261893073104,0.4879250332705209,572.1261893073104,1733,1732,3465,0.33032689913817,849,0.849,3,0.5143769635508952,885.0930543147368
nag,50,0.9945098182608947,0.8066181654314173,994.5098182608947,2984,2983,5967,0.33339249690274714,2601,2.601,3,0.8334272015095459,2830.846755953363
nag,50,0.7034082986550987,0.607857287141474,703.4082986550986,2149,2149,4298,0.3273188918823167,1426,1.426,3,0.7175399977922179,1306.549510005139
nag,50,0.9928713603966283,0.8439074546838515,992.8713603966282,2996,2995,5991,0.3315096361925303,2563,2.563,3,0.825766286568095,2339.7112593429624
nag,50,0.7264458096589727,0.6435793061072936,726.4458096589726,2155,2155,4310,0.3370978235076439,1447,1.447,3,0.7732324466351075,1632.640237277833
nag,50,0.6793141850965212,0.5712859997866839,679.3141850965212,2073,2073,4146,0.32769618190859684,1154,1.154,3,0.6780323321516393,1354.2806518617563
nag,50,0.5727358247723648,0.4956393176149959,572.7358247723648,1706,1706,3412,0.33571853738122204,939,0.939,3,0.5588109803029526,783.0658822611342
nag,50,0.5963461542916532,0.5069732108253068,596.3461542916532,1756,1756,3512,0.339604871464495,908,0.908,3,0.5018119627744017,990.3404070541582
nag,50,0.710089644288877,0.5897489619352501,710.089644288877,2106,2104,4210,0.33749507808406704,1233,1.233,3,0.49070933455325205,1101.1949815999938
nag,50,0.850531935303353,0.7286552654359989,850.5319353033531,2605,2603,5208,0.32675064744654364,2045,2.045,3,0.5487145609374268,2064.470337063135
nag,50,0.4416338817501611,0.3740871338374968,441.6338817501611,1312,1311,2623,0.3368679494661793,455,0.455,3,0.31239832945660084,472.4376696403654
nag,50,1.1056977329351145,0.941623308742247,1105.6977329351146,3373,3371,6744,0.3280028872545579,3394,3.394,3,0.9585687169976403,4369.072571846058
nag,50,0.58250741479514,0.5038183991414518,582.50741479514,1675,1675,3350,0.34776562077321793,868,0.868,3,0.5837875171016929,910.5504997985342
nag,50,0.5678873724492268,0.5040553078678496,567.8873724492269,1685,1685,3370,0.3370251468541406,793,0.793,3,0.42329586081019716,1036.392975003976
nag,50,0.8421639169480984,0.7252924755765218,842.1639169480984,2525,2525,5050,0.33353026413786074,1850,1.85,3,0.6913116552683579,2280.53968338813
nag,50,0.9699489204422731,0.8119661779885105,969.9489204422731,2895,2894,5789,0.335158576517717,2528,2.528,3,0.665648515274684,2542.860176656758
nag,50,0.29103694017469267,0.2450100765116343,291.0369401746927,877,877,1754,0.3318551199255333,207,0.207,3,0.26326940900581913,205.05300287746084
nag,50,0.7088450651965923,0.6139371309501468,708.8450651965923,2103,2103,4206,0.33706374949909285,1286,1.286,3,0.5271853918542233,1268.4339044396759
nag,50,0.7161296501771747,0.610778068592158,716.1296501771747,2072,2070,4142,0.34595635274259645,1353,1.353,3,0.6590992375663993,1451.8832139116337
nag,50,0.8365584446948211,0.6796259676333082,836.5584446948211,2461,2460,4921,0.3400644084125289,1787,1.787,3,0.6330290374367274,2154.486643790707
nag,50,0.1215781383358548,0.10679689461464255,121.5781383358548,406,406,812,0.29945354269914976,32,0.032,3,0.11953521125045163,26.968284114475207
nag,50,0.0,0.0,0.0,0,0,0,,0,0.0,3,0.0,0.0
nag,50,0.5429986992669183,0.45918770173292417,542.9986992669184,1683,1683,3366,0.32263737330179343,764,0.764,3,0.4688563578465507,568.0162502489525
nag,50,0.7096403354830354,0.5972205209434405,709.6403354830354,2143,2143,4286,0.33114341366450556,1316,1.316,3,0.46032654189242345,1155.6342578592134
nag,50,0.443716878301776,0.3632158103577966,443.716878301776,1247,1245,2492,0.35639909903757105,439,0.439,3,0.38201733387298076,439.3570820964347
nag,50,0.4149722909470224,0.3545060065274682,414.97229094702243,1297,1297,2594,0.3199477956414976,419,0.419,3,0.29158028063752917,361.254647411359
nag,50,0.3000842405117514,0.255972228630868,300.08424051175143,862,861,1723,0.34852989606475193,200,0.2,3,0.257693603749458,184.53791973608602
nag,50,0.827481105927659,0.7009196006933719,827.481105927659,2431,2430,4861,0.3405272040854564,1834,1.834,3,0.8094990043652008,1784.7584068994852
nag,50,0.9658051572283471,0.8428344860470449,965.8051572283472,2952,2952,5904,0.3271697687087897,2412,2.412,3,0.7747543186757406,2093.386284637468
nag,50,0.7069142042259218,0.5983360438162136,706.9142042259218,2135,2134,4269,0.3312625136953711,1304,1.304,3,0.6747380035240873,1055.7495496796496
nag,50,0.5585962542645527,0.4820696153249063,558.5962542645527,1703,1703,3406,0.32800719569263226,855,0.855,3,0.5302533862106207,730.2543707765117
nag,50,1.1213378984128635,0.9426130086024744,1121.3378984128635,3397,3395,6792,0.3302909862777212,3231,3.231,3,0.9517538590257154,3054.5448896393086
nag,50,1.3696602086551861,1.1742834601664347,1369.6602086551861,4189,4185,8374,0.32727842500721294,5190,5.19,3,1.0941289583356149,4928.980979563888
nag,50,0.8351402165480679,0.7245962184717656,835.1402165480679,2555,2555,5110,0.32686505540041794,1905,1.905,3,0.7088271864226416,1852.6838669706126
nag,50,0.999026966529959,0.8659857806616499,999.026966529959,2960,2958,5918,0.3377373112001214,2594,2.594,3,0.9844461627282488,3078.4490684889975
nag,50,0.4118854429848904,0.3530489461751085,411.8854429848904,1240,1240,2480,0.3321656798265245,418,0.418,3,0.3138391990275833,444.66349398037823
nag,50,0.8179409100525481,0.7243546776936458,817.9409100525481,2466,2465,4931,0.3318218702038735,1785,1.785,3,0.8431700956755225,1844.2738793457463
nag,50,0.5660904325084702,0.48331749777517363,566.0904325084703,1703,1702,3405,0.332603074329301,859,0.859,3,0.44714764445332833,1019.3958719150081
nag,50,0.6798372996825169,0.5903735939383097,679.8372996825169,2101,2101,4202,0.32357796272371103,1242,1.242,3,0.5285442911308907,1184.4106057970314
nag,50,0.81835108342789,0.7031872616314316,818.35108342789,2500,2498,4998,0.32760251538346274,1719,1.719,3,0.6785369064199063,1321.9060092767554
nag,50,0.5578982683667032,0.4781589430595411,557.8982683667032,1692,1692,3384,0.32972710896377255,839,0.839,3,0.4475177512122548,850.0527931796921
nag,50,0.9768790856480796,0.8516659776563715,976.8790856480796,2967,2966,5933,0.32935909833043814,2600,2.6,3,0.7510485122452142,2360.34139937927
nag,50,0.5482174422638189,0.46768112705709797,548.2174422638188,1695,1694,3389,0.323623047381239,789,0.789,3,0.34177009645125556,836.731195477653
nag,50,0.5272155211229362,0.46163797849929583,527.2155211229363,1631,1631,3262,0.3232467940667911,762,0.762,3,0.573410463951808,667.0695890887532
nag,50,0.9768991231819592,0.8304616604104544,976.8991231819591,2924,2923,5847,0.3342111266445293,2584,2.584,3,0.9434839053670322,2635.487450463115
nag,50,0.5794830207237587,0.48341886019492714,579.4830207237587,1715,1715,3430,0.3378909741829497,766,0.766,3,0.4324753572887013,779.9606260312635
nag,50,0.7266002473631374,0.6164426611047568,726.6002473631374,2155,2155,4310,0.3371694883355626,1321,1.321,3,0.6184223592123981,1329.1890281050364
nag,50,0.6898279959453103,0.5799959198810907,689.8279959453102,2092,2092,4184,0.3297456959585613,1299,1.299,3,0.5161470524239796,1395.58201115517
nag,50,0.28650740109911427,0.23929450429835245,286.50740109911425,898,898,1796,0.319050558016831,204,0.204,3,0.33931292790194534,192.1577507430228
nag,50,1.1111936874492898,0.9315230513867846,1111.1936874492899,3399,3398,6797,0.3270140339756592,3195,3.195,3,0.9023246076044529,3593.9553969631797
nag,50,0.6981528271404284,0.6043220589521413,698.1528271404284,2115,2114,4229,0.3302520468970806,1236,1.236,3,0.6633834611799048,1503.2816646016565
nag,50,0.28819271798067986,0.24461096551740974,288.19271798067984,864,864,1728,0.33355638655171277,186,0.186,3,0.21695270645447598,211.46183940489172
nag,50,0.9210993751441854,0.7570890097349241,921.0993751441854,2859,2859,5718,0.32217536731171226,2302,2.302,3,0.936135525906659,2091.6730584852903
nag,50,1.1425265561855638,0.9413520394286277,1142.5265561855638,3383,3380,6763,0.3380256083389242,3587,3.587,3,0.9362259205196028,4811.602072846828
nag,50,0.8395818017134682,0.6915895825345891,839.5818017134682,2581,2580,5161,0.32541930298971633,2031,2.031,3,0.7632415475981661,2118.409852881917
nag,50,0.7252730775935654,0.6178877988639908,725.2730775935654,2174,2172,4346,0.3339194648220835,1389,1.389,3,0.6962246532515235,1379.2440772034613
nag,50,1.022353453760634,0.8530267789541337,1022.353453760634,3047,3046,6093,0.33563803472115367,2733,2.733,3,0.7766883733599296,2823.922328536351
nag,50,0.5836674580400755,0.5048440664778965,583.6674580400754,1726,1725,3451,0.33835794668989877,802,0.802,3,0.5122403122903725,918.7225338265018
nag,50,0.39507454859678226,0.34108480919404055,395.0745485967823,1260,1260,2520,0.3135512290450653,393,0.393,3,0.3053128371388374,385.009348229707
nag,50,0.8561654221921651,0.7283415472677105,856.1654221921651,2601,2599,5200,0.3294210935714371,1999,1.999,3,0.7888700080100928,2281.1365439366105
nag,50,0.2660510880015533,0.22778558806358007,266.0510880015533,855,855,1710,0.31117086315971143,178,0.178,3,0.24236889779182771,209.215704156375
nag,50,0.8783481489978385,0.7251360397312808,878.3481489978385,2561,2561,5122,0.3429707727441775,1898,1.898,3,0.7184267094922518,2030.0271110933352
nag,50,0.7073290692706637,0.6033353629657706,707.3290692706637,2098,2097,4195,0.33730523093498505,1257,1.257,3,0.5462289769223341,1211.5727008752474
nag,50,0.8275848848746916,0.7137824535641991,827.5848848746916,2526,2524,5050,0.3278862459883881,1836,1.836,3,0.5206730434610036,1728.8108968024194
nag,50,1.1216010459849368,0.968956131010261,1121.6010459849367,3400,3400,6800,0.32988266058380494,3496,3.496,3,0.6761958001578764,3299.988253750926
nag,50,0.6747277547628259,0.5922399918159788,674.7277547628258,2037,2036,4073,0.3313987007675962,1204,1.204,3,0.6266160859904469,1230.6518264175704
nag,50,0.2664371297818598,0.23611688106507825,266.43712978185977,812,810,1622,0.3289347281257528,138,0.138,3,0.23966663951524472,151.8296381992228
nag,50,0.5505535639317618,0.4675668544954567,550.5535639317618,1716,1716,3432,0.3208354102166444,732,0.732,3,0.6217273079227539,727.6811424291025
nag,50,0.5932688162881395,0.48843876365051436,593.2688162881395,1728,1728,3456,0.34332686127785855,839,0.839,3,0.6206825483259705,905.3382047412441
nag,50,0.40843865124639034,0.35274144279469716,408.43865124639035,1318,1318,2636,0.3098927551186573,440,0.44,3,0.4089282791004245,560.4701103768547
nag,50,0.8429886092754694,0.7191330699897073,842.9886092754693,2478,2477,4955,0.34032644702279746,1973,1.973,3,0.6179260498645065,1756.133563680825
nag,50,0.4540946696074122,0.390823745322532,454.0946696074122,1315,1314,2629,0.34558194034049633,482,0.482,3,0.2860976004690957,421.9209042664995
nag,50,0.42631961079326763,0.37617226368724416,426.31961079326766,1281,1281,2562,0.33280219421800755,445,0.445,3,0.38913756426488216,505.4014316842965
nag,50,0.5763041999149124,0.5018946859787236,576.3041999149125,1689,1687,3376,0.3416148191552534,883,0.883,3,0.5520921777798281,688.4941556430575
nag,50,0.3016127508659422,0.2548255096236873,301.6127508659422,879,879,1758,0.3431316847166578,195,0.195,3,0.14821176479147527,191.0518134514803
nag,50,0.6983603789258871,0.5795126724714269,698.3603789258871,2114,2114,4228,0.33035022654961543,1283,1.283,3,0.6669601635338455,1388.4061330577954
nag,50,0.7136407202709214,0.6313677353079155,713.6407202709214,2144,2143,4287,0.33301013545073327,1372,1.372,3,0.543411482517502,1448.9064119256489
nag,50,0.8473439158227354,0.7011039064223856,847.3439158227354,2513,2513,5026,0.3371842084451792,1826,1.826,3,0.7052843707994473,1560.179678028231
nag,50,0.6957024971214544,0.5916475809699626,695.7024971214544,2093,2093,4186,0.3323948863456543,1177,1.177,3,0.4101435721960213,1296.4092854458752
nag,50,0.1484967526261674,0.12644546708565027,148.4967526261674,443,443,886,0.3352071165376239,38,0.038,3,0.15680584223747285,42.72771183083591
nag,50,0.2794440997523671,0.23559551694007091,279.4440997523671,873,873,1746,0.3200963341951513,159,0.159,3,0.21175946048628763,141.8651579954975
nag,50,0.9734417895294157,0.7957468321027014,973.4417895294157,2903,2903,5806,0.33532269704768025,2555,2.555,3,0.9030969482414886,2356.0528540132514
nag,50,0.9983655772568607,0.8639862796209163,998.3655772568607,2990,2990,5980,0.33390153085513735,2714,2.714,3,0.8516932973872993,2808.1841063887623
nag,50,0.7070540768225932,0.603415361896637,707.0540768225933,2151,2149,4300,0.3290153917275911,1369,1.369,3,0.607944620749324,1763.813886476805
nag,50,0.6709056696479564,0.5715791362874355,670.9056696479564,2053,2052,4105,0.32695208072512494,1269,1.269,3,0.4949594850273636,1308.281608734155
nag,50,0.4119583382248564,0.3490572914369646,411.9583382248564,1297,1297,2594,0.3176240078834668,464,0.464,3,0.24987288702413482,385.531692374631
nag,50,0.43776023497568917,0.3664717621664387,437.7602349756892,1341,1341,2682,0.3264431282443618,491,0.491,3,0.35196752913853907,594.4878649928219
nag,50,0.9882060723627981,0.8557713597829889,988.2060723627981,2922,2917,5839,0.3387747934051416,2557,2.557,3,0.798461007410303,2539.4645394599074
nag,50,0.6917645243989494,0.5715794421650241,691.7645243989494,2058,2057,4115,0.3362977755950167,1168,1.168,3,0.5859721217920847,881.2391302352613
nag,50,1.1408996019787987,0.9900323957803658,1140.8996019787987,3372,3371,6743,0.3384454470420643,3493,3.493,3,1.0869438732512764,4436.657496553215
nag,50,0.5389685739385893,0.4393546955821963,538.9685739385893,1699,1698,3397,0.3174137655704295,820,0.82,3,0.34060715407987285,1009.7428789643486
nag,50,0.6921589480921478,0.5785266619246747,692.1589480921479,2043,2043,4086,0.3387953735154909,1258,1.258,3,0.5096595629106224,1312.8707877108213
nag,50,0.7023691149338395,0.593108659748277,702.3691149338395,2104,2102,4206,0.3341432516336058,1319,1.319,3,0.8180977908637859,1384.6009612380008
nag,50,0.5497369144659286,0.46606722969231135,549.7369144659286,1643,1643,3286,0.334593374598861,790,0.79,3,0.39745336707581835,806.9807006290962
nag,50,0.2843253216071318,0.24453431395248243,284.3253216071318,895,894,1789,0.3180372724911989,196,0.196,3,0.24497701156032461,173.4139694485634
nag,50,0.29834818069635805,0.24867458115955499,298.34818069635804,898,898,1796,0.3322362813990624,197,0.197,3,0.19411554012180907,196.802722572765
nag,50,0.4166509142644147,0.34489340605068347,416.6509142644147,1249,1249,2498,0.333587601492726,459,0.459,3,0.2787763376215875,413.0011872065856
nag,50,0.5590155743632322,0.4819635368123117,559.0155743632322,1719,1717,3436,0.3255769215860409,837,0.837,3,0.6314130998151922,789.4833941075027
nag,50,0.5738631559045811,0.4865574352585583,573.8631559045812,1711,1711,3422,0.3353963506163537,833,0.833,3,0.5078803608580096,823.1759797188537
nag,50,0.717398273878649,0.5990000210308397,717.398273878649,2112,2110,4222,0.339999181933009,1333,1.333,3,0.7203455338241882,1358.001006889151
nag,50,0.27279113348912654,0.23487171222980385,272.79113348912654,822,820,1642,0.33267211401112995,175,0.175,3,0.23741273366984694,217.63209721874452
nag,50,0.8250236742441267,0.7065714557603614,825.0236742441267,2478,2477,4955,0.3330737481809151,1907,1.907,3,0.5126225332658935,1990.8632787125885
nag,50,0.9906284486246084,0.8335628151005092,990.6284486246084,2922,2921,5843,0.33914017412687725,2574,2.574,3,0.8015501483987427,2073.7274667209444
nag,50,0.2646886198776157,0.23359760309694058,264.68861987761574,833,833,1666,0.3177534452312314,179,0.179,3,0.2463478246384135,166.54222753209538
nag,50,0.44299081892599257,0.36765537823205086,442.9908189259926,1285,1285,2570,0.34473993690738725,450,0.45,3,0.3396667967067486,582.15490509305
nag,50,0.4006517603306429,0.3494692155071031,400.6517603306429,1257,1257,2514,0.3187364839543699,383,0.383,3,0.34415676240904025,414.2917935504528
nag,50,0.6980218337316537,0.5977682618281194,698.0218337316537,2126,2124,4250,0.3286355149395733,1364,1.364,3,0.4786892077548353,1347.979481205003
nag,50,0.8567903532465492,0.7242839223919213,856.7903532465492,2597,2596,5193,0.330042508954757,1850,1.85,3,0.8229130954432947,1204.4027413116896
nag,50,0.8599153717365218,0.7446600568949163,859.9153717365218,2544,2544,5088,0.3380170486385699,1971,1.971,3,0.7907059472993383,2073.987801296446
nag,50,0.446284568516838,0.37112514345837255,446.284568516838,1279,1279,2558,0.3489324226089429,403,0.403,3,0.35194621012411126,394.10669020332773
nag,50,0.6969959978908636,0.578655362587692,696.9959978908637,2078,2078,4156,0.33541674585700854,1280,1.28,3,0.5717865653263373,1009.7829262294282
nag,50,0.7112931230760757,0.5856225796128449,711.2931230760757,2170,2170,4340,0.3277848493438137,1351,1.351,3,0.6227086702545885,1431.8149793698856
nag,50,0.8481862225006105,0.7248241520890291,848.1862225006105,2532,2532,5064,0.3349866597553754,1887,1.887,3,0.6719116831872748,2227.560472635839
nag,50,0.8485000535089139,0.7152578826747379,848.5000535089139,2534,2533,5067,0.3349783077413793,1880,1.88,3,0.8862779994328289,1806.0015314258055
nag,50,1.2652651364089722,1.0783580783281785,1265.2651364089722,3793,3793,7586,0.3335789972077438,4257,4.257,3,1.3819504193378656,4912.656297163782
nag,50,1.129393075887852,0.9188671931065064,1129.393075887852,3384,3383,6767,0.33384365234639435,3465,3.465,3,0.7553723860213718,4060.707143011291
nag,50,0.5585731513179362,0.4945574016468308,558.5731513179362,1720,1719,3439,0.32494075120298793,818,0.818,3,0.3953440364529764,815.2127004848346
nag,50,0.7199370321160279,0.633562700790233,719.9370321160279,2179,2179,4358,0.33039790367876454,1344,1.344,3,0.6237886700664731,1371.9600577388971
nag,50,0.7020022958020936,0.6081905264309618,702.0022958020936,2159,2159,4318,0.3251515960176441,1326,1.326,3,0.6896329125067964,1524.2022654779498
nag,50,0.6994802455166567,0.5988130735052852,699.4802455166566,2112,2112,4224,0.3311932980665988,1285,1.285,3,0.5508519829624949,1367.5925152710802
nag,50,0.697096036800307,0.5961679291546268,697.0960368003069,2094,2094,4188,0.33290164126089156,1304,1.304,3,0.606607643724527,1331.1304474069357
nag,50,0.8635562664488178,0.7250550064594796,863.5562664488177,2557,2555,5112,0.33798679704454704,2038,2.038,3,0.7282700714744296,1910.5294184267805
nag,50,1.156043460082772,0.9535507688737437,1156.043460082772,3474,3473,6947,0.33286595453002366,3745,3.745,3,0.8531676410319733,4131.318135549494
nag,50,1.0027985014966767,0.8662961511219274,1002.7985014966766,3033,3032,6065,0.3307382920503551,2756,2.756,3,0.8019595941466438,2810.148953987516
nag,50,0.5684227762999956,0.4944334515767497,568.4227762999956,1717,1715,3432,0.3314418520699683,796,0.796,3,0.4444832516088663,771.0181938205232
nag,50,0.5987935874906559,0.49873309966302204,598.7935874906559,1778,1777,3555,0.33696881682085306,880,0.88,3,0.5435611648469474,1192.9942476528583
nag,50,0.5692813275743701,0.48621353501157205,569.2813275743702,1647,1647,3294,0.34564743629287803,840,0.84,3,0.48451821655454885,896.4591834112797
nag,50,0.14723618173541803,0.125557688523393,147.23618173541803,439,439,878,0.3353899356159864,31,0.031,3,0.11879548173694404,28.381750113356542
nag,50,0.9717714387951014,0.8164786827050787,971.7714387951014,2948,2946,5894,0.32986131663105955,2598,2.598,3,0.7274560622400265,2022.1720978680312
nag,50,0.8524728580711257,0.6990370479632256,852.4728580711258,2504,2503,5007,0.3405804466924194,1817,1.817,3,0.7286733452666252,1831.2153097800544
nag,50,0.4264348991774457,0.3554297722180083,426.4348991774457,1290,1289,2579,0.3308261436597717,500,0.5,3,0.3985885678841182,689.0693969360566
nag,50,0.8577229217854665,0.7177229373121816,857.7229217854665,2585,2583,5168,0.3320646232231771,2010,2.01,3,0.7649702844407182,2370.0592751013774
nag,50,0.7467476462047983,0.6295750548473387,746.7476462047982,2186,2186,4372,0.3416045957021035,1521,1.521,3,0.6096641274227229,1388.806112016985
nag,50,0.5565849791348582,0.4633890588982549,556.5849791348581,1707,1707,3414,0.3260603275541055,835,0.835,3,0.47736270191957153,949.9649190643385
nag,50,0.5698677865427783,0.4813304719895699,569.8677865427783,1735,1733,3468,0.3288331139889084,910,0.91,3,0.5774820105835298,733.5284914783028
nag,50,0.5496263836696449,0.4705241883750866,549.6263836696448,1658,1657,3315,0.33169968839447483,841,0.841,3,0.4530284073587079,905.5881051422705
nag,50,0.4096259853019753,0.3461704585168935,409.6259853019753,1304,1304,2608,0.3141303568266682,476,0.476,3,0.4314907555993528,458.43415055196385
nag,50,0.42412146112697635,0.354999993481228,424.1214611269763,1280,1279,2559,0.33160395709693224,474,0.474,3,0.333736069201872,509.8389994990148
nag,50,0.9715102280635818,0.8297266161156055,971.5102280635817,2931,2928,5859,0.3317999412785457,2406,2.406,3,0.7170594346484976,2239.0428402949105
nag,50,1.2576412284496308,1.0449766364051447,1257.6412284496307,3759,3758,7517,0.3346570591936218,4259,4.259,3,1.0594602960496,4142.670032252147
nag,50,0.13586181637552677,0.11740338322666943,135.8618163755268,408,408,816,0.33299464797923234,39,0.039,3,0.11018219042647875,29.666303443003983
nag,50,0.42252423508713854,0.35215204663650906,422.52423508713855,1265,1264,2529,0.33427550244235643,456,0.456,3,0.3119994975900934,472.8516239851859
nag,50,0.9797780252283299,0.8325627279991668,979.7780252283299,2951,2949,5900,0.3322407681343947,2671,2.671,3,1.012222191772767,2124.9193169945643
nag,50,1.282730851198955,1.0785349791446048,1282.730851198955,3768,3767,7535,0.3405178792670441,4233,4.233,3,0.7040124191426216,4593.386901893741
nag,50,0.9936025679533977,0.8321360917635247,993.6025679533977,2993,2993,5986,0.3319754654037413,2721,2.721,3,0.9265154399126395,2484.213469605414
nag,50,0.5459568771964688,0.4658223989493555,545.9568771964688,1677,1676,3353,0.32574992672820335,756,0.756,3,0.4237145612186215,654.1725865944252
nag,50,0.8373461446065269,0.7509322968542963,837.3461446065269,2502,2499,5001,0.3350724868373457,1922,1.922,3,0.675594280831049,1453.576359955077
nag,50,0.4187996532366622,0.35268367484157137,418.7996532366622,1271,1271,2542,0.3295040544741638,490,0.49,3,0.31528232856932364,620.3812604349346
nag,50,0.8477579910772022,0.7021203543758113,847.7579910772022,2550,2549,5099,0.3325845394575136,1874,1.874,3,0.668317428680887,1667.2406429235816
nag,50,0.8394996911243421,0.7179207705357046,839.4996911243421,2477,2476,4953,0.33905480255425774,1767,1.767,3,0.5994540465579629,1792.5260373170324
nag,50,0.6912528591110867,0.590017254260675,691.2528591110867,2076,2075,4151,0.333133908005343,1293,1.293,3,0.6835231359599668,1440.4319273777303
nag,50,0.4303882165494845,0.3658534748628341,430.3882165494845,1297,1296,2593,0.33208967326349115,477,0.477,3,0.28081070864945273,574.1756229589151
nag,50,0.5372531874925882,0.46143173464172205,537.2531874925883,1658,1658,3316,0.32403690439842475,795,0.795,3,0.5075718557760054,894.2555983362424
nag,50,0.8459948278549347,0.7296177678312074,845.9948278549348,2562,2561,5123,0.3303376914701034,1904,1.904,3,0.8140563345077669,1986.102568376081
nag,50,1.0331516092954605,0.881013385834631,1033.1516092954605,3078,3077,6155,0.3357658788740528,2791,2.791,3,0.810407734107728,2283.5381093121196
nag,50,0.4277161596272129,0.3630304513027245,427.7161596272129,1272,1271,2543,0.33651940175233114,442,0.442,3,0.3993329818472135,430.9540270997225
nag,50,0.5561802776747179,0.4741699266738539,556.1802776747179,1610,1610,3220,0.3454535886178372,760,0.76,3,0.3609889370707479,625.5040693735124
nag,50,0.8428129732279033,0.7262062158258096,842.8129732279033,2552,2551,5103,0.33038532858796676,1997,1.997,3,0.6899195315600507,2137.9698037306725
nag,50,0.560211125654411,0.4850476081956632,560.211125654411,1728,1728,3456,0.3241962532722286,778,0.778,3,0.5034279636927161,607.2855721221197
nag,50,0.9743146720714324,0.8442493982083917,974.3146720714324,2951,2950,5901,0.33027616002421434,2603,2.603,3,0.7348463652315078,3225.679292441193
nag,50,0.5587143661113824,0.49181358221548266,558.7143661113823,1678,1677,3355,0.33316300901096146,846,0.846,3,0.5726847739315046,1005.1866211726032
nag,50,0.8611035598112216,0.7539408470230795,861.1035598112215,2551,2551,5102,0.33755529588836597,2076,2.076,3,0.9282558295833904,2045.2230156409687
nag,50,0.13781887354792013,0.11882483164190254,137.81887354792013,423,422,845,0.3265850084073937,48,0.048,3,0.09090951108600744,49.05696447058837
nag,50,0.7218698726860178,0.6162205818807197,721.8698726860177,2129,2128,4257,0.3392245642321512,1334,1.334,3,0.5775144621689486,1518.105164648036
nag,50,0.5671279031877563,0.4877998279046748,567.1279031877563,1735,1733,3468,0.3272521080137082,864,0.864,3,0.4843666490968082,858.0226668088117
nag,50,0.4040229480750629,0.3527996182911109,404.0229480750629,1265,1265,2530,0.31938572970360707,466,0.466,3,0.4486789290964177,386.6741608787441
nag,50,0.6844136036177975,0.5962902533186054,684.4136036177974,2068,2067,4135,0.3311144671590699,1194,1.194,3,0.6216331666912279,1252.7707947029348
nag,50,0.5756389056084831,0.507195163791945,575.6389056084831,1685,1684,3369,0.3418283287461301,899,0.899,3,0.5057032567251596,843.7607083489229
nag,50,0.5484909765782295,0.4692771265465549,548.4909765782295,1720,1719,3439,0.3190756117383534,869,0.869,3,0.5831283710106112,721.5970315840675
nag,50,1.1233054515864205,0.9595139357591865,1123.3054515864205,3415,3415,6830,0.32893278230934714,3413,3.413,3,0.7367615250011675,3446.8083009885745
nag,50,0.24645908584384174,0.21562526482556624,246.45908584384173,812,812,1624,0.30352104167960803,151,0.151,3,0.22434976537685403,147.54852744965103
nag,50,0.9785701241505428,0.8399090151884799,978.5701241505428,2922,2920,5842,0.3351267548460763,2485,2.485,3,0.868606965486097,2678.6905952806674
nag,50,1.0278716124690082,0.8293128882597814,1027.8716124690081,3000,2999,5999,0.3427381168619567,2708,2.708,3,0.8186120265381834,2800.3822160215955
nag,50,1.3078688144948987,1.086068346659577,1307.8688144948987,3869,3869,7738,0.3380379463672522,4708,4.708,3,1.0485417019124161,5728.430604918345
nag,50,0.9337100337265686,0.7880443817353957,933.7100337265686,2937,2935,5872,0.3181294833821358,2537,2.537,3,0.9412735682782104,2276.485499088594
nag,50,0.4404675058733203,0.3975046679471308,440.4675058733203,1280,1280,2560,0.34411523896353147,428,0.428,3,0.28075525822449826,544.5309941652988
nag,50,0.8410289970587858,0.7253575684404348,841.0289970587858,2570,2569,5139,0.3273760206534783,1898,1.898,3,0.739779185478263,1641.3013857317376
nag,50,0.0,0.0,0.0,0,0,0,,0,0.0,3,0.0,0.0
nag,50,1.2723863267999307,1.075481788146202,1272.3863267999307,3832,3830,7662,0.3322157511226973,4266,4.266,3,1.0026700866565503,5350.917205631027
nag,50,0.9816757912534445,0.8298495696300867,981.6757912534445,2973,2973,5946,0.3301970370849124,2515,2.515,3,0.9508040637937868,3072.4416450198023
nag,50,0.561302718335854,0.4788743233431011,561.302718335854,1689,1687,3376,0.33272241750791587,892,0.892,3,0.44624049270308586,696.7205678320679
nag,50,0.4413160575001987,0.38406444872787704,441.3160575001987,1244,1244,2488,0.354755673231671,453,0.453,3,0.3748320214343093,541.3936531377057
nag,50,0.41540685613602374,0.35787284043657347,415.40685613602375,1260,1260,2520,0.3296879810603363,444,0.444,3,0.40870330373256014,422.8764517505743
nag,50,0.5757854737164171,0.5128500234143454,575.7854737164171,1751,1750,3501,0.3290202706950955,895,0.895,3,0.5183456558896304,649.0518257018643
nag,50,0.7028525667508599,0.5855221258962086,702.85256675086,2138,2137,4275,0.3288968492048947,1365,1.365,3,0.812815580741348,1691.8373547540082
nag,50,0.7177194555124161,0.6194820626919961,717.7194555124161,2174,2174,4348,0.33013774402595036,1255,1.255,3,0.6822721790658334,1068.2046302310414
nag,50,0.6884606816155819,0.574757510900078,688.460681615582,2122,2121,4243,0.3245924948682612,1370,1.37,3,0.7027737954039294,1085.4511057007294
nag,50,0.6989409644070308,0.6291488908737148,698.9409644070308,2109,2108,4217,0.33156592239422716,1269,1.269,3,0.7630141878417604,1078.1090193457787
nag,50,0.5320016962752286,0.45519526733686827,532.0016962752286,1653,1653,3306,0.32184010663958174,726,0.726,3,0.5008729585639002,777.2276815433146
nag,50,0.7068421242944647,0.6013364041939182,706.8421242944647,2091,2091,4182,0.33804023160902186,1334,1.334,3,0.5668130579476783,1517.6866418283705
nag,50,0.5770087377873379,0.4825251981519397,577.0087377873379,1750,1749,3499,0.3299077974770371,787,0.787,3,0.47275619832981797,784.2818574633974
nag,50,0.1557013297963509,0.13145842569599886,155.7013297963509,429,429,858,0.36294016269545665,36,0.036,3,0.152426345464861,35.99804215326957
nag,50,1.2466864475263286,1.0772389076453124,1246.6864475263287,3769,3767,7536,0.33094941532421784,4240,4.24,3,0.6908858617219927,5010.55726605885
nag,50,0.7173392974984205,0.6018727427710164,717.3392974984205,2158,2157,4315,0.3325634202588876,1316,1.316,3,0.5158576120389904,1538.1452653185208
nag,50,0.6542641302344471,0.5611534312467938,654.2641302344471,2085,2085,4170,0.31379574591580195,1196,1.196,3,0.6932921955340745,1122.2456840854752
nag,50,1.2513771488944403,1.0256424889674773,1251.3771488944403,3719,3719,7438,0.3364821588853026,4208,4.208,3,0.9059374487014241,4683.918338817862
nag,50,0.7147889142643932,0.6137940394256641,714.7889142643932,2134,2133,4267,0.3351096644465041,1347,1.347,3,0.5755607042191517,1496.2194867456394
nag,50,0.2846266950503722,0.24569632898294957,284.6266950503722,868,867,1735,0.3282891523072343,200,0.2,3,0.19998055235981063,244.51462262632197
nag,50,0.5683624374180135,0.4839672727552523,568.3624374180135,1657,1657,3314,0.3430069024852224,799,0.799,3,0.5957818868602869,1024.9393750231288
nag,50,0.811466077194417,0.6973057870314178,811.466077194417,2505,2505,5010,0.32393855377022635,1827,1.827,3,0.856062095046785,1453.6389384210327
nag,50,0.6838318768499947,0.5859891881439204,683.8318768499947,2064,2064,4128,0.33131389382267185,1140,1.14,3,0.6216100857825441,973.6391960869477
nag,50,0.9802941183421052,0.8440632515231983,980.2941183421052,2969,2967,5936,0.33039909617192625,2681,2.681,3,0.8406373576518993,2275.4834916178297
nag,50,0.4340100446537886,0.3695566178057955,434.0100446537886,1346,1344,2690,0.32292414036740225,473,0.473,3,0.30122336314276976,499.15722650298864
nag,50,0.8525700044432396,0.7405769438408886,852.5700044432396,2550,2549,5099,0.3344723438380697,1914,1.914,3,0.7962525093619993,2229.662458717459
nag,50,0.4428152409476621,0.37262319349977513,442.8152409476621,1329,1329,2658,0.3331943122254794,509,0.509,3,0.3618901819493921,559.4634514618681
nag,50,0.9705150246065982,0.8490212251629878,970.5150246065982,2974,2973,5947,0.32644299515862707,2681,2.681,3,0.7661698908405782,2560.863943339144
nag,50,0.7099894327190498,0.6007987938944707,709.9894327190498,2123,2122,4245,0.3345850295565739,1290,1.29,3,0.6538360021219597,1345.7743466270251
nag,50,0.8947945980884563,0.7465943627798078,894.7945980884563,2593,2593,5186,0.3450808322747614,1928,1.928,3,0.5959819089974174,2327.8351765588272
nag,50,0.1442406485104792,0.12343528382775559,144.24064851047922,423,423,846,0.3409944409231187,32,0.032,3,0.10937607258186953,33.75463563503324
nag,50,0.5631252347704572,0.4928602462829661,563.1252347704572,1734,1734,3468,0.3247550373532048,808,0.808,3,0.44525852753267847,663.047660000449
nag,50,0.4204629451744996,0.3541610543169762,420.4629451744996,1270,1270,2540,0.33107318517677137,434,0.434,3,0.42217572797181924,565.8097275551366
nag,50,0.2700956143579296,0.23213399112075142,270.0956143579296,843,843,1686,0.3203981190485523,171,0.171,3,0.23872256772584668,166.24784518428285
nag,50,0.8615377905817884,0.7257698927759436,861.5377905817884,2563,2563,5126,0.3361442803674555,1952,1.952,3,0.6192561592650621,2200.237256433678
nag,50,0.44420334972860087,0.37073151975342755,444.20334972860087,1301,1300,2601,0.34169488440661605,478,0.478,3,0.4231462970198311,385.33545161537563
nag,50,0.8795822958532107,0.7317127747416807,879.5822958532107,2653,2652,5305,0.33166753237300556,2039,2.039,3,0.8469971727035195,1765.771559462715
nag,50,0.5706885419547374,0.4689196611623771,570.6885419547374,1689,1688,3377,0.3380856291201051,872,0.872,3,0.5592232687195283,731.0189157499863
nag,50,0.43422609636441145,0.3654087175148981,434.22609636441143,1279,1277,2556,0.34003609738794943,424,0.424,3,0.29863875055854566,345.77861072133754
nag,50,0.8574793151023116,0.7199294393144202,857.4793151023116,2576,2576,5152,0.3328724049310216,2036,2.036,3,0.7097025216389801,2596.1267187041685
nag,50,1.1523711355697062,0.9423450166243909,1152.3711355697062,3377,3375,6752,0.3414432994280611,3392,3.392,3,1.1578063777518441,3664.863017584872
nag,50,0.9776591324684637,0.8094111182845625,977.6591324684637,2952,2951,5903,0.3312975711516312,2625,2.625,3,0.8809273196058331,2651.815882374665
nag,50,0.4523225180973356,0.3794825720150148,452.3225180973356,1313,1313,2626,0.3444954440954574,494,0.494,3,0.39193728164311753,578.2874584798628
nag,50,0.740491705525306,0.6052830068028738,740.491705525306,2184,2184,4368,0.3390529787203782,1429,1.429,3,0.4937999805867662,1661.1995163699887
nag,50,0.5215290053938365,0.43431500238571635,521.5290053938365,1667,1666,3333,0.3130426202844157,738,0.738,3,0.44671216318555135,653.3385501838698
nag,50,0.42542518924688844,0.3659098406388187,425.4251892468884,1297,1297,2594,0.328007085001456,435,0.435,3,0.3938114504346892,467.2393289580377
nag,50,0.29307116422687823,0.24808648137715142,293.07116422687824,861,861,1722,0.34038462744120584,170,0.17,3,0.21015106395422686,232.5473731345719
nag,50,0.43436379086577354,0.36859529609163266,434.3637908657735,1290,1289,2579,0.336977339694161,470,0.47,3,0.3424469415409469,491.52223868334096
nag,50,0.43854154360755354,0.35957910015053973,438.54154360755354,1302,1301,2603,0.3370803563470819,497,0.497,3,0.39886357197092065,584.2888422189532
nag,50,0.5716474179384315,0.484137757968822,571.6474179384315,1714,1714,3428,0.3335165798940674,868,0.868,3,0.4889340244451325,780.8563179038191
nag,50,0.8029314546266307,0.7172464444759677,802.9314546266307,2468,2467,4935,0.32546876960949767,1819,1.819,3,0.6383179780318542,1911.1179036190088
nag,50,0.7108888198795814,0.6106281982820569,710.8888198795814,2130,2130,4260,0.3337506196617753,1365,1.365,3,0.47587629999550235,1427.6227988338742
nag,50,0.8754673046948771,0.7465871943031996,875.4673046948772,2556,2556,5112,0.3425145949510474,1882,1.882,3,0.8428909865936723,1524.682591302387
nag,50,0.8476840427468008,0.7198441813640123,847.6840427468007,2555,2553,5108,0.3320344859956133,1891,1.891,3,0.9151581058390355,2130.623732010722
nag,50,0.0,0.0,0.0,0,0,0,,0,0.0,3,0.0,0.0
nag,50,0.43920295157944655,0.36407275258205674,439.20295157944656,1245,1245,2490,0.3527734550838928,462,0.462,3,0.30870953895438974,490.38916727138286
nag,50,0.8407731421487634,0.7066072045838707,840.7731421487634,2569,2568,5137,0.3274038715532568,1887,1.887,3,0.7180534787384635,1893.2364340276094
nag,50,0.42807971982625476,0.36394088855455026,428.07971982625475,1247,1247,2494,0.3432876662600279,396,0.396,3,0.4589655477265052,388.6180933324788
nag,50,0.5711091923467638,0.5047815166680195,571.1091923467638,1746,1745,3491,0.32728320478324574,861,0.861,3,0.44199088424932026,850.8495015947909
nag,50,0.423974453371555,0.3539735473208774,423.974453371555,1321,1321,2642,0.3209496240511393,475,0.475,3,0.4587382921758715,527.4353364196555
nag,50,0.7030240935444532,0.6042229536100238,703.0240935444532,2101,2100,4201,0.334773377878311,1254,1.254,3,0.5434698659630627,1173.0631072589697
nag,50,0.2936467516713251,0.25206054816139145,293.6467516713251,854,853,1707,0.3442517604587633,215,0.215,3,0.20790965597788427,220.1854748964992
nag,50,0.8196575749393935,0.695552655908391,819.6575749393935,2559,2558,5117,0.32042907542587706,1853,1.853,3,0.7479128163573465,1959.7410993124133
nag,50,0.8321922872022491,0.7310401488949237,832.1922872022492,2578,2578,5156,0.3228053868123542,1860,1.86,3,0.7795855990930466,1761.5267712741106
nag,50,0.8630708145837213,0.725352279696634,863.0708145837212,2588,2586,5174,0.3337474147655535,1982,1.982,3,0.8129373457170118,2419.65588990723
nag,50,0.8222082700883347,0.7092089948638166,822.2082700883348,2463,2463,4926,0.3338239017817031,1816,1.816,3,0.7656883326166268,1528.3368699535408
nag,50,0.7877482763724684,0.667174144776169,787.7482763724684,2463,2462,4925,0.3199627442617662,1783,1.783,3,0.7470886520517086,1201.0984429204277
nag,50,0.9960438216554733,0.8290348560670591,996.0438216554734,2950,2950,5900,0.3376419734425333,2576,2.576,3,0.9580828075223944,3053.1244412885244
nag,50,0.7331398009051351,0.6337061983111191,733.1398009051351,2122,2122,4244,0.3454947223869628,1363,1.363,3,0.7843938917136938,1138.520510978548
nag,50,0.4209713814788782,0.3722647683359454,420.9713814788782,1276,1275,2551,0.33017363253245346,413,0.413,3,0.3662039538157154,482.148018701282
nag,50,0.7203939084356307,0.617727955091899,720.3939084356307,2180,2180,4360,0.330455921300748,1384,1.384,3,0.5759060435631713,1660.6992429529735
nag,50,0.7191430861847842,0.6287061885324762,719.1430861847841,2121,2121,4242,0.3390585036231891,1371,1.371,3,0.6468759687322212,1096.9714805397248
nag,50,0.724929855187249,0.5864127742528638,724.9298551872489,2207,2207,4414,0.328468443673425,1315,1.315,3,0.460556449838413,1336.2319863863606
nag,50,0.7178811102320306,0.6020512614420115,717.8811102320306,2148,2147,4295,0.33436474626550095,1363,1.363,3,0.5802480300625381,1410.726107649934
nag,50,0.6996745778315879,0.591504378363089,699.674577831588,2106,2104,4210,0.3325449514408688,1345,1.345,3,0.6430417934924296,1526.5917980961083
nag,50,0.1458813505511564,0.12459998211252701,145.8813505511564,439,439,878,0.3323037597976228,42,0.042,3,0.14604143047142443,38.77887790510179
nag,50,0.5580983837220426,0.4696728003149184,558.0983837220425,1663,1662,3325,0.3357992681841411,757,0.757,3,0.35484407292243975,781.3127917096657
nag,50,0.5579068703393707,0.47091103922788063,557.9068703393707,1657,1657,3314,0.3366969645982925,864,0.864,3,0.5276519468631481,991.4103900299249
nag,50,0.9679752294663749,0.8463311360569935,967.9752294663749,2915,2915,5830,0.3320669740879502,2500,2.5,3,0.6228679782002559,3142.7329026867174
nag,50,0.8504567855213223,0.7430579347583148,850.4567855213223,2522,2522,5044,0.3372152202701516,1966,1.966,3,0.665654417750479,2231.298901638677
nag,50,0.5622116358804863,0.48695030321135335,562.2116358804863,1717,1716,3433,0.3276291584385118,831,0.831,3,0.5354839498452671,918.2595106982284
nag,50,0.7080297489779057,0.5968354022073129,708.0297489779057,2092,2091,4183,0.33860820132850583,1266,1.266,3,0.5967667094456822,1265.7668999042166
nag,50,1.2738339260964973,1.0660940199648685,1273.8339260964972,3878,3874,7752,0.32881619155820785,4446,4.446,3,1.2595476270865473,4261.890414761304
nag,50,0.432005419620164,0.367179606988624,432.005419620164,1260,1260,2520,0.3428614441429873,521,0.521,3,0.3356597461628731,526.8006554832969
nag,50,0.28126178473726043,0.23813406199208706,281.2617847372604,843,843,1686,0.3336438727606885,161,0.161,3,0.26664554606845065,143.40760637972264
nag,50,0.28018167773377994,0.24424128715954266,280.18167773377996,892,892,1784,0.31410501988091927,151,0.151,3,0.29354367059067304,146.83608256330072
nag,50,0.7191844396615854,0.60251060313219,719.1844396615854,2126,2126,4252,0.33828054546640896,1458,1.458,3,0.6393077814558469,1419.2344703543424
nag,50,0.4324678201149985,0.35482964536488526,432.4678201149985,1306,1306,2612,0.33113921907733423,462,0.462,3,0.3160925371262611,391.3554675810975
nag,50,0.5557509786651231,0.46490964777659977,555.7509786651232,1717,1717,3434,0.32367558454579104,880,0.88,3,0.4089091942777014,579.200748630585
nag,50,0.7390727226228437,0.5942718753837798,739.0727226228437,2098,2098,4196,0.3522748916219465,1284,1.284,3,0.5795422703618538,1202.097051123404
nag,50,0.5710239919945229,0.4739541156009572,571.0239919945229,1672,1672,3344,0.3415215263125137,774,0.774,3,0.3983855507218442,837.812834960564
nag,50,0.2778697526853664,0.23802803216852864,277.8697526853664,854,853,1707,0.3257558648128563,160,0.16,3,0.18688961092150203,159.41676886208728
nag,50,0.9872018694538935,0.8043188121072944,987.2018694538936,2961,2961,5922,0.3334015094406935,2619,2.619,3,0.6896768052225015,2403.0862131772437
nag,50,1.2366635959236079,1.0265008426265276,1236.6635959236078,3656,3654,7310,0.33844104978752265,4258,4.258,3,0.7057481321910742,4210.784699792295
nag,50,0.28983049098625135,0.24520090631771907,289.83049098625133,853,853,1706,0.3397778323402712,227,0.227,3,0.2191641959032056,278.94792802739585
nag,50,0.4066906592237596,0.3440871475583928,406.69065922375955,1267,1267,2534,0.32098710278118353,412,0.412,3,0.3270977321228503,373.0170422863918
nag,50,0.863672567069882,0.7019412044548722,863.672567069882,2499,2499,4998,0.34560726973584716,1964,1.964,3,0.6274247617607458,2035.6735973243976
nag,50,0.689517303565802,0.5867146533748875,689.517303565802,2084,2084,4168,0.33086242973407004,1237,1.237,3,0.6526424370502123,1342.9132654487094
nag,50,0.4115021228011711,0.34926245113068216,411.5021228011711,1247,1247,2494,0.32999368308032967,370,0.37,3,0.2788884877276213,355.2157499979039
nag,50,0.9748201979642097,0.8075966730274499,974.8201979642097,2897,2897,5794,0.3364929920483982,2653,2.653,3,1.0359190785295742,2727.1439201691496
nag,50,0.8914295695120261,0.7459906031111161,891.4295695120261,2610,2610,5220,0.34154389636476096,2094,2.094,3,0.6338371080873032,1895.4306791829022
nag,50,0.7118321725420234,0.6244186977315511,711.8321725420234,2041,2041,4082,0.34876637557179,1277,1.277,3,0.644834569898898,1325.3804976755296
nag,50,0.4347642063378119,0.3723607755076025,434.76420633781186,1269,1269,2538,0.3426037875002457,440,0.44,3,0.4107830742053365,392.9560512551772
nag,50,0.42322170036636975,0.36587610475523247,423.22170036636976,1308,1307,2615,0.3238115534555239,462,0.462,3,0.35123630685371315,423.73843954732206
nag,50,0.4326114986782336,0.3666877519242571,432.6114986782336,1278,1278,2556,0.33850664998296837,471,0.471,3,0.2275867062659535,471.208365467466
nag,50,0.7348423840121389,0.6066449139458193,734.8423840121388,2161,2160,4321,0.3402048074130272,1444,1.444,3,0.5813825470170744,1435.1003608049898
nag,50,1.38229778688431,1.1688033118747239,1382.29778688431,4164,4163,8327,0.3320436672794403,5301,5.301,3,1.0776803451302626,5908.058705267536
nag,50,0.7309310962154694,0.620392996415801,730.9310962154693,2172,2172,4344,0.33652444577139473,1451,1.451,3,0.5905040044065873,1251.7192749293406
nag,50,0.8399736600001879,0.7403996644968934,839.9736600001879,2537,2537,5074,0.33108934174228927,1923,1.923,3,0.650410940074187,1634.6669814213649
nag,50,0.2779840791836824,0.2366646868267228,277.9840791836824,847,847,1694,0.32819844059466635,178,0.178,3,0.1823902619419438,201.06348103183137
nag,50,0.42377959155689154,0.3705801445617118,423.77959155689155,1211,1211,2422,0.3499418592542457,413,0.413,3,0.41377677632697096,344.2903645583341
nag,50,0.6786835737568268,0.5908881510384381,678.6835737568267,2059,2059,4118,0.32961805427723495,1200,1.2,3,0.5696433875520589,1130.3349892592278
nag,50,0.858360662311367,0.7300844812510364,858.360662311367,2551,2551,5102,0.3364800714666276,1865,1.865,3,0.9071722547147826,1413.7881741091408
nag,50,0.0,0.0,0.0,0,0,0,,0,0.0,3,0.0,0.0
nag,50,0.7073369466568524,0.5990375790728079,707.3369466568524,2156,2155,4311,0.32823060169691526,1351,1.351,3,0.6767141068423476,1634.1472591892998
nag,50,1.222273407051429,1.0373184962660622,1222.2734070514289,3712,3710,7422,0.32945374853138243,4168,4.168,3,1.2284476505915378,4808.57442737347
nag,50,0.9037540756079236,0.7633159976679708,903.7540756079236,2598,2597,5195,0.3479992589941947,2039,2.039,3,0.7430325820484079,2031.0317355628213
nag,50,1.147776535189739,0.9956270873407084,1147.7765351897392,3376,3376,6752,0.3399812011817948,3224,3.224,3,1.223825231752686,2705.108680000407
nag,50,1.2044498729627053,1.0008977313039171,1204.4498729627053,3752,3751,7503,0.32110100585516005,4142,4.142,3,0.8017882360291507,3379.1495406520094
nag,50,1.1149984723152024,0.9510470153497722,1114.9984723152024,3303,3303,6606,0.3375714418150779,3264,3.264,3,0.8627607948369158,3190.393837638671
nag,50,0.7138412327146259,0.620479946420724,713.8412327146259,2197,2196,4393,0.3250643136223251,1419,1.419,3,0.6755858314936707,1044.3223071609282
nag,50,0.546105039349704,0.4645586581859322,546.105039349704,1679,1678,3357,0.3254499638556043,787,0.787,3,0.4911544564922914,734.5586926285524
nag,50,0.9408905464199604,0.7971815942968233,940.8905464199604,2885,2884,5769,0.3262449883564357,2402,2.402,3,0.7383739898407228,2621.995688402337
nag,50,0.9812498589600385,0.826406643728287,981.2498589600385,2953,2952,5905,0.33240171373985045,2600,2.6,3,0.8468105405001967,2581.540136430092
nag,50,0.41598373292693835,0.3450333470620216,415.98373292693833,1258,1258,2516,0.3306706939005869,365,0.365,3,0.38745170006119556,414.8214992511578
nag,50,0.5814224857074801,0.49451581126266597,581.4224857074801,1771,1769,3540,0.3286729710047937,922,0.922,3,0.4919401093507434,907.1645293787689
nag,50,0.7130984259780657,0.6096333980627023,713.0984259780657,2130,2128,4258,0.33510264378668503,1342,1.342,3,0.6923729002364667,1190.6311441976156
nag,50,1.1275053322474238,0.9672880535937822,1127.5053322474237,3398,3398,6796,0.3318144003082471,3493,3.493,3,1.0591971821017578,3643.872819643887
nag,50,0.7076828976540569,0.5920502508637037,707.6828976540569,2096,2096,4192,0.3376349702547981,1367,1.367,3,0.5487741891636457,1563.5853819329438
nag,50,0.5614478355196802,0.4793106897345646,561.4478355196802,1691,1689,3380,0.3324143490347426,813,0.813,3,0.4432408716220918,911.1960942086914
nag,50,1.1209957803929196,0.9464732569250953,1120.9957803929196,3368,3366,6734,0.3330349912040759,3375,3.375,3,0.9694491344163749,3251.6984516975103
nag,50,0.7186328367074433,0.5896695082530515,718.6328367074433,2134,2134,4268,0.3367539066107982,1353,1.353,3,0.7236109025683115,1726.1550348229487
nag,50,0.4586790227444655,0.38536207909125075,458.6790227444655,1334,1333,2667,0.3440952908810694,527,0.527,3,0.3821474875953041,405.19745194543214
nag,50,0.5610915404974237,0.47872337242795593,561.0915404974237,1667,1666,3333,0.336789640154516,761,0.761,3,0.5389072638828977,508.4997493208146
nag,50,0.8329547175188798,0.733953704113643,832.9547175188799,2537,2536,5073,0.3284521756777917,2031,2.031,3,0.6908341455296109,1980.574666736396
nag,50,0.6797540288474491,0.5934684589366332,679.754028847449,2046,2045,4091,0.332398058116112,1335,1.335,3,0.3277720625053075,1447.5026498270838
nag,50,0.9970957980285752,0.8179701501557936,997.0957980285751,3023,3020,6043,0.33016417153264077,2719,2.719,3,0.9333052505697403,2938.0031676756453
nag,50,0.710446979218137,0.5970832161084327,710.446979218137,2135,2135,4270,0.3327620511560361,1367,1.367,3,0.6786237156234955,1466.822711171569
nag,50,0.7297117016864638,0.6190711563234444,729.7117016864638,2180,2180,4360,0.33473013838828614,1504,1.504,3,0.5223679806724424,1606.1872131662672
nag,50,0.8630266553200906,0.7541079022320553,863.0266553200906,2561,2560,5121,0.3371197872344104,2026,2.026,3,0.8091706540546605,1425.6334665590934
nag,50,0.8370160706514055,0.7211111419759471,837.0160706514055,2522,2521,5043,0.3320174814166622,1869,1.869,3,0.6982931843065392,1448.2522496477593
nag,50,0.7373939512947291,0.5999635263172267,737.393951294729,2135,2135,4270,0.34538358374460376,1344,1.344,3,0.7424987958798399,1237.3087640593594
nag,50,0.6951777448424081,0.6063530758727419,695.1777448424082,2094,2093,4187,0.3321441685821348,1250,1.25,3,0.7773515168509213,1446.8853915251711
nag,50,0.42523149051977716,0.3582641852659091,425.23149051977714,1223,1223,2446,0.34769541334405324,408,0.408,3,0.35434886878358884,313.5828374548058
nag,50,0.4451405086603512,0.37624212326926204,445.1405086603512,1288,1288,2576,0.3456059849847447,468,0.468,3,0.43171322101552734,510.0299272085194
nag,50,0.8704810167249182,0.7163982610937282,870.4810167249182,2545,2545,5090,0.3420357629567458,1990,1.99,3,0.5442999684537075,2314.916282558901
nag,50,0.8376095583596329,0.7047687755272257,837.609558359633,2519,2519,5038,0.3325166964508269,1910,1.91,3,0.7486292399633767,1256.790707282573
nag,50,0.9861086373502976,0.8190799284310258,986.1086373502976,2908,2905,5813,0.33945219874364807,2488,2.488,3,0.760247383353461,2033.1963576379912
nag,50,0.0,0.0,0.0,0,0,0,,0,0.0,3,0.0,0.0
nag,50,0.9883105640917674,0.8458177460518227,988.3105640917674,3011,3010,6021,0.32834238009693273,2732,2.732,3,0.8726814982998294,2906.654052177023
nag,50,1.1278779092822384,0.9428019804998822,1127.8779092822383,3379,3377,6756,0.3339881283038905,3521,3.521,3,1.090224261214629,3871.3931492323886
nag,50,1.2929300554550018,1.0780583707136902,1292.9300554550018,3807,3805,7612,0.3397976492654407,4545,4.545,3,1.04818934267994,4482.612349413903
nag,50,0.7023789893890835,0.5912935142940878,702.3789893890835,2026,2025,4051,0.34685382192053504,1300,1.3,3,0.6044364282116959,1203.3373901398982
nag,50,0.5586881352981589,0.48573473715383364,558.6881352981588,1647,1646,3293,0.3394217103877028,794,0.794,3,0.6021878607702043,760.9655925334054
nag,50,0.5565115600020146,0.47016465223585907,556.5115600020147,1695,1695,3390,0.3283254041309821,807,0.807,3,0.48594535232715913,694.3433700527867
nag,50,0.6904812602478528,0.6155097681105226,690.4812602478528,2109,2108,4217,0.32755278000372523,1286,1.286,3,0.7156031937352366,1610.215506453836
nag,50,1.1588645529546069,0.979447475018464,1158.8645529546068,3350,3350,6700,0.34592971729988264,3521,3.521,3,1.007264602592403,3679.745002127423
nag,50,0.5567011513836099,0.4688788687884836,556.7011513836098,1708,1707,3415,0.32612838393884586,861,0.861,3,0.5645913204134915,1169.1364869628055
nag,50,0.6956057451267622,0.5711550909057074,695.6057451267623,2137,2136,4273,0.3256581203776977,1315,1.315,3,0.6023197526005122,1193.2222533380345
nag,50,0.12404470376302595,0.10865761523136909,124.04470376302595,418,418,836,0.29675766450484675,20,0.02,3,0.10612302571083557,18.180372679383854
nag,50,0.557832085507623,0.4792041331998133,557.832085507623,1703,1703,3406,0.3275584765165138,794,0.794,3,0.47960528757526044,977.9955791488735
nag,50,0.9918282540254816,0.8514880806547701,991.8282540254816,3008,3007,6015,0.32983979182756284,2653,2.653,3,0.8487434459464703,2492.952246078099
nag,50,0.5632372738199607,0.4652848843990327,563.2372738199607,1709,1707,3416,0.3299573953251088,824,0.824,3,0.4700662800884911,717.9365086003085
nag,50,0.13847584544301123,0.11930028567185447,138.47584544301122,424,423,847,0.3273660648770951,20,0.02,3,0.09082045470154664,15.379066705666249
nag,50,0.9036047335432963,0.7503580328607861,903.6047335432963,2576,2575,5151,0.35091445962846457,2081,2.081,3,0.7357658786444579,2359.885752160473
nag,50,0.9802396133237764,0.8141899551193256,980.2396133237764,2946,2945,5891,0.33284876513540795,2594,2.594,3,1.030952547412204,2463.4868403885184
nag,50,0.2643942005031522,0.22806588447078097,264.3942005031522,855,855,1710,0.3092329830446225,153,0.153,3,0.31970361798730157,115.96085297224117
nag,50,0.4142453038225567,0.3517029035546192,414.2453038225567,1249,1249,2498,0.3316615723158981,465,0.465,3,0.3539353602477582,526.2335955825811
nag,50,0.28950384523848033,0.244901586584442,289.5038452384803,876,876,1752,0.33048384159643873,225,0.225,3,0.19117650775971934,231.6054061420155
nag,50,0.7060922982851425,0.6040542354815045,706.0922982851425,2174,2174,4348,0.32478946563254024,1236,1.236,3,0.7076500369121128,1567.795282380657
nag,50,1.6755237529314286,1.4123785376300686,1675.5237529314286,4976,4974,9950,0.3368564038864955,7737,7.737,3,1.8647952329856254,8095.530212931443
nag,50,0.6688339681750888,0.5693113567832127,668.8339681750888,2078,2078,4156,0.3218642772738637,1259,1.259,3,0.5159653191122354,1163.7997558090974
nag,50,0.28474266377218144,0.23843838449455565,284.74266377218146,852,852,1704,0.33420500442744305,185,0.185,3,0.25914518724635993,157.05651479949194
nag,50,0.28210476095218945,0.2412321965201747,282.10476095218945,827,827,1654,0.34111821155041044,190,0.19,3,0.2221271024806814,207.83953672716638
nag,50,0.5781186605132337,0.48435145142640407,578.1186605132336,1765,1764,3529,0.32773166695761546,874,0.874,3,0.49912296901612585,751.5544434019972
nag,50,0.39391883865909033,0.3410214307882987,393.91883865909034,1273,1273,2546,0.30944135008569545,438,0.438,3,0.2988127835062935,475.4841833610356
nag,50,0.5692218983517182,0.470921520775923,569.2218983517182,1731,1731,3462,0.3288399181696812,785,0.785,3,0.5364354617061614,649.4642246349239
nag,50,0.41722595096832144,0.35751789147787166,417.22595096832146,1295,1295,2590,0.32218220151993937,462,0.462,3,0.32295995521199244,530.1282941946597
nag,50,0.5418482538004662,0.4678147013585273,541.8482538004662,1651,1650,3301,0.32839288109119164,771,0.771,3,0.4402535367550528,782.1813931030024
nag,50,1.3510615986924368,1.1583850868118635,1351.0615986924367,4175,4173,8348,0.32376266443624174,5241,5.241,3,1.3288692916877756,5698.190943262313
nag,50,0.4229216790001375,0.3698338129904107,422.9216790001375,1283,1283,2566,0.32963497973510325,421,0.421,3,0.3821621895352929,389.84043357633993
nag,50,0.5586246349396516,0.46987518917477566,558.6246349396516,1625,1624,3249,0.34398068653919434,723,0.723,3,0.6249413621050678,440.96865884994617
nag,50,0.714351996323507,0.6130897467193785,714.351996323507,2134,2134,4268,0.33474788956115603,1308,1.308,3,0.5409664978694252,1062.510118641434
nag,50,0.1555253808133029,0.13133723673618,155.5253808133029,475,475,950,0.32742185434379556,47,0.047,3,0.15603149764179997,34.956758733882424
nag,50,0.5601746670008498,0.4702155786123962,560.1746670008498,1668,1667,3335,0.3360375926819735,795,0.795,3,0.42852784525516907,743.5802566594741
nag,50,0.5765590326317985,0.48264661485928917,576.5590326317986,1699,1698,3397,0.3395518448950522,897,0.897,3,0.4466230498293601,1004.9050334135062
nag,50,0.9665399455877598,0.8348912001691206,966.5399455877598,2900,2899,5799,0.3334046035142324,2573,2.573,3,0.757048796295252,2490.2668217606674
nag,50,0.0,0.0,0.0,0,0,0,,0,0.0,3,0.0,0.0
nag,50,0.28941151962113293,0.24642489507109416,289.4115196211329,895,895,1790,0.3233648263923273,180,0.18,3,0.19757257036294051,194.2511121316547
nag,50,0.575236136700772,0.48665481866638366,575.236136700772,1715,1715,3430,0.3354146569683802,831,0.831,3,0.355916461569066,869.2856623945634
nag,50,0.2924392926997397,0.2590540459949751,292.43929269973967,855,855,1710,0.34203426046753177,217,0.217,3,0.19646049070905763,239.23227882427474
nag,50,0.8245470682770352,0.6956092068986546,824.5470682770351,2499,2498,4997,0.33008289362571464,1800,1.8,3,0.6516681897109655,1643.6201477199888
nag,50,1.4220527918651047,1.2013787052512535,1422.0527918651046,4157,4155,8312,0.342250972771385,5425,5.425,3,1.0431854120923931,4421.318396658155
nag,50,0.8505754406577064,0.7279655659135655,850.5754406577064,2457,2456,4913,0.34632550515378924,1908,1.908,3,0.6263011800249444,1713.1040011832195
nag,50,0.4497524087661651,0.37015383201166535,449.7524087661651,1311,1311,2622,0.3430605711412396,472,0.472,3,0.4503480658293431,536.1506840055206
nag,50,0.28756533709752524,0.25004511189747264,287.56533709752523,848,848,1696,0.3391100673319873,191,0.191,3,0.3022639102458868,176.66312002965066
nag,50,0.983679924268251,0.829749718695372,983.679924268251,2988,2988,5976,0.32921014868415366,2632,2.632,3,0.8355738177324356,2763.23324750792
nag,50,0.5722831785759177,0.4974385098062581,572.2831785759178,1728,1728,3456,0.33118239500921165,883,0.883,3,0.4903685504637697,1057.519977041946
nag,50,1.075853832676419,0.9131239106356364,1075.8538326764192,3330,3329,6659,0.323176278965581,3301,3.301,3,0.7530656037677869,2862.2910448843277
nag,50,0.31567263969856785,0.26128299216977596,315.6726396985678,942,942,1884,0.33510895934030555,197,0.197,3,0.26186734050125166,140.7149507722744
nag,50,0.7194910766916055,0.608948558789221,719.4910766916055,2100,2100,4200,0.34261479842457404,1247,1.247,3,0.501405804600514,1571.7761555367674
nag,50,0.8658180024230231,0.7335216146444737,865.8180024230231,2515,2515,5030,0.34426163118211656,1954,1.954,3,0.7935879350038912,1724.989792077428
nag,50,0.8676560760742453,0.7063387089341434,867.6560760742453,2521,2521,5042,0.3441713907474198,2038,2.038,3,0.6741847667424924,2223.0134224575922
nag,50,0.7001790798456639,0.5960341832932884,700.1790798456639,2149,2149,4298,0.3258162307332079,1343,1.343,3,0.4142102071009192,1083.8368096623956
nag,50,0.4310664798738403,0.36097425818687384,431.0664798738403,1296,1295,2591,0.33286986862844814,461,0.461,3,0.297874089163897,520.1348785583831
nag,50,0.7141466332547493,0.6080196787844953,714.1466332547493,2044,2044,4088,0.34938680687610046,1319,1.319,3,0.6060518677006432,1292.7700178456544
nag,50,0.8632265060932182,0.7175800087696246,863.2265060932182,2556,2555,5111,0.33785773232611277,1885,1.885,3,0.6904778376974744,1604.6081125067687
nag,50,1.1258098118202216,0.9366455958888618,1125.8098118202215,3288,3287,6575,0.3425037456100461,3319,3.319,3,0.9342660122531667,4000.391965089294
nag,50,0.5371125878454552,0.4522868838731955,537.1125878454552,1642,1642,3284,0.32710876239065484,723,0.723,3,0.37297795857201066,638.3314462256799
nag,50,0.5826808062447919,0.5144334150823056,582.6808062447919,1693,1692,3385,0.344373998962643,835,0.835,3,0.46349514878821385,1066.171985663722
nag,50,0.5468369342945978,0.4644384934740499,546.8369342945978,1661,1661,3322,0.3292215137234183,764,0.764,3,0.46331258993875807,821.7586562261899
nag,50,1.0206776597902016,0.8422661447177258,1020.6776597902017,3011,3010,6021,0.33909556803661184,2806,2.806,3,0.9267493926090797,2345.086429177133
nag,50,1.0654916833716908,0.8671587139962763,1065.4916833716907,3315,3314,6629,0.3215122762135458,3328,3.328,3,1.0867126697902598,3671.7564263303757
nag,50,1.113275143708996,0.9108966680666113,1113.275143708996,3335,3334,6669,0.33391575996070666,3364,3.364,3,0.7327478486533713,3058.04850608363
nag,50,0.8279989049437994,0.6952930351674627,827.9989049437994,2492,2492,4984,0.33226280294695,1780,1.78,3,0.6110618791294419,1809.3798695614164
nag,50,0.8209345935719202,0.7380616048870033,820.9345935719202,2516,2516,5032,0.32628560952779023,1796,1.796,3,0.799549275446049,1565.3889696927586
nag,50,0.7184952259349884,0.5965829081446891,718.4952259349884,2169,2168,4337,0.33140923705488395,1375,1.375,3,0.6054900590230836,1410.9096447786442
nag,50,1.2376571512531136,1.0369345691278047,1237.6571512531136,3735,3734,7469,0.3314561197785521,4299,4.299,3,1.1637074679501536,4350.431573946469
nag,50,1.11775660927668,0.925867404514365,1117.75660927668,3409,3407,6816,0.32807649230310537,3526,3.526,3,1.2170936560831953,4200.5717763854545
nag,50,0.28943369242018957,0.24631523511769057,289.4336924201896,854,854,1708,0.3389153307027981,197,0.197,3,0.22087634102344586,242.9415063701424
nag,50,0.6848037429185945,0.6054915846005243,684.8037429185945,2035,2034,4069,0.33667833968465805,1239,1.239,3,0.6946184803374175,1198.497826982287
nag,50,0.28760925848154834,0.2526963098664518,287.60925848154835,908,908,1816,0.3167502846713088,218,0.218,3,0.3041785004359112,223.46470838747743
nag,50,0.42564859392109267,0.35362926201580747,425.64859392109264,1315,1315,2630,0.32368714366623014,409,0.409,3,0.3673860438690138,406.0834915362801
nag,50,0.42635045811618827,0.3650909657523546,426.3504581161883,1230,1230,2460,0.3466263887123482,429,0.429,3,0.33956378271412613,464.9942192277874
nag,50,0.5885389747705304,0.5076769504776647,588.5389747705304,1715,1715,3430,0.3431714138603676,871,0.871,3,0.5756495673042438,942.5408353960295
nag,50,0.8366462537457819,0.7056903805626104,836.6462537457819,2530,2529,5059,0.33082097815175243,1839,1.839,3,0.5804078994888304,1525.2326127419565
nag,50,0.7005259967728948,0.6046517826964175,700.5259967728948,2133,2133,4266,0.32842287706183537,1371,1.371,3,0.6462661556201785,1748.3467894469004
bg,50,0.0006056615105861,0.0006052946847206946,0.6056615105861001,22,22,44,0.02753006866300455,0,0.0,3,0.0005996521173062724,0.0
bg,50,0.000995815440213569,0.0009948237918226013,0.995815440213569,26,26,52,0.03830059385436804,0,0.0,3,0.000996873213144203,0.0
bg,50,0.0008901070906623261,0.0008893148000294786,0.8901070906623261,23,23,46,0.03870030828966635,0,0.0,3,0.0005666659670816674,0.0
bg,50,0.0007031938672679434,0.0007026993856529801,0.7031938672679434,22,22,44,0.031963357603088334,0,0.0,3,0.0006469124032877175,0.0
bg,50,0.0007651146415218193,0.0007645292411071481,0.7651146415218193,30,30,60,0.025503821384060644,0,0.0,3,0.0006616410395992908,0.0
bg,50,0.0007522727868828971,0.0007517068725370124,0.7522727868828971,29,29,58,0.025940440926996454,0,0.0,3,0.0009353024489476178,0.0
bg,50,0.0006544933331863234,0.0006540649716631381,0.6544933331863234,26,26,52,0.025172820507166287,0,0.0,3,0.0006950473195730991,0.0
bg,50,0.0010579842761596738,0.0010568649454310726,1.0579842761596738,36,36,72,0.029388452115546495,0,0.0,3,0.0010203782950179926,0.0
bg,50,0.0006552542751232977,0.0006548249169582303,0.6552542751232977,18,18,36,0.03640301528462765,0,0.0,3,0.0007820839769695636,0.0
bg,50,0.0009372225663208563,0.0009363441801820352,0.9372225663208563,26,26,52,0.036047021781571396,0,0.0,3,0.00094512682194356,0.0
bg,50,0.0011650751899077818,0.0011637177897096428,1.1650751899077818,30,29,59,0.0401750065485442,0,0.0,3,0.0010799243903965828,0.0
bg,50,0.0011393023427177127,0.0011380043328895906,1.1393023427177127,31,31,62,0.036751688474764926,0,0.0,3,0.00111503385334659,0.0
bg,50,0.0006469854984092755,0.0006465669081741237,0.6469854984092756,22,22,44,0.02940843174587616,0,0.0,3,0.0006330896408886951,0.0
bg,50,0.0008619391189856333,0.0008611961799407954,0.8619391189856334,25,25,50,0.03447756475942534,0,0.0,3,0.0008409232112758575,0.0
bg,50,0.0008948100150333858,0.0008940093300703817,0.8948100150333858,24,24,48,0.037283750626391075,0,0.0,3,0.0011845355669791136,0.0
bg,50,0.0007927489840596067,0.0007921205331078793,0.7927489840596067,28,28,56,0.028312463716414524,0,0.0,3,0.0008758761031063866,0.0
bg,50,0.0008286709486111273,0.000827984253070055,0.8286709486111272,26,26,52,0.03187195956196643,0,0.0,3,0.0006908135543580129,0.0
bg,50,0.0006619170403564141,0.0006614789061880997,0.6619170403564141,13,13,26,0.05091669541203185,0,0.0,3,0.00044861464068875315,0.0
bg,50,0.0009135439828005722,0.0009127094201920612,0.9135439828005723,26,26,52,0.03513630703079124,0,0.0,3,0.0009714668822979571,0.0
bg,50,0.001173371330498675,0.0011719945302194389,1.173371330498675,30,30,60,0.039112377683289165,0,0.0,3,0.0013247861812585586,0.0
bg,50,0.000616770376317854,0.0006163899706207507,0.616770376317854,30,30,60,0.020559012543928466,0,0.0,3,0.000584046633959135,0.0
bg,50,0.0009365939847678631,0.0009357167764755596,0.936593984767863,26,26,52,0.03602284556799473,0,0.0,3,0.0007263865430093076,0.0
bg,50,0.0008246446516758681,0.0008239646128743304,0.8246446516758681,28,28,56,0.029451594702709576,0,0.0,3,0.0010381063942622767,0.0
bg,50,0.0008296922465409083,0.0008290038573169381,0.8296922465409082,23,23,46,0.03607357593656123,0,0.0,3,0.0007245309731938774,0.0
bg,50,0.0006794036799823715,0.000678942090621998,0.6794036799823715,25,25,50,0.02717614719929486,0,0.0,3,0.0006336568003469987,0.0
bg,50,0.0008700865491005025,0.0008693294984975769,0.8700865491005025,24,24,48,0.03625360621252094,0,0.0,3,0.0011704659825921928,0.0
bg,50,0.0013468017645863527,0.0013449878895932595,1.3468017645863526,22,22,44,0.06121826202665239,0,0.0,3,0.0016351881957312575,0.0
bg,50,0.0008345303893858471,0.0008338339484150384,0.8345303893858471,28,28,56,0.029804656763780253,0,0.0,3,0.001026335641685775,0.0
bg,50,0.00066278326974298,0.000662343988080329,0.6627832697429801,22,22,44,0.030126512261044548,0,0.0,3,0.0006994601196477519,0.0
bg,50,0.001146225681875883,0.0011449118485620914,1.1462256818758831,25,25,50,0.04584902727503533,0,0.0,3,0.0012372196255814988,0.0
bg,50,0.0006924606983133757,0.0006919811964946669,0.6924606983133756,23,23,46,0.030106986883190245,0,0.0,3,0.0005291919374278443,0.0
bg,50,0.0007994023971284818,0.000798763352935947,0.7994023971284818,21,21,42,0.03806678081564199,0,0.0,3,0.0007371136552311447,0.0
bg,50,0.0007077146086724042,0.000707213748705076,0.7077146086724042,22,22,44,0.032168845848745645,0,0.0,3,0.0007644220120316641,0.0
bg,50,0.0008972736216050414,0.0008964685216530133,0.8972736216050414,21,21,42,0.04272731531452578,0,0.0,3,0.0005603387512759814,0.0
bg,50,0.0012617392488593281,0.0012601472629272163,1.2617392488593282,28,28,56,0.04506211603069029,0,0.0,3,0.0009085809792377311,0.0
bg,50,0.0007680939463507315,0.0007675039780403107,0.7680939463507315,25,25,50,0.030723757854029258,0,0.0,3,0.0007196630914125022,0.0
bg,50,0.0007135596980252821,0.000713050530582636,0.7135596980252821,24,24,48,0.029731654084386754,0,0.0,3,0.0006810055132910103,0.0
bg,50,0.000982173438233353,0.0009812087735705818,0.9821734382333531,23,23,46,0.042703192966667525,0,0.0,3,0.0011621412109620258,0.0
bg,50,0.0006564428563230535,0.000656011939099436,0.6564428563230535,27,27,54,0.024312698382335317,0,0.0,3,0.0007535796856274079,0.0
bg,50,0.000663280944120551,0.0006628410025097173,0.6632809441205509,20,20,40,0.033164047206027544,0,0.0,3,0.000792254760235784,0.0
bg,50,0.0005764023043615509,0.0005760700647450777,0.5764023043615509,17,17,34,0.03390601790362064,0,0.0,3,0.0005704423702697563,0.0
bg,50,0.0007353562941712237,0.0007348155452918466,0.7353562941712237,29,29,58,0.025357113592111163,0,0.0,3,0.0010036142252994769,0.0
bg,50,0.0009144959615658728,0.0009136596587021524,0.9144959615658728,22,22,44,0.04156799825299422,0,0.0,3,0.001102033588390122,0.0
bg,50,0.0005480754223850255,0.000547775035716403,0.5480754223850255,24,24,48,0.022836475932709394,0,0.0,3,0.0004844288785118383,0.0
bg,50,0.0008114342366898324,0.0008107758111693599,0.8114342366898324,33,33,66,0.024588916263328254,0,0.0,3,0.0008552331701116352,0.0
bg,50,0.0008159055910781206,0.000815239889144568,0.8159055910781206,26,26,52,0.03138098427223541,0,0.0,3,0.000791771999739237,0.0
bg,50,0.001231842835892163,0.0012303253991198242,1.231842835892163,31,31,62,0.03973686567394074,0,0.0,3,0.0010462864458659247,0.0
bg,50,0.00023483431286227586,0.00023477916570777835,0.23483431286227585,13,13,26,0.018064177912482757,0,0.0,3,0.0002624263890896689,0.0
bg,50,0.0009908907891633225,0.0009899089246072736,0.9908907891633225,32,32,64,0.03096533716135383,0,0.0,3,0.0008906036964040448,0.0
bg,50,0.000816286102405762,0.000815619779404781,0.8162861024057619,30,30,60,0.02720953674685873,0,0.0,3,0.0006700384576398244,0.0
bg,50,0.0009250433031255554,0.0009241875980128977,0.9250433031255554,26,26,52,0.03557858858175213,0,0.0,3,0.0011000340892162203,0.0
bg,50,0.0007944150692483234,0.0007937839739460747,0.7944150692483234,26,26,52,0.03055442574032013,0,0.0,3,0.0007312243007844063,0.0
bg,50,0.0011713990862436336,0.0011700269104243813,1.1713990862436336,29,29,58,0.04039307193943564,0,0.0,3,0.0014490993184766258,0.0
bg,50,0.0006025007801597369,0.0006021377729696438,0.6025007801597368,19,19,38,0.03171056737682826,0,0.0,3,0.0006484827288358402,0.0
bg,50,0.000824331064152716,0.0008236515424493887,0.824331064152716,23,23,46,0.035840481050118084,0,0.0,3,0.0008554341746748726,0.0
bg,50,0.0007338760442665944,0.0007333374702182461,0.7338760442665944,27,27,54,0.027180594232096088,0,0.0,3,0.000900063519068755,0.0
bg,50,0.0010564905003313232,0.0010553743281540328,1.0564905003313232,29,29,58,0.03643070690797666,0,0.0,3,0.001342830692661298,0.0
bg,50,0.0004840837585408977,0.0004838494214556147,0.4840837585408977,20,20,40,0.024204187927044884,0,0.0,3,0.0005405243018924969,0.0
bg,50,0.0014234359123793592,0.001421409742582708,1.4234359123793592,34,34,68,0.04186576212880468,0,0.0,3,0.0015930104696319336,0.0
bg,50,0.0009234992389504165,0.0009226463881060744,0.9234992389504164,23,23,46,0.04015214082393115,0,0.0,3,0.0010552189661078787,0.0
bg,50,0.0009289824769585504,0.0009281194685160545,0.9289824769585504,29,29,58,0.03203387851581208,0,0.0,3,0.000985034472841068,0.0
bg,50,0.0007439596040790804,0.0007434061281865789,0.7439596040790803,24,24,48,0.030998316836628348,0,0.0,3,0.0005253406203268883,0.0
bg,50,0.0008226822624746984,0.0008220054563697077,0.8226822624746983,28,28,56,0.02938150937409637,0,0.0,3,0.0006896098348287432,0.0
bg,50,0.0007078905823731816,0.0007073894732965689,0.7078905823731816,20,20,40,0.03539452911865908,0,0.0,3,0.0007038836407039226,0.0
bg,50,0.000808940577131196,0.0008082861922738666,0.8089405771311959,26,26,52,0.03111309912043061,0,0.0,3,0.0008938230105489418,0.0
bg,50,0.00031445225559344436,0.00031435337537239654,0.31445225559344436,20,20,40,0.01572261277967222,0,0.0,3,0.00038579373637365796,0.0
bg,50,0.0006615022870420191,0.0006610647017662575,0.6615022870420191,21,21,42,0.031500108906762816,0,0.0,3,0.0006071413322771668,0.0
bg,50,0.0008040134348680041,0.0008033669972645559,0.8040134348680041,31,31,62,0.025935917253806586,0,0.0,3,0.0008857555422669325,0.0
bg,50,0.0006664792876400582,0.000666035092999205,0.6664792876400583,19,19,38,0.03507785724421359,0,0.0,3,0.0007634843309344367,0.0
bg,50,0.0005516263971875616,0.0005513221055054875,0.5516263971875617,27,27,54,0.020430607303243024,0,0.0,3,0.0005269280946141729,0.0
bg,50,0.0010520906204636161,0.0010509837257899487,1.0520906204636162,32,32,64,0.03287783188948801,0,0.0,3,0.0011718006244616109,0.0
bg,50,0.0006713097282552454,0.0006708590715039952,0.6713097282552454,21,21,42,0.03196712991691645,0,0.0,3,0.0006691621480417314,0.0
bg,50,0.0011111811967854102,0.0011099464731333204,1.1111811967854102,34,34,68,0.03268179990545324,0,0.0,3,0.0011818749310690754,0.0
bg,50,0.0008007962302116951,0.0008001549556093739,0.8007962302116951,21,21,42,0.038133153819604526,0,0.0,3,0.0007133380580440362,0.0
bg,50,0.0004996073486811241,0.0004993577411782679,0.4996073486811241,23,23,46,0.021722058638309744,0,0.0,3,0.00047590361574939127,0.0
bg,50,0.0005127379207773188,0.0005124750206019158,0.5127379207773188,15,15,30,0.03418252805182125,0,0.0,3,0.0005643359074742356,0.0
bg,50,0.0006291914194437869,0.000628795537601485,0.6291914194437869,18,18,36,0.03495507885798816,0,0.0,3,0.0006724273753682144,0.0
bg,50,0.0006891146703776539,0.0006886397913487241,0.6891146703776538,26,26,52,0.026504410399140532,0,0.0,3,0.0007475078188731142,0.0
bg,50,0.0009432413401742643,0.0009423516359484504,0.9432413401742643,24,24,48,0.039301722507261015,0,0.0,3,0.001052129089910405,0.0
bg,50,0.0007925490900295564,0.0007919209559694495,0.7925490900295564,27,27,54,0.029353670001094682,0,0.0,3,0.0008474692429082206,0.0
bg,50,0.0008646914183926739,0.000863943727143632,0.8646914183926739,22,22,44,0.03930415538148518,0,0.0,3,0.0010680933749517322,0.0
bg,50,0.0006648800545098226,0.0006644379890229375,0.6648800545098226,27,27,54,0.024625187204067502,0,0.0,3,0.0007361834290136172,0.0
bg,50,0.000881198656697773,0.000880422145625207,0.881198656697773,22,22,44,0.040054484395353314,0,0.0,3,0.0011284391888576192,0.0
bg,50,0.0005025706296555761,0.0005023180524177837,0.5025706296555761,20,20,40,0.025128531482778806,0,0.0,3,0.0005222176362466325,0.0
bg,50,0.0005881052628591235,0.0005877593950589208,0.5881052628591235,21,21,42,0.028005012517101118,0,0.0,3,0.0005684944467804195,0.0
bg,50,0.0010084593857001777,0.001007442395367571,1.0084593857001778,27,27,54,0.037350347618525105,0,0.0,3,0.0010366596379171853,0.0
bg,50,0.0008740213984661906,0.0008732574850612141,0.8740213984661906,27,27,54,0.03237116290615521,0,0.0,3,0.0007814200106484175,0.0
bg,50,0.0005281167735162171,0.0005278378661897479,0.5281167735162171,20,20,40,0.026405838675810856,0,0.0,3,0.0005287345324540704,0.0
bg,50,0.0008755430425370072,0.0008747764669176722,0.8755430425370072,24,24,48,0.036480960105708636,0,0.0,3,0.0009376935331174443,0.0
bg,50,0.0005872165795374542,0.0005868717562261705,0.5872165795374542,27,27,54,0.021748762205090897,0,0.0,3,0.0004880525126339386,0.0
bg,50,0.0009386863273311264,0.0009378051953100082,0.9386863273311263,28,28,56,0.03352451169039737,0,0.0,3,0.0009527013002142899,0.0
bg,50,0.0003237554850940594,0.00032365066747993084,0.3237554850940594,18,18,36,0.017986415838558853,0,0.0,3,0.00039957659182967626,0.0
bg,50,0.0006873164329540841,0.0006868440290750755,0.6873164329540842,19,19,38,0.03617454910284654,0,0.0,3,0.000581764773876647,0.0
bg,50,0.0005811035873271955,0.0005807659059479909,0.5811035873271955,22,22,44,0.026413799423963432,0,0.0,3,0.000628397514968836,0.0
bg,50,0.0010469123789393251,0.001045816353410149,1.046912378939325,25,25,50,0.041876495157573,0,0.0,3,0.0009167829708595198,0.0
bg,50,0.0008896722404422235,0.00088888072374681,0.8896722404422235,30,30,60,0.029655741348074117,0,0.0,3,0.0010342160409047023,0.0
bg,50,0.0007326172459210909,0.0007320805178920697,0.7326172459210909,28,28,56,0.02616490164003896,0,0.0,3,0.0006244159022270931,0.0
bg,50,0.000682642607211804,0.000682176606282623,0.6826426072118039,20,20,40,0.03413213036059019,0,0.0,3,0.000729344481071178,0.0
bg,50,0.0005152924056026258,0.0005150268793393541,0.5152924056026258,27,27,54,0.019084903911208363,0,0.0,3,0.00037949119530787217,0.0
bg,50,0.000976946846970363,0.0009759924218285576,0.976946846970363,32,32,64,0.030529588967823845,0,0.0,3,0.001036074829756988,0.0
bg,50,0.0005207556283691712,0.000520484441944693,0.5207556283691712,16,16,32,0.0325472267730732,0,0.0,3,0.0005387245212903157,0.0
bg,50,0.0006320653461927748,0.0006316658395909172,0.6320653461927748,25,25,50,0.02528261384771099,0,0.0,3,0.0006995647150377613,0.0
bg,50,0.0010100577572677877,0.001009037540594771,1.0100577572677878,29,29,58,0.034829577836820266,0,0.0,3,0.0009548894803334293,0.0
bg,50,0.0005864012134074806,0.0005860573470243949,0.5864012134074805,24,24,48,0.024433383891978355,0,0.0,3,0.000535919455003497,0.0
bg,50,0.0005924855482899005,0.000592134509164968,0.5924855482899005,32,32,64,0.01851517338405939,0,0.0,3,0.0007294881797057367,0.0
bg,50,0.0006563963485112794,0.0006559654923449403,0.6563963485112794,19,19,38,0.03454717623743576,0,0.0,3,0.0006679173731340131,0.0
bg,50,0.0012647120030170385,0.0012631125065664633,1.2647120030170385,24,24,48,0.05269633345904327,0,0.0,3,0.0010581171083589862,0.0
bg,50,0.0006103920881531479,0.0006100195096518679,0.6103920881531479,29,29,58,0.021048003039763723,0,0.0,3,0.00043446447773894315,0.0
bg,50,0.0007458514700708748,0.0007452951756554677,0.7458514700708747,22,22,44,0.03390233954867612,0,0.0,3,0.000359084279177139,0.0
bg,50,0.0005740529415203284,0.0005737234047406601,0.5740529415203284,21,21,42,0.027335854358110874,0,0.0,3,0.0005219289030891889,0.0
bg,50,0.0008567246114230187,0.0008559906343632007,0.8567246114230187,28,28,56,0.030597307550822097,0,0.0,3,0.0006823528779164595,0.0
bg,50,0.0007879914691251244,0.0007873705385697105,0.7879914691251244,23,23,46,0.0342604986576141,0,0.0,3,0.0007925979277255477,0.0
bg,50,0.000877364264552476,0.0008765944964997623,0.877364264552476,21,21,42,0.04177925069297504,0,0.0,3,0.0008197832804068498,0.0
bg,50,0.0013592608575759898,0.0013574132674970514,1.3592608575759897,32,32,64,0.04247690179924968,0,0.0,3,0.0012907872068296914,0.0
bg,50,0.0004213475728582012,0.0004211700390810477,0.42134757285820124,20,20,40,0.021067378642910063,0,0.0,3,0.0004910120272968036,0.0
bg,50,0.0009890714885501843,0.0009880932261407212,0.9890714885501843,24,24,48,0.04121131202292435,0,0.0,3,0.001256388928297873,0.0
bg,50,0.000830197160727056,0.0008295079334013765,0.830197160727056,26,26,52,0.03193066002796369,0,0.0,3,0.0008522529240399929,0.0
bg,50,0.0003414314360172739,0.0003413148605917731,0.3414314360172739,16,16,32,0.021339464751079618,0,0.0,3,0.00023913194689521622,0.0
bg,50,0.0007916765443246003,0.0007910497925737666,0.7916765443246003,32,32,64,0.02473989201014376,0,0.0,3,0.0008680185615220847,0.0
bg,50,0.0008707700910261194,0.0008700118504746939,0.8707700910261194,29,29,58,0.030026554862969634,0,0.0,3,0.0011387951019612224,0.0
bg,50,0.0009957876438914325,0.0009947960508597056,0.9957876438914326,26,26,52,0.0382995247650551,0,0.0,3,0.0011086671596000962,0.0
bg,50,0.0006277221480975115,0.0006273281130022993,0.6277221480975115,19,19,38,0.03303800779460587,0,0.0,3,0.0006168037571173734,0.0
bg,50,0.0007797474652679383,0.0007791394591583466,0.7797474652679384,25,25,50,0.031189898610717536,0,0.0,3,0.0006483708300803326,0.0
bg,50,0.0006093309088652034,0.000608959624708705,0.6093309088652035,26,26,52,0.02343580418712321,0,0.0,3,0.0005548672230453907,0.0
bg,50,0.0007952686325968053,0.0007946361803988128,0.7952686325968052,20,20,40,0.039763431629840265,0,0.0,3,0.000864234147830915,0.0
bg,50,0.0007900714646886473,0.0007894472517693319,0.7900714646886473,27,27,54,0.02926190609957953,0,0.0,3,0.0007822124083839807,0.0
bg,50,0.0008125986976317279,0.0008119383809883353,0.8125986976317279,26,26,52,0.031253796062758764,0,0.0,3,0.0009020314852801086,0.0
bg,50,0.000899709531586204,0.0008989000543449769,0.899709531586204,22,22,44,0.040895887799372914,0,0.0,3,0.000843197135392969,0.0
bg,50,0.000802183215831584,0.0008015397179198221,0.802183215831584,22,22,44,0.036462873446890184,0,0.0,3,0.0007766766943687142,0.0
bg,50,0.0008039831002497664,0.0008033367114242792,0.8039831002497664,31,31,62,0.0259349387177344,0,0.0,3,0.0007754012326359445,0.0
bg,50,0.0006015587751700195,0.0006011969022100357,0.6015587751700195,19,19,38,0.03166098816684313,0,0.0,3,0.000696227738981898,0.0
bg,50,0.0013053805837451974,0.0013036765652767787,1.3053805837451975,27,27,54,0.048347429027599906,0,0.0,3,0.0012896366785405079,0.0
bg,50,0.0008338483623346988,0.0008331530592433306,0.8338483623346988,33,33,66,0.02526813219196057,0,0.0,3,0.0012363778582736107,0.0
bg,50,0.0011230456917692172,0.001121784460143416,1.1230456917692173,32,32,64,0.03509517786778804,0,0.0,3,0.001150448359825516,0.0
bg,50,0.0007599059855240071,0.0007593285284171719,0.7599059855240071,23,23,46,0.03303939067495683,0,0.0,3,0.0008793432731112775,0.0
bg,50,0.0009810919158754104,0.0009801293745280144,0.9810919158754103,24,24,48,0.040878829828142095,0,0.0,3,0.0010670621874215188,0.0
bg,50,0.0009208219518804271,0.000919974038813362,0.920821951880427,26,26,52,0.03541622891847796,0,0.0,3,0.0009890057823158426,0.0
bg,50,0.001125007635228326,0.0011237419930490039,1.125007635228326,33,33,66,0.03409114046146443,0,0.0,3,0.0011316951856226577,0.0
bg,50,0.0007142136750476453,0.0007137035738740201,0.7142136750476453,24,24,48,0.02975890312698522,0,0.0,3,0.000808731718307411,0.0
bg,50,0.0008474152912659356,0.0008466971785900641,0.8474152912659356,26,26,52,0.0325928958179206,0,0.0,3,0.0007910691567568084,0.0
bg,50,0.0005648815011117633,0.000564562410001465,0.5648815011117634,27,27,54,0.020921537078213457,0,0.0,3,0.0004835853926134495,0.0
bg,50,0.0010773593934159855,0.0010761986901534038,1.0773593934159855,35,35,70,0.030781696954742442,0,0.0,3,0.0010200853839444466,0.0
bg,50,0.0006439693430464057,0.000643554646531622,0.6439693430464057,18,18,36,0.03577607461368921,0,0.0,3,0.0006667701253645858,0.0
bg,50,0.0009032217582771231,0.0009024059487324978,0.9032217582771231,24,24,48,0.037634239928213464,0,0.0,3,0.0009358933654303123,0.0
bg,50,0.00041702075358779567,0.0004168468472788727,0.41702075358779567,21,21,42,0.019858131123228366,0,0.0,3,0.00043999777985407674,0.0
bg,50,0.0008695921033097491,0.0008688359128836105,0.8695921033097491,33,33,66,0.026351275857871184,0,0.0,3,0.0008069769482340447,0.0
bg,50,0.0013065884179370925,0.001304881244643205,1.3065884179370926,32,32,64,0.04083088806053414,0,0.0,3,0.0015878157727640728,0.0
bg,50,0.0006750882625210648,0.0006746325183588712,0.6750882625210648,20,20,40,0.03375441312605324,0,0.0,3,0.0005818889399329209,0.0
bg,50,0.0007447207630335982,0.0007441661540187049,0.7447207630335981,24,24,48,0.031030031793066588,0,0.0,3,0.000742946879870053,0.0
bg,50,0.000436362833630298,0.0004361724211077242,0.43636283363029804,15,15,30,0.0290908555753532,0,0.0,3,0.0003894693772831548,0.0
bg,50,0.0006121580196360696,0.0006117832821950649,0.6121580196360696,17,17,34,0.036009295272709976,0,0.0,3,0.000682481695071417,0.0
bg,50,0.0006896704061347698,0.0006891947608656718,0.6896704061347698,23,23,46,0.029985669831946515,0,0.0,3,0.000635482075232346,0.0
bg,50,0.0009696122400014175,0.0009686720921054569,0.9696122400014175,27,27,54,0.035911564444496946,0,0.0,3,0.001001349983641095,0.0
bg,50,0.0006934058605886832,0.0006929250489011847,0.6934058605886833,24,24,48,0.028891910857861802,0,0.0,3,0.0006147677188611144,0.0
bg,50,0.0010559456893589,0.0010548306680600245,1.0559456893589,29,29,58,0.03641192032272069,0,0.0,3,0.0010815660988512646,0.0
bg,50,0.0004814201501612274,0.0004811883848002461,0.4814201501612274,24,24,48,0.020059172923384477,0,0.0,3,0.0004022480058178519,0.0
bg,50,0.0008623378483953505,0.0008615942218305753,0.8623378483953505,25,25,50,0.03449351393581402,0,0.0,3,0.001030034609002816,0.0
bg,50,0.0008018947660754634,0.000801251730859604,0.8018947660754634,26,26,52,0.030842106387517824,0,0.0,3,0.0007225943276454107,0.0
bg,50,0.0006090263657246488,0.0006086554526105009,0.6090263657246489,22,22,44,0.027683016623847676,0,0.0,3,0.0006687652226176407,0.0
bg,50,0.0011701413527023413,0.001168772121917037,1.1701413527023412,29,29,58,0.04034970181732211,0,0.0,3,0.0009009106371695384,0.0
bg,50,0.0008602351518928444,0.0008594951473762924,0.8602351518928444,19,19,38,0.045275534310149704,0,0.0,3,0.0010702535008179784,0.0
bg,50,0.0007178426610056876,0.0007173273629197278,0.7178426610056876,22,22,44,0.03262921186389489,0,0.0,3,0.0006293007838085262,0.0
bg,50,0.0006707296738768776,0.0006702797955814585,0.6707296738768775,15,15,30,0.04471531159179184,0,0.0,3,0.0005641953522094649,0.0
bg,50,0.0008344110762666333,0.000833714834422437,0.8344110762666332,29,29,58,0.02877279573333218,0,0.0,3,0.0007860256907342975,0.0
bg,50,0.0008311330708758078,0.0008304422886943045,0.8311330708758078,18,18,36,0.04617405949310043,0,0.0,3,0.00095088267890021,0.0
bg,50,0.0007576721508513629,0.0007570980837631874,0.7576721508513629,23,23,46,0.03294226742832013,0,0.0,3,0.0007949771090461983,0.0
bg,50,0.0008469122826849684,0.0008461950222704059,0.8469122826849684,23,23,46,0.03682227316021602,0,0.0,3,0.0008838504859220552,0.0
bg,50,0.0005422808555477161,0.0005419867870214226,0.5422808555477161,18,18,36,0.03012671419709534,0,0.0,3,0.0003627799760430036,0.0
bg,50,0.0004306905996396253,0.00043050510524700737,0.4306905996396253,17,17,34,0.025334741155272077,0,0.0,3,0.0003222631200892683,0.0
bg,50,0.0006605769763956175,0.0006601406144538736,0.6605769763956175,20,20,40,0.033028848819780875,0,0.0,3,0.000508936569465605,0.0
bg,50,0.000600662111844585,0.0006003013168719794,0.600662111844585,18,18,36,0.03337011732469916,0,0.0,3,0.0006560335944104871,0.0
bg,50,0.0008991802930931243,0.0008983717678936373,0.8991802930931243,27,27,54,0.033302973818263866,0,0.0,3,0.0007718514270036085,0.0
bg,50,0.00037913493133058296,0.0003789911880344279,0.37913493133058296,18,18,36,0.02106305174058794,0,0.0,3,0.0003608711554077256,0.0
bg,50,0.0005627554999382909,0.00056243880618558,0.5627554999382909,21,21,42,0.026797880949442424,0,0.0,3,0.0004496425025848645,0.0
bg,50,0.0008944663526073242,0.0008936662825513775,0.8944663526073242,24,24,48,0.037269431358638506,0,0.0,3,0.0009594038113001979,0.0
bg,50,0.0008298133343833741,0.0008291247442134537,0.829813334383374,19,19,38,0.04367438602017758,0,0.0,3,0.0009646428360129321,0.0
bg,50,0.0010652971444712876,0.001064162286465269,1.0652971444712875,36,36,72,0.029591587346424655,0,0.0,3,0.0007480656793290803,0.0
bg,50,0.0007672570114356851,0.0007666683281140881,0.7672570114356851,23,23,46,0.0333590004972037,0,0.0,3,0.0008293857228684252,0.0
bg,50,0.0004820395403797235,0.00048180717826123396,0.4820395403797235,21,21,42,0.022954263827605882,0,0.0,3,0.0004767357023885134,0.0
bg,50,0.0007082243924349356,0.0007077228106448958,0.7082243924349356,24,24,48,0.029509349684788983,0,0.0,3,0.0007726968554183506,0.0
bg,50,0.00046461725705643176,0.0004644013878608771,0.46461725705643175,16,16,32,0.029038578566026985,0,0.0,3,0.0005094546233857369,0.0
bg,50,0.0007938624353529065,0.0007932322177866416,0.7938624353529065,26,26,52,0.030533170590496404,0,0.0,3,0.0009371852320925724,0.0
bg,50,0.000869556126954457,0.0008687999990965328,0.8695561269544569,24,24,48,0.03623150528976904,0,0.0,3,0.0005371825494336243,0.0
bg,50,0.0008262012500378404,0.0008255186415322764,0.8262012500378404,31,31,62,0.02665165322702711,0,0.0,3,0.0008302175507092384,0.0
bg,50,0.0007212966935791699,0.0007207764246590016,0.7212966935791698,23,23,46,0.031360725807789994,0,0.0,3,0.0009490839910779553,0.0
bg,50,0.0009182559376802288,0.0009174127437131437,0.9182559376802288,33,33,66,0.02782593750546148,0,0.0,3,0.000698541143993237,0.0
bg,50,0.0011191984659670027,0.0011179458607607797,1.1191984659670027,30,30,60,0.037306615532233425,0,0.0,3,0.0013026957501141303,0.0
bg,50,0.0013192625561117648,0.0013175221024198062,1.3192625561117648,39,39,78,0.03382724502850679,0,0.0,3,0.0013062061575369118,0.0
bg,50,0.0013047904444691625,0.0013030879663651841,1.3047904444691625,36,36,72,0.03624417901303229,0,0.0,3,0.00159947515033598,0.0
bg,50,0.0007362035163987666,0.0007356615207812087,0.7362035163987666,27,27,54,0.027266796903658023,0,0.0,3,0.0007851130915975358,0.0
bg,50,0.0008023888393668059,0.0008017450115172656,0.8023888393668059,29,29,58,0.027668580667820894,0,0.0,3,0.0007081965955695944,0.0
bg,50,0.0005562789934006247,0.0005559695470821258,0.5562789934006247,22,22,44,0.025285408790937488,0,0.0,3,0.0004629181183636766,0.0
bg,50,0.0011535261038230367,0.0011521954813508357,1.1535261038230367,35,35,70,0.03295788868065819,0,0.0,3,0.001243632130621313,0.0
bg,50,0.0008352516202807294,0.000834553975011548,0.8352516202807294,24,24,48,0.03480215084503039,0,0.0,3,0.0008507979223676382,0.0
bg,50,0.0005733424214816409,0.0005730136999493703,0.5733424214816409,17,17,34,0.033726024793037705,0,0.0,3,0.0005036706793860616,0.0
bg,50,0.0003037760745276614,0.0003036837946242059,0.3037760745276614,10,10,20,0.03037760745276614,0,0.0,3,0.0002858044682210126,0.0
bg,50,0.0006601847736876549,0.0006597489297522459,0.6601847736876549,23,23,46,0.028703685812506735,0,0.0,3,0.0004614362780933776,0.0
bg,50,0.0006054281150476477,0.0006050615718451578,0.6054281150476477,25,25,50,0.024217124601905907,0,0.0,3,0.0005113866148484901,0.0
bg,50,0.0009707719084146178,0.0009698295103164507,0.9707719084146178,28,28,56,0.03467042530052206,0,0.0,3,0.0009579251132289408,0.0
bg,50,0.0004715248661932492,0.00047130253049381055,0.4715248661932492,18,18,36,0.026195825899624953,0,0.0,3,0.000566831761902,0.0
bg,50,0.0009553119449739569,0.0009543993240617468,0.9553119449739569,26,26,52,0.03674276711438296,0,0.0,3,0.0010603731673357395,0.0
bg,50,0.0009137421470292182,0.0009129072223179607,0.9137421470292182,25,25,50,0.03654968588116873,0,0.0,3,0.0009244476483643702,0.0
bg,50,0.0008148784010039023,0.0008142143741954797,0.8148784010039023,18,18,36,0.04527102227799457,0,0.0,3,0.0007909687878580525,0.0
bg,50,0.0009437369935154445,0.000942846354002515,0.9437369935154445,32,32,64,0.02949178104735764,0,0.0,3,0.000982796649480041,0.0
bg,50,0.0009115353226349754,0.0009107044259905641,0.9115353226349754,32,32,64,0.02848547883234298,0,0.0,3,0.0010145018456434915,0.0
bg,50,0.000829354973705918,0.0008286671440335074,0.829354973705918,24,24,48,0.034556457237746585,0,0.0,3,0.0008566344589539965,0.0
bg,50,0.000602125192033526,0.0006017626372866446,0.602125192033526,20,20,40,0.0301062596016763,0,0.0,3,0.0006731377732858927,0.0
bg,50,0.000605122371405642,0.0006047561983212663,0.605122371405642,24,24,48,0.025213432141901748,0,0.0,3,0.000670589110512353,0.0
bg,50,0.0007996281275028039,0.0007989887223605102,0.7996281275028039,29,29,58,0.027573383706993238,0,0.0,3,0.0009335877900143918,0.0
bg,50,0.0009795610374426645,0.0009786014976165887,0.9795610374426644,30,30,60,0.03265203458142215,0,0.0,3,0.0010024869212947487,0.0
bg,50,0.0007982355012315736,0.000797598321316147,0.7982355012315736,24,24,48,0.03325981255131557,0,0.0,3,0.0009885990083807691,0.0
bg,50,0.0007619140672393208,0.0007613335541934635,0.7619140672393208,30,30,60,0.025397135574644025,0,0.0,3,0.0009252236856104053,0.0
bg,50,0.0006046547257551111,0.0006042891184177332,0.6046547257551111,20,20,40,0.03023273628775556,0,0.0,3,0.0006204773344511822,0.0
bg,50,0.0008512806229087317,0.000850555944209792,0.8512806229087317,23,23,46,0.037012200996031815,0,0.0,3,0.0006930017133396537,0.0
bg,50,0.000807066620511101,0.0008064152639811578,0.807066620511101,23,23,46,0.03508985306570005,0,0.0,3,0.000840989548935921,0.0
bg,50,0.000801865544268253,0.0008012225559171685,0.801865544268253,20,20,40,0.040093277213412645,0,0.0,3,0.0006770970561227934,0.0
bg,50,0.0006103778045985938,0.0006100052435342471,0.6103778045985937,23,23,46,0.026538165417330162,0,0.0,3,0.0006559031184060324,0.0
bg,50,0.0011738776889320662,0.0011724997001034939,1.1738776889320661,30,30,60,0.03912925629773554,0,0.0,3,0.0011808968258411655,0.0
bg,50,0.001008612649657326,0.001007595350180277,1.008612649657326,35,35,70,0.0288175042759236,0,0.0,3,0.0009799710536883013,0.0
bg,50,0.0008459361960292266,0.000845220587981474,0.8459361960292267,20,20,40,0.04229680980146133,0,0.0,3,0.0008730666673773774,0.0
bg,50,0.0005563913594858079,0.0005560817881408975,0.5563913594858079,21,21,42,0.026494826642181328,0,0.0,3,0.0004602080890090322,0.0
bg,50,0.0011766142887135408,0.001175229867529136,1.176614288713541,33,33,66,0.03565497844586488,0,0.0,3,0.0013318926573028106,0.0
bg,50,0.0006266980740812898,0.0006263053236052325,0.6266980740812897,26,26,52,0.024103772080049605,0,0.0,3,0.000499070456509198,0.0
bg,50,0.0009297742591048178,0.000928909778931924,0.9297742591048177,26,26,52,0.03576054842710837,0,0.0,3,0.0008447111850792216,0.0
bg,50,0.0006651216391703158,0.0006646792523754232,0.6651216391703159,24,24,48,0.027713401632096495,0,0.0,3,0.0007023506619524834,0.0
bg,50,0.0004789526146700922,0.0004787232190629929,0.4789526146700922,18,18,36,0.0266084785927829,0,0.0,3,0.00042476990801852856,0.0
bg,50,0.0010963769654931124,0.0010951749230426484,1.0963769654931124,26,26,52,0.04216834482665817,0,0.0,3,0.0012890687628582002,0.0
bg,50,0.000993649005934543,0.0009926616675875481,0.9936490059345431,32,32,64,0.03105153143545447,0,0.0,3,0.001427503660749249,0.0
bg,50,0.0011608299275483792,0.001159482401427687,1.160829927548379,31,31,62,0.037446126695109,0,0.0,3,0.0010462846826152692,0.0
bg,50,0.0009990676063199437,0.0009980694702379459,0.9990676063199437,25,25,50,0.03996270425279775,0,0.0,3,0.001073571753306123,0.0
bg,50,0.0006077532170765494,0.0006073838531036826,0.6077532170765494,26,26,52,0.02337512373371344,0,0.0,3,0.0005692086663861281,0.0
bg,50,0.001222713115970386,0.0012212180886064202,1.222713115970386,28,28,56,0.043668325570370925,0,0.0,3,0.0012515683732231442,0.0
bg,50,0.001223766775965263,0.0012222691708433067,1.223766775965263,28,28,56,0.04370595628447368,0,0.0,3,0.001159295624041454,0.0
bg,50,0.0009594300908970262,0.0009585095847977074,0.9594300908970261,24,24,48,0.03997625378737609,0,0.0,3,0.0010146401917861846,0.0
bg,50,0.0007015979490239204,0.0007011057093418459,0.7015979490239204,19,19,38,0.03692620784336423,0,0.0,3,0.0007226846564350485,0.0
bg,50,0.0007132630642171698,0.0007127543200183933,0.7132630642171698,23,23,46,0.031011437574659555,0,0.0,3,0.0009026127633688829,0.0
bg,50,0.0012770856715069118,0.0012754547236945436,1.2770856715069119,37,37,74,0.034515828959646264,0,0.0,3,0.00103897536810397,0.0
bg,50,0.0008934901920339939,0.000892691867310733,0.8934901920339939,22,22,44,0.040613190546999724,0,0.0,3,0.0009305608052323963,0.0
bg,50,0.000722070818746193,0.0007215494324789083,0.722070818746193,26,26,52,0.02777195456716127,0,0.0,3,0.0006428983302072994,0.0
bg,50,0.0007811636404709525,0.0007805534238377587,0.7811636404709525,21,21,42,0.03719826859385488,0,0.0,3,0.0006714276052880426,0.0
bg,50,0.0007653740302267806,0.000764788232820635,0.7653740302267806,23,23,46,0.03327713174899046,0,0.0,3,0.000629161522110103,0.0
bg,50,0.0007289911837457339,0.0007284597555997548,0.7289911837457339,22,22,44,0.03313596289753336,0,0.0,3,0.0006253585438470292,0.0
bg,50,0.000668442326960232,0.00066799551181576,0.668442326960232,23,23,46,0.029062709867836174,0,0.0,3,0.00068733477622324,0.0
bg,50,0.0007198626983226432,0.0007193444960182068,0.7198626983226433,27,27,54,0.026661581419357157,0,0.0,3,0.0006675210688599351,0.0
bg,50,0.0007591536948486066,0.0007585773805162042,0.7591536948486066,24,24,48,0.031631403952025273,0,0.0,3,0.0007632114331107712,0.0
bg,50,0.0006713933584345355,0.0006709425893927856,0.6713933584345355,26,26,52,0.025822821478251365,0,0.0,3,0.0005884891930241456,0.0
bg,50,0.0005299428698373454,0.000529662030392054,0.5299428698373454,16,16,32,0.03312142936483409,0,0.0,3,0.00040584932462096396,0.0
bg,50,0.0007913943061813243,0.000790768001233468,0.7913943061813242,25,25,50,0.03165577224725297,0,0.0,3,0.0006204795196951778,0.0
bg,50,0.0006809165906749506,0.0006804529432714942,0.6809165906749506,27,27,54,0.02521913298796113,0,0.0,3,0.0006293904385172937,0.0
bg,50,0.0004398740718328327,0.00043968058263376184,0.43987407183283267,19,19,38,0.023151266938570142,0,0.0,3,0.000539604632847184,0.0
bg,50,0.0010000118308863292,0.0009990118072244164,1.0000118308863293,28,28,56,0.03571470824594033,0,0.0,3,0.001098138831781191,0.0
bg,50,0.0010124371600113982,0.001011412131008426,1.0124371600113982,20,20,40,0.05062185800056991,0,0.0,3,0.0010309757997233725,0.0
bg,50,0.000985427571303724,0.0009844565038054384,0.9854275713037239,29,29,58,0.03398026107943876,0,0.0,3,0.0008554086788687503,0.0
bg,50,0.0012430190987315886,0.0012414740022517767,1.2430190987315886,30,30,60,0.04143396995771962,0,0.0,3,0.0016624163802789382,0.0
bg,50,0.0011187132635879777,0.0011174617442218499,1.1187132635879777,28,28,56,0.03995404512814206,0,0.0,3,0.0009146235824542863,0.0
bg,50,0.00043197261467244096,0.00043178601433261406,0.43197261467244097,25,25,50,0.01727890458689764,0,0.0,3,0.0004866830475299677,0.0
bg,50,0.0008334344607208127,0.0008327398477204957,0.8334344607208127,29,29,58,0.028739119335200437,0,0.0,3,0.00075070939989875,0.0
bg,50,0.001447486483689623,0.0014453912665691585,1.447486483689623,29,29,58,0.0499133270237801,0,0.0,3,0.0015801290675628958,0.0
bg,50,0.0007361416331407185,0.0007355997286366755,0.7361416331407185,17,17,34,0.04330244900827756,0,0.0,3,0.0009379783829991269,0.0
bg,50,0.0011711056153550223,0.001169734126992706,1.1711056153550223,36,36,72,0.032530711537639506,1,0.001,3,0.0011394112211465064,0.7428729741447855
bg,50,0.0008964314502013693,0.0008956278608564592,0.8964314502013693,32,32,64,0.02801348281879279,0,0.0,3,0.0008994164170506426,0.0
bg,50,0.0007585671395294468,0.0008263470810583066,0.7585671395294469,25,25,50,0.030342685581177874,0,0.0,3,0.0008081458241708688,0.0
bg,50,0.0008718146606176526,0.000871054599815185,0.8718146606176527,28,28,56,0.031136237879201882,0,0.0,3,0.0009276347979968894,0.0
bg,50,0.0012408947124312934,0.0012393548927439534,1.2408947124312935,25,25,50,0.04963578849725174,0,0.0,3,0.0011778600903763596,0.0
bg,50,0.0007437707580540263,0.0007432175631134901,0.7437707580540263,24,24,48,0.030990448252251095,0,0.0,3,0.0009583149253304586,0.0
bg,50,0.0006726344441183833,0.0006721820070229689,0.6726344441183834,24,24,48,0.028026435171599307,0,0.0,3,0.0007307966815206428,0.0
bg,50,0.0007018107537168064,0.0007013182153827737,0.7018107537168063,27,27,54,0.025992990878400235,0,0.0,3,0.0006665957807439851,0.0
bg,50,0.0006291219807821826,0.0006287261863154793,0.6291219807821826,20,20,40,0.031456099039109134,0,0.0,3,0.0006244175165256387,0.0
bg,50,0.000901287119268428,0.0009004748007970689,0.901287119268428,26,26,52,0.034664889202631846,0,0.0,3,0.0007370211014269728,0.0
bg,50,0.0008529142733086808,0.0008521868105510671,0.8529142733086807,22,22,44,0.03876883060494003,0,0.0,3,0.000583536665467081,0.0
bg,50,0.0007159392999447913,0.0007154267308635858,0.7159392999447913,24,24,48,0.029830804164366304,0,0.0,3,0.0008813553999319227,0.0
bg,50,0.0005845857098771035,0.0005842439694249108,0.5845857098771035,19,19,38,0.030767668940900182,0,0.0,3,0.0005629085601306339,0.0
bg,50,0.0006112893801975829,0.0006109157054912404,0.6112893801975829,18,18,36,0.033960521122087944,0,0.0,3,0.0006450579760177529,0.0
bg,50,0.0008525350758098469,0.0008518082597543607,0.8525350758098469,26,26,52,0.032789810608071034,0,0.0,3,0.0005902630737585827,0.0
bg,50,0.0011132944556949801,0.0011120550311498989,1.1132944556949802,32,32,64,0.03479045174046813,0,0.0,3,0.0013152192044337788,0.0
bg,50,0.0008271324412683612,0.0008264482931929628,0.8271324412683612,22,22,44,0.03759692914856187,0,0.0,3,0.000770160117053149,0.0
bg,50,0.0005860430101409691,0.0005856995637312341,0.586043010140969,23,23,46,0.025480130875694305,0,0.0,3,0.0006312077392387874,0.0
bg,50,0.0009340815332560268,0.000933209024945257,0.9340815332560268,29,29,58,0.03220970804331127,0,0.0,3,0.0009454169893414023,0.0
bg,50,0.0006091854967454821,0.0006088143897760372,0.6091854967454822,24,24,48,0.025382729031061757,0,0.0,3,0.0006255458161721835,0.0
bg,50,0.0008004701299414307,0.0007998293775125022,0.8004701299414307,25,25,50,0.03201880519765723,0,0.0,3,0.001054364191727522,0.0
bg,50,0.0012328440844562678,0.001231324179919689,1.2328440844562678,44,44,88,0.02801918373764245,0,0.0,3,0.0011969627784865003,0.0
bg,50,0.0005721745887224045,0.0005718472049624249,0.5721745887224046,19,19,38,0.030114452038021294,0,0.0,3,0.0006122364432525121,0.0
bg,50,0.0010695660651966392,0.0010684220936288192,1.0695660651966392,29,29,58,0.03688158845505653,0,0.0,3,0.0008441091909687175,0.0
bg,50,0.0007419734005799156,0.0007414228760527476,0.7419734005799157,19,19,38,0.039051231609469245,0,0.0,3,0.0004494876897843753,0.0
bg,50,0.0012070606263727796,0.0012056036310170402,1.2070606263727797,29,29,58,0.04162278021975102,0,0.0,3,0.0012155584464458068,0.0
bg,50,0.0007420269578662597,0.0007414763538600592,0.7420269578662597,28,28,56,0.02650096278093785,0,0.0,3,0.0006936090732195304,0.0
bg,50,0.0008656260994375167,0.0008648767908934891,0.8656260994375167,27,27,54,0.03206022590509321,0,0.0,3,0.0009110813791746701,0.0
bg,50,0.00046533140494113567,0.00046511487162471113,0.4653314049411357,18,18,36,0.02585174471895198,0,0.0,3,0.0005174441185716078,0.0
bg,50,0.0011064751912655754,0.001174834863073235,1.1064751912655755,28,28,56,0.0395169711166277,0,0.0,3,0.0010920385019206754,0.0
bg,50,0.0007794151717496707,0.0007788076837397173,0.7794151717496707,19,19,38,0.04102185114471951,0,0.0,3,0.0008587210713281723,0.0
bg,50,0.0006326301181073433,0.0006322298972410067,0.6326301181073433,22,22,44,0.028755914459424693,0,0.0,3,0.0005999978995937898,0.0
bg,50,0.0008617114319566639,0.000860968885364699,0.8617114319566639,29,29,58,0.02971418730885048,0,0.0,3,0.0009596998162157336,0.0
bg,50,0.0005383166541620672,0.000538026869341919,0.5383166541620672,21,21,42,0.025634126388669867,0,0.0,3,0.0006286560556596411,0.0
bg,50,0.0014409276479471168,0.0014388513754604983,1.4409276479471167,35,35,70,0.04116936136991762,0,0.0,3,0.0015884826587120857,0.0
bg,50,0.0010601606729623463,0.0010590367323098503,1.0601606729623463,26,26,52,0.04077541049855178,0,0.0,3,0.0013392165339406591,0.0
bg,50,0.0008617498359117235,0.0008610072231320297,0.8617498359117235,25,25,50,0.03446999343646894,0,0.0,3,0.0009503383574881052,0.0
bg,50,0.0008492109479258545,0.0008484897886917774,0.8492109479258545,24,24,48,0.0353837894969106,0,0.0,3,0.000833327801391078,0.0
bg,50,0.0006678688333955023,0.0006674227846168814,0.6678688333955023,23,23,46,0.029037775365021837,0,0.0,3,0.0008388113551400713,0.0
bg,50,0.0008449701703769321,0.0008442561957881053,0.8449701703769321,25,25,50,0.033798806815077284,0,0.0,3,0.0010776440703634273,0.0
bg,50,0.0010036296530464277,0.0010026223805659534,1.0036296530464277,33,33,66,0.03041301978928569,0,0.0,3,0.0010384226287778028,0.0
bg,50,0.0006991000721142325,0.0006986113312034024,0.6991000721142324,21,21,42,0.03329047962448726,0,0.0,3,0.0006282760059861247,0.0
bg,50,0.0008008474922957589,0.0008002061355898426,0.8008474922957589,19,19,38,0.04214986801556626,0,0.0,3,0.0007414927725079328,0.0
bg,50,0.0012590174168052748,0.0012574322919494559,1.2590174168052748,29,29,58,0.04341439368294051,0,0.0,3,0.0014579228946538228,0.0
bg,50,0.0005720638115014029,0.0005717365544969735,0.572063811501403,22,22,44,0.026002900522791042,0,0.0,3,0.0005996534128804859,0.0
bg,50,0.0006945327973177307,0.0006940504215111808,0.6945327973177307,23,23,46,0.03019707814424916,0,0.0,3,0.0006787761421016063,0.0
bg,50,0.0008379515455089627,0.000837249382716342,0.8379515455089628,28,28,56,0.029926840911034387,0,0.0,3,0.0009090604754682836,0.0
bg,50,0.0007565129204608673,0.0007559406086620433,0.7565129204608674,29,29,58,0.02608665242968508,0,0.0,3,0.0008050558158351827,0.0
bg,50,0.0007790563004932344,0.0007784493717738962,0.7790563004932345,26,26,52,0.029963703865124404,0,0.0,3,0.0008404266402749916,0.0
bg,50,0.0007265535052879941,0.0007260256252919483,0.7265535052879941,26,26,52,0.027944365587999773,0,0.0,3,0.0008056379972023196,0.0
bg,50,0.0011102150428421724,0.0011089824654008193,1.1102150428421724,31,31,62,0.035813388478779754,0,0.0,3,0.0007289686752955278,0.0
bg,50,0.0011709965348140764,0.0011696253019295299,1.1709965348140763,28,28,56,0.04182130481478844,0,0.0,3,0.001162590280240144,0.0
bg,50,0.0006582415419823952,0.0006578082600548038,0.6582415419823953,24,24,48,0.027426730915933135,0,0.0,3,0.0006359619862238523,0.0
bg,50,0.0013585033278181512,0.001356657796526458,1.358503327818151,35,35,70,0.038814380794804315,0,0.0,3,0.000989345145055952,0.0
bg,50,0.0010780856554380024,0.0010769233867575412,1.0780856554380023,31,31,62,0.034776956627032334,0,0.0,3,0.0010121205597775544,0.0
bg,50,0.0008455262329613973,0.0008448113183507714,0.8455262329613973,19,19,38,0.04450138068217881,0,0.0,3,0.000910948850772211,0.0
bg,50,0.0008433078745858893,0.0008425967064145508,0.8433078745858893,27,27,54,0.031233624984662565,0,0.0,3,0.0008821896971193091,0.0
bg,50,0.0005671900930361317,0.0005668683884344934,0.5671900930361318,23,23,46,0.024660438827657904,0,0.0,3,0.0006261837895313362,0.0
bg,50,0.0008883174685985327,0.0008875283606735153,0.8883174685985327,25,25,50,0.035532698743941306,0,0.0,3,0.0010928515649944613,0.0
bg,50,0.0008819655774796189,0.0008811877141997597,0.8819655774796189,21,21,42,0.0419983608323628,0,0.0,3,0.0010622183724728453,0.0
bg,50,0.00043973940439909144,0.00043954603365531006,0.4397394043990914,16,16,32,0.027483712774943214,0,0.0,3,0.0002653899144312415,0.0
bg,50,0.0006622908778121754,0.000661852248605342,0.6622908778121754,26,26,52,0.025472726069699057,0,0.0,3,0.0008134424446785819,0.0
bg,50,0.0009432898305284425,0.0009424000348240641,0.9432898305284425,30,30,60,0.031442994350948085,0,0.0,3,0.0009964282094012094,0.0
bg,50,0.0007706851274707205,0.0007700911719050159,0.7706851274707205,25,25,50,0.03082740509882882,0,0.0,3,0.000635839688956184,0.0
bg,50,0.0008433589794870429,0.0008426477251187614,0.8433589794870429,29,29,58,0.029081344120242856,0,0.0,3,0.0009227384510858943,0.0
bg,50,0.0008500630683740767,0.0008493404611538631,0.8500630683740766,29,29,58,0.02931251959910609,0,0.0,3,0.0008959549866977594,0.0
bg,50,0.0006912407832199356,0.0006907629693995493,0.6912407832199357,26,26,52,0.026586183969997526,0,0.0,3,0.0007185218746298658,0.0
bg,50,0.0010521155112247645,0.001051008564175805,1.0521155112247644,22,22,44,0.047823432328398384,0,0.0,3,0.0011382564160686292,0.0
bg,50,0.0008638712352299648,0.0008631249617189069,0.8638712352299649,25,25,50,0.0345548494091986,0,0.0,3,0.0009772603104818336,0.0
bg,50,0.0008920621158989625,0.0008912663410803403,0.8920621158989626,27,27,54,0.033039337625887504,0,0.0,3,0.0009748842406350671,0.0
bg,50,0.0009025881966874074,0.000901773531234608,0.9025881966874074,28,28,56,0.03223529273883598,0,0.0,3,0.0009015240773707782,0.0
bg,50,0.0009770658315969615,0.0009761111739576873,0.9770658315969616,32,32,64,0.03053330723740505,0,0.0,3,0.0010194597380399977,0.0
bg,50,0.0005225204088661784,0.0005222473812884966,0.5225204088661783,22,22,44,0.02375092767573538,0,0.0,3,0.00048488079232622246,0.0
bg,50,0.00092020251142268,0.0009193557387606513,0.92020251142268,27,27,54,0.034081574497136294,0,0.0,3,0.001026218127533683,0.0
bg,50,0.0009549428178481776,0.0009540309020628178,0.9549428178481776,30,30,60,0.03183142726160592,0,0.0,3,0.001116389166148922,0.0
bg,50,0.0011806454028014403,0.0011792514792342843,1.1806454028014404,31,31,62,0.038085335574240015,0,0.0,3,0.001375987542952625,0.0
bg,50,0.0011863847927178596,0.0011849772838414675,1.1863847927178597,27,27,54,0.043940177508068876,0,0.0,3,0.0010937673085858384,0.0
bg,50,0.00046031659817167636,0.000460104706801124,0.46031659817167636,19,19,38,0.02422718937745665,0,0.0,3,0.0004759215964477369,0.0
bg,50,0.0011089248842750532,0.0011076951698760888,1.1089248842750532,33,33,66,0.03360378437197131,0,0.0,3,0.0010718520098594883,0.0
bg,50,0.0007815844130030345,0.0007809735388083853,0.7815844130030345,31,31,62,0.025212400419452725,0,0.0,3,0.0007668804764541349,0.0
bg,50,0.0009111481425689512,0.0009103179516312442,0.9111481425689512,28,28,56,0.03254100509174825,0,0.0,3,0.0010378729923693386,0.0
bg,50,0.0006147052504408137,0.0006143273878958941,0.6147052504408137,16,16,32,0.038419078152550856,0,0.0,3,0.0005274175189225818,0.0
bg,50,0.0010700048887312618,0.001068859978269353,1.0700048887312619,27,27,54,0.03962981069375044,0,0.0,3,0.0012887878711046472,0.0
bg,50,0.0005508800284941557,0.000550576559688362,0.5508800284941557,18,18,36,0.030604446027453096,0,0.0,3,0.0005956357683636727,0.0
bg,50,0.0005497512746364492,0.0005494490481724849,0.5497512746364492,19,19,38,0.028934277612444697,0,0.0,3,0.000570501629604792,0.0
bg,50,0.0004334402007729636,0.00043325233036531753,0.43344020077296364,14,14,28,0.030960014340925972,0,0.0,3,0.000298125609408149,0.0
bg,50,0.0009325674521248714,0.0009316977700721086,0.9325674521248715,28,28,56,0.033305980433031124,0,0.0,3,0.0007130736253226642,0.0
bg,50,0.0011239737108682205,0.0011227103939654974,1.1239737108682206,25,25,50,0.04495894843472883,0,0.0,3,0.0013240088103624271,0.0
bg,50,0.0007152532021429536,0.000714741614999778,0.7152532021429536,21,21,42,0.0340596762925216,0,0.0,3,0.0007171823441846885,0.0
bg,50,0.0010432373867866147,0.0010421490425414253,1.0432373867866147,29,29,58,0.03597370299264189,0,0.0,3,0.0007477190523193542,0.0
bg,50,0.0012213131146537677,0.0012198215089297424,1.2213131146537677,30,30,60,0.04071043715512559,0,0.0,3,0.001332590834826931,0.0
bg,50,0.0009026426553320163,0.0009018278915687915,0.9026426553320164,26,26,52,0.03471702520507755,0,0.0,3,0.0009736079866465967,0.0
bg,50,0.0005804757633932241,0.0005801388112813373,0.580475763393224,20,20,40,0.029023788169661204,0,0.0,3,0.0007168520031957888,0.0
bg,50,0.00037066719954923145,0.0003705298053764098,0.37066719954923144,16,16,32,0.023166699971826965,0,0.0,3,0.00042432704639322043,0.0
bg,50,0.0007036168313886506,0.0007031217547432373,0.7036168313886506,17,17,34,0.041389225375802974,0,0.0,3,0.0006431922862369795,0.0
bg,50,0.000808298704835142,0.0008076453580389038,0.808298704835142,29,29,58,0.027872369132246274,0,0.0,3,0.0008006130262515343,0.0
bg,50,0.0009297916345102291,0.0009289271220266239,0.9297916345102291,32,32,64,0.029055988578444658,0,0.0,3,0.0007547166005826833,0.0
bg,50,0.0009333472951270814,0.0009324761579537603,0.9333472951270814,27,27,54,0.03456841833804005,0,0.0,3,0.0008412305674361113,0.0
bg,50,0.0009267814383688062,0.0009259225145343012,0.9267814383688062,23,23,46,0.04029484514646984,0,0.0,3,0.0007587076565391388,0.0
bg,50,0.0009218874018719662,0.0009210375254902358,0.9218874018719662,28,28,56,0.032924550066855934,0,0.0,3,0.0009887622592261772,0.0
bg,50,0.0008618557093924544,0.0008611129141286418,0.8618557093924544,26,26,52,0.0331482965150944,0,0.0,3,0.000861379826749163,0.0
bg,50,0.0008023940362328972,0.0008017502000435149,0.8023940362328972,25,25,50,0.03209576144931589,0,0.0,3,0.0008050001223489802,0.0
bg,50,0.0010441794816213408,0.0010430891708315016,1.0441794816213408,26,26,52,0.04016074929312849,0,0.0,3,0.0011145472411391367,0.0
bg,50,0.000996639649695635,0.0009956463591042895,0.9966396496956351,34,34,68,0.029312930873401033,0,0.0,3,0.0010392864135646525,0.0
bg,50,0.0007685149999496295,0.0007679243846444819,0.7685149999496295,20,20,40,0.038425749997481475,0,0.0,3,0.0005868636634519784,0.0
bg,50,0.0007693318799212534,0.0007687400083797902,0.7693318799212534,31,31,62,0.024817157416814627,0,0.0,3,0.0007161472763557658,0.0
bg,50,0.0006769323500340434,0.0006764741126275206,0.6769323500340434,22,22,44,0.030769652274274698,0,0.0,3,0.0006974667839453433,0.0
bg,50,0.001056170145312545,0.0010550546499366953,1.056170145312545,30,30,60,0.03520567151041817,0,0.0,3,0.0010704328171614334,0.0
bg,50,0.0009348891196640637,0.0009340151019979972,0.9348891196640636,26,26,52,0.035957273833233216,0,0.0,3,0.0009834374468075749,0.0
bg,50,0.0007632103370735237,0.0007626278470549079,0.7632103370735237,22,22,44,0.03469137895788744,0,0.0,3,0.0008099983236882478,0.0
bg,50,0.001041367821347059,0.001040283374407722,1.041367821347059,23,23,46,0.045276861797698215,0,0.0,3,0.0009840117920976385,0.0
bg,50,0.0006461078680864603,0.0006456904127092569,0.6461078680864603,25,25,50,0.02584431472345841,0,0.0,3,0.0006540329550266108,0.0
bg,50,0.0006976279917571447,0.0006971413069422615,0.6976279917571446,24,24,48,0.029067832989881026,0,0.0,3,0.0005107296680515723,0.0
bg,50,0.0011349320170566202,0.00113364394637328,1.1349320170566202,37,37,74,0.030673838298827572,0,0.0,3,0.001137759501697375,0.0
bg,50,0.000834842113730879,0.0008341451523760203,0.834842113730879,25,25,50,0.033393684549235164,0,0.0,3,0.0008634844150123623,0.0
bg,50,0.0008442807901991536,0.0008435679801464542,0.8442807901991536,29,29,58,0.02911313069652254,0,0.0,3,0.000926968208239859,0.0
bg,50,0.0009104515339901483,0.0009096226119944032,0.9104515339901482,20,20,40,0.04552257669950741,0,0.0,3,0.0009286697399595162,0.0
bg,50,0.0006848449824179692,0.0006843759697680262,0.6848449824179692,21,21,42,0.03261166582942711,0,0.0,3,0.0005457214616193863,0.0
bg,50,0.0008525613382847723,0.0008518344774492343,0.8525613382847723,29,29,58,0.029398666837405944,0,0.0,3,0.0008436739776665282,0.0
bg,50,0.000532268699234919,0.0005319853892667339,0.532268699234919,18,18,36,0.029570483290828835,0,0.0,3,0.0004636251697709476,0.0
bg,50,0.0008045326114423261,0.000803885338719452,0.8045326114423261,22,22,44,0.03656966415646937,0,0.0,3,0.0007000802265050848,0.0
bg,50,0.0007287191765924525,0.000728188144954119,0.7287191765924526,24,24,48,0.030363299024685524,0,0.0,3,0.0007406410631225854,0.0
bg,50,0.000835478131542736,0.0008347801078344498,0.835478131542736,23,23,46,0.036325136154031996,0,0.0,3,0.0007266032457398373,0.0
bg,50,0.0006903802286098611,0.0006899036037498054,0.690380228609861,30,30,60,0.02301267428699537,0,0.0,3,0.0008069793296431917,0.0
bg,50,0.0011634936095353278,0.0011971760247622063,1.1634936095353279,37,37,74,0.03144577323068454,1,0.001,3,0.001144315681650854,1.062598501247647
bg,50,0.0008879557179483478,0.0008871672525913105,0.8879557179483477,29,29,58,0.030619162687874058,0,0.0,3,0.001061128928784164,0.0
bg,50,0.001022983347652488,0.0010219368527229137,1.022983347652488,29,29,58,0.035275287850085796,0,0.0,3,0.0009882275598453332,0.0
bg,50,0.0005029969928627338,0.0005027439868879049,0.5029969928627338,23,23,46,0.021869434472292774,0,0.0,3,0.0005327686721161972,0.0
bg,50,0.0008984492898976946,0.0008976420787711769,0.8984492898976946,30,30,60,0.029948309663256487,0,0.0,3,0.0009390567787495978,0.0
bg,50,0.00037983905454454535,0.00037969477683718803,0.37983905454454536,13,13,26,0.029218388811118875,0,0.0,3,0.00033030166733188904,0.0
bg,50,0.0008356905540026709,0.0008349921753006216,0.8356905540026709,30,30,60,0.02785635180008903,0,0.0,3,0.0006812606546444742,0.0
bg,50,0.0011183291608432952,0.0011170785007313029,1.1183291608432953,30,30,60,0.03727763869477651,0,0.0,3,0.0008786180106412408,0.0
bg,50,0.0007565925165793317,0.0007560200843431878,0.7565925165793317,23,23,46,0.03289532680779703,0,0.0,3,0.0007691723143905516,0.0
bg,50,0.0008382483573051828,0.0008375456969966581,0.8382483573051829,21,21,42,0.039916588443103945,0,0.0,3,0.0006826220925763588,0.0
bg,50,0.001065312202877264,0.0010641773127876644,1.065312202877264,28,28,56,0.03804686438847371,0,0.0,3,0.0012389834055689607,0.0
bg,50,0.00040411320591042,0.0004039498984272289,0.40411320591042,16,16,32,0.02525707536940125,0,0.0,3,0.0004264528210165506,0.0
bg,50,0.0009318982280725905,0.0009310297937651055,0.9318982280725905,29,29,58,0.032134421657675535,0,0.0,3,0.0006741966896714446,0.0
bg,50,0.0009748934986356268,0.0009739430813019448,0.9748934986356268,27,27,54,0.03610716661613433,0,0.0,3,0.0009122033614375042,0.0
bg,50,0.0009958098679051445,0.0009948182306121274,0.9958098679051446,34,34,68,0.029288525526621898,0,0.0,3,0.0010476188003283075,0.0
bg,50,0.0009467513381256118,0.0009458550000293692,0.9467513381256119,21,21,42,0.045083397053600566,0,0.0,3,0.0011790804342035228,0.0
bg,50,0.0005638549971152855,0.0005635370646575136,0.5638549971152855,26,26,52,0.021686730658280213,0,0.0,3,0.0004663281768281566,0.0
bg,50,0.0009251069666280838,0.0009242511437283801,0.9251069666280838,24,24,48,0.03854612360950349,0,0.0,3,0.0011511669761399724,0.0
bg,50,0.00042607171512900455,0.00042589017802257157,0.42607171512900455,19,19,38,0.022424827112052872,0,0.0,3,0.00045336372652964306,0.0
bg,50,0.0008178670625720324,0.0008171981560399922,0.8178670625720325,27,27,54,0.030291372687853053,0,0.0,3,0.0007446262683726601,0.0
bg,50,0.000786868386714552,0.0007862492248565413,0.7868683867145521,23,23,46,0.03421166898758922,0,0.0,3,0.0008317504970644202,0.0
bg,50,0.0007346414051710202,0.0007341017071768285,0.7346414051710202,19,19,38,0.03866533711426422,0,0.0,3,0.00048171474566132625,0.0
bg,50,0.001066519503334227,0.0010653820394832347,1.0665195033342272,32,32,64,0.0333287344791946,0,0.0,3,0.0013344958675896598,0.0
bg,50,0.0011073056488819476,0.0011060795230819014,1.1073056488819475,30,30,60,0.03691018829606492,0,0.0,3,0.0011633916764316459,0.0
bg,50,0.0006760678553394683,0.0006756107875944451,0.6760678553394683,18,18,36,0.03755932529663713,0,0.0,3,0.0006582319702996105,0.0
bg,50,0.0008449593623386704,0.0008442454060146665,0.8449593623386704,27,27,54,0.03129479119772854,0,0.0,3,0.00069232355579853,0.0
bg,50,0.0006719153906829103,0.0006714639203906737,0.6719153906829103,27,27,54,0.024885755210478158,0,0.0,3,0.0005559978760006437,0.0
bg,50,0.0007160624853176927,0.0007155497398348133,0.7160624853176927,26,26,52,0.027540864819911255,0,0.0,3,0.0007853835285639611,0.0
bg,50,0.0007681610412221466,0.000767570969836895,0.7681610412221467,28,28,56,0.027434322900790953,0,0.0,3,0.00075247440554073,0.0
bg,50,0.0010351459479986112,0.0010340744208649532,1.0351459479986111,36,36,72,0.02875405411107253,0,0.0,3,0.0012849842478348161,0.0
bg,50,0.0005942590311458886,0.0005939058873497903,0.5942590311458886,22,22,44,0.027011774142994938,0,0.0,3,0.000541520229828242,0.0
bg,50,0.0005792269083637791,0.0005788914045524065,0.5792269083637791,19,19,38,0.030485626755988374,0,0.0,3,0.000540565179478689,0.0
bg,50,0.0009468492088178771,0.0009459526853936382,0.946849208817877,23,23,46,0.04116735690512509,0,0.0,3,0.0007867958958132843,0.0
bg,50,0.0010126498746304052,0.001011624414861816,1.0126498746304051,29,29,58,0.0349189611941519,0,0.0,3,0.0009980420267453125,0.0
bg,50,0.0007793387890240955,0.0007787314200760179,0.7793387890240955,25,25,50,0.031173551560963818,0,0.0,3,0.0008498263363966815,0.0
bg,50,0.0008071356892812815,0.0008064842212603699,0.8071356892812815,25,25,50,0.03228542757125126,0,0.0,3,0.0009448473506867316,0.0
bg,50,0.0004658134214314984,0.0004655964392879127,0.4658134214314984,21,21,42,0.02218159149673802,0,0.0,3,0.0006125105042010597,0.0
bg,50,0.0008944765951239173,0.0008936765067446928,0.8944765951239173,28,28,56,0.03194559268299705,0,0.0,3,0.0008671427777581747,0.0
bg,50,0.0008167868571375454,0.0008161197163675528,0.8167868571375454,22,22,44,0.03712667532443388,0,0.0,3,0.0008473938453356575,0.0
bg,50,0.001302246196902466,0.001300550351745119,1.3022461969024661,33,33,66,0.0394620059667414,0,0.0,3,0.0009187548965394962,0.0
bg,50,0.0011050677142677187,0.001103846539614602,1.1050677142677188,26,26,52,0.04250260439491226,0,0.0,3,0.0010014061674867465,0.0
bg,50,0.0007081909468407979,0.0007076894124236106,0.7081909468407979,25,25,50,0.028327637873631916,0,0.0,3,0.0006574074386614826,0.0
bg,50,0.0006964001909594337,0.0006959152177334656,0.6964001909594337,29,29,58,0.024013799688256336,0,0.0,3,0.0005192766621389359,0.0
bg,50,0.0005787372726114408,0.0005784023357807311,0.5787372726114408,24,24,48,0.0241140530254767,0,0.0,3,0.0005300731055780716,0.0
bg,50,0.0007676746167628537,0.0007670852924456319,0.7676746167628536,22,22,44,0.03489430076194789,0,0.0,3,0.0008021311399290796,0.0
bg,50,0.0005004702129942871,0.0005002197425601926,0.5004702129942871,17,17,34,0.02943942429378159,0,0.0,3,0.0003525151442757984,0.0
bg,50,0.0005621602958580354,0.0005618442716597964,0.5621602958580354,21,21,42,0.026769537898001686,0,0.0,3,0.0005740979281549519,0.0
bg,50,0.0013946416863072813,0.001392696660874095,1.3946416863072812,32,32,64,0.04358255269710254,0,0.0,3,0.0015129119328917873,0.0
bg,50,0.0006478355161361407,0.0006474158252801733,0.6478355161361407,24,24,48,0.026993146505672527,0,0.0,3,0.0006790716488292762,0.0
bg,50,0.0008355903219507876,0.0008724551838046688,0.8355903219507876,34,34,68,0.02457618593972905,0,0.0,3,0.0008737728350006832,0.0
bg,50,0.000842145747388198,0.0008414365379283539,0.8421457473881979,27,27,54,0.031190583236599925,0,0.0,3,0.0009197918826010356,0.0
bg,50,0.0009465844736361255,0.0009456884514703965,0.9465844736361255,29,29,58,0.03264084391848709,0,0.0,3,0.0010967487610805346,0.0
bg,50,0.0009613719766954176,0.0009604477406178422,0.9613719766954176,28,28,56,0.03433471345340777,0,0.0,3,0.0009132464698077593,0.0
bg,50,0.0007421861567718189,0.000741635316480515,0.7421861567718189,29,29,58,0.02559262609557996,0,0.0,3,0.0007786710426440804,0.0
bg,50,0.0006660881582182325,0.0007240432078189388,0.6660881582182324,23,23,46,0.02896035470514054,1,0.001,3,0.000678453007763779,1.0899787425026117
bg,50,0.0003663421420741173,0.0003662079355090578,0.3663421420741173,18,18,36,0.02035234122633985,0,0.0,3,0.00038260096237784975,0.0
bg,50,0.0008256343607331473,0.0008249526886355241,0.8256343607331473,31,31,62,0.026633366475262817,0,0.0,3,0.0008231852371167804,0.0
bg,50,0.0009196284558225898,0.000918782739325831,0.9196284558225898,26,26,52,0.03537032522394576,0,0.0,3,0.0009349054363730764,0.0
bg,50,0.0013397562919629663,0.001337961345041112,1.3397562919629662,37,37,74,0.0362096295125126,0,0.0,3,0.0014511622289301667,0.0
bg,50,0.001351933593183075,0.0013501058687426979,1.351933593183075,33,33,66,0.04096768464191136,0,0.0,3,0.0014026062760308005,0.0
bg,50,0.00063671504474339,0.0006363096386951873,0.63671504474339,18,18,36,0.03537305804129945,0,0.0,3,0.00069592423265223,0.0
bg,50,0.0007895618494081152,0.0007889384414940744,0.7895618494081151,28,28,56,0.028198637478861255,0,0.0,3,0.0007703350788280001,0.0
bg,50,0.001090000682806874,0.0010888125813183548,1.090000682806874,29,29,58,0.037586230441616346,0,0.0,3,0.001033297182525654,0.0
bg,50,0.0008174613634292526,0.000816793120348553,0.8174613634292527,25,25,50,0.03269845453717011,0,0.0,3,0.0008552924271317345,0.0
bg,50,0.0010524274019731833,0.001051319798536759,1.0524274019731834,31,31,62,0.033949271031393016,0,0.0,3,0.0010142445428936104,0.0
bg,50,0.0009090372819011207,0.0009082109331212345,0.9090372819011208,29,29,58,0.03134611316900417,0,0.0,3,0.0006772398720810398,0.0
bg,50,0.00094298294781467,0.0009420937309748006,0.9429829478146701,31,31,62,0.030418804768215162,0,0.0,3,0.0008272785858024032,0.0
bg,50,0.0007760068947866672,0.0007754047080859108,0.7760068947866672,26,26,52,0.02984641903025643,0,0.0,3,0.0007576602791893377,0.0
bg,50,0.0004888666696010163,0.0004886276789803694,0.4888666696010162,25,25,50,0.01955466678404065,0,0.0,3,0.0005172491690021802,0.0
bg,50,0.0004927808597167375,0.0004925380267410345,0.4927808597167376,23,23,46,0.02142525477029294,0,0.0,3,0.0005470665262675412,0.0
bg,50,0.000713052013691339,0.0007125435705171097,0.713052013691339,25,25,50,0.02852208054765356,0,0.0,3,0.000729037241795999,0.0
bg,50,0.0005592503203896655,0.0005589375594688096,0.5592503203896655,18,18,36,0.031069462243870305,0,0.0,3,0.0004526896319289368,0.0
bg,50,0.0007853384950726046,0.0007847217385207617,0.7853384950726046,29,29,58,0.027080637761124297,0,0.0,3,0.0006240122051802777,0.0
bg,50,0.0008687864709822595,0.0008680316810500975,0.8687864709822595,27,27,54,0.032177276703046646,0,0.0,3,0.0009048865061958701,0.0
bg,50,0.0008995100884809446,0.0008987009700816656,0.8995100884809446,29,29,58,0.031017589257963607,0,0.0,3,0.0008499170379962848,0.0
bg,50,0.0007970588027390306,0.0007964235000040067,0.7970588027390306,25,25,50,0.031882352109561224,0,0.0,3,0.0007751276145025416,0.0
bg,50,0.0010181223542914423,0.0010170857811631344,1.0181223542914424,25,25,50,0.04072489417165769,0,0.0,3,0.0009980690595433061,0.0
bg,50,0.0010943865630408851,0.0010931888810915206,1.094386563040885,31,31,62,0.03530279235615758,1,0.001,3,0.0009512654598221292,0.9399320953407255
bg,50,0.0006910088303015272,0.0006905313370979725,0.6910088303015272,24,24,48,0.028792034595896965,0,0.0,3,0.0006992026773770237,0.0
bg,50,0.001303519477089452,0.0013018203140623009,1.303519477089452,32,32,64,0.040734983659045376,0,0.0,3,0.0014878927649325472,0.0
bg,50,0.000898779688304888,0.0008979718833767784,0.898779688304888,27,27,54,0.03328813660388474,0,0.0,3,0.0010142819154912994,0.0
bg,50,0.0007977400702733632,0.0007971036810536436,0.7977400702733632,25,25,50,0.03190960281093453,0,0.0,3,0.0008938695484078448,0.0
bg,50,0.000543936183919989,0.0005436403173478114,0.543936183919989,15,15,30,0.0362624122613326,0,0.0,3,0.00046342053945180514,0.0
bg,50,0.001026549425417798,0.0010254956216949724,1.026549425417798,25,25,50,0.04106197701671192,0,0.0,3,0.001003265006974977,0.0
bg,50,0.0008674989966841303,0.0008667464421748823,0.8674989966841302,29,29,58,0.02991375850634932,0,0.0,3,0.0007965485294437426,0.0
bg,50,0.0010947507704577876,0.0010935522912083697,1.0947507704577877,29,29,58,0.03775002656750992,0,0.0,3,0.0010618202544656714,0.0
bg,50,0.0006136105698668785,0.0006132340519354263,0.6136105698668786,20,20,40,0.030680528493343927,0,0.0,3,0.0006720470981041423,0.0
bg,50,0.0009930201129210127,0.0011950091689090264,0.9930201129210126,32,32,64,0.031031878528781642,0,0.0,3,0.00111926511625817,0.0
bg,50,0.001284158245061537,0.0012825091826631776,1.284158245061537,29,29,58,0.04428131879522541,0,0.0,3,0.0012701713011030445,0.0
bg,50,0.000887048078818811,0.0008862612245246752,0.8870480788188111,28,28,56,0.031680288529243254,0,0.0,3,0.0008995117474646979,0.0
bg,50,0.0006655084502589688,0.0006650655487616027,0.6655084502589688,24,24,48,0.027729518760790366,0,0.0,3,0.0006227910999413267,0.0
bg,50,0.0012683179819784555,0.0012667093514750457,1.2683179819784556,36,36,72,0.0352310550549571,0,0.0,3,0.0008599807371979459,0.0
bg,50,0.0007175192550853496,0.0007170044212039313,0.7175192550853495,26,26,52,0.027596894426359597,0,0.0,3,0.0007636271091151179,0.0
bg,50,0.000580266760878402,0.0005799300513646216,0.580266760878402,22,22,44,0.026375761858109182,0,0.0,3,0.0006211669974386463,0.0
bg,50,0.0005129146187677875,0.0005126515373616418,0.5129146187677875,22,22,44,0.02331430085308125,0,0.0,3,0.000532703179746186,0.0
bg,50,0.0009229557232178536,0.000922103875950833,0.9229557232178536,30,30,60,0.030765190773928454,0,0.0,3,0.0009353130032537109,0.0
bg,50,0.000790322424443243,0.0007896978149086651,0.790322424443243,24,24,48,0.03293010101846846,0,0.0,3,0.0008794023203916418,0.0
bg,50,0.0008000654711356745,0.000799425366377571,0.8000654711356745,30,30,60,0.026668849037855817,0,0.0,3,0.0008601389342389916,0.0
bg,50,0.0006754719490057681,0.0006750156866518744,0.6754719490057681,23,23,46,0.02936834560894644,0,0.0,3,0.0007781094094637021,0.0
bg,50,0.0008338867159887471,0.0008331913489336446,0.8338867159887471,21,21,42,0.039708891237559385,0,0.0,3,0.0009084617174684498,0.0
bg,50,0.0009626859988174328,0.0009617592344851136,0.9626859988174328,21,21,42,0.04584219041987775,0,0.0,3,0.0009729296522754928,0.0
bg,50,0.0008027626335609419,0.0008021182057151004,0.8027626335609419,32,32,64,0.025086332298779435,0,0.0,3,0.0005876409243375412,0.0
bg,50,0.0007761475506052236,0.0007755451455849129,0.7761475506052236,26,26,52,0.029851828869431676,0,0.0,3,0.0005874986097322087,0.0
bg,50,0.0008224421021049055,0.0008217656910935908,0.8224421021049055,25,25,50,0.03289768408419622,0,0.0,3,0.0007588536461475272,0.0
bg,50,0.0007016140559657718,0.0007011217936822429,0.7016140559657718,19,19,38,0.03692705557714588,0,0.0,3,0.0007538190534573041,0.0
bg,50,0.0009689982815391111,0.0009680593238694855,0.9689982815391112,22,22,44,0.04404537643359596,0,0.0,3,0.0010788104466094642,0.0
bg,50,0.0006791931541217657,0.0006787318507811598,0.6791931541217657,21,21,42,0.03234253114865551,0,0.0,3,0.0007747387117004193,0.0
bg,50,0.0006995781402468566,0.0006990887306725453,0.6995781402468566,15,15,30,0.04663854268312377,0,0.0,3,0.0005029167273985388,0.0
bg,50,0.0010036359396276638,0.0010026286545283514,1.0036359396276637,37,37,74,0.027125295665612534,0,0.0,3,0.0011014331401185806,0.0
bg,50,0.0012297021428258822,0.0012281899754658116,1.2297021428258823,35,35,70,0.03513434693788235,0,0.0,3,0.0011336408026214123,0.0
bg,50,0.0007642537596264489,0.0007636696758173458,0.7642537596264489,29,29,58,0.02635357791815341,0,0.0,3,0.0008998571568126613,0.0
bg,50,0.0008097687475997119,0.0008091130221751227,0.809768747599712,29,29,58,0.027923060262059034,0,0.0,3,0.00067714967315554,0.0
bg,50,0.001170466453588773,0.0011690964618697964,1.170466453588773,26,26,52,0.045017940522645114,0,0.0,3,0.0008249259157484116,0.0
bg,50,0.0009825261462016145,0.0009815607885736446,0.9825261462016144,30,30,60,0.032750871540053815,0,0.0,3,0.0010771133747626708,0.0
bg,50,0.0009838915351719777,0.0009829234926189946,0.9838915351719777,22,22,44,0.04472234250781717,0,0.0,3,0.0009666792983928537,0.0
bg,50,0.0005879290811114295,0.0005875834205070129,0.5879290811114295,20,20,40,0.029396454055571473,0,0.0,3,0.0006589808364329953,0.0
bg,50,0.0009345600680878991,0.0009336866655670347,0.9345600680878992,29,29,58,0.03222620924441032,0,0.0,3,0.0009239890108515588,0.0
