ligand_type,r_max,time_weighted_mean_b,time_weighted_variance,total_bound_time,n_binding_events,n_unbinding_events,binding_unbinding_events,mean_bound_dwell_time,total_signal,signal_rate,ratio,time_weighted_variance_observed,total_signal_observed
ag,50,0.6827923294624985,0.4414069800893632,682.7923294624985,681,681,1362,1.002631908168133,351,0.351,5,0.38351061318054797,334.64194594507103
ag,50,1.277766243955969,0.8393700609075049,1277.766243955969,1308,1307,2615,0.9776329334016596,1429,1.429,5,0.9315472306216159,1365.794022600619
ag,50,2.911532305356234,1.9676415505361147,2911.532305356234,2848,2845,5693,1.0233856960830348,7315,7.315,5,1.8807055981765655,7388.858304470309
ag,50,1.2675563599379698,0.8433855661889618,1267.5563599379698,1337,1335,2672,0.9494804194291908,1534,1.534,5,0.9343698366965081,1533.9369209256447
ag,50,1.6737631154386905,1.105551475729269,1673.7631154386904,1611,1609,3220,1.0402505378736422,2499,2.499,5,0.7996513283811211,2683.163775411021
ag,50,1.322703294179802,0.8531678885944717,1322.703294179802,1345,1343,2688,0.9848870395977677,1580,1.58,5,0.8170627385622133,1822.001614108809
ag,50,2.2907663512387306,1.5691249405493919,2290.7663512387307,2298,2297,4595,0.9972861781622685,4583,4.583,5,1.9013917638701254,3938.7716726020217
ag,50,0.6657243042082076,0.4497143167382072,665.7243042082076,656,654,1310,1.0179270706547516,336,0.336,5,0.5325339584602171,389.2025089245247
ag,50,1.6377349865865154,1.063615684803568,1637.7349865865153,1613,1611,3224,1.0165952741070858,2302,2.302,5,1.1519838085714793,2715.0992613087196
ag,50,2.2967940427701277,1.540556541750928,2296.794042770128,2322,2320,4642,0.9899974322285033,4627,4.627,5,1.4463995845037494,4103.224845626726
ag,50,1.6664765300609303,0.9834147978254417,1666.4765300609304,1644,1643,3287,1.014288819270195,2274,2.274,5,1.2539758590870191,1657.8842900283082
ag,50,1.664915980530454,1.0471695226387723,1664.9159805304541,1664,1661,3325,1.002357604172459,2500,2.5,5,1.365338837100061,2273.886240600807
ag,50,2.237744166893482,1.4938906003230323,2237.744166893482,2258,2254,4512,0.9927880066075786,4465,4.465,5,1.6321551756805543,4546.276421661067
ag,50,0.0,0.0,0.0,0,0,0,,0,0.0,5,0.0,0.0
ag,50,0.3179249741550479,0.21684868496356005,317.9249741550479,323,322,645,0.987344640233068,38,0.038,5,0.22653797248590565,43.93777886342153
ag,50,1.2281111660726787,0.8574808781084471,1228.1111660726788,1290,1287,2577,0.9542433302818016,1292,1.292,5,1.0701937368399277,1434.9046900798467
ag,50,1.975385527818384,1.3142350253547108,1975.3855278183842,1941,1937,3878,1.0198169993899764,3380,3.38,5,1.2058361106574091,3164.0861832959067
ag,50,1.302255761631749,0.912023387302035,1302.255761631749,1294,1293,2587,1.0071583616641524,1421,1.421,5,0.902787738413878,1445.693530109377
ag,50,3.450862963166626,2.220476453850381,3450.862963166626,3445,3442,6887,1.002574945719531,10548,10.548,5,1.4642565782385006,9380.696130896635
ag,50,1.5920002443840127,0.9808358345707122,1592.0002443840126,1682,1680,3362,0.9476191930857217,2264,2.264,5,0.7579522334556326,1628.4753636871574
ag,50,1.0506103630776098,0.6505288252393414,1050.6103630776097,1001,1001,2002,1.0495608022753344,891,0.891,5,0.7563605113300469,671.5031459605219
ag,50,1.6302300549483624,1.1283424535228914,1630.2300549483623,1670,1666,3336,0.9785294447469162,2432,2.432,5,1.0274004039055857,2476.1499338321073
ag,50,1.7097016683126032,1.1005114915996197,1709.7016683126033,1671,1668,3339,1.0250010001874121,2353,2.353,5,1.0562803935321408,2265.3608993123107
ag,50,1.9619783096367773,1.2801915301409428,1961.9783096367773,1946,1944,3890,1.009248101665009,3518,3.518,5,1.7324062211183813,3706.6084035971558
ag,50,0.0,0.0,0.0,0,0,0,,0,0.0,5,0.0,0.0
ag,50,2.1948375266083175,1.47375494401579,2194.8375266083176,2284,2283,4567,0.9613830602752158,4456,4.456,5,1.5311168002449211,3745.3030111780054
ag,50,2.583068478827774,1.6369686792538582,2583.068478827774,2580,2577,5157,1.002354861788038,5944,5.944,5,1.5665060672438582,5723.424980991688
ag,50,1.3254696365525285,0.8136745756574403,1325.4696365525285,1314,1313,2627,1.0094970575419104,1526,1.526,5,0.7967785540154673,1341.9457862697095
ag,50,1.6198903942057166,1.0733602374397606,1619.8903942057166,1610,1607,3217,1.0080214027415784,2094,2.094,5,1.1761356559971632,1886.3272548766681
ag,50,1.3246049713099022,0.8820333917090118,1324.604971309902,1317,1316,2633,1.0065387319984058,1458,1.458,5,0.859119790147359,1465.248543773175
ag,50,1.330990964244912,0.8837329019481471,1330.990964244912,1337,1335,2672,0.9969969769624809,1500,1.5,5,1.108995883526997,1433.3175064493191
ag,50,1.6501199358917102,1.0351256957887531,1650.1199358917102,1641,1641,3282,1.0055575477706948,2407,2.407,5,1.143256898300278,2004.0293496588188
ag,50,1.5949461051820366,1.070088016395362,1594.9461051820367,1612,1610,3222,0.9906497547714513,2230,2.23,5,1.0561695182631323,1924.5325477999488
ag,50,1.9861156557530448,1.3053096594135816,1986.1156557530448,1948,1945,3893,1.0211391546288149,3239,3.239,5,1.394433047069961,3155.2229650489935
ag,50,1.3442800178337002,0.904952280612433,1344.2800178337002,1287,1287,2574,1.0445066183634033,1660,1.66,5,0.8532716439491467,1952.5835164145537
ag,50,1.6594702523113078,1.1602297771552217,1659.4702523113078,1669,1667,3336,0.9954830547758295,2439,2.439,5,1.2727692597152265,3083.2993832761385
ag,50,0.9460919463979421,0.651294569623433,946.0919463979421,1002,1001,2003,0.9451467995983438,875,0.875,5,0.6868098033441039,826.2184214826946
ag,50,2.9202504261267745,1.8872965686784873,2920.2504261267745,2942,2940,5882,0.9932824578662498,7680,7.68,5,2.000488766980717,6838.211686950734
ag,50,1.3403461958457432,0.8327910120221562,1340.3461958457433,1350,1348,2698,0.994322103743133,1557,1.557,5,0.6618031229539194,1581.7053339853821
ag,50,1.306969077687114,0.8475290027530632,1306.969077687114,1373,1372,2745,0.9526013685766136,1566,1.566,5,0.7179151988220851,1641.6584471284884
ag,50,2.912810890828067,2.0927562200683054,2912.8108908280674,2873,2870,5743,1.014916686699675,7399,7.399,5,1.504041338744909,6278.570784049333
ag,50,2.252553013113485,1.3659960274250653,2252.553013113485,2240,2239,4479,1.0060531545839595,4559,4.559,5,1.0901165914675048,4061.5636440636695
ag,50,1.8871414633856671,1.2214138062978261,1887.141463385667,1904,1902,3806,0.9921879407916231,3207,3.207,5,1.0126744484176093,4266.932782185415
ag,50,1.9447163248708106,1.3148729067417546,1944.7163248708107,1962,1962,3924,0.991190787395928,3228,3.228,5,1.1521475646008141,3275.8273984788016
ag,50,1.5997786947678367,1.0730891399254687,1599.7786947678367,1593,1592,3185,1.0048861148039174,2385,2.385,5,1.2247818690730388,2318.189207412368
ag,50,1.6626740858683924,1.0848915749457793,1662.6740858683925,1641,1640,3281,1.0138256621148733,2462,2.462,5,1.0458147975469967,2560.3605262905276
ag,50,0.9649747693276666,0.6649330207926224,964.9747693276665,973,971,1944,0.993794819081016,849,0.849,5,0.7128001332694407,703.0567275119631
ag,50,2.1937820434084117,1.4978376701362113,2193.7820434084115,2240,2239,4479,0.9798043963414076,4288,4.288,5,1.7181195764270785,4026.2064202277747
ag,50,0.657287783468643,0.4663398357779675,657.287783468643,668,667,1335,0.985438955725102,339,0.339,5,0.47163584384675444,453.51705215348045
ag,50,2.0369402981284903,1.2925812495499762,2036.9402981284904,1969,1967,3936,1.0355568368726438,3464,3.464,5,1.117467989441607,3631.797888269656
ag,50,1.9655321966220904,1.2531486815448347,1965.5321966220904,1989,1989,3978,0.9882012049382053,3259,3.259,5,1.4384781370388142,2880.6024392853014
ag,50,1.0124411781578795,0.6845859913210653,1012.4411781578794,997,995,1992,1.0175288222692256,819,0.819,5,0.5164674829098365,977.1039107729825
ag,50,0.9987913375324053,0.6386033438894594,998.7913375324054,963,961,1924,1.0393250130410046,843,0.843,5,0.6924484034280876,634.8273967561653
ag,50,0.9985588298451248,0.6404213831583491,998.5588298451248,972,972,1944,1.0273238990176181,818,0.818,5,0.7325700535845354,756.1781200140892
ag,50,1.894546052290698,1.324844871021007,1894.546052290698,1918,1916,3834,0.98880274127907,3251,3.251,5,1.191086155250942,3307.578242530059
ag,50,1.0096765203806506,0.6339414718572071,1009.6765203806507,988,985,1973,1.0250523049549753,847,0.847,5,0.6325141884799196,925.3526047654682
ag,50,1.3115768472005338,0.8994950351290693,1311.5768472005338,1297,1297,2594,1.0112388952972504,1422,1.422,5,0.7983903013957762,1395.2286027769858
ag,50,1.6059921036706564,1.090725767356444,1605.9921036706564,1655,1654,3309,0.9709746696920535,2427,2.427,5,1.0266405443119435,2199.888947420825
ag,50,0.3262263845118169,0.21980273056016505,326.2263845118169,332,331,663,0.985578200942045,63,0.063,5,0.23194557741137958,55.871763512035436
ag,50,0.6778060863617784,0.44601217985201025,677.8060863617784,692,690,1382,0.9823276613938817,365,0.365,5,0.5870988054486478,356.53751589157673
ag,50,0.6958446421044193,0.44780534922128146,695.8446421044193,693,692,1385,1.0055558411913574,420,0.42,5,0.3739451581342386,414.3593709521317
ag,50,2.577413928721007,1.7656987486429225,2577.4139287210073,2646,2641,5287,0.9759234868311274,6139,6.139,5,1.9441196094019346,6690.99347555044
ag,50,1.9792711400636163,1.2899396668376713,1979.2711400636163,1957,1954,3911,1.012933029715259,3449,3.449,5,1.153341956329929,2848.0615841131475
ag,50,0.9358025547255802,0.6338983744918342,935.8025547255802,1008,1007,2015,0.9292974724186497,774,0.774,5,0.49592609948014615,767.1963725809436
ag,50,2.869903666739604,2.0023021055763204,2869.903666739604,2863,2861,5724,1.0031120820480965,7392,7.392,5,2.5088705413463352,7587.448933685145
ag,50,1.9267519406859714,1.2923860408938372,1926.7519406859715,1930,1928,3858,0.999352666330898,3412,3.412,5,1.448022478500072,3278.752819399717
ag,50,0.7225686059221172,0.4687783172420153,722.5686059221173,683,683,1366,1.0579335372212553,426,0.426,5,0.3823472425476387,438.6678743332359
ag,50,1.035093336771428,0.7225811156945815,1035.0933367714279,979,979,1958,1.057296564628629,809,0.809,5,0.8850592566007248,779.9001013833241
ag,50,3.036913017317788,1.961211499280375,3036.9130173177878,2935,2933,5868,1.0354289182808687,8000,8.0,5,1.3723059915658224,6961.5068854670535
ag,50,0.9319834764154755,0.6087242960446778,931.9834764154755,1004,1003,2007,0.9291958887492278,744,0.744,5,0.6046124416307582,552.3943499044652
ag,50,2.23664015605024,1.5518552372769878,2236.64015605024,2290,2286,4576,0.9784077673010674,4467,4.467,5,1.2912154279072725,3822.9531327321693
ag,50,1.003998276367336,0.6596069082188113,1003.9982763673361,995,995,1990,1.0090434938365187,838,0.838,5,0.6825229525290499,876.7355782655842
ag,50,1.344554701558363,0.8536829940104692,1344.554701558363,1317,1317,2634,1.0209223246456818,1599,1.599,5,0.8251926243107781,1818.374595213732
ag,50,2.0776413699419454,1.3693807825286164,2077.6413699419454,2008,2005,4013,1.0362301096967308,3599,3.599,5,1.387284020627977,3907.710853083664
ag,50,1.6019825696393348,1.0836309317081265,1601.9825696393348,1604,1603,3207,0.9993652960944072,2227,2.227,5,1.0027192646819711,2461.5884328632364
ag,50,0.3198274929012988,0.2175378676857685,319.8274929012988,330,330,660,0.9691742209130266,43,0.043,5,0.20428254950625613,48.95026114245304
ag,50,1.987789750931166,1.3398411154167107,1987.789750931166,1977,1976,3953,1.0059664731433027,3545,3.545,5,1.5817679053593612,3887.772597181648
ag,50,2.0267196014646895,1.2937844886191519,2026.7196014646895,1938,1936,3874,1.0468592982772156,3496,3.496,5,1.0617078355700116,3757.546796952761
ag,50,2.9122671382933576,1.8788453647704073,2912.2671382933577,2878,2875,5753,1.0129624828846462,7310,7.31,5,1.8884678267458723,5565.818737182671
ag,50,1.9661809264239605,1.282935294939464,1966.1809264239605,1905,1905,3810,1.0321159718760948,3399,3.399,5,1.389457630798966,3028.6645145756793
ag,50,0.3261488359855673,0.21977577277082685,326.1488359855673,355,355,710,0.9187291154523023,61,0.061,5,0.21422396807905705,65.8950520434179
ag,50,0.7160142283680744,0.4477207802905997,716.0142283680743,644,644,1288,1.1118233359752707,341,0.341,5,0.524002926864852,332.8320728102105
ag,50,1.8971177475113534,1.336398381812808,1897.1177475113534,1908,1907,3815,0.9948179064034365,3386,3.386,5,1.2448322169899024,2100.014792880724
ag,50,0.6316741002878637,0.42805662446587955,631.6741002878638,653,653,1306,0.9673416543458864,350,0.35,5,0.45506930430998443,390.65777309397726
ag,50,1.9365179342350547,1.3271399987428374,1936.5179342350548,1945,1942,3887,0.9971771031076492,3454,3.454,5,1.3217800665039898,4431.337031750787
ag,50,0.9319461173234158,0.6337302024241779,931.9461173234158,970,969,1939,0.9617606989921732,720,0.72,5,0.7286315349883485,850.0782990188195
ag,50,1.9711217985066423,1.300319272816384,1971.1217985066423,1974,1972,3946,0.9995546645571208,3330,3.33,5,1.2101775740477638,2182.101519261527
ag,50,1.919412899137004,1.311842160335207,1919.4128991370042,1952,1951,3903,0.9838097894090232,3182,3.182,5,1.255503137563594,3711.447401739272
ag,50,2.2367553001875304,1.4535417900283645,2236.7553001875303,2270,2267,4537,0.9866587120368462,4558,4.558,5,1.4801420384877972,4715.372709570898
ag,50,1.6482649239070002,1.0748620359783032,1648.2649239070001,1629,1626,3255,1.0136930651334564,2408,2.408,5,1.1783225961894106,2669.9988144086997
ag,50,2.2498983228168243,1.4703276427048582,2249.8983228168245,2256,2255,4511,0.9977376154398335,4541,4.541,5,1.6793592443026018,4408.501681228127
ag,50,1.941171018244454,1.269299891286238,1941.171018244454,1929,1928,3857,1.0068314409981607,3107,3.107,5,1.4594237162388135,3210.8080488378373
ag,50,0.6384319365185156,0.43528947777165206,638.4319365185156,671,670,1341,0.9528834873410681,317,0.317,5,0.48235107014888456,305.5260812760071
ag,50,1.649957132909631,1.1016494764596254,1649.957132909631,1635,1633,3268,1.0103840372992228,2299,2.299,5,1.2965702373087777,1785.1948993965186
ag,50,0.6220654706060694,0.43873941009117673,622.0654706060694,642,640,1282,0.9719772978219835,320,0.32,5,0.4835144960766865,340.0468904682416
ag,50,0.9477068704026301,0.640373499513669,947.7068704026301,999,998,1997,0.9496060825677657,763,0.763,5,0.44146438639271696,813.955739104299
ag,50,1.6547746228292959,1.090115001071663,1654.7746228292958,1616,1613,3229,1.0258987122314296,2322,2.322,5,1.294263520206408,3091.4437148066713
ag,50,2.5605475334718153,1.60875798766005,2560.5475334718153,2562,2560,5122,1.0002138802624279,5789,5.789,5,1.645939110283936,7575.080188034783
ag,50,2.2256855231356014,1.5644643615521392,2225.685523135601,2269,2268,4537,0.9813428232520287,4544,4.544,5,1.694749537231417,4773.357091055527
ag,50,1.2533203249854288,0.8895015945048449,1253.3203249854287,1313,1312,2625,0.9552746379462109,1352,1.352,5,0.9501615057179165,1028.4046279894524
ag,50,2.3168283232221585,1.4762199193640313,2316.8283232221584,2249,2244,4493,1.0324546894929405,4580,4.58,5,1.6353963269478784,4443.72466119101
ag,50,0.655879592236975,0.43368453604428087,655.879592236975,660,659,1319,0.9952649351092185,323,0.323,5,0.342867656949127,276.4823359844076
ag,50,2.310085118978642,1.493489258972376,2310.085118978642,2292,2290,4582,1.0087707943138176,4436,4.436,5,1.24757713635111,3246.217189709389
ag,50,1.972813696087154,1.3378431115747682,1972.813696087154,1956,1953,3909,1.0101452616933713,3563,3.563,5,1.2113700982410278,3835.279028943803
ag,50,1.3091489017304752,0.9220583314781751,1309.1489017304752,1354,1353,2707,0.9675897278126203,1629,1.629,5,1.125466237237439,1745.8129599706142
ag,50,2.2346443432268446,1.42801388823192,2234.6443432268447,2321,2318,4639,0.9640398374576552,4545,4.545,5,1.0920724085509004,6191.255089068554
ag,50,2.1852224831996034,1.43331978172406,2185.2224831996036,2258,2257,4515,0.9681978215328328,4434,4.434,5,1.6568986030215873,5868.856346017502
ag,50,1.3723676136216858,0.9480562916388199,1372.367613621686,1306,1304,2610,1.0524291515503725,1582,1.582,5,0.8371677651166389,1998.9301490752293
ag,50,2.203851537854197,1.5341840938155216,2203.851537854197,2233,2230,4463,0.988274232221613,4378,4.378,5,1.9193764106845002,4793.039453559295
ag,50,1.6493613239394298,1.0999136415075614,1649.36132393943,1679,1679,3358,0.9823474234302739,2343,2.343,5,1.0738312356670172,2198.013308237236
ag,50,1.9735552585367313,1.3252127276226868,1973.5552585367313,1929,1928,3857,1.02362824612901,3436,3.436,5,1.3200672062785055,4672.60102188076
ag,50,1.5930462457811994,1.035249253449535,1593.0462457811993,1608,1606,3214,0.9919341505486919,2268,2.268,5,1.2819491157387481,2972.3748881614197
ag,50,2.2178638139531084,1.4213679204602017,2217.8638139531085,2260,2258,4518,0.9822248954619612,4471,4.471,5,1.4334198098018487,5337.489293029118
ag,50,1.9571829454295662,1.3604974272452746,1957.1829454295662,1928,1927,3855,1.0156631787387473,3090,3.09,5,1.534685060398727,3075.500813297477
ag,50,1.9355938734541243,1.2715999051535793,1935.5938734541242,1947,1944,3891,0.9956758608303108,3227,3.227,5,0.9194151711031923,3259.237932677565
ag,50,1.7003789904608253,1.1538736465196686,1700.3789904608252,1669,1667,3336,1.0200233895985753,2640,2.64,5,1.0422865672080832,2130.7327660813985
ag,50,1.315618310152893,0.9168994703138469,1315.6183101528932,1330,1329,2659,0.9899310083919437,1501,1.501,5,0.8669438251237659,1593.6433729367168
ag,50,0.66873507299529,0.44048017822586616,668.73507299529,695,693,1388,0.9649856753178788,387,0.387,5,0.4607003546400118,271.9084362612695
ag,50,1.9373448451036774,1.3025003668015542,1937.3448451036775,1953,1952,3905,0.9924922362211462,3301,3.301,5,1.0824443360389087,4001.544374825165
ag,50,1.2885154647498878,0.8608681821218055,1288.5154647498878,1277,1277,2554,1.0090175918166702,1393,1.393,5,0.6972990676196358,1210.3747674166634
ag,50,1.5889542534788361,1.04018129282603,1588.954253478836,1661,1659,3320,0.9577783324164172,2222,2.222,5,1.143148644707427,2355.1883452691222
ag,50,1.957532033413544,1.3110566696840906,1957.532033413544,1957,1955,3912,1.0012951577562885,3474,3.474,5,1.488770241548274,2353.723609383779
ag,50,1.3550128433122686,0.9335560229972769,1355.0128433122686,1364,1363,2727,0.9941400171036453,1568,1.568,5,0.9837406911555732,1287.6246496894657
ag,50,3.189762993719748,2.073903963186448,3189.762993719748,3193,3188,6381,1.0005530093223802,9328,9.328,5,1.9113720260465699,10971.883940856476
ag,50,0.7033578586490651,0.4744627623075923,703.3578586490651,692,691,1383,1.0178840211998048,313,0.313,5,0.5130999794155034,341.511941446027
ag,50,1.3290928986306114,0.8675419876645947,1329.0928986306114,1294,1293,2587,1.0279140747336515,1569,1.569,5,0.8932205095466155,1691.3694930352813
ag,50,0.6965267169900686,0.45828518335692875,696.5267169900686,661,660,1321,1.0553435105910132,343,0.343,5,0.44200429014756154,326.16341666103534
ag,50,1.4136426020594117,0.9037914372988255,1413.6426020594117,1361,1359,2720,1.0402079485352551,1696,1.696,5,1.0177136346917923,1865.7167379600226
ag,50,1.601868530763937,1.0911090926527753,1601.868530763937,1656,1652,3308,0.9696540743123105,2181,2.181,5,1.041125252986261,2296.5290632218844
ag,50,1.6423955535207924,1.0957039905182182,1642.3955535207924,1658,1656,3314,0.9917847545415414,2288,2.288,5,1.3207324454605904,1883.4638358501898
ag,50,1.7160704469360177,1.1476049512979936,1716.0704469360178,1650,1648,3298,1.0413048828495253,2688,2.688,5,0.9262684397691386,2517.0645917158063
ag,50,1.6284826190296935,1.0359661835540168,1628.4826190296935,1610,1610,3220,1.0114798875960829,2307,2.307,5,0.7971072722273317,2255.4349679808824
ag,50,2.640491640572367,1.643975870031841,2640.491640572367,2530,2528,5058,1.0444982755428667,6239,6.239,5,1.422679768770031,6305.421087466634
ag,50,2.260680786663007,1.3973890747942144,2260.680786663007,2303,2300,4603,0.9829046898534813,4744,4.744,5,1.1390399436917826,5279.432334331814
ag,50,2.8718352922226393,1.687083233719805,2871.8352922226395,2868,2866,5734,1.002036040552212,7367,7.367,5,1.2290495262599657,6929.396015778141
ag,50,1.3631721477529324,0.8781023067097525,1363.1721477529325,1360,1358,2718,1.0038086507753552,1535,1.535,5,0.7441245914953087,2062.3194560961415
ag,50,1.23565654762131,0.8280753501503183,1235.65654762131,1284,1284,2568,0.9623493361536682,1359,1.359,5,0.8086089314622604,1370.7959571896386
ag,50,1.3580576618568732,0.8835547836074698,1358.0576618568732,1293,1292,2585,1.05112822125145,1599,1.599,5,0.9829557544580901,1964.2385314031053
ag,50,1.6733274445678148,1.1177012411659915,1673.3274445678148,1636,1635,3271,1.0234418621209878,2546,2.546,5,1.1100766709910665,2593.808767725389
ag,50,1.9203001012464784,1.255893640746343,1920.3001012464783,1909,1908,3817,1.0064465939446952,3179,3.179,5,1.319640321835571,1965.340890141956
ag,50,1.9909630215361576,1.3042767430283773,1990.9630215361576,1962,1960,3922,1.0157974599674273,3407,3.407,5,1.1773782553440797,4180.589242369665
ag,50,0.6543080864284729,0.4442285331579543,654.308086428473,658,657,1315,0.995902719069213,356,0.356,5,0.39016220896989695,444.19914718946734
ag,50,1.3099371283907104,0.8948186237392995,1309.9371283907103,1343,1341,2684,0.9768360390683895,1470,1.47,5,0.9676880337237239,1184.2721206740448
ag,50,0.3313040850478438,0.22154168827845486,331.3040850478438,310,310,620,1.0687228549930445,35,0.035,5,0.18312470301383918,30.61811782247812
ag,50,2.481293350236757,1.6242806675606494,2481.293350236757,2525,2521,5046,0.9842496430927239,5689,5.689,5,1.5763735493698088,4856.770963391519
ag,50,2.306655674289332,1.4053786450370007,2306.655674289332,2269,2268,4537,1.0170439480993527,4688,4.688,5,1.1601934838889498,4873.415149650295
ag,50,1.3232657798594563,0.9046612531779561,1323.2657798594562,1323,1323,2646,1.0002008918060894,1413,1.413,5,0.8068685946306687,1573.8972217056464
ag,50,1.3248015344525994,0.8388169447240889,1324.8015344525993,1304,1303,2607,1.0167317992729081,1470,1.47,5,0.7806027705926712,1396.7066269787317
ag,50,2.2444607427362344,1.4473609720552008,2244.4607427362344,2208,2204,4412,1.0183578687550972,4434,4.434,5,1.4948917365203216,6077.31950402428
ag,50,1.3619623131044754,0.9200598710971671,1361.9623131044752,1287,1285,2572,1.0598928506649612,1552,1.552,5,0.9887281738328291,1877.2949511592012
ag,50,1.6132763786196538,1.0564754182666962,1613.2763786196538,1667,1664,3331,0.9695170544589266,2522,2.522,5,1.2691807354297153,2062.1491999325863
ag,50,0.9658001359424964,0.6313634993751588,965.8001359424964,989,987,1976,0.9785209077431574,828,0.828,5,0.7873038931213171,773.7152149997461
ag,50,1.599483420552967,1.0440272548834386,1599.4834205529671,1626,1624,3250,0.9849035840843393,2192,2.192,5,1.1612227490287905,1929.6555867981972
ag,50,0.35217193531027874,0.22814686329009157,352.17193531027874,338,338,676,1.0419288026931324,79,0.079,5,0.20127592583642095,84.59525055794008
ag,50,1.6251983987023304,1.0513844899389355,1625.1983987023305,1616,1613,3229,1.0075625534422383,2395,2.395,5,1.0496733225564303,2289.3954756253106
ag,50,1.6959374770814521,1.127006962067078,1695.9374770814522,1677,1675,3352,1.012499986317285,2587,2.587,5,1.2342281065828618,3100.3675325943095
ag,50,2.9399227134106103,1.9108895758772741,2939.9227134106104,2894,2894,5788,1.015868249278027,7823,7.823,5,1.9585564509865778,8422.900557944009
ag,50,2.615581795324948,1.7186401307471406,2615.581795324948,2603,2602,5205,1.0052197522386426,5904,5.904,5,1.9183258606058105,4677.030394164152
ag,50,2.307065425959887,1.50275002341503,2307.065425959887,2305,2304,4609,1.001330480017312,4848,4.848,5,1.6280347896829985,5863.506565207026
ag,50,0.9922308510729144,0.6729489058009135,992.2308510729144,955,952,1907,1.0422592973454983,800,0.8,5,0.6258982856163396,971.7649010533419
ag,50,1.2659003678935192,0.8311072666475359,1265.9003678935192,1269,1267,2536,0.9991320977849402,1436,1.436,5,1.0627850610805598,1827.7486260563537
ag,50,1.6376341695264116,1.0688322885747292,1637.6341695264116,1623,1620,3243,1.0108852898311182,2353,2.353,5,0.9129368483472506,2304.860315226521
ag,50,2.0257813952403017,1.2945451421724352,2025.7813952403014,2008,2005,4013,1.0103647856560107,3433,3.433,5,1.382553238075837,3785.4317761046636
ag,50,2.605086904528111,1.6853801001570865,2605.086904528111,2611,2609,5220,0.99850015505102,5935,5.935,5,1.1884969661649678,5810.839979556596
ag,50,1.9635174570661862,1.3031539165756612,1963.5174570661861,1997,1997,3994,0.9832335789014452,3693,3.693,5,1.1879362590692017,2658.1249846483424
ag,50,0.33778533919378506,0.22368640381952462,337.78533919378503,320,320,640,1.0555791849805782,68,0.068,5,0.28694648942009554,68.28508343097003
ag,50,2.2996216697026255,1.5121909936625402,2299.6216697026257,2248,2247,4495,1.0234186336015245,4473,4.473,5,1.5367338453234065,3599.52989107094
ag,50,2.6425886408243913,1.7834638270330483,2642.5886408243914,2671,2665,5336,0.9915904843618729,6326,6.326,5,1.410026589227515,5105.496419552973
ag,50,1.0055864453328278,0.6520801987601879,1005.5864453328279,1004,1003,2007,1.0025787092052123,843,0.843,5,0.716939384229805,772.9020117566624
ag,50,1.2861216190647784,0.841993258227464,1286.1216190647783,1301,1300,2601,0.9893243223575218,1382,1.382,5,0.8119764351602179,1456.3538201670137
ag,50,2.5276319711723145,1.6500017927417017,2527.6319711723145,2620,2617,5237,0.9658509633826192,5768,5.768,5,1.447191002758054,4109.673156950606
ag,50,0.34829254198286186,0.22698484718197826,348.29254198286185,344,343,687,1.0154301515535331,56,0.056,5,0.263601627006417,60.61234586076642
ag,50,0.3533420872976835,0.2284914566417997,353.3420872976835,338,338,676,1.045390790821549,66,0.066,5,0.3275793350918315,45.767802205156634
ag,50,2.2741363297997,1.5191761651296443,2274.1363297997,2225,2219,4444,1.0248473771066697,4381,4.381,5,1.5308349884126453,4251.39201697933
ag,50,0.3342235032382922,0.22251815312141549,334.2235032382922,347,346,693,0.965963882191596,53,0.053,5,0.23004775837705665,52.13703404649188
ag,50,2.216138105979834,1.3862116403080185,2216.138105979834,2251,2248,4499,0.9858265595995703,4398,4.398,5,1.3602415634728913,3486.9132643152116
ag,50,1.2677537597071953,0.8874789188969857,1267.7537597071953,1302,1302,2604,0.9736972040761869,1397,1.397,5,1.0078226140722797,1800.6012162593097
ag,50,2.5847447354380626,1.6180327552523794,2584.7447354380624,2595,2590,5185,0.9979709403235762,5812,5.812,5,1.6077107449414965,4880.793842278953
ag,50,0.654246998027987,0.4353958284020283,654.246998027987,675,675,1350,0.9692548118933142,305,0.305,5,0.4666670315978319,320.1040507024854
ag,50,2.3283984356283614,1.495719119129457,2328.3984356283613,2260,2258,4518,1.0311773408451557,4846,4.846,5,1.243010166087608,4675.373117906729
ag,50,0.9795426323222155,0.6241053231873349,979.5426323222155,1006,1005,2011,0.9746692858927517,775,0.775,5,0.6822117554612224,899.0052660115023
ag,50,1.2951026542144328,0.8767914843769128,1295.1026542144327,1301,1300,2601,0.996232810934179,1345,1.345,5,1.1730682121127542,1463.9756326845659
ag,50,1.3191501404839752,0.8128284690872595,1319.150140483975,1296,1294,2590,1.0194359663709236,1478,1.478,5,0.9734024320617537,1460.380139879433
ag,50,1.6277160854170596,1.05005647633339,1627.7160854170595,1626,1625,3251,1.0016714371797288,2266,2.266,5,0.7968198814033189,2147.999279247768
ag,50,1.623619536044144,1.084628256075906,1623.619536044144,1645,1644,3289,0.9876031241144428,2413,2.413,5,0.6977416294832771,2284.118042102893
ag,50,2.2115909155449565,1.4588688158148857,2211.5909155449563,2236,2236,4472,0.9890835937142023,4284,4.284,5,1.4831404685001972,4740.7046630475415
ag,50,1.912767722451019,1.2797088140612742,1912.767722451019,1933,1931,3864,0.990558116235639,3400,3.4,5,1.2335987148375245,3551.8771027787575
ag,50,2.2463617636554947,1.4266446553854364,2246.3617636554945,2302,2298,4600,0.9775290529397278,4679,4.679,5,1.3823741501915683,5064.202887563329
ag,50,1.290582886579391,0.8730516364215389,1290.582886579391,1312,1311,2623,0.9844263055525484,1531,1.531,5,0.9162054453047401,1414.99477980047
ag,50,1.3072945466771522,0.8576952148127652,1307.294546677152,1350,1350,2700,0.9683663308719646,1497,1.497,5,0.787043192058022,1554.3559514249566
ag,50,1.6217216896748836,1.0512172908451602,1621.7216896748837,1608,1607,3215,1.0091609767734186,2363,2.363,5,1.060527248818108,2298.1199099495093
ag,50,1.6216518888722657,1.0694637216497977,1621.6518888722658,1622,1621,3243,1.0004021522962774,2452,2.452,5,1.1307652822018668,3150.915349840257
ag,50,2.302626041776221,1.476156639484789,2302.6260417762214,2278,2277,4555,1.0112543002969792,4489,4.489,5,1.4742337015065394,3958.848978713382
ag,50,1.323752857309997,0.857079541326707,1323.7528573099971,1324,1324,2648,0.9998133363368559,1631,1.631,5,0.758195902483101,1351.1731672245496
ag,50,1.6722440071962752,1.0558300154274145,1672.244007196275,1645,1643,3288,1.017799152280143,2434,2.434,5,0.7702645723124506,2584.208898619902
ag,50,2.6048194715932955,1.7200421826823935,2604.8194715932955,2614,2610,5224,0.998015123215822,6007,6.007,5,1.9375488221159944,7073.777860618059
ag,50,1.3131404750820714,0.9257873873642215,1313.1404750820714,1324,1322,2646,0.9932983926490706,1577,1.577,5,0.6844500909191775,1573.7018154338716
ag,50,0.9888766500250372,0.6948144323877955,988.8766500250372,1027,1024,2051,0.9656998535400754,849,0.849,5,0.6292052804100365,906.242544800422
ag,50,1.9416585783640938,1.2644340307713589,1941.6585783640937,1947,1943,3890,0.9993096131570219,3301,3.301,5,1.285118816500163,3390.0147613358554
ag,50,0.670523122544158,0.46829824632231126,670.523122544158,659,658,1317,1.0190321011309393,341,0.341,5,0.45055183059233306,362.2263384809144
ag,50,1.6078566635338547,1.0589353102881225,1607.8566635338548,1568,1564,3132,1.0280413449704955,2111,2.111,5,1.22261244896715,1870.5522384796654
ag,50,1.6670200599133413,1.096647718294739,1667.0200599133414,1687,1685,3372,0.9893294124114785,2400,2.4,5,1.2392618439407468,2602.177973866091
ag,50,2.319554050365352,1.6720062844401287,2319.554050365352,2271,2268,4539,1.022731062771319,4469,4.469,5,1.7879796402514128,4658.376021131545
ag,50,2.2295341840794216,1.4860592650478903,2229.5341840794217,2236,2236,4472,0.9971083113056448,4356,4.356,5,1.218258820122487,4958.70772560796
ag,50,0.3331197890031749,0.22215099517765516,333.1197890031749,326,325,651,1.024983966163615,55,0.055,5,0.18172194276583634,49.763078718525485
ag,50,2.532385293512026,1.6789687795994706,2532.385293512026,2494,2491,4985,1.0166139275439685,5544,5.544,5,2.0525780459988225,3903.7031479478433
ag,50,1.9726604679957744,1.3063529207653528,1972.6604679957745,1960,1957,3917,1.0080022830841975,3201,3.201,5,1.2889670805118596,3070.0772287950085
ag,50,1.9802306675913062,1.287197443509352,1980.2306675913062,1900,1898,3798,1.0433249038942605,3283,3.283,5,1.2738990698953843,3294.2996957014702
ag,50,1.3037718174838238,0.8693238391254299,1303.7718174838237,1313,1312,2625,0.9937285194236462,1462,1.462,5,0.7068099895990073,1382.2157117479335
ag,50,0.677569817342161,0.46014468793261254,677.5698173421611,662,661,1323,1.0250678023330726,330,0.33,5,0.4199954296641832,380.42521161950094
ag,50,2.662058290524835,1.691123597907298,2662.058290524835,2599,2598,5197,1.0246567707947787,6060,6.06,5,1.898094837176183,6276.578578939401
ag,50,2.828145131241418,1.7994190753186687,2828.145131241418,2909,2906,5815,0.9732089233452917,7280,7.28,5,2.137921658979431,7015.832861095615
ag,50,1.286863184166073,0.8739991802281284,1286.8631841660729,1301,1301,2602,0.9891338848317239,1491,1.491,5,0.9456005675221393,1305.324416511799
ag,50,0.6221707066732332,0.42607990864096235,622.1707066732331,620,620,1240,1.0035011397955373,292,0.292,5,0.4940402273909481,345.69224452869565
ag,50,1.0192048812357295,0.6449459371833307,1019.2048812357295,999,999,1998,1.0202251063420715,885,0.885,5,0.6844972184618324,707.8274698655858
ag,50,1.5931589729234015,1.0766219044801906,1593.1589729234015,1605,1604,3209,0.9932412549397766,2257,2.257,5,1.179798921316287,2711.594037807079
ag,50,1.3421943175947013,0.881684058244822,1342.1943175947013,1354,1352,2706,0.9927472763274418,1555,1.555,5,0.7268881269344518,1285.479089357826
ag,50,3.032072817129257,1.925474617237696,3032.072817129257,2947,2942,5889,1.0306161852920657,7975,7.975,5,1.9344928289888887,5646.497140839868
ag,50,1.3317049847487856,0.9108009442153612,1331.7049847487856,1306,1306,2612,1.0196822241568038,1485,1.485,5,0.8966349352376333,1644.6806684857347
ag,50,1.2952565002334464,0.8526727981464026,1295.2565002334463,1341,1339,2680,0.9673312175007067,1471,1.471,5,0.8639101555576557,1708.889139868316
ag,50,1.0328706093966478,0.6552125053612765,1032.8706093966478,1006,1005,2011,1.0277319496484056,890,0.89,5,0.696960685048322,1063.3758955422338
ag,50,1.3110649646900001,0.8484473492044053,1311.0649646900001,1322,1320,2642,0.9932310338560607,1376,1.376,5,0.6633003192428613,1030.1363186218418
ag,50,2.244052183744454,1.4672965705804293,2244.052183744454,2219,2219,4438,1.0112898529718135,4388,4.388,5,1.5579309756798576,4032.174763636984
ag,50,2.0511549689380937,1.3975658878656907,2051.1549689380936,2001,1998,3999,1.0266040885576044,3744,3.744,5,1.3279686833435587,4693.636236157065
ag,50,1.9832919572243246,1.2450539082496492,1983.2919572243245,1986,1982,3968,1.0006518452191344,3516,3.516,5,1.381100190716018,4215.578845894116
ag,50,1.9505780527931644,1.2411761077815424,1950.5780527931645,1910,1908,3818,1.0223155412962077,3541,3.541,5,0.8914392565208799,3414.96112532656
ag,50,0.6425463742434074,0.43028387738357204,642.5463742434074,703,703,1406,0.9140062222523576,316,0.316,5,0.5054637734738042,394.902500462287
ag,50,1.94821456286116,1.2994753356776223,1948.21456286116,1957,1956,3913,0.9960197151641922,3449,3.449,5,1.6303409187692894,3081.400140446629
ag,50,3.1944250723625536,2.0020685598512458,3194.4250723625537,3146,3144,6290,1.0160385090211685,9100,9.1,5,1.921691720309398,10486.175995628264
ag,50,1.6291042097445447,1.0590097657852817,1629.1042097445447,1610,1608,3218,1.0131245085476024,2235,2.235,5,0.8020759467054268,1895.458214960382
ag,50,1.8997327968472724,1.217109813892906,1899.7327968472723,1941,1941,3882,0.9787392049702588,3200,3.2,5,1.3714580703822608,3576.984818620636
ag,50,0.3055208537215006,0.21217786166278602,305.5208537215006,319,319,638,0.9577456229514125,65,0.065,5,0.21234979708654642,57.155973522223256
ag,50,2.9258718626015146,1.946372653716781,2925.8718626015147,2878,2875,5753,1.0176945609048746,7430,7.43,5,2.126529838352823,6548.0189745179505
ag,50,1.009154226050066,0.6692036336867583,1009.1542260500662,967,965,1932,1.045755674663281,781,0.781,5,0.7355240934064271,735.5676131713453
ag,50,1.3512629599358792,0.8299731719826636,1351.2629599358793,1338,1337,2675,1.010667883272909,1618,1.618,5,0.6981487847336312,1779.2351688886963
ag,50,1.6907976666356859,1.1070960712632658,1690.7976666356858,1638,1634,3272,1.0347598939018885,2307,2.307,5,1.0775211243301295,2979.982429156126
ag,50,0.3292096566687518,0.22083065862479437,329.2096566687518,338,338,676,0.973993067067313,73,0.073,5,0.14792228606586125,79.35675569187465
ag,50,1.6144440418079873,1.088997733751723,1614.4440418079873,1582,1581,3163,1.021153726633768,2332,2.332,5,0.7749968115783284,2723.240321898729
ag,50,0.961143164987227,0.6619540153964916,961.143164987227,935,935,1870,1.0279606042644138,764,0.764,5,0.5656866989431486,535.5715537722577
ag,50,1.650863837305903,1.0821761341792255,1650.863837305903,1667,1666,3333,0.9909146682508421,2511,2.511,5,1.1400599206596052,2011.9315102639732
ag,50,1.3300122583037584,0.8990517058444942,1330.0122583037582,1315,1314,2629,1.0121858891200595,1486,1.486,5,0.9330342350005634,1482.1540498204913
ag,50,0.9712716559876529,0.6603744579439232,971.2716559876528,978,978,1956,0.9931203026458618,803,0.803,5,0.6481653079010887,799.9300593841417
ag,50,2.254817625497592,1.463892783190063,2254.817625497592,2339,2335,4674,0.9656606533180265,4349,4.349,5,1.2832855925370192,4444.674609852428
ag,50,2.2513270952609044,1.3785239060473546,2251.3270952609046,2259,2259,4518,0.9966034064899976,4489,4.489,5,1.1737636006912595,4387.428129256946
ag,50,1.0174651829731611,0.6647744407128678,1017.4651829731611,1016,1015,2031,1.0024287516976955,836,0.836,5,0.6352167964287353,883.0224969504989
ag,50,2.193534666464296,1.4332590744083629,2193.5346664642957,2245,2243,4488,0.9779467973536762,4208,4.208,5,1.549613612947622,4171.517725982602
ag,50,1.8915083927694645,1.2616238434922689,1891.5083927694645,1893,1893,3786,0.9992120405543923,3206,3.206,5,1.0401115117285864,3278.802855084145
ag,50,1.9232635651915202,1.2799406943884528,1923.2635651915202,1987,1985,3972,0.9688985215070631,3319,3.319,5,1.3843395703923063,3979.714124762374
ag,50,1.3225743103094407,0.8777668889155058,1322.5743103094408,1341,1339,2680,0.9877328680428983,1424,1.424,5,1.1338204967186032,1491.0572623250378
ag,50,1.0134245547429896,0.6565108616105698,1013.4245547429896,1003,1003,2006,1.0103933746191323,943,0.943,5,0.6218370597463979,888.7737402787787
ag,50,1.637645224979216,1.0407086856490575,1637.645224979216,1637,1635,3272,1.001617874605025,2286,2.286,5,1.125383958852967,2395.549386586189
ag,50,2.901880545671539,1.8114328429882094,2901.880545671539,2909,2906,5815,0.9985824314079625,7907,7.907,5,1.4932867751211645,7607.338295977371
ag,50,0.9319724182818535,0.6346107517917886,931.9724182818535,995,995,1990,0.9366556967656819,834,0.834,5,0.6310117339744449,805.8189147943733
ag,50,0.6274840818390331,0.44232411246134606,627.4840818390331,661,661,1322,0.9492951313752392,359,0.359,5,0.4312861363945665,240.59264936726552
ag,50,0.6971225593681267,0.46670785422349415,697.1225593681268,683,683,1366,1.0206772465126306,411,0.411,5,0.41023157098951624,411.1171962674316
ag,50,1.9876729106698707,1.3479538800332218,1987.6729106698708,1972,1968,3940,1.009996397698105,3352,3.352,5,1.6044774683634253,4278.6925476287415
ag,50,1.6046616871560337,1.137580908886544,1604.6616871560338,1624,1624,3248,0.9880921718941095,2321,2.321,5,1.1889617812151747,2609.555733632951
ag,50,2.235797328721939,1.3955743807674885,2235.797328721939,2313,2309,4622,0.96829680758854,4653,4.653,5,1.4230731261813783,4781.664519201245
ag,50,0.7255082480778346,0.4616632215039195,725.5082480778347,700,700,1400,1.0364403543969067,429,0.429,5,0.43490308743069267,433.35487429366236
ag,50,0.6871122536098275,0.4421936803706666,687.1122536098276,697,696,1393,0.9872302494394074,365,0.365,5,0.4900512573469608,374.3356952332581
ag,50,1.2834770628079097,0.8477149063113576,1283.4770628079098,1329,1329,2658,0.9657464731436491,1475,1.475,5,0.7447653589272836,1650.0901778295768
ag,50,0.3384964098572384,0.22391659037099887,338.4964098572384,349,349,698,0.9699037531726029,68,0.068,5,0.25964563192953255,72.94399128868983
ag,50,1.3208652270748362,0.9175242485193386,1320.8652270748362,1325,1323,2648,0.9983864150225519,1521,1.521,5,0.8459606516095367,1709.242373339156
ag,50,2.2282092539917486,1.4076333030837558,2228.2092539917485,2245,2244,4489,0.9929631256647721,4327,4.327,5,1.2733235021740195,4176.681698562804
ag,50,1.283666741009933,0.8522482900377409,1283.666741009933,1332,1331,2663,0.964437821945855,1453,1.453,5,0.7024573694077104,1380.6990267556637
ag,50,0.9644965334969128,0.6767195513071668,964.4965334969128,951,950,1901,1.0152595089441188,821,0.821,5,0.6450154755051134,709.6848333069225
ag,50,0.2981841001462059,0.20927034256620333,298.1841001462059,326,326,652,0.9146751538227175,68,0.068,5,0.2478664066792123,64.00152791384836
ag,50,0.9869084045744533,0.6150566466816774,986.9084045744532,980,979,1959,1.0080780434876948,736,0.736,5,0.6865974344333441,534.2436275653477
ag,50,1.3789861071610294,0.9078592513183309,1378.9861071610294,1336,1334,2670,1.0337227190112663,1588,1.588,5,0.7779477771425917,1734.1902982562476
ag,50,1.6570005294976977,1.117389876236788,1657.0005294976977,1680,1676,3356,0.9886638004162874,2319,2.319,5,1.067161392057186,2686.8836631708414
ag,50,2.005301850371672,1.2659581959836619,2005.3018503716721,1962,1962,3924,1.0220702601282732,3493,3.493,5,1.3314243326591932,3364.899952078902
ag,50,0.6658042675798931,0.4421686550738592,665.8042675798931,651,649,1300,1.0258925540522237,310,0.31,5,0.40289398796805387,275.59573815532497
ag,50,1.6995680598547198,1.0625570060696206,1699.5680598547199,1674,1670,3344,1.0177054250627064,2484,2.484,5,1.082608215271383,2872.9177108182103
ag,50,0.9776351919260059,0.6616791104279006,977.6351919260059,1007,1005,2012,0.9727713352497571,822,0.822,5,0.6642291921080901,788.966938743146
ag,50,0.9440885732422196,0.6019818671785827,944.0885732422196,935,935,1870,1.0097203991895396,785,0.785,5,0.6575546071949052,711.2916309279373
ag,50,1.951331435960903,1.2049240884459265,1951.331435960903,1998,1998,3996,0.9766423603407923,3411,3.411,5,1.7747582478928243,2425.603527348097
ag,50,2.220873982906159,1.4165602736463063,2220.8739829061587,2220,2217,4437,1.001747398694704,4125,4.125,5,1.6625235934409168,4139.332078912861
ag,50,0.6459132320059173,0.43906986192455216,645.9132320059173,693,692,1385,0.9334006242860077,363,0.363,5,0.4642976410683591,337.9242952284024
ag,50,1.6197875250192784,1.139229934101676,1619.7875250192783,1650,1648,3298,0.9828807797447077,2255,2.255,5,1.2381207370369338,2055.4404626000273
ag,50,0.6507120194819737,0.43876646512320827,650.7120194819737,648,648,1296,1.0041852152499595,385,0.385,5,0.36684846877859184,404.69093396983465
ag,50,1.662599272013244,1.0841767722141535,1662.599272013244,1643,1642,3285,1.012545232651184,2284,2.284,5,1.1334051829892042,2231.971202831586
ag,50,1.9308604264930895,1.2741525913544491,1930.8604264930896,1959,1956,3915,0.9871474573073055,3230,3.23,5,1.4069724678067748,2709.779370169768
ag,50,1.9470437748299763,1.2926704770757214,1947.0437748299762,2007,2005,4012,0.9710941520349008,3469,3.469,5,1.5682550147234338,3188.6758555449305
ag,50,1.0115004174694997,0.7077129337684501,1011.5004174694998,989,988,1977,1.023785847641194,849,0.849,5,0.8564933834827695,844.2492628386832
ag,50,0.9289793951336847,0.6264852209750829,928.9793951336846,978,976,1954,0.9518231507517261,776,0.776,5,0.7369279332603731,632.4328943843883
ag,50,2.3782106100498597,1.57263579025194,2378.2106100498595,2288,2286,4574,1.0403370997593435,5094,5.094,5,1.7317264014998155,5281.70234972999
ag,50,1.7148995014154136,1.1041999601284629,1714.8995014154136,1595,1593,3188,1.0765219720121868,2500,2.5,5,1.0011822809061681,2482.8720962905686
ag,50,1.3565194644101264,0.9204894358246336,1356.5194644101264,1307,1306,2613,1.0386825914319497,1520,1.52,5,1.0125286722957503,1864.9122806731802
ag,50,0.9951545852021704,0.683175115652273,995.1545852021703,990,990,1980,1.0052066517193639,820,0.82,5,0.7786137470207312,822.5107863516164
ag,50,1.9688201095135875,1.3272471458947537,1968.8201095135876,1959,1959,3918,1.005012817515869,3186,3.186,5,0.9396273063763132,4115.786666750723
ag,50,2.8302869170427902,1.9429434773440726,2830.2869170427903,2882,2880,5762,0.9827385128620799,7218,7.218,5,2.0045071140578603,7337.822355358104
ag,50,1.6629933087300988,1.1081224428690057,1662.9933087300988,1620,1619,3239,1.0271731369549715,2407,2.407,5,0.9215212992781079,2214.089002566686
ag,50,2.296992067259047,1.5070716800282922,2296.992067259047,2313,2312,4625,0.9935086796103144,4749,4.749,5,1.8087721418205889,4505.037340215674
ag,50,1.6881382384105579,1.0797977001379075,1688.138238410558,1668,1668,3336,1.0120732844187998,2540,2.54,5,0.9884796088650767,2303.7414408960954
ag,50,0.0,0.0,0.0,0,0,0,,0,0.0,5,0.0,0.0
ag,50,1.2872679028284324,0.9110045181059613,1287.2679028284324,1350,1347,2697,0.9556554586699573,1466,1.466,5,1.0954588148280158,1453.7223701071423
ag,50,0.692887354816442,0.4467630907331012,692.887354816442,654,652,1306,1.0627106668963835,337,0.337,5,0.4691954042860486,347.8243891318319
ag,50,1.350562047904104,0.9230062333298352,1350.562047904104,1311,1310,2621,1.0309633953466444,1430,1.43,5,1.1097330676509982,1147.5207185752663
ag,50,1.838193878122956,1.199707757405332,1838.193878122956,1938,1934,3872,0.9504621913769162,3326,3.326,5,1.2406478720172107,3251.844425161974
ag,50,0.6956812610040448,0.46497090175730454,695.6812610040448,694,694,1388,1.002422566288249,334,0.334,5,0.5665991727288399,368.2238166462562
ag,50,1.6533604168187812,1.1013337410494697,1653.3604168187812,1623,1623,3246,1.0187063566351087,2363,2.363,5,0.8273436410085224,2178.290980112805
ag,50,1.6905746257376384,1.1366428910801296,1690.5746257376384,1670,1667,3337,1.0141419470531723,2488,2.488,5,1.2029789156778001,3231.283145134938
ag,50,0.9907215200836458,0.6306336640971986,990.7215200836458,957,955,1912,1.0374047330718805,756,0.756,5,0.5237583145595163,813.420720848721
ag,50,2.2703066795811577,1.3986625646098285,2270.306679581158,2319,2315,4634,0.9806940300566557,4848,4.848,5,1.403831010567254,3731.5075049872307
ag,50,1.3413623376812451,0.8649263597134412,1341.3623376812452,1342,1342,2684,0.9995248417893035,1603,1.603,5,0.8396175722526105,1602.2442838463733
ag,50,1.2148683881776519,0.8293877518217396,1214.868388177652,1253,1252,2505,0.9703421630811916,1326,1.326,5,0.7807708304717719,1382.1440671138014
ag,50,1.6285402737790213,1.1336552159045958,1628.5402737790214,1642,1640,3282,0.9930123620603789,2406,2.406,5,1.1025321818047469,2957.895265096491
ag,50,1.331557672312596,0.8542977010085789,1331.557672312596,1297,1297,2594,1.026644311729064,1612,1.612,5,0.9026003628272052,1390.6060704724682
ag,50,1.585289702289415,1.0551100202591155,1585.2897022894151,1643,1642,3285,0.965462668872969,2445,2.445,5,1.2557284100051187,2628.0223564511803
ag,50,2.262014720156098,1.5184937000991878,2262.014720156098,2270,2268,4538,0.9973609877231473,4647,4.647,5,1.4416157316305485,4372.248713777201
ag,50,1.6226431276848088,1.0945660913740218,1622.6431276848089,1674,1673,3347,0.9699002556394554,2252,2.252,5,1.0085596479889294,1858.796584489774
ag,50,1.3560705488777358,0.8551661997860031,1356.0705488777357,1315,1314,2629,1.0320171604853392,1508,1.508,5,0.8163760851877907,1603.5156534343596
ag,50,3.140526569674295,2.0831337640580356,3140.5265696742954,3178,3176,6354,0.9888307839024859,8883,8.883,5,1.1144345108032958,10948.613142442651
ag,50,1.5995362664383375,1.1228697450743408,1599.5362664383374,1648,1648,3296,0.9705923946834571,2391,2.391,5,1.1324702648008784,2832.522216904379
ag,50,1.9690694352701157,1.338703082639081,1969.0694352701157,2037,2037,4074,0.9666516618900912,3576,3.576,5,1.1387962366641344,2839.381964206717
ag,50,1.3011017725181484,0.9344286954205555,1301.1017725181484,1307,1306,2613,0.9962494429694858,1483,1.483,5,1.170949424110727,1391.9672983824585
ag,50,1.9104731615091304,1.2422104713904072,1910.4731615091305,1933,1930,3863,0.9898824671031764,3440,3.44,5,1.0160687193807691,2562.8326688249176
ag,50,0.6429057224346477,0.4361044205014184,642.9057224346477,683,682,1365,0.9426770123675187,333,0.333,5,0.4007544847814794,300.4089761640049
ag,50,1.0147874447964804,0.6526510888967152,1014.7874447964804,992,992,1984,1.022971214512581,878,0.878,5,0.6455258811276473,842.555722092919
ag,50,0.31592288299740945,0.2161156149960146,315.92288299740943,324,324,648,0.9750706265352143,70,0.07,5,0.20407587551602935,64.83255818877895
ag,50,2.0485370062556507,1.4137002409093098,2048.537006255651,1921,1920,3841,1.0669463574248181,3371,3.371,5,1.3220323895546593,2485.911003592028
ag,50,1.3082537147404973,0.8704958074800793,1308.2537147404973,1275,1273,2548,1.0276934129933208,1549,1.549,5,0.9806415441300013,1600.9046639847145
ag,50,1.2976544775617995,0.8763210803801001,1297.6544775617995,1294,1292,2586,1.0043765306205878,1400,1.4,5,0.90044421836132,986.3113518393186
ag,50,1.3250576749093823,0.8929268072453356,1325.0576749093823,1334,1333,2667,0.9940417666236926,1636,1.636,5,1.034472583796116,1219.5697711651717
ag,50,1.257121710062014,0.8517116216414004,1257.121710062014,1306,1305,2611,0.9633116552199341,1258,1.258,5,0.8845699536519027,1250.0016834468918
ag,50,1.3263533658919877,0.8999764764979068,1326.3533658919878,1322,1322,2644,1.0032930150468895,1516,1.516,5,0.9514550871721584,1525.1274555056752
ag,50,1.3498520836292829,0.8626587447995806,1349.8520836292828,1316,1313,2629,1.0280670857801089,1480,1.48,5,0.8521829332671506,1358.9049538483557
ag,50,1.9360826055108387,1.2635389599912301,1936.0826055108387,1973,1969,3942,0.9832821764910303,3363,3.363,5,1.1010857390123612,3476.78475845713
ag,50,2.2323926606727227,1.4351958011977204,2232.3926606727227,2336,2334,4670,0.9564664355924262,4614,4.614,5,1.293967849229436,4941.404289061755
ag,50,1.6536228457764905,1.0381261819971173,1653.6228457764905,1587,1586,3173,1.042637355470675,2211,2.211,5,1.032438312118199,2780.4280833618277
ag,50,2.880545184570832,1.83401279754936,2880.545184570832,2906,2905,5811,0.9915818191293743,7620,7.62,5,1.7763915596742086,7445.864065264557
ag,50,1.7019241619274454,1.0820231104050897,1701.9241619274455,1650,1648,3298,1.0327209720433528,2504,2.504,5,1.1619205027706765,3150.0820791775964
ag,50,0.6494656141940499,0.4266413777783442,649.4656141940499,641,641,1282,1.0132068864181745,333,0.333,5,0.49323266050437725,367.66785446517684
ag,50,0.6522527981251697,0.44892714110613613,652.2527981251696,643,642,1285,1.0159700905376474,335,0.335,5,0.4590847522941773,324.558667872154
ag,50,1.2953831487442062,0.8406353222173005,1295.3831487442062,1290,1288,2578,1.005732258341775,1443,1.443,5,0.911498778845094,1257.4632994777726
ag,50,1.3067820061371016,0.8748749653107529,1306.7820061371017,1339,1339,2678,0.9759387648522044,1533,1.533,5,0.9025963478307948,1490.7189395106989
ag,50,1.354512790996063,0.8466624060548067,1354.5127909960631,1346,1342,2688,1.0093239873294062,1635,1.635,5,0.8731641569526747,2072.8751869504085
ag,50,3.145054293531316,2.1505470347305478,3145.054293531316,3191,3187,6378,0.9868384981271779,8513,8.513,5,2.5508641308684443,8705.868799810993
ag,50,1.8993391488846505,1.3079096731226707,1899.3391488846505,1975,1972,3947,0.9631537266149344,3328,3.328,5,1.3112249788447512,3435.539275721841
ag,50,1.9148027564876982,1.2465355517651475,1914.8027564876982,1992,1989,3981,0.9626962073844636,3490,3.49,5,1.248597691897148,2428.732272438859
ag,50,2.323155293990731,1.482676904504953,2323.155293990731,2266,2263,4529,1.0265821007471194,4762,4.762,5,1.6968015112700754,5067.323854160165
ag,50,1.6237538553557314,1.0663220946570016,1623.7538553557313,1632,1631,3263,0.9955572381089708,2299,2.299,5,1.1498701987375068,2101.566927340995
ag,50,1.632220986334155,1.052987913513015,1632.220986334155,1647,1644,3291,0.9928351498382938,2325,2.325,5,1.1505611259734012,2262.2702910419066
ag,50,0.6924432404537131,0.45687341036361445,692.4432404537131,679,678,1357,1.0213027145335,350,0.35,5,0.47014176915396655,301.95168999461043
ag,50,1.3234280265607636,0.858575249097249,1323.4280265607636,1267,1267,2534,1.0445367218316997,1486,1.486,5,0.8464846788173189,1400.0560890300146
ag,50,1.3259961765087027,0.8805407542229117,1325.9961765087028,1340,1338,2678,0.991028532517715,1503,1.503,5,0.8945268898504365,1648.7885860268543
ag,50,1.595052585406228,1.157047285155396,1595.052585406228,1609,1609,3218,0.9913316254855363,2439,2.439,5,1.1929212040635726,1954.3907964472812
ag,50,1.8939615715761011,1.2621657514736362,1893.961571576101,1947,1947,3894,0.9727588965465337,3313,3.313,5,1.0234198971108506,3771.8026388378626
ag,50,1.3419268960963837,0.8886622883254215,1341.9268960963836,1304,1304,2608,1.029085043018699,1542,1.542,5,0.7814867547426195,1282.8352670011495
ag,50,0.3187473156207843,0.21714746440532837,318.74731562078426,311,311,622,1.0249109827034864,73,0.073,5,0.1496188960196666,79.1838044780953
ag,50,3.529209078016198,2.323657501532364,3529.2090780161984,3541,3537,7078,0.9977973078926204,11467,11.467,5,2.4337672541509416,12074.46579013118
ag,50,2.0156517765119153,1.2931423636508674,2015.6517765119152,1927,1926,3853,1.0465481705669342,3303,3.303,5,1.1559781929461534,3077.697574226079
ag,50,1.2899393740527194,0.8392923336293179,1289.9393740527194,1282,1279,2561,1.0085530680631114,1436,1.436,5,0.7413793508521557,1511.6274458661067
ag,50,1.6143834379534456,1.0539002167067233,1614.3834379534455,1650,1648,3298,0.9796016006999063,2292,2.292,5,1.1355512192698154,2277.1885328801436
ag,50,2.3110115457904814,1.4801036232892881,2311.0115457904813,2301,2299,4600,1.0052246828144764,4577,4.577,5,1.5556980907189577,4067.515880473339
ag,50,0.9982516547743541,0.6772805366077485,998.251654774354,1009,1007,2016,0.9913124675018412,749,0.749,5,0.775874119345883,626.0907397779624
ag,50,2.3025309483312464,1.5858390823622543,2302.5309483312462,2234,2232,4466,1.031599887245182,4631,4.631,5,1.4092928303363994,4723.9812920850045
ag,50,1.9297367672100936,1.2108727663027012,1929.7367672100936,1953,1950,3903,0.9896085985692787,3366,3.366,5,1.262388550345756,4078.870395147507
ag,50,1.0603153598694142,0.6654306361616649,1060.3153598694141,980,979,1959,1.0830596117154383,873,0.873,5,0.6608105399538581,845.0961155987289
ag,50,2.298230683844118,1.460402159918652,2298.230683844118,2297,2294,4591,1.0018442388160933,4628,4.628,5,1.2142613808690748,3990.6463541997177
ag,50,0.6414317681101918,0.438674516093924,641.4317681101918,687,686,1373,0.9350317319390551,346,0.346,5,0.49186437495188495,367.1293560734865
ag,50,1.6226111281829383,1.1271450493066666,1622.6111281829383,1646,1644,3290,0.9869897373375537,2168,2.168,5,1.383090812978228,2110.33511860455
ag,50,3.830386004312756,2.4144637774365876,3830.386004312756,3797,3793,7590,1.0098565790437006,12936,12.936,5,2.4285676429076855,7407.680574996053
ag,50,1.9199690693896079,1.316619558634818,1919.969069389608,1874,1873,3747,1.0250769190547826,3193,3.193,5,1.3487649553400767,3665.1366195587066
ag,50,1.3733287737683602,0.9076409376751768,1373.3287737683602,1330,1329,2659,1.0333549840243492,1544,1.544,5,0.8646957504186209,1710.0913164528354
ag,50,1.2867821821222725,0.9161394642721241,1286.7821821222724,1280,1279,2559,1.0060845833637782,1506,1.506,5,0.8333117439208609,1173.134727641127
ag,50,1.0230566651274884,0.6728544978844697,1023.0566651274885,1010,1010,2020,1.0129273912153351,838,0.838,5,0.7220623141323798,672.6033592319677
ag,50,1.96551126294371,1.2990586758911005,1965.5112629437099,1934,1934,3868,1.0162933107258065,3453,3.453,5,1.1447347709130329,3480.2057093958815
ag,50,2.250233443558427,1.5188301516823883,2250.233443558427,2246,2245,4491,1.0023311552598784,4631,4.631,5,1.2586378308651451,4378.123886351993
ag,50,1.0217935268508345,0.6505741843549588,1021.7935268508344,987,987,1974,1.0352518002541382,747,0.747,5,0.6035165740375866,710.192360632065
ag,50,1.632206432038382,1.1150141424199043,1632.206432038382,1606,1604,3210,1.0175850573805374,2306,2.306,5,1.0718444829727503,2064.9283288886672
ag,50,2.2330799009464526,1.517095646007575,2233.0799009464527,2256,2254,4510,0.9907186783258441,4434,4.434,5,1.5255536203989417,3547.2295328667255
ag,50,0.9818221556633938,0.6256627043590782,981.8221556633938,971,969,1940,1.0132323587857521,776,0.776,5,0.6716161185096354,626.8063650663895
ag,50,0.9994749529331618,0.6692452546861462,999.4749529331618,1009,1008,2017,0.9915426120368669,809,0.809,5,0.7260808232476256,901.9173056868442
ag,50,1.9464036218042182,1.2698685737322926,1946.4036218042181,1957,1954,3911,0.9961123960103471,3359,3.359,5,1.4405210829793376,3394.9730507884046
ag,50,2.85051856764266,1.7467290854308986,2850.51856764266,2827,2826,5653,1.0086760678141047,7148,7.148,5,1.5435756303849144,7904.144944080712
ag,50,1.0135455444199086,0.7251980712777493,1013.5455444199085,991,990,1981,1.0237833782019279,907,0.907,5,0.8782264067021212,946.988446468706
ag,50,1.6412141155213193,1.0927367205104739,1641.2141155213194,1623,1621,3244,1.0124701514628744,2433,2.433,5,0.777850180872527,2191.354736405009
ag,50,1.3560613685181155,0.8799255258762279,1356.0613685181156,1320,1320,2640,1.02731921857433,1443,1.443,5,1.047220578254323,1421.2558470427762
ag,50,1.0468336920962964,0.6826702184430417,1046.8336920962963,989,989,1978,1.0584769384189043,859,0.859,5,0.5779642444638504,752.7189940134824
ag,50,2.264845422202377,1.531193910115232,2264.845422202377,2292,2288,4580,0.9898799922213186,4492,4.492,5,1.279348472865329,4301.316269966296
ag,50,1.6939056881261045,1.1284239584960123,1693.9056881261045,1642,1641,3283,1.0322399074503987,2365,2.365,5,1.2447258070836154,1724.423920757957
ag,50,1.6845853798287722,1.1001131089492031,1684.5853798287721,1598,1596,3194,1.0555046239528647,2431,2.431,5,1.2811370223243426,2373.7212676144472
ag,50,2.6628430799296248,1.6696813421699088,2662.8430799296248,2596,2593,5189,1.0269352410064114,6198,6.198,5,1.5641524026974156,5542.523594949363
ag,50,0.3462126588313264,0.22634945369627002,346.2126588313264,322,321,643,1.078544108508805,63,0.063,5,0.2514492492013487,66.21337046433699
ag,50,2.5820841740576173,1.723984088511109,2582.0841740576175,2555,2553,5108,1.011392155917594,5836,5.836,5,2.090186954678454,4982.887070764847
ag,50,1.312811320697856,0.9053884519219444,1312.811320697856,1261,1261,2522,1.04108748667554,1462,1.462,5,0.8057914010007996,1355.3736664004978
ag,50,1.305659240583991,0.8189724335461708,1305.659240583991,1306,1305,2611,1.0005051651984607,1457,1.457,5,0.7368111490712526,920.7920857972603
ag,50,1.6600257906921783,1.1251694929529932,1660.0257906921784,1623,1621,3244,1.0240751330611835,2333,2.333,5,1.3260978405273525,1930.420360788506
ag,50,2.1541195423665123,1.4907661089888542,2154.119542366512,2295,2293,4588,0.9394328575519024,4339,4.339,5,1.4183257377044287,3141.771770108751
ag,50,1.2787483823955172,0.8086479063690651,1278.7483823955172,1274,1274,2548,1.0037271447374547,1452,1.452,5,0.6770645408684642,1274.1720340328047
ag,50,1.6690124688445145,1.0582209328788594,1669.0124688445144,1594,1592,3186,1.0483746663596196,2271,2.271,5,1.070426208660897,2379.3383433998997
ag,50,2.6016384214557875,1.637394371655545,2601.6384214557875,2572,2571,5143,1.0119169278318894,6025,6.025,5,1.450834998487182,5416.133905181763
ag,50,1.2464222965318976,0.8613088823441462,1246.4222965318977,1317,1315,2632,0.9478496551573367,1446,1.446,5,0.8210769731257705,1733.3074359328082
ag,50,2.500103837631414,1.6510548401403151,2500.103837631414,2611,2608,5219,0.9586287720979348,5912,5.912,5,1.8405808059903335,4677.506059733992
ag,50,0.9614833967661247,0.6711909631697792,961.4833967661247,977,976,1953,0.9851264311128326,745,0.745,5,0.9107745054154981,830.1313847285288
ag,50,1.0160867518991177,0.680573117612335,1016.0867518991178,1002,1000,2002,1.0160867518991177,906,0.906,5,0.8850820911292226,898.8108736833611
ag,50,1.6109495205373268,1.1017007743748612,1610.9495205373269,1616,1616,3232,0.9968747033028013,2353,2.353,5,1.4288217940530097,2489.9557491661803
ag,50,2.5691405224102253,1.6967230215975884,2569.1405224102255,2582,2582,5164,0.9950195671612028,5847,5.847,5,1.5456881091268615,5950.691495091647
ag,50,1.3213720390840595,0.925240112483853,1321.3720390840595,1337,1337,2674,0.988311173585684,1502,1.502,5,1.1773946097866959,1481.1122160891416
ag,50,0.9766156563628956,0.6360329677344603,976.6156563628956,988,988,1976,0.9884773849826879,859,0.859,5,0.5999377373593853,931.7387580124067
ag,50,1.9241056097328288,1.313684994764776,1924.105609732829,1973,1971,3944,0.9762078182307605,3324,3.324,5,1.2478743692097332,2695.336856148491
ag,50,1.637950884742728,1.0792146546652526,1637.950884742728,1609,1608,3217,1.0186261721036867,2337,2.337,5,0.8931659303591898,2569.239215602202
ag,50,2.5431986137265556,1.6004344639403898,2543.198613726556,2594,2591,5185,0.9815509894737768,5744,5.744,5,1.8026938475044172,6172.2251687564185
ag,50,2.2747667963703146,1.4424760237127103,2274.7667963703148,2252,2250,4502,1.0110074650534733,4585,4.585,5,1.687311527479295,5512.783665662811
ag,50,1.2966361600799483,0.8947299401749985,1296.6361600799482,1309,1308,2617,0.9913120489907861,1472,1.472,5,0.9833176169327026,1558.9162660772774
ag,50,2.316407739802169,1.5370600362325235,2316.407739802169,2276,2274,4550,1.0186489620941817,4856,4.856,5,1.2714006235250601,4096.707945038656
ag,50,1.0016293932153193,0.6406201967992838,1001.6293932153194,972,972,1944,1.0304829148305754,799,0.799,5,0.7020798549767963,698.4230167766228
ag,50,1.60431731777002,1.0633804767262367,1604.31731777002,1628,1627,3255,0.9860585849846466,2388,2.388,5,1.0052335815889941,2238.056716205367
ag,50,0.9813667765215921,0.6840482487660997,981.3667765215921,997,996,1993,0.9853080085558154,809,0.809,5,0.781776352625436,1087.5100535106078
ag,50,1.9107265308481984,1.2544525409118006,1910.7265308481985,1978,1976,3954,0.9669668678381571,3257,3.257,5,0.9802235211502109,2663.4806774575636
ag,50,0.3501427380778385,0.2275428010491927,350.14273807783854,339,339,678,1.0328694338579307,63,0.063,5,0.2662035240172226,61.36656154502131
ag,50,1.9692516814542242,1.2239051436935464,1969.2516814542244,1995,1992,3987,0.9885801613726026,3599,3.599,5,1.1493591142255857,3378.2467128295275
ag,50,1.298167165994655,0.85874773725898,1298.167165994655,1339,1338,2677,0.9702295709975001,1546,1.546,5,0.9731380065824713,1658.8483412599653
ag,50,2.561012550475577,1.680136740872064,2561.012550475577,2525,2524,5049,1.0146642434530813,5966,5.966,5,1.629124381623876,5282.463018081097
ag,50,2.5534383971818753,1.7347544496555278,2553.438397181875,2625,2622,5247,0.9738514100617373,5922,5.922,5,1.9684188976561279,5800.1303110571225
ag,50,1.6564896675041723,1.0098186013570027,1656.4896675041723,1642,1642,3284,1.0088244016468773,2458,2.458,5,1.0691895078142684,2419.3717920628014
ag,50,1.5967641234098495,1.0807281759561924,1596.7641234098496,1648,1646,3294,0.9700875597872719,2288,2.288,5,1.2323188392086586,3046.1742650310866
ag,50,1.3023379711495262,0.8353200217161363,1302.3379711495263,1324,1323,2647,0.9843824422898914,1502,1.502,5,0.9671832497815557,2017.9478020602428
ag,50,1.96922460412529,1.2561855145641585,1969.2246041252902,1973,1972,3945,0.9985925984408165,3545,3.545,5,1.3197556268239952,4028.202314985963
ag,50,0.33331466956807276,0.22221600061879923,333.31466956807276,353,352,705,0.9469166749092977,64,0.064,5,0.22729649582111092,72.3209073282664
ag,50,2.236074185253255,1.5023506757268221,2236.0741852532547,2335,2333,4668,0.9584544300271131,4523,4.523,5,2.183154574416288,4907.92303690828
ag,50,1.6416809469916676,1.0421005405630217,1641.6809469916675,1593,1589,3182,1.0331535223358512,2223,2.223,5,1.0190590793534555,2358.8742646306596
ag,50,1.0055396804244319,0.6460573063401623,1005.5396804244319,990,990,1980,1.0156966468933657,820,0.82,5,0.5964540826460734,723.2229979162304
ag,50,0.9951257257289653,0.6395599684755536,995.1257257289653,973,973,1946,1.0227396975631708,749,0.749,5,0.43458350204983476,686.1831185070819
ag,50,1.3025485638650338,0.8590059931430474,1302.5485638650339,1286,1285,2571,1.0136564699338786,1470,1.47,5,0.8087376180409824,1422.0922209581477
ag,50,2.8562679676700653,1.857003119723638,2856.2679676700654,2887,2885,5772,0.990040890006955,7255,7.255,5,2.05621626979289,6349.841670859247
ag,50,0.9784211785274199,0.6434636320913402,978.4211785274199,1046,1046,2092,0.93539309610652,853,0.853,5,0.5239036815589581,859.167463188199
ag,50,0.6569223899985845,0.42400828938269836,656.9223899985845,686,686,1372,0.9576128134090154,396,0.396,5,0.448883417808157,435.19721251403735
ag,50,1.9535137536216707,1.3297355670072635,1953.5137536216707,1955,1952,3907,1.0007754885356919,3232,3.232,5,1.0203409758295154,3506.899930571514
ag,50,2.218383198416326,1.5207400763697787,2218.3831984163257,2329,2328,4657,0.9529137450241949,4538,4.538,5,1.7073987073510224,4764.899998451363
ag,50,0.9638728550587776,0.6364444262941946,963.8728550587776,985,985,1970,0.9785511218870839,826,0.826,5,0.5338873794779606,716.0320834811018
ag,50,1.6332062209587326,1.0548916840182774,1633.2062209587325,1598,1596,3194,1.023312168520509,2222,2.222,5,1.1028262222926024,2330.756146328259
ag,50,1.633438738000034,1.0843532438953958,1633.438738000034,1603,1600,3203,1.0208992112500213,2376,2.376,5,1.1443904843097443,2372.203708354831
ag,50,0.6694462587846103,0.43841634365258997,669.4462587846103,659,659,1318,1.015851682525964,348,0.348,5,0.4256174624382898,350.54189308010535
ag,50,1.9824964023489373,1.3025491665469973,1982.4964023489374,2007,2005,4012,0.9887762605231608,3433,3.433,5,1.345534102991327,2484.814744770787
ag,50,1.68249857892215,1.1014820891161656,1682.49857892215,1683,1682,3365,1.0002964202866529,2385,2.385,5,0.9633575001722198,2441.356393269875
ag,50,1.3572622627916249,0.941809852985032,1357.2622627916248,1347,1347,2694,1.0076186063783406,1522,1.522,5,0.7265948144584307,1319.4372508815097
ag,50,0.9444697946400834,0.6539212239122459,944.4697946400834,963,962,1925,0.9817773333056999,821,0.821,5,0.5371337424322817,843.4438975070701
ag,50,2.5709012936935167,1.6524417656312649,2570.901293693517,2551,2550,5101,1.0081965857621635,5767,5.767,5,1.3026659913889793,5051.881841236044
ag,50,3.302512295323714,2.062807972275349,3302.512295323714,3192,3187,6379,1.0362448369387243,9178,9.178,5,2.092526640098775,8952.159365763822
ag,50,1.6669824415833423,1.1112791396057478,1666.9824415833423,1636,1633,3269,1.0208098233823284,2220,2.22,5,1.1276276347203846,2256.4706822108024
ag,50,1.3182095105264,0.8532257743269466,1318.2095105264,1319,1319,2638,0.9994006903156937,1396,1.396,5,1.047583169366608,1542.9565769745125
ag,50,1.6658171195559248,1.047969283222714,1665.8171195559248,1647,1645,3292,1.0126547839245743,2371,2.371,5,1.4471260507028163,2289.6664471291165
ag,50,1.6574955544478172,1.0854398383503463,1657.495554447817,1658,1656,3314,1.0009031125892616,2501,2.501,5,1.1656049476326389,2607.5688611593373
ag,50,1.9261194071848442,1.28125351701642,1926.1194071848442,1922,1919,3841,1.0037099568446297,3297,3.297,5,1.4410559957019953,4485.873363582206
ag,50,1.006535404183179,0.601145766344725,1006.535404183179,992,990,1982,1.0167024284678576,724,0.724,5,0.5592402439511812,558.1269545416841
ag,50,0.6734684669428405,0.4297597012868589,673.4684669428405,663,663,1326,1.015789542900212,410,0.41,5,0.5686852410003922,422.9060864812829
ag,50,1.3735125064340195,0.8934200400174543,1373.5125064340195,1301,1300,2601,1.0565480818723227,1486,1.486,5,0.8678023044699148,1547.7887857951728
ag,50,2.516460160747684,1.661038093384927,2516.460160747684,2613,2612,5225,0.9634227261668009,5832,5.832,5,2.112247094695097,7556.514827889362
ag,50,0.3336019606986833,0.22231169251667746,333.6019606986833,340,339,679,0.9840765802321041,57,0.057,5,0.2751099980983207,55.42985890143545
ag,50,2.0070742270611883,1.3050240004847269,2007.0742270611881,1964,1962,3926,1.0229736121616657,3646,3.646,5,1.6250777243098016,3022.361542112632
ag,50,1.628223341745795,1.0828916398940442,1628.2233417457949,1610,1609,3219,1.0119473845530111,2336,2.336,5,1.1922029465514457,2578.936368109807
ag,50,2.268075345246204,1.5246807056536573,2268.075345246204,2282,2280,4562,0.994769888265879,4592,4.592,5,1.6222726306704134,5610.55652411821
ag,50,1.0149447207610844,0.7047201791466879,1014.9447207610843,958,956,1914,1.061657657699879,919,0.919,5,0.6866877757586017,1048.6944756018233
ag,50,0.6593725699166931,0.45146524429251966,659.3725699166931,667,665,1332,0.9915376991228468,349,0.349,5,0.4406931582928057,302.8595977940836
ag,50,1.6076080825797086,1.121965724706893,1607.6080825797085,1601,1599,3200,1.0053834162474724,2352,2.352,5,1.3376919612358886,2288.1346174298637
ag,50,1.66202197420893,1.043510627265281,1662.02197420893,1663,1663,3326,0.9994118906848647,2429,2.429,5,1.1282578109667263,1993.4151257850772
ag,50,1.3231322393871259,0.8754523152960224,1323.1322393871258,1359,1358,2717,0.9743241821701957,1555,1.555,5,0.8586872651479757,1221.973571961666
ag,50,0.9335049846375592,0.6269676904805267,933.5049846375591,993,990,1983,0.9429343279167264,768,0.768,5,0.5389189541678676,894.4261858120794
ag,50,1.324578146321055,0.8990487584781475,1324.578146321055,1354,1351,2705,0.9804427433908623,1536,1.536,5,1.1455950451949524,1636.441779133828
ag,50,1.9192404822237776,1.248654621285908,1919.2404822237777,1929,1928,3857,0.9954566816513369,3140,3.14,5,1.3802597481359025,3274.3177998867495
ag,50,0.6892740431599009,0.44779140282745894,689.2740431599009,658,656,1314,1.0507226267681415,314,0.314,5,0.48242532471304345,331.05937569949276
ag,50,2.515777902340796,1.8213618635368807,2515.7779023407957,2558,2553,5111,0.9854202516023485,5807,5.807,5,2.010508864303832,5435.869229811979
ag,50,2.0228348301546313,1.2725160721283326,2022.8348301546314,1950,1948,3898,1.038416237245704,3484,3.484,5,1.2699377514446393,2972.583585068946
ag,50,1.075877889047641,0.667305311957615,1075.877889047641,1069,1067,2136,1.0083204208506475,957,0.957,5,0.651804907515583,716.469297617923
ag,50,1.8887001104759766,1.3053064381136823,1888.7001104759765,1991,1988,3979,0.9500503573822819,3508,3.508,5,1.1312581500015677,3865.4683853831657
ag,50,0.6487367216426392,0.42308905303754374,648.7367216426392,682,681,1363,0.9526236734840516,298,0.298,5,0.500593428090893,397.1411833913973
ag,50,2.622998165970132,1.7003678730787155,2622.9981659701316,2585,2581,5166,1.0162720519062889,6089,6.089,5,1.5504015931527235,5668.54510251504
ag,50,0.6705262549490235,0.4403365772256905,670.5262549490235,670,670,1340,1.0007854551477962,370,0.37,5,0.4690124427068276,320.03458616764203
ag,50,0.6588624339864072,0.445536683280677,658.8624339864072,669,669,1338,0.9848466875731049,402,0.402,5,0.48253961988921285,438.8061237348731
ag,50,1.8962395845006452,1.2509351356226717,1896.2395845006452,1977,1976,3953,0.9596354172574115,3432,3.432,5,1.5915938646807763,3329.557152531342
ag,50,1.0380804952325582,0.6710538103947559,1038.0804952325582,978,976,1954,1.0636070647874571,837,0.837,5,0.6537000760107039,925.0729152460482
ag,50,1.6596552377036893,1.0821995904203043,1659.6552377036892,1658,1658,3316,1.0009983339587993,2598,2.598,5,1.0662564041949554,2352.9688356968036
ag,50,1.9782555340673438,1.2248259834234532,1978.255534067344,1996,1996,3992,0.9911099870076873,3487,3.487,5,0.9832319347033551,3697.85394477279
ag,50,1.0189762634118578,0.6842250425085122,1018.9762634118579,983,983,1966,1.0365984368381056,860,0.86,5,0.6906191960247972,1038.9966319190678
ag,50,1.9612086066531842,1.260503372196843,1961.2086066531842,1925,1924,3849,1.019339192647185,3385,3.385,5,1.2603360952679172,4024.2369540902187
ag,50,0.3231966357170789,0.2187405703782407,323.1966357170789,323,323,646,1.0006087793098417,45,0.045,5,0.2209212201779137,45.66731388978523
ag,50,3.1397112944324035,1.9808339616990678,3139.7112944324035,3168,3165,6333,0.9920098876563677,9103,9.103,5,1.456584115892168,5319.678089982815
ag,50,0.34541976845401484,0.2261049520151896,345.41976845401484,331,331,662,1.043564255148081,74,0.074,5,0.23963282134578887,62.647590546592056
ag,50,1.9898769068571804,1.306071913104508,1989.8769068571805,1947,1943,3890,1.0241260457319508,3503,3.503,5,1.7332537373286476,3153.998559503022
ag,50,2.0198683377898377,1.2992797150938054,2019.8683377898378,1980,1979,3959,1.0206510044415553,3552,3.552,5,1.3403781508840524,3061.1926142921225
ag,50,1.23452204251704,0.8476821022952381,1234.52204251704,1317,1317,2634,0.9373743678944875,1462,1.462,5,0.7179316221220207,1259.7307743852543
ag,50,1.6728353117761863,1.0859890788795965,1672.8353117761862,1650,1648,3298,1.0150699707379771,2414,2.414,5,1.2535140706981733,2227.5260202945638
ag,50,2.2238930187701036,1.4746429925401048,2223.8930187701035,2237,2236,4473,0.9945854287880606,4523,4.523,5,1.325304918746582,4275.655114453558
ag,50,0.9700042876046605,0.6569538595884271,970.0042876046605,977,975,1952,0.9948761924150363,808,0.808,5,0.6515171178325885,674.242501993529
ag,50,1.2583462004690296,0.7988417174080085,1258.3462004690296,1294,1292,2586,0.9739521675456885,1406,1.406,5,0.8225561741141798,1360.8100950843245
ag,50,2.598806464153975,1.7603140665704609,2598.806464153975,2618,2616,5234,0.9934275474594706,6001,6.001,5,1.8455811558867115,5495.599917128408
ag,50,2.4005943449182587,1.478488376876394,2400.5943449182587,2326,2323,4649,1.0334026452510798,4588,4.588,5,1.603787438879286,4162.749725030634
ag,50,1.339358744199333,0.8855782137794576,1339.3587441993332,1304,1303,2607,1.0279038712197492,1697,1.697,5,0.9282842993680781,1625.5474151935862
ag,50,1.6571619287783037,1.0369630014294324,1657.1619287783037,1649,1647,3296,1.006169962828357,2434,2.434,5,1.0263620291742366,2593.3435835312225
ag,50,2.4827056459516053,1.5419851311988713,2482.705645951605,2598,2597,5195,0.9559898521184463,5759,5.759,5,1.432023518541767,6789.5036633783475
ag,50,2.2804033253886957,1.4487906680031877,2280.4033253886955,2282,2282,4564,0.9993003178740997,4613,4.613,5,1.415966520618492,5387.227780721674
ag,50,0.33885091868187023,0.22403097359032279,338.8509186818702,346,346,692,0.9793379152655208,77,0.077,5,0.19756318283112445,59.35150635214089
ag,50,0.3264491286562541,0.21988009505582654,326.44912865625406,332,332,664,0.9832805080007653,63,0.063,5,0.1669051967489711,70.07785080103467
ag,50,1.955212492283316,1.2982078799716872,1955.2124922833161,1978,1975,3953,0.9899810087510461,3379,3.379,5,1.527550975125379,2764.2895270288
ag,50,1.3327924474922257,0.855524988927387,1332.7924474922256,1345,1344,2689,0.9916610472412393,1411,1.411,5,0.6170924355161528,1359.992080786289
ag,50,1.304855631050443,0.9217814328135464,1304.8556310504432,1313,1311,2624,0.9953132197181107,1417,1.417,5,0.8603197768243007,1457.7847423337303
ag,50,1.2545426665352912,0.8141900693746097,1254.5426665352911,1306,1305,2611,0.9613353766553955,1394,1.394,5,0.8523345238907895,1270.6714099871951
ag,50,1.6434968743474976,1.09391303300337,1643.4968743474976,1649,1649,3298,0.9966627497559112,2415,2.415,5,1.1738268676738728,2401.1118390204965
nag,50,0.17442822570170077,0.1636456566979262,174.42822570170077,880,880,1760,0.19821389284284177,96,0.096,5,0.19236795539198423,95.04039294440864
nag,50,0.5441640267168966,0.4988752317943815,544.1640267168966,2720,2718,5438,0.2002075153483799,1356,1.356,5,0.4281668782852173,1517.1323400186561
nag,50,0.43586895042833385,0.3958903228419206,435.86895042833385,2237,2237,4474,0.19484530640515593,906,0.906,5,0.32798810594443756,867.3188737302354
nag,50,0.46297688544249843,0.41373333018819625,462.9768854424984,2272,2272,4544,0.20377503760673346,950,0.95,5,0.3517688089862012,724.1563992000836
nag,50,0.26761163444520936,0.2448138630845808,267.61163444520935,1350,1350,2700,0.1982308403297847,293,0.293,5,0.17265882314763684,344.6755320357924
nag,50,0.5623466163179411,0.5016768675713578,562.3466163179411,2803,2802,5605,0.20069472388220597,1381,1.381,5,0.4509407047426573,1452.3171589739854
nag,50,0.43753086007593645,0.39891739734513554,437.53086007593646,2182,2182,4364,0.20051826767916428,798,0.798,5,0.4195994140362364,769.9203456721394
nag,50,0.18624609574632497,0.16891647746021574,186.24609574632498,905,905,1810,0.20579679087991712,100,0.1,5,0.1800105736997912,103.64866732407279
nag,50,0.17665827425950734,0.1600039776587423,176.65827425950732,914,914,1828,0.19328038759245877,128,0.128,5,0.1557663701509428,129.6818444150911
nag,50,0.557317493951583,0.5080151478232574,557.3174939515831,2714,2714,5428,0.20534911346779036,1311,1.311,5,0.472709279140846,1160.8708232335416
nag,50,0.2673134705004096,0.2404112379616971,267.3134705004096,1344,1343,2687,0.19904204802711065,284,0.284,5,0.22585681456397713,248.27967888666743
nag,50,0.35689229834976344,0.31688047991275764,356.89229834976345,1788,1788,3576,0.1996041937079214,565,0.565,5,0.2810390270528812,617.5381982166899
nag,50,0.43739451957362374,0.4037206161089604,437.39451957362377,2235,2235,4470,0.19570224589423882,900,0.9,5,0.4454217748949834,721.5486903683445
nag,50,0.10207687687295945,0.09165718808082213,102.07687687295945,482,482,964,0.2117777528484636,19,0.019,5,0.08194886838862571,20.29654200171501
nag,50,0.36128696313273334,0.32102819864059257,361.2869631327333,1820,1820,3640,0.19850932040260072,508,0.508,5,0.3451683570676931,484.0870815786667
nag,50,0.3545910773920509,0.33551277118304224,354.5910773920509,1792,1792,3584,0.19787448515181413,552,0.552,5,0.2966000644394215,538.6447113274469
nag,50,0.44784519897541053,0.418181836800037,447.84519897541054,2261,2261,4522,0.19807394912667428,880,0.88,5,0.4236374598720481,792.0107428312675
nag,50,0.45598349298616975,0.41652785291967065,455.9834929861697,2347,2347,4694,0.19428355048409446,982,0.982,5,0.42328472911307785,841.3193567816251
nag,50,0.37501344897108396,0.33482970782472227,375.01344897108396,1830,1829,3659,0.20503742425975066,646,0.646,5,0.2590145075405197,662.5082430267703
nag,50,0.7866141222783888,0.6979032751075261,786.6141222783888,4076,4076,8152,0.19298678171697467,2979,2.979,5,0.793137941901618,2827.0546995849345
nag,50,0.36061323854967203,0.32866078555708156,360.613238549672,1804,1804,3608,0.19989647369715743,521,0.521,5,0.33299457199726434,584.1764661708665
nag,50,0.37495875600491524,0.33924936029282865,374.95875600491524,1858,1858,3716,0.2018077265903742,621,0.621,5,0.44408705257567727,629.6115355391831
nag,50,0.4613935639050267,0.4280578781052435,461.3935639050267,2276,2275,4551,0.2028103577604513,1020,1.02,5,0.42864922841436987,1090.1033077265313
nag,50,0.6053746793869789,0.5557473060523573,605.3746793869789,3199,3198,6397,0.18929789849499026,1632,1.632,5,0.4363173697183237,1583.0996815920555
nag,50,0.272795504468583,0.2472346719165691,272.79550446858303,1377,1376,2753,0.1982525468521679,342,0.342,5,0.2632892369238065,436.29608191122156
nag,50,0.7236431381202432,0.6540996959226215,723.6431381202432,3529,3529,7058,0.20505614568439876,2450,2.45,5,0.5729572136005747,2798.682912841767
nag,50,0.3679184899844536,0.32884021117495743,367.9184899844536,1848,1847,3695,0.19919788304518332,607,0.607,5,0.34669951563087,563.6868538292125
nag,50,0.27273317880337605,0.24789808170236,272.73317880337606,1389,1388,2777,0.1964936446710202,336,0.336,5,0.2796164410102121,286.9928276121525
nag,50,0.1789489174092027,0.16232960880298566,178.94891740920272,901,901,1802,0.1986114510645979,125,0.125,5,0.13864990646887412,117.79646432890112
nag,50,0.42458592717453214,0.3690282208161267,424.5859271745321,2212,2212,4424,0.19194662168830565,756,0.756,5,0.4118661444606867,762.6117929311135
nag,50,0.7221710835854999,0.655059402408331,722.1710835854999,3547,3546,7093,0.2036579479936548,2476,2.476,5,0.546102402240631,2167.045711639417
nag,50,0.5434797829494687,0.49627682220609387,543.4797829494687,2682,2681,5363,0.2027153237409432,1252,1.252,5,0.5523600401313667,1406.5080946796074
nag,50,0.4427967127784544,0.4019599235352498,442.7967127784544,2223,2222,4445,0.199278448595164,945,0.945,5,0.41988192155102577,978.3946577483582
nag,50,0.8011900407449853,0.7256512749261538,801.1900407449854,3989,3986,7975,0.20100101373431645,2945,2.945,5,0.7516491195496416,3196.823084797692
nag,50,0.4434354386060763,0.4039247429183013,443.43543860607633,2255,2255,4510,0.19664542731976778,840,0.84,5,0.46103627178149065,925.1717529456495
nag,50,0.44866392684577566,0.40831929405376344,448.6639268457757,2199,2199,4398,0.2040308898798434,943,0.943,5,0.5083430950465826,1055.5435829237765
nag,50,0.44953085046078306,0.4037351940762218,449.5308504607831,2302,2301,4603,0.19536325530672885,1041,1.041,5,0.4143983866295161,1406.3064524183906
nag,50,0.08431771136913753,0.07720823491860836,84.31771136913753,457,457,914,0.18450265069833158,21,0.021,5,0.04747456111736832,23.481848859854594
nag,50,0.45245075110362165,0.41510888280513575,452.45075110362166,2240,2240,4480,0.20198694245697396,903,0.903,5,0.3972759091525289,851.00974871758
nag,50,0.7251373025749929,0.6559057626947351,725.1373025749929,3545,3544,7089,0.20460984835637497,2396,2.396,5,0.727568378698417,2229.544674535163
nag,50,0.5431904473337695,0.5015679966023554,543.1904473337695,2694,2693,5387,0.20170458497354976,1229,1.229,5,0.44127407335611185,1130.993937540708
nag,50,0.2782382627223901,0.2536113435690137,278.2382627223901,1348,1348,2696,0.20640820676735172,334,0.334,5,0.24733805994590272,294.923244624776
nag,50,0.3616167333181944,0.3297888872296061,361.6167333181944,1806,1805,3611,0.20034168050869497,596,0.596,5,0.31341890507089043,607.9206363668889
nag,50,0.2829145665998803,0.2525204914733808,282.9145665998803,1364,1364,2728,0.20741537140753688,322,0.322,5,0.26258619348886,362.1421478705755
nag,50,0.4580405755314124,0.4124432921168933,458.0405755314124,2224,2224,4448,0.20595349619218184,845,0.845,5,0.3828716531097628,1106.3976462522514
nag,50,0.8866225116995754,0.7898695369681092,886.6225116995754,4420,4418,8838,0.2006841357400578,3509,3.509,5,0.8834153920968013,3845.911904516927
nag,50,0.3563180072270283,0.3175181570173505,356.31800722702826,1762,1762,3524,0.2022236136362249,527,0.527,5,0.2503865748192343,551.9499108321919
nag,50,0.4475884937632309,0.39895320668238476,447.5884937632309,2253,2252,4505,0.19875155140463183,911,0.911,5,0.4186911679442822,1127.0597628926462
nag,50,0.44167667378702624,0.3961766072428938,441.67667378702623,2207,2207,4414,0.20012536193340563,862,0.862,5,0.44637864392282633,874.7057104940582
nag,50,0.09247481906571528,0.0839232269044785,92.47481906571528,445,445,890,0.2078085821701467,15,0.015,5,0.07258025280970452,14.538538614358027
nag,50,0.2699425526443371,0.2523689470666943,269.94255264433707,1319,1319,2638,0.2046569769858507,334,0.334,5,0.2681785218988514,325.0975856396871
nag,50,0.6183014460359277,0.567592593343717,618.3014460359277,3124,3124,6248,0.19791979706655816,1767,1.767,5,0.4989387543554568,1847.9156788228818
nag,50,0.4757774822737052,0.4265500305616526,475.7774822737052,2302,2302,4604,0.20668005311629242,907,0.907,5,0.40664383527919773,1061.971104162189
nag,50,1.002783379207153,0.8803780025196777,1002.783379207153,4865,4865,9730,0.20612196900455354,4517,4.517,5,1.0582426143133339,4726.07012807037
nag,50,0.731453786817952,0.6393947892740515,731.453786817952,3594,3594,7188,0.20352080879742684,2585,2.585,5,0.57018854590966,2527.807593254396
nag,50,0.717539135325097,0.6641877209820781,717.539135325097,3647,3646,7293,0.19680173760973588,2425,2.425,5,0.6651337504917955,2002.4321966229788
nag,50,0.537479597389695,0.4870733400843875,537.479597389695,2656,2653,5309,0.20259313885778174,1201,1.201,5,0.33387056235793783,1289.1184818786867
nag,50,0.5209588928819673,0.4699085163205717,520.9588928819672,2687,2687,5374,0.1938812403728944,1350,1.35,5,0.546040709139172,1125.2884443171115
nag,50,0.44170386645280435,0.3989202254845526,441.70386645280433,2287,2287,4574,0.1931368021219083,907,0.907,5,0.4732129837831257,904.7789290183116
nag,50,0.3488691714969101,0.3176544478776872,348.8691714969101,1850,1850,3700,0.18857793053887031,542,0.542,5,0.3677218016132104,639.1177009015236
nag,50,0.28198599412378605,0.2557221818508004,281.98599412378604,1345,1345,2690,0.20965501421842828,280,0.28,5,0.3118897134680187,323.52183481707203
nag,50,0.1821119597082564,0.163822189743602,182.1119597082564,900,899,1799,0.20257170156646984,108,0.108,5,0.17198598657159872,120.78429924503523
nag,50,0.7426756562251616,0.6733515844079782,742.6756562251617,3591,3591,7182,0.20681583297832407,2491,2.491,5,0.6537904644782216,2638.7374849344865
nag,50,0.7076357665491236,0.6115941971435236,707.6357665491237,3548,3547,7095,0.19950261250327705,2289,2.289,5,0.4792804948912547,2572.878308214561
nag,50,0.8947462261089909,0.8105098048413681,894.7462261089909,4541,4541,9082,0.1970372662649176,3711,3.711,5,0.9254072871799283,3695.7795834851936
nag,50,0.632766887628345,0.5673040151361106,632.766887628345,3057,3056,6113,0.20705722762707623,1662,1.662,5,0.4237045803015686,1798.863247315437
nag,50,0.551397235806365,0.49426738967320194,551.397235806365,2703,2701,5404,0.20414558896940577,1408,1.408,5,0.5817628975263635,1220.9504595215049
nag,50,1.004381924003713,0.9165663686107773,1004.381924003713,4932,4931,9863,0.20368726911452303,4800,4.8,5,0.9447993769523305,4923.203148271798
nag,50,0.3773583925283136,0.33874610295250723,377.35839252831363,1852,1852,3704,0.20375723138677843,612,0.612,5,0.27188332380724234,628.0628000401566
nag,50,0.27722220368059336,0.2539684332494881,277.22220368059334,1338,1338,2676,0.20719148257144496,324,0.324,5,0.26579133177929243,304.6873441551177
nag,50,0.4650505880182234,0.416590859709673,465.05058801822344,2253,2253,4506,0.2064139316547818,904,0.904,5,0.3668945917874468,650.2120150787079
nag,50,0.28025285375232534,0.2489822987519276,280.25285375232534,1361,1361,2722,0.20591686535806417,308,0.308,5,0.26675056824715637,254.13226786131355
nag,50,0.37303149388273005,0.3266394040335033,373.03149388273005,1870,1870,3740,0.19948208229022998,609,0.609,5,0.3798360281747174,626.1491375886471
nag,50,0.8114647524806787,0.706184798412595,811.4647524806787,4111,4110,8221,0.19743667943568827,3042,3.042,5,0.6167124352229577,2878.426384828544
nag,50,0.1810026606853664,0.1609827987814934,181.0026606853664,890,890,1780,0.20337377605097348,94,0.094,5,0.15206935564536758,105.4990736747135
nag,50,0.3617215492855116,0.322952030233827,361.72154928551157,1770,1769,3539,0.20447798150679003,588,0.588,5,0.32302836573943117,556.7274139606058
nag,50,0.457047235488181,0.4239223985492513,457.047235488181,2307,2306,4613,0.19819914808680877,905,0.905,5,0.3321943002794698,1114.12097099968
nag,50,0.42801876383531134,0.3885497470378225,428.01876383531135,2163,2161,4324,0.19806513828566005,840,0.84,5,0.39755978469007514,652.7349485242761
nag,50,0.7959003265535548,0.7125246621599668,795.9003265535548,3988,3986,7974,0.19967394042989334,2654,2.654,5,0.5911963757926872,1979.616713100166
nag,50,0.2695302369369324,0.24887361235851874,269.5302369369324,1284,1283,2567,0.21007812699682962,277,0.277,5,0.2574915045520487,317.3069425202544
nag,50,0.3599187932213017,0.3360372835920221,359.9187932213017,1829,1829,3658,0.19678446868305177,548,0.548,5,0.35457456699828127,557.0896975246222
nag,50,0.9924571310212595,0.8897115648460918,992.4571310212596,4897,4897,9794,0.20266635307765155,4271,4.271,5,0.9229308349574131,4201.254038423512
nag,50,0.42866028750776763,0.39347106708039925,428.66028750776763,2178,2178,4356,0.19681372245535705,799,0.799,5,0.3438966241313352,793.6928802287243
nag,50,0.27690245215558223,0.24684945539591704,276.90245215558224,1339,1339,2678,0.2067979478383736,297,0.297,5,0.2549775783549327,278.21365705469515
nag,50,0.08266560177489159,0.07583200005808663,82.66560177489158,411,411,822,0.20113285103379946,21,0.021,5,0.0799696637430192,19.090261836724064
nag,50,0.3562306977412795,0.3230691101914398,356.2306977412795,1808,1808,3616,0.19703025317548647,545,0.545,5,0.3463063932785574,530.6590995430153
nag,50,0.2639045691713391,0.24260455757974,263.90456917133906,1312,1312,2624,0.20114677528303282,275,0.275,5,0.24379325572156543,256.49920729884565
nag,50,0.633410001325933,0.5875605179167583,633.410001325933,3185,3185,6370,0.1988728418605755,1827,1.827,5,0.5734584914684127,1573.0037311602325
nag,50,0.36842686397939367,0.34451183766509336,368.42686397939366,1836,1835,3671,0.2007775825500783,572,0.572,5,0.37769527876273773,580.8852150187896
nag,50,0.5423633220290575,0.48691912024445755,542.3633220290575,2666,2665,5331,0.20351344166193527,1204,1.204,5,0.573366575234665,1138.0024146753067
nag,50,0.4584072248845685,0.40838947158587446,458.40722488456845,2223,2223,4446,0.20621107732099345,853,0.853,5,0.2716931987924806,690.771190014544
nag,50,0.6366612181528877,0.58068147726515,636.6612181528877,3200,3200,6400,0.1989566306727774,1855,1.855,5,0.5367062396632045,1791.8185741257726
nag,50,0.0,0.0,0.0,0,0,0,,0,0.0,5,0.0,0.0
nag,50,0.17964394232147532,0.16468467858604333,179.64394232147532,878,878,1756,0.20460585685817234,118,0.118,5,0.17960869464032758,111.71890832133795
nag,50,0.627330134433184,0.5661828271476816,627.330134433184,3220,3219,6439,0.19488354595625473,1710,1.71,5,0.6366020741116092,1712.2902335293577
nag,50,0.61907547707666,0.5540843067480655,619.07547707666,3052,3051,6103,0.20290903870097018,1680,1.68,5,0.6060303673422794,1933.9170262964715
nag,50,0.3458034204770596,0.3192761179784203,345.8034204770596,1790,1790,3580,0.19318626842293832,543,0.543,5,0.33618372108813394,602.7088822184138
nag,50,0.2601639111075491,0.23389813620122216,260.1639111075491,1347,1347,2694,0.19314321537308768,267,0.267,5,0.22880341957160175,151.3469141242435
nag,50,0.4486303868063463,0.3985065446907142,448.63038680634634,2271,2271,4542,0.19754750629958007,915,0.915,5,0.3482482984654636,935.6789330540629
nag,50,0.272357215804751,0.24630639560951814,272.357215804751,1378,1378,2756,0.19764674586701814,310,0.31,5,0.2813605443327305,273.9913068747419
nag,50,0.44594494648497496,0.40890797978671867,445.94494648497493,2212,2212,4424,0.20160259786843351,814,0.814,5,0.40075325822988755,764.3167399831482
nag,50,0.6386347261303158,0.5739598766135053,638.6347261303158,3189,3189,6378,0.20026175168714827,1865,1.865,5,0.5980075548282981,1592.9692715631363
nag,50,0.27368002175143424,0.2481501033997328,273.68002175143425,1350,1350,2700,0.20272594203809946,268,0.268,5,0.21739977544958267,298.26198106104687
nag,50,0.6367616134147145,0.5910587041395275,636.7616134147145,3162,3162,6324,0.20137938438163014,1888,1.888,5,0.6867193599796282,1797.8131044837871
nag,50,0.358029011224781,0.32638480111314566,358.02901122478096,1736,1736,3472,0.2062379096916941,563,0.563,5,0.30637469573269177,613.06485367624
nag,50,0.17630226105575025,0.1578068827470138,176.30226105575025,917,917,1834,0.19225982666930236,138,0.138,5,0.14763296449799213,146.57738166452265
nag,50,0.253471928216776,0.23693557656848815,253.471928216776,1328,1328,2656,0.19086741582588554,293,0.293,5,0.239846921367806,275.5578643141675
nag,50,0.7864762088156546,0.7283099882556952,786.4762088156546,4020,4020,8040,0.19564084796409317,2935,2.935,5,0.7096274803222191,3698.461330681841
nag,50,0.44131159990844626,0.39361648809258043,441.3115999084463,2195,2194,4389,0.2011447583903584,885,0.885,5,0.32044507751112383,1095.2312294081514
nag,50,0.3454790256322652,0.3159796265481801,345.4790256322652,1743,1743,3486,0.19820942377066275,523,0.523,5,0.38368523087992196,525.5747994068132
nag,50,0.7115353172691107,0.6514688188351225,711.5353172691107,3575,3575,7150,0.19903085797737363,2363,2.363,5,0.6390204581238499,2120.296722173879
nag,50,0.26729133906801417,0.23845364737703334,267.29133906801417,1352,1352,2704,0.19770069457693357,315,0.315,5,0.25972322049907687,292.0022572399106
nag,50,0.7085205271529382,0.622522374168645,708.5205271529383,3559,3558,7117,0.19913449329762176,2337,2.337,5,0.682411680095674,2715.0199705250084
nag,50,0.7248355177185718,0.6358139984222262,724.8355177185719,3632,3631,7263,0.19962421308691045,2239,2.239,5,0.6534355815479035,2539.5152063005294
nag,50,0.7938903400639492,0.6995224722919846,793.8903400639492,4022,4021,8043,0.19743604577566506,2899,2.899,5,0.44678028959102156,3012.757626791921
nag,50,0.17797187609825466,0.1634651640901838,177.97187609825465,877,877,1754,0.2029325839204728,93,0.093,5,0.21347461798470668,83.87503344265829
nag,50,0.3758195134568185,0.34795324146026896,375.8195134568185,1840,1839,3679,0.20436080122719877,590,0.59,5,0.3165647681513917,583.0393441212849
nag,50,0.8088388168137578,0.7389916214244181,808.8388168137578,4064,4062,8126,0.1991232931594677,3093,3.093,5,0.69971295584161,2792.642538219711
nag,50,0.6235955823068668,0.5445919814244637,623.5955823068668,3140,3138,6278,0.19872389493526668,1714,1.714,5,0.6813098371725874,1244.393776200327
nag,50,0.27447622075701367,0.24541974988615792,274.47622075701366,1345,1345,2690,0.20407153959629268,325,0.325,5,0.26175079868783846,318.5300128996127
nag,50,0.7134864003406858,0.6536321574242967,713.4864003406858,3613,3613,7226,0.1974775533741173,2296,2.296,5,0.5881985820941498,1408.939652034817
nag,50,0.2681984202108965,0.2439577249702233,268.19842021089653,1407,1407,2814,0.19061721408023918,318,0.318,5,0.20856120614068538,341.96850170202083
nag,50,0.45200594115557147,0.39948580865479594,452.00594115557146,2234,2233,4467,0.2024209319998081,887,0.887,5,0.35867039686563273,912.5355601097855
nag,50,0.34504809207945986,0.3219502831320815,345.0480920794599,1804,1804,3608,0.19126834372475604,567,0.567,5,0.4006268313676869,486.2453618767109
nag,50,0.7374989632270652,0.6551482495515345,737.4989632270652,3623,3623,7246,0.2035602989862173,2417,2.417,5,0.7618737447399322,2836.6116494781427
nag,50,0.3631434862824994,0.3431080167833213,363.1434862824994,1765,1764,3529,0.20586365435515838,567,0.567,5,0.34393683862004254,547.9509783561834
nag,50,1.157713150951089,1.0269921724400837,1157.713150951089,5775,5772,11547,0.2005740039762801,6056,6.056,5,1.021376105270589,6505.870616753277
nag,50,0.810262671082186,0.709709213601064,810.262671082186,4114,4114,8228,0.19695252092420662,3144,3.144,5,0.7681586624073662,3407.706022484515
nag,50,0.1756987215355479,0.1615008024855507,175.69872153554792,901,900,1801,0.19522080170616435,139,0.139,5,0.19472749275205742,171.40511052154386
nag,50,0.0877936654567682,0.08008593776243328,87.7936654567682,464,464,928,0.18921048589820733,23,0.023,5,0.08905485166290089,21.379152704659933
nag,50,0.17971734403908232,0.16208664698137984,179.71734403908232,906,905,1811,0.19858270059567107,106,0.106,5,0.17990762102032695,97.99785684804874
nag,50,0.3822449984343187,0.34768389037626746,382.2449984343187,1869,1869,3738,0.20451845823131015,651,0.651,5,0.32910341890392014,786.4860500046324
nag,50,0.27028504334691594,0.24518227363876158,270.2850433469159,1389,1389,2778,0.19458966403665653,323,0.323,5,0.203170449409801,348.71289170193927
nag,50,0.36744278900092014,0.3341071734980837,367.44278900092013,1809,1808,3617,0.20323163108457973,541,0.541,5,0.3031973488682856,623.6406142351057
nag,50,0.540642946736587,0.47901396431145044,540.642946736587,2683,2683,5366,0.20150687541430748,1270,1.27,5,0.338467708768779,1162.8597132976722
nag,50,0.7290068346536568,0.6425689656879813,729.0068346536568,3628,3627,7255,0.2009944402133049,2448,2.448,5,0.8379125552008128,2341.125335303276
nag,50,0.47180500577202117,0.42095552958833854,471.80500577202116,2285,2285,4570,0.20647921477987796,928,0.928,5,0.4808165891964909,922.1211995906972
nag,50,0.2654363008480911,0.2381963079508471,265.4363008480911,1344,1344,2688,0.19749724765482968,310,0.31,5,0.2098202784495068,334.06871880578274
nag,50,0.290206992620592,0.2601825186208035,290.206992620592,1378,1378,2756,0.2106001397827228,367,0.367,5,0.25368085184214384,400.38917875924506
nag,50,0.0821790729880465,0.07542567295087181,82.1790729880465,445,445,890,0.18467207413044157,23,0.023,5,0.07742180871641098,27.156899958043166
nag,50,0.6253340066996927,0.5675514446635973,625.3340066996927,3127,3126,6253,0.20004286842600535,1742,1.742,5,0.5080994295362101,1937.425996159227
nag,50,0.1791696800956315,0.1623374714058513,179.1696800956315,904,904,1808,0.1981965487783534,109,0.109,5,0.19362901637429059,105.49545207743121
nag,50,0.36359627592229515,0.3282129319749555,363.59627592229515,1813,1813,3626,0.20054951788322953,589,0.589,5,0.323909595083426,591.0167028817646
nag,50,0.46247014915881474,0.41452998707830946,462.47014915881476,2304,2304,4608,0.2007248911279578,1007,1.007,5,0.419031031419751,1202.781826374793
nag,50,0.4621428500460692,0.41854087308474663,462.1428500460692,2278,2278,4556,0.20287219053822178,961,0.961,5,0.4638055424373401,766.5447889957446
nag,50,0.3555660185033721,0.31192487003339336,355.5660185033721,1800,1800,3600,0.19753667694631782,534,0.534,5,0.2770040664622427,529.5295863755608
nag,50,0.278489585407694,0.25473318928998684,278.489585407694,1386,1386,2772,0.20093043680208802,304,0.304,5,0.2883188665790183,329.68868276096794
nag,50,0.5705048477677792,0.5021376476200947,570.5048477677792,2726,2725,5451,0.2093595771624878,1355,1.355,5,0.4641662449148333,1372.8234712259468
nag,50,0.6400241715691889,0.5820992038357541,640.0241715691889,3184,3184,6368,0.20101261669886586,1661,1.661,5,0.4589866785451569,1460.661368858061
nag,50,0.46005085452532557,0.4195471202504425,460.0508545253256,2265,2265,4530,0.2031129600553314,941,0.941,5,0.3797991721718591,778.7611615038812
nag,50,0.44396309782090865,0.40159035761089035,443.9630978209087,2199,2197,4396,0.20207696760168806,844,0.844,5,0.4081838383790168,693.5215443954572
nag,50,0.48523377065957213,0.42890006073054154,485.23377065957214,2271,2271,4542,0.21366524467616563,1059,1.059,5,0.5068794251885976,1189.1803589033516
nag,50,0.37302945849207053,0.3300934343558987,373.02945849207055,1850,1849,3699,0.20174659734563036,622,0.622,5,0.41360277096537984,525.642138130046
nag,50,0.6390927210442278,0.5741444450270939,639.0927210442278,3220,3218,6438,0.19859935396029454,1870,1.87,5,0.49593710781991346,2101.4264745175155
nag,50,0.4503666957366387,0.40832205827831836,450.3666957366387,2212,2212,4424,0.20360158035110248,791,0.791,5,0.46401692582485454,856.8277283187978
nag,50,0.358438514168968,0.31726598651774646,358.43851416896797,1790,1790,3580,0.20024497998266366,564,0.564,5,0.303815171190472,439.96573016203814
nag,50,0.43007242996489536,0.40232990814933567,430.0724299648954,2205,2204,4409,0.19513268147227558,864,0.864,5,0.3824823449105135,947.0877861109597
nag,50,0.08136093143151338,0.07474133026810995,81.36093143151338,446,446,892,0.1824236130751421,20,0.02,5,0.08780496330766359,24.483540766333654
nag,50,0.6697834118719821,0.5919359808434831,669.7834118719821,3229,3229,6458,0.20742750445090807,1977,1.977,5,0.6908501693278433,1749.8015706814836
nag,50,0.7120902487296453,0.6469223688673283,712.0902487296453,3663,3662,7325,0.194453918276801,2291,2.291,5,0.6151754083423632,2745.801431990927
nag,50,0.8311566505221688,0.7435814859921557,831.1566505221688,4120,4118,8238,0.20183502926716096,3121,3.121,5,0.7274960560220277,3486.4900496731784
nag,50,0.4508801774399538,0.4158250920586338,450.8801774399538,2234,2233,4467,0.20191678344825517,880,0.88,5,0.32361611188393863,773.2763721144086
nag,50,0.3530474290112951,0.31238968635815234,353.0474290112951,1795,1795,3590,0.19668380446311703,530,0.53,5,0.330908822332358,547.6206945485342
nag,50,0.3644967813614076,0.3273389176173312,364.4967813614076,1800,1799,3599,0.20261077340823103,570,0.57,5,0.2748374918358314,488.3766837822051
nag,50,0.37448201597798775,0.339717850799705,374.48201597798777,1885,1883,3768,0.19887520763568123,598,0.598,5,0.4226659534621843,652.6869150919166
nag,50,0.6501887954266354,0.5924185952392989,650.1887954266355,3269,3268,6537,0.19895617975111243,1985,1.985,5,0.45096559543771075,1825.1088652584153
nag,50,0.5529508567671844,0.48685424228724367,552.9508567671844,2713,2713,5426,0.2038152807840709,1281,1.281,5,0.46571329834286446,1583.8267163774478
nag,50,0.450842362698388,0.4056064747008582,450.842362698388,2221,2221,4442,0.20299070810373165,858,0.858,5,0.4551002794961729,911.3332413515213
nag,50,0.1824880075246667,0.16331574102495466,182.4880075246667,898,898,1796,0.20321604401410545,92,0.092,5,0.15210154638527085,100.93816278496251
nag,50,0.36368879177134705,0.3322228750021656,363.68879177134704,1822,1822,3644,0.19960965519832438,607,0.607,5,0.3524024481637714,631.1067114986967
nag,50,0.2796290114656767,0.2552517203184097,279.6290114656767,1390,1390,2780,0.20117195069473143,390,0.39,5,0.22940699497815925,379.60035528462873
nag,50,0.5574264070547463,0.4845423371352109,557.4264070547463,2778,2777,5555,0.2007297108587491,1345,1.345,5,0.46845055965206744,1607.9398297125024
nag,50,0.3596904157586374,0.3168627622988132,359.6904157586374,1813,1812,3625,0.19850464445840918,564,0.564,5,0.370312867407245,672.4667862201725
nag,50,0.5536663509811903,0.5010495314253821,553.6663509811904,2758,2757,5515,0.2008220351763476,1369,1.369,5,0.46267560223700277,1238.2149733554488
nag,50,0.4439912965075566,0.4060637000875813,443.99129650755657,2277,2277,4554,0.19498959003406086,1042,1.042,5,0.4494351114598859,1258.7060537062066
nag,50,0.4581594018633095,0.405595876777155,458.1594018633095,2284,2284,4568,0.2005951847037257,918,0.918,5,0.3619102708222233,970.3850448725199
nag,50,0.17980052797444276,0.16693788170176632,179.80052797444276,918,918,1836,0.1958611415843603,136,0.136,5,0.17075026887147365,112.83388739731015
nag,50,0.4336115017491844,0.4023187602290753,433.6115017491844,2227,2226,4453,0.19479402594302983,836,0.836,5,0.4731192763411256,589.2018844434709
nag,50,0.740416990020684,0.6614964134030935,740.4169900206839,3646,3644,7290,0.2031879775029319,2451,2.451,5,0.7960100897061199,2026.3710223712978
nag,50,0.26802272194195076,0.24825313148988554,268.02272194195075,1361,1360,2721,0.19707553083966967,298,0.298,5,0.2881496998811142,314.56180188017845
nag,50,0.7094036884800773,0.6322531084326762,709.4036884800773,3566,3566,7132,0.19893541460462066,2324,2.324,5,0.6114253840171833,2389.0865544732965
nag,50,0.352601815895006,0.31911054821009527,352.601815895006,1784,1784,3568,0.1976467577886805,531,0.531,5,0.32998152409130926,528.2999404655503
nag,50,0.89438353171956,0.7993360920377642,894.38353171956,4543,4543,9086,0.19687068714936384,3667,3.667,5,0.6654259477306298,3228.7882903693608
nag,50,0.2708822565591714,0.2427197565164816,270.8822565591714,1428,1428,2856,0.18969345697420967,256,0.256,5,0.3219261937749753,184.03982617804755
nag,50,0.26509689642287054,0.24014773203177803,265.09689642287054,1349,1349,2698,0.19651363708144592,309,0.309,5,0.20864702250734618,311.52590029161985
nag,50,0.3641027938695762,0.31849569525848326,364.1027938695762,1789,1789,3578,0.2035230820959062,517,0.517,5,0.34097793421733674,540.1554304347108
nag,50,0.6219660670904659,0.5401418609404206,621.9660670904659,3177,3177,6354,0.19577150364824233,1799,1.799,5,0.5119073311457275,1556.98799812138
nag,50,0.16655473270476084,0.15185746938737926,166.55473270476085,896,895,1791,0.18609467341314062,124,0.124,5,0.17126023967152565,106.11337049508545
nag,50,0.17580142901760512,0.15971584468544545,175.80142901760513,879,879,1758,0.20000162573106386,103,0.103,5,0.12835806628069932,127.49138382275918
nag,50,0.5554199208694011,0.4937470783354324,555.419920869401,2657,2656,5313,0.20911894611046725,1321,1.321,5,0.49102481819098825,1065.2029196901115
nag,50,0.37052545147651805,0.3357242927095971,370.52545147651807,1804,1803,3607,0.20550496476789687,630,0.63,5,0.2881102836379099,629.9098935275699
nag,50,0.6097447127627795,0.5554409308383587,609.7447127627795,3125,3124,6249,0.1951807659291868,1678,1.678,5,0.5789948332707429,1072.2554621610843
nag,50,0.7083921732961046,0.6427808108531496,708.3921732961046,3596,3595,7191,0.1970492832534366,2277,2.277,5,0.5869036512570084,3076.639994227622
nag,50,0.08638371289922343,0.07892156704496797,86.38371289922344,454,454,908,0.19027249537273885,20,0.02,5,0.08091506309445008,21.54280952519951
nag,50,0.3748110792686153,0.3313274304372267,374.8110792686153,1858,1858,3716,0.20172824503154752,607,0.607,5,0.24957129905122388,580.2184577934397
nag,50,0.27771367409016134,0.25239376070326697,277.71367409016136,1318,1318,2636,0.21070840219283868,293,0.293,5,0.29759491529264404,221.29038571661908
nag,50,0.3452587496717125,0.3060265921542789,345.2587496717125,1757,1757,3514,0.19650469531685402,514,0.514,5,0.2991451682591376,462.55700894526103
nag,50,0.3552790960940429,0.3214687245804424,355.2790960940429,1762,1762,3524,0.20163399324293016,514,0.514,5,0.35069879460132314,566.7963134632764
nag,50,0.27100285865120305,0.250359610036019,271.00285865120304,1345,1345,2690,0.20148911423881266,289,0.289,5,0.2559753494444782,336.4166586555021
nag,50,0.6127558900848677,0.5409965551248342,612.7558900848677,3067,3066,6133,0.19985515006029606,1725,1.725,5,0.501127184307772,1960.450989134263
nag,50,0.2600548377502667,0.23776123355043677,260.0548377502667,1351,1350,2701,0.1926332131483457,358,0.358,5,0.23678630208090126,426.2093224611569
nag,50,0.7209515629933977,0.6517448231371047,720.9515629933977,3644,3641,7285,0.19800921807014493,2405,2.405,5,0.6493359917010877,2721.4797545894853
nag,50,0.3532210190625671,0.3278214922892157,353.2210190625671,1815,1814,3629,0.19471941513923213,610,0.61,5,0.28609290950591193,600.8929931764201
nag,50,0.8489465534223639,0.746221117468089,848.9465534223639,4109,4107,8216,0.2067072202148439,3106,3.106,5,0.8077192724354094,2535.155121558382
nag,50,0.27956921566921117,0.2529077819874326,279.5692156692112,1400,1400,2800,0.19969229690657941,299,0.299,5,0.18555325356711305,273.43637745250965
nag,50,0.44242843987655384,0.39780634165818624,442.42843987655385,2290,2290,4580,0.1932001920858314,997,0.997,5,0.41497138763301206,967.0977235860817
nag,50,0.4536050891105929,0.426407289560681,453.60508911059287,2259,2259,4518,0.20079906556467148,915,0.915,5,0.32656872396432146,661.4533757281706
nag,50,0.6147522107052578,0.5562860393387254,614.7522107052578,3151,3150,6301,0.1951594319699231,1804,1.804,5,0.5711214196811586,1431.7763753155493
nag,50,0.3539901751668,0.32136932655937256,353.9901751668,1786,1785,3571,0.19831382362285713,613,0.613,5,0.4135526386978081,650.4978772018382
nag,50,0.08720766053371688,0.07960248447795289,87.20766053371688,431,431,862,0.20233795947498115,16,0.016,5,0.07167343407951236,17.717624746395725
nag,50,0.7190010443467723,0.6216345626323548,719.0010443467722,3535,3534,7069,0.20345247434826605,2177,2.177,5,0.6102644606035152,1863.4479937197825
nag,50,0.3631830423608393,0.3328285372283076,363.1830423608393,1813,1813,3626,0.20032158982947562,592,0.592,5,0.33776979539922997,518.5522558260279
nag,50,0.4608100819495279,0.4094127673214229,460.8100819495279,2281,2281,4562,0.2020210793290346,1001,1.001,5,0.3896017679055351,798.0788550877362
nag,50,0.7106979779652004,0.6364995903683042,710.6979779652004,3579,3579,7158,0.19857445598357093,2305,2.305,5,0.6181131011183917,2581.6538093531058
nag,50,0.27095231549446225,0.2425049047772371,270.95231549446225,1374,1374,2748,0.19719964737588228,335,0.335,5,0.2357221456963584,329.20008401217393
nag,50,0.6354972542888218,0.5602388568403562,635.4972542888218,3215,3215,6430,0.19766633103851378,1758,1.758,5,0.5429505080189558,1637.7003185569508
nag,50,0.3704061862006415,0.34054342317765224,370.40618620064146,1785,1785,3570,0.2075104684597431,586,0.586,5,0.43606689856738323,559.8380946069187
nag,50,0.4529964812249583,0.4161790104288499,452.9964812249583,2231,2230,4461,0.20313743552688712,935,0.935,5,0.5047070074564804,782.3265898269357
nag,50,0.6403921962998046,0.5743939351128359,640.3921962998046,3181,3181,6362,0.20131788629355693,1902,1.902,5,0.553972624759774,1682.8400667313445
nag,50,0.5457089172848385,0.4982555708496303,545.7089172848385,2715,2715,5430,0.20099775958925914,1306,1.306,5,0.45926567340847096,1353.3565935320844
nag,50,0.6162281468400748,0.5602414503993047,616.2281468400747,3141,3141,6282,0.19618852175742588,1835,1.835,5,0.6275120628762109,2028.5734232336338
nag,50,0.6455872898392756,0.582856165444472,645.5872898392756,3233,3233,6466,0.1996867583789903,1935,1.935,5,0.5021768961576765,1835.101696103703
nag,50,0.9119773586818203,0.8498709476426336,911.9773586818203,4486,4484,8970,0.2033847811511642,3840,3.84,5,0.9237667245754387,4270.885022599225
nag,50,0.5155400094325332,0.45790376143466766,515.5400094325332,2678,2677,5355,0.1925812511888432,1207,1.207,5,0.3927837294944495,937.9461016223593
nag,50,0.6362618282635871,0.5562619514904413,636.2618282635872,3153,3152,6305,0.2018597170887015,1789,1.789,5,0.6031148298652251,1611.0808878298562
nag,50,0.5566165170404461,0.4816312910322552,556.6165170404461,2689,2688,5377,0.20707459711326118,1321,1.321,5,0.36421265685292603,1546.9102092832338
nag,50,0.47761634847075823,0.4351109286721224,477.6163484707582,2342,2342,4684,0.20393524699861582,994,0.994,5,0.3960673677336587,1177.8916743147397
nag,50,0.5514650920633615,0.49835875879582536,551.4650920633615,2737,2737,5474,0.20148523641335822,1318,1.318,5,0.5897150268282745,1234.4997582679994
nag,50,0.5326092966825359,0.4823660092785209,532.6092966825358,2670,2670,5340,0.19947913733428307,1261,1.261,5,0.519257653474792,1354.4960059728933
nag,50,0.8350817240728918,0.7531060663316843,835.0817240728918,4015,4014,8029,0.20804228302762626,3214,3.214,5,0.5131638386773931,3596.967745918064
nag,50,0.3641859927393837,0.3347430116829903,364.18599273938366,1783,1782,3565,0.20436924396149475,515,0.515,5,0.28299442713442585,445.2000332360479
nag,50,0.3695451443154687,0.3306421851385253,369.5451443154687,1876,1876,3752,0.1969856846031283,532,0.532,5,0.32108810439590046,614.3697547548626
nag,50,0.17052697868972455,0.15275606410440873,170.52697868972456,896,896,1792,0.19032028871621046,93,0.093,5,0.1724332912314787,100.11570364199272
nag,50,0.1691575889662513,0.15424080713244093,169.1575889662513,884,884,1768,0.19135473864960553,87,0.087,5,0.15993149023602746,78.3307013561118
nag,50,0.633737300146261,0.5765575062274126,633.737300146261,3157,3157,6314,0.20074035481351313,1905,1.905,5,0.6676866592915488,1586.9844299685144
nag,50,0.280201054810465,0.25032031276127936,280.201054810465,1418,1418,2836,0.197603000571555,347,0.347,5,0.2836461365641842,370.89246006268843
nag,50,0.09118062518846946,0.0828667187787093,91.18062518846946,456,456,912,0.1999575113782225,21,0.021,5,0.0667352871202511,20.393529767360622
nag,50,0.559449627733394,0.5014427515796338,559.449627733394,2736,2735,5471,0.20455196626449507,1321,1.321,5,0.5893502491846722,1611.8700188771118
nag,50,0.5572816089010553,0.4994376749648137,557.2816089010553,2770,2769,5539,0.20125735243808424,1426,1.426,5,0.4546438408847782,1511.2120860550194
nag,50,0.7308340769733942,0.6521060283157724,730.8340769733942,3577,3576,7153,0.20437194546235857,2388,2.388,5,0.7994285510349436,2654.27415119359
nag,50,0.17822270829921397,0.15949891489737705,178.22270829921396,888,888,1776,0.2007012480847004,111,0.111,5,0.13689639804128167,105.64736803961154
nag,50,0.6254075082003258,0.579567275232456,625.4075082003258,3136,3135,6271,0.1994920281340752,1789,1.789,5,0.570425949197231,2260.976816683407
nag,50,0.17570686378439485,0.161862452612445,175.70686378439484,911,911,1822,0.1928725178752962,101,0.101,5,0.16612526916792933,108.5873056175203
nag,50,0.18498544821480312,0.16757677615646555,184.9854482148031,951,951,1902,0.1945167699419591,132,0.132,5,0.17937000134595554,113.36956283964693
nag,50,0.3730417360275709,0.335062479491934,373.0417360275709,1843,1842,3685,0.20251994355459874,504,0.504,5,0.3872089413560079,391.2108164496426
nag,50,0.1789454499180548,0.16137972809097517,178.9454499180548,912,912,1824,0.19621211613821798,123,0.123,5,0.13887582722943584,112.84020143950573
nag,50,0.36168420093322545,0.3360294541646681,361.68420093322544,1768,1766,3534,0.20480419078891587,484,0.484,5,0.39963087568377464,539.9119416555714
nag,50,0.5377548997722935,0.4755077502153741,537.7548997722935,2743,2743,5486,0.19604626313244386,1299,1.299,5,0.3677865119117065,1352.2973686636738
nag,50,0.2703367219289719,0.24134369096808436,270.3367219289719,1359,1359,2718,0.19892326852757314,307,0.307,5,0.3068855690970642,275.6339920921649
nag,50,0.5288073814029044,0.48067270261525935,528.8073814029044,2673,2672,5345,0.19790695411785345,1231,1.231,5,0.4434809497320728,1197.810954071078
nag,50,0.35226095538391144,0.32296244444728184,352.26095538391144,1747,1744,3491,0.20198449276600428,518,0.518,5,0.315788795606302,590.3226964869148
nag,50,0.546871484759838,0.4981635089929591,546.871484759838,2766,2765,5531,0.19778353879198482,1373,1.373,5,0.5557638568637429,1249.8843031474828
nag,50,0.451125484511604,0.40876046626138,451.125484511604,2308,2308,4616,0.19546164840190813,919,0.919,5,0.42848570085273113,1001.6330230862088
nag,50,0.17519404434746383,0.15842374577121085,175.19404434746383,903,903,1806,0.19401333814780047,178,0.178,5,0.15740093366151292,111.77959604519832
nag,50,0.6102157683907471,0.5512978884085238,610.2157683907471,3127,3127,6254,0.195144153626718,1723,1.723,5,0.5612424396631064,2030.1537988824118
nag,50,0.8186694959120066,0.7290257691986303,818.6694959120066,4131,4130,8261,0.19822505954285874,3150,3.15,5,0.586010480878787,3364.8230794148176
nag,50,0.4541922042997816,0.41203418597386793,454.19220429978157,2240,2239,4479,0.20285493715934863,987,0.987,5,0.41271894251974744,1136.2846235171544
nag,50,0.37633256567261064,0.34022953819592533,376.33256567261066,1867,1866,3733,0.20167875973880528,583,0.583,5,0.299221567652238,595.83721681685
nag,50,0.4539356172474539,0.40331705289406083,453.9356172474539,2267,2267,4534,0.20023626698167352,879,0.879,5,0.39404498863300913,1106.796412638449
nag,50,0.18583000427837248,0.16451360494359438,185.83000427837248,903,903,1806,0.2057918098320847,117,0.117,5,0.1904264409710448,131.30426764087846
nag,50,0.350895917453361,0.31484295630668,350.895917453361,1805,1805,3610,0.194402170334272,496,0.496,5,0.318845514527161,481.3898559731894
nag,50,0.6382639426758345,0.5745788441337167,638.2639426758345,3280,3280,6560,0.19459266544994955,2001,2.001,5,0.5840131509789968,1772.9377895457412
nag,50,0.2598130647135076,0.23987516861353095,259.81306471350763,1376,1376,2752,0.18881763423946776,284,0.284,5,0.2090390874887432,273.31359361679336
nag,50,0.27247060020539526,0.24972867186156333,272.4706002053953,1346,1346,2692,0.20242986642302768,334,0.334,5,0.2501698399459165,400.51714109110543
nag,50,0.9657864797891161,0.8689283882360063,965.7864797891161,4903,4902,9805,0.19701886572605387,4136,4.136,5,0.8892131193037967,3006.38094815203
nag,50,0.37009220284270167,0.3365944241376884,370.0922028427017,1854,1853,3707,0.199725959440206,616,0.616,5,0.32104489870803155,575.0921831785613
nag,50,0.2857768851836763,0.26098708002040016,285.77688518367626,1381,1380,2761,0.20708469940846105,284,0.284,5,0.2782023279208784,274.56018593490904
nag,50,0.33776864690776653,0.30742390250597484,337.76864690776654,1731,1731,3462,0.19512920098657802,482,0.482,5,0.29227864254273495,498.13547438014666
nag,50,0.1789436697442889,0.1627466483035957,178.9436697442889,964,964,1928,0.1856262134276856,129,0.129,5,0.1554611484669236,111.50706641840972
nag,50,0.2919510994058635,0.2665747072379834,291.9510994058635,1366,1366,2732,0.2137270127422134,326,0.326,5,0.2980583732324396,365.39315139667457
nag,50,0.6570966690709167,0.5871824669306835,657.0966690709167,3237,3236,6473,0.20305830317395449,2029,2.029,5,0.6811375659365282,2327.367759739202
nag,50,0.9607277720199068,0.8462697417322477,960.7277720199068,4901,4900,9801,0.19606689224896057,4381,4.381,5,0.809471323344794,4709.124296092805
nag,50,0.46311746381643853,0.4122965161174102,463.11746381643854,2311,2311,4622,0.2003969986224312,934,0.934,5,0.5152449429787779,948.5621053908064
nag,50,0.3637184982519054,0.3350244866949183,363.7184982519054,1841,1841,3682,0.19756572419983998,608,0.608,5,0.2909466799261879,715.6165558468956
nag,50,0.2692634214742441,0.250141863557181,269.26342147424407,1414,1413,2827,0.190561515551482,360,0.36,5,0.18729576483685,351.1166663548745
nag,50,0.3564563247593779,0.3271937147053887,356.4563247593779,1756,1756,3512,0.20299335122971404,579,0.579,5,0.3289944760854803,625.6457168891679
nag,50,0.3714441593231352,0.33405869222214757,371.4441593231352,1898,1897,3795,0.19580609347555888,615,0.615,5,0.27798835957218715,534.2310400917779
nag,50,0.2662375106645468,0.242064169920301,266.2375106645468,1345,1345,2690,0.19794610458330616,289,0.289,5,0.24929940253097263,290.3883337461936
nag,50,0.641247896071052,0.5687891555302653,641.2478960710521,3199,3199,6398,0.20045260896250455,1973,1.973,5,0.5715304570924443,1933.8375873652726
nag,50,0.44380113264689713,0.40381096990901194,443.80113264689714,2201,2200,4401,0.20172778756677143,839,0.839,5,0.39038511736291487,886.1964753525704
nag,50,0.4526948465014496,0.40874612690764595,452.6948465014496,2293,2293,4586,0.19742470410006524,890,0.89,5,0.4075548555613727,968.8226581055569
nag,50,0.5436016284383727,0.4958566377987165,543.6016284383727,2701,2701,5402,0.20125939594164113,1355,1.355,5,0.3926487969326107,1329.340538686246
nag,50,0.27189474113690604,0.24887433045013682,271.894741136906,1322,1321,2643,0.2058249365154474,283,0.283,5,0.28485932931743857,342.15502429485105
nag,50,0.4674485287343431,0.41586048559001504,467.44852873434314,2264,2263,4527,0.20656143558742515,872,0.872,5,0.5253934636956911,729.6072444303159
nag,50,0.4485263813319859,0.39745183975727905,448.52638133198593,2241,2240,4481,0.20023499166606515,934,0.934,5,0.43345095544113793,769.9411774674563
nag,50,0.4488691532514232,0.390462031150802,448.8691532514232,2252,2252,4504,0.19932022790915774,916,0.916,5,0.41518501367668786,1136.057883489367
nag,50,0.45538296800750266,0.40792374229447126,455.38296800750265,2309,2309,4618,0.197220860982028,834,0.834,5,0.39072998616573557,945.1342946862936
nag,50,0.27011082316502666,0.2429886535566151,270.11082316502666,1395,1395,2790,0.19362783022582555,314,0.314,5,0.19016825897096315,306.6292764366418
nag,50,0.37072952607426474,0.3365540860772121,370.72952607426475,1825,1825,3650,0.20313946634206287,522,0.522,5,0.37175923997253535,459.5004139667994
nag,50,0.5362669418762291,0.4893693829262063,536.2669418762291,2676,2676,5352,0.20039870772654303,1165,1.165,5,0.3030127269450377,1021.3329398117318
nag,50,0.26668073993564007,0.24783769784851714,266.6807399356401,1354,1354,2708,0.19695771043991142,289,0.289,5,0.23544057002906799,313.7190258877105
nag,50,0.5426788561497426,0.5052674781636606,542.6788561497426,2697,2696,5393,0.20129037691014193,1340,1.34,5,0.5739732691616207,1271.1754992068322
nag,50,0.3555498430635271,0.32199404378351015,355.5498430635271,1792,1792,3584,0.19840951063812895,564,0.564,5,0.35250859148446134,742.7329474891295
nag,50,0.35208466122839993,0.3183714643955934,352.0846612283999,1823,1823,3646,0.19313475657070758,524,0.524,5,0.2978584217974493,299.6681338503646
nag,50,0.4487675534207443,0.4141699879068015,448.7675534207443,2262,2262,4524,0.19839414386416637,912,0.912,5,0.3940609142934997,935.4052040543471
nag,50,0.17741670415865413,0.16015327642568622,177.4167041586541,921,921,1842,0.19263485793556365,119,0.119,5,0.16380561174554242,118.3506457553263
nag,50,0.183144873227742,0.16749683940115392,183.144873227742,935,935,1870,0.19587686976229093,181,0.181,5,0.15364518070998565,188.06363723417758
nag,50,0.9020621426984832,0.8453848243517122,902.0621426984832,4464,4464,8928,0.20207485275503656,3694,3.694,5,0.8670219755608185,4093.746532010661
nag,50,0.8927777114748137,0.8004426578048445,892.7777114748137,4455,4453,8908,0.20048904367276302,3471,3.471,5,0.8561193646563037,3886.0677659488133
nag,50,0.28025709744011545,0.2516734987821815,280.25709744011544,1377,1377,2754,0.2035273038780795,291,0.291,5,0.21012874367088435,273.1280616249904
nag,50,0.08823362097231618,0.08044844910242983,88.23362097231619,445,445,890,0.19827779993778918,30,0.03,5,0.08130232753435876,26.624693495976736
nag,50,0.3679322539340861,0.32811857255219556,367.9322539340861,1806,1806,3612,0.2037277153566368,643,0.643,5,0.31379005820558564,778.0885125397941
nag,50,0.7286261943552164,0.6567366390740438,728.6261943552164,3577,3576,7153,0.20375452862282337,2440,2.44,5,0.6981192534906812,2295.9850603117916
nag,50,0.6066228536254524,0.5517006271298481,606.6228536254524,3060,3060,6120,0.19824276262269688,1564,1.564,5,0.4789440047623235,2024.318784347402
nag,50,0.6987188032085863,0.636679241504277,698.7188032085862,3552,3550,7102,0.1968221980869257,2158,2.158,5,0.6807348534630413,2482.403106493978
nag,50,0.0,0.0,0.0,0,0,0,,0,0.0,5,0.0,0.0
nag,50,0.44606321578511665,0.4067881602147897,446.06321578511665,2270,2269,4539,0.1965902229110254,857,0.857,5,0.38755881305702977,912.2816279401068
nag,50,0.37209643159768324,0.3426367466489218,372.09643159768325,1896,1896,3792,0.1962533921928709,600,0.6,5,0.33781021607725487,612.291742365348
nag,50,0.18994689830184733,0.1703502366175157,189.94689830184734,922,922,1844,0.20601615867879322,147,0.147,5,0.1418827699098691,112.46644414432167
nag,50,0.7149848722313349,0.6353296488287135,714.9848722313349,3652,3652,7304,0.19577899020573244,2383,2.383,5,0.6626939589673643,2263.9288640186087
nag,50,0.630798543441723,0.5626308422417676,630.798543441723,3182,3182,6364,0.1982396428163806,1906,1.906,5,0.7627150958587631,1742.804446769289
nag,50,0.26807421261369235,0.24103662828736355,268.07421261369234,1335,1335,2670,0.20080465364321523,273,0.273,5,0.19223974438618496,256.17920122829986
nag,50,0.6394211534058606,0.5686882934117448,639.4211534058605,3174,3174,6348,0.20145593995143685,1786,1.786,5,0.5186560520273977,1592.3559420570311
nag,50,0.5247023555667037,0.4805163360551892,524.7023555667038,2668,2668,5336,0.19666505081210786,1264,1.264,5,0.458593627086244,1126.0505962682616
nag,50,0.6186851048609897,0.5651156160357325,618.6851048609897,3184,3182,6366,0.1944327796546165,1709,1.709,5,0.6914358078372064,1742.118119992762
nag,50,0.3847483523900889,0.3441963759244579,384.74835239008894,1862,1861,3723,0.20674280085442714,660,0.66,5,0.31658291477310607,683.7803233037534
nag,50,0.18973700906983337,0.1692379803860975,189.73700906983336,945,945,1890,0.20077990377760144,126,0.126,5,0.16685845532793295,111.36069994025132
nag,50,0.4457864498829604,0.40890238255414885,445.7864498829604,2260,2258,4518,0.19742535424400373,863,0.863,5,0.4306218685369565,825.2585623479006
nag,50,0.891131667676982,0.8076262333316092,891.131667676982,4441,4440,8881,0.20070533055787884,3748,3.748,5,0.8099311859587507,4153.900615512899
nag,50,0.5421399719252674,0.4922421761047442,542.1399719252674,2747,2747,5494,0.19735710663460773,1321,1.321,5,0.529355605487319,1413.4660670884166
nag,50,0.46389219347375754,0.4245762984589994,463.8921934737575,2287,2287,4574,0.20283873785472564,895,0.895,5,0.4190412037264471,924.1115924479384
nag,50,0.6277095697114603,0.5678449893177822,627.7095697114603,3082,3081,6163,0.2037356604061864,1759,1.759,5,0.41134409119956694,1336.4143332726967
nag,50,0.8231106774038482,0.7038329569659981,823.1106774038483,4064,4061,8125,0.20268669721838176,2951,2.951,5,0.7154299121953531,2441.765552080148
nag,50,0.6255417879854078,0.5569039973815367,625.5417879854078,3129,3129,6258,0.19991747778376728,1725,1.725,5,0.42565745456546256,1604.2289633711996
nag,50,0.27986455983956204,0.25152587098503826,279.86455983956205,1353,1353,2706,0.20684742042835333,358,0.358,5,0.25048121135261964,357.6927579095875
nag,50,0.6982632484092042,0.6289568361538223,698.2632484092042,3514,3513,7027,0.19876551335303277,2310,2.31,5,0.6699008344175162,1998.2983486564578
nag,50,0.4458071262470025,0.3983376363594688,445.80712624700254,2255,2255,4510,0.1976971735019967,841,0.841,5,0.40099284789232026,907.090316201102
nag,50,0.27275389117689336,0.24589488585679628,272.7538911768934,1357,1357,2714,0.20099770904708428,296,0.296,5,0.1890981691629384,339.8665058437781
nag,50,0.480881542499341,0.43227696640273416,480.881542499341,2276,2275,4551,0.21137650219751253,982,0.982,5,0.3416032847650783,957.4027320838505
nag,50,0.3502052894170456,0.32286366849648207,350.2052894170456,1759,1759,3518,0.1990933993274847,554,0.554,5,0.32394551252242737,578.2932689053036
nag,50,0.5434238407978107,0.4959702765038511,543.4238407978107,2697,2696,5393,0.20156670652737788,1338,1.338,5,0.45934417603367805,1576.1231465654919
nag,50,0.7129672312152543,0.6304845248809356,712.9672312152543,3550,3549,7099,0.2008924291956197,2388,2.388,5,0.6706567429648684,1935.9181493443573
nag,50,0.3657978452832154,0.33019484030066315,365.7978452832154,1868,1868,3736,0.1958232576462609,623,0.623,5,0.344919230764656,701.8614767483098
nag,50,0.8262039394272241,0.7480766279893594,826.2039394272241,4040,4037,8077,0.20465789928838843,3094,3.094,5,0.8304826875846142,2562.5205153432116
nag,50,0.42800782498215956,0.3891090052888867,428.00782498215955,2264,2264,4528,0.18904939265996445,861,0.861,5,0.3976109683439371,549.2886519721269
nag,50,0.8963951540961441,0.820692418723876,896.3951540961441,4460,4459,8919,0.20103053467058626,3730,3.73,5,0.864898824337491,4498.338907955775
nag,50,0.8065715985851278,0.7117340011995391,806.5715985851278,4011,4010,8021,0.20114004952247577,2946,2.946,5,0.8664686622147781,3722.446768255489
nag,50,0.4536765680742112,0.41931865288722703,453.6765680742112,2211,2211,4422,0.20519066850936735,942,0.942,5,0.37471508697391476,847.3823267736228
nag,50,0.33635280365869685,0.3035593831642403,336.35280365869687,1698,1698,3396,0.1980876346635435,509,0.509,5,0.35925794955139834,583.243156903024
nag,50,0.7365034607269734,0.6657908096597007,736.5034607269733,3647,3644,7291,0.20211401227414197,2500,2.5,5,0.7995419557979075,2127.9003794892
nag,50,0.19561719958766868,0.17339529746076207,195.6171995876687,960,960,1920,0.2037679162371549,125,0.125,5,0.15272317735423807,117.48380672033943
nag,50,0.5338998097721054,0.4859310622478355,533.8998097721054,2678,2677,5355,0.1994396002137114,1365,1.365,5,0.46859882845938755,1397.171081278327
nag,50,0.26949844672251544,0.239033651941551,269.49844672251544,1398,1397,2795,0.19291227396028307,291,0.291,5,0.24667224230998486,345.77460876039714
nag,50,0.5545764996809421,0.5109876571701837,554.5764996809421,2777,2776,5553,0.1997753961386679,1346,1.346,5,0.49095705173085064,1660.564723875369
nag,50,1.0680995258739203,0.9620101430166074,1068.0995258739204,5400,5398,10798,0.19786949349276034,5620,5.62,5,1.2521677982559263,5509.15949272896
nag,50,0.723831933142737,0.662907069937985,723.831933142737,3589,3589,7178,0.2016806723718966,2307,2.307,5,0.6246702904132673,2557.536867990582
nag,50,0.2626749247632461,0.23757183825560974,262.6749247632461,1327,1327,2654,0.19794643915843715,292,0.292,5,0.1178785267957437,334.56191866652523
nag,50,0.4413062468156948,0.38986308078256005,441.3062468156948,2224,2223,4447,0.19851832965168456,846,0.846,5,0.3344790538875262,834.0384237731773
nag,50,0.3509460052307769,0.31809003441493305,350.9460052307769,1802,1802,3604,0.19475361000598052,527,0.527,5,0.2497820797383578,431.9981200338476
nag,50,0.5677690903094629,0.5121651335521459,567.7690903094629,2791,2791,5582,0.20342855260102574,1394,1.394,5,0.6334069959926947,1336.1293525477104
nag,50,0.7028571336908165,0.6417766928372396,702.8571336908165,3652,3651,7303,0.19251085557130004,2310,2.31,5,0.591717382454998,1697.17074237291
nag,50,0.18007907492462522,0.1624697714179389,180.07907492462522,926,926,1852,0.19446984333112874,128,0.128,5,0.15577711550996676,126.43067069145287
nag,50,0.5190457329845167,0.4481766221075915,519.0457329845167,2644,2644,5288,0.19631079159777484,1184,1.184,5,0.5206815664176884,1297.2165161669752
nag,50,0.5319096032550126,0.48144051144353467,531.9096032550126,2733,2733,5466,0.19462480909440635,1215,1.215,5,0.5156766271375727,1431.7664866979833
nag,50,0.6280580993385747,0.5756158755472682,628.0580993385747,3071,3070,6141,0.20457918545230447,1754,1.754,5,0.47155280735867416,1789.4749680555778
nag,50,0.3592290452616062,0.32295888043736676,359.2290452616062,1811,1808,3619,0.19868863122876448,583,0.583,5,0.30869488535892126,626.864765309208
nag,50,0.5285297890905888,0.46479440648819853,528.5297890905888,2705,2705,5410,0.19538994051408087,1299,1.299,5,0.366456337666825,1079.2596789363322
nag,50,0.3595203817509154,0.322462083082975,359.52038175091536,1809,1808,3617,0.19884976866754167,524,0.524,5,0.3164587063766264,462.7712866501048
nag,50,0.5407645898529914,0.4898878336746709,540.7645898529913,2729,2729,5458,0.1981548515401214,1314,1.314,5,0.4432956613554668,1714.5086851737924
nag,50,0.35342286392022765,0.3158157224975447,353.42286392022766,1788,1787,3575,0.19777440622284703,542,0.542,5,0.2806827799161955,449.8444234272273
nag,50,0.18490689468599095,0.16724355022236204,184.90689468599095,892,892,1784,0.2072947249842948,104,0.104,5,0.18657508799560696,117.76175277317405
nag,50,0.4684999460706257,0.4263980146191394,468.4999460706257,2284,2283,4567,0.20521241615007696,947,0.947,5,0.4180397291450793,1170.5780491156684
nag,50,0.18594704221800168,0.1679124953499323,185.94704221800168,893,893,1786,0.2082273709048171,145,0.145,5,0.1656524071243974,153.36148680517687
nag,50,0.44165735831334324,0.39967181621475356,441.65735831334325,2272,2272,4544,0.1943914429196053,968,0.968,5,0.33514696489024076,778.36992365569
nag,50,0.4602567694395065,0.4149736650764813,460.2567694395065,2277,2277,4554,0.20213296857246663,904,0.904,5,0.5092000109837268,831.9245757970644
nag,50,0.45859873840828264,0.4111913499103091,458.59873840828266,2264,2262,4526,0.20274037949084114,809,0.809,5,0.3763913283121404,656.4425148232751
nag,50,0.5434244630092686,0.48121220347712823,543.4244630092686,2757,2757,5514,0.19710716830223743,1272,1.272,5,0.4807394222438999,1358.2230353476016
nag,50,0.4436117759021892,0.397095200369294,443.6117759021892,2237,2237,4474,0.19830656052847082,918,0.918,5,0.3608411829866679,727.6246434633404
nag,50,0.3617812125325554,0.32290956891812167,361.7812125325554,1822,1821,3643,0.1986717257180425,543,0.543,5,0.2964975852573719,467.7584674231748
nag,50,0.3574609365789773,0.3218912404028474,357.46093657897734,1831,1831,3662,0.19522716361495213,563,0.563,5,0.325356875800237,600.9800054843485
nag,50,0.5626976144679311,0.5009778768052722,562.6976144679311,2758,2758,5516,0.20402379059750947,1411,1.411,5,0.5217655265196915,1641.6252280269375
nag,50,0.1841674774204876,0.1674946470362618,184.16747742048761,938,938,1876,0.19634059426491218,120,0.12,5,0.1492866426562682,93.2701971666687
nag,50,0.3727367552014658,0.34748054317807325,372.7367552014658,1846,1846,3692,0.20191590205929894,590,0.59,5,0.44402529734102986,539.0456040850969
nag,50,0.7310429120593742,0.6547333082906079,731.0429120593742,3645,3644,7289,0.200615508249005,2439,2.439,5,0.7194448212659204,2149.056450467968
nag,50,0.6262030912485615,0.5439975320895876,626.2030912485616,3131,3131,6262,0.2000009873039162,1733,1.733,5,0.6544836717483794,1625.6064728032852
nag,50,0.8935195265110312,0.8224656090430159,893.5195265110311,4445,4444,8889,0.2010619996649485,3684,3.684,5,1.045520617306557,3184.265491915833
nag,50,0.9931108053952714,0.8819429456223851,993.1108053952714,4944,4940,9884,0.20103457599094562,4540,4.54,5,1.0159686465883362,3212.889135827657
nag,50,0.44949919901237073,0.41016926255904196,449.49919901237075,2274,2271,4545,0.19793007442200386,814,0.814,5,0.42988136089461304,890.8631260622626
nag,50,0.4488491396182278,0.3975696753749419,448.8491396182278,2232,2232,4464,0.20109728477519168,880,0.88,5,0.39426742998620207,859.3448258403223
nag,50,0.2874587441764051,0.2582599050950207,287.4587441764051,1337,1337,2674,0.21500280043111825,320,0.32,5,0.261878852201789,332.99330109061736
nag,50,0.45970798867058693,0.40917459977902093,459.70798867058693,2318,2318,4636,0.19832096146272085,928,0.928,5,0.3835693318429401,965.2534979011939
nag,50,0.47373239516151133,0.42704807301052755,473.7323951615113,2368,2368,4736,0.20005591011888146,942,0.942,5,0.40508475579277864,1150.9410044427975
nag,50,0.5438006720138971,0.47575681954671406,543.8006720138972,2698,2698,5396,0.2015569577516298,1321,1.321,5,0.4559427050111825,950.9576012152933
nag,50,0.365985936635367,0.3364150238389422,365.985936635367,1774,1772,3546,0.20653833895901072,623,0.623,5,0.3646051106768644,682.6787754238786
nag,50,0.5420470002667455,0.4788679987158488,542.0470002667455,2617,2616,5233,0.20720451080533084,1186,1.186,5,0.31983631853096756,1080.6243047193193
nag,50,0.3722764582611871,0.331489357458373,372.2764582611871,1798,1798,3596,0.20705031049009293,539,0.539,5,0.2691359614310611,495.61018470959016
nag,50,0.2642060755387801,0.23364994004268114,264.2060755387801,1321,1321,2642,0.20000459919665414,287,0.287,5,0.22735910463887565,322.32450636488113
nag,50,0.09037104856203003,0.08220412214382924,90.37104856203003,436,436,872,0.20727304716061934,34,0.034,5,0.07903209112377989,36.95074628453229
nag,50,0.2799979007840461,0.24913774544390227,279.9979007840461,1369,1369,2738,0.20452731978381747,308,0.308,5,0.284147093187154,277.70646879371935
nag,50,0.26935568522339187,0.24613635393098549,269.35568522339184,1399,1398,2797,0.1926721639652302,347,0.347,5,0.25101273080014574,314.8824092102643
nag,50,0.5215029891723111,0.48937696901574324,521.5029891723111,2625,2624,5249,0.1987435172150576,1310,1.31,5,0.4629269448653814,1312.4598285615248
nag,50,0.45408831858786414,0.4119647684990464,454.08831858786414,2256,2256,4512,0.20128028306199652,847,0.847,5,0.4889812356480069,896.0661278229087
nag,50,0.19911800103893185,0.17564616177577308,199.11800103893185,909,909,1818,0.21905170631345638,112,0.112,5,0.16112529300274894,151.25555317302218
nag,50,0.6403701098002307,0.5971061001653497,640.3701098002307,3195,3195,6390,0.20042882935844467,1857,1.857,5,0.536676119070203,1949.1316859022938
nag,50,0.43773540530164645,0.40091805810338776,437.73540530164644,2247,2247,4494,0.19480881410843187,855,0.855,5,0.3085775968849259,755.6336268137585
nag,50,0.6181137094625311,0.5722237346406936,618.1137094625311,3052,3052,6104,0.20252742774001675,1783,1.783,5,0.4293370617555733,2142.059130513511
nag,50,0.4430458701605897,0.4043946194972877,443.04587016058974,2238,2238,4476,0.19796508943726082,835,0.835,5,0.48727125009794653,792.5096233162715
nag,50,0.45191122640249554,0.4191578234307315,451.9112264024955,2229,2229,4458,0.20274168972745424,849,0.849,5,0.5290631035864056,873.5566026617398
nag,50,0.44086803311070444,0.3933730123075642,440.86803311070446,2271,2271,4542,0.19412947296816577,817,0.817,5,0.40460781209190866,818.5738221636204
nag,50,0.3899488054356713,0.3541160613673718,389.94880543567126,1874,1874,3748,0.20808367419192703,619,0.619,5,0.35592414287125573,660.8586931755984
nag,50,0.6176956392372008,0.5618021592848645,617.6956392372008,3066,3066,6132,0.20146628807475564,1695,1.695,5,0.5454526161087986,2055.163138812978
nag,50,0.1837296001707816,0.16188688760506975,183.7296001707816,905,905,1810,0.20301613278539402,143,0.143,5,0.1725723689354124,125.64162365765266
nag,50,0.35751690141163955,0.32253803012746257,357.51690141163954,1811,1811,3622,0.19741408139792355,543,0.543,5,0.24427845907314946,614.6873212375268
nag,50,0.8190670349858269,0.7375952869644851,819.0670349858269,4060,4058,8118,0.2018400776209529,3011,3.011,5,0.5980494325357543,2294.1535630463077
nag,50,0.18468713224101277,0.16626496914372127,184.68713224101276,947,947,1894,0.19502337089864072,121,0.121,5,0.18258053036798255,91.47434036633176
nag,50,0.5377356388033699,0.4924034659635149,537.73563880337,2662,2661,5323,0.20208028515722284,1265,1.265,5,0.4865578548156043,1273.2034600581767
nag,50,0.367496571600857,0.331526493232303,367.496571600857,1844,1844,3688,0.1992931516273628,571,0.571,5,0.26027688713040564,595.0186476047064
nag,50,0.43490404683829614,0.3944707178509442,434.90404683829615,2226,2224,4450,0.1955503807726152,890,0.89,5,0.44038488375465057,876.1244448416965
nag,50,0.26551168472618736,0.24398894745545396,265.51168472618735,1310,1309,2619,0.20283551163192312,298,0.298,5,0.1977014802867584,347.1438255451317
nag,50,0.0,0.0,0.0,0,0,0,,0,0.0,5,0.0,0.0
nag,50,0.5265803977885928,0.47387509338944545,526.5803977885928,2657,2656,5313,0.1982606919384762,1245,1.245,5,0.6367637354707639,934.4841836178682
nag,50,0.4408813881910611,0.3869079163983137,440.8813881910611,2259,2259,4518,0.19516661717178446,872,0.872,5,0.3607768716596429,699.0399125593378
nag,50,0.7016981043744365,0.622840000411717,701.6981043744365,3514,3512,7026,0.19980014361458898,2240,2.24,5,0.7835339891769739,2272.225936122127
nag,50,0.6444816233016456,0.5719034214004652,644.4816233016456,3159,3159,6318,0.20401444232404103,1852,1.852,5,0.6903671391908249,2151.2217029228786
nag,50,0.5374345379206058,0.49419958909929357,537.4345379206057,2704,2704,5408,0.19875537644992816,1283,1.283,5,0.4604486828472974,1187.8090531538671
nag,50,0.2707296551607161,0.24637774644126126,270.7296551607161,1360,1360,2720,0.19906592291229125,289,0.289,5,0.19341153418959656,247.30799074475757
nag,50,0.7480393321172225,0.6664674247024173,748.0393321172226,3723,3723,7446,0.2009238066390606,2471,2.471,5,0.5876140360106412,2738.377219101224
nag,50,0.36170739380664735,0.33018460700189145,361.70739380664736,1817,1817,3634,0.19906846109336673,580,0.58,5,0.40884667853727397,495.76547729136746
nag,50,0.18121558453333403,0.16380039214263067,181.21558453333404,892,892,1784,0.20315648490284086,130,0.13,5,0.19641266886069517,83.75863363468403
nag,50,0.3508551791880545,0.3214838650353372,350.8551791880545,1795,1795,3590,0.19546249536938967,483,0.483,5,0.40028683678171095,463.9388021850554
nag,50,0.37456200916769594,0.3392874530539086,374.5620091676959,1798,1797,3595,0.20843740076109957,547,0.547,5,0.324125850786816,407.0568422241213
nag,50,0.554578440291968,0.483147377948124,554.578440291968,2755,2754,5509,0.2013719826768221,1395,1.395,5,0.44544091630492383,994.7885096567093
nag,50,0.4405544222417691,0.39689181795872036,440.5544222417691,2183,2181,4364,0.20199652555789505,796,0.796,5,0.395861821100242,890.2290795199194
nag,50,0.6180479620904504,0.5515938992505491,618.0479620904505,3128,3127,6255,0.19764885260327805,1777,1.777,5,0.5319738373652264,1605.3681305916705
nag,50,0.27878633172419937,0.2517824070490313,278.7863317241994,1329,1329,2658,0.20977150618826138,253,0.253,5,0.2963887572401964,249.5994983085759
nag,50,0.7344838732136564,0.6663266503736102,734.4838732136564,3539,3539,7078,0.20753994722058672,2391,2.391,5,0.6456401405777878,2209.6101590619546
nag,50,0.6336871112596357,0.570520861484852,633.6871112596357,3174,3174,6348,0.1996493734277365,1737,1.737,5,0.6773575969334529,1517.6194243724974
nag,50,0.5561440002542904,0.5140368592751813,556.1440002542904,2811,2810,5621,0.19791601432537026,1528,1.528,5,0.6175637008968614,1863.1600478297898
nag,50,0.6306978484972203,0.5436038491088027,630.6978484972203,3126,3126,6252,0.20175874871952026,1802,1.802,5,0.5806486748018471,1627.0974871281192
nag,50,0.34965098843909637,0.3246991096997658,349.65098843909635,1783,1783,3566,0.19610262952276858,563,0.563,5,0.36227279652671235,573.0552303956623
nag,50,0.7182288941518272,0.6370187834498554,718.2288941518273,3664,3663,7327,0.19607668418013302,2531,2.531,5,0.7158398170075893,2024.4843703096337
nag,50,0.08287421421487337,0.07600607883314063,82.87421421487338,432,432,864,0.1918384588307254,26,0.026,5,0.0948645032566488,28.232787435378373
nag,50,0.697770897112975,0.6386947694799701,697.770897112975,3556,3555,7111,0.19627873336511253,2271,2.271,5,0.425146019586084,1776.6784269154057
nag,50,0.37880133052138615,0.3343039234157137,378.80133052138615,1811,1811,3622,0.20916694120452023,590,0.59,5,0.36399503335055167,740.1873177621981
nag,50,0.7307055036615432,0.6631468875588395,730.7055036615432,3641,3641,7282,0.20068813613335434,2419,2.419,5,0.6761514920154824,2173.029674825256
nag,50,0.35586829901658745,0.3208545168127932,355.86829901658746,1789,1789,3578,0.19892023421832725,586,0.586,5,0.3118368885730594,647.8347470236363
nag,50,0.44777893513625044,0.4077984677953816,447.7789351362504,2204,2204,4408,0.20316648599648385,826,0.826,5,0.3667893288174935,849.2089044720552
nag,50,0.5316183049625176,0.4626006241724204,531.6183049625176,2623,2622,5245,0.20275297672102122,1161,1.161,5,0.39953220662232036,992.9994834327078
nag,50,0.18573599915609035,0.16809115447974524,185.73599915609034,917,915,1832,0.20299016301212058,126,0.126,5,0.1899793779550518,122.0071927692118
nag,50,0.448664809459339,0.38877327153752594,448.664809459339,2223,2223,4446,0.2018285242732069,797,0.797,5,0.2600958553038513,674.0703980405375
nag,50,0.44583868691089323,0.39723067706962123,445.8386869108932,2275,2275,4550,0.1959730491916014,899,0.899,5,0.32016791482485835,921.3739536530215
nag,50,0.5625370766594355,0.5099734876845133,562.5370766594356,2740,2739,5479,0.2053804588022766,1346,1.346,5,0.5519832616225694,1779.9189487941126
nag,50,0.7180764700258452,0.6451955535495615,718.0764700258452,3566,3565,7131,0.2014239747618079,2344,2.344,5,0.6611473178353772,2661.051701978689
nag,50,0.7098869635877597,0.6585581548150158,709.8869635877597,3571,3571,7142,0.19879220486915702,2370,2.37,5,0.661569824077111,1616.317884778587
nag,50,0.5408902082840076,0.47693632266736574,540.8902082840076,2703,2703,5406,0.20010736525490477,1220,1.22,5,0.40028305521048146,1022.7920198189419
nag,50,0.43512874425834364,0.3965480893116786,435.12874425834366,2203,2201,4404,0.19769593105785718,867,0.867,5,0.2923181291426652,877.3660692102841
nag,50,0.27254076009412836,0.2428861990333579,272.54076009412836,1383,1382,2765,0.19720749645016525,281,0.281,5,0.2173557926563122,294.8124228442095
nag,50,0.5346208113994083,0.4739118400535933,534.6208113994084,2702,2702,5404,0.19786114411525105,1305,1.305,5,0.4303405255901399,1355.4747398016434
nag,50,0.1691471604500029,0.15231407684464107,169.1471604500029,911,911,1822,0.18567196536773095,114,0.114,5,0.15704739998121603,125.04673451321419
nag,50,0.26799879043455715,0.23806173334287845,267.9987904345572,1343,1343,2686,0.1995523383727157,276,0.276,5,0.25554596876710606,277.39099295921403
nag,50,0.7197710040485308,0.652887317152654,719.7710040485308,3552,3551,7103,0.20269529823951868,2286,2.286,5,0.5562530278200493,1703.0711885679427
nag,50,0.46392764128452646,0.42691123540838805,463.9276412845265,2308,2308,4616,0.20100851008861634,968,0.968,5,0.47240143547617736,758.0096536280669
nag,50,0.36316561491840754,0.32372758566334925,363.1656149184075,1818,1818,3636,0.1997610643115553,576,0.576,5,0.2949120326317347,482.7690894354958
nag,50,0.8680019883982247,0.7755252726488059,868.0019883982247,4489,4487,8976,0.19344818105598946,3530,3.53,5,0.7588454974668047,3258.09587424812
nag,50,0.3631637705743269,0.3302196091954988,363.1637705743269,1822,1822,3644,0.19932149866867557,582,0.582,5,0.2660213060162038,587.8862864549849
nag,50,0.8025937330598997,0.7327582068519953,802.5937330598997,3995,3995,7990,0.20089955771211507,2888,2.888,5,0.7758698166527497,3837.5939190824283
nag,50,0.4341594429819445,0.3925953322124808,434.1594429819445,2216,2215,4431,0.19600877786995236,849,0.849,5,0.31841861266221255,858.9819138416892
nag,50,0.43768346780056233,0.4005222942503346,437.6834678005623,2241,2240,4481,0.19539440526810817,841,0.841,5,0.3506259926028919,966.0035415114322
nag,50,0.5400270494606288,0.47563931573322965,540.0270494606289,2718,2717,5435,0.19875857543637426,1302,1.302,5,0.5353787817605803,1405.0645608063978
nag,50,0.6115047888476228,0.5679566330283813,611.5047888476229,3110,3110,6220,0.19662533403460541,1690,1.69,5,0.5742475959348621,1818.3887945727452
nag,50,0.9101216422533354,0.8081289842464966,910.1216422533354,4454,4452,8906,0.20442983878107263,3687,3.687,5,0.9356818479623262,2980.5922363787645
nag,50,0.4542928174499186,0.41995420822408974,454.29281744991863,2270,2269,4539,0.20021719587920608,925,0.925,5,0.4920933966307218,843.406772653348
nag,50,0.24969393200110426,0.22706918638469614,249.69393200110426,1356,1356,2712,0.184140067847422,244,0.244,5,0.22533746044396638,254.54169037041598
nag,50,0.26807553140108314,0.23962846716446334,268.07553140108314,1370,1369,2739,0.19581850358004613,281,0.281,5,0.20099824997129023,308.5928942456049
nag,50,0.5539157856687406,0.4924006394767476,553.9157856687406,2679,2679,5358,0.2067621447065101,1371,1.371,5,0.4053092315178399,1546.9580236167
nag,50,0.3417650927975128,0.3249910842086982,341.7650927975128,1778,1778,3556,0.19221883734393297,542,0.542,5,0.3809933776578349,494.50849268813425
nag,50,0.3540817582613962,0.3208341212595278,354.0817582613962,1769,1768,3537,0.2002724877044096,513,0.513,5,0.31429708736103756,535.6729309053986
nag,50,0.3661100369500026,0.32560331676658505,366.1100369500026,1804,1804,3608,0.20294347946230742,584,0.584,5,0.31715455435034196,698.9198089151397
nag,50,0.4520895872052497,0.4085090366357632,452.0895872052497,2295,2294,4589,0.1970747982586093,843,0.843,5,0.3535293520729172,802.9025480269661
nag,50,0.35922230397315136,0.33174629781152737,359.2223039731514,1843,1843,3686,0.19491172217751024,570,0.57,5,0.2673415896762555,565.8518077090139
nag,50,0.6279255445785081,0.5721636265119728,627.9255445785082,3115,3114,6229,0.20164596807273866,1769,1.769,5,0.6037632152086413,2317.2739384614197
nag,50,0.4525115117658363,0.4107022424406837,452.5115117658363,2238,2237,4475,0.20228498514342258,956,0.956,5,0.2984771086656619,1041.1159184405637
nag,50,0.3588435189992824,0.31608912298542213,358.8435189992824,1846,1846,3692,0.19438977193893955,547,0.547,5,0.3912325089270022,667.1125574855906
nag,50,0.2650376471117473,0.24371300185686773,265.03764711174733,1330,1330,2660,0.19927642639981002,291,0.291,5,0.24683259045748582,272.6750631334806
nag,50,0.5232752732557704,0.4813162064074068,523.2752732557703,2651,2651,5302,0.19738788127339507,1282,1.282,5,0.4606149450925261,1513.4343284332385
nag,50,0.43478260396065954,0.3988820690399861,434.7826039606595,2177,2177,4354,0.19971640053314632,809,0.809,5,0.4709359108586236,977.5265717560657
nag,50,0.2686669758278559,0.24588790117066608,268.66697582785594,1350,1350,2700,0.1990125746873007,312,0.312,5,0.18740237919520727,311.3405171548477
nag,50,0.18308912197412253,0.16738908566001962,183.08912197412252,938,937,1875,0.19539927638647014,121,0.121,5,0.13385180822082257,101.46425789252409
nag,50,0.45769149960918054,0.4086598937566129,457.69149960918054,2223,2223,4446,0.20588911363435922,919,0.919,5,0.472003519108562,1008.9618977867965
nag,50,0.5560736998301274,0.4909829465089418,556.0736998301275,2750,2748,5498,0.20235578596438408,1371,1.371,5,0.4035233678795887,1457.9375470463717
nag,50,0.16545510819847975,0.14962856603113767,165.45510819847976,890,890,1780,0.18590461595334806,129,0.129,5,0.13397728845149803,115.73105779053499
nag,50,0.7383315196568522,0.655737232150364,738.3315196568522,3584,3583,7167,0.20606517433906005,2495,2.495,5,0.6478018602367146,2110.0035925904103
nag,50,0.2670551400803704,0.2442208378849833,267.0551400803704,1362,1362,2724,0.1960757269312558,246,0.246,5,0.31321163001601365,297.12506341357465
nag,50,0.6335081850632994,0.547245985800102,633.5081850632994,3153,3152,6305,0.20098609932211275,1878,1.878,5,0.5021961343716156,1892.3652781210062
nag,50,0.6219960090130484,0.5543222681433659,621.9960090130484,3123,3123,6246,0.19916618924529247,1727,1.727,5,0.5399058254546268,1791.5311839440296
nag,50,0.10032461556915792,0.0902595870800586,100.32461556915793,459,459,918,0.2185721472094944,31,0.031,5,0.12189225032911101,24.145656813244443
nag,50,0.5205119291690807,0.4764214410302357,520.5119291690808,2592,2592,5184,0.20081478748807127,1249,1.249,5,0.5267065523177875,1073.4000769804452
nag,50,0.09498618602985759,0.0859638104933589,94.98618602985759,466,466,932,0.20383301723145406,16,0.016,5,0.09730103682958618,12.001321337505324
nag,50,0.27425969047654963,0.24952228729141732,274.2596904765496,1378,1378,2756,0.199027351579499,283,0.283,5,0.21463792488365238,242.71896870569748
nag,50,0.1661081695690142,0.1520305578495039,166.1081695690142,891,891,1782,0.18642892207521233,117,0.117,5,0.18165692180008103,135.3276165263348
nag,50,0.4312388502863313,0.4085447879603282,431.2388502863313,2197,2197,4394,0.19628532102245394,786,0.786,5,0.3632002724433567,800.1916709341186
nag,50,0.36344063065584203,0.32012194629208807,363.440630655842,1843,1843,3686,0.197200559227261,574,0.574,5,0.38494617131347325,470.36508781533144
nag,50,0.6997115075705508,0.6391474849376575,699.7115075705508,3606,3606,7212,0.19404090614823927,2314,2.314,5,0.6334093869252463,2180.4161725012295
nag,50,0.6221394792334762,0.5686756668069846,622.1394792334762,3160,3160,6320,0.1968795820359102,1805,1.805,5,0.6113590451279357,1728.393081233899
nag,50,0.44906931515770554,0.3992052138406,449.06931515770555,2207,2207,4414,0.20347499554041937,962,0.962,5,0.36674195030201884,805.2125066247635
nag,50,0.5529298539586543,0.5311621902617635,552.9298539586543,2676,2675,5351,0.20670274914342218,1350,1.35,5,0.4925469996419291,1410.4954586097922
nag,50,0.43439146841612275,0.39551357879889726,434.39146841612273,2234,2234,4468,0.19444559911196183,906,0.906,5,0.3441343479108543,939.156127564045
nag,50,0.790773004613802,0.7035063222254373,790.773004613802,4040,4039,8079,0.1957843537048284,2969,2.969,5,0.5654556952484519,3098.94091453896
nag,50,0.4475137612557934,0.4166424008330739,447.5137612557934,2309,2309,4618,0.19381280262269093,979,0.979,5,0.413208898347792,923.5754134937564
nag,50,0.18011954628701574,0.1653209496256623,180.11954628701574,879,879,1758,0.20491415959842518,113,0.113,5,0.15507583398653355,129.4999605405121
bg,50,0.0009859326794295668,0.0009849606161811996,0.9859326794295669,26,26,52,0.03792048767036796,0,0.0,5,0.001201750128148313,0.0
bg,50,0.0008447018438365959,0.000843988322631615,0.8447018438365959,27,27,54,0.03128525347542948,0,0.0,5,0.0007653027598721647,0.0
bg,50,0.0011838289275809188,0.0011824274766511415,1.1838289275809188,30,30,60,0.039460964252697295,0,0.0,5,0.0012983474199233646,0.0
bg,50,0.0009653353337545685,0.0009644034614479734,0.9653353337545685,29,29,58,0.033287425301881675,0,0.0,5,0.0009563150502036581,0.0
bg,50,0.0009229079171292228,0.0009220561581057229,0.9229079171292227,26,26,52,0.03549645835112395,0,0.0,5,0.0008933284487803544,0.0
bg,50,0.0007754993428728341,0.000774897943642038,0.7754993428728341,30,30,60,0.025849978095761134,0,0.0,5,0.0008685951873214566,0.0
bg,50,0.0007248663425521959,0.0007243409113376311,0.724866342552196,26,26,52,0.027879474713545998,0,0.0,5,0.0007671501264597085,0.0
bg,50,0.0012623769323012865,0.0012607833367820802,1.2623769323012866,29,29,58,0.04353023904487195,0,0.0,5,0.001293341718570174,0.0
bg,50,0.0008438149078513817,0.0008431028842526694,0.8438149078513817,27,27,54,0.031252403994495616,0,0.0,5,0.0006238679462848173,0.0
bg,50,0.0008972463804672088,0.0008964413293999475,0.8972463804672088,26,26,52,0.034509476171815726,0,0.0,5,0.0010067253867868688,0.0
bg,50,0.0011870610051275534,0.0011856518912976587,1.1870610051275534,27,27,54,0.043965222412131605,0,0.0,5,0.0010973341668567475,0.0
bg,50,0.0008425351444395659,0.0008418252789699502,0.8425351444395659,27,27,54,0.03120500534961355,0,0.0,5,0.0009907016611232931,0.0
bg,50,0.00086734105223249,0.0008665887717316021,0.86734105223249,29,29,58,0.029908312145947934,0,0.0,5,0.0008336272564025007,0.0
bg,50,0.0007295944427695922,0.0007290621347186719,0.7295944427695922,18,18,36,0.04053302459831068,0,0.0,5,0.0007912642559169521,0.0
bg,50,0.0013144068670082447,0.001312679201596206,1.3144068670082447,26,26,52,0.050554110269547876,0,0.0,5,0.0013020262953107918,0.0
bg,50,0.0007503448460270335,0.0007497818286390741,0.7503448460270334,21,21,42,0.035730706953668256,0,0.0,5,0.0006798014031200986,0.0
bg,50,0.0008350183473314337,0.0008343210916910535,0.8350183473314337,24,24,48,0.03479243113880973,0,0.0,5,0.0008574131740252851,0.0
bg,50,0.0007468054520656117,0.0007462477336823769,0.7468054520656118,20,20,40,0.037340272603280586,0,0.0,5,0.0006676474876763445,0.0
bg,50,0.001338698985178418,0.0013369068702055002,1.338698985178418,34,34,68,0.039373499564071116,0,0.0,5,0.0013097246461764845,0.0
bg,50,0.000695084400971723,0.0006946012586472488,0.695084400971723,21,21,42,0.03309925718912966,0,0.0,5,0.0008038437204685916,0.0
bg,50,0.0007844577446442216,0.0007838423706910895,0.7844577446442216,26,26,52,0.030171451717085445,0,0.0,5,0.0009198496666324249,0.0
bg,50,0.0006775006392149123,0.0006770416320987757,0.6775006392149123,21,21,42,0.032261935200710114,0,0.0,5,0.0007137902207983831,0.0
bg,50,0.0007458164404811285,0.0007452601983182366,0.7458164404811285,21,21,42,0.03551506859433945,0,0.0,5,0.00046306119293141896,0.0
bg,50,0.0009414261114000339,0.0009405398282768084,0.941426111400034,23,23,46,0.040931570060871045,0,0.0,5,0.0009618223631237738,0.0
bg,50,0.0010151176050401602,0.001014087141288098,1.0151176050401602,28,28,56,0.036254200180005726,0,0.0,5,0.000944218384962886,0.0
bg,50,0.0005281385410129716,0.0005278596106944682,0.5281385410129715,21,21,42,0.025149454333951025,0,0.0,5,0.0005170130878216449,0.0
bg,50,0.0006677618529391154,0.0006673159470468745,0.6677618529391154,19,19,38,0.03514536068100607,0,0.0,5,0.0005840115303926127,0.0
bg,50,0.000542847353700715,0.0005425526704512951,0.542847353700715,19,19,38,0.028570913352669213,0,0.0,5,0.000610007201704147,0.0
bg,50,0.0008227973146834167,0.0008221203192623666,0.8227973146834167,24,24,48,0.03428322144514236,0,0.0,5,0.0008497764652560699,0.0
bg,50,0.00037345300841863606,0.00037331354126913906,0.37345300841863605,15,15,30,0.02489686722790907,0,0.0,5,0.0004165833975122126,0.0
bg,50,0.001303931221270318,0.0013022309846405144,1.303931221270318,29,29,58,0.04496314556104545,0,0.0,5,0.0012568865033658386,0.0
bg,50,0.0008557148349203167,0.0008549825870416141,0.8557148349203167,29,29,58,0.02950740810070058,0,0.0,5,0.0008285181729282409,0.0
bg,50,0.0012284967602708577,0.0012269875559808615,1.2284967602708576,25,25,50,0.049139870410834306,0,0.0,5,0.001138951698878682,0.0
bg,50,0.000868518751307569,0.0008677644264861962,0.868518751307569,24,24,48,0.03618828130448204,0,0.0,5,0.0008139310401288495,0.0
bg,50,0.00048693214673773257,0.0004866950438222059,0.48693214673773255,21,21,42,0.02318724508274917,0,0.0,5,0.00047837220226212813,0.0
bg,50,0.0006327409291302502,0.0006323405680468537,0.6327409291302502,23,23,46,0.027510475179576093,0,0.0,5,0.0005106798445234565,0.0
bg,50,0.0005819216667307252,0.0005815830339045146,0.5819216667307252,30,30,60,0.019397388891024173,0,0.0,5,0.0006481617443652841,0.0
bg,50,0.0006054471013214755,0.0006050805351289769,0.6054471013214755,22,22,44,0.027520322787339794,0,0.0,5,0.0006564063481369341,0.0
bg,50,0.0010398684353495823,0.001038787108986746,1.0398684353495824,29,29,58,0.035857532253433876,0,0.0,5,0.0011493312084649638,0.0
bg,50,0.0007302776193469693,0.0007297443139456502,0.7302776193469693,20,20,40,0.036513880967348464,0,0.0,5,0.0006336654286409215,0.0
bg,50,0.0006102590940896633,0.0006098866779277443,0.6102590940896633,18,18,36,0.03390328300498129,0,0.0,5,0.0006588523058068694,0.0
bg,50,0.0008054559759983206,0.0008048072166690491,0.8054559759983206,31,31,62,0.025982450838655503,0,0.0,5,0.0007349711626736007,0.0
bg,50,0.0012445330398752885,0.0012429841773879471,1.2445330398752885,34,34,68,0.03660391293750848,0,0.0,5,0.001094236858892673,0.0
bg,50,0.0006695801766774707,0.0006691318390644711,0.6695801766774707,22,22,44,0.03043546257624867,0,0.0,5,0.0007187703360470133,0.0
bg,50,0.0006204556696836967,0.0006200707044456541,0.6204556696836967,16,16,32,0.038778479355231044,0,0.0,5,0.0007114041217442328,0.0
bg,50,0.0011897480186996798,0.0011883325183516802,1.1897480186996798,31,31,62,0.03837896834515096,0,0.0,5,0.0011371795560734344,0.0
bg,50,0.0007175678797438394,0.0007170529760817993,0.7175678797438394,28,28,56,0.025627424276565693,0,0.0,5,0.0005442177007738518,0.0
bg,50,0.0008179671332480467,0.0008172980630169728,0.8179671332480467,24,24,48,0.03408196388533528,0,0.0,5,0.0009622056646320994,0.0
bg,50,0.0006602436668743863,0.0006598077451747387,0.6602436668743863,20,20,40,0.03301218334371932,0,0.0,5,0.0006489584166785136,0.0
bg,50,0.0006259599855497755,0.000625568159646266,0.6259599855497755,23,23,46,0.027215651545642414,0,0.0,5,0.000576643297203487,0.0
bg,50,0.0006276796534188414,0.0006272856716715255,0.6276796534188414,21,21,42,0.029889507305659112,0,0.0,5,0.0003823276749480326,0.0
bg,50,0.0008433749574666365,0.0008426636761477545,0.8433749574666365,25,25,50,0.03373499829866546,0,0.0,5,0.0006546256532688324,0.0
bg,50,0.0012426718907267117,0.0012411276572987092,1.2426718907267116,30,30,60,0.041422396357557054,0,0.0,5,0.001341101657781431,0.0
bg,50,0.0009764414949937717,0.0010099623535868654,0.9764414949937716,32,32,64,0.030513796718555364,0,0.0,5,0.0008949836884401389,0.0
bg,50,0.000916007372935482,0.0009151683034282099,0.9160073729354821,24,24,48,0.03816697387231175,0,0.0,5,0.0008610436048113255,0.0
bg,50,0.0007737499934751355,0.0007731513044227327,0.7737499934751355,22,22,44,0.0351704542488698,0,0.0,5,0.0009364431826662173,0.0
bg,50,0.0008840315903243692,0.0008832500784716778,0.8840315903243692,30,30,60,0.029467719677478972,0,0.0,5,0.0007904896922573957,0.0
bg,50,0.0006348118899805896,0.000634408903844929,0.6348118899805897,20,20,40,0.03174059449902948,0,0.0,5,0.0007623141888139284,0.0
bg,50,0.0007060761706546224,0.0007055776270958561,0.7060761706546224,19,19,38,0.03716190371866433,0,0.0,5,0.0009460864698439103,0.0
bg,50,0.0011279247669096534,0.0011343120744975533,1.1279247669096535,31,31,62,0.0363846699003114,1,0.001,5,0.0010590259006380783,1.1186082402743645
bg,50,0.0009123601244161535,0.0009115277234195287,0.9123601244161534,27,27,54,0.0337911157191168,0,0.0,5,0.0009826729590656756,0.0
bg,50,0.0004978182085402523,0.0004975703855714979,0.49781820854025227,22,22,44,0.022628100388193285,0,0.0,5,0.0005991430893426945,0.0
bg,50,0.0007114071643920852,0.0007109010642385367,0.7114071643920852,23,23,46,0.030930746277916747,0,0.0,5,0.0007019876859691018,0.0
bg,50,0.0012310861334565858,0.0012295705603885966,1.2310861334565857,29,29,58,0.04245124598126158,0,0.0,5,0.0012684715901123591,0.0
bg,50,0.0013459424610292583,0.0013441308999208568,1.3459424610292583,35,35,70,0.038455498886550234,0,0.0,5,0.001365365626410286,0.0
bg,50,0.0011483172244101025,0.0011469985919622258,1.1483172244101025,23,23,46,0.0499268358439175,0,0.0,5,0.0010020033053286758,0.0
bg,50,0.0007959612522959567,0.0007953276979808003,0.7959612522959567,33,33,66,0.024120037948362323,0,0.0,5,0.0010607461920764025,0.0
bg,50,0.0006295454326743162,0.000629149105222515,0.6295454326743162,21,21,42,0.029978353936872197,0,0.0,5,0.000467429757146051,0.0
bg,50,0.00042976816621924743,0.0004295834655425521,0.4297681662192474,17,17,34,0.025280480365838083,0,0.0,5,0.000417402592464835,0.0
bg,50,0.0011962300739547303,0.0011947991075648965,1.1962300739547302,35,35,70,0.034178002112992295,0,0.0,5,0.0013039771864447878,0.0
bg,50,0.0011276376238973408,0.0011263660572865116,1.127637623897341,35,35,70,0.03221821782563831,0,0.0,5,0.0009798753158725367,0.0
bg,50,0.0008580126730794296,0.0008572764873322646,0.8580126730794295,26,26,52,0.0330004874261319,0,0.0,5,0.000811043747353083,0.0
bg,50,0.000988064266917089,0.0009870879959215306,0.9880642669170889,33,33,66,0.029941341421729967,0,0.0,5,0.0010435708759849453,0.0
bg,50,0.0009020072095931031,0.0009011935925869452,0.9020072095931031,32,32,64,0.028187725299784472,0,0.0,5,0.0007020173463981245,0.0
bg,50,0.0008514138913818163,0.0008506889857673785,0.8514138913818163,29,29,58,0.029359099702821252,0,0.0,5,0.0008828918942255583,0.0
bg,50,0.0006839519037166016,0.0006834841135100038,0.6839519037166015,21,21,42,0.03256913827221912,0,0.0,5,0.000750976322471213,0.0
bg,50,0.0007541670852088551,0.0007535983172164429,0.7541670852088551,23,23,46,0.03278987326995022,0,0.0,5,0.0007037543652501551,0.0
bg,50,0.0006151613175997461,0.0006147828941530752,0.6151613175997461,19,19,38,0.032376911452618215,0,0.0,5,0.000638618758287341,0.0
bg,50,0.0003873775841904132,0.0003872275227976801,0.38737758419041324,12,12,24,0.0322814653492011,0,0.0,5,0.00042058637625130125,0.0
bg,50,0.0010767475201067728,0.0010755881348847166,1.0767475201067729,32,32,64,0.03364836000333665,0,0.0,5,0.0008195757209378892,0.0
bg,50,0.0012304960295683926,0.0012289819090896092,1.2304960295683927,32,32,64,0.03845300092401227,0,0.0,5,0.001292352191260785,0.0
bg,50,0.0006413293078250888,0.0006409180045440133,0.6413293078250888,22,22,44,0.029151332173867672,0,0.0,5,0.0006919812799416932,0.0
bg,50,0.0009629077643624636,0.0009619805729997939,0.9629077643624635,30,30,60,0.03209692547874878,0,0.0,5,0.0010735514850641291,0.0
bg,50,0.0005128237803409234,0.0005125607921112403,0.5128237803409235,19,19,38,0.026990725281101236,0,0.0,5,0.0005795608525025997,0.0
bg,50,0.0007181380913183232,0.0007176223690001208,0.7181380913183233,20,20,40,0.035906904565916165,0,0.0,5,0.0006354802333715269,0.0
bg,50,0.0007710628229200083,0.000770468285043119,0.7710628229200083,23,23,46,0.03352447056173949,0,0.0,5,0.0008185501206259272,0.0
bg,50,0.0007397288846643875,0.0007391816858415807,0.7397288846643875,21,21,42,0.03522518498401845,0,0.0,5,0.0007924542823108793,0.0
bg,50,0.0008722592457451661,0.0008714984095533783,0.8722592457451661,20,20,40,0.043612962287258306,0,0.0,5,0.0009060574654955257,0.0
bg,50,0.00102975326962704,0.0010286928778307325,1.0297532696270402,31,31,62,0.03321784740732388,0,0.0,5,0.000893460082095651,0.0
bg,50,0.00042965454701654606,0.000429469943986774,0.42965454701654604,20,20,40,0.0214827273508273,0,0.0,5,0.0002922301848314169,0.0
bg,50,0.0010837710091712313,0.001082596449570911,1.0837710091712314,23,23,46,0.047120478659618756,0,0.0,5,0.0012552762109078399,0.0
bg,50,0.0005877288851236485,0.0005873834598812397,0.5877288851236484,24,24,48,0.024488703546818685,0,0.0,5,0.000752069648418922,0.0
bg,50,0.0005185292752807129,0.0005182604026713897,0.5185292752807129,18,18,36,0.028807181960039605,0,0.0,5,0.0003703666162922205,0.0
bg,50,0.001069494671161575,0.0010683508523099319,1.069494671161575,29,29,58,0.036879126591778444,0,0.0,5,0.0011957669694780417,0.0
bg,50,0.0010758226972640132,0.0010746653027880648,1.0758226972640133,24,24,48,0.04482594571933388,0,0.0,5,0.001369283904086503,0.0
bg,50,0.0011332738415557096,0.0011319895319557552,1.1332738415557095,26,26,52,0.04358745544445037,0,0.0,5,0.0010852480486894806,0.0
bg,50,0.00046042515177407495,0.0004602131604536888,0.46042515177407495,16,16,32,0.028776571985879684,0,0.0,5,0.00034836411207827915,0.0
bg,50,0.00041612158304698264,0.0004159484258751051,0.41612158304698266,22,22,44,0.018914617411226485,0,0.0,5,0.0005418732772363956,0.0
bg,50,0.0008996716890025311,0.0008988622798545386,0.8996716890025311,35,35,70,0.02570490540007232,0,0.0,5,0.0008277294385319919,0.0
bg,50,0.001180689981409067,0.0011792959525768671,1.180689981409067,38,38,76,0.031070788984449132,0,0.0,5,0.0010943205526333921,0.0
bg,50,0.0006425700075217691,0.0006421571113072027,0.6425700075217691,23,23,46,0.02793782641398996,0,0.0,5,0.0005448216116222377,0.0
bg,50,0.0007209123919276088,0.000720392677250774,0.7209123919276088,21,21,42,0.03432916152036233,0,0.0,5,0.0006278278973262625,0.0
bg,50,0.0011719135225630596,0.0011705401412586932,1.1719135225630595,32,32,64,0.03662229758009561,0,0.0,5,0.001079061611628024,0.0
bg,50,0.0010211174750256586,0.0010315734261045395,1.0211174750256586,31,31,62,0.032939273387924475,2,0.002,5,0.0010611862979413211,2.203916244804779
bg,50,0.0011547170156848204,0.0011533836442985082,1.1547170156848203,27,27,54,0.04276729687721557,0,0.0,5,0.0007921687807159448,0.0
bg,50,0.0005165479321412896,0.0005162811103750903,0.5165479321412896,18,18,36,0.028697107341182755,0,0.0,5,0.0005134054037775939,0.0
bg,50,0.0009704204731887991,0.000969478757294015,0.9704204731887991,22,22,44,0.04411002150858178,0,0.0,5,0.0010004530368598187,0.0
bg,50,0.0006884190900063744,0.0006879451691628892,0.6884190900063745,22,22,44,0.03129177681847157,0,0.0,5,0.0006281811184600692,0.0
bg,50,0.0013375031976359858,0.0013357142828322988,1.3375031976359857,36,36,72,0.037152866600999604,0,0.0,5,0.001906257494127354,0.0
bg,50,0.0006171461243544769,0.0006167652550156711,0.6171461243544769,20,20,40,0.030857306217723847,0,0.0,5,0.0006777079571570965,0.0
bg,50,0.0008522364306188663,0.0008515101236851923,0.8522364306188663,22,22,44,0.03873801957358483,0,0.0,5,0.0010497354301579312,0.0
bg,50,0.0012132889400521094,0.001211816870000057,1.2132889400521094,27,27,54,0.04493662740933738,0,0.0,5,0.0011849821703378432,0.0
bg,50,0.0007757015766215645,0.0007983559443677225,0.7757015766215645,28,28,56,0.027703627736484444,0,0.0,5,0.0007711442973645663,0.0
bg,50,0.0010132902894181015,0.0010122635322074725,1.0132902894181015,22,22,44,0.04605864951900462,0,0.0,5,0.0011027100350627051,0.0
bg,50,0.0004945274517677092,0.0004942828943671573,0.4945274517677092,21,21,42,0.02354892627465282,0,0.0,5,0.0004655881954545961,0.0
bg,50,0.0010042332385011257,0.0010032247541038152,1.0042332385011257,27,27,54,0.03719382364818984,0,0.0,5,0.0010486293965751199,0.0
bg,50,0.0008279336520760623,0.0008272481779438225,0.8279336520760623,28,28,56,0.02956905900271651,0,0.0,5,0.0006189318484721039,0.0
bg,50,0.0005035747775784092,0.0005033211900217961,0.5035747775784092,18,18,36,0.027976376532133845,0,0.0,5,0.0005938224978666944,0.0
bg,50,0.0007972385300408114,0.0007966029407670299,0.7972385300408114,24,24,48,0.033218272085033806,0,0.0,5,0.0006630206498487105,0.0
bg,50,0.0012464197823270312,0.001244866220053255,1.246419782327031,24,24,48,0.05193415759695963,0,0.0,5,0.0012458071937252607,0.0
bg,50,0.0006128136382020273,0.0006124380976468611,0.6128136382020273,18,18,36,0.03404520212233485,0,0.0,5,0.0006166918903994006,0.0
bg,50,0.0008590503798910918,0.0008583124123359008,0.8590503798910918,26,26,52,0.033040399226580454,0,0.0,5,0.0007202686819095878,0.0
bg,50,0.0006706264479648709,0.0006701767081321606,0.6706264479648709,22,22,44,0.03048302036203959,0,0.0,5,0.0007617283951150605,0.0
bg,50,0.0006880713485861507,0.0006875979064054057,0.6880713485861507,24,24,48,0.028669639524422946,0,0.0,5,0.0008457275864571852,0.0
bg,50,0.001248973122840603,0.0012474131889790247,1.248973122840603,30,30,60,0.0416324374280201,0,0.0,5,0.001583441648301964,0.0
bg,50,0.0009179567727350459,0.0009171141280984356,0.917956772735046,24,24,48,0.03824819886396025,0,0.0,5,0.0008908012042862965,0.0
bg,50,0.0006298127494862484,0.0006294160853868332,0.6298127494862484,30,30,60,0.02099375831620828,0,0.0,5,0.0005745971183794015,0.0
bg,50,0.000958116044540155,0.0009571980581853499,0.9581160445401551,29,29,58,0.03303848429448811,0,0.0,5,0.0010730279344021124,0.0
bg,50,0.0005274132518669461,0.0005271350871287013,0.5274132518669461,22,22,44,0.02397332963031573,0,0.0,5,0.0005732265207565795,0.0
bg,50,0.00046142852725401616,0.00046121561096825224,0.4614285272540162,15,15,30,0.03076190181693441,0,0.0,5,0.00042959344591800654,0.0
bg,50,0.0009307787188830048,0.0009299123698594793,0.9307787188830048,27,27,54,0.034473285884555734,0,0.0,5,0.0007129411003408316,0.0
bg,50,0.0006589116064408245,0.000658477441935722,0.6589116064408245,18,18,36,0.03660620035782358,0,0.0,5,0.0005012628088537616,0.0
bg,50,0.0007639564417337822,0.0007633728122889158,0.7639564417337823,24,24,48,0.031831518405574265,0,0.0,5,0.0007078524556622714,0.0
bg,50,0.0006778572445569893,0.000677397754112991,0.6778572445569893,26,26,52,0.026071432482961125,0,0.0,5,0.0006798557196780141,0.0
bg,50,0.00036325390082316743,0.00036312194742670414,0.36325390082316744,20,20,40,0.01816269504115837,0,0.0,5,0.0003534270373538422,0.0
bg,50,0.000899934501141992,0.0008991246190356464,0.8999345011419919,32,32,64,0.028122953160687247,0,0.0,5,0.001158037052681978,0.0
bg,50,0.0007417126059430057,0.0007411624683531909,0.7417126059430057,27,27,54,0.02747083725714836,0,0.0,5,0.0009192421896210575,0.0
bg,50,0.0004947695361275919,0.000494524739233712,0.4947695361275919,17,17,34,0.02910409036044658,0,0.0,5,0.00046161415377095127,0.0
bg,50,0.0009154234926449476,0.0009145854924740613,0.9154234926449476,23,23,46,0.03980102141934555,0,0.0,5,0.0006875512478368385,0.0
bg,50,0.0010904829150901333,0.0010892937621020298,1.0904829150901332,26,26,52,0.04194165058038974,0,0.0,5,0.0010673305119358503,0.0
bg,50,0.0010485014887713917,0.0010474021333994358,1.0485014887713917,25,25,50,0.04194005955085567,0,0.0,5,0.0012250416400127158,0.0
bg,50,0.0007276925354117623,0.0007271629989856682,0.7276925354117623,29,29,58,0.025092846048681457,0,0.0,5,0.0007007773129138755,0.0
bg,50,0.000867617283363078,0.0008668645236126879,0.867617283363078,25,25,50,0.03470469133452312,0,0.0,5,0.0009384027748538714,0.0
bg,50,0.000494719929192037,0.0004944751813836972,0.494719929192037,17,17,34,0.029101172305413942,0,0.0,5,0.000421865755475717,0.0
bg,50,0.000839972091559794,0.0008392665384451947,0.8399720915597939,27,27,54,0.031110077465177553,0,0.0,5,0.000922833817984415,0.0
bg,50,0.00052127333091485,0.000521001605029327,0.5212733309148501,17,17,34,0.03066313711263824,0,0.0,5,0.0005297918578107757,0.0
bg,50,0.0009918891080902433,0.0009909052640874952,0.9918891080902432,30,30,60,0.03306297026967477,0,0.0,5,0.0011922730869043695,0.0
bg,50,0.0008690065450178537,0.0008682513726425698,0.8690065450178537,29,29,58,0.02996574293165013,0,0.0,5,0.0007007995024089956,0.0
bg,50,0.0006820980213393426,0.0006816327636286274,0.6820980213393426,28,28,56,0.024360643619262237,0,0.0,5,0.0007331034824451541,0.0
bg,50,0.0009381044645360928,0.0009372244245497101,0.9381044645360928,30,30,60,0.031270148817869756,0,0.0,5,0.00092553808840252,0.0
bg,50,0.0007223760415689747,0.0007218542144235416,0.7223760415689746,28,28,56,0.025799144341749094,0,0.0,5,0.0007454109085619809,0.0
bg,50,0.0012144651201200852,0.0012129901945920965,1.2144651201200851,33,33,66,0.03680197333697228,0,0.0,5,0.0010789824640350621,0.0
bg,50,0.0008497145877688865,0.0008489925728882194,0.8497145877688865,24,24,48,0.03540477449037027,0,0.0,5,0.000905385794066018,0.0
bg,50,0.0009305064125332194,0.0009296405703494539,0.9305064125332194,22,22,44,0.042295746024237246,0,0.0,5,0.0010351634860428292,0.0
bg,50,0.000628070301418715,0.0006276758291151907,0.628070301418715,18,18,36,0.034892794523261945,0,0.0,5,0.000614979194987767,0.0
bg,50,0.00040138406849601617,0.0004012229593255738,0.40138406849601616,16,16,32,0.02508650428100101,0,0.0,5,0.0004117002914273245,0.0
bg,50,0.000831311884458243,0.0008306208050090014,0.831311884458243,28,28,56,0.029689710159222966,0,0.0,5,0.0009406795509537166,0.0
bg,50,0.00045681073256349114,0.00045660205651810586,0.45681073256349114,19,19,38,0.024042670134920587,0,0.0,5,0.0005241862364154176,0.0
bg,50,0.001337135130538698,0.0013353472001813775,1.337135130538698,33,33,66,0.040519246379960544,0,0.0,5,0.0015293137932475584,0.0
bg,50,0.0005513720007767446,0.0005510679896935042,0.5513720007767446,18,18,36,0.030631777820930257,0,0.0,5,0.00040652674908163373,0.0
bg,50,0.0005640772982862074,0.0005637591150877656,0.5640772982862075,19,19,38,0.029688278857168814,0,0.0,5,0.00039332282923641156,0.0
bg,50,0.0009382526005011798,0.0009373722825588326,0.9382526005011798,35,35,70,0.026807217157176565,0,0.0,5,0.0009875546646516912,0.0
bg,50,0.0007113905574051209,0.0007108844808799558,0.7113905574051209,28,28,56,0.02540680562161146,0,0.0,5,0.0006627884918602383,0.0
bg,50,0.0006508606343749293,0.0006504370148095503,0.6508606343749292,22,22,44,0.029584574289769513,0,0.0,5,0.0007184561278653248,0.0
bg,50,0.0008960808284756352,0.0008952778676244737,0.8960808284756352,20,20,40,0.04480404142378176,0,0.0,5,0.0009833524343557665,0.0
bg,50,0.0006876392884548608,0.0006871664406638341,0.6876392884548608,22,22,44,0.031256331293402766,0,0.0,5,0.0008119793135155734,0.0
bg,50,0.0005317253846063324,0.0005314426527216977,0.5317253846063323,17,17,34,0.03127796380037249,0,0.0,5,0.0006136729921648318,0.0
bg,50,0.000893707163515856,0.0008929084510217364,0.893707163515856,29,29,58,0.030817488397098483,0,0.0,5,0.0008582895261388353,0.0
bg,50,0.0005625917118744325,0.0005622752024401628,0.5625917118744326,22,22,44,0.025572350539746935,0,0.0,5,0.0005977775008875751,0.0
bg,50,0.0006276551266079804,0.000627261175650023,0.6276551266079804,21,21,42,0.029888339362284782,0,0.0,5,0.0005564783023788271,0.0
bg,50,0.0008963246301098166,0.0008955212322672753,0.8963246301098167,26,26,52,0.03447402423499295,0,0.0,5,0.0008373612482579225,0.0
bg,50,0.0011783538399722673,0.00117696532220009,1.1783538399722673,37,37,74,0.03184740108033155,0,0.0,5,0.0011997319724779076,0.0
bg,50,0.000700706150906953,0.000700215161797034,0.700706150906953,23,23,46,0.030465484822041432,0,0.0,5,0.0007869348173298662,0.0
bg,50,0.0011970513645875513,0.0011956184326180903,1.1970513645875513,31,31,62,0.038614560147985526,0,0.0,5,0.0011370435548914198,0.0
bg,50,0.0008904721010914116,0.0008896791605285894,0.8904721010914116,23,23,46,0.03871617830832225,0,0.0,5,0.0008618737806380431,0.0
bg,50,0.000770870561470872,0.0007702763200483296,0.770870561470872,23,23,46,0.03351611136829878,0,0.0,5,0.0008988437930426219,0.0
bg,50,0.0005498489261093323,0.0005495465922677887,0.5498489261093322,18,18,36,0.03054716256162957,0,0.0,5,0.0005610671897815733,0.0
bg,50,0.0004297306934611953,0.00042954602499229263,0.4297306934611953,17,17,34,0.025278276085952664,0,0.0,5,0.00046842080664119106,0.0
bg,50,0.0007750893049741263,0.0007744885415434409,0.7750893049741263,25,25,50,0.031003572198965053,0,0.0,5,0.0007316240572468786,0.0
bg,50,0.0011187250097740957,0.0011174734641266016,1.1187250097740957,28,28,56,0.03995446463478913,0,0.0,5,0.0010859137345736387,0.0
bg,50,0.0007345585330226072,0.0007340189567841709,0.7345585330226072,22,22,44,0.033389024228300326,0,0.0,5,0.0006528702161093948,0.0
bg,50,0.0008788518057198189,0.0009142786441284417,0.8788518057198189,24,24,48,0.03661882523832579,0,0.0,5,0.0010312673316997059,0.0
bg,50,0.0007762510223996522,0.0007756484567498758,0.7762510223996522,24,24,48,0.03234379259998551,0,0.0,5,0.0007637233902949298,0.0
bg,50,0.0010851620335852426,0.001083984456946108,1.0851620335852425,28,28,56,0.03875578691375866,0,0.0,5,0.0011941003254037088,0.0
bg,50,0.0010096907370756192,0.0010086712616910827,1.0096907370756192,26,26,52,0.038834259118293045,0,0.0,5,0.0008134948661781062,0.0
bg,50,0.0009255167451899382,0.0009246601639443111,0.9255167451899382,26,26,52,0.0355967978919207,0,0.0,5,0.0007434982540066921,0.0
bg,50,0.0009408988651098085,0.0009400135744354435,0.9408988651098085,30,30,60,0.03136329550366028,0,0.0,5,0.0006490659318364535,0.0
bg,50,0.0006913264785337443,0.0006908485462338225,0.6913264785337443,26,26,52,0.02658947994360555,0,0.0,5,0.0006602493795932036,0.0
bg,50,0.0002793922965172229,0.0002793142364618697,0.27939229651722286,13,13,26,0.02149171511670945,0,0.0,5,0.00031117605385835146,0.0
bg,50,0.0005156682175854286,0.000515402303874801,0.5156682175854286,17,17,34,0.03033342456384874,0,0.0,5,0.0004030301954089383,0.0
bg,50,0.0007303496107319347,0.0007298162001780384,0.7303496107319347,20,20,40,0.03651748053659674,0,0.0,5,0.0010561433993948467,0.0
bg,50,0.0007148151097682387,0.0007143041491270858,0.7148151097682387,22,22,44,0.032491595898556304,0,0.0,5,0.000693551805525268,0.0
bg,50,0.0009757613963058156,0.0009748092860032949,0.9757613963058156,24,24,48,0.04065672484607565,0,0.0,5,0.000937510763966907,0.0
bg,50,0.0009742478257417754,0.0009732986669158131,0.9742478257417755,31,31,62,0.03142734921747663,0,0.0,5,0.0008015941271584936,0.0
bg,50,0.001008395767310187,0.001007378905286658,1.008395767310187,28,28,56,0.0360141345467924,0,0.0,5,0.0009518527116251762,0.0
bg,50,0.0008671805425263131,0.0008664285404329769,0.867180542526313,33,33,66,0.026278198258373124,0,0.0,5,0.0006955264150585661,0.0
bg,50,0.0010510559331456185,0.001049951214571018,1.0510559331456184,29,29,58,0.03624330803950408,0,0.0,5,0.000859690924496813,0.0
bg,50,0.0008308619312856961,0.0008301715997368366,0.8308619312856962,28,28,56,0.02967364040306058,0,0.0,5,0.0006103872268894413,0.0
bg,50,0.0007661650453775444,0.0007655780365007861,0.7661650453775444,20,20,40,0.03830825226887722,0,0.0,5,0.0005868150379963525,0.0
bg,50,0.0005234048457583071,0.0005231308931257438,0.5234048457583071,14,14,28,0.03738606041130765,0,0.0,5,0.0004659748547790064,0.0
bg,50,0.0006575730859711655,0.0006571406836077718,0.6575730859711655,24,24,48,0.027398878582131896,0,0.0,5,0.0006662944494478751,0.0
bg,50,0.0008854266297850763,0.000884642649468344,0.8854266297850764,29,29,58,0.03053195275120953,0,0.0,5,0.0008386577287925063,0.0
bg,50,0.000972128154792606,0.0009711831216432653,0.972128154792606,23,23,46,0.042266441512722,0,0.0,5,0.0010071217287413803,0.0
bg,50,0.0007245615011149838,0.0007240365117460857,0.7245615011149837,24,24,48,0.030190062546457657,0,0.0,5,0.0006441524631478578,0.0
bg,50,0.0006274885839838458,0.0006270948420608156,0.6274885839838458,22,22,44,0.02852220836290208,0,0.0,5,0.0005744991034411362,0.0
bg,50,0.0004954448311818745,0.0004951993656011295,0.49544483118187443,19,19,38,0.026076043746414444,0,0.0,5,0.000394557037612099,0.0
bg,50,0.0009691432358010319,0.000968203997189533,0.9691432358010319,22,22,44,0.04405196526368327,0,0.0,5,0.0008305753456929286,0.0
bg,50,0.0010749974879349083,0.0010738418683358417,1.0749974879349082,27,27,54,0.03981472177536697,0,0.0,5,0.0009961219356669233,0.0
bg,50,0.000788408368222715,0.0007877867804676314,0.788408368222715,25,25,50,0.0315363347289086,0,0.0,5,0.0008945600294485107,0.0
bg,50,0.0006565471144173784,0.0006561160603039286,0.6565471144173785,19,19,38,0.03455511128512518,0,0.0,5,0.0003776877109937856,0.0
bg,50,0.0006536289491569289,0.000653201718353753,0.6536289491569289,23,23,46,0.028418649963344735,0,0.0,5,0.0006461787126162595,0.0
bg,50,0.0005646878998509877,0.0005643690274267496,0.5646878998509877,21,21,42,0.026889899992904174,0,0.0,5,0.000529566251379141,0.0
bg,50,0.0006937730569811507,0.0006932917359265577,0.6937730569811507,24,24,48,0.028907210707547943,0,0.0,5,0.0006326045439589488,0.0
bg,50,0.0006097291821178459,0.0006093574124423197,0.6097291821178459,18,18,36,0.03387384345099144,0,0.0,5,0.000505262828905539,0.0
bg,50,0.00042132225179838056,0.00042114473935852,0.42132225179838056,17,17,34,0.024783661870492975,0,0.0,5,0.0003628145703052865,0.0
bg,50,0.0006768865565775605,0.0006764283811670852,0.6768865565775606,26,26,52,0.026034098329906177,0,0.0,5,0.0005222826085115734,0.0
bg,50,0.0007495962581926676,0.0007490343636423711,0.7495962581926676,19,19,38,0.039452434641719346,0,0.0,5,0.000904601899852947,0.0
bg,50,0.0009194896744093422,0.0009186442131479968,0.9194896744093422,30,30,60,0.03064965581364474,0,0.0,5,0.0009304047678381343,0.0
bg,50,0.0007820161428084944,0.0007814045935608813,0.7820161428084944,29,29,58,0.026966073889948084,0,0.0,5,0.000764289881619538,0.0
bg,50,0.0007372130293662718,0.0007366695463156044,0.7372130293662718,25,25,50,0.02948852117465087,0,0.0,5,0.0005104571029083343,0.0
bg,50,0.0008243357003590299,0.0008236561710121437,0.8243357003590299,16,16,32,0.05152098127243937,0,0.0,5,0.0007950171066136257,0.0
bg,50,0.0008311825498639962,0.0008304916854327977,0.8311825498639962,21,21,42,0.039580121422095056,0,0.0,5,0.0009632816452748818,0.0
bg,50,0.0007697199087141939,0.0007691274399763227,0.7697199087141939,27,27,54,0.028508144767192368,0,0.0,5,0.0007141059088074734,0.0
bg,50,0.0009520705133376097,0.0009511640750752429,0.9520705133376097,31,31,62,0.0307119520431487,0,0.0,5,0.0009728861848360328,0.0
bg,50,0.0009337722934846955,0.0009329003627886158,0.9337722934846955,22,22,44,0.04244419515839525,0,0.0,5,0.0008505709641733764,0.0
bg,50,0.0008416642707932312,0.0008409558720485013,0.8416642707932311,29,29,58,0.029022905889421764,0,0.0,5,0.0007538347390425745,0.0
bg,50,0.0014103038441798752,0.001408314887246967,1.4103038441798752,34,34,68,0.04147952482881986,0,0.0,5,0.0012802670277222363,0.0
bg,50,0.0007707892299896955,0.0007701951139526273,0.7707892299896955,24,24,48,0.03211621791623731,0,0.0,5,0.0007216749705860045,0.0
bg,50,0.0008375903208845799,0.0008368887633389402,0.8375903208845799,22,22,44,0.038072287312935445,0,0.0,5,0.0004957980190974967,0.0
bg,50,0.0011377293824978137,0.0011364349543500148,1.1377293824978136,34,34,68,0.03346262889699452,0,0.0,5,0.001279159551902773,0.0
bg,50,0.000783534336478155,0.0007829204104217148,0.7835343364781551,21,21,42,0.03731115887991215,0,0.0,5,0.0006263378176673604,0.0
bg,50,0.0006557799121348982,0.0006553498648417385,0.6557799121348982,25,25,50,0.026231196485395927,0,0.0,5,0.0004916239311819671,0.0
bg,50,0.0006200859822793419,0.0006197014756539226,0.6200859822793419,21,21,42,0.029527903918063897,0,0.0,5,0.0004612179215284683,0.0
bg,50,0.000823172953179471,0.0008224953394686247,0.8231729531794709,23,23,46,0.03579012839910743,0,0.0,5,0.0006363571537872108,0.0
bg,50,0.0008017673533260847,0.0008011245224372252,0.8017673533260847,25,25,50,0.03207069413304339,0,0.0,5,0.0009840189484102702,0.0
bg,50,0.0009801133891335833,0.0009791527668780243,0.9801133891335834,27,27,54,0.036300495893836424,0,0.0,5,0.0009173649555657991,0.0
bg,50,0.0007312479652917361,0.0007307132417049927,0.7312479652917361,25,25,50,0.029249918611669444,0,0.0,5,0.0009232020082621333,0.0
bg,50,0.001080210256100367,0.0010790434019029825,1.0802102561003668,28,28,56,0.03857893771787024,0,0.0,5,0.0014599906203631387,0.0
bg,50,0.001135307023823497,0.0011340181017851537,1.135307023823497,27,27,54,0.04204840828975915,0,0.0,5,0.0010332025671229816,0.0
bg,50,0.0008943641297418736,0.0008935642425453048,0.8943641297418736,25,25,50,0.035774565189674944,0,0.0,5,0.0008890957110316982,0.0
bg,50,0.0008370233798213924,0.0008363227716830247,0.8370233798213924,22,22,44,0.03804651726460875,0,0.0,5,0.0010160310067962044,0.0
bg,50,0.0009434310914744479,0.0009425410292500872,0.9434310914744479,27,27,54,0.03494189227683141,0,0.0,5,0.0010524963765536953,0.0
bg,50,0.000783331654160758,0.0007827180456803476,0.783331654160758,25,25,50,0.03133326616643032,0,0.0,5,0.0006788217425769173,0.0
bg,50,0.0009169125839920582,0.0009160718553053754,0.9169125839920582,26,26,52,0.03526586861507916,0,0.0,5,0.001056616607317743,0.0
bg,50,0.0006510461107609622,0.0006506222497226253,0.6510461107609622,24,24,48,0.027126921281706757,0,0.0,5,0.0005391723642348425,0.0
bg,50,0.0010010655461887056,0.0010000634139609391,1.0010655461887055,27,27,54,0.037076501710692794,0,0.0,5,0.0007682289486032512,0.0
bg,50,0.0005945425336919641,0.0005941890528675952,0.5945425336919641,25,25,50,0.023781701347678562,0,0.0,5,0.000611737466494949,0.0
bg,50,0.0011025278234577912,0.0011013122558562924,1.102527823457791,27,27,54,0.04083436383177004,0,0.0,5,0.0008405629168818028,0.0
bg,50,0.0009645622963909091,0.00096363191596729,0.9645622963909091,34,34,68,0.028369479305614974,0,0.0,5,0.0009399941339861472,0.0
bg,50,0.0008474300962006236,0.0008467119584326771,0.8474300962006236,26,26,52,0.032593465238485525,0,0.0,5,0.0006823664324078173,0.0
bg,50,0.0009622156024579596,0.0009612897435923462,0.9622156024579596,20,20,40,0.048110780122897975,0,0.0,5,0.0008655984442580515,0.0
bg,50,0.0013002199910857434,0.0012985294190605242,1.3002199910857435,29,29,58,0.04483517210640495,0,0.0,5,0.0012421306774048752,0.0
bg,50,0.0007681934987087189,0.0007676033774572605,0.7681934987087189,29,29,58,0.026489430989955823,0,0.0,5,0.0009705953397012549,0.0
bg,50,0.0006016894967269009,0.0006013274664764294,0.6016894967269009,29,29,58,0.02074791368023796,0,0.0,5,0.0006507496247317192,0.0
bg,50,0.0010880646976343447,0.0010868808128481065,1.0880646976343447,32,32,64,0.03400202180107327,0,0.0,5,0.0010502573740182426,0.0
bg,50,0.0009098626873797037,0.000909034837269818,0.9098626873797038,16,16,32,0.056866417961231486,0,0.0,5,0.000838839395221461,0.0
bg,50,0.00040446214780039114,0.00040429855817138773,0.40446214780039114,20,20,40,0.020223107390019555,0,0.0,5,0.00033726003086223023,0.0
bg,50,0.0008452986491107381,0.0008445841193045496,0.8452986491107382,22,22,44,0.038422665868669915,0,0.0,5,0.0007265213614574864,0.0
bg,50,0.0007289884576498196,0.000728457033478433,0.7289884576498196,25,25,50,0.029159538305992782,0,0.0,5,0.0008031395065642606,0.0
bg,50,0.0012992731236740377,0.0012975850130241353,1.2992731236740376,28,28,56,0.04640261155978705,0,0.0,5,0.0013526361819528137,0.0
bg,50,0.0011840888064788056,0.0011826867401771772,1.1840888064788055,35,35,70,0.033831108756537304,0,0.0,5,0.0016451282593698236,0.0
bg,50,0.0008599436723585683,0.0008592041692389387,0.8599436723585683,21,21,42,0.04094969868374135,0,0.0,5,0.0010836488322726716,0.0
bg,50,0.000616476767038205,0.000616096723433907,0.616476767038205,25,25,50,0.0246590706815282,0,0.0,5,0.00048150922108634907,0.0
bg,50,0.0012592386516398477,0.0012576529696580643,1.2592386516398477,31,31,62,0.04062060166580154,0,0.0,5,0.0012122516028797367,0.0
bg,50,0.0007365880897663075,0.000736045527752322,0.7365880897663075,24,24,48,0.03069117040692948,0,0.0,5,0.0009767974077762808,0.0
bg,50,0.0004637407458026672,0.00046352569032334954,0.4637407458026672,17,17,34,0.027278867400156896,0,0.0,5,0.00043269563715487777,0.0
bg,50,0.0006461808739470208,0.000645763324225166,0.6461808739470207,22,22,44,0.02937185790668276,0,0.0,5,0.000684255417664325,0.0
bg,50,0.00033370120057979593,0.0003335898440885275,0.3337012005797959,19,19,38,0.017563221083147153,0,0.0,5,0.0002903017719764222,0.0
bg,50,0.000991075953035022,0.0009900937214903376,0.9910759530350219,29,29,58,0.03417503286327662,0,0.0,5,0.001031821490712875,0.0
bg,50,0.0008168119639043567,0.0008161447821199794,0.8168119639043567,27,27,54,0.03025229495942062,0,0.0,5,0.0007737293493640889,0.0
bg,50,0.0008427354864633241,0.0008420252833631796,0.8427354864633241,27,27,54,0.03121242542456756,0,0.0,5,0.0009082782548846556,0.0
bg,50,0.0009411127827929597,0.0009402270895230234,0.9411127827929597,30,30,60,0.03137042609309866,0,0.0,5,0.0008125746645384773,0.0
bg,50,0.0009708109003101626,0.0009698684265060016,0.9708109003101626,26,26,52,0.0373388807811601,0,0.0,5,0.0009790630460584477,0.0
bg,50,0.0009608253116581888,0.0009599021263786657,0.9608253116581889,30,30,60,0.032027510388606295,0,0.0,5,0.0008100386531544256,0.0
bg,50,0.0006708774777560933,0.000670427401165933,0.6708774777560933,22,22,44,0.03049443080709515,0,0.0,5,0.0008307624768352259,0.0
bg,50,0.00093902651545379,0.0009381447446570648,0.93902651545379,26,26,52,0.03611640444053039,0,0.0,5,0.0010902372181298635,0.0
bg,50,0.0008457351143871534,0.0008450198465034459,0.8457351143871534,21,21,42,0.04027310068510254,0,0.0,5,0.000994237505777654,0.0
bg,50,0.0013123340121890363,0.0013106117916294882,1.3123340121890363,25,25,50,0.05249336048756145,0,0.0,5,0.0012868585516451012,0.0
bg,50,0.0011480831343685907,0.0011467650394851692,1.1480831343685907,28,28,56,0.04100296908459252,0,0.0,5,0.0011379297191004302,0.0
bg,50,0.0009203285832261164,0.0009194815785250135,0.9203285832261163,32,32,64,0.028760268225816135,0,0.0,5,0.0008504399442567709,0.0
bg,50,0.001027793387779262,0.0010267370285312993,1.027793387779262,24,24,48,0.04282472449080258,0,0.0,5,0.0012897717543520837,0.0
bg,50,0.0008175427650739273,0.0008168743889012027,0.8175427650739273,30,30,60,0.027251425502464243,0,0.0,5,0.0008337773355245322,0.0
bg,50,0.001065668402297117,0.0010645327531534623,1.065668402297117,32,32,64,0.03330213757178491,0,0.0,5,0.0013637642970708843,0.0
bg,50,0.00062506466101134,0.0006246739551808948,0.62506466101134,26,26,52,0.02404094850043615,0,0.0,5,0.0005445975702374165,0.0
bg,50,0.0007595486416586343,0.0007589717275195888,0.7595486416586343,22,22,44,0.034524938257210654,0,0.0,5,0.0007614532984055947,0.0
bg,50,0.0007076668241059849,0.0007071660317720447,0.7076668241059849,19,19,38,0.037245622321367626,0,0.0,5,0.0006800444310095749,0.0
bg,50,0.000530192411580579,0.0005299113075872815,0.5301924115805791,14,14,28,0.03787088654146993,0,0.0,5,0.0005508558737437661,0.0
bg,50,0.0007761725628846108,0.0007755701190372359,0.7761725628846108,25,25,50,0.03104690251538443,0,0.0,5,0.0006465917375222648,0.0
bg,50,0.0005350815382444251,0.0005347952259918552,0.5350815382444252,22,22,44,0.024321888102019327,0,0.0,5,0.0006157194533893064,0.0
bg,50,0.0006200865566900973,0.0006197020493523094,0.6200865566900973,23,23,46,0.02696028507348249,0,0.0,5,0.0005179679514590883,0.0
bg,50,0.0007947695091201732,0.0007941378505475461,0.7947695091201732,28,28,56,0.02838462532572047,0,0.0,5,0.000943593791257265,0.0
bg,50,0.0006195649311126683,0.0006191810704088037,0.6195649311126683,22,22,44,0.028162042323303105,0,0.0,5,0.0005052080768607077,0.0
bg,50,0.0005802936269625718,0.0005799568862690785,0.5802936269625718,20,20,40,0.02901468134812859,0,0.0,5,0.000610184574584554,0.0
bg,50,0.0006050211074443261,0.0006046550569038728,0.6050211074443261,21,21,42,0.028810528925920294,0,0.0,5,0.0004369366184462044,0.0
bg,50,0.0009545599467205434,0.0009536487620286603,0.9545599467205435,27,27,54,0.035354072100760865,0,0.0,5,0.0008389456705068868,0.0
bg,50,0.0005431504065910593,0.0005428553942268792,0.5431504065910593,18,18,36,0.03017502258839218,0,0.0,5,0.0005428824575994812,0.0
bg,50,0.0010025397865776854,0.001001534700554014,1.0025397865776853,33,33,66,0.03037999353265713,0,0.0,5,0.0009973107469954752,0.0
bg,50,0.0010287648725363088,0.001027706515373344,1.0287648725363088,26,26,52,0.039567879712934954,0,0.0,5,0.0010757465856945047,0.0
bg,50,0.00043860059349296775,0.0004384082230123554,0.43860059349296776,12,12,24,0.03655004945774731,0,0.0,5,0.0001948057819899303,0.0
bg,50,0.0009761549015590169,0.0009752020231671793,0.976154901559017,27,27,54,0.03615388524292656,0,0.0,5,0.0007565330412116762,0.0
bg,50,0.0006348673634463111,0.0006344643068771417,0.6348673634463111,26,26,52,0.02441797551716581,0,0.0,5,0.0006440658561359261,0.0
bg,50,0.0011111688767242573,0.0011099341804516568,1.1111688767242573,37,37,74,0.030031591262817767,0,0.0,5,0.0013615829433775493,0.0
bg,50,0.0009392801369515169,0.0009383978897758453,0.9392801369515169,29,29,58,0.03238897023970748,0,0.0,5,0.0011078824677352387,0.0
bg,50,0.0007340423265999761,0.0007335035084627357,0.734042326599976,19,19,38,0.038633806663156633,0,0.0,5,0.0006889913437538245,0.0
bg,50,0.00105142720495901,0.0010503217057916824,1.05142720495901,26,26,52,0.04043950788303885,0,0.0,5,0.0012699918560942674,0.0
bg,50,0.0010126544747493115,0.0010116290056640816,1.0126544747493114,30,30,60,0.03375514915831038,0,0.0,5,0.001067326719917641,0.0
bg,50,0.001129138073636881,0.0011278631208475444,1.1291380736368808,26,26,52,0.04342838744757234,0,0.0,5,0.0008167133609245517,0.0
bg,50,0.000951634053424705,0.0009507284460530675,0.951634053424705,26,26,52,0.03660130974710404,0,0.0,5,0.0011594544908513245,0.0
bg,50,0.000883628028674208,0.0008828472301811492,0.883628028674208,32,32,64,0.027613375896069,0,0.0,5,0.0010196429884274305,0.0
bg,50,0.0007567148518021654,0.0007561422344352274,0.7567148518021654,21,21,42,0.036034040562007874,0,0.0,5,0.0006116215885670418,0.0
bg,50,0.0008734699982536825,0.0008727070484158332,0.8734699982536825,31,31,62,0.028176451556570406,0,0.0,5,0.0010277763434608793,0.0
bg,50,0.0007291845170019968,0.0007286528069421614,0.7291845170019968,25,25,50,0.029167380680079874,0,0.0,5,0.0007647585567010937,0.0
bg,50,0.0008326271989189991,0.0008319339308666193,0.8326271989189991,31,31,62,0.026858941900612873,0,0.0,5,0.0009827524155718002,0.0
bg,50,0.000637331026984838,0.0006369248361468806,0.637331026984838,25,25,50,0.02549324107939352,0,0.0,5,0.0007417877100568526,0.0
bg,50,0.0006483344553947794,0.0006479141178287274,0.6483344553947794,21,21,42,0.030873069304513306,0,0.0,5,0.0006038275596939328,0.0
bg,50,0.0004729629026497051,0.0004727392087424221,0.4729629026497051,19,19,38,0.024892784349984477,0,0.0,5,0.0003975220452568604,0.0
bg,50,0.0008159068815168098,0.0008152411774775034,0.8159068815168098,24,24,48,0.03399612006320041,0,0.0,5,0.0009400245995514428,0.0
bg,50,0.0007051202232169978,0.0007046230286878082,0.7051202232169977,24,24,48,0.029380009300708238,0,0.0,5,0.0005924102982811762,0.0
bg,50,0.0010388785517412315,0.0010377992830959636,1.0388785517412316,30,30,60,0.034629285058041054,0,0.0,5,0.0011150770182751484,0.0
bg,50,0.0008625264856819328,0.00086178253374343,0.8625264856819328,27,27,54,0.03194542539562714,0,0.0,5,0.0009493699745296769,0.0
bg,50,0.000490075188355263,0.0004898350146650215,0.490075188355263,21,21,42,0.023336913731202998,0,0.0,5,0.00047267928746050006,0.0
bg,50,0.0006767338018102151,0.0006762758331717027,0.6767338018102151,25,25,50,0.027069352072408605,0,0.0,5,0.0007726975298602934,0.0
bg,50,0.000775643550448173,0.0007750419275308211,0.7756435504481729,19,19,38,0.040823344760430154,0,0.0,5,0.0009333329410565208,0.0
bg,50,0.0008271378082157668,0.0008264536512619867,0.8271378082157668,26,26,52,0.03181299262368334,0,0.0,5,0.0008054897554198669,0.0
bg,50,0.0005431943906555716,0.0005428993305095321,0.5431943906555716,20,20,40,0.02715971953277858,0,0.0,5,0.0006732905207663282,0.0
bg,50,0.0004679847868691311,0.0004677657771083902,0.46798478686913114,17,17,34,0.02752851687465477,0,0.0,5,0.00043489490697926894,0.0
bg,50,0.0005786692544131675,0.0005783343963071645,0.5786692544131675,23,23,46,0.025159532800572502,0,0.0,5,0.0006089440897049333,0.0
bg,50,0.0005926739576058679,0.000592322695185844,0.5926739576058679,18,18,36,0.032926330978103775,0,0.0,5,0.0007694546256704223,0.0
bg,50,0.0009165897468247444,0.00091574961006076,0.9165897468247444,28,28,56,0.03273534810088373,0,0.0,5,0.0012365361987253824,0.0
bg,50,0.0009612009988572226,0.0009602770914970183,0.9612009988572225,34,34,68,0.02827061761344772,0,0.0,5,0.0007287229702677635,0.0
bg,50,0.0007169309106434856,0.0007164169207128495,0.7169309106434856,20,20,40,0.03584654553217428,0,0.0,5,0.0010375899276654171,0.0
bg,50,0.0007688637807844217,0.0007682726292710196,0.7688637807844216,21,21,42,0.036612560989734366,0,0.0,5,0.0009169427545858752,0.0
bg,50,0.0007041605943280977,0.0007036647521854933,0.7041605943280977,21,21,42,0.03353145687276656,0,0.0,5,0.0007433351062564485,0.0
bg,50,0.0005896038162964122,0.000589256183636221,0.5896038162964121,21,21,42,0.028076372204591055,0,0.0,5,0.0004612890313928466,0.0
bg,50,0.00043148799515363835,0.0004313018132636766,0.43148799515363834,18,18,36,0.023971555286313243,0,0.0,5,0.00042078602049716514,0.0
bg,50,0.0010349211698980057,0.0010338501080701026,1.0349211698980056,35,35,70,0.02956917628280016,0,0.0,5,0.0010491013242911488,0.0
bg,50,0.0010090515364812598,0.0010080333514779847,1.0090515364812598,32,32,64,0.03153286051503937,0,0.0,5,0.0008847742565075561,0.0
bg,50,0.000636648431424888,0.0006362431101996521,0.6366484314248879,18,18,36,0.03536935730138266,0,0.0,5,0.0005721400208669986,0.0
bg,50,0.0009553723556917006,0.0009544596193536808,0.9553723556917006,19,19,38,0.05028275556272108,0,0.0,5,0.0008913764241529423,0.0
bg,50,0.0005134503597807623,0.0005131867285088032,0.5134503597807623,16,16,32,0.03209064748629764,0,0.0,5,0.0003840774641504643,0.0
bg,50,0.0005823399539872867,0.0005820008341652768,0.5823399539872867,24,24,48,0.02426416474947028,0,0.0,5,0.0005420932059145026,0.0
bg,50,0.0007340709768672813,0.0007335321166682024,0.7340709768672813,28,28,56,0.026216820602402904,0,0.0,5,0.0007283801800800138,0.0
bg,50,0.0012005316423471441,0.0011990903661228678,1.2005316423471442,26,26,52,0.04617429393642862,0,0.0,5,0.0011801249992789244,0.0
bg,50,0.0010477816044684757,0.001046683758177813,1.0477816044684758,30,30,60,0.034926053482282525,2,0.002,5,0.000972311300282878,1.8377420020540538
bg,50,0.0007231579248956877,0.0007226349675113483,0.7231579248956876,21,21,42,0.03443609166169941,0,0.0,5,0.0008701971539604833,0.0
bg,50,0.0008437350016269711,0.0008430231128740008,0.8437350016269711,25,25,50,0.033749400065078844,0,0.0,5,0.0009954226661673523,0.0
bg,50,0.0009369315195980903,0.0009360536789256739,0.9369315195980903,24,24,48,0.039038813316587095,0,0.0,5,0.0009291631397463349,0.0
bg,50,0.001264208904796928,0.00126261068064196,1.264208904796928,32,32,64,0.039506528274904,0,0.0,5,0.0013215963655845884,0.0
bg,50,0.0007180284244386605,0.0007175128596203586,0.7180284244386606,27,27,54,0.02659364534958002,0,0.0,5,0.000584968310405169,0.0
bg,50,0.000690821285557277,0.0006903440515086981,0.6908212855572771,20,20,40,0.03454106427786385,0,0.0,5,0.0006438898557235705,0.0
bg,50,0.0005138062446537077,0.0005135422477966626,0.5138062446537077,19,19,38,0.02704243392914251,0,0.0,5,0.0006298033572774348,0.0
bg,50,0.0012410240231857017,0.0012394838825595777,1.2410240231857017,30,30,60,0.04136746743952339,0,0.0,5,0.0010873987568146826,0.0
bg,50,0.0012892209324296467,0.001287558841817032,1.2892209324296466,37,37,74,0.03484380898458504,0,0.0,5,0.0011551639554808458,0.0
bg,50,0.0007418559123682655,0.0007413055621735497,0.7418559123682655,25,25,50,0.02967423649473062,0,0.0,5,0.0006242026278688063,0.0
bg,50,0.0005742414143692613,0.0005739116611672846,0.5742414143692613,19,19,38,0.03022323233522428,0,0.0,5,0.0006742847159803492,0.0
bg,50,0.0008879253066507502,0.0008871368953005593,0.8879253066507502,26,26,52,0.034150973332721164,0,0.0,5,0.0007868754616020326,0.0
bg,50,0.000921724994676647,0.0009208754177108352,0.921724994676647,19,19,38,0.048511841825086686,0,0.0,5,0.001004127276604039,0.0
bg,50,0.0008933716419478097,0.0008925735290571732,0.8933716419478097,30,30,60,0.029779054731593656,0,0.0,5,0.0007985194025339592,0.0
bg,50,0.0008521445756335226,0.0008514184252557409,0.8521445756335226,29,29,58,0.02938429571150078,0,0.0,5,0.0009038455839438859,0.0
bg,50,0.0008655658991950474,0.0008648166948691982,0.8655658991950475,23,23,46,0.037633299965002066,0,0.0,5,0.0008709816735127591,0.0
bg,50,0.0008259303163262501,0.0008252481554388234,0.8259303163262501,23,23,46,0.03591001375331522,0,0.0,5,0.0007418002781965785,0.0
bg,50,0.0007200168533272428,0.0007194984290581676,0.7200168533272429,22,22,44,0.03272803878760195,0,0.0,5,0.0006953806864614574,0.0
bg,50,0.0011052579302885165,0.0011040363351960507,1.1052579302885164,26,26,52,0.04250992039571217,0,0.0,5,0.0011511516963368556,0.0
bg,50,0.0007371370231394394,0.0007365936521485564,0.7371370231394394,27,27,54,0.027301371227386646,0,0.0,5,0.0006146654359517156,0.0
bg,50,0.001044955527443971,0.0010438635953896353,1.044955527443971,33,33,66,0.031665319013453666,0,0.0,5,0.0011794381672472218,0.0
bg,50,0.0003642616506631171,0.0003641289641129733,0.3642616506631171,14,14,28,0.026018689333079794,0,0.0,5,0.0004090607607558854,0.0
bg,50,0.0012528223769797434,0.0012512528130714821,1.2528223769797435,42,42,84,0.029829104213803418,0,0.0,5,0.00097183600394178,0.0
bg,50,0.0006275358115745746,0.0006271420103797659,0.6275358115745746,16,16,32,0.03922098822341091,0,0.0,5,0.0007191333951644883,0.0
bg,50,0.0009651575667915325,0.0009642260376627976,0.9651575667915324,26,26,52,0.0371214448765974,0,0.0,5,0.0010555478252571712,0.0
bg,50,0.0006830347529721124,0.0006825682164983447,0.6830347529721124,29,29,58,0.023552922516279738,0,0.0,5,0.0008611417449477009,0.0
bg,50,0.000792661779494825,0.0007920334667981532,0.792661779494825,27,27,54,0.02935784368499352,0,0.0,5,0.000738424406455477,0.0
bg,50,0.0007119504370972081,0.0007114435636723253,0.7119504370972081,24,24,48,0.029664601545717,0,0.0,5,0.0007857926599068573,0.0
bg,50,0.0007713425738160069,0.0007707476044498259,0.7713425738160069,19,19,38,0.040596977569263525,0,0.0,5,0.000796235764829557,0.0
bg,50,0.001141495642330206,0.001140192630028747,1.1414956423302058,31,31,62,0.03682244007516793,0,0.0,5,0.0009996550990869493,0.0
bg,50,0.000428095310895344,0.00042791204530013345,0.42809531089534403,13,13,26,0.03293040853041108,0,0.0,5,0.0004367460127003913,0.0
bg,50,0.0008733155041260439,0.0008725528241562968,0.8733155041260439,20,20,40,0.043665775206302194,0,0.0,5,0.0011540296216250039,0.0
bg,50,0.0006459927840374511,0.0006455754773604227,0.6459927840374511,28,28,56,0.023071170858480396,0,0.0,5,0.0007376773620574554,0.0
bg,50,0.0007199029174893034,0.0007193846572786937,0.7199029174893035,22,22,44,0.03272285988587743,0,0.0,5,0.0007838335703832656,0.0
bg,50,0.0009373632380394028,0.0009364845881993751,0.9373632380394028,28,28,56,0.033477258501407245,0,0.0,5,0.0008533345801271417,0.0
bg,50,0.0007280044299358756,0.0007274744394858692,0.7280044299358757,23,23,46,0.03165236651895111,0,0.0,5,0.0007015492010169825,0.0
bg,50,0.0008669366336973834,0.0008661850545705368,0.8669366336973834,28,28,56,0.030962022632049408,0,0.0,5,0.0008796708812637445,0.0
bg,50,0.0009542430740870209,0.0009533324942425781,0.9542430740870209,28,28,56,0.03408010978882218,0,0.0,5,0.001133268920842341,0.0
bg,50,0.0009144858469966793,0.000913649562632322,0.9144858469966793,29,29,58,0.03153399472402343,0,0.0,5,0.0009890316214496442,0.0
bg,50,0.0010444303120950593,0.0010433394774182361,1.0444303120950593,27,27,54,0.03868260415166886,0,0.0,5,0.0011174623484995793,0.0
bg,50,0.0014041267189314013,0.0014021551470885843,1.4041267189314013,32,32,64,0.04387895996660629,0,0.0,5,0.00131488367999961,0.0
bg,50,0.0008961390161517712,0.000895335951015502,0.8961390161517713,28,28,56,0.03200496486256326,0,0.0,5,0.0007685821709516191,0.0
bg,50,0.0007504479087871375,0.0007498847367233345,0.7504479087871374,24,24,48,0.031268662866130725,0,0.0,5,0.0008208665779638624,0.0
bg,50,0.0012722643692522607,0.0012706457126269919,1.2722643692522606,32,32,64,0.039758261539133144,0,0.0,5,0.0009694214634366644,0.0
bg,50,0.0008635287619186513,0.0008627830799959906,0.8635287619186514,22,22,44,0.039251307359938696,0,0.0,5,0.0008129638658349137,0.0
bg,50,0.0008162184641618211,0.0008155522515805824,0.8162184641618211,32,32,64,0.02550682700505691,0,0.0,5,0.0008331696891854066,0.0
bg,50,0.0008281512472530057,0.0008274654127646789,0.8281512472530057,23,23,46,0.036006575967521985,0,0.0,5,0.0007553039655495221,0.0
bg,50,0.0006985219601051185,0.0006980340271763694,0.6985219601051185,22,22,44,0.031750998186596296,0,0.0,5,0.0005867182400822234,0.0
bg,50,0.0007386606306073418,0.0007381150110801326,0.7386606306073418,24,24,48,0.030777526275305906,0,0.0,5,0.0008278602888236072,0.0
bg,50,0.0006569611749084938,0.0006565295769231565,0.6569611749084938,23,23,46,0.02856352934384756,0,0.0,5,0.0007333297589291994,0.0
bg,50,0.0007218823786111272,0.000721361264442578,0.7218823786111273,27,27,54,0.026736384393004714,0,0.0,5,0.0007770456884686066,0.0
bg,50,0.0006824563320472681,0.0006819905854021168,0.6824563320472681,24,24,48,0.028435680501969502,0,0.0,5,0.0006917394376834321,0.0
bg,50,0.0006401884094234767,0.0006397785682239164,0.6401884094234767,16,16,32,0.04001177558896729,0,0.0,5,0.0007438385295353413,0.0
bg,50,0.0013365061255117717,0.0013347198768882413,1.3365061255117716,39,39,78,0.034269387833635166,0,0.0,5,0.0008944935390624488,0.0
bg,50,0.0010230221485637702,0.0010219755742473182,1.0230221485637703,30,30,60,0.03410073828545901,0,0.0,5,0.0012331593091728093,0.0
bg,50,0.0007333140955203668,0.000732776345957678,0.7333140955203667,22,22,44,0.0333324588872894,0,0.0,5,0.0007188620723868653,0.0
bg,50,0.0010648972416447294,0.0010637632355094667,1.0648972416447293,27,27,54,0.03944063857943442,0,0.0,5,0.0011274248591997698,0.0
bg,50,0.0005909512521006608,0.0005906020287183015,0.5909512521006608,24,24,48,0.024622968837527532,0,0.0,5,0.0005991462139630112,0.0
bg,50,0.0009681344101256286,0.0009671971258895595,0.9681344101256286,30,30,60,0.03227114700418762,0,0.0,5,0.0009511345749081933,0.0
bg,50,0.0007737659540736956,0.0007731672403220121,0.7737659540736956,17,17,34,0.045515644357276216,0,0.0,5,0.0007403437572300416,0.0
bg,50,0.0009523075023655154,0.0009514006127864537,0.9523075023655154,32,32,64,0.029759609448922357,0,0.0,5,0.0008018959475878686,0.0
bg,50,0.0010140554935251522,0.0010130271849812039,1.0140554935251522,28,28,56,0.036216267625898295,0,0.0,5,0.0011210222266616098,0.0
bg,50,0.0005363721250898896,0.0005360844300333163,0.5363721250898896,18,18,36,0.029798451393882756,0,0.0,5,0.0005296883485055477,0.0
bg,50,0.0005282184961336043,0.0005279394813539466,0.5282184961336043,17,17,34,0.03107167624315319,0,0.0,5,0.0005143920940201994,0.0
bg,50,0.0003788788513556156,0.00037873530217161114,0.3788788513556156,15,15,30,0.025258590090374376,0,0.0,5,0.00032187886615840986,0.0
bg,50,0.0008578376121244418,0.0008571017267556664,0.8578376121244418,28,28,56,0.03063705757587292,0,0.0,5,0.0010780515483379697,0.0
bg,50,0.001182732986277003,0.0011813341289601753,1.1827329862770029,24,24,48,0.04928054109487512,0,0.0,5,0.001170943913865943,0.0
bg,50,0.0004186412247621547,0.00041846596428708434,0.4186412247621547,19,19,38,0.022033748671692353,0,0.0,5,0.00045278126818756593,0.0
bg,50,0.0008710092600766295,0.0008702506029454902,0.8710092600766295,21,21,42,0.041476631432220454,0,0.0,5,0.0009563390141414392,0.0
bg,50,0.0007749048943344298,0.0007743044167391665,0.7749048943344299,29,29,58,0.026720858425325168,0,0.0,5,0.0008154677247650279,0.0
bg,50,0.0007143065034631189,0.000713796269682229,0.7143065034631189,23,23,46,0.031056804498396474,0,0.0,5,0.0005490436851783301,0.0
bg,50,0.000796217521842447,0.0007955835595003578,0.796217521842447,24,24,48,0.03317573007676863,0,0.0,5,0.000718476201583247,0.0
bg,50,0.0007551770896883187,0.0007546067972515287,0.7551770896883188,19,19,38,0.03974616261517467,0,0.0,5,0.0009444285494118879,0.0
bg,50,0.0010022878934249917,0.0010038461677622044,1.0022878934249917,24,24,48,0.041761995559374654,0,0.0,5,0.0013356568551092414,0.0
bg,50,0.0009060392695718349,0.0009052183624138284,0.9060392695718349,18,18,36,0.05033551497621305,0,0.0,5,0.0008216923235078477,0.0
bg,50,0.0011377105397935097,0.0011364161545211525,1.1377105397935097,35,35,70,0.0325060154226717,0,0.0,5,0.0012186870553634998,0.0
bg,50,0.0007984765108653846,0.000797838946126981,0.7984765108653846,20,20,40,0.03992382554326923,0,0.0,5,0.0010727892022441017,0.0
bg,50,0.0007144924997420982,0.0007139820002099106,0.7144924997420983,25,25,50,0.028579699989683932,0,0.0,5,0.0004964307795957126,0.0
bg,50,0.0012762824418223176,0.0012746535449510137,1.2762824418223175,33,33,66,0.0386752255097672,0,0.0,5,0.0013007518548882172,0.0
bg,50,0.0009563362877574431,0.0009554217086621611,0.9563362877574431,24,24,48,0.03984734532322679,0,0.0,5,0.0011029667713874597,0.0
bg,50,0.0009816393443830762,0.0009806757285806354,0.9816393443830762,24,24,48,0.04090163934929484,0,0.0,5,0.0007552330121976132,0.0
bg,50,0.0012120130094537202,0.0012105440339186353,1.2120130094537203,30,30,60,0.04040043364845734,0,0.0,5,0.0013697149576163174,0.0
bg,50,0.0006324062402278515,0.0006320063025751722,0.6324062402278514,30,30,60,0.021080208007595046,0,0.0,5,0.0006773235915997179,0.0
bg,50,0.0009742638917278477,0.0009733147015971228,0.9742638917278477,22,22,44,0.0442847223512658,0,0.0,5,0.001170454546766803,0.0
bg,50,0.0010320347030384075,0.001030969607410132,1.0320347030384074,24,24,48,0.04300144595993364,0,0.0,5,0.0013888028216709177,0.0
bg,50,0.0006495812254635567,0.000649159269695082,0.6495812254635567,21,21,42,0.030932439307788412,0,0.0,5,0.0006882395342397897,0.0
bg,50,0.0007109649026630933,0.0007104594315702746,0.7109649026630933,23,23,46,0.030911517507091014,0,0.0,5,0.0006906805775676985,0.0
bg,50,0.0005176246557729076,0.0005173567204886436,0.5176246557729076,19,19,38,0.02724340293541619,0,0.0,5,0.0005545491821211653,0.0
bg,50,0.0010595092647896678,0.001058386704907493,1.0595092647896678,28,28,56,0.03783961659963099,0,0.0,5,0.0008560961195994669,0.0
bg,50,0.0005346934425858638,0.0005344075455083196,0.5346934425858638,22,22,44,0.02430424739026654,0,0.0,5,0.0005208770916241103,0.0
bg,50,0.001005035969168515,0.0010040258718691923,1.0050359691685151,33,33,66,0.030455635429348944,0,0.0,5,0.0010470697494796269,0.0
bg,50,0.0007744891399032738,0.0007738893064754458,0.7744891399032738,26,26,52,0.02978804384243361,0,0.0,5,0.0007207151907977368,0.0
bg,50,0.0003542596738443535,0.00035413417392784113,0.35425967384435353,14,14,28,0.025304262417453822,0,0.0,5,0.0003139891660737203,0.0
bg,50,0.0010879856148983435,0.0010868019022001179,1.0879856148983436,21,21,42,0.051808838804683024,0,0.0,5,0.0011629927919855978,0.0
bg,50,0.0005319135072766983,0.000531630575297475,0.5319135072766983,18,18,36,0.029550750404261014,0,0.0,5,0.0006100959830931932,0.0
bg,50,0.000701429299162351,0.0007009372961006277,0.701429299162351,28,28,56,0.02505104639865539,0,0.0,5,0.0007844138600160336,0.0
bg,50,0.001161366135753611,0.0011600173644523359,1.1613661357536111,30,30,60,0.03871220452512037,0,0.0,5,0.0012076384108663705,0.0
bg,50,0.00107898334018968,0.0010986661371057852,1.07898334018968,29,29,58,0.037206322075506205,0,0.0,5,0.0012843561208977742,0.0
bg,50,0.0015760238593648594,0.0015735400081595722,1.5760238593648594,33,33,66,0.04775829876863211,0,0.0,5,0.001174485473612867,0.0
bg,50,0.0007553574688976425,0.0007547869039918229,0.7553574688976425,21,21,42,0.03596940328084012,0,0.0,5,0.0007420304799661409,0.0
bg,50,0.0012902356001002245,0.0012885708921964588,1.2902356001002246,28,28,56,0.04607984286072231,0,0.0,5,0.001424424147953501,0.0
bg,50,0.0006583851954749065,0.0006579517244092861,0.6583851954749065,22,22,44,0.029926599794313932,0,0.0,5,0.0007816617804202253,0.0
bg,50,0.0010773366201566538,0.0010761759659635235,1.0773366201566539,29,29,58,0.037149538626091515,0,0.0,5,0.001286843747685484,0.0
bg,50,0.0011232205315781485,0.0011961573830245316,1.1232205315781485,32,32,64,0.03510064161181714,1,0.001,5,0.001239185347076686,1.075554603494551
bg,50,0.0009634591420942798,0.0009625308885757948,0.9634591420942797,21,21,42,0.045879006766394274,0,0.0,5,0.0010329448189337004,0.0
bg,50,0.000782883385841263,0.0007822704794454366,0.7828833858412629,25,25,50,0.03131533543365052,0,0.0,5,0.0007627015449473468,0.0
bg,50,0.000781395078012011,0.0007807844997440696,0.7813950780120109,26,26,52,0.030053656846615803,0,0.0,5,0.0007548325192925319,0.0
bg,50,0.0011533852363624462,0.001152054938858987,1.1533852363624462,31,31,62,0.03720597536653052,0,0.0,5,0.0009545598652158306,0.0
bg,50,0.0005889653894177869,0.0005886185091878549,0.5889653894177869,34,34,68,0.01732251145346432,0,0.0,5,0.0005656192265589072,0.0
bg,50,0.0007482786120300062,0.0007477186911487849,0.7482786120300062,31,31,62,0.024138019742903426,0,0.0,5,0.0009367474125129653,0.0
bg,50,0.0008518348240833973,0.0008511092015158761,0.8518348240833973,29,29,58,0.029373614623565424,0,0.0,5,0.0009059865223359903,0.0
bg,50,0.0008894051344153908,0.0008886140929222663,0.8894051344153908,28,28,56,0.03176446908626396,0,0.0,5,0.0008138919139429789,0.0
bg,50,0.0008896150303296225,0.0008888236154274341,0.8896150303296224,24,24,48,0.03706729293040093,0,0.0,5,0.0009624650233644441,0.0
bg,50,0.0004520777688715163,0.0004518733945624085,0.4520777688715163,19,19,38,0.023793566782711384,0,0.0,5,0.00041314684934054844,0.0
bg,50,0.0009209392692268566,0.0009200911400892524,0.9209392692268565,28,28,56,0.03289068818667345,0,0.0,5,0.0009275358380330639,0.0
bg,50,0.0007078408710050432,0.0007073398323063781,0.7078408710050432,22,22,44,0.03217458504568378,0,0.0,5,0.0006220484692182258,0.0
bg,50,0.0013199888102897312,0.001318246439830441,1.3199888102897313,35,35,70,0.03771396600827803,0,0.0,5,0.0012544839587851785,0.0
bg,50,0.0009006916876688785,0.0008998804421526426,0.9006916876688784,25,25,50,0.03602766750675514,0,0.0,5,0.0009263180502959225,0.0
bg,50,0.0009022166423404485,0.0009014026474707325,0.9022166423404485,30,30,60,0.030073888078014952,0,0.0,5,0.0009129791230979956,0.0
bg,50,0.0008639302623368224,0.000863183886838641,0.8639302623368224,24,24,48,0.03599709426403427,0,0.0,5,0.0005151552649925195,0.0
bg,50,0.0012106205964007267,0.0012091549941722968,1.2106205964007266,26,26,52,0.04656233063079718,0,0.0,5,0.0012911197904500182,0.0
bg,50,0.0009044704168532433,0.0009036523501182806,0.9044704168532434,21,21,42,0.04307001985015445,0,0.0,5,0.0008070913263041398,0.0
bg,50,0.00046574058285389343,0.00046552366856337634,0.4657405828538934,26,26,52,0.017913099340534363,0,0.0,5,0.000458968306225574,0.0
bg,50,0.00100680935071394,0.001005795685645255,1.0068093507139402,23,23,46,0.04377431959625827,0,0.0,5,0.0009389122298220521,0.0
bg,50,0.0011421023321931472,0.001140797934455946,1.1421023321931472,34,34,68,0.03359124506450433,0,0.0,5,0.0011533688127456315,0.0
bg,50,0.0008417115902821682,0.0008410031118809527,0.8417115902821681,25,25,50,0.033668463611286725,0,0.0,5,0.0009152687842685681,0.0
bg,50,0.0005042436468120997,0.0005039893851567493,0.5042436468120997,21,21,42,0.024011602229147604,0,0.0,5,0.0004978018446660725,0.0
bg,50,0.0008258089841514327,0.0008251270236731275,0.8258089841514327,31,31,62,0.026638999488755893,0,0.0,5,0.0011188876789175394,0.0
bg,50,0.0010677617716668237,0.001066621656465791,1.0677617716668237,26,26,52,0.04106776044872399,0,0.0,5,0.0010133973227088508,0.0
bg,50,0.0010561001457977835,0.001054984798279829,1.0561001457977834,36,36,72,0.02933611516104954,0,0.0,5,0.001096617146158188,0.0
bg,50,0.0011942006187811635,0.0011927745036632662,1.1942006187811636,31,31,62,0.03852260060584398,0,0.0,5,0.001003439966862385,0.0
bg,50,0.0005612619445723475,0.0005609469296019221,0.5612619445723475,16,16,32,0.035078871535771716,0,0.0,5,0.0004882643017985275,0.0
bg,50,0.0011390708302421598,0.0011377733478858511,1.1390708302421597,27,27,54,0.042187808527487394,0,0.0,5,0.001138406592356491,0.0
bg,50,0.0006159213862095357,0.0006155420270555452,0.6159213862095356,18,18,36,0.03421785478941865,0,0.0,5,0.0007000077643920272,0.0
bg,50,0.0006749575219574915,0.0006745019543010445,0.6749575219574915,19,19,38,0.035524080103025865,0,0.0,5,0.0007863317667400778,0.0
bg,50,0.0007115606167041015,0.0007110542981928572,0.7115606167041015,22,22,44,0.03234366439564098,0,0.0,5,0.0005615579019098943,0.0
bg,50,0.001106301421248311,0.0011050775184136548,1.106301421248311,31,31,62,0.03568714262091326,0,0.0,5,0.0012420451825828893,0.0
bg,50,0.0006855739498037394,0.0006851039381630899,0.6855739498037394,17,17,34,0.040327879400219965,0,0.0,5,0.0007642853696046254,0.0
bg,50,0.0009164124919524106,0.0009155726800970041,0.9164124919524106,26,26,52,0.035246634305861946,0,0.0,5,0.0008484878739644373,0.0
bg,50,0.0008652751346564571,0.0008645264335978023,0.8652751346564571,23,23,46,0.037620658028541615,0,0.0,5,0.000909973772599357,0.0
bg,50,0.000842994649192832,0.0008422840092142641,0.842994649192832,26,26,52,0.032422871122801226,0,0.0,5,0.0008292594813155747,0.0
bg,50,0.0011208888762459406,0.0011196324843730486,1.1208888762459406,28,28,56,0.040031745580212164,0,0.0,5,0.0008612373765183151,0.0
bg,50,0.0008288247012799674,0.0008281377508945156,0.8288247012799674,22,22,44,0.03767385005818034,0,0.0,5,0.0008049197743440163,0.0
bg,50,0.0005377459030128761,0.0005374567323566689,0.5377459030128762,20,20,40,0.02688729515064381,0,0.0,5,0.0005921862041439411,0.0
bg,50,0.00034410498961614524,0.0003439865813722665,0.3441049896161452,16,16,32,0.021506561851009076,0,0.0,5,0.00035496695942175647,0.0
bg,50,0.0007456408649927652,0.0007450848846932182,0.7456408649927653,24,24,48,0.031068369374698552,0,0.0,5,0.0007859631694405954,0.0
bg,50,0.0003646407602844306,0.00036450779740036977,0.3646407602844306,15,15,30,0.02430938401896204,0,0.0,5,0.0004144746625544676,0.0
bg,50,0.0008913073838613954,0.0008905129550088694,0.8913073838613954,31,31,62,0.028751851092303077,0,0.0,5,0.0006710553544592455,0.0
bg,50,0.000831972385009621,0.0008312802069602023,0.831972385009621,25,25,50,0.03327889540038484,0,0.0,5,0.000924273557816459,0.0
bg,50,0.0010150441856415498,0.001014013870942745,1.0150441856415497,28,28,56,0.03625157805862678,0,0.0,5,0.0012247315337886584,0.0
bg,50,0.0007272119813578275,0.0007266831440919972,0.7272119813578275,27,27,54,0.026933777087326943,0,0.0,5,0.0007400015730875515,0.0
bg,50,0.0008090927852621945,0.0008084381541270312,0.8090927852621945,22,22,44,0.03677694478464521,0,0.0,5,0.000808748085012707,0.0
bg,50,0.0011592409915684315,0.0011578971518918988,1.1592409915684314,38,38,76,0.030506341883379775,0,0.0,5,0.001315375979995487,0.0
bg,50,0.0009804403853954646,0.0009794791220461502,0.9804403853954646,27,27,54,0.03631260686649869,0,0.0,5,0.0012111226116192253,0.0
bg,50,0.0012742324259709505,0.0012726087576955547,1.2742324259709505,25,25,50,0.05096929703883802,0,0.0,5,0.0012917331697581398,0.0
bg,50,0.0005346714742196639,0.0005343856006343196,0.5346714742196639,12,12,24,0.04455595618497199,0,0.0,5,0.0005286328697311809,0.0
