ligand_type,r_max,var_rate,ratio
ag,50,0.0035376204127412,3
ag,50,0.0729466588761848,3
ag,50,0.0293838010857928,3
ag,50,0.0126658260942087,3
ag,50,0.0058842005595513,3
ag,50,0.057581962871577,3
ag,50,0.0485204443736756,3
ag,50,0.0132139362130478,3
ag,50,0.0053577184119095,3
ag,50,0.0152520995938223,3
ag,50,0.01453534225196,3
ag,50,0.0447093793153795,3
ag,50,0.0444729432209948,3
ag,50,0.0159576503218658,3
ag,50,0.0088876272107708,3
ag,50,0.0009218822297473,3
ag,50,0.0048383682738551,3
ag,50,0.0082510650049351,3
ag,50,0.0011632204322234,3
ag,50,0.016695164862494,3
ag,50,0.0074502080287645,3
ag,50,0.0023879447603072,3
ag,50,0.0010007869719125,3
ag,50,0.0119796992401515,3
ag,50,0.0068990627461693,3
ag,50,0.0017592409329538,3
ag,50,0.0019478658227125,3
ag,50,0.0228313938987476,3
ag,50,0.0136760145477934,3
ag,50,0.0105443620227442,3
ag,50,0.0177832927158419,3
ag,50,0.0005996772601971,3
ag,50,0.0362412955529733,3
ag,50,0.0036044244536412,3
ag,50,0.0201137848904368,3
ag,50,0.0028510465677519,3
ag,50,0.0083009329758012,3
ag,50,0.0072400633933909,3
ag,50,0.0049131645347903,3
ag,50,0.0511681013800625,3
ag,50,0.0265160973639024,3
ag,50,0.0023237581022012,3
ag,50,0.0011606348488701,3
ag,50,0.0007853029298436,3
ag,50,0.0237930025114473,3
ag,50,0.0085645017350831,3
ag,50,0.0045733089222497,3
ag,50,0.0597838246268706,3
ag,50,0.0476689109504224,3
ag,50,0.018394874753538,3
ag,50,0.0268751368302892,3
ag,50,0.0017145756246756,3
ag,50,0.0071230646424943,3
ag,50,0.0074891243069126,3
ag,50,0.0006126171771706,3
ag,50,0.0146522499677861,3
ag,50,0.0031550847818323,3
ag,50,0.0289266419473396,3
ag,50,0.0296523186888363,3
ag,50,0.0049794317467688,3
ag,50,0.0052419830893531,3
ag,50,0.0055433177487556,3
ag,50,0.0050653314432584,3
ag,50,0.0010346178525522,3
ag,50,0.0013782155343948,3
ag,50,0.0066313479613083,3
ag,50,0.0055434114247994,3
ag,50,0.0115051864729144,3
ag,50,0.0049703033546396,3
ag,50,0.0058024196969709,3
ag,50,0.0043287635455038,3
ag,50,0.0072744409412317,3
ag,50,0.0141666272081631,3
ag,50,0.0151916150166812,3
ag,50,0.0108069298940293,3
ag,50,0.0041838446141032,3
ag,50,0.0107476040294438,3
ag,50,0.0444107555024369,3
ag,50,0.0039909198789048,3
ag,50,0.0120944568732222,3
ag,50,0.1253854235319257,3
ag,50,0.0087278933466056,3
ag,50,0.0021831022155397,3
ag,50,0.0065697737622862,3
ag,50,0.0234720789907888,3
ag,50,0.0001445507835656,3
ag,50,0.048572990071473,3
ag,50,0.015529642672603,3
ag,50,0.0033273964653575,3
ag,50,0.0076954266448201,3
ag,50,0.0226409936065943,3
ag,50,0.0026243063478354,3
ag,50,0.0132669705167228,3
ag,50,0.0040273922023507,3
ag,50,0.0154432387593268,3
ag,50,0.0696179979209463,3
ag,50,0.0112142777538875,3
ag,50,0.0273096105733036,3
ag,50,0.0152995892330532,3
ag,50,0.0282499564463783,3
ag,50,0.0,3
ag,50,0.0182844135907476,3
ag,50,0.0324706122579645,3
ag,50,0.0054595664752276,3
ag,50,0.0595847113684679,3
ag,50,0.0336886575732901,3
ag,50,0.002593905619258,3
ag,50,0.0625160027996508,3
ag,50,0.0041236915894208,3
ag,50,0.0071221341088852,3
ag,50,9.229001263346751e-05,3
ag,50,0.0161581594629365,3
ag,50,0.0103131247923831,3
ag,50,0.0992434640162518,3
ag,50,0.0285397790042703,3
ag,50,0.0141818055693211,3
ag,50,0.0041099535565376,3
ag,50,0.0320440855360568,3
ag,50,0.0732732541093076,3
ag,50,0.0010750287916127,3
ag,50,0.005655524185416,3
ag,50,0.0190810512587433,3
ag,50,0.0096645844425084,3
ag,50,0.0008003143481954,3
ag,50,0.0009013704450634,3
ag,50,0.0027195875407431,3
ag,50,0.0221712256918394,3
ag,50,0.0076902195736713,3
ag,50,0.0039112064406661,3
ag,50,0.0119694364221643,3
ag,50,0.0052364852213548,3
ag,50,0.0038261371415884,3
ag,50,0.0398737200155479,3
ag,50,0.0007229727582406,3
ag,50,0.0470738074519193,3
ag,50,0.0021068503875941,3
ag,50,0.0039383660054167,3
ag,50,0.0012902037141151,3
ag,50,0.0105701139574851,3
ag,50,0.0053824568767967,3
ag,50,0.0143118624384685,3
ag,50,0.0386448492029579,3
ag,50,0.0005853814047157,3
ag,50,0.0138115423247405,3
ag,50,0.0668312919338949,3
ag,50,0.0083993568835994,3
ag,50,0.0046474805355086,3
ag,50,0.0269972803328308,3
ag,50,0.0085192446871627,3
ag,50,0.038718463849392,3
ag,50,0.0090613158040807,3
ag,50,0.0320558182948924,3
ag,50,0.0598295158002545,3
ag,50,0.0110091397892644,3
ag,50,0.0262829208240842,3
ag,50,0.0549352333355276,3
ag,50,0.0265032358378879,3
ag,50,0.001278338794824,3
ag,50,0.0035142206307791,3
ag,50,0.0619604416324806,3
ag,50,0.0001699682054174,3
ag,50,0.0697630259703412,3
ag,50,0.0121615905387373,3
ag,50,0.0081775742677084,3
ag,50,0.0375145831896765,3
ag,50,0.0070852348115572,3
ag,50,0.0010812558452746,3
ag,50,0.0074411909631077,3
ag,50,0.0252600130408554,3
ag,50,0.0107224198318521,3
ag,50,0.0012111494366473,3
ag,50,0.0137725924366413,3
ag,50,0.0088793899203576,3
ag,50,0.0249026407080516,3
ag,50,0.0163346639197181,3
ag,50,0.0288775323569333,3
ag,50,0.005738528060442,3
ag,50,0.0066039774041151,3
ag,50,0.0415924574915253,3
ag,50,0.0019679225489405,3
ag,50,0.0376003919103677,3
ag,50,0.0100467025233035,3
ag,50,0.0119475924937168,3
ag,50,0.0086072032328903,3
ag,50,0.0082897823189541,3
ag,50,0.0021121804918673,3
ag,50,0.0039425024959831,3
ag,50,0.0027657461352702,3
ag,50,0.0019037600847135,3
ag,50,0.0831578629024866,3
ag,50,0.0061916855470544,3
ag,50,0.0359756510958299,3
ag,50,0.0136429824752185,3
ag,50,0.0009473936251822,3
ag,50,0.0005104257767087,3
ag,50,0.0040924882358398,3
ag,50,0.0379450160909692,3
ag,50,0.0168191713076893,3
ag,50,0.0126638935790056,3
ag,50,0.0100588357746826,3
ag,50,0.0105737777309362,3
ag,50,0.0163187595870694,3
ag,50,0.0018443863380872,3
ag,50,0.0562144748118451,3
ag,50,0.0149696572883367,3
ag,50,0.003223654103501,3
ag,50,0.0019264855597673,3
ag,50,0.0054517042370721,3
ag,50,0.0062387352601256,3
ag,50,0.0036848221335336,3
ag,50,0.0057993860357002,3
ag,50,0.0115696965430448,3
ag,50,0.0297230974629246,3
ag,50,0.0226983206040931,3
ag,50,0.004224596948662,3
ag,50,0.0244844883384795,3
ag,50,0.0102753040854026,3
ag,50,0.0222000870553118,3
ag,50,0.012391024303098,3
ag,50,0.0096397426303197,3
ag,50,0.0049622218301739,3
ag,50,0.0047219543795944,3
ag,50,0.055525096196994,3
ag,50,0.0064297003842771,3
ag,50,0.0142596504607021,3
ag,50,0.0011543674920012,3
ag,50,0.0165749418007966,3
ag,50,0.0036235612713394,3
ag,50,0.1031541348223076,3
ag,50,0.0147206455502092,3
ag,50,0.0011064948052272,3
ag,50,0.0031000635705316,3
ag,50,0.0304145471190183,3
ag,50,0.0093190644385673,3
ag,50,0.0047387066278891,3
ag,50,0.0143389514261747,3
ag,50,0.0239351384975172,3
ag,50,0.0258552593475939,3
ag,50,0.0124284954001695,3
ag,50,0.0461545982932938,3
ag,50,0.0037638429773319,3
ag,50,0.018333815494046,3
ag,50,0.0135578262712129,3
ag,50,0.0008424799669107,3
ag,50,0.0071900025295048,3
ag,50,0.0060423789257201,3
ag,50,0.0029349603244989,3
ag,50,0.0103032026967918,3
ag,50,0.0219383628473027,3
ag,50,0.0276710500003206,3
ag,50,0.011382400543408,3
ag,50,0.0002884358721223,3
ag,50,0.0196552808480808,3
ag,50,0.0067004285105892,3
ag,50,0.0148085838559764,3
ag,50,0.0032289699509913,3
ag,50,0.0098435847867482,3
ag,50,0.004568448907469,3
ag,50,0.0045367348878212,3
ag,50,0.0150936578778199,3
ag,50,0.0234791593709428,3
ag,50,0.0055898863128174,3
ag,50,0.0056201491383102,3
ag,50,0.0007880485369764,3
ag,50,0.0029385617871566,3
ag,50,0.0014822461739584,3
ag,50,0.0048725855099635,3
ag,50,0.0591964167665627,3
ag,50,0.0050583505974693,3
ag,50,0.0148424571698297,3
ag,50,0.0195886566357957,3
ag,50,0.0012993110525228,3
ag,50,0.0191666822982004,3
ag,50,0.0011071812940276,3
ag,50,0.0004840873966913,3
ag,50,0.0092792349532787,3
ag,50,0.0066917053397618,3
ag,50,0.0125302502033726,3
ag,50,0.0092913451629156,3
ag,50,0.0074830209647334,3
ag,50,0.0087515476790618,3
ag,50,0.0084720204560463,3
ag,50,0.002149105383413,3
ag,50,0.0111168209958644,3
ag,50,0.0136670214140064,3
ag,50,0.0118197094241216,3
ag,50,0.000375960344614,3
ag,50,0.004762876714159,3
ag,50,0.0233713055139944,3
ag,50,0.0003323288410861,3
ag,50,0.0421735201764777,3
ag,50,0.0,3
ag,50,0.0063697894799715,3
ag,50,0.0068240583228221,3
ag,50,0.0698924748340016,3
ag,50,0.0074284252544461,3
ag,50,0.0066984182163828,3
ag,50,0.0059603467377559,3
ag,50,0.0154157277785973,3
ag,50,0.0003524867790107,3
ag,50,0.0025120355306384,3
ag,50,0.0152276236249974,3
ag,50,0.0099796914171825,3
ag,50,0.0167915554641569,3
ag,50,0.0154365291954075,3
ag,50,0.0005698384863336,3
ag,50,0.0065823760397029,3
ag,50,0.0107311663556064,3
ag,50,0.0062793708764318,3
ag,50,0.0007546916800914,3
ag,50,0.0194070707814711,3
ag,50,0.0085801779529156,3
ag,50,0.0200761715858721,3
ag,50,0.0023416805622028,3
ag,50,0.0264510966051663,3
ag,50,0.0638735700309653,3
ag,50,0.0121708655518171,3
ag,50,0.0124110170540815,3
ag,50,0.0076225546151603,3
ag,50,0.010586099787405,3
ag,50,0.0079896651705432,3
ag,50,0.0046478585667472,3
ag,50,0.0011596355998764,3
ag,50,0.0033998591923049,3
ag,50,0.0026649231737495,3
ag,50,0.0225866945815399,3
ag,50,0.0557396036691161,3
ag,50,0.0088445063319227,3
ag,50,0.0191593076235232,3
ag,50,0.0044051186367319,3
ag,50,0.0094916369833963,3
ag,50,0.0058033384724817,3
ag,50,0.0123792937563544,3
ag,50,0.0017314207690885,3
ag,50,0.0017358213430988,3
ag,50,0.0086602770181404,3
ag,50,0.0067382283072364,3
ag,50,0.0027686405628068,3
ag,50,0.0192272478063124,3
ag,50,0.0360455970892249,3
ag,50,0.0060134072198149,3
ag,50,0.0231481706017273,3
ag,50,0.0190639016544869,3
ag,50,0.0033535768021044,3
ag,50,0.0034380626223374,3
ag,50,0.0410135602713436,3
ag,50,0.0002376003203299,3
ag,50,0.0077281777017766,3
ag,50,0.005895681342017,3
ag,50,0.0151203638737266,3
ag,50,0.0208624599566282,3
ag,50,0.0051125705251438,3
ag,50,0.0079531071588258,3
ag,50,0.0188528377562036,3
ag,50,0.0067462611798662,3
ag,50,0.0054533698862712,3
ag,50,0.0010854319580561,3
ag,50,0.0105490108224677,3
ag,50,0.018010030430134,3
ag,50,0.0556625570780932,3
ag,50,0.0081127694951233,3
ag,50,0.0036544403105306,3
ag,50,0.0126860071528358,3
ag,50,0.0110240110812576,3
ag,50,0.0130230002234784,3
ag,50,0.0037987364341426,3
ag,50,0.0125873663892968,3
ag,50,0.0245842361763427,3
ag,50,0.0001603080258857,3
ag,50,0.0139559205999222,3
ag,50,0.0086644174357463,3
ag,50,0.0096918351204437,3
ag,50,0.0518916825834346,3
ag,50,0.011074407705839,3
ag,50,0.0137389924399167,3
ag,50,0.0031373644506237,3
ag,50,0.0030167020868505,3
ag,50,0.0085145624827473,3
ag,50,0.0107264376164401,3
ag,50,0.0016343768014564,3
ag,50,0.0151234988656634,3
ag,50,0.0099722325742085,3
ag,50,0.0046900250746837,3
ag,50,0.0049452736585771,3
ag,50,0.0080312595658567,3
ag,50,0.0074222183223364,3
ag,50,0.0143298520416069,3
ag,50,0.0069924316516991,3
ag,50,0.0047849667498888,3
ag,50,0.0157705300370758,3
ag,50,0.0066711007303059,3
ag,50,0.0079782200387092,3
ag,50,0.0096220240682829,3
ag,50,0.0068343986817948,3
ag,50,0.00841590055811,3
ag,50,0.0339981681645995,3
ag,50,0.0466604617558089,3
ag,50,0.0175445282284352,3
ag,50,0.0120505861715569,3
ag,50,0.0016861899121992,3
ag,50,0.0045782453225791,3
ag,50,0.0039401647474885,3
ag,50,0.0042729642487121,3
ag,50,0.0019626450210893,3
ag,50,0.0039628861201087,3
ag,50,0.0173034131083223,3
ag,50,0.0155137083541971,3
ag,50,0.0051291322607412,3
ag,50,0.0008868330355778,3
ag,50,0.0085768855378065,3
ag,50,0.0,3
ag,50,0.0056076303298779,3
ag,50,0.0094790928085138,3
ag,50,0.0248884724735733,3
ag,50,0.0245255780995349,3
ag,50,0.0126782358228537,3
ag,50,0.013339831187637,3
ag,50,0.014185657234451,3
ag,50,0.0080534634542213,3
ag,50,0.0232797392427583,3
ag,50,0.0422059868546814,3
ag,50,0.0068186084194958,3
ag,50,0.0048723651491801,3
ag,50,0.0107477998763328,3
ag,50,0.0053627364907768,3
ag,50,0.0080211991987415,3
ag,50,0.0063614701024375,3
ag,50,0.0207921101118823,3
ag,50,0.0294760784925293,3
ag,50,0.0489332400988922,3
ag,50,0.0166651363564616,3
ag,50,0.0054310255731784,3
ag,50,0.003044799577114,3
ag,50,0.0237284748748111,3
ag,50,0.0071666378325334,3
ag,50,0.0453824604589182,3
ag,50,0.1333243671139887,3
ag,50,0.0151336176540948,3
ag,50,0.0013869245694857,3
ag,50,0.0012327238540907,3
ag,50,0.0574394593899474,3
ag,50,0.0093252559060367,3
ag,50,0.0002180038221273,3
ag,50,0.006313249683614,3
ag,50,0.0061432757199416,3
ag,50,0.0216197151825287,3
ag,50,0.1242006141686642,3
ag,50,0.0006826558961852,3
ag,50,0.0199259104281817,3
ag,50,0.004246875201784,3
ag,50,0.0052043668393524,3
ag,50,0.0034620663431958,3
ag,50,0.0053000394132181,3
ag,50,0.0026150296251069,3
ag,50,0.0132874397766082,3
ag,50,0.0002643625387993,3
ag,50,0.0073354005922465,3
ag,50,0.0410951148676626,3
ag,50,0.0176452898518831,3
ag,50,0.016498874790959,3
ag,50,0.0209000766677596,3
ag,50,0.0035561843317582,3
ag,50,0.0298452691770726,3
ag,50,0.0117589367081983,3
ag,50,0.01253571710552,3
ag,50,0.0006042589124323,3
ag,50,0.0045300439337628,3
ag,50,0.0051802427688149,3
ag,50,0.0127565718362479,3
ag,50,0.0096435331006015,3
ag,50,0.0705332722952857,3
ag,50,0.0225197765202558,3
ag,50,0.0215862152288883,3
ag,50,0.0007675598694428,3
ag,50,0.0,3
ag,50,0.0051541015879985,3
ag,50,0.0023703691883065,3
ag,50,0.0030957833136142,3
ag,50,0.0090100164387626,3
ag,50,0.0425032399823784,3
ag,50,0.0147884873447194,3
ag,50,0.0017455025182144,3
ag,50,0.0199252125463526,3
ag,50,0.001743959840376,3
ag,50,0.0074419039051614,3
ag,50,0.0194359557519498,3
ag,50,0.029692541156473,3
ag,50,0.0126544080544165,3
ag,50,0.0093437894831938,3
ag,50,0.0042084574073372,3
ag,50,0.0130073167624827,3
ag,50,0.0109268429312251,3
ag,50,0.000518237232321,3
ag,50,0.0001826775337232,3
ag,50,0.0190531098158599,3
ag,50,0.0040883304015179,3
ag,50,0.2182941259945307,3
ag,50,0.0007944907611664,3
ag,50,0.0236788719529138,3
ag,50,0.0070778372500891,3
nag,50,0.0,3
nag,50,0.000625772490465,3
nag,50,0.0029313755326316,3
nag,50,0.0003928977498026,3
nag,50,0.0001050734774072,3
nag,50,5.100170379030789e-05,3
nag,50,0.0011355887257377,3
nag,50,5.9056118542797775e-05,3
nag,50,0.0003395281040058,3
nag,50,0.0,3
nag,50,6.793169803512137e-05,3
nag,50,0.0001802411184116,3
nag,50,0.0001061396554087,3
nag,50,0.0027539612974661,3
nag,50,0.0017463285615267,3
nag,50,0.0007323438611544,3
nag,50,0.0004104811195058,3
nag,50,0.0,3
nag,50,0.0004715865977495,3
nag,50,0.0003390349298419,3
nag,50,0.000597806005275,3
nag,50,4.733907442602667e-05,3
nag,50,0.0004611560854361,3
nag,50,0.0020507664701897,3
nag,50,0.0001643725437225,3
nag,50,0.0,3
nag,50,7.62815972833114e-05,3
nag,50,0.0006262517988898,3
nag,50,0.0044234977939711,3
nag,50,0.0,3
nag,50,4.373447427438669e-05,3
nag,50,0.000189759703139,3
nag,50,0.0004022424120793,3
nag,50,3.844856029592477e-05,3
nag,50,0.0002861408809931,3
nag,50,0.0006289598662875,3
nag,50,0.0004839225433247,3
nag,50,0.0006522394159163,3
nag,50,0.0001628735686756,3
nag,50,0.0004288554229573,3
nag,50,8.272709999480039e-05,3
nag,50,0.0001573695761205,3
nag,50,0.0001598544359764,3
nag,50,0.0,3
nag,50,0.0,3
nag,50,0.0008916737649066,3
nag,50,0.0001408569636925,3
nag,50,0.0001623407456771,3
nag,50,0.0006860038368905,3
nag,50,3.6821316109432384e-05,3
nag,50,0.0009577722473781,3
nag,50,0.0001133826805374,3
nag,50,0.0014037822410176,3
nag,50,6.54523211304637e-05,3
nag,50,7.36547739144957e-05,3
nag,50,0.0,3
nag,50,0.0,3
nag,50,0.0026646331340911,3
nag,50,0.0004400603758471,3
nag,50,0.0002049808632742,3
nag,50,0.0007964890088781,3
nag,50,0.0,3
nag,50,0.0,3
nag,50,0.0001057207478854,3
nag,50,0.0002890188707392,3
nag,50,0.0005058165587151,3
nag,50,1.2502595356877662e-05,3
nag,50,0.0010059900162833,3
nag,50,4.769778058999335e-05,3
nag,50,5.081875246623e-05,3
nag,50,6.533069282688348e-05,3
nag,50,2.9176529335224317e-05,3
nag,50,0.0004232649825566,3
nag,50,0.0,3
nag,50,0.0,3
nag,50,0.0007388395226157,3
nag,50,0.0001283501789862,3
nag,50,5.131288339936536e-05,3
nag,50,0.0002038735190164,3
nag,50,9.296373814594962e-05,3
nag,50,0.0004567422594839,3
nag,50,0.0004859990865762,3
nag,50,0.0008729403283475,3
nag,50,4.27927587258565e-05,3
nag,50,0.0008037063219399,3
nag,50,0.0002731115818732,3
nag,50,0.0002013463419244,3
nag,50,0.0007503738635357,3
nag,50,0.0001687880402622,3
nag,50,9.06813419604832e-05,3
nag,50,0.0001714997252855,3
nag,50,0.0001090954024217,3
nag,50,0.0014826366421058,3
nag,50,0.0002165208891107,3
nag,50,0.0001699900491745,3
nag,50,0.0,3
nag,50,0.0008865501864808,3
nag,50,3.9939188747284205e-05,3
nag,50,0.0031381047308513,3
nag,50,1.4391303485319554e-05,3
nag,50,0.0004656308035666,3
nag,50,0.0004189752539008,3
nag,50,0.0033656040229202,3
nag,50,0.0017826523061192,3
nag,50,0.0001767638113756,3
nag,50,3.29995854563727e-05,3
nag,50,0.0007940341705367,3
nag,50,0.0003471585390728,3
nag,50,0.0,3
nag,50,0.0,3
nag,50,0.0,3
nag,50,0.0008403400870651,3
nag,50,0.0001087472288735,3
nag,50,0.0,3
nag,50,0.0006918915953728,3
nag,50,0.0017354909735732,3
nag,50,0.0005289370501076,3
nag,50,0.0001163424114804,3
nag,50,0.0009266307848702,3
nag,50,0.0005128617211274,3
nag,50,0.0,3
nag,50,6.890580862920653e-05,3
nag,50,0.0001081227085763,3
nag,50,0.0,3
nag,50,0.0019378473864917,3
nag,50,0.0001520317789398,3
nag,50,3.55418802222473e-05,3
nag,50,5.4625162688790506e-05,3
nag,50,0.0007088887867791,3
nag,50,0.0022035259376337,3
nag,50,0.0003654448656499,3
nag,50,9.208455904970615e-05,3
nag,50,0.0010580876474062,3
nag,50,0.0,3
nag,50,0.0002901798155571,3
nag,50,3.5972671846818644e-05,3
nag,50,0.0008306726278338,3
nag,50,0.0004094790918118,3
nag,50,0.0004826170836475,3
nag,50,0.0017429806685227,3
nag,50,2.7794271887133066e-05,3
nag,50,0.0003622555486146,3
nag,50,0.0003333682031041,3
nag,50,0.0005941562418902,3
nag,50,0.0001507733355359,3
nag,50,5.476251894457616e-05,3
nag,50,0.0003002132834327,3
nag,50,0.0012147359870698,3
nag,50,0.0007286202347379,3
nag,50,0.0024602917197578,3
nag,50,0.0009935164384799,3
nag,50,7.547830045030466e-05,3
nag,50,0.0008047631104533,3
nag,50,9.404419435074835e-05,3
nag,50,0.0002178563852596,3
nag,50,0.0006209884610627,3
nag,50,0.0,3
nag,50,0.0,3
nag,50,0.0008405827280458,3
nag,50,0.0001059378891738,3
nag,50,0.0003152518987092,3
nag,50,8.601140850775337e-05,3
nag,50,0.0001594404430877,3
nag,50,0.0,3
nag,50,0.0011584957462909,3
nag,50,0.0014350375820537,3
nag,50,0.0,3
nag,50,6.145485972570199e-05,3
nag,50,0.0002876803407215,3
nag,50,0.0003648146281122,3
nag,50,0.0005719850486366,3
nag,50,0.0,3
nag,50,0.000233596558558,3
nag,50,0.0004047914510231,3
nag,50,0.000311660946372,3
nag,50,0.0004825624410177,3
nag,50,7.0148725373127e-05,3
nag,50,0.0,3
nag,50,0.0004140830737481,3
nag,50,0.0004774839086006,3
nag,50,0.0001525642400867,3
nag,50,0.0004346810282435,3
nag,50,0.0008044253073912,3
nag,50,0.0002092199047035,3
nag,50,0.00050620890086,3
nag,50,0.0,3
nag,50,0.0001614099389338,3
nag,50,0.0001908699167501,3
nag,50,0.0003031093621144,3
nag,50,0.0012674275829509,3
nag,50,0.0025156133134554,3
nag,50,0.0001565375789049,3
nag,50,8.071574658660633e-05,3
nag,50,4.843617146880017e-05,3
nag,50,0.0023356319205117,3
nag,50,0.0008683281704842,3
nag,50,0.0,3
nag,50,0.000148678687725,3
nag,50,0.0011276379939219,3
nag,50,0.0013817810000291,3
nag,50,9.525170299842765e-05,3
nag,50,8.397140942733524e-05,3
nag,50,0.00086287989176,3
nag,50,8.063948259549698e-05,3
nag,50,0.0009649979643123,3
nag,50,0.0004230195040519,3
nag,50,6.652732759531166e-05,3
nag,50,0.0001083588339039,3
nag,50,5.301355861111922e-05,3
nag,50,0.0003425095383402,3
nag,50,0.0001810870592186,3
nag,50,0.0002753821121766,3
nag,50,0.0045908218389819,3
nag,50,0.0019294025490644,3
nag,50,0.0,3
nag,50,0.0016519580804465,3
nag,50,0.0002658070531683,3
nag,50,0.0002184187595099,3
nag,50,0.0003005872879051,3
nag,50,0.00086506133367,3
nag,50,0.0,3
nag,50,0.0005227937772978,3
nag,50,0.0016259915448523,3
nag,50,0.000313588046065,3
nag,50,6.692029389232305e-05,3
nag,50,0.0004614216465759,3
nag,50,7.762829972964826e-05,3
nag,50,0.0013062796358432,3
nag,50,0.0,3
nag,50,0.000408448563793,3
nag,50,0.0004920193590402,3
nag,50,6.44449973779811e-05,3
nag,50,0.0018270121902255,3
nag,50,0.0002195218861674,3
nag,50,0.0012089184030564,3
nag,50,0.000185323484271,3
nag,50,7.121589105938779e-05,3
nag,50,0.0012207891018747,3
nag,50,0.0006891269257983,3
nag,50,9.111402557959872e-05,3
nag,50,0.001384424912475,3
nag,50,0.0003904698877989,3
nag,50,0.0004157548547009,3
nag,50,0.0003081744621448,3
nag,50,0.000556465004734,3
nag,50,0.0008826352974161,3
nag,50,3.649548949736435e-05,3
nag,50,0.0007658299550225,3
nag,50,5.697024852202267e-05,3
nag,50,0.0056236433903497,3
nag,50,0.0001448683335822,3
nag,50,0.0,3
nag,50,5.454159855109498e-05,3
nag,50,5.16713551178833e-05,3
nag,50,0.0003876347478156,3
nag,50,0.0,3
nag,50,4.07120516714464e-05,3
nag,50,0.00107597119069,3
nag,50,0.0004098941435621,3
nag,50,0.0001077128044145,3
nag,50,0.0004282439698381,3
nag,50,0.0004391059743169,3
nag,50,6.99983859643734e-05,3
nag,50,0.0,3
nag,50,0.0005876934018984,3
nag,50,0.0007900074952988,3
nag,50,0.0002293541088701,3
nag,50,0.0002198305677317,3
nag,50,0.0002349841718168,3
nag,50,0.0006679395005651,3
nag,50,0.0002163607377786,3
nag,50,2.587612747453048e-05,3
nag,50,8.521704328787209e-05,3
nag,50,0.0003625596764322,3
nag,50,0.0021952327976837,3
nag,50,0.0003089558347982,3
nag,50,0.0015711868450689,3
nag,50,0.0023540807000058,3
nag,50,0.0002689932987468,3
nag,50,7.756238636396927e-05,3
nag,50,5.485969014862984e-05,3
nag,50,0.0029296789568753,3
nag,50,3.147103327010914e-05,3
nag,50,0.0005803067934179,3
nag,50,0.0001757617320665,3
nag,50,0.0006784746278627,3
nag,50,0.0029345527143666,3
nag,50,0.0007315203912209,3
nag,50,0.0,3
nag,50,0.0001387218960657,3
nag,50,0.0005387759436207,3
nag,50,0.0007131192521958,3
nag,50,0.000373207891095,3
nag,50,0.0004976212621075,3
nag,50,0.0,3
nag,50,0.0024702119499432,3
nag,50,0.0022481829924485,3
nag,50,0.0016370143780773,3
nag,50,0.0,3
nag,50,0.0010319591084547,3
nag,50,0.0,3
nag,50,0.0004450888314919,3
nag,50,0.0008991527303412,3
nag,50,0.0011668282982795,3
nag,50,0.0005357215291799,3
nag,50,6.779716748347243e-05,3
nag,50,0.0001322674845901,3
nag,50,0.0003978759469572,3
nag,50,0.0003852978204203,3
nag,50,0.0002900514071972,3
nag,50,0.0,3
nag,50,0.0016529865488545,3
nag,50,0.0009063989459458,3
nag,50,0.0001069040637547,3
nag,50,0.0,3
nag,50,0.0052240140711353,3
nag,50,0.0003488681742372,3
nag,50,0.0004035606749038,3
nag,50,0.0012473373306541,3
nag,50,5.52246413369781e-05,3
nag,50,0.0,3
nag,50,7.435301954617506e-05,3
nag,50,0.0002501419690766,3
nag,50,0.0001664220326356,3
nag,50,0.0002529331383546,3
nag,50,0.0005794109528789,3
nag,50,0.0010126815607914,3
nag,50,0.0006484917566511,3
nag,50,8.846327698130128e-05,3
nag,50,0.0005914652435185,3
nag,50,0.0013661191567904,3
nag,50,0.0,3
nag,50,0.0,3
nag,50,0.0007549272820485,3
nag,50,6.98583263915492e-05,3
nag,50,5.364118332102681e-05,3
nag,50,0.0002122666828975,3
nag,50,4.552425129016119e-05,3
nag,50,0.0001506046286131,3
nag,50,8.095279235943224e-05,3
nag,50,0.0,3
nag,50,0.0004613232740776,3
nag,50,0.0,3
nag,50,0.0003992646670253,3
nag,50,0.0004545930174268,3
nag,50,0.0010288736591332,3
nag,50,0.0002193716350572,3
nag,50,0.0007114766973251,3
nag,50,8.662927498729384e-05,3
nag,50,0.0001172280798598,3
nag,50,0.0,3
nag,50,1.6980448462218434e-05,3
nag,50,0.0,3
nag,50,0.0001169320296542,3
nag,50,9.33371759301622e-05,3
nag,50,0.0001041529348607,3
nag,50,0.0030097200012961,3
nag,50,9.860420235714896e-05,3
nag,50,0.0019007538726124,3
nag,50,5.311136448475414e-05,3
nag,50,2.4941687326740544e-05,3
nag,50,5.670521785355965e-05,3
nag,50,0.0002651219552012,3
nag,50,0.0002841870107027,3
nag,50,0.0011452183700621,3
nag,50,0.000100037155474,3
nag,50,0.0001338130319042,3
nag,50,0.0,3
nag,50,3.1650466192234796e-05,3
nag,50,0.0,3
nag,50,0.0002317431338369,3
nag,50,0.001561631468802,3
nag,50,6.882453827421729e-05,3
nag,50,8.059400056062148e-05,3
nag,50,0.0,3
nag,50,0.0003839179651315,3
nag,50,0.0004983991686702,3
nag,50,8.825735542779717e-05,3
nag,50,0.0003705523177062,3
nag,50,8.047737929102422e-05,3
nag,50,0.000535793898284,3
nag,50,0.0005727855328155,3
nag,50,0.0003865881530752,3
nag,50,7.824058330196303e-05,3
nag,50,0.0,3
nag,50,0.0009240187801692,3
nag,50,0.0001170496832369,3
nag,50,0.0028352518152199,3
nag,50,1.6631467643321518e-05,3
nag,50,0.0002509038580936,3
nag,50,5.9575527562101465e-05,3
nag,50,0.0005444713432932,3
nag,50,0.0,3
nag,50,0.0006868347658337,3
nag,50,0.0001036997602843,3
nag,50,0.0007420952952777,3
nag,50,0.0051721434395345,3
nag,50,0.0002175180101543,3
nag,50,7.685770561906593e-05,3
nag,50,0.000308916069739,3
nag,50,0.0001368024480426,3
nag,50,0.0002297937002185,3
nag,50,0.0003064062319187,3
nag,50,0.0012493304587174,3
nag,50,0.0002055644973442,3
nag,50,0.0002248815383025,3
nag,50,4.1712199724026634e-05,3
nag,50,0.0004433789210986,3
nag,50,0.0,3
nag,50,0.0001493951721617,3
nag,50,0.0,3
nag,50,0.0001061508778268,3
nag,50,0.0002666149029804,3
nag,50,0.0006971945698457,3
nag,50,0.0006295207157376,3
nag,50,0.0008774522945391,3
nag,50,0.0003440999051136,3
nag,50,0.0,3
nag,50,0.0003720623554195,3
nag,50,0.0005534410695958,3
nag,50,0.0004025541655248,3
nag,50,0.0002158164093723,3
nag,50,0.0010511737335571,3
nag,50,0.0002106475027192,3
nag,50,9.241352485769012e-05,3
nag,50,0.0007837161638796,3
nag,50,0.0033755686951494,3
nag,50,0.0002827812336353,3
nag,50,0.0001083371152565,3
nag,50,9.928902129940844e-05,3
nag,50,0.0,3
nag,50,0.0011982467553203,3
nag,50,0.0007466192852226,3
nag,50,4.700969324060935e-05,3
nag,50,0.0001101289537604,3
nag,50,0.0025646104133896,3
nag,50,0.0016724359410822,3
nag,50,0.0,3
nag,50,0.00068801229763,3
nag,50,2.594752472681681e-05,3
nag,50,0.000325296672142,3
nag,50,0.0001238126133084,3
nag,50,0.0013485584999168,3
nag,50,0.0002857614357701,3
nag,50,0.0004184518518579,3
nag,50,0.0014895228049102,3
nag,50,0.0001011623129935,3
nag,50,0.0002580075568265,3
nag,50,0.0019278744541817,3
nag,50,8.456272784303654e-05,3
nag,50,0.0012813536589684,3
nag,50,2.1978070047305557e-05,3
nag,50,0.0001080674077899,3
nag,50,6.993778482428986e-05,3
nag,50,5.038770465794951e-05,3
nag,50,0.0006426592124812,3
nag,50,0.0002501743054676,3
nag,50,3.271595039827643e-05,3
nag,50,0.0046316909300956,3
nag,50,0.0,3
nag,50,0.0009225913005993,3
nag,50,0.0011475861150127,3
nag,50,0.0006600453348262,3
nag,50,0.0016011299738588,3
nag,50,0.0004332899822019,3
nag,50,4.6168410284871496e-05,3
nag,50,0.0,3
nag,50,8.341878445235246e-05,3
nag,50,6.0281708531791805e-05,3
nag,50,0.0001345705138403,3
nag,50,0.0001074841097061,3
nag,50,5.0624833782561096e-05,3
nag,50,0.0011046800356476,3
nag,50,0.000987624073968,3
nag,50,0.0007331252299392,3
nag,50,0.0004634495480458,3
nag,50,0.0,3
nag,50,3.995270383343636e-05,3
nag,50,0.0004282531026937,3
nag,50,0.0011901967655324,3
nag,50,0.0002555591882179,3
nag,50,0.0011799444892014,3
nag,50,0.0001948339040848,3
nag,50,5.516282667177774e-05,3
nag,50,0.0004179772912817,3
nag,50,0.0015959657814368,3
nag,50,0.0005385401697057,3
nag,50,0.0005325083968943,3
nag,50,0.0001308544784074,3
nag,50,0.000482786057621,3
nag,50,3.838661859758807e-05,3
nag,50,0.0,3
nag,50,0.0005912397696077,3
nag,50,0.0,3
nag,50,0.0030071978416247,3
nag,50,0.0,3
nag,50,0.0006243676282666,3
nag,50,5.678216490453466e-05,3
nag,50,0.0004815975315015,3
nag,50,0.0003105186407102,3
bg,50,3.354967003073712e-07,3
bg,50,1.2498514149483275e-06,3
bg,50,5.354890923344064e-07,3
bg,50,1.138463434735157e-06,3
bg,50,3.865174869288736e-07,3
bg,50,8.023262013538333e-07,3
bg,50,7.953000679730065e-07,3
bg,50,3.769526684064517e-07,3
bg,50,3.767102831991083e-07,3
bg,50,9.2611349034355e-07,3
bg,50,8.427439003989214e-07,3
bg,50,4.588710559070706e-07,3
bg,50,1.0538179090933727e-06,3
bg,50,4.905802682786247e-07,3
bg,50,4.3435263840345604e-07,3
bg,50,5.212252721057684e-07,3
bg,50,5.115232089207285e-07,3
bg,50,4.414231352702849e-07,3
bg,50,6.622456778851044e-07,3
bg,50,3.7745948969980723e-07,3
bg,50,8.431825053319289e-07,3
bg,50,7.776198141429919e-07,3
bg,50,8.151852891884244e-07,3
bg,50,2.127024608230077e-07,3
bg,50,4.003008575854545e-07,3
bg,50,8.034262508523143e-07,3
bg,50,6.466272453060606e-07,3
bg,50,5.413890809465084e-07,3
bg,50,6.033468053560418e-07,3
bg,50,3.800408501757483e-07,3
bg,50,8.594445357804376e-07,3
bg,50,4.452090031807511e-07,3
bg,50,2.574323327045178e-07,3
bg,50,6.147732694842098e-07,3
bg,50,4.9762310134609e-07,3
bg,50,4.675909301727305e-07,3
bg,50,8.688382760631758e-07,3
bg,50,7.088819520591072e-07,3
bg,50,8.289179201494733e-07,3
bg,50,8.11813325161048e-07,3
bg,50,7.175882067153522e-07,3
bg,50,7.480515083627485e-07,3
bg,50,6.332857503275243e-07,3
bg,50,3.643901722486066e-07,3
bg,50,6.664779308566909e-07,3
bg,50,5.775509295463508e-07,3
bg,50,4.978422630604866e-07,3
bg,50,4.180159162299738e-07,3
bg,50,5.539401012448679e-07,3
bg,50,9.119354052041632e-07,3
bg,50,4.802524410584343e-07,3
bg,50,4.706472750560241e-07,3
bg,50,6.19875751452665e-07,3
bg,50,2.06618064575779e-07,3
bg,50,7.40645018149046e-07,3
bg,50,5.071948501772382e-07,3
bg,50,9.218134624226994e-07,3
bg,50,4.883172977685728e-07,3
bg,50,4.608253519908154e-07,3
bg,50,6.148049360349205e-07,3
bg,50,5.35908402567078e-07,3
bg,50,5.96897681383191e-07,3
bg,50,4.7385236031376203e-07,3
bg,50,3.610874933710553e-07,3
bg,50,5.588292582529373e-07,3
bg,50,6.984978130519398e-07,3
bg,50,4.3024880913028833e-07,3
bg,50,6.005718388331785e-07,3
bg,50,5.520244566822959e-07,3
bg,50,5.710585697982827e-07,3
bg,50,4.332592933040129e-07,3
bg,50,5.650154338249104e-07,3
bg,50,7.765995120780736e-07,3
bg,50,4.26146882962137e-07,3
bg,50,3.755317914462613e-07,3
bg,50,2.9413706659455917e-07,3
bg,50,3.795720854017506e-07,3
bg,50,7.421180885144043e-07,3
bg,50,6.445358264792115e-07,3
bg,50,7.326737654822392e-07,3
bg,50,5.81057072082311e-07,3
bg,50,3.548904609284057e-07,3
bg,50,4.5305177217148083e-07,3
bg,50,7.456152483999353e-07,3
bg,50,5.380568265293773e-07,3
bg,50,3.6344851712637097e-07,3
bg,50,7.117600192529416e-07,3
bg,50,4.406207395635316e-07,3
bg,50,3.8693884089229465e-07,3
bg,50,2.2741114956100163e-07,3
bg,50,6.614445881815256e-07,3
bg,50,5.934056493450125e-07,3
bg,50,6.455113137653869e-07,3
bg,50,4.5972082255361434e-07,3
bg,50,5.123431910796554e-07,3
bg,50,9.994948266037397e-07,3
bg,50,5.387939087009723e-07,3
bg,50,7.498261947513216e-07,3
bg,50,7.118044190868702e-07,3
bg,50,7.127693705226153e-07,3
bg,50,6.419042184733672e-07,3
bg,50,5.464450137520702e-07,3
bg,50,8.191800329588889e-07,3
bg,50,5.103466731158248e-07,3
bg,50,4.925545677328153e-07,3
bg,50,3.313573333180306e-07,3
bg,50,5.854770348923712e-07,3
bg,50,3.015788016458686e-07,3
bg,50,4.674034611975929e-07,3
bg,50,5.292750837974341e-07,3
bg,50,3.086621111654586e-07,3
bg,50,4.496224864168574e-07,3
bg,50,3.338160773894636e-07,3
bg,50,5.169142531788727e-07,3
bg,50,3.734978164756247e-07,3
bg,50,8.063773282135259e-07,3
bg,50,7.247781428774156e-07,3
bg,50,5.24681582308172e-07,3
bg,50,5.462828903962431e-07,3
bg,50,6.76978673222069e-07,3
bg,50,5.421171143024201e-07,3
bg,50,3.008228123022628e-07,3
bg,50,3.268564678706738e-07,3
bg,50,4.94281624810865e-07,3
bg,50,8.527744088241189e-07,3
bg,50,5.153742754075474e-07,3
bg,50,3.237117811372054e-07,3
bg,50,7.920813915731191e-07,3
bg,50,3.8899124387459953e-07,3
bg,50,4.140725395902249e-07,3
bg,50,6.231528671835591e-07,3
bg,50,3.5621965811628404e-07,3
bg,50,6.295285586814443e-07,3
bg,50,3.502610306302674e-07,3
bg,50,3.941943370584731e-07,3
bg,50,5.16669794340586e-07,3
bg,50,5.280272242511381e-07,3
bg,50,4.932218906288149e-07,3
bg,50,4.819102710329427e-07,3
bg,50,3.73499453672555e-07,3
bg,50,5.945376070773285e-07,3
bg,50,3.522940869431563e-07,3
bg,50,8.602060814693696e-07,3
bg,50,3.5210238910685106e-07,3
bg,50,9.676347171206523e-07,3
bg,50,8.312069353108527e-07,3
bg,50,7.334085017835594e-07,3
bg,50,5.018151913482107e-07,3
bg,50,5.246562629054456e-07,3
bg,50,3.700101476972421e-07,3
bg,50,2.349736480806554e-07,3
bg,50,4.14037596156625e-07,3
bg,50,4.491516296872674e-07,3
bg,50,7.335006355056316e-07,3
bg,50,5.361777848877531e-07,3
bg,50,5.208244664010208e-07,3
bg,50,6.049062858200778e-07,3
bg,50,9.824416685570706e-07,3
bg,50,8.085914169884137e-07,3
bg,50,1.0388310330358923e-06,3
bg,50,5.829918037756051e-07,3
bg,50,2.6560078032614794e-07,3
bg,50,5.84857853904451e-07,3
bg,50,7.178754754450688e-07,3
bg,50,6.216252900624139e-07,3
bg,50,3.288102591576552e-07,3
bg,50,3.878980205370379e-07,3
bg,50,6.706553705092855e-07,3
bg,50,3.3142563381292736e-07,3
bg,50,6.250452269465048e-07,3
bg,50,3.561730015771444e-07,3
bg,50,7.5239670743271e-07,3
bg,50,5.891312770741648e-07,3
bg,50,2.439902571668799e-07,3
bg,50,3.5176852054296465e-07,3
bg,50,3.882302877832032e-07,3
bg,50,3.7200411162362354e-07,3
bg,50,5.953600979815077e-07,3
bg,50,7.162525870521248e-07,3
bg,50,4.6389113463788356e-07,3
bg,50,6.622416519324944e-07,3
bg,50,8.150345595706639e-07,3
bg,50,7.34751576041118e-07,3
bg,50,6.572920745447209e-07,3
bg,50,7.361761537513269e-07,3
bg,50,3.598220676104983e-07,3
bg,50,4.6946936139071834e-07,3
bg,50,5.651271644985501e-07,3
bg,50,5.506691995471325e-07,3
bg,50,6.22838322539692e-07,3
bg,50,4.962380664711544e-07,3
bg,50,4.581450086106482e-07,3
bg,50,4.776756271941029e-07,3
bg,50,7.457275212389982e-07,3
bg,50,5.375121353883014e-07,3
bg,50,4.950108720059254e-07,3
bg,50,7.032680436167085e-07,3
bg,50,6.720050612078628e-07,3
bg,50,4.6829999293090155e-07,3
bg,50,6.714959073240513e-07,3
bg,50,6.328369624910103e-07,3
bg,50,1.0482973796618136e-06,3
bg,50,5.66292032186055e-07,3
bg,50,2.906949744549568e-07,3
bg,50,7.817304533579089e-07,3
bg,50,6.109195151316223e-07,3
bg,50,4.994650669081833e-07,3
bg,50,1.249701029944849e-06,3
bg,50,7.351800171129001e-07,3
bg,50,6.755267556481456e-07,3
bg,50,7.19240391260105e-07,3
bg,50,3.93120240496353e-07,3
bg,50,7.522426067183407e-07,3
bg,50,5.74390987604924e-07,3
bg,50,2.062843278084117e-07,3
bg,50,6.721055641473112e-07,3
bg,50,5.283031240684761e-07,3
bg,50,6.366299039113274e-07,3
bg,50,3.0939190263516344e-07,3
bg,50,4.7057756401005494e-07,3
bg,50,3.4571907914974573e-07,3
bg,50,8.649009639082342e-07,3
bg,50,6.487400703738369e-07,3
bg,50,8.69107597123645e-07,3
bg,50,9.777220751660834e-07,3
bg,50,5.709999995500422e-07,3
bg,50,5.535366622925244e-07,3
bg,50,3.764141298661317e-07,3
bg,50,4.444724309006985e-07,3
bg,50,8.778710057212467e-07,3
bg,50,7.405468010550813e-07,3
bg,50,7.622899092203765e-07,3
bg,50,6.61168347173758e-07,3
bg,50,3.8038815579685044e-07,3
bg,50,6.272572185790522e-07,3
bg,50,6.099793988985158e-07,3
bg,50,3.962677344759994e-07,3
bg,50,3.945069325733619e-07,3
bg,50,3.5441099709355714e-07,3
bg,50,1.832219848386921e-07,3
bg,50,6.934373827331154e-07,3
bg,50,5.291309211187894e-07,3
bg,50,5.167062458857541e-07,3
bg,50,8.262233430298959e-07,3
bg,50,7.404070081241113e-07,3
bg,50,4.591094478242173e-07,3
bg,50,9.873320327699847e-07,3
bg,50,4.30230233169236e-07,3
bg,50,7.383774418493442e-07,3
bg,50,7.427575772015489e-07,3
bg,50,6.963609866566782e-07,3
bg,50,8.611299237191412e-07,3
bg,50,4.262884945811158e-07,3
bg,50,6.522528702624201e-07,3
bg,50,4.3964485735447924e-07,3
bg,50,3.468115731485361e-07,3
bg,50,6.385035771629695e-07,3
bg,50,6.530822178244371e-07,3
bg,50,3.7248037110091363e-07,3
bg,50,7.966550425690705e-07,3
bg,50,9.818869282022946e-07,3
bg,50,3.678626949063424e-07,3
bg,50,6.309723234091835e-07,3
bg,50,8.363711932085053e-07,3
bg,50,4.0582910154191553e-07,3
bg,50,9.69911319765647e-07,3
bg,50,4.991300911724329e-07,3
bg,50,5.013650338281567e-07,3
bg,50,5.97492550788119e-07,3
bg,50,5.625593882253089e-07,3
bg,50,2.6759781304102874e-07,3
bg,50,5.259178509053168e-07,3
bg,50,5.650202545846065e-07,3
bg,50,5.408861906964121e-07,3
bg,50,2.575253310268638e-07,3
bg,50,4.997867678213913e-07,3
bg,50,4.809928306539361e-07,3
bg,50,3.146665434985692e-07,3
bg,50,4.2803631643635907e-07,3
bg,50,5.64389195858749e-07,3
bg,50,6.43750589028622e-07,3
bg,50,7.520402746394037e-07,3
bg,50,6.658585470348529e-07,3
bg,50,2.689647922613627e-07,3
bg,50,5.867470450389526e-07,3
bg,50,8.985954346290572e-07,3
bg,50,3.890772898253991e-07,3
bg,50,4.3009984958924467e-07,3
bg,50,4.697598940838363e-07,3
bg,50,5.440671807374796e-07,3
bg,50,4.024514193673329e-07,3
bg,50,8.843207284154579e-07,3
bg,50,6.282805348895526e-07,3
bg,50,3.5685063506854693e-07,3
bg,50,5.479585011418557e-07,3
bg,50,7.716879734381461e-07,3
bg,50,3.193609399469115e-07,3
bg,50,4.716072744620858e-07,3
bg,50,5.791779998728835e-07,3
bg,50,3.0940170884231826e-07,3
bg,50,6.630163718915044e-07,3
bg,50,4.413852986273608e-07,3
bg,50,2.872641558184649e-07,3
bg,50,6.188813688961878e-07,3
bg,50,6.027261504486212e-07,3
bg,50,3.6040212117284945e-07,3
bg,50,9.067283092507184e-07,3
bg,50,4.814631485774583e-07,3
bg,50,5.243987632547574e-07,3
bg,50,6.045564982228781e-07,3
bg,50,1.025371375374234e-06,3
bg,50,6.79164785244034e-07,3
bg,50,4.506996537455307e-07,3
bg,50,5.992305016882508e-07,3
bg,50,5.449657886901582e-07,3
bg,50,5.187618604890219e-07,3
bg,50,7.408306158716549e-07,3
bg,50,4.202179030556758e-07,3
bg,50,3.205127571486747e-07,3
bg,50,5.914835227949993e-07,3
bg,50,5.378707997263692e-07,3
bg,50,2.7567078906513634e-07,3
bg,50,7.721157606644591e-07,3
bg,50,6.592295736964882e-07,3
bg,50,5.843413744302072e-07,3
bg,50,3.399144820094498e-07,3
bg,50,7.300806820072024e-07,3
bg,50,5.340761435631584e-07,3
bg,50,1.0677869035458547e-06,3
bg,50,6.946569882315464e-07,3
bg,50,5.066420202865612e-07,3
bg,50,4.638697754828012e-07,3
bg,50,2.751343919975421e-07,3
bg,50,5.862195853776809e-07,3
bg,50,5.720157665740425e-07,3
bg,50,4.474413003147828e-07,3
bg,50,4.85845214626287e-07,3
bg,50,7.272584161955822e-07,3
bg,50,5.274831464836833e-07,3
bg,50,8.720116030928542e-07,3
bg,50,2.859247622069825e-07,3
bg,50,5.377929117001426e-07,3
bg,50,4.514712885052834e-07,3
bg,50,9.270280376947144e-07,3
bg,50,5.609481406781776e-07,3
bg,50,2.75009976152585e-07,3
bg,50,7.418607831684614e-07,3
bg,50,5.368431608625928e-07,3
bg,50,2.421131253301975e-07,3
bg,50,3.698854867845166e-07,3
bg,50,8.564049267916058e-07,3
bg,50,5.11198381292796e-07,3
bg,50,6.75500360852823e-07,3
bg,50,4.473364939671837e-07,3
bg,50,5.754571265340587e-07,3
bg,50,5.423374992812335e-07,3
bg,50,5.453529133587651e-07,3
bg,50,6.617056001416216e-07,3
bg,50,6.518475740180118e-07,3
bg,50,5.071207284920553e-07,3
bg,50,6.485212682306257e-07,3
bg,50,5.784045837123956e-07,3
bg,50,5.88825455890516e-07,3
bg,50,6.881774689122234e-07,3
bg,50,5.045199442100071e-07,3
bg,50,5.994870575494462e-07,3
bg,50,6.688149756902765e-07,3
bg,50,4.894213503931629e-07,3
bg,50,6.232391453556736e-07,3
bg,50,7.016406864791975e-07,3
bg,50,7.449361277983048e-07,3
bg,50,4.576275918436982e-07,3
bg,50,6.644209950158531e-07,3
bg,50,6.467169200621774e-07,3
bg,50,3.594652865529408e-07,3
bg,50,6.457148309083286e-07,3
bg,50,4.058034913310392e-07,3
bg,50,6.167464858340147e-07,3
bg,50,6.026114032697929e-07,3
bg,50,8.81792939842832e-07,3
bg,50,6.480770108048446e-07,3
bg,50,5.45119376633246e-07,3
bg,50,6.30305206932447e-07,3
bg,50,5.552157503909652e-07,3
bg,50,5.84527943648104e-07,3
bg,50,4.4665930891306995e-07,3
bg,50,4.7399035913963963e-07,3
bg,50,3.957558610545973e-07,3
bg,50,4.6449811295626403e-07,3
bg,50,7.610409032560926e-07,3
bg,50,2.017501232776533e-07,3
bg,50,9.206403427235952e-07,3
bg,50,8.677701087887227e-07,3
bg,50,5.336321811076591e-07,3
bg,50,7.968444700249822e-07,3
bg,50,4.293626608850513e-07,3
bg,50,4.616306137891236e-07,3
bg,50,6.597894254311431e-07,3
bg,50,6.668315328134276e-07,3
bg,50,1.924716696287735e-07,3
bg,50,7.073547015620357e-07,3
bg,50,7.728244606830092e-07,3
bg,50,6.397013320520543e-07,3
bg,50,7.730829981829252e-07,3
bg,50,8.528177220320222e-07,3
bg,50,3.589859598934466e-07,3
bg,50,3.70259019071891e-07,3
bg,50,4.1196054785749154e-07,3
bg,50,5.823910406376361e-07,3
bg,50,3.349702770757195e-07,3
bg,50,4.0499293800755187e-07,3
bg,50,7.585785095093476e-07,3
bg,50,4.25585409123844e-07,3
bg,50,3.719135834016227e-07,3
bg,50,6.027654255310562e-07,3
bg,50,4.623616844842037e-07,3
bg,50,2.95589405079835e-07,3
bg,50,4.85987584630383e-07,3
bg,50,2.45655631017697e-07,3
bg,50,5.564910792532809e-07,3
bg,50,3.59176420210868e-07,3
bg,50,5.605624726438043e-07,3
bg,50,2.905018776312887e-07,3
bg,50,8.332317033723358e-07,3
bg,50,3.452099066991502e-07,3
bg,50,6.145820469160825e-07,3
bg,50,7.739866420158879e-07,3
bg,50,5.309307856961739e-07,3
bg,50,6.990247648910695e-07,3
bg,50,4.864688863084195e-07,3
bg,50,4.111497735201152e-07,3
bg,50,5.257522478093276e-07,3
bg,50,5.249832837205431e-07,3
bg,50,8.641934833487966e-07,3
bg,50,6.61640822325298e-07,3
bg,50,3.441402753525636e-07,3
bg,50,3.718070366393691e-07,3
bg,50,6.306917924589874e-07,3
bg,50,4.73956100297383e-07,3
bg,50,3.09437891361886e-07,3
bg,50,6.620368365376704e-07,3
bg,50,9.762779730367997e-07,3
bg,50,2.874899164761821e-07,3
bg,50,4.258270239768323e-07,3
bg,50,6.316136551021328e-07,3
bg,50,5.917419830209897e-07,3
bg,50,6.553742479106193e-07,3
bg,50,4.870612062470892e-07,3
bg,50,6.025974872693586e-07,3
bg,50,8.16250371055471e-07,3
bg,50,5.992450802307195e-07,3
bg,50,7.4395405975039e-07,3
bg,50,7.275004790450837e-07,3
bg,50,5.340853378873578e-07,3
bg,50,6.49557034165097e-07,3
bg,50,5.798242725144968e-07,3
bg,50,3.1454417145075133e-07,3
bg,50,6.162888045335676e-07,3
bg,50,5.076109604060106e-07,3
bg,50,9.783139785925825e-07,3
bg,50,6.569234669504259e-07,3
bg,50,7.756770515281093e-07,3
bg,50,5.212909140867882e-07,3
bg,50,9.78254941288075e-07,3
bg,50,2.547390239922381e-07,3
bg,50,4.3333912185518265e-07,3
bg,50,7.429337331711728e-07,3
bg,50,2.808056019687929e-07,3
bg,50,5.258939316369009e-07,3
bg,50,6.4130674929949e-07,3
bg,50,6.349790340260608e-07,3
bg,50,6.051632691370054e-07,3
bg,50,2.928110638266423e-07,3
bg,50,2.672030119267435e-07,3
bg,50,5.089410502207594e-07,3
bg,50,5.958507729941534e-07,3
bg,50,8.192107986889036e-07,3
bg,50,4.505279192926977e-07,3
bg,50,4.382226474038438e-07,3
bg,50,5.346818019213593e-07,3
bg,50,4.173550684354087e-07,3
bg,50,5.980811129894192e-07,3
bg,50,7.848819111967819e-07,3
bg,50,4.963598430449376e-07,3
bg,50,8.308624519311199e-07,3
bg,50,4.698579064940758e-07,3
bg,50,6.880199883753463e-07,3
bg,50,5.17800044983998e-07,3
bg,50,4.29096192029183e-07,3
bg,50,9.014313043924808e-07,3
bg,50,6.599500644593816e-07,3
bg,50,3.330988275981575e-07,3
bg,50,6.143025778824089e-07,3
bg,50,4.62323437195268e-07,3
bg,50,8.910006221612714e-07,3
bg,50,5.792122260142364e-07,3
bg,50,6.204648330446213e-07,3
bg,50,2.675305587607293e-07,3
bg,50,4.65704143726161e-07,3
bg,50,3.878465888565837e-07,3
ag,50,0.0177420457640239,4
ag,50,0.0043234077112333,4
ag,50,0.0135466377232025,4
ag,50,0.0128974431369081,4
ag,50,0.032030444296756,4
ag,50,0.0150022997922624,4
ag,50,0.0033919539154673,4
ag,50,0.0,4
ag,50,0.0002282212975183,4
ag,50,0.0072717389941912,4
ag,50,0.00224302781604,4
ag,50,0.017814173299469,4
ag,50,0.0105294440806995,4
ag,50,0.0010662791537015,4
ag,50,0.0080976721883861,4
ag,50,0.0010255013934469,4
ag,50,0.0039283557733547,4
ag,50,0.017387107634231,4
ag,50,0.0185471628585148,4
ag,50,0.0204731143680469,4
ag,50,0.0001941191133911,4
ag,50,0.0220785555149448,4
ag,50,0.0056465095591002,4
ag,50,0.0030756477411567,4
ag,50,0.104677790635574,4
ag,50,0.0071314842089018,4
ag,50,0.0271354386593189,4
ag,50,0.011095147217561,4
ag,50,0.0021484366251089,4
ag,50,0.0055077998111107,4
ag,50,0.0017658113864539,4
ag,50,0.0469244417568367,4
ag,50,0.0071112571775231,4
ag,50,0.0133234017802885,4
ag,50,0.0029462055671664,4
ag,50,0.0099067208171711,4
ag,50,0.0870352329447202,4
ag,50,0.0065165398899492,4
ag,50,0.0088898541117369,4
ag,50,0.021991690759758,4
ag,50,0.0193594370085631,4
ag,50,0.0041681135991917,4
ag,50,0.042718095503914,4
ag,50,0.0045711374334799,4
ag,50,0.011896372387739,4
ag,50,0.0012817982654935,4
ag,50,0.0053348699393269,4
ag,50,0.0118008137474803,4
ag,50,0.025919749012467,4
ag,50,0.0130177758032599,4
ag,50,0.0167830927094942,4
ag,50,0.0028635545100733,4
ag,50,0.0213211745212339,4
ag,50,0.0184345045033387,4
ag,50,0.0190787721725061,4
ag,50,0.0230001496687545,4
ag,50,0.0103366984998833,4
ag,50,0.0031944087251079,4
ag,50,0.0161022971241753,4
ag,50,0.0027697464147857,4
ag,50,0.0134163122465986,4
ag,50,0.0054974913698004,4
ag,50,0.0167229379589637,4
ag,50,0.0019652579412607,4
ag,50,0.0134640610257997,4
ag,50,0.0017360629572237,4
ag,50,0.0156884740145191,4
ag,50,0.037508488723537,4
ag,50,0.011022205150887,4
ag,50,0.0078448986526438,4
ag,50,0.0031325980071269,4
ag,50,0.013633525238337,4
ag,50,0.0007497167298911,4
ag,50,0.0336764348621851,4
ag,50,0.0033618041339494,4
ag,50,0.0160045113436154,4
ag,50,0.0134264499548129,4
ag,50,0.0026020990242289,4
ag,50,0.0143959900883731,4
ag,50,0.0018275423883575,4
ag,50,0.0048262282826284,4
ag,50,0.0253291384789906,4
ag,50,0.0028338482079027,4
ag,50,0.0122409573805235,4
ag,50,0.0013464935120604,4
ag,50,0.0102922409860477,4
ag,50,0.0058905345000716,4
ag,50,0.0121007840088377,4
ag,50,0.0045551098159226,4
ag,50,0.0040928729388362,4
ag,50,0.0066067839882186,4
ag,50,0.0061797657424472,4
ag,50,0.0096353191813735,4
ag,50,0.0503788435050896,4
ag,50,0.0005304480418305,4
ag,50,0.0070054101001444,4
ag,50,0.098300840188167,4
ag,50,0.0284758666388402,4
ag,50,0.01412439281879,4
ag,50,0.0305679952250715,4
ag,50,0.0047216782413525,4
ag,50,0.0555088454904994,4
ag,50,0.0097477381081869,4
ag,50,0.024593990553282,4
ag,50,0.0037063639779393,4
ag,50,0.0192291186955518,4
ag,50,0.0080182742067063,4
ag,50,0.152564212388581,4
ag,50,0.0127061214876334,4
ag,50,0.0254011717013948,4
ag,50,0.0026324977143966,4
ag,50,0.0045134000143623,4
ag,50,0.0107858264232757,4
ag,50,0.0002746336794006,4
ag,50,0.0047200900735478,4
ag,50,0.0141571356834952,4
ag,50,0.0034257071907506,4
ag,50,0.0058023291483355,4
ag,50,0.000353582051566,4
ag,50,0.0072197595576945,4
ag,50,0.0018272339143882,4
ag,50,0.0027977861312441,4
ag,50,0.0353553352295107,4
ag,50,0.0332897179704212,4
ag,50,0.0033193572120994,4
ag,50,0.0170731723707709,4
ag,50,0.0320040687506693,4
ag,50,0.0114125563990183,4
ag,50,0.0023077234840543,4
ag,50,0.0150150669977494,4
ag,50,0.0241240507935949,4
ag,50,0.0118883003150947,4
ag,50,0.0030833591388132,4
ag,50,0.0497873766481631,4
ag,50,0.0084408063140516,4
ag,50,0.0003571145476589,4
ag,50,0.0379561933365328,4
ag,50,0.0422111289521576,4
ag,50,0.0051368069265115,4
ag,50,0.026575149136141,4
ag,50,0.0037245975343991,4
ag,50,0.0547805341657476,4
ag,50,0.0049247794512869,4
ag,50,0.0006057532432058,4
ag,50,0.0317186696147844,4
ag,50,0.0136401788960203,4
ag,50,0.0014763229464387,4
ag,50,0.0010025334530031,4
ag,50,0.0026946316626554,4
ag,50,0.0019225238495062,4
ag,50,0.0047323159002356,4
ag,50,0.0014387171635444,4
ag,50,0.0049987354087879,4
ag,50,0.0268147933825744,4
ag,50,0.004101064064671,4
ag,50,0.0040125449243343,4
ag,50,0.0074091874303922,4
ag,50,0.0221798609588289,4
ag,50,0.0001282943663107,4
ag,50,0.0030281692801245,4
ag,50,0.0711653993841519,4
ag,50,0.0074647840962787,4
ag,50,0.0154197355237329,4
ag,50,0.0011653908114645,4
ag,50,0.0027564206103727,4
ag,50,0.0156479469472015,4
ag,50,0.0049212182951236,4
ag,50,0.0330722895768069,4
ag,50,0.0016235711715818,4
ag,50,0.0274213585171359,4
ag,50,0.0339841874330876,4
ag,50,0.0032519437602324,4
ag,50,0.0124296424565224,4
ag,50,0.0024401378668628,4
ag,50,0.0109021547101568,4
ag,50,0.1079722016984457,4
ag,50,0.1207081188464758,4
ag,50,0.0219317941519472,4
ag,50,0.0006174562410193,4
ag,50,0.0677490368361947,4
ag,50,0.0086556323096973,4
ag,50,0.0105004297062635,4
ag,50,0.0132387520004233,4
ag,50,0.0164863875228759,4
ag,50,0.0443433121227938,4
ag,50,0.0093562538493516,4
ag,50,0.0026294258554546,4
ag,50,0.0042342747449548,4
ag,50,0.0745195994131256,4
ag,50,0.0119773959070903,4
ag,50,0.0007191359518509,4
ag,50,0.0257902021120039,4
ag,50,0.0095628884628089,4
ag,50,0.0186307561131329,4
ag,50,0.0464450527108242,4
ag,50,0.005670008869061,4
ag,50,0.0571832659622697,4
ag,50,0.0023725833000717,4
ag,50,0.001896626725785,4
ag,50,0.0215037225156881,4
ag,50,0.0054547751519913,4
ag,50,0.0010951496080322,4
ag,50,0.0273272426505849,4
ag,50,0.0046647477464816,4
ag,50,0.0178872328623503,4
ag,50,0.0039100215018511,4
ag,50,0.0015046276216562,4
ag,50,0.0062229028787005,4
ag,50,0.0158251778381185,4
ag,50,0.0153172495283741,4
ag,50,0.0382807241724456,4
ag,50,0.0148481628379202,4
ag,50,0.0093029279591189,4
ag,50,0.0006892267657701,4
ag,50,0.0273655881819048,4
ag,50,0.0090206299584453,4
ag,50,0.0273413948427473,4
ag,50,0.0037981843894886,4
ag,50,0.0016232338931647,4
ag,50,0.0093725254962087,4
ag,50,0.002064443107654,4
ag,50,0.0088390356735164,4
ag,50,0.0354376683701738,4
ag,50,0.0035415794963743,4
ag,50,0.0182181390625006,4
ag,50,0.0082752025748729,4
ag,50,0.0051457573526514,4
ag,50,0.0045885940967203,4
ag,50,0.0,4
ag,50,0.0038295290763898,4
ag,50,0.0204953151082117,4
ag,50,0.000914280698024,4
ag,50,0.0112982975777161,4
ag,50,0.0146934134127618,4
ag,50,0.010240667223799,4
ag,50,0.0100077405561504,4
ag,50,0.0008613775636221,4
ag,50,0.0224845413755898,4
ag,50,0.0560921610776932,4
ag,50,0.0005740175781188,4
ag,50,0.0203001400692222,4
ag,50,0.0099902527968919,4
ag,50,0.0248238840723639,4
ag,50,0.0092208618377334,4
ag,50,0.0306665553231985,4
ag,50,0.002776166366568,4
ag,50,0.0014348841578695,4
ag,50,0.0001110290347505,4
ag,50,0.0073384417179335,4
ag,50,0.0090639424340781,4
ag,50,0.0112337893956121,4
ag,50,0.0074510530014251,4
ag,50,0.0340702311824057,4
ag,50,0.0144153564171924,4
ag,50,0.0281978827484364,4
ag,50,0.0182552943549565,4
ag,50,0.0100298985606605,4
ag,50,0.0069878122605353,4
ag,50,0.0244433151583057,4
ag,50,0.0107029220610878,4
ag,50,0.0145365376961063,4
ag,50,0.0156179171660479,4
ag,50,0.0051903398729055,4
ag,50,0.0005639455487569,4
ag,50,0.0041736880322669,4
ag,50,0.0012947561326657,4
ag,50,0.0113951993732193,4
ag,50,0.009108565792984,4
ag,50,0.0067203673774271,4
ag,50,0.0228393360035414,4
ag,50,0.0178708504791046,4
ag,50,0.0295212812827343,4
ag,50,0.0091860740602832,4
ag,50,0.0006688447869306,4
ag,50,0.01202842784202,4
ag,50,0.0154207314909301,4
ag,50,0.0236107929502857,4
ag,50,0.0013531637101256,4
ag,50,0.0138250385882063,4
ag,50,0.0490060466311536,4
ag,50,0.0058182485481961,4
ag,50,0.0222326565720431,4
ag,50,0.0002856302717849,4
ag,50,0.0073842787177321,4
ag,50,0.0115822778420143,4
ag,50,0.0032982899936075,4
ag,50,0.0213788566769876,4
ag,50,0.0029143748476177,4
ag,50,0.0045038001841288,4
ag,50,0.0262363321021716,4
ag,50,0.007628765891253,4
ag,50,0.0011948287963901,4
ag,50,0.0073164306929312,4
ag,50,0.0125093399548794,4
ag,50,0.000229979080368,4
ag,50,0.0062491029927835,4
ag,50,0.0023833999248176,4
ag,50,0.001021645422971,4
ag,50,0.0059789776914452,4
ag,50,0.0014833858291549,4
ag,50,0.0110446470685822,4
ag,50,0.0023604609828854,4
ag,50,0.0023967518226406,4
ag,50,0.0101520224727438,4
ag,50,0.0012616418722897,4
ag,50,0.0339634549051156,4
ag,50,0.0155979777203268,4
ag,50,0.0099555064826985,4
ag,50,0.0021779316895194,4
ag,50,0.0033701426618942,4
ag,50,0.0229557936469513,4
ag,50,0.006001293800477,4
ag,50,0.0012630321926082,4
ag,50,0.0026191366078349,4
ag,50,0.0002420470421988,4
ag,50,0.0439561034891254,4
ag,50,0.0055110405660363,4
ag,50,0.0143710924917582,4
ag,50,0.0029019633410092,4
ag,50,0.0013974514272683,4
ag,50,0.0033079397109775,4
ag,50,0.010096120844635,4
ag,50,0.0047996455001923,4
ag,50,0.0109411108362706,4
ag,50,0.0121638615596601,4
ag,50,0.002518743510833,4
ag,50,0.042661169901742,4
ag,50,0.0147406350427141,4
ag,50,0.0197653093152462,4
ag,50,0.002376146089792,4
ag,50,0.0276263541476521,4
ag,50,0.0120705150512563,4
ag,50,0.0180094091496953,4
ag,50,0.0088906022218026,4
ag,50,0.0162551678000995,4
ag,50,0.0314330253462489,4
ag,50,0.0011478692279824,4
ag,50,0.0459389280831474,4
ag,50,0.0049228991955226,4
ag,50,0.006549008978941,4
ag,50,0.0057852937370753,4
ag,50,0.0024521260002757,4
ag,50,0.0009736397276671,4
ag,50,0.0050460866929412,4
ag,50,0.0185902724393445,4
ag,50,0.0050389383240547,4
ag,50,0.0362073777458142,4
ag,50,0.007837275339016,4
ag,50,0.0046308540181064,4
ag,50,0.0063910477513512,4
ag,50,0.0041260224031084,4
ag,50,0.0037213890343496,4
ag,50,0.0155732732467552,4
ag,50,0.0130609422142695,4
ag,50,0.0435766932832906,4
ag,50,0.0227131090449397,4
ag,50,0.0137930416985244,4
ag,50,0.010903744047264,4
ag,50,0.0010210261122971,4
ag,50,0.0042377261648446,4
ag,50,0.0678535230866568,4
ag,50,0.0099918664524007,4
ag,50,0.0073367558800719,4
ag,50,0.0009647642118416,4
ag,50,0.0088296021132877,4
ag,50,0.004883051544108,4
ag,50,0.0005420056159718,4
ag,50,0.0175238699696417,4
ag,50,0.0198001777249938,4
ag,50,0.0023325707996894,4
ag,50,0.0083620905914162,4
ag,50,0.0053098625068926,4
ag,50,0.00460140600512,4
ag,50,0.0279859867006151,4
ag,50,0.0003424817796432,4
ag,50,0.0029092930810255,4
ag,50,0.0038795572432847,4
ag,50,0.0026408343449796,4
ag,50,0.0100711348297854,4
ag,50,0.0077399998013034,4
ag,50,0.0188239267774355,4
ag,50,0.0100282774912276,4
ag,50,0.0321572210300262,4
ag,50,0.0034191680189914,4
ag,50,0.0321377906417353,4
ag,50,0.0223130334437228,4
ag,50,0.0073284846638611,4
ag,50,0.013197190092037,4
ag,50,0.0133780858786597,4
ag,50,0.069038480623608,4
ag,50,0.0029084393854109,4
ag,50,0.0075490474414961,4
ag,50,0.0048309785095642,4
ag,50,0.0057016690914493,4
ag,50,0.0010615923740057,4
ag,50,0.0084108837311209,4
ag,50,0.0102709434048311,4
ag,50,0.0006622735967224,4
ag,50,0.0058330051088154,4
ag,50,0.0144257479908678,4
ag,50,0.0001651373425257,4
ag,50,0.0087523292797434,4
ag,50,0.0060995733338958,4
ag,50,0.020668102820736,4
ag,50,0.0014971625960499,4
ag,50,0.0087806335512881,4
ag,50,0.0125328651359658,4
ag,50,0.0108888004840494,4
ag,50,0.0024485208414425,4
ag,50,0.0141759390001983,4
ag,50,0.0075392940156529,4
ag,50,0.0064411737979936,4
ag,50,0.0299479052963782,4
ag,50,0.0091042525947357,4
ag,50,0.0306015630846291,4
ag,50,0.0136284476854431,4
ag,50,0.0205991322214375,4
ag,50,0.0086900089302828,4
ag,50,0.0012274500307144,4
ag,50,0.0103272332572284,4
ag,50,0.0153907978491685,4
ag,50,0.0034529403877205,4
ag,50,0.0029423863553981,4
ag,50,0.0016595929432416,4
ag,50,0.0234843136788791,4
ag,50,0.0001501568758256,4
ag,50,0.0164090751214377,4
ag,50,0.013033677842467,4
ag,50,0.0397496647561529,4
ag,50,0.0221990134672018,4
ag,50,0.0047767580770779,4
ag,50,0.0049030558259614,4
ag,50,0.0035978259770467,4
ag,50,0.0136415256566562,4
ag,50,0.0031407018945808,4
ag,50,0.0269895671884261,4
ag,50,0.0002939215599111,4
ag,50,0.2721415020589998,4
ag,50,0.008622064662787,4
ag,50,0.0214309405488733,4
ag,50,0.0321134050468558,4
ag,50,0.0178906828243948,4
ag,50,0.0230813393487291,4
ag,50,0.0063876608021817,4
ag,50,0.0133995744033537,4
ag,50,0.0125815381339654,4
ag,50,0.0210317579730154,4
ag,50,0.0051565649088054,4
ag,50,0.0008709570697676,4
ag,50,0.0078266074639657,4
ag,50,0.0146313378465378,4
ag,50,0.0002649898983744,4
ag,50,0.0071416237638689,4
ag,50,0.0279294599581753,4
ag,50,0.0010326136948632,4
ag,50,0.0235857590955278,4
ag,50,0.0010598461525183,4
ag,50,0.0001373811859344,4
ag,50,0.0616156808382015,4
ag,50,0.0123464394860378,4
ag,50,0.0126296415908163,4
ag,50,0.0131509885887138,4
ag,50,0.0043343142978605,4
ag,50,0.0648702318881244,4
ag,50,0.0059612502403966,4
ag,50,0.0313832580646318,4
ag,50,0.014925615525285,4
ag,50,0.009468625856827,4
ag,50,0.0135429952118736,4
ag,50,0.0010496721164026,4
ag,50,0.0109046714776801,4
ag,50,0.0050127644947347,4
ag,50,0.0065062408272769,4
ag,50,0.0214126058784237,4
ag,50,0.0441672868228003,4
ag,50,0.0215152449257422,4
ag,50,0.0059741504004428,4
ag,50,0.0052297936711025,4
ag,50,0.0060856129422056,4
ag,50,0.0108001251235169,4
ag,50,0.00356765923962,4
ag,50,0.011974245075295,4
ag,50,0.0412461123153969,4
ag,50,0.0072552501646724,4
ag,50,0.0003030633067511,4
ag,50,0.0081732138004322,4
ag,50,0.0289432963132894,4
ag,50,0.008261990645894,4
ag,50,0.0227420423604003,4
ag,50,0.0003925735566035,4
ag,50,0.0006844798308723,4
ag,50,0.013057752924494,4
ag,50,0.0270050561433618,4
ag,50,0.0009074741855623,4
ag,50,0.0054334375608447,4
ag,50,0.005958880548381,4
ag,50,0.0439215307168912,4
ag,50,0.0562480840126834,4
ag,50,0.02132152781671,4
ag,50,0.0144309990606203,4
nag,50,6.089627708483125e-05,4
nag,50,0.001294302690594,4
nag,50,0.0001115468961082,4
nag,50,0.0,4
nag,50,0.000388312726241,4
nag,50,0.0001497106325673,4
nag,50,0.0005849543209596,4
nag,50,8.944555753848184e-05,4
nag,50,4.086109621124628e-05,4
nag,50,0.0001581119966111,4
nag,50,0.0007917645303583,4
nag,50,0.0002844681438629,4
nag,50,0.0004857408330625,4
nag,50,0.0,4
nag,50,0.0001304049869562,4
nag,50,2.5806557086178952e-05,4
nag,50,0.0017224300898972,4
nag,50,0.0003146926777591,4
nag,50,0.0,4
nag,50,0.0003504490261481,4
nag,50,0.0,4
nag,50,0.0001075009453816,4
nag,50,6.305371209740672e-05,4
nag,50,0.0006487998789512,4
nag,50,1.8631557228456423e-05,4
nag,50,0.0,4
nag,50,0.0018673140548585,4
nag,50,0.0001075160720644,4
nag,50,0.0001646580795606,4
nag,50,0.0011891910693015,4
nag,50,0.0,4
nag,50,0.0008742829360711,4
nag,50,0.0071319799947039,4
nag,50,0.0006460945734749,4
nag,50,0.000278182930783,4
nag,50,0.0004857745292574,4
nag,50,0.0009763715424299,4
nag,50,0.0019444278830834,4
nag,50,0.0016075175996803,4
nag,50,1.7730140273117816e-05,4
nag,50,0.0,4
nag,50,0.0009263557418263,4
nag,50,0.0061317499026451,4
nag,50,0.0002188938484594,4
nag,50,0.0004654238668642,4
nag,50,0.0,4
nag,50,5.0289642806953085e-05,4
nag,50,0.0006630777103939,4
nag,50,1.7736009797229777e-05,4
nag,50,0.0010838357211892,4
nag,50,4.863576577203702e-05,4
nag,50,0.0001177441557534,4
nag,50,1.148932783268475e-05,4
nag,50,0.0009327686811411,4
nag,50,0.000498737204411,4
nag,50,0.0002210028906515,4
nag,50,0.0002793242491718,4
nag,50,5.217158258344755e-05,4
nag,50,0.0021172195002007,4
nag,50,0.0,4
nag,50,6.177993904716287e-05,4
nag,50,0.0003630627300764,4
nag,50,0.0,4
nag,50,0.0001472634083457,4
nag,50,5.829925494041461e-05,4
nag,50,0.0,4
nag,50,0.000852231888473,4
nag,50,0.0005452544370921,4
nag,50,0.0012924397177256,4
nag,50,0.0001181049736642,4
nag,50,0.0017235794400216,4
nag,50,0.0048437793480711,4
nag,50,0.0012022620207998,4
nag,50,0.0002134523339553,4
nag,50,7.513185227804101e-05,4
nag,50,7.412448535884717e-05,4
nag,50,0.0,4
nag,50,0.0021550037677954,4
nag,50,0.0003200995317412,4
nag,50,0.0013877308875845,4
nag,50,0.0,4
nag,50,6.292012672109923e-05,4
nag,50,0.0008387173707582,4
nag,50,0.0007575118186336,4
nag,50,8.658552161834621e-05,4
nag,50,0.0001294067882778,4
nag,50,1.7892996582870546e-05,4
nag,50,0.0002239427367005,4
nag,50,0.0001583529192492,4
nag,50,5.7748833810027e-05,4
nag,50,0.0025578760185734,4
nag,50,0.0,4
nag,50,0.0002009260859801,4
nag,50,0.0002690870208569,4
nag,50,0.0005932609963582,4
nag,50,0.0,4
nag,50,0.0003525677941421,4
nag,50,6.782089353703155e-05,4
nag,50,5.149535369403191e-05,4
nag,50,0.0002685947512365,4
nag,50,0.0004311194688901,4
nag,50,0.0006076076673098,4
nag,50,0.0004890921493472,4
nag,50,0.0001130734605564,4
nag,50,0.0002914481188242,4
nag,50,0.000266267970677,4
nag,50,0.0014823151657829,4
nag,50,5.210494928629588e-05,4
nag,50,0.0001006629205759,4
nag,50,0.0001134435700931,4
nag,50,0.0003566013038273,4
nag,50,0.0009587340513531,4
nag,50,2.559311329178061e-05,4
nag,50,4.678992613433837e-05,4
nag,50,0.0004121194753827,4
nag,50,0.000266896690214,4
nag,50,0.0005609810716081,4
nag,50,0.0010617422229314,4
nag,50,0.0011488669826567,4
nag,50,2.7078397715971017e-05,4
nag,50,0.0007598255064741,4
nag,50,0.0001607565198146,4
nag,50,0.0,4
nag,50,0.0003768579433277,4
nag,50,0.0001454552187904,4
nag,50,3.842471642994402e-05,4
nag,50,0.0004334404193349,4
nag,50,0.0,4
nag,50,0.0011446977095352,4
nag,50,5.206573763150052e-05,4
nag,50,0.0003424392741583,4
nag,50,0.0002443785640782,4
nag,50,0.0002855238533484,4
nag,50,0.0003339726314406,4
nag,50,0.0002365441773261,4
nag,50,0.0004596011361625,4
nag,50,0.0,4
nag,50,0.0002565899912113,4
nag,50,7.66075619796351e-05,4
nag,50,0.000407099776055,4
nag,50,6.564926188178475e-05,4
nag,50,0.000514637801572,4
nag,50,0.0010220231919432,4
nag,50,5.255917768920125e-05,4
nag,50,0.0006327659919305,4
nag,50,6.312109556437969e-05,4
nag,50,0.0011745477096593,4
nag,50,0.0003251982000151,4
nag,50,4.79252501047515e-05,4
nag,50,7.312725607600161e-05,4
nag,50,9.434850439199104e-05,4
nag,50,0.0003428900366532,4
nag,50,7.122844941908377e-05,4
nag,50,7.542888080373978e-05,4
nag,50,0.0018367775073527,4
nag,50,7.605821316838077e-05,4
nag,50,0.0005265442713972,4
nag,50,0.0002957180916317,4
nag,50,0.0005742035399092,4
nag,50,0.0002996392444567,4
nag,50,0.0003699544846121,4
nag,50,0.0,4
nag,50,0.000457768931714,4
nag,50,0.0001051479575763,4
nag,50,0.0,4
nag,50,0.0005178130276591,4
nag,50,0.0017686427239245,4
nag,50,0.0001991835921163,4
nag,50,0.0,4
nag,50,0.0004244337432921,4
nag,50,0.0014639933833338,4
nag,50,0.0001514286490892,4
nag,50,0.0,4
nag,50,0.0003517077018986,4
nag,50,6.892510443162166e-05,4
nag,50,6.204028752169132e-05,4
nag,50,8.090138876804871e-05,4
nag,50,0.0007118231934549,4
nag,50,0.0002411459159451,4
nag,50,0.0010377740933923,4
nag,50,0.0001950024910473,4
nag,50,0.0002676360198926,4
nag,50,4.343166510138969e-05,4
nag,50,4.503203189236184e-05,4
nag,50,0.0001063095841903,4
nag,50,0.0006664911299506,4
nag,50,0.0,4
nag,50,0.0005954264586584,4
nag,50,0.000310763409301,4
nag,50,7.224937828178905e-05,4
nag,50,1.7598820457451422e-05,4
nag,50,0.0,4
nag,50,0.0033443787498957,4
nag,50,0.000610121510214,4
nag,50,4.391694370194355e-05,4
nag,50,0.0001220341903038,4
nag,50,0.0002037894408416,4
nag,50,0.0001638565007115,4
nag,50,9.725340236398032e-05,4
nag,50,0.0074134434149526,4
nag,50,7.857737346067516e-05,4
nag,50,6.42255612430311e-05,4
nag,50,9.327130251811093e-05,4
nag,50,0.0,4
nag,50,5.83304544761015e-05,4
nag,50,0.0001745372119105,4
nag,50,0.0003169259823426,4
nag,50,0.0019104990232225,4
nag,50,0.0007018606155131,4
nag,50,3.744534863355381e-05,4
nag,50,0.0,4
nag,50,4.565197605100301e-05,4
nag,50,3.025738105269966e-05,4
nag,50,3.1243000941015704e-05,4
nag,50,0.0003684941310021,4
nag,50,0.0021414287465734,4
nag,50,0.0004786974995901,4
nag,50,0.0011649766288206,4
nag,50,0.0009608271034628,4
nag,50,0.0006571561671848,4
nag,50,0.0002189057375875,4
nag,50,0.0001103519280869,4
nag,50,0.0001352878724361,4
nag,50,0.0001258680317635,4
nag,50,0.0002889182300695,4
nag,50,0.0003302783936687,4
nag,50,0.0002131414702581,4
nag,50,0.0003846412614223,4
nag,50,0.0055663268270653,4
nag,50,6.038388549097502e-05,4
nag,50,0.0,4
nag,50,9.028038913565906e-05,4
nag,50,0.0001100053556655,4
nag,50,9.887112481457603e-06,4
nag,50,5.197363158330433e-05,4
nag,50,0.0001204203256754,4
nag,50,0.0002552288414258,4
nag,50,6.856741113294786e-05,4
nag,50,9.284954745388552e-05,4
nag,50,0.0006770620941191,4
nag,50,0.0001794659085758,4
nag,50,6.893408987574746e-05,4
nag,50,5.121604463460718e-05,4
nag,50,9.281179601064338e-05,4
nag,50,0.0008845205392977,4
nag,50,0.0,4
nag,50,0.0005525396635172,4
nag,50,0.0003537597005108,4
nag,50,0.0001217088379571,4
nag,50,0.0002856899794152,4
nag,50,0.0006074194253532,4
nag,50,0.0001682409842384,4
nag,50,0.0001201340673591,4
nag,50,0.0005105600678717,4
nag,50,0.0,4
nag,50,0.0001825819615645,4
nag,50,0.0002598951803792,4
nag,50,0.0002003197476614,4
nag,50,0.0,4
nag,50,0.0,4
nag,50,0.0,4
nag,50,0.0006754419830019,4
nag,50,0.0,4
nag,50,0.0001267856669811,4
nag,50,4.028190860517494e-05,4
nag,50,0.0015335261721241,4
nag,50,0.0001599378353289,4
nag,50,0.0,4
nag,50,0.0002805985267469,4
nag,50,0.0,4
nag,50,0.0010131606909666,4
nag,50,0.0,4
nag,50,0.0021549767301866,4
nag,50,0.0001633209364498,4
nag,50,0.0002784887103998,4
nag,50,0.0,4
nag,50,0.000216339616223,4
nag,50,0.0,4
nag,50,7.252038806795832e-05,4
nag,50,0.0001366145753115,4
nag,50,0.0,4
nag,50,0.0,4
nag,50,6.344279764530736e-05,4
nag,50,0.0019714598535744,4
nag,50,0.000332183284625,4
nag,50,1.4083554172617604e-05,4
nag,50,0.0001144621657595,4
nag,50,0.0,4
nag,50,0.0002179658866547,4
nag,50,0.0005672457046255,4
nag,50,0.0001569028770258,4
nag,50,0.000783387295431,4
nag,50,0.0004967441623634,4
nag,50,0.0001194480771962,4
nag,50,0.0001513284936376,4
nag,50,4.625135035632539e-05,4
nag,50,0.0,4
nag,50,3.542177425120043e-05,4
nag,50,0.0009354679129065,4
nag,50,0.0004532579644122,4
nag,50,8.074469082580812e-05,4
nag,50,0.0003363698100656,4
nag,50,0.0012662754541853,4
nag,50,0.0007449210839002,4
nag,50,0.0006718552056593,4
nag,50,6.313386509873891e-05,4
nag,50,0.0,4
nag,50,5.894091077480952e-05,4
nag,50,3.955819926709709e-05,4
nag,50,2.7320128486582972e-05,4
nag,50,0.0002266994024533,4
nag,50,3.0902653967141965e-05,4
nag,50,0.0003114698177833,4
nag,50,0.0002184050090237,4
nag,50,4.215429421437506e-05,4
nag,50,0.0002259648230338,4
nag,50,7.786416941402122e-05,4
nag,50,0.000510574019844,4
nag,50,0.0002399431547894,4
nag,50,3.225643413269589e-05,4
nag,50,0.0005924370553822,4
nag,50,0.0,4
nag,50,0.000154620402069,4
nag,50,0.0,4
nag,50,0.0011161926141546,4
nag,50,0.0003825964664514,4
nag,50,0.0001907195675107,4
nag,50,0.0002194082605375,4
nag,50,0.0001584269068715,4
nag,50,0.0004290418372781,4
nag,50,2.480444644624359e-05,4
nag,50,0.0013771441343644,4
nag,50,0.0001156085867583,4
nag,50,0.000155279059799,4
nag,50,0.0006769962652828,4
nag,50,0.000253522537323,4
nag,50,0.0,4
nag,50,4.3420735344703905e-05,4
nag,50,0.0,4
nag,50,0.0016514900133441,4
nag,50,0.0004781661098916,4
nag,50,5.7043721169718136e-05,4
nag,50,0.0001410940053876,4
nag,50,8.423922063492166e-05,4
nag,50,0.0007127926068676,4
nag,50,0.0010050555454403,4
nag,50,0.0001181032392805,4
nag,50,0.0004908495782374,4
nag,50,6.631777440807943e-05,4
nag,50,6.506591766895504e-05,4
nag,50,0.0005252529488017,4
nag,50,0.0004631327375775,4
nag,50,0.0002563065325546,4
nag,50,7.437561172135652e-05,4
nag,50,0.0001253267858502,4
nag,50,7.8205726194769e-05,4
nag,50,0.0,4
nag,50,0.0005320764424246,4
nag,50,0.0,4
nag,50,0.0001647533589407,4
nag,50,0.0003744696783279,4
nag,50,0.0002228001587677,4
nag,50,0.000580461220413,4
nag,50,0.0005008595326538,4
nag,50,0.0002538803783409,4
nag,50,0.0002611441365637,4
nag,50,0.0001608100973043,4
nag,50,0.0001502235445529,4
nag,50,9.443925802191908e-05,4
nag,50,0.0,4
nag,50,0.0005131564571243,4
nag,50,3.7234413862333045e-05,4
nag,50,0.0001246903580625,4
nag,50,0.0,4
nag,50,3.618144610937354e-05,4
nag,50,0.0001403458208133,4
nag,50,4.997129295864156e-05,4
nag,50,0.0005051000211944,4
nag,50,0.000154883129779,4
nag,50,0.0004608355763338,4
nag,50,9.827646563336912e-05,4
nag,50,0.0003169055348688,4
nag,50,6.800936132703866e-05,4
nag,50,0.0,4
nag,50,8.378386442743604e-05,4
nag,50,4.892069638952667e-05,4
nag,50,0.0001864846029317,4
nag,50,0.0003753050744193,4
nag,50,0.0035741885901906,4
nag,50,0.0002760730994192,4
nag,50,5.048994856812147e-05,4
nag,50,0.0,4
nag,50,0.0006506591561995,4
nag,50,0.0001234559256264,4
nag,50,0.0016736807673324,4
nag,50,6.448079087226355e-05,4
nag,50,0.0002451623292311,4
nag,50,5.720270834671808e-05,4
nag,50,0.0011075016924144,4
nag,50,0.0006025971473087,4
nag,50,0.0,4
nag,50,0.0001502720739653,4
nag,50,6.92332715883416e-05,4
nag,50,0.0,4
nag,50,0.0,4
nag,50,0.0001800146108988,4
nag,50,9.005590837220397e-05,4
nag,50,0.0006345275800488,4
nag,50,0.0,4
nag,50,0.0009374197468395,4
nag,50,0.0025549536629264,4
nag,50,0.0003413430105784,4
nag,50,0.0015448438456182,4
nag,50,0.0001035995365586,4
nag,50,5.240323356527423e-05,4
nag,50,0.0007498428710292,4
nag,50,4.5907323033083755e-05,4
nag,50,3.072785010530725e-05,4
nag,50,5.004278276068909e-05,4
nag,50,4.779193344404286e-05,4
nag,50,0.0010176667179318,4
nag,50,0.000373865018618,4
nag,50,0.0012879336084506,4
nag,50,0.0,4
nag,50,0.0008379023804885,4
nag,50,3.7048031693454496e-05,4
nag,50,0.0,4
nag,50,0.000616349097026,4
nag,50,0.0003030467083529,4
nag,50,5.229083978002826e-05,4
nag,50,0.0010737441537801,4
nag,50,0.0004740163166375,4
nag,50,7.879531701036752e-05,4
nag,50,0.0004347929536629,4
nag,50,0.0005575277628092,4
nag,50,2.7167247003804237e-05,4
nag,50,0.001136977620367,4
nag,50,9.411985068912853e-05,4
nag,50,9.647341397030635e-05,4
nag,50,0.0002510687726827,4
nag,50,0.0004715392929741,4
nag,50,0.0006246053474387,4
nag,50,0.0001036993970774,4
nag,50,0.0002204454436947,4
nag,50,0.0003787332358335,4
nag,50,0.0,4
nag,50,0.0001011828255534,4
nag,50,7.302003689213463e-05,4
nag,50,0.0001295076789519,4
nag,50,9.189298633328806e-05,4
nag,50,3.886599486388034e-05,4
nag,50,0.0003537543453622,4
nag,50,5.078314579015297e-05,4
nag,50,0.0005701086521922,4
nag,50,0.0001793178457871,4
nag,50,7.815315925395022e-05,4
nag,50,0.0005905243826877,4
nag,50,0.0005876724641458,4
nag,50,0.0001118860770925,4
nag,50,0.000908101043769,4
nag,50,0.0,4
nag,50,0.0019665404812158,4
nag,50,0.000107868242384,4
nag,50,0.0001336904666427,4
nag,50,0.0002445106623106,4
nag,50,0.0008882380673956,4
nag,50,0.0002741672871198,4
nag,50,0.0014872123096359,4
nag,50,0.0,4
nag,50,0.0,4
nag,50,8.028362876308491e-05,4
nag,50,0.0008707136853249,4
nag,50,0.0006360752519761,4
nag,50,0.0002209202042196,4
nag,50,0.0,4
nag,50,2.225920453358412e-05,4
nag,50,0.0,4
nag,50,0.0004047035617911,4
nag,50,2.371708384639573e-05,4
nag,50,0.0007821380324592,4
nag,50,0.0016458917630479,4
nag,50,5.240758930557536e-05,4
nag,50,0.0006284108425526,4
nag,50,0.0,4
nag,50,0.0001175673344154,4
nag,50,0.0,4
nag,50,5.0957646063772894e-05,4
nag,50,7.378351959348095e-05,4
nag,50,0.0,4
nag,50,0.0002260563402376,4
nag,50,6.41200537725098e-05,4
nag,50,0.0,4
nag,50,0.0003838780185667,4
nag,50,6.299237874537628e-05,4
nag,50,0.0003303861901469,4
nag,50,0.0004158419254342,4
nag,50,0.0001573559390445,4
nag,50,0.0002256636912466,4
nag,50,0.0003937160828588,4
nag,50,3.430076617034639e-05,4
bg,50,7.193825369859914e-07,4
bg,50,9.078810365336448e-07,4
bg,50,3.8913541356223314e-07,4
bg,50,7.686329479570903e-07,4
bg,50,3.9490244176250963e-07,4
bg,50,5.346444183000024e-07,4
bg,50,7.561707646429254e-07,4
bg,50,7.217803395961324e-07,4
bg,50,4.10158915281323e-07,4
bg,50,3.838227273675131e-07,4
bg,50,4.977274710251788e-07,4
bg,50,6.008710178105712e-07,4
bg,50,5.698409021783848e-07,4
bg,50,7.221052318815383e-07,4
bg,50,9.721222034885666e-07,4
bg,50,3.023649216022318e-07,4
bg,50,4.067447472178411e-07,4
bg,50,4.488165970994902e-07,4
bg,50,7.090169726687504e-07,4
bg,50,7.931744082511352e-07,4
bg,50,5.192469679536407e-07,4
bg,50,4.2896361132593915e-07,4
bg,50,5.350699989525059e-07,4
bg,50,5.747137177150887e-07,4
bg,50,4.5859837602867924e-07,4
bg,50,4.5665129239059403e-07,4
bg,50,6.930684635865768e-07,4
bg,50,5.660884063396666e-07,4
bg,50,2.514552949465814e-07,4
bg,50,6.41094641246696e-07,4
bg,50,8.370143286435798e-07,4
bg,50,8.714519346706222e-07,4
bg,50,6.73729196508534e-07,4
bg,50,1.059823968003401e-06,4
bg,50,3.265944411338151e-07,4
bg,50,5.575373441106766e-07,4
bg,50,6.285100054020704e-07,4
bg,50,3.299351273076772e-07,4
bg,50,6.996914225441864e-07,4
bg,50,4.672740035418074e-07,4
bg,50,7.365830541595673e-07,4
bg,50,3.904392220715517e-07,4
bg,50,3.5222962799797554e-07,4
bg,50,6.990017630965274e-07,4
bg,50,5.119469493487996e-07,4
bg,50,7.169846963905105e-07,4
bg,50,5.856905209187134e-07,4
bg,50,4.239099614710014e-07,4
bg,50,4.38318295480838e-07,4
bg,50,6.884518989588523e-07,4
bg,50,5.341168160263562e-07,4
bg,50,7.732536494900532e-07,4
bg,50,8.516772963326794e-07,4
bg,50,3.5711680633914666e-07,4
bg,50,6.078213579621257e-07,4
bg,50,7.867034749711054e-07,4
bg,50,5.287961381995956e-07,4
bg,50,8.403787862142672e-07,4
bg,50,8.80909938381842e-07,4
bg,50,3.614043584347717e-07,4
bg,50,5.866168375802588e-07,4
bg,50,5.304940111018507e-07,4
bg,50,7.894163573090294e-07,4
bg,50,5.590954538507513e-07,4
bg,50,8.457051647311015e-07,4
bg,50,4.59366530287178e-07,4
bg,50,4.7247289840335283e-07,4
bg,50,3.572081717413246e-07,4
bg,50,5.867567381084791e-07,4
bg,50,8.581098571750736e-07,4
bg,50,6.411337243820049e-07,4
bg,50,4.917408154838914e-07,4
bg,50,6.447408403093956e-07,4
bg,50,2.880835043575425e-07,4
bg,50,6.102058928615208e-07,4
bg,50,3.167986880805113e-07,4
bg,50,3.7869352585330977e-07,4
bg,50,6.216838528138421e-07,4
bg,50,8.595956641483322e-07,4
bg,50,1.2339835500443534e-06,4
bg,50,5.495923790585e-07,4
bg,50,1.004871352765019e-06,4
bg,50,7.63231101304921e-07,4
bg,50,3.322127304271517e-07,4
bg,50,5.40905191867736e-07,4
bg,50,6.255059498916497e-07,4
bg,50,6.236472427886729e-07,4
bg,50,3.781323531413123e-07,4
bg,50,2.962264404345039e-07,4
bg,50,5.81599379106512e-07,4
bg,50,6.808407037521086e-07,4
bg,50,4.502383147451833e-07,4
bg,50,6.440240002977441e-07,4
bg,50,6.963052717417705e-07,4
bg,50,6.564602562387011e-07,4
bg,50,7.240742707606499e-07,4
bg,50,3.623193676275328e-07,4
bg,50,8.262114321930731e-07,4
bg,50,6.748143591059751e-07,4
bg,50,4.543683272459808e-07,4
bg,50,3.4339880587928317e-07,4
bg,50,3.110858872862535e-07,4
bg,50,4.942484567367739e-07,4
bg,50,6.204494033278563e-07,4
bg,50,5.169990099004912e-07,4
bg,50,8.817121290943146e-07,4
bg,50,3.838042616094261e-07,4
bg,50,5.041494827383546e-07,4
bg,50,5.093248760653657e-07,4
bg,50,5.561136736337686e-07,4
bg,50,4.619526518004387e-07,4
bg,50,6.358356139315082e-07,4
bg,50,3.536201982250245e-07,4
bg,50,6.614689740597877e-07,4
bg,50,4.174861564774767e-07,4
bg,50,5.562138970992772e-07,4
bg,50,9.064469658654254e-07,4
bg,50,7.09433310925182e-07,4
bg,50,3.807992945798271e-07,4
bg,50,5.175138926957393e-07,4
bg,50,6.671659671786773e-07,4
bg,50,5.647443011191404e-07,4
bg,50,7.142272592544566e-07,4
bg,50,3.031950578835809e-07,4
bg,50,7.422125613278654e-07,4
bg,50,6.622326146312278e-07,4
bg,50,6.754156945752298e-07,4
bg,50,8.521867625839691e-07,4
bg,50,3.071779433245118e-07,4
bg,50,7.860314887693401e-07,4
bg,50,4.667595899193128e-07,4
bg,50,7.009048080713656e-07,4
bg,50,8.350614489466299e-07,4
bg,50,3.916849404674423e-07,4
bg,50,4.758018269779218e-07,4
bg,50,4.0843410080841683e-07,4
bg,50,5.142843970212726e-07,4
bg,50,5.904566619558491e-07,4
bg,50,5.599539764909225e-07,4
bg,50,4.67804066272154e-07,4
bg,50,8.039347683808647e-07,4
bg,50,6.157912802772452e-07,4
bg,50,5.328425415689089e-07,4
bg,50,5.591154900053983e-07,4
bg,50,6.639184215263691e-07,4
bg,50,6.178545002454797e-07,4
bg,50,5.111449891259593e-07,4
bg,50,5.729498965325067e-07,4
bg,50,1.0308895072225387e-06,4
bg,50,6.043516630807774e-07,4
bg,50,4.452981579480229e-07,4
bg,50,4.647567974848758e-07,4
bg,50,4.3199953780096697e-07,4
bg,50,6.157155943711959e-07,4
bg,50,7.065193747626506e-07,4
bg,50,1.2751269401367295e-06,4
bg,50,4.817820103614818e-07,4
bg,50,5.345354603015828e-07,4
bg,50,5.666849097039217e-07,4
bg,50,5.604194166515368e-07,4
bg,50,4.561754263860795e-07,4
bg,50,4.757128033413858e-07,4
bg,50,4.171853318973425e-07,4
bg,50,5.203640324304404e-07,4
bg,50,4.315818010228266e-07,4
bg,50,3.980972742277595e-07,4
bg,50,5.463725480324788e-07,4
bg,50,6.911090544943289e-07,4
bg,50,8.55454616196725e-07,4
bg,50,6.131611602967239e-07,4
bg,50,4.614817557879417e-07,4
bg,50,3.8884430770278153e-07,4
bg,50,4.201240959766539e-07,4
bg,50,4.233520963238957e-07,4
bg,50,4.7062161058795874e-07,4
bg,50,6.880035974175646e-07,4
bg,50,3.852334858441641e-07,4
bg,50,2.43363754376022e-07,4
bg,50,4.165082332889574e-07,4
bg,50,4.852369117469631e-07,4
bg,50,5.007336048377245e-07,4
bg,50,5.714566408129299e-07,4
bg,50,3.732608534687794e-07,4
bg,50,5.378807860698467e-07,4
bg,50,4.812223695058948e-07,4
bg,50,5.04940591846665e-07,4
bg,50,4.43803232821542e-07,4
bg,50,4.68136293706092e-07,4
bg,50,5.879926656234869e-07,4
bg,50,7.300881870556004e-07,4
bg,50,9.2190710736273e-07,4
bg,50,5.822901519553956e-07,4
bg,50,4.892490227775187e-07,4
bg,50,4.405837406785015e-07,4
bg,50,4.993716543345029e-07,4
bg,50,3.409149159348242e-07,4
bg,50,7.440822060932937e-07,4
bg,50,5.190299117812894e-07,4
bg,50,5.72791715337045e-07,4
bg,50,2.153747854672367e-07,4
bg,50,7.020003824853485e-07,4
bg,50,4.218284061578239e-07,4
bg,50,8.596980813283034e-07,4
bg,50,3.0681218881619833e-07,4
bg,50,8.472915824571768e-07,4
bg,50,5.77956339521482e-07,4
bg,50,6.303751601613235e-07,4
bg,50,3.092623727078357e-07,4
bg,50,4.827427779020573e-07,4
bg,50,6.132501773523408e-07,4
bg,50,6.31910851930568e-07,4
bg,50,7.34235366407853e-07,4
bg,50,7.61024983523609e-07,4
bg,50,2.7732216255425e-07,4
bg,50,3.677042523887528e-07,4
bg,50,4.665171650109056e-07,4
bg,50,6.860688711055484e-07,4
bg,50,3.9793379118164585e-07,4
bg,50,2.038591708388241e-07,4
bg,50,5.20478087055432e-07,4
bg,50,4.041405648764768e-07,4
bg,50,5.371500966565312e-07,4
bg,50,6.309001425801963e-07,4
bg,50,7.278638697084832e-07,4
bg,50,6.721003902149572e-07,4
bg,50,6.139830153002283e-07,4
bg,50,5.054012566438726e-07,4
bg,50,4.473692402172641e-07,4
bg,50,7.449542669962688e-07,4
bg,50,7.432534016626045e-07,4
bg,50,4.451687416072889e-07,4
bg,50,6.183892024645782e-07,4
bg,50,4.960318512685476e-07,4
bg,50,1.5749165994239064e-07,4
bg,50,7.99837866805124e-07,4
bg,50,6.225338491782669e-07,4
bg,50,4.67877220719069e-07,4
bg,50,7.261672472561514e-07,4
bg,50,9.942734115148363e-07,4
bg,50,8.763773560476182e-07,4
bg,50,3.534624165200465e-07,4
bg,50,7.202773146969481e-07,4
bg,50,3.460944952925306e-07,4
bg,50,7.813878531484368e-07,4
bg,50,6.805051720275754e-07,4
bg,50,3.066474037376492e-07,4
bg,50,5.661445421251409e-07,4
bg,50,5.152894538193051e-07,4
bg,50,3.420619058634422e-07,4
bg,50,1.548473437580199e-06,4
bg,50,8.812550422740231e-07,4
bg,50,4.6398050187182546e-07,4
bg,50,5.740354041022385e-07,4
bg,50,9.889218969584872e-07,4
bg,50,5.816207952752252e-07,4
bg,50,2.538180765525785e-07,4
bg,50,3.256445443087837e-07,4
bg,50,6.5766942543103e-07,4
bg,50,1.037738859879187e-06,4
bg,50,6.282511781460811e-07,4
bg,50,5.221568891836896e-07,4
bg,50,2.1161627373448322e-07,4
bg,50,1.5394993695365764e-07,4
bg,50,7.502633589448561e-07,4
bg,50,7.497521283794334e-07,4
bg,50,3.2682945138797226e-07,4
bg,50,4.1249668788022867e-07,4
bg,50,5.21937888211927e-07,4
bg,50,3.524713147721501e-07,4
bg,50,3.849132515323464e-07,4
bg,50,9.053874206705656e-07,4
bg,50,5.202428136400709e-07,4
bg,50,4.877963473527571e-07,4
bg,50,5.769899021860227e-07,4
bg,50,1.096205024129466e-06,4
bg,50,3.4364417678131333e-07,4
bg,50,5.123970356489632e-07,4
bg,50,5.891921664349692e-07,4
bg,50,6.683919923748213e-07,4
bg,50,5.464737765489731e-07,4
bg,50,5.879018069803923e-07,4
bg,50,3.070834289897165e-07,4
bg,50,1.0947462766450965e-06,4
bg,50,7.165236182487591e-07,4
bg,50,7.60479917569707e-07,4
bg,50,7.968802308464268e-07,4
bg,50,5.807181302436849e-07,4
bg,50,5.91155652072276e-07,4
bg,50,4.7352922561729795e-07,4
bg,50,3.810311480793818e-07,4
bg,50,5.176453799730107e-07,4
bg,50,3.901184346693916e-07,4
bg,50,5.479286410141102e-07,4
bg,50,3.62733801310677e-07,4
bg,50,5.579363851885623e-07,4
bg,50,4.6641629450319027e-07,4
bg,50,4.869490742112298e-07,4
bg,50,5.398048771454942e-07,4
bg,50,7.013219542935106e-07,4
bg,50,5.642670632012817e-07,4
bg,50,6.915262007130536e-07,4
bg,50,1.131607100538082e-06,4
bg,50,6.075925929085585e-07,4
bg,50,6.311330170331978e-07,4
bg,50,5.90511639424468e-07,4
bg,50,5.651019318688058e-07,4
bg,50,6.12504164804094e-07,4
bg,50,5.73478013907619e-07,4
bg,50,3.0482644321737864e-07,4
bg,50,4.279308508146286e-07,4
bg,50,3.582097583230299e-07,4
bg,50,6.926327634063021e-07,4
bg,50,7.83571326721779e-07,4
bg,50,9.348819110221162e-07,4
bg,50,9.257870731393172e-07,4
bg,50,6.318159070774094e-07,4
bg,50,3.8645359733649977e-07,4
bg,50,3.722344914611886e-07,4
bg,50,4.209219258007851e-07,4
bg,50,4.667132360510483e-07,4
bg,50,4.088158411140625e-07,4
bg,50,3.5495083688225914e-07,4
bg,50,6.54813181768203e-07,4
bg,50,8.53182268599396e-07,4
bg,50,3.323569735695546e-07,4
bg,50,5.063565006829071e-07,4
bg,50,4.861500363306139e-07,4
bg,50,5.799919357079368e-07,4
bg,50,6.917717837226225e-07,4
bg,50,8.079670265714272e-07,4
bg,50,6.916628771608771e-07,4
bg,50,7.829401175282092e-07,4
bg,50,5.325289173674362e-07,4
bg,50,3.3428095888671245e-07,4
bg,50,2.71055653722917e-07,4
bg,50,8.530982786007384e-07,4
bg,50,5.111649870099859e-07,4
bg,50,4.1743148434647627e-07,4
bg,50,8.256313606712533e-07,4
bg,50,4.753877733462618e-07,4
bg,50,3.9734872742611716e-07,4
bg,50,6.833660025450316e-07,4
bg,50,6.774469451687389e-07,4
bg,50,5.653234672002165e-07,4
bg,50,6.369603377139665e-07,4
bg,50,7.141954131794845e-07,4
bg,50,9.804696172731046e-07,4
bg,50,9.06618492420151e-07,4
bg,50,6.432690075774575e-07,4
bg,50,3.3990874117883705e-07,4
bg,50,4.74999386280367e-07,4
bg,50,4.385335012046048e-07,4
bg,50,4.653353296307184e-07,4
bg,50,4.757779556647485e-07,4
bg,50,7.093966402595247e-07,4
bg,50,5.425122611445036e-07,4
bg,50,6.669884442321214e-07,4
bg,50,6.802087494053087e-07,4
bg,50,3.717694430011245e-07,4
bg,50,3.7949786081471345e-07,4
bg,50,4.792278345919256e-07,4
bg,50,5.313444273787246e-07,4
bg,50,3.320716700333954e-07,4
bg,50,6.518241620275407e-07,4
bg,50,6.376910608914965e-07,4
bg,50,9.729612157043105e-07,4
bg,50,5.738400198075685e-07,4
bg,50,5.195854122865252e-07,4
bg,50,5.031227316560075e-07,4
bg,50,6.490491790446883e-07,4
bg,50,8.954057627462886e-07,4
bg,50,6.799024422811306e-07,4
bg,50,7.563482403795837e-07,4
bg,50,4.988875934834596e-07,4
bg,50,7.925038875750741e-07,4
bg,50,1.7471171965388577e-07,4
bg,50,6.901602789500789e-07,4
bg,50,6.764285334714698e-07,4
bg,50,5.528476808574306e-07,4
bg,50,8.723555446588425e-07,4
bg,50,8.543467506881327e-07,4
bg,50,4.892830571826258e-07,4
bg,50,3.766419101040085e-07,4
bg,50,6.680677229223971e-07,4
bg,50,6.569294282048971e-07,4
bg,50,5.23989627445361e-07,4
bg,50,4.445624448558686e-07,4
bg,50,7.163641606119086e-07,4
bg,50,6.444278290803031e-07,4
bg,50,6.353808900099686e-07,4
bg,50,4.5677651274257954e-07,4
bg,50,6.752901668761386e-07,4
bg,50,4.529409984290447e-07,4
bg,50,5.183822842170866e-07,4
bg,50,6.650488886952546e-07,4
bg,50,5.001273492881829e-07,4
bg,50,3.56396280224933e-07,4
bg,50,1.0648808881968948e-06,4
bg,50,3.111034421180019e-07,4
bg,50,9.937703329570308e-07,4
bg,50,5.126145996659498e-07,4
bg,50,4.795092547092702e-07,4
bg,50,2.337921691601685e-07,4
bg,50,4.064374645487789e-07,4
bg,50,7.039410673982887e-07,4
bg,50,1.1873264521726027e-06,4
bg,50,6.067028693664081e-07,4
bg,50,8.862802410649943e-07,4
bg,50,3.975257352126102e-07,4
bg,50,2.0385213893548586e-07,4
bg,50,6.425519191457165e-07,4
bg,50,6.868623432568664e-07,4
bg,50,4.6435822723287163e-07,4
bg,50,3.338850762583109e-07,4
bg,50,5.310743421176247e-07,4
bg,50,5.528232830850877e-07,4
bg,50,4.85852241125739e-07,4
bg,50,8.033056021789704e-07,4
bg,50,4.314182981358853e-07,4
bg,50,6.640446309188943e-07,4
bg,50,9.563346815161446e-07,4
bg,50,4.901337005582259e-07,4
bg,50,9.515960405174996e-07,4
bg,50,6.337463566952362e-07,4
bg,50,4.221915215982089e-07,4
bg,50,3.7235567443633913e-07,4
bg,50,9.697483951423762e-07,4
bg,50,4.195605381165667e-07,4
bg,50,6.276352198928099e-07,4
bg,50,5.201060458709406e-07,4
bg,50,3.580326385620776e-07,4
bg,50,6.567108204126371e-07,4
bg,50,6.37280389864651e-07,4
bg,50,5.281778585382315e-07,4
bg,50,4.96100263774327e-07,4
bg,50,5.521455335128464e-07,4
bg,50,5.28723492687562e-07,4
bg,50,3.204622411723534e-07,4
bg,50,4.278749079807833e-07,4
bg,50,4.164869420946009e-07,4
bg,50,8.529634701065364e-07,4
bg,50,4.987308257332264e-07,4
bg,50,4.7487610005198756e-07,4
bg,50,1.0625511344072073e-06,4
bg,50,6.327635600413612e-07,4
bg,50,9.814592069010216e-07,4
bg,50,8.124703357215031e-07,4
bg,50,1.034651345067738e-06,4
bg,50,8.281926631764422e-07,4
bg,50,5.508313551142522e-07,4
bg,50,5.303811888402712e-07,4
bg,50,5.877338722857156e-07,4
bg,50,2.137453276174629e-07,4
bg,50,5.359808784238587e-07,4
bg,50,4.910681140573079e-07,4
bg,50,2.842161832823578e-07,4
bg,50,3.764110354690132e-07,4
bg,50,4.397565160730202e-07,4
bg,50,6.060606519088571e-07,4
bg,50,9.016033256402598e-07,4
bg,50,4.0635127048154843e-07,4
bg,50,5.476710699037184e-07,4
bg,50,8.17824137901411e-07,4
bg,50,2.607326529710732e-07,4
bg,50,2.8374157596818997e-07,4
bg,50,4.704795709997862e-07,4
bg,50,3.581360066889266e-07,4
bg,50,8.664597170073423e-07,4
bg,50,4.986394464842524e-07,4
bg,50,5.492206155784984e-07,4
bg,50,4.516197385038987e-07,4
bg,50,6.193136992499644e-07,4
bg,50,6.669884072027024e-07,4
bg,50,3.212092828518077e-07,4
bg,50,4.244550773002353e-07,4
bg,50,5.220348807171989e-07,4
bg,50,8.305522626489005e-07,4
bg,50,7.338322273410045e-07,4
bg,50,4.28895937861898e-07,4
bg,50,6.271787559022181e-07,4
bg,50,7.049582010760606e-07,4
bg,50,3.397519600875201e-07,4
bg,50,5.604496569682621e-07,4
bg,50,5.847675067306125e-07,4
bg,50,3.568648319024803e-07,4
bg,50,3.201609913090916e-07,4
bg,50,3.49758936785263e-07,4
bg,50,3.274123346341624e-07,4
bg,50,6.776798302065139e-07,4
bg,50,6.845933287292117e-07,4
bg,50,5.339569308190332e-07,4
bg,50,3.131513816298797e-07,4
bg,50,5.83978258097105e-07,4
bg,50,7.516428489431843e-07,4
bg,50,3.393782799239638e-07,4
bg,50,5.395074224346093e-07,4
bg,50,3.5735003400792285e-07,4
bg,50,6.248679513807726e-07,4
bg,50,3.133400847094538e-07,4
bg,50,6.538672843887766e-07,4
ag,50,0.0058228783651524,5
ag,50,0.0343987634283916,5
ag,50,0.0048253653122423,5
ag,50,0.0099718350311351,5
ag,50,0.00450985237346,5
ag,50,0.029348893543038,5
ag,50,0.0062808480779427,5
ag,50,0.0105688909903832,5
ag,50,0.0129897542143646,5
ag,50,0.0072523583446307,5
ag,50,0.00416222550685,5
ag,50,0.0185877064532448,5
ag,50,0.0475174908082802,5
ag,50,0.0002214833754644,5
ag,50,0.0026575309264163,5
ag,50,0.0007410877143936,5
ag,50,0.0032574591022656,5
ag,50,0.0039771250800896,5
ag,50,0.0487526540408677,5
ag,50,0.0165857919591572,5
ag,50,0.0084675711622497,5
ag,50,0.0047250927751626,5
ag,50,0.0173624295299156,5
ag,50,0.0118111519560874,5
ag,50,0.0022943175937823,5
ag,50,0.0956124522814915,5
ag,50,0.0002620396928268,5
ag,50,0.0031266187353375,5
ag,50,0.0059442442008311,5
ag,50,0.0024963128725062,5
ag,50,0.0178246221996213,5
ag,50,0.0001365464614758,5
ag,50,0.002962800232311,5
ag,50,0.0118441097317638,5
ag,50,0.0128913140566826,5
ag,50,0.0096628239175681,5
ag,50,0.0028616560194838,5
ag,50,0.0183517277679436,5
ag,50,0.0143875519190658,5
ag,50,0.0050274416918906,5
ag,50,0.0111460414376636,5
ag,50,0.0154255871173558,5
ag,50,0.0123362062668389,5
ag,50,0.0055893824318899,5
ag,50,0.0084429533526773,5
ag,50,0.005599740415603,5
ag,50,0.0062929363319786,5
ag,50,0.1077168689261576,5
ag,50,0.0097619379816685,5
ag,50,0.0011523274589968,5
ag,50,0.0119617863962453,5
ag,50,0.0090979640480593,5
ag,50,0.0174577365799936,5
ag,50,0.0019514182628669,5
ag,50,0.0107667006375416,5
ag,50,0.0278853915908707,5
ag,50,0.087708478486378,5
ag,50,0.0192924991685544,5
ag,50,0.0140554861097883,5
ag,50,0.0167169927658571,5
ag,50,0.0031111473741188,5
ag,50,0.0063451181330207,5
ag,50,0.0339394040150063,5
ag,50,0.0083277397234684,5
ag,50,0.0179461490911949,5
ag,50,0.0116403889631946,5
ag,50,0.0580228151470072,5
ag,50,0.0098156848863741,5
ag,50,0.0217661790472971,5
ag,50,0.0040365004116859,5
ag,50,0.0217097890591545,5
ag,50,0.0182719415081506,5
ag,50,0.0044458777106283,5
ag,50,0.0427047654435748,5
ag,50,0.000596759406192,5
ag,50,0.0227477300361849,5
ag,50,0.0036203409826385,5
ag,50,0.005942419334295,5
ag,50,0.0141068556754984,5
ag,50,0.0103314556763688,5
ag,50,0.0022502306521579,5
ag,50,0.0056404376779989,5
ag,50,0.0244370861880019,5
ag,50,0.0119494138970242,5
ag,50,0.093288814194714,5
ag,50,0.0064933706267048,5
ag,50,0.0270354034949492,5
ag,50,0.0415193519587663,5
ag,50,0.0151120721455279,5
ag,50,0.004499666401522,5
ag,50,0.0212637297740694,5
ag,50,0.0031270421268332,5
ag,50,0.0274530855445427,5
ag,50,0.0037784809825691,5
ag,50,0.0025913461677143,5
ag,50,0.0019279572931657,5
ag,50,0.0034937723434959,5
ag,50,0.0132290266173626,5
ag,50,0.0011310112973354,5
ag,50,0.0150011299700217,5
ag,50,0.0016727415868139,5
ag,50,0.0053040711984877,5
ag,50,0.0676150546950458,5
ag,50,0.0046665364507518,5
ag,50,0.0032868823852685,5
ag,50,6.533968534074641e-05,5
ag,50,0.002090069281653,5
ag,50,0.0021254906976996,5
ag,50,0.0325630515528969,5
ag,50,0.0582240825851381,5
ag,50,0.012351870093293,5
ag,50,0.0138770793813566,5
ag,50,0.0092973522810945,5
ag,50,0.0007737899021982,5
ag,50,0.0120858029885031,5
ag,50,0.0150332176905103,5
ag,50,0.0122106795902875,5
ag,50,0.0047626432497748,5
ag,50,0.0012517439997567,5
ag,50,0.0086263559053024,5
ag,50,0.0081726088719819,5
ag,50,0.003234848749952,5
ag,50,0.0066881910035664,5
ag,50,0.0062763007100646,5
ag,50,0.0019069581854611,5
ag,50,0.013119886161581,5
ag,50,0.0008317149472893,5
ag,50,0.0783345475856553,5
ag,50,0.0062625287411818,5
ag,50,0.0502349800734512,5
ag,50,0.0144857191519752,5
ag,50,0.0287196729126699,5
ag,50,0.0220917010836226,5
ag,50,0.009142950653047,5
ag,50,0.0184530999634115,5
ag,50,0.0109176314280822,5
ag,50,0.0097283625969764,5
ag,50,0.0308818030639669,5
ag,50,0.0622469133030016,5
ag,50,0.0090990345237975,5
ag,50,0.0950612672861859,5
ag,50,0.0126963286453025,5
ag,50,0.0167602711887392,5
ag,50,0.0224733223584035,5
ag,50,0.0187112232690394,5
ag,50,0.0239211136285801,5
ag,50,0.0309737665881894,5
ag,50,0.0017049998696339,5
ag,50,0.0010958618715027,5
ag,50,0.0043492793433551,5
ag,50,0.0018510435985964,5
ag,50,0.0425161243050256,5
ag,50,0.003060454810528,5
ag,50,0.0161536535199169,5
ag,50,0.0347968394639148,5
ag,50,0.0030272478554498,5
ag,50,0.00447996523267,5
ag,50,0.0015161388444367,5
ag,50,0.0055809517981692,5
ag,50,0.0014103160834198,5
ag,50,0.0232081423637212,5
ag,50,0.0180004895060396,5
ag,50,0.0263798174927691,5
ag,50,0.0212512157751039,5
ag,50,0.0085624676822247,5
ag,50,0.0752864046451717,5
ag,50,0.0099801103097893,5
ag,50,0.1967849887979067,5
ag,50,0.022888643175851,5
ag,50,0.0035070085570269,5
ag,50,0.0010195447886967,5
ag,50,0.0927033091651984,5
ag,50,0.0181476871392537,5
ag,50,0.0027242699522112,5
ag,50,0.0041843398289082,5
ag,50,0.0014816315435341,5
ag,50,0.0013173470298966,5
ag,50,0.0263826388891015,5
ag,50,0.0032526155994981,5
ag,50,0.0226701180657662,5
ag,50,0.0042745629023553,5
ag,50,0.0016086683969819,5
ag,50,0.0190438691876395,5
ag,50,0.0017086466854831,5
ag,50,0.0229689982494109,5
ag,50,0.0001693831159962,5
ag,50,0.0041072977062471,5
ag,50,0.0047181055065295,5
ag,50,0.0024594520690403,5
ag,50,0.0088727934391001,5
ag,50,0.00318634348986,5
ag,50,0.1162906737900926,5
ag,50,0.0465803473631551,5
ag,50,0.040521379468509,5
ag,50,0.0098607390521464,5
ag,50,0.0125007880252352,5
ag,50,0.0073945906508926,5
ag,50,0.0014919466071056,5
ag,50,0.0061216739121929,5
ag,50,0.0005303653119117,5
ag,50,0.0002444840046691,5
ag,50,0.0039663564044194,5
ag,50,0.0009746069755397,5
ag,50,0.0103036807431039,5
ag,50,0.006754472471939,5
ag,50,0.0283954805948874,5
ag,50,0.0089634774942321,5
ag,50,0.0140629261172327,5
ag,50,0.011760196783241,5
ag,50,0.0399959346055758,5
ag,50,0.0044703699786942,5
ag,50,0.001875216743084,5
ag,50,0.0081561823810303,5
ag,50,0.0076709485432801,5
ag,50,0.0188719820422799,5
ag,50,0.0351910382710611,5
ag,50,0.0118244765341404,5
ag,50,0.0011159984541267,5
ag,50,0.0233270846564046,5
ag,50,0.0037764903690145,5
ag,50,0.0118823347777221,5
ag,50,0.0005109225473089,5
ag,50,0.0588785809855343,5
ag,50,0.0002609785890656,5
ag,50,0.0548823897272379,5
ag,50,0.0098200798415625,5
ag,50,0.0002662436397998,5
ag,50,0.0008761068280669,5
ag,50,0.0004851431149541,5
ag,50,0.0284444830074744,5
ag,50,0.0018409852679917,5
ag,50,0.0135991943374745,5
ag,50,0.0054301044543788,5
ag,50,0.005683530457545,5
ag,50,0.001862767925175,5
ag,50,0.0301011294652249,5
ag,50,0.0040040305797182,5
ag,50,0.0042189812273052,5
ag,50,0.0138815971372072,5
ag,50,0.0039682607300532,5
ag,50,0.0427284965535693,5
ag,50,0.0166815274477853,5
ag,50,0.0050935809494364,5
ag,50,0.0407962922946835,5
ag,50,0.0014404795228549,5
ag,50,0.000712563696562,5
ag,50,0.0081329743069392,5
ag,50,0.0093918355290665,5
ag,50,0.0327144180147483,5
ag,50,0.0023385146774148,5
ag,50,0.008121133543109,5
ag,50,0.019226208731695,5
ag,50,0.0141703410956801,5
ag,50,0.0118056037844217,5
ag,50,0.0101967299348372,5
ag,50,0.0027725235442832,5
ag,50,0.0061380001689642,5
ag,50,0.0145634330770015,5
ag,50,0.0253261055603094,5
ag,50,0.0659170958262602,5
ag,50,0.0195769205591023,5
ag,50,0.0036100199502034,5
ag,50,0.0251989933661844,5
ag,50,0.0142273332286952,5
ag,50,0.0152768673287697,5
ag,50,0.0003344335208617,5
ag,50,0.0368779661727259,5
ag,50,0.0517014937763987,5
ag,50,0.0449080492865197,5
ag,50,0.0082015998064493,5
ag,50,0.0002607874754058,5
ag,50,0.002757670529875,5
ag,50,0.0104412056251653,5
ag,50,0.0205233199467944,5
ag,50,0.0030799313209147,5
ag,50,0.0140582723860405,5
ag,50,0.0009381272002444,5
ag,50,0.0776516189291936,5
ag,50,0.0080906310037739,5
ag,50,0.0348670610296053,5
ag,50,0.0059221152944187,5
ag,50,0.013127510958678,5
ag,50,0.0053231207502138,5
ag,50,0.0553264567649534,5
ag,50,0.0005260447518539,5
ag,50,0.0033775743131867,5
ag,50,0.0058003582940344,5
ag,50,0.0141260083031102,5
ag,50,0.0001549794397778,5
ag,50,0.0089605071782249,5
ag,50,0.0066464225908601,5
ag,50,0.0072218643323018,5
ag,50,0.0046385787115256,5
ag,50,0.0004147726041456,5
ag,50,0.0010024071344823,5
ag,50,0.0144521616085628,5
ag,50,0.018955546991828,5
ag,50,0.011825261180533,5
ag,50,0.0395705541143551,5
ag,50,0.0101463408440595,5
ag,50,0.0046987538043969,5
ag,50,0.001395267870809,5
ag,50,0.001478657681348,5
ag,50,0.0169058098497744,5
ag,50,0.0513650904170697,5
ag,50,0.0140593537201847,5
ag,50,0.0017703554794282,5
ag,50,0.0087671394503038,5
ag,50,0.0183429946120564,5
ag,50,0.0068906539508871,5
ag,50,0.0202746869028756,5
ag,50,0.0012645151361374,5
ag,50,0.0078125671404934,5
ag,50,0.009829132120369,5
ag,50,0.0064376379675556,5
ag,50,0.0025801058619123,5
ag,50,0.0024591609643566,5
ag,50,0.0011052057357645,5
ag,50,0.0205772547330269,5
ag,50,0.0014389579973183,5
ag,50,0.0138166722929292,5
ag,50,0.0033921910036558,5
ag,50,0.0546826808599837,5
ag,50,0.0150393497455024,5
ag,50,0.065659666153981,5
ag,50,0.0011493650584391,5
ag,50,0.0059004937918485,5
ag,50,0.0052887251551726,5
ag,50,0.0044032566639339,5
ag,50,0.012861724483257,5
ag,50,0.0683972009795304,5
ag,50,0.0011449675160669,5
ag,50,0.021700937146615,5
ag,50,0.0099869348807692,5
ag,50,0.0012665161275754,5
ag,50,0.0007947581391984,5
ag,50,0.0807569526790405,5
ag,50,0.0425021435467118,5
ag,50,0.0463956279129083,5
ag,50,0.003970821980655,5
ag,50,0.0288153792562091,5
ag,50,0.0036812636558797,5
ag,50,0.0002214538424092,5
ag,50,0.0337249823651833,5
ag,50,0.0197288833661431,5
ag,50,0.0019292198741362,5
ag,50,0.0019315824201835,5
ag,50,0.0032212261068502,5
ag,50,0.0157144509007745,5
ag,50,0.000212307986982,5
ag,50,0.0627192458442525,5
ag,50,0.0458468758919267,5
ag,50,0.0038182939813469,5
ag,50,0.0161265598168305,5
ag,50,0.0132271960138805,5
ag,50,0.0015381464080854,5
ag,50,0.0065485038108056,5
ag,50,0.0277588556276689,5
ag,50,0.0075731005850404,5
ag,50,0.0095349678904331,5
ag,50,0.0147035896261192,5
ag,50,0.018899331678388,5
ag,50,0.0156717107634831,5
ag,50,0.01001989889722,5
ag,50,0.0222304496220611,5
ag,50,0.0364909399335324,5
ag,50,0.0075759394109775,5
ag,50,0.0059982746700971,5
ag,50,0.0189875072868766,5
ag,50,0.0100482315784514,5
ag,50,0.0017204879957379,5
ag,50,0.0132266666354507,5
ag,50,0.0027878550211712,5
ag,50,0.0013565727519476,5
ag,50,0.0279334708674169,5
ag,50,0.0039798116186347,5
ag,50,0.0080535631611918,5
ag,50,0.0087486621499111,5
ag,50,0.0007658013643125,5
ag,50,0.0041536678901776,5
ag,50,0.0101352319479392,5
ag,50,0.0055487283975538,5
ag,50,0.0051667065789677,5
ag,50,0.0016532716073957,5
ag,50,0.0079226179711283,5
ag,50,0.0060043962702358,5
ag,50,0.0098032556430454,5
ag,50,0.0542453719079619,5
ag,50,0.001419784681187,5
ag,50,0.0112033989001346,5
ag,50,0.001077111354423,5
ag,50,0.0244105039352502,5
ag,50,0.0601868723698091,5
ag,50,0.0398892643234277,5
ag,50,0.0139490387675096,5
ag,50,0.0385284413371019,5
ag,50,0.0024008964877245,5
ag,50,0.0221199968634775,5
ag,50,0.0183650829938254,5
ag,50,0.01182131235946,5
ag,50,0.0021447213047603,5
ag,50,0.0038278712596446,5
ag,50,0.0055692395924886,5
ag,50,0.0014803796051354,5
ag,50,0.011135128900757,5
ag,50,0.0170117430498496,5
ag,50,0.0020033256457434,5
ag,50,0.0335237686144703,5
ag,50,0.0812869395232497,5
ag,50,0.0025197659044021,5
ag,50,0.0140762490208384,5
ag,50,0.0003017857762214,5
ag,50,0.0283459133046081,5
ag,50,0.0922009067941966,5
ag,50,0.0202982763620133,5
ag,50,0.0033206704267797,5
ag,50,0.014461054938459,5
ag,50,0.0002119651949211,5
ag,50,0.0554335281249845,5
ag,50,0.0010838546114525,5
ag,50,0.0013367871000217,5
ag,50,0.0015884743430158,5
ag,50,0.0105710808862215,5
ag,50,0.0097026713911455,5
ag,50,0.0387582344777483,5
ag,50,0.0029486353984578,5
ag,50,0.0302937891098477,5
ag,50,0.0045459473868462,5
ag,50,0.0056585745447955,5
ag,50,0.016481944571007,5
ag,50,0.0548706829111859,5
ag,50,0.0114170350686815,5
ag,50,0.0018753372511887,5
ag,50,0.0369250372400343,5
ag,50,0.0063533312132103,5
ag,50,0.019040242800899,5
ag,50,0.0045272349336421,5
ag,50,0.0014720143440594,5
ag,50,0.0106893576108991,5
ag,50,0.0171491170048206,5
ag,50,0.0018210374642513,5
ag,50,0.0331848205366162,5
ag,50,0.0111431746556587,5
ag,50,0.0284024731268958,5
ag,50,0.0070704500101279,5
ag,50,0.0041459309378935,5
ag,50,0.0098817722762658,5
ag,50,0.0078124886514612,5
ag,50,0.0253806540297494,5
ag,50,0.0051999180469967,5
ag,50,0.0084114237437323,5
ag,50,0.0195371182567486,5
ag,50,0.0049660795485915,5
ag,50,0.0415881747420047,5
ag,50,0.0095428772037444,5
ag,50,0.0082721342196667,5
ag,50,0.0142667659007237,5
ag,50,0.0010334709050745,5
ag,50,0.0163831659666989,5
ag,50,0.0007997974907751,5
ag,50,0.0037461434657182,5
ag,50,0.0053880441440039,5
ag,50,0.027913531573521,5
ag,50,0.00750883254399,5
ag,50,0.0168877026325095,5
ag,50,0.0174927824552299,5
ag,50,0.0033534346889135,5
ag,50,0.0506207222378394,5
ag,50,0.0091851578155751,5
ag,50,0.020823447490759,5
ag,50,0.0083793319918185,5
ag,50,0.0663097472245384,5
ag,50,0.0102063123300716,5
ag,50,0.0438534448718028,5
ag,50,0.0084378993877922,5
ag,50,0.003767528000687,5
ag,50,0.0066880567248654,5
ag,50,0.0069436798483549,5
ag,50,0.0094704016797833,5
ag,50,0.0049542012150727,5
ag,50,0.0055118261764107,5
ag,50,0.0104913104496135,5
ag,50,0.0165023848222299,5
ag,50,0.0027050349328613,5
ag,50,0.0040196826065075,5
ag,50,0.0087213583680369,5
ag,50,0.0010730864187794,5
ag,50,0.0014910510609292,5
ag,50,0.0040755829583276,5
ag,50,0.0175186642751931,5
ag,50,0.0227794634882618,5
ag,50,0.0298900900218605,5
ag,50,0.0402983028901247,5
ag,50,0.0248896432744539,5
ag,50,0.0080487147265539,5
ag,50,0.0314479598646664,5
ag,50,0.0365916320241121,5
ag,50,0.0020149061538735,5
ag,50,0.0006230905846564,5
ag,50,0.0037267736547954,5
nag,50,0.0005577859972358,5
nag,50,0.0,5
nag,50,0.0,5
nag,50,0.000167703154043,5
nag,50,0.0004803771346372,5
nag,50,1.0544446173381782e-05,5
nag,50,0.0001766059617336,5
nag,50,0.0003254290003778,5
nag,50,0.0011999903383258,5
nag,50,4.032949534645284e-05,5
nag,50,3.539900901623194e-05,5
nag,50,0.0024820891895074,5
nag,50,6.327542877237364e-05,5
nag,50,9.338608261378864e-05,5
nag,50,0.0001108734889819,5
nag,50,0.0014539845558832,5
nag,50,0.0005644993412377,5
nag,50,8.113073891010112e-05,5
nag,50,4.95072517972106e-05,5
nag,50,3.269796265489769e-05,5
nag,50,0.0001255153858929,5
nag,50,0.0,5
nag,50,0.000101519075036,5
nag,50,5.6776783600912625e-05,5
nag,50,0.0002586227832575,5
nag,50,0.0001306465138448,5
nag,50,0.0,5
nag,50,0.0002046396242758,5
nag,50,0.0001578282734995,5
nag,50,0.0,5
nag,50,0.0005197639499104,5
nag,50,6.011057273350464e-05,5
nag,50,3.0409468823731972e-05,5
nag,50,8.751591063005454e-05,5
nag,50,0.000117464998275,5
nag,50,0.0001238267375776,5
nag,50,0.0011715142719715,5
nag,50,4.204784683051794e-05,5
nag,50,0.0,5
nag,50,9.4872489176475e-05,5
nag,50,0.000153362111227,5
nag,50,7.727095690941794e-05,5
nag,50,2.457750577979076e-05,5
nag,50,6.837598137521652e-05,5
nag,50,0.0012394730489415,5
nag,50,0.0001868005713788,5
nag,50,0.0004584158555995,5
nag,50,0.0002475754667401,5
nag,50,0.0002078320299033,5
nag,50,0.000581861697755,5
nag,50,0.0010231117610368,5
nag,50,0.0009821151484302,5
nag,50,0.0003967192906753,5
nag,50,5.5281248599080816e-05,5
nag,50,0.0003861296067322,5
nag,50,0.0007345828919099,5
nag,50,0.0001754840606363,5
nag,50,5.20526277070178e-05,5
nag,50,0.0006939991092341,5
nag,50,0.0,5
nag,50,7.515473217326213e-05,5
nag,50,0.0,5
nag,50,6.113825536533056e-05,5
nag,50,1.890158639153157e-05,5
nag,50,2.8427995837025245e-05,5
nag,50,0.0002863008329794,5
nag,50,5.7039371889071e-05,5
nag,50,2.0406846953480267e-05,5
nag,50,0.0,5
nag,50,0.0009271506025067,5
nag,50,1.2069042240331705e-05,5
nag,50,0.0003183476295833,5
nag,50,0.0003585929529077,5
nag,50,2.5777549866079654e-05,5
nag,50,0.0002293521939584,5
nag,50,5.1523078405713374e-05,5
nag,50,9.33061811806846e-05,5
nag,50,0.0004220443220264,5
nag,50,8.678742378336343e-05,5
nag,50,0.000266533038947,5
nag,50,0.0,5
nag,50,0.0002104034627417,5
nag,50,8.048858532378096e-05,5
nag,50,0.0015430016419985,5
nag,50,4.643419797053567e-05,5
nag,50,5.5393409069744275e-05,5
nag,50,3.558648759871061e-05,5
nag,50,0.0027185143345631,5
nag,50,0.0001346080503924,5
nag,50,0.000155048197238,5
nag,50,4.069847320946175e-05,5
nag,50,0.0001840536093834,5
nag,50,0.000112021755796,5
nag,50,0.0,5
nag,50,0.0001733696242032,5
nag,50,8.783102563913837e-05,5
nag,50,0.0001614235398802,5
nag,50,0.0,5
nag,50,0.0,5
nag,50,9.162665178820696e-05,5
nag,50,0.0,5
nag,50,0.0003564392249612,5
nag,50,4.1977523393041054e-05,5
nag,50,1.9805779568737178e-05,5
nag,50,6.58535391121562e-05,5
nag,50,0.00029760128087,5
nag,50,0.0013193327533129,5
nag,50,3.152510314771838e-05,5
nag,50,0.0003755983043529,5
nag,50,5.548950526591131e-05,5
nag,50,0.0005907725190249,5
nag,50,8.336808622844248e-05,5
nag,50,0.0001074224220068,5
nag,50,0.0001079272063212,5
nag,50,0.0006385900919856,5
nag,50,0.0010582652433656,5
nag,50,0.0,5
nag,50,3.245085919511931e-05,5
nag,50,0.0002057211454471,5
nag,50,0.0005955462134008,5
nag,50,0.0005044100430241,5
nag,50,8.697314942719576e-05,5
nag,50,7.068760778190645e-05,5
nag,50,6.514605096712103e-05,5
nag,50,0.0002508090578497,5
nag,50,4.4959167470212686e-05,5
nag,50,0.0001635318988572,5
nag,50,0.000427384563429,5
nag,50,0.0,5
nag,50,0.0001469958791393,5
nag,50,3.859405718730573e-05,5
nag,50,0.0001809127889973,5
nag,50,5.1826708503548576e-05,5
nag,50,0.0004844174579775,5
nag,50,0.0001105654615466,5
nag,50,0.0039974053490417,5
nag,50,3.081945260612833e-05,5
nag,50,2.8041980370246066e-05,5
nag,50,0.0002816835164419,5
nag,50,0.0,5
nag,50,6.09045951750322e-05,5
nag,50,0.0,5
nag,50,0.0003008849865541,5
nag,50,9.59553295581958e-05,5
nag,50,6.155153114879119e-05,5
nag,50,0.0002643848080723,5
nag,50,0.0004794851975784,5
nag,50,4.511644239115636e-05,5
nag,50,0.0001106372732186,5
nag,50,2.112733650060359e-05,5
nag,50,0.0005698455686341,5
nag,50,0.000116200291827,5
nag,50,3.901576962182116e-05,5
nag,50,0.001056342398004,5
nag,50,4.303978679257761e-05,5
nag,50,0.0007030316425678,5
nag,50,0.0005477388311849,5
nag,50,6.199170361797032e-05,5
nag,50,0.0001228051685481,5
nag,50,0.0004022989452648,5
nag,50,0.0001985506400066,5
nag,50,4.723582527725393e-05,5
nag,50,2.852319551945477e-05,5
nag,50,0.0002824174247453,5
nag,50,0.0006282501371573,5
nag,50,0.00035172205105,5
nag,50,7.489856286424148e-05,5
nag,50,0.0,5
nag,50,0.0002158923714874,5
nag,50,6.926914121175396e-05,5
nag,50,2.2444322936397943e-05,5
nag,50,0.0001010956373633,5
nag,50,0.0007370446713256,5
nag,50,5.117011591598287e-05,5
nag,50,0.0014414686015676,5
nag,50,0.0001281995425345,5
nag,50,0.0002290979467384,5
nag,50,6.405767223704258e-05,5
nag,50,8.620350720158457e-05,5
nag,50,0.0001650369133947,5
nag,50,4.297066152977866e-05,5
nag,50,7.306864094942876e-05,5
nag,50,0.0001218999512979,5
nag,50,7.985195540267712e-05,5
nag,50,0.0006691445499756,5
nag,50,0.0,5
nag,50,0.0001630516764084,5
nag,50,0.0004409267291307,5
nag,50,0.0001764336415191,5
nag,50,0.0004803545320109,5
nag,50,0.0005714632130455,5
nag,50,4.002086021304782e-05,5
nag,50,0.0003590841682668,5
nag,50,8.845820362567416e-05,5
nag,50,1.4427156548246288e-05,5
nag,50,0.0,5
nag,50,0.0002651886816101,5
nag,50,0.0004214279535576,5
nag,50,0.0003033695114512,5
nag,50,0.0,5
nag,50,0.000277777019163,5
nag,50,1.41817755955901e-05,5
nag,50,0.0013720012821322,5
nag,50,0.0002524679066946,5
nag,50,0.0,5
nag,50,6.337127508368395e-05,5
nag,50,0.0,5
nag,50,0.0007043232576126,5
nag,50,0.0011424959585986,5
nag,50,0.0001695452527936,5
nag,50,3.241360246708368e-05,5
nag,50,1.3680059869857616e-05,5
nag,50,3.225867381385998e-05,5
nag,50,0.0002865230409369,5
nag,50,0.0005872423037127,5
nag,50,0.0,5
nag,50,0.0002712709819032,5
nag,50,4.685270985768633e-05,5
nag,50,2.7354869993747392e-05,5
nag,50,0.0005942041201909,5
nag,50,0.0,5
nag,50,0.0,5
nag,50,0.0,5
nag,50,2.5810501154677685e-05,5
nag,50,0.0001314306981576,5
nag,50,0.0008408119792214,5
nag,50,0.0005119540164743,5
nag,50,6.653968401828489e-05,5
nag,50,0.0002559302606194,5
nag,50,3.2625728020980056e-05,5
nag,50,0.0,5
nag,50,0.0010608395268427,5
nag,50,0.0008074732358929,5
nag,50,0.000286648453921,5
nag,50,4.806523068785312e-05,5
nag,50,0.0002905854197219,5
nag,50,0.0,5
nag,50,1.7378968649490034e-05,5
nag,50,0.0001362869001745,5
nag,50,2.4950689343647573e-05,5
nag,50,0.0003434031993282,5
nag,50,0.0007241074528004,5
nag,50,0.0003484988561697,5
nag,50,4.5652637822481845e-05,5
nag,50,0.0005548998601225,5
nag,50,9.318171953769024e-05,5
nag,50,9.413024937003032e-05,5
nag,50,0.0003177315499535,5
nag,50,5.36679186148422e-05,5
nag,50,0.0,5
nag,50,0.0003918153592614,5
nag,50,0.0001179666100516,5
nag,50,5.9281576473751775e-05,5
nag,50,0.000505893598384,5
nag,50,5.238045327471307e-05,5
nag,50,0.0022187704305174,5
nag,50,0.0007738990380771,5
nag,50,2.4299176494637412e-05,5
nag,50,5.4130173648551185e-05,5
nag,50,0.0017463159200556,5
nag,50,0.0002180290943888,5
nag,50,0.0001570949781124,5
nag,50,5.813687060104585e-05,5
nag,50,0.0003298583183399,5
nag,50,8.782253634738099e-05,5
nag,50,5.059191349242948e-05,5
nag,50,0.00032587328214,5
nag,50,0.0,5
nag,50,0.0015405857303064,5
nag,50,7.066588905054651e-05,5
nag,50,0.0001300029436693,5
nag,50,6.970069188295643e-05,5
nag,50,0.0007678100629694,5
nag,50,0.0,5
nag,50,0.0,5
nag,50,4.618837451734027e-05,5
nag,50,0.0009583569571293,5
nag,50,0.0007973390399812,5
nag,50,5.711659717215915e-05,5
nag,50,4.347795583625528e-05,5
nag,50,0.0006853171544629,5
nag,50,0.0001558411673453,5
nag,50,0.0002967043459217,5
nag,50,7.3455183668845965e-06,5
nag,50,1.6215112177823193e-05,5
nag,50,0.0,5
nag,50,0.0001667313743609,5
nag,50,0.0,5
nag,50,0.0002570842409894,5
nag,50,6.625312703431635e-05,5
nag,50,0.0005767772483745,5
nag,50,0.0,5
nag,50,8.819104556608741e-05,5
nag,50,3.720897908827912e-05,5
nag,50,5.158265058423863e-05,5
nag,50,4.3146549074511894e-05,5
nag,50,4.044857146815928e-05,5
nag,50,0.0003604194623886,5
nag,50,3.58367066602467e-05,5
nag,50,0.0001449318342014,5
nag,50,0.0006408994451528,5
nag,50,0.0002837742577321,5
nag,50,0.0,5
nag,50,0.0005184093935339,5
nag,50,0.0006833676430559,5
nag,50,0.0003431734627108,5
nag,50,0.0001523384981471,5
nag,50,0.0,5
nag,50,0.0,5
nag,50,0.0002253970799694,5
nag,50,0.0009019744678761,5
nag,50,0.0011796900725488,5
nag,50,0.0,5
nag,50,2.5989810348323825e-05,5
nag,50,0.0,5
nag,50,0.0020342643279,5
nag,50,2.2235254845819496e-05,5
nag,50,0.0004187167384351,5
nag,50,0.0003656296434062,5
nag,50,0.0002178921272111,5
nag,50,0.0025299759182708,5
nag,50,2.4124713796257176e-05,5
nag,50,0.0003975918902068,5
nag,50,0.0005168616478821,5
nag,50,0.0001044768808279,5
nag,50,0.0003468832000243,5
nag,50,0.0020880232079864,5
nag,50,0.0004812923236433,5
nag,50,0.0001438308618604,5
nag,50,0.0001952636100666,5
nag,50,0.0023991771342752,5
nag,50,0.000129017613532,5
nag,50,0.0008866985095872,5
nag,50,4.694045911497687e-05,5
nag,50,0.0005248659442148,5
nag,50,0.0,5
nag,50,0.0001518912699796,5
nag,50,0.0,5
nag,50,0.0001809118326762,5
nag,50,0.0002506704361632,5
nag,50,0.0,5
nag,50,4.4765640753986385e-05,5
nag,50,0.0001010472984589,5
nag,50,0.0,5
nag,50,0.0002136304828473,5
nag,50,1.998694463658763e-05,5
nag,50,1.5988140876204125e-05,5
nag,50,0.0002140664064371,5
nag,50,1.8824238589825757e-05,5
nag,50,0.0012007923530999,5
nag,50,2.789005647502452e-05,5
nag,50,3.237833261637445e-05,5
nag,50,0.0001656364868598,5
nag,50,0.0011655856306652,5
nag,50,0.0005584863494527,5
nag,50,0.0005306636202284,5
nag,50,0.0008533666599559,5
nag,50,4.35766706074184e-05,5
nag,50,0.0,5
nag,50,0.0004600397319643,5
nag,50,9.653548480135733e-05,5
nag,50,0.0004946063071397,5
nag,50,5.5506840557647954e-05,5
nag,50,4.2960422496172e-05,5
nag,50,0.0004482064486963,5
nag,50,1.604680498431805e-05,5
nag,50,2.283309317095667e-05,5
nag,50,0.0,5
nag,50,0.0004974552918168,5
nag,50,0.0001747994453762,5
nag,50,0.0,5
nag,50,0.0003739836515965,5
nag,50,0.0001554225923748,5
nag,50,0.0005067177994649,5
nag,50,0.0001729387944008,5
nag,50,3.105436913299064e-05,5
nag,50,5.3835097190626826e-05,5
nag,50,0.0002334683792099,5
nag,50,0.0002898683696764,5
nag,50,0.0002708303980238,5
nag,50,3.9832297699032554e-05,5
nag,50,0.0017180601109703,5
nag,50,0.0003436400935429,5
nag,50,0.0002100108040976,5
nag,50,0.0001338819511172,5
nag,50,0.000189900318215,5
nag,50,0.0003921425210901,5
nag,50,0.0005967748097466,5
nag,50,0.0,5
nag,50,0.0004823973696782,5
nag,50,0.0008218710452946,5
nag,50,0.0002687621462307,5
nag,50,0.0003766860963805,5
nag,50,0.0001862479480099,5
nag,50,0.0003804878886874,5
nag,50,0.00037232125411,5
nag,50,0.0004947171720899,5
nag,50,0.0004721942916087,5
nag,50,0.0001388654445334,5
nag,50,0.000337998824705,5
nag,50,0.0001869994944358,5
nag,50,0.0003334921129391,5
nag,50,2.754283276052929e-05,5
nag,50,1.2245287841580471e-05,5
nag,50,0.0005299833149311,5
nag,50,0.0001571710191141,5
nag,50,0.0003119611448007,5
nag,50,4.103384576869857e-05,5
nag,50,3.716974813057081e-05,5
nag,50,0.0001511246106853,5
nag,50,0.0004012466646172,5
nag,50,0.0,5
nag,50,2.879803948788672e-05,5
nag,50,5.678424162946653e-05,5
nag,50,2.7875536451325297e-05,5
nag,50,0.0007693869344969,5
nag,50,0.0002098358358021,5
nag,50,2.79766691007788e-05,5
nag,50,0.0001561731221653,5
nag,50,0.0003037026843128,5
nag,50,0.00063526560102,5
nag,50,0.0011044550912111,5
nag,50,6.982744416199774e-05,5
nag,50,0.0,5
nag,50,0.00027355516439,5
nag,50,0.0,5
nag,50,0.0002177293039572,5
nag,50,0.0004507628132878,5
nag,50,0.0003093045342118,5
nag,50,0.0,5
nag,50,0.0022089557468136,5
nag,50,8.576337358716424e-05,5
nag,50,0.0007178669208378,5
nag,50,0.0003760667685583,5
nag,50,0.0005147820069242,5
nag,50,0.0,5
nag,50,0.0001103314920023,5
nag,50,0.0002958233372247,5
nag,50,7.073227149736756e-05,5
nag,50,0.0005668434396218,5
nag,50,0.0001243665403257,5
nag,50,0.0008806108307344,5
nag,50,0.0001106440882805,5
nag,50,0.0006222714122772,5
nag,50,0.0002987727204789,5
nag,50,2.0833500730585683e-05,5
nag,50,0.0001910826917984,5
nag,50,0.0,5
nag,50,0.0022912052203093,5
nag,50,0.0006179568013496,5
nag,50,1.332276391533125e-05,5
nag,50,0.0022285398203297,5
nag,50,0.000131089304027,5
nag,50,0.000391429932834,5
nag,50,0.0002145919551461,5
nag,50,4.157163974952326e-05,5
nag,50,0.0003448766135281,5
nag,50,0.0,5
nag,50,0.0003313781103203,5
nag,50,7.618686418836154e-05,5
nag,50,0.0,5
nag,50,0.000620051199597,5
nag,50,0.0,5
nag,50,0.0,5
nag,50,0.0004101701420048,5
nag,50,5.473230297190442e-05,5
nag,50,0.0,5
nag,50,0.0001451438612604,5
nag,50,0.0008109910662837,5
nag,50,2.513232041775624e-05,5
nag,50,0.0001189512366474,5
nag,50,0.0,5
nag,50,0.0001019171209264,5
nag,50,0.0005678459677688,5
nag,50,0.0006205405848352,5
nag,50,0.0004800474592173,5
nag,50,0.0,5
nag,50,0.0005571751730967,5
nag,50,0.0001869521401681,5
nag,50,0.0001980747101235,5
nag,50,0.0,5
nag,50,0.0002260857167454,5
nag,50,0.0006858900359451,5
nag,50,6.494786550103256e-05,5
nag,50,0.0001483271509465,5
nag,50,0.0,5
nag,50,0.0003908933250783,5
nag,50,0.0,5
nag,50,3.185294349674715e-05,5
nag,50,6.216991433442554e-05,5
nag,50,0.0006958173099735,5
nag,50,0.000308492188629,5
nag,50,5.979182415314568e-05,5
nag,50,0.001417486870757,5
nag,50,4.0734685705052445e-05,5
nag,50,6.302735945007512e-05,5
nag,50,3.5863056160469604e-05,5
nag,50,0.0001656819366882,5
nag,50,0.0014919901625155,5
nag,50,0.0001466367156188,5
bg,50,4.694942507079767e-07,5
bg,50,4.219025091512754e-07,5
bg,50,8.698436781611947e-07,5
bg,50,9.337315278972712e-07,5
bg,50,7.425788585484049e-07,5
bg,50,5.312488910181865e-07,5
bg,50,8.006018668631278e-07,5
bg,50,3.950695435220227e-07,5
bg,50,5.036235880554212e-07,5
bg,50,6.032417975049324e-07,5
bg,50,3.468092141067423e-07,5
bg,50,6.576651201252052e-07,5
bg,50,3.716575075811691e-07,5
bg,50,4.821488991843669e-07,5
bg,50,8.795012205069811e-07,5
bg,50,5.425615835164472e-07,5
bg,50,7.577291413780697e-07,5
bg,50,6.125076483054913e-07,5
bg,50,9.586544564631055e-07,5
bg,50,4.041897181364768e-07,5
bg,50,6.539196234752226e-07,5
bg,50,5.239824595065287e-07,5
bg,50,1.8093336948459637e-07,5
bg,50,5.627403012544521e-07,5
bg,50,4.79124088250366e-07,5
bg,50,8.951124287836162e-07,5
bg,50,4.3300002243930946e-07,5
bg,50,7.872033485251256e-07,5
bg,50,5.254900681971921e-07,5
bg,50,5.107835045709625e-07,5
bg,50,5.445990876935132e-07,5
bg,50,6.91580029802603e-07,5
bg,50,3.575778773042202e-07,5
bg,50,4.420760812311686e-07,5
bg,50,3.846760632816672e-07,5
bg,50,7.911287429760641e-07,5
bg,50,5.517531090578158e-07,5
bg,50,3.151914892833636e-07,5
bg,50,8.552131520771029e-07,5
bg,50,4.093977592418334e-07,5
bg,50,6.472556975844312e-07,5
bg,50,4.722723223760398e-07,5
bg,50,3.300659224211718e-07,5
bg,50,4.5191399471860794e-07,5
bg,50,4.304520327309861e-07,5
bg,50,3.4797829069091505e-07,5
bg,50,7.775354338215048e-07,5
bg,50,2.554475989565958e-07,5
bg,50,3.942182772817685e-07,5
bg,50,7.797028119286122e-07,5
bg,50,1.6894507042195356e-07,5
bg,50,6.335632274526848e-07,5
bg,50,4.49630815652893e-07,5
bg,50,3.901403376867142e-07,5
bg,50,3.450775296781689e-07,5
bg,50,8.783471444449899e-07,5
bg,50,3.083482065062508e-07,5
bg,50,2.275261777991987e-07,5
bg,50,5.347071760667019e-07,5
bg,50,3.928024240696789e-07,5
bg,50,6.683622469112987e-07,5
bg,50,5.414389447730447e-07,5
bg,50,2.753907632034582e-07,5
bg,50,3.093806069270494e-07,5
bg,50,5.076982031712548e-07,5
bg,50,5.370809610543744e-07,5
bg,50,5.205226964918651e-07,5
bg,50,3.803296278864625e-07,5
bg,50,6.992478048042947e-07,5
bg,50,5.257853500367602e-07,5
bg,50,3.257530406392802e-07,5
bg,50,3.39757951831141e-07,5
bg,50,4.995482810276179e-07,5
bg,50,7.889812482702065e-07,5
bg,50,5.625122641938323e-07,5
bg,50,5.48780595040071e-07,5
bg,50,3.371351008121231e-07,5
bg,50,3.582082416844435e-07,5
bg,50,4.309541728196387e-07,5
bg,50,5.747765241959464e-07,5
bg,50,4.328591008690121e-07,5
bg,50,6.903455503045958e-07,5
bg,50,3.161834680090105e-07,5
bg,50,3.49437835914546e-07,5
bg,50,5.792864230135301e-07,5
bg,50,3.853684814019185e-07,5
bg,50,5.939275398716297e-07,5
bg,50,6.324527942059036e-07,5
bg,50,7.553089658812778e-07,5
bg,50,3.1881207520042906e-07,5
bg,50,6.274363488643034e-07,5
bg,50,4.6267419942485826e-07,5
bg,50,1.0067503777206223e-06,5
bg,50,5.192887789524951e-07,5
bg,50,7.434298234841881e-07,5
bg,50,3.741974781676797e-07,5
bg,50,2.7660492263363876e-07,5
bg,50,5.778926105230142e-07,5
bg,50,5.118556487899762e-07,5
bg,50,5.45581270408404e-07,5
bg,50,5.161471384777589e-07,5
bg,50,5.094326371141444e-07,5
bg,50,6.793777591425637e-07,5
bg,50,6.27635072582819e-07,5
bg,50,5.523227466082101e-07,5
bg,50,5.369078612132404e-07,5
bg,50,7.817427265878658e-07,5
bg,50,4.100292756725128e-07,5
bg,50,9.262821350773468e-07,5
bg,50,4.589279453865069e-07,5
bg,50,2.755588571538499e-07,5
bg,50,9.813873443733866e-07,5
bg,50,3.930884258626369e-07,5
bg,50,8.040523053654412e-07,5
bg,50,6.31440068960486e-07,5
bg,50,5.026333513422966e-07,5
bg,50,5.967925833417829e-07,5
bg,50,5.418657889349796e-07,5
bg,50,3.751082369444346e-07,5
bg,50,8.403054034960971e-07,5
bg,50,9.354521160253636e-07,5
bg,50,5.940115450627299e-07,5
bg,50,3.994747228293998e-07,5
bg,50,7.242076143098707e-07,5
bg,50,3.10336358434157e-07,5
bg,50,6.718293875038814e-07,5
bg,50,4.477117974902301e-07,5
bg,50,6.137452906101054e-07,5
bg,50,6.664196879307446e-07,5
bg,50,4.4975670377659313e-07,5
bg,50,5.224478337672169e-07,5
bg,50,6.335658196897321e-07,5
bg,50,4.215263736592082e-07,5
bg,50,4.083484309562159e-07,5
bg,50,5.920895820935102e-07,5
bg,50,4.6437475587125307e-07,5
bg,50,3.645142707785239e-07,5
bg,50,6.433067023265178e-07,5
bg,50,1.17680171178689e-06,5
bg,50,6.223451969868961e-07,5
bg,50,2.706284137492879e-07,5
bg,50,6.203638635467516e-07,5
bg,50,8.421963626192428e-07,5
bg,50,4.118442977152481e-07,5
bg,50,6.849732645399157e-07,5
bg,50,5.79532181665189e-07,5
bg,50,3.663252988969777e-07,5
bg,50,3.785227939190009e-07,5
bg,50,8.986063405251935e-07,5
bg,50,2.653233980501909e-07,5
bg,50,4.71200425565862e-07,5
bg,50,1.946999375984852e-07,5
bg,50,5.069118932933811e-07,5
bg,50,9.41488183797712e-07,5
bg,50,2.373350329777504e-07,5
bg,50,5.13609961486642e-07,5
bg,50,9.1144666597183e-07,5
bg,50,3.334704797702892e-07,5
bg,50,4.634525019997129e-07,5
bg,50,6.384523157297219e-07,5
bg,50,5.978214719696431e-07,5
bg,50,8.723385509489115e-07,5
bg,50,3.21776210037069e-07,5
bg,50,5.970057820687389e-07,5
bg,50,6.294156169535343e-07,5
bg,50,4.3929652812103754e-07,5
bg,50,5.268811918583926e-07,5
bg,50,5.741281181637358e-07,5
bg,50,7.70257764085044e-07,5
bg,50,3.619280429007879e-07,5
bg,50,4.6678834773736907e-07,5
bg,50,2.568262591843039e-07,5
bg,50,7.146515362594175e-07,5
bg,50,3.5972745338117433e-07,5
bg,50,3.982838719984166e-07,5
bg,50,3.83332330341368e-07,5
bg,50,4.271648519549955e-07,5
bg,50,6.141557690239038e-07,5
bg,50,7.076698063066037e-07,5
bg,50,1.2071164085745567e-06,5
bg,50,3.6994667163367826e-07,5
bg,50,5.992200727947077e-07,5
bg,50,4.843173394931683e-07,5
bg,50,5.70210158652911e-07,5
bg,50,4.750988538757397e-07,5
bg,50,7.11807053042531e-07,5
bg,50,5.105551920711126e-07,5
bg,50,6.436701311320167e-07,5
bg,50,5.465628170901674e-07,5
bg,50,6.120763530122192e-07,5
bg,50,8.064539520128976e-07,5
bg,50,7.810563296166173e-07,5
bg,50,9.481410478954892e-07,5
bg,50,5.756572186351211e-07,5
bg,50,3.872832793011039e-07,5
bg,50,6.237422345577977e-07,5
bg,50,6.188577256027243e-07,5
bg,50,3.474152749141326e-07,5
bg,50,1.0529011562011198e-06,5
bg,50,5.577631518083738e-07,5
bg,50,6.775236997029753e-07,5
bg,50,5.062208023799906e-07,5
bg,50,4.4778137356057435e-07,5
bg,50,4.052131782443579e-07,5
bg,50,8.125653869762758e-07,5
bg,50,5.454198844083615e-07,5
bg,50,6.393665237326239e-07,5
bg,50,6.201958313770498e-07,5
bg,50,4.093423561965649e-07,5
bg,50,5.447704576622975e-07,5
bg,50,7.19218422932179e-07,5
bg,50,4.860400849983775e-07,5
bg,50,4.9825634268062e-07,5
bg,50,3.495971153453099e-07,5
bg,50,6.520470894878125e-07,5
bg,50,6.870890123964569e-07,5
bg,50,4.501658152400203e-07,5
bg,50,5.794388481150484e-07,5
bg,50,6.342372084447361e-07,5
bg,50,5.755189401062748e-07,5
bg,50,1.1714612264800202e-06,5
bg,50,5.104095091615784e-07,5
bg,50,6.939469266879754e-07,5
bg,50,2.882152342841716e-07,5
bg,50,6.564990071385613e-07,5
bg,50,5.029166565753931e-07,5
bg,50,6.704490360921494e-07,5
bg,50,6.99808890794849e-07,5
bg,50,3.037207060114669e-07,5
bg,50,6.271156545941067e-07,5
bg,50,5.575384552435099e-07,5
bg,50,3.918272137974936e-07,5
bg,50,7.429965478754935e-07,5
bg,50,5.256876034727159e-07,5
bg,50,3.3021381975164833e-07,5
bg,50,5.504537645559982e-07,5
bg,50,6.786875166671513e-07,5
bg,50,4.104254127709201e-07,5
bg,50,1.0505249534140417e-06,5
bg,50,3.756447156104044e-07,5
bg,50,3.4800558750370845e-07,5
bg,50,6.906009744286212e-07,5
bg,50,7.546688465136366e-07,5
bg,50,3.328911417584161e-07,5
bg,50,7.040589319217862e-07,5
bg,50,7.957556527569864e-07,5
bg,50,5.260781717610691e-07,5
bg,50,6.628858285455066e-07,5
bg,50,5.656887945222535e-07,5
bg,50,7.164012790730811e-07,5
bg,50,7.71898068265342e-07,5
bg,50,5.999752656230186e-07,5
bg,50,5.347663574255346e-07,5
bg,50,1.5852451794765405e-07,5
bg,50,1.1357188642473095e-06,5
bg,50,5.29698528927462e-07,5
bg,50,4.542085747250903e-07,5
bg,50,9.167733210802366e-07,5
bg,50,6.6091443405084e-07,5
bg,50,4.254469483303608e-07,5
bg,50,8.549917130862905e-07,5
bg,50,1.0045125276519086e-06,5
bg,50,4.872679520657368e-07,5
bg,50,3.219756012427951e-07,5
bg,50,4.796242049634413e-07,5
bg,50,4.196515842991689e-07,5
bg,50,4.54349177133045e-07,5
bg,50,3.3432331387735285e-07,5
bg,50,2.534136357504684e-07,5
bg,50,7.803717191197854e-07,5
bg,50,5.198736025108024e-07,5
bg,50,4.863908410116375e-07,5
bg,50,5.504264320706553e-07,5
bg,50,7.129364978517839e-07,5
bg,50,5.094771513468618e-07,5
bg,50,4.969186378650559e-07,5
bg,50,6.896033285941395e-07,5
bg,50,4.5798087542698266e-07,5
bg,50,5.68033575928519e-07,5
bg,50,7.167605177333621e-07,5
bg,50,3.502029182848583e-07,5
bg,50,3.794600608526239e-07,5
bg,50,7.466033546316095e-07,5
bg,50,5.301598061727122e-07,5
bg,50,4.12734138858463e-07,5
bg,50,4.054074901076034e-07,5
bg,50,4.063158409336975e-07,5
bg,50,6.00579564361998e-07,5
bg,50,7.155532702780174e-07,5
bg,50,3.911512555655125e-07,5
bg,50,4.802010225141233e-07,5
bg,50,4.682579643548106e-07,5
bg,50,6.579661848258909e-07,5
bg,50,5.012041382801542e-07,5
bg,50,3.615401083099574e-07,5
bg,50,5.751522755786782e-07,5
bg,50,5.279423859114514e-07,5
bg,50,4.915988752878575e-07,5
bg,50,2.291800543838956e-07,5
bg,50,2.76917885135954e-07,5
bg,50,8.070912662420499e-07,5
bg,50,1.2536933491940678e-06,5
bg,50,7.306518559259721e-07,5
bg,50,7.193954280524808e-07,5
bg,50,5.181658761796837e-07,5
bg,50,4.682594341887005e-07,5
bg,50,3.807333499145188e-07,5
bg,50,3.983034800624896e-07,5
bg,50,6.727506577491533e-07,5
bg,50,3.332425453469566e-07,5
bg,50,5.57643620228331e-07,5
bg,50,4.0073340447575107e-07,5
bg,50,7.057214485829727e-07,5
bg,50,5.978435401642346e-07,5
bg,50,4.436851710028349e-07,5
bg,50,7.035310644138471e-07,5
bg,50,6.302671324164301e-07,5
bg,50,3.4278025554863285e-07,5
bg,50,5.262477466042279e-07,5
bg,50,6.003595386689414e-07,5
bg,50,5.687960904740382e-07,5
bg,50,5.481209147249406e-07,5
bg,50,3.7347547817444706e-07,5
bg,50,4.200613697591744e-07,5
bg,50,4.165659512714768e-07,5
bg,50,3.72173363193058e-07,5
bg,50,6.633817295056215e-07,5
bg,50,6.978664199964284e-07,5
bg,50,4.978509706749902e-07,5
bg,50,7.540699954841068e-07,5
bg,50,5.22952869199165e-07,5
bg,50,3.330187946300176e-07,5
bg,50,8.35822166739372e-07,5
bg,50,4.897059149951122e-07,5
bg,50,4.0385166089222633e-07,5
bg,50,4.4597044052314986e-07,5
bg,50,3.235179771328727e-07,5
bg,50,7.306687636352759e-07,5
bg,50,5.110496754590586e-07,5
bg,50,6.680969704054316e-07,5
bg,50,6.027919508814408e-07,5
bg,50,5.240378850980977e-07,5
bg,50,2.196765449255583e-07,5
bg,50,5.745615073168783e-07,5
bg,50,5.102871532829325e-07,5
bg,50,4.13202723568505e-07,5
bg,50,6.930674574742465e-07,5
bg,50,4.774566095278622e-07,5
bg,50,6.854061508871748e-07,5
bg,50,6.761214676709371e-07,5
bg,50,6.434506156744023e-07,5
bg,50,5.2844995673439e-07,5
bg,50,5.036925826815901e-07,5
bg,50,6.539556770686969e-07,5
bg,50,7.318373591536451e-07,5
bg,50,2.715811346131935e-07,5
bg,50,1.0347216387495638e-06,5
bg,50,6.306615866785364e-07,5
bg,50,8.175939616825146e-07,5
bg,50,5.535598150527405e-07,5
bg,50,2.62491284077232e-07,5
bg,50,8.24632519542716e-07,5
bg,50,1.159589308676037e-07,5
bg,50,4.248414948885283e-07,5
bg,50,5.854457743530599e-07,5
bg,50,7.24904011267546e-07,5
bg,50,5.645714909655827e-07,5
bg,50,7.511668349934188e-07,5
bg,50,9.179397935769635e-07,5
bg,50,7.66583832102069e-07,5
bg,50,5.55731113470225e-07,5
bg,50,4.19570381633202e-07,5
bg,50,4.689176904023792e-07,5
bg,50,4.362899220195313e-07,5
bg,50,3.893155251713182e-07,5
bg,50,4.356549947934109e-07,5
bg,50,4.704755342548732e-07,5
bg,50,9.516897147681944e-07,5
bg,50,4.87445699803693e-07,5
bg,50,8.943740998283302e-07,5
bg,50,6.188605134939684e-07,5
bg,50,4.539297281174896e-07,5
bg,50,8.02164281715226e-07,5
bg,50,6.43155561640269e-07,5
bg,50,6.963190387431996e-07,5
bg,50,7.635295618290315e-07,5
bg,50,7.957100189640702e-07,5
bg,50,5.868776699866007e-07,5
bg,50,4.061987190631521e-07,5
bg,50,3.832627386439186e-07,5
bg,50,4.7397952127488514e-07,5
bg,50,5.154063158074463e-07,5
bg,50,5.609126815335736e-07,5
bg,50,8.825341379891352e-07,5
bg,50,5.151241066778617e-07,5
bg,50,5.341068164906799e-07,5
bg,50,4.498021625626276e-07,5
bg,50,5.489231218019629e-07,5
bg,50,6.144286850649514e-07,5
bg,50,6.967199697031778e-07,5
bg,50,4.461581210114341e-07,5
bg,50,5.246863877315265e-07,5
bg,50,2.38699294562143e-07,5
bg,50,2.7399483091592164e-07,5
bg,50,3.7617401464797874e-07,5
bg,50,3.154887111160302e-07,5
bg,50,8.657465962857803e-07,5
bg,50,6.216302358153315e-07,5
bg,50,6.134945936484388e-07,5
bg,50,5.446510542308974e-07,5
bg,50,8.872858889814684e-07,5
bg,50,4.3590310669000164e-07,5
bg,50,6.804291657941466e-07,5
bg,50,3.251478804955107e-07,5
bg,50,4.103352647945909e-07,5
bg,50,3.867569244908084e-07,5
bg,50,3.951935757786415e-07,5
bg,50,5.239487171778192e-07,5
bg,50,4.6882327040056595e-07,5
bg,50,5.064567242886144e-07,5
bg,50,6.743347961252919e-07,5
bg,50,6.081926246759634e-07,5
bg,50,7.835714337011563e-07,5
bg,50,4.3191694621746523e-07,5
bg,50,7.732522398956427e-07,5
bg,50,4.932210663854932e-07,5
bg,50,3.932014255336275e-07,5
bg,50,6.058742478939127e-07,5
bg,50,6.372497623378688e-07,5
bg,50,3.9304727092684763e-07,5
bg,50,5.856246092912369e-07,5
bg,50,2.113670269104464e-07,5
bg,50,7.222189875100533e-07,5
bg,50,4.258594007252645e-07,5
bg,50,1.8047569845677405e-07,5
bg,50,5.279102125144362e-07,5
bg,50,1.3603246950858012e-07,5
bg,50,8.611785008211452e-07,5
bg,50,5.998798566984142e-07,5
bg,50,2.785194559465606e-07,5
bg,50,5.155857945078715e-07,5
bg,50,8.32474392553e-07,5
bg,50,4.709866822143364e-07,5
bg,50,2.468072784946004e-07,5
bg,50,3.4650398416974613e-07,5
bg,50,5.822589928064538e-07,5
bg,50,5.095611510481678e-07,5
bg,50,5.024466096337547e-07,5
bg,50,7.226800894547242e-07,5
bg,50,7.906788329391342e-07,5
bg,50,4.2012575983724433e-07,5
bg,50,9.152484419512956e-07,5
bg,50,7.179783511474365e-07,5
bg,50,4.044792469830738e-07,5
bg,50,1.1383068231820069e-06,5
bg,50,9.047445250498852e-07,5
bg,50,6.680757655312425e-07,5
bg,50,9.437367697572632e-07,5
bg,50,5.570079478434457e-07,5
bg,50,1.4155573255551897e-07,5
bg,50,4.561538031427491e-07,5
bg,50,5.017520486741324e-07,5
bg,50,4.349560006588358e-07,5
bg,50,4.996071147832265e-07,5
bg,50,5.418666668125177e-07,5
bg,50,4.58889221946362e-07,5
bg,50,5.856074631052488e-07,5
bg,50,3.912767077468601e-07,5
bg,50,2.806088470090617e-07,5
bg,50,6.421287270359526e-07,5
bg,50,5.493876579792882e-07,5
bg,50,4.265501496328607e-07,5
bg,50,4.652665827622173e-07,5
bg,50,7.947143682713299e-07,5
bg,50,7.532639763637241e-07,5
bg,50,8.510011372410516e-07,5
bg,50,6.373381459770021e-07,5
bg,50,5.316776682220858e-07,5
bg,50,6.784208476053827e-07,5
bg,50,1.8822468676034853e-07,5
bg,50,2.2228191660076327e-07,5
bg,50,6.34210658694824e-07,5
bg,50,5.867727155396246e-07,5
bg,50,1.1054113566811616e-06,5
bg,50,5.502923290673285e-07,5
bg,50,7.255783846614832e-07,5
bg,50,2.830586795647422e-07,5
bg,50,4.846406263860036e-07,5
bg,50,3.12647905555215e-07,5
bg,50,8.140898054601549e-07,5
bg,50,8.46365945506962e-07,5
bg,50,4.037398432575653e-07,5
bg,50,8.120346288852066e-07,5
bg,50,5.256365648163729e-07,5
bg,50,1.0964506277003014e-06,5
bg,50,3.448702855906227e-07,5
bg,50,5.629917322726859e-07,5
bg,50,5.897320780510005e-07,5
bg,50,3.733268398345787e-07,5
bg,50,4.994550478708647e-07,5
ag,50,0.0180806559619063,6
ag,50,0.0295890514899801,6
ag,50,0.0081821080854189,6
ag,50,0.0180885983846268,6
ag,50,0.0015704415707775,6
ag,50,0.005287654853521,6
ag,50,0.0070675420086323,6
ag,50,0.0103023201378035,6
ag,50,0.0086789001089072,6
ag,50,0.0640934457165556,6
ag,50,0.0689997064197985,6
ag,50,0.0235556507532857,6
ag,50,0.0091436392758639,6
ag,50,0.0037538281513081,6
ag,50,0.0101883584479258,6
ag,50,0.0217829752352292,6
ag,50,0.0071499091241898,6
ag,50,0.0046133251137402,6
ag,50,0.0288844522319331,6
ag,50,0.0251852820802193,6
ag,50,0.0041564381592109,6
ag,50,0.0732741008994326,6
ag,50,0.0389874263311992,6
ag,50,0.0004226132788763,6
ag,50,0.0216791756456618,6
ag,50,0.001061448791337,6
ag,50,0.0015158710040272,6
ag,50,0.0096453558512745,6
ag,50,0.0576233167918844,6
ag,50,0.0098262303581618,6
ag,50,0.0229475030472591,6
ag,50,0.0166152443774473,6
ag,50,0.0353022079733962,6
ag,50,0.005749717020358,6
ag,50,0.0071254034870388,6
ag,50,0.0018289720207299,6
ag,50,0.0094698738590311,6
ag,50,0.0311826056200745,6
ag,50,0.0065914662106612,6
ag,50,0.0115353182885714,6
ag,50,0.0193257459213965,6
ag,50,0.0082681735152769,6
ag,50,0.0461728468368333,6
ag,50,0.0148760937085473,6
ag,50,0.0009747939988479,6
ag,50,0.0329635993871776,6
ag,50,0.0175437031693883,6
ag,50,0.0029163103652979,6
ag,50,0.0029844544824871,6
ag,50,0.0058368680313537,6
ag,50,0.0091411917846365,6
ag,50,0.0036842825558298,6
ag,50,0.0009291553419452,6
ag,50,0.0394936644941106,6
ag,50,0.0055050612700258,6
ag,50,0.0010622652660085,6
ag,50,0.0074075016867328,6
ag,50,0.0064048859096235,6
ag,50,0.0020624386926197,6
ag,50,0.0816177373795532,6
ag,50,0.0056433947756343,6
ag,50,0.0002878991953219,6
ag,50,0.0020383367537475,6
ag,50,0.0037698917904407,6
ag,50,0.0014874779651192,6
ag,50,0.0268512284761529,6
ag,50,0.0011750794309273,6
ag,50,0.0288094213985672,6
ag,50,0.0130069329877196,6
ag,50,0.0067295481203418,6
ag,50,0.004574545082756,6
ag,50,0.000889505779003,6
ag,50,0.0099687102678898,6
ag,50,0.0087371444645295,6
ag,50,0.0076046833859231,6
ag,50,0.005863206297409,6
ag,50,0.0031930411522426,6
ag,50,0.0290979636219991,6
ag,50,0.0032937200492092,6
ag,50,0.0093967739376348,6
ag,50,0.0025088494166756,6
ag,50,0.0024795917823389,6
ag,50,0.0193005355137972,6
ag,50,0.0036083539048964,6
ag,50,0.0298941582680632,6
ag,50,0.0065524253581716,6
ag,50,0.0128810624871948,6
ag,50,0.0171007544770339,6
ag,50,0.0070679762392965,6
ag,50,0.0161654610656547,6
ag,50,0.0160879522155173,6
ag,50,0.0065496073166145,6
ag,50,0.003726592548729,6
ag,50,0.0054116875617765,6
ag,50,0.0253699924183732,6
ag,50,0.0051775096532819,6
ag,50,0.0020795116492817,6
ag,50,0.0034814798148293,6
ag,50,0.0203908285060848,6
ag,50,0.0140761289159547,6
ag,50,0.0052377271627223,6
ag,50,0.0032110417953349,6
ag,50,0.0135096611322202,6
ag,50,0.001189106656984,6
ag,50,0.0095065516408715,6
ag,50,0.0039909921753378,6
ag,50,0.0016177525578632,6
ag,50,0.0059965226011133,6
ag,50,0.0038892530260127,6
ag,50,0.0078926294684648,6
ag,50,0.0130305673594257,6
ag,50,0.073098235447094,6
ag,50,0.0006686157691387,6
ag,50,0.0185805138875973,6
ag,50,0.0441238862738669,6
ag,50,0.0104824911783777,6
ag,50,0.0011388839839086,6
ag,50,0.0026119454696587,6
ag,50,0.003080735709336,6
ag,50,0.0002957962773472,6
ag,50,0.0280733299347642,6
ag,50,0.0056363498098264,6
ag,50,0.0229334782759003,6
ag,50,0.0258681888771866,6
ag,50,0.0029923128203616,6
ag,50,0.0261100914515994,6
ag,50,0.0103728763384441,6
ag,50,0.002093295670682,6
ag,50,0.0434558480181902,6
ag,50,0.0094610907821851,6
ag,50,0.0459789423415627,6
ag,50,0.0203741142504691,6
ag,50,0.0105402010106759,6
ag,50,0.0044163474084753,6
ag,50,0.0004943046749979,6
ag,50,0.0297841225226861,6
ag,50,0.000272905605695,6
ag,50,0.0208750275460659,6
ag,50,0.0008584537298817,6
ag,50,0.0074786439934937,6
ag,50,0.0071912885484073,6
ag,50,0.0199255332578987,6
ag,50,0.0244209825676253,6
ag,50,0.0003051328811713,6
ag,50,0.0030062136972267,6
ag,50,0.0072407149345753,6
ag,50,0.0011478077230561,6
ag,50,0.0119198281307132,6
ag,50,0.0083798468749638,6
ag,50,0.0074797349939487,6
ag,50,0.0126551475628562,6
ag,50,0.0,6
ag,50,0.0094563379509705,6
ag,50,0.0015945817429891,6
ag,50,0.0259808061498947,6
ag,50,0.001799043406256,6
ag,50,0.0104658072076536,6
ag,50,0.0020369022494945,6
ag,50,0.0175897963271384,6
ag,50,0.0118359349066082,6
ag,50,0.0151403443450054,6
ag,50,0.0330289029956817,6
ag,50,0.0358890780036814,6
ag,50,0.0057954027038493,6
ag,50,0.0147775478197501,6
ag,50,0.0015561904178114,6
ag,50,0.0042059558183499,6
ag,50,0.0246807940489321,6
ag,50,0.0138769937400888,6
ag,50,0.0113447987687113,6
ag,50,0.0037798793135752,6
ag,50,0.0177652501387318,6
ag,50,0.0478082422147625,6
ag,50,0.0026765995767771,6
ag,50,0.0033738952399072,6
ag,50,0.0146335598897059,6
ag,50,0.0244889233091341,6
ag,50,0.0007283984203634,6
ag,50,0.0269489631278641,6
ag,50,0.0229982470301544,6
ag,50,0.0037544381038866,6
ag,50,0.0031844377718154,6
ag,50,0.0003839663994637,6
ag,50,0.0004285339804532,6
ag,50,0.0330993712091341,6
ag,50,0.0027928953023188,6
ag,50,0.004247483921928,6
ag,50,0.0014320966710971,6
ag,50,0.0237692067592239,6
ag,50,0.0128293494617702,6
ag,50,0.0135028045707515,6
ag,50,0.0081451217582527,6
ag,50,0.0046059977158252,6
ag,50,0.0112541766721177,6
ag,50,0.0618482379450783,6
ag,50,0.0067818444616718,6
ag,50,0.023023531584791,6
ag,50,0.0018309300826915,6
ag,50,0.0087335463295297,6
ag,50,0.0339469296360147,6
ag,50,0.0175329141922897,6
ag,50,0.0036972024775549,6
ag,50,0.0146974359329413,6
ag,50,0.0009174785913516,6
ag,50,0.0083259069479875,6
ag,50,0.0001810173684444,6
ag,50,0.0076385218237122,6
ag,50,0.0250682165605018,6
ag,50,0.0003537455100352,6
ag,50,0.0005702902555669,6
ag,50,0.0027748055793306,6
ag,50,0.0059863947363964,6
ag,50,0.0004139955023168,6
ag,50,0.0033352623684455,6
ag,50,0.0255883690206019,6
ag,50,0.0320857405837746,6
ag,50,0.0110706424739678,6
ag,50,0.0216936384072797,6
ag,50,0.00908248386947,6
ag,50,0.0070746888392074,6
ag,50,0.0384030711688579,6
ag,50,0.0136303948961415,6
ag,50,0.0079443673539884,6
ag,50,0.0086173984708641,6
ag,50,0.0023992711472402,6
ag,50,0.0051851243383792,6
ag,50,0.0037745083031667,6
ag,50,0.000200907186776,6
ag,50,0.0,6
ag,50,0.0022691245692475,6
ag,50,0.0495854222748196,6
ag,50,0.0017473658800628,6
ag,50,0.0042543973862744,6
ag,50,0.0012151177167323,6
ag,50,0.0205179540997238,6
ag,50,0.0349106927012146,6
ag,50,0.013312998038009,6
ag,50,0.0011147077539681,6
ag,50,0.0167072921747886,6
ag,50,0.0248373914186016,6
ag,50,0.0408821535030913,6
ag,50,0.0070687383453528,6
ag,50,0.0129256872829484,6
ag,50,0.0061019597384777,6
ag,50,0.0303203238745908,6
ag,50,0.0156344847098723,6
ag,50,0.0072186546230638,6
ag,50,0.0047050759550442,6
ag,50,0.0118047496833658,6
ag,50,0.0231559902379245,6
ag,50,0.004953861209778,6
ag,50,0.001916010323561,6
ag,50,0.0229318131833317,6
ag,50,0.0079139570450299,6
ag,50,0.0037443509651154,6
ag,50,0.0221651858497539,6
ag,50,0.0065003850144307,6
ag,50,0.0108766725669174,6
ag,50,0.0093644330471419,6
ag,50,0.0202578069269813,6
ag,50,0.0295362852857836,6
ag,50,0.0072981196123184,6
ag,50,0.0170645926882186,6
ag,50,0.0045090039689723,6
ag,50,0.0027205896066268,6
ag,50,0.0044644618902743,6
ag,50,0.0059852524770773,6
ag,50,0.0020481739671752,6
ag,50,0.0032048987510613,6
ag,50,0.1092787698343824,6
ag,50,0.0011504798519939,6
ag,50,0.0115302222757355,6
ag,50,0.0004841232822044,6
ag,50,0.0066026550483821,6
ag,50,0.0155879178279477,6
ag,50,0.0010847443225697,6
ag,50,0.0007209714081241,6
ag,50,0.0079654456131723,6
ag,50,0.0069645816272057,6
ag,50,0.0016052305455606,6
ag,50,0.023130147591406,6
ag,50,0.0159171694744024,6
ag,50,0.0013853630062753,6
ag,50,0.0043501976200565,6
ag,50,0.0137831706472754,6
ag,50,0.0088757133694244,6
ag,50,0.0053655088806732,6
ag,50,0.0041349258736273,6
ag,50,0.0054475027723015,6
ag,50,0.0070074654058078,6
ag,50,0.0130621743708668,6
ag,50,0.0348562128077874,6
ag,50,0.0118209444616819,6
ag,50,0.0480494523930053,6
ag,50,0.0003150134745606,6
ag,50,0.0095832268617232,6
ag,50,0.0264394902372311,6
ag,50,0.0595106868376512,6
ag,50,0.0346188471960359,6
ag,50,0.0001502642173674,6
ag,50,0.0074294054696594,6
ag,50,0.0081565079296509,6
ag,50,0.0087616126664882,6
ag,50,0.0104219448560815,6
ag,50,0.0083412321186602,6
ag,50,0.0003696142448889,6
ag,50,0.0024588825522066,6
ag,50,0.0432687584098626,6
ag,50,0.0102319118047504,6
ag,50,0.0350601365427535,6
ag,50,0.0160133002047477,6
ag,50,0.0062247632820096,6
ag,50,0.0014060814938647,6
ag,50,0.0,6
ag,50,0.0026577768960234,6
ag,50,0.0278365503906477,6
ag,50,0.0003236423660934,6
ag,50,0.0010336208994794,6
ag,50,0.0073366483325259,6
ag,50,0.0182258504752056,6
ag,50,0.0,6
ag,50,0.031125419645906,6
ag,50,0.0224391867070096,6
ag,50,0.001497888603928,6
ag,50,0.0040395373848004,6
ag,50,0.0111034508730968,6
ag,50,0.010732218427276,6
ag,50,0.0055574459073979,6
ag,50,0.0165600520680279,6
ag,50,0.0163415153194938,6
ag,50,0.0057617183676571,6
ag,50,0.0093075773506906,6
ag,50,0.0009252930058273,6
ag,50,0.0153655995830864,6
ag,50,0.0062916213149975,6
ag,50,0.0149023040070584,6
ag,50,0.0138241467570668,6
ag,50,0.0344304513347123,6
ag,50,0.0149196183640887,6
ag,50,0.000791089359969,6
ag,50,0.0106871056546181,6
ag,50,0.0102333423025499,6
ag,50,0.0049538585447132,6
ag,50,0.0353302557340756,6
ag,50,0.002985411463524,6
ag,50,0.027428387857239,6
ag,50,0.008508184156711,6
ag,50,0.0076179425204649,6
ag,50,0.0250154338714602,6
ag,50,0.0077688246445524,6
ag,50,0.0139076563874693,6
ag,50,0.0010923329965628,6
ag,50,0.0040179214065381,6
ag,50,0.0255106619809699,6
ag,50,0.00746627288365,6
ag,50,0.0218569159682177,6
ag,50,0.0162178588751796,6
ag,50,0.0009187272730325,6
ag,50,0.0197988331508639,6
ag,50,0.0058447689458834,6
ag,50,0.00708714509737,6
ag,50,0.0071388650408627,6
ag,50,0.002697945531116,6
ag,50,0.0022867825148154,6
ag,50,0.0091088553827093,6
ag,50,0.0126895013720143,6
ag,50,0.0022208898976728,6
ag,50,0.0219018216353312,6
ag,50,0.0509473646728126,6
ag,50,0.0458843240292198,6
ag,50,0.0034078354378104,6
ag,50,0.0086441777595448,6
ag,50,0.0109987272688005,6
ag,50,0.0105050147299113,6
ag,50,0.0056773355417046,6
ag,50,0.0192399939250007,6
ag,50,0.0050922835677089,6
ag,50,0.0100416087555242,6
ag,50,0.0230970680126779,6
ag,50,0.0104681880667027,6
ag,50,0.0057715260437074,6
ag,50,0.0002999992257462,6
ag,50,0.0008554657605784,6
ag,50,0.0097881333005834,6
ag,50,0.0705829605741904,6
ag,50,0.0475278839987998,6
ag,50,0.0192694908134675,6
ag,50,0.0183463217346638,6
ag,50,0.0038059286667795,6
ag,50,0.0151096329584694,6
ag,50,0.0057010364681054,6
ag,50,0.0068280642061003,6
ag,50,0.0505518805220756,6
ag,50,0.0057447098468576,6
ag,50,0.0147704352459044,6
ag,50,0.0358888305368998,6
ag,50,0.0168997812047058,6
ag,50,0.0074498929142657,6
ag,50,0.0035580088465583,6
ag,50,0.0503790417779986,6
ag,50,0.0388490651488309,6
ag,50,0.0001172150045647,6
ag,50,0.0009904948933289,6
ag,50,0.0020979416274652,6
ag,50,0.0059743516603054,6
ag,50,0.0136381513462823,6
ag,50,0.0081260635592545,6
ag,50,0.0260264043267867,6
ag,50,0.0106520561441614,6
ag,50,0.0067485957213187,6
ag,50,0.0060406793869377,6
ag,50,0.0390858906842425,6
ag,50,0.0080534589643048,6
ag,50,0.0018392209250174,6
ag,50,0.0177046816903355,6
ag,50,0.0198906519409342,6
ag,50,0.0067978406452183,6
ag,50,0.0197967007874104,6
ag,50,0.0243185215960356,6
ag,50,0.0085878820602807,6
ag,50,0.0103174651744157,6
ag,50,0.0112764888781847,6
ag,50,0.0341282183680031,6
ag,50,0.0024550585913442,6
ag,50,0.0034250459603976,6
ag,50,0.0103553744235173,6
ag,50,0.0112527873406707,6
ag,50,0.0198607402349774,6
ag,50,0.0082153610305995,6
ag,50,0.0380889796567892,6
ag,50,0.0053585468955019,6
ag,50,0.0081296729605985,6
ag,50,0.0182872086307024,6
ag,50,0.0148088934875778,6
ag,50,0.0044541700228852,6
ag,50,0.0155581606566193,6
ag,50,0.00285694090476,6
ag,50,0.0453497002509126,6
ag,50,0.0022752166767497,6
ag,50,0.0015191783627522,6
ag,50,0.0014775921193574,6
ag,50,0.013580957271279,6
ag,50,0.0024351256607511,6
ag,50,0.0106363391315616,6
ag,50,0.0021188276242063,6
ag,50,0.0183203647927438,6
ag,50,0.0066811648069499,6
ag,50,0.0035879679974103,6
ag,50,0.0082647567535728,6
ag,50,0.0089579191869343,6
ag,50,0.0032169171914185,6
ag,50,0.0038475787393488,6
ag,50,0.0017699860578242,6
ag,50,0.0231591631112375,6
ag,50,0.0280014514673382,6
ag,50,0.0042037747364603,6
ag,50,0.0797418933659957,6
ag,50,0.0071526910472542,6
ag,50,0.023911693990568,6
ag,50,0.0146952159200955,6
ag,50,0.0097391762654338,6
ag,50,0.1189803611899623,6
ag,50,0.0100069979449552,6
ag,50,0.0021495529875573,6
ag,50,0.0004345826332912,6
ag,50,0.0005794056397268,6
ag,50,0.0081023226005385,6
ag,50,0.0046533822527553,6
ag,50,0.0010222844162353,6
ag,50,0.0055256747938329,6
ag,50,0.0226709926512447,6
ag,50,0.0171968380638386,6
ag,50,0.061298693401394,6
ag,50,0.0283021614871064,6
ag,50,0.0164384322135756,6
ag,50,0.039981318814935,6
ag,50,0.051324956743712,6
ag,50,0.0,6
ag,50,0.0066280378507552,6
ag,50,0.0189857703797297,6
ag,50,0.0026768490875614,6
ag,50,0.0079340003344596,6
ag,50,0.0110754254741023,6
ag,50,0.059995779433278,6
ag,50,0.0061776670970863,6
ag,50,0.0016296974198928,6
ag,50,0.0047536156894632,6
ag,50,0.0200201736690733,6
ag,50,0.001449784365105,6
ag,50,0.0111689379954251,6
ag,50,0.0130405090099197,6
ag,50,0.0174935578854948,6
ag,50,0.0063261054509578,6
ag,50,0.0046373657070561,6
ag,50,0.0052790975857913,6
ag,50,0.0056826761499409,6
ag,50,0.0510142706156029,6
ag,50,0.0227834519720567,6
ag,50,0.0312212798708658,6
ag,50,0.0045185756831076,6
nag,50,1.625984037215257e-05,6
nag,50,2.6936489692844377e-05,6
nag,50,9.091118448796226e-05,6
nag,50,3.897056858075845e-05,6
nag,50,0.001993208445774,6
nag,50,0.0002697342448183,6
nag,50,0.0007398124527029,6
nag,50,0.0002504196531763,6
nag,50,0.0001151979417589,6
nag,50,0.0001212824781814,6
nag,50,0.0002321931094733,6
nag,50,0.0007244659516736,6
nag,50,3.804318513846815e-05,6
nag,50,0.0003109652661629,6
nag,50,0.0004854857607389,6
nag,50,3.2078550139561585e-05,6
nag,50,0.0001373517429478,6
nag,50,0.0001051783489198,6
nag,50,0.0002408453352755,6
nag,50,0.0,6
nag,50,0.000121828185259,6
nag,50,3.7318702613595205e-05,6
nag,50,0.0,6
nag,50,0.0008607426056896,6
nag,50,2.3149058041974457e-05,6
nag,50,0.0008795894351884,6
nag,50,0.0001124599601909,6
nag,50,0.0003764580487656,6
nag,50,6.0660059941049986e-05,6
nag,50,2.9654435634698e-05,6
nag,50,0.0001262629379542,6
nag,50,0.0001586987263539,6
nag,50,3.614297844030278e-05,6
nag,50,0.0003073464604147,6
nag,50,3.912722961064264e-05,6
nag,50,0.0,6
nag,50,0.0007509293855349,6
nag,50,0.0001369082877447,6
nag,50,2.2561385708407985e-05,6
nag,50,3.353698399572894e-05,6
nag,50,0.0001681504821675,6
nag,50,2.5497279784160073e-05,6
nag,50,0.0001401359588917,6
nag,50,0.0,6
nag,50,5.183547085475669e-05,6
nag,50,0.0002931898472497,6
nag,50,0.0002880228701597,6
nag,50,0.0,6
nag,50,0.000694835185174,6
nag,50,0.0,6
nag,50,0.0005544480065181,6
nag,50,2.566402770396069e-05,6
nag,50,0.0005582872980973,6
nag,50,0.0,6
nag,50,2.0738245150755263e-05,6
nag,50,0.0002284760346608,6
nag,50,2.3420434899995573e-05,6
nag,50,1.6736693588856125e-05,6
nag,50,4.722244954121692e-05,6
nag,50,3.788180126039856e-05,6
nag,50,0.0003710133976332,6
nag,50,7.101030927819238e-05,6
nag,50,0.0002576654132424,6
nag,50,0.0002384914075527,6
nag,50,0.0001649409928891,6
nag,50,0.0,6
nag,50,0.0,6
nag,50,5.242141131017349e-05,6
nag,50,5.6887413181103866e-05,6
nag,50,0.0004267800678696,6
nag,50,4.168503485782155e-05,6
nag,50,0.0001557718814699,6
nag,50,2.1422223280610732e-05,6
nag,50,7.912136992419089e-05,6
nag,50,0.0001242043267978,6
nag,50,0.0002298349119129,6
nag,50,0.0002925973817102,6
nag,50,0.0001409662218863,6
nag,50,0.0003461588207824,6
nag,50,0.0006318999869362,6
nag,50,0.0014025612513839,6
nag,50,0.0001003685736628,6
nag,50,2.6645350319596706e-05,6
nag,50,0.0,6
nag,50,2.159642500284107e-05,6
nag,50,3.905427710650436e-05,6
nag,50,0.0006735786271201,6
nag,50,0.0001869932866033,6
nag,50,0.0012236762029975,6
nag,50,5.0622620645401294e-05,6
nag,50,0.0003397493640494,6
nag,50,0.00011900042828,6
nag,50,0.000332271784943,6
nag,50,2.9720631839569092e-05,6
nag,50,0.0002495112163171,6
nag,50,1.3776885158715662e-05,6
nag,50,0.0,6
nag,50,2.8563172165746148e-05,6
nag,50,0.0002114594065487,6
nag,50,0.0004517994942828,6
nag,50,0.0001758964630842,6
nag,50,5.609671347981504e-05,6
nag,50,0.0,6
nag,50,2.212651601877334e-05,6
nag,50,3.678406826153345e-05,6
nag,50,2.9770461024983612e-05,6
nag,50,1.4740888066646557e-05,6
nag,50,0.0001169083016263,6
nag,50,0.0006601282819268,6
nag,50,0.0020910572965269,6
nag,50,2.6259956026269493e-05,6
nag,50,0.0,6
nag,50,0.0001526835482108,6
nag,50,0.0001354627114215,6
nag,50,0.000246944098374,6
nag,50,3.020505041937762e-05,6
nag,50,0.000241426284144,6
nag,50,5.421066116543184e-05,6
nag,50,4.293032180242776e-05,6
nag,50,7.522931439436488e-05,6
nag,50,0.0008094415561146,6
nag,50,2.4324459535481024e-05,6
nag,50,1.7815047136583277e-05,6
nag,50,0.0009523696758985,6
nag,50,0.0,6
nag,50,0.000191675432035,6
nag,50,0.0003582202026366,6
nag,50,0.0005301242386878,6
nag,50,0.0001808400104212,6
nag,50,0.001243811572377,6
nag,50,0.0,6
nag,50,2.2836561490999095e-05,6
nag,50,0.0001457102779197,6
nag,50,2.3933080030976383e-05,6
nag,50,0.0003192532324259,6
nag,50,7.48334376931562e-05,6
nag,50,0.0,6
nag,50,4.426784724695556e-05,6
nag,50,0.0007077363784551,6
nag,50,2.367153448523119e-05,6
nag,50,0.0001934831105936,6
nag,50,3.881236496576485e-05,6
nag,50,2.9512057983006053e-05,6
nag,50,0.0003600705177114,6
nag,50,4.171414793141754e-05,6
nag,50,0.0002009059751371,6
nag,50,0.0002652703863192,6
nag,50,0.0015544520569403,6
nag,50,0.0001852806806428,6
nag,50,4.435296132117789e-05,6
nag,50,0.0005543096842422,6
nag,50,0.0001356894028171,6
nag,50,0.0,6
nag,50,0.0,6
nag,50,0.0,6
nag,50,7.765742921151066e-05,6
nag,50,0.0001669314832716,6
nag,50,0.0002197351471124,6
nag,50,0.000269196517739,6
nag,50,0.0,6
nag,50,3.3982330819571336e-05,6
nag,50,0.0002151044646559,6
nag,50,0.0005774908877168,6
nag,50,3.684290037924258e-05,6
nag,50,5.968797282704098e-05,6
nag,50,3.963440044481216e-05,6
nag,50,0.0001843166873363,6
nag,50,2.624819693345051e-05,6
nag,50,0.0010378165343805,6
nag,50,2.579648159967344e-05,6
nag,50,0.0,6
nag,50,0.001204797491208,6
nag,50,0.0001621188224039,6
nag,50,0.0002332554349346,6
nag,50,0.000198863897912,6
nag,50,7.167713905581271e-05,6
nag,50,4.9235232332889674e-05,6
nag,50,0.0,6
nag,50,0.0,6
nag,50,0.0,6
nag,50,0.0012014003261256,6
nag,50,8.80586419530035e-05,6
nag,50,7.102133887520471e-05,6
nag,50,2.7013314441853056e-05,6
nag,50,4.9807464710066183e-05,6
nag,50,0.0,6
nag,50,0.000393741613002,6
nag,50,0.0,6
nag,50,0.0003621129174918,6
nag,50,0.0007770302048263,6
nag,50,0.0,6
nag,50,0.0,6
nag,50,8.325525012411882e-05,6
nag,50,0.0002534670067442,6
nag,50,0.0002111667077865,6
nag,50,0.0005178122790587,6
nag,50,0.000706827224926,6
nag,50,0.0,6
nag,50,0.0,6
nag,50,0.000512947951487,6
nag,50,7.395878472908653e-05,6
nag,50,4.8684010363999525e-05,6
nag,50,0.0002923085864109,6
nag,50,3.289731285202563e-05,6
nag,50,5.227545083141721e-05,6
nag,50,4.676361680154469e-05,6
nag,50,3.0145538603838084e-05,6
nag,50,0.0011419047827504,6
nag,50,0.0,6
nag,50,3.2855467463692744e-05,6
nag,50,0.0,6
nag,50,9.4958273339281e-05,6
nag,50,0.0001672867301939,6
nag,50,0.0002461066278472,6
nag,50,1.9474021893732084e-05,6
nag,50,0.001476283267562,6
nag,50,0.0005510253257445,6
nag,50,0.0001094460794692,6
nag,50,0.0001393044000344,6
nag,50,0.0009855314234074,6
nag,50,0.0004972685588716,6
nag,50,1.56840871786532e-05,6
nag,50,1.212303486478308e-05,6
nag,50,0.000198232223156,6
nag,50,0.0,6
nag,50,0.0001682241528685,6
nag,50,4.697262682017e-05,6
nag,50,3.948499541595907e-05,6
nag,50,0.0001373001620116,6
nag,50,8.741189467532309e-05,6
nag,50,0.0001466071352445,6
nag,50,0.0004995039181247,6
nag,50,3.027275105479136e-05,6
nag,50,0.0,6
nag,50,0.0,6
nag,50,0.0008151771947767,6
nag,50,0.0014719718792838,6
nag,50,0.0003422031161044,6
nag,50,0.000821231145986,6
nag,50,0.0001196263642412,6
nag,50,0.0001388388807514,6
nag,50,4.482484961441664e-05,6
nag,50,0.0,6
nag,50,0.000833175694278,6
nag,50,0.0003087752729618,6
nag,50,0.0004145816604808,6
nag,50,2.6442509810816967e-05,6
nag,50,0.0003035081979861,6
nag,50,8.117306224502726e-05,6
nag,50,1.6649204553722498e-05,6
nag,50,0.0003016591218158,6
nag,50,0.0013338035085593,6
nag,50,0.0002839175669143,6
nag,50,0.0005762752687631,6
nag,50,4.3801648408666355e-05,6
nag,50,0.0006193356508107,6
nag,50,0.0001742022698137,6
nag,50,1.2836875602036054e-05,6
nag,50,0.0022111036949206,6
nag,50,0.0001841457281355,6
nag,50,0.0002752323781474,6
nag,50,0.0,6
nag,50,0.0001863938923918,6
nag,50,4.8215301872099154e-05,6
nag,50,3.3606989566905736e-05,6
nag,50,0.0001098463793558,6
nag,50,0.0001016710130749,6
nag,50,9.271792253021166e-05,6
nag,50,2.4016938941927737e-05,6
nag,50,2.0696241657161045e-05,6
nag,50,1.7235649722675706e-05,6
nag,50,0.0001811437611312,6
nag,50,0.0001482928500478,6
nag,50,0.0,6
nag,50,0.0003275549519893,6
nag,50,0.0001730313342733,6
nag,50,7.631285590354466e-05,6
nag,50,0.0,6
nag,50,2.9783800785973155e-05,6
nag,50,0.0002567625154934,6
nag,50,0.0008366239978515,6
nag,50,0.0,6
nag,50,0.0,6
nag,50,0.0,6
nag,50,0.000182431365072,6
nag,50,0.0002329022997205,6
nag,50,0.0001938120296889,6
nag,50,2.8929674258115832e-05,6
nag,50,0.0,6
nag,50,0.0,6
nag,50,8.453238623028386e-05,6
nag,50,6.079333556819605e-05,6
nag,50,2.4305955302421964e-05,6
nag,50,8.656435242657777e-05,6
nag,50,0.0003219516716483,6
nag,50,0.0,6
nag,50,0.0002317728997706,6
nag,50,0.0,6
nag,50,0.000179034747121,6
nag,50,4.6871357306560105e-05,6
nag,50,0.0001704986210763,6
nag,50,5.308103055950936e-05,6
nag,50,0.0001757015085284,6
nag,50,0.0004650410131878,6
nag,50,0.0,6
nag,50,0.0,6
nag,50,0.0,6
nag,50,0.0001143386949077,6
nag,50,5.544705108563913e-05,6
nag,50,0.0001046593010313,6
nag,50,0.0002331939135866,6
nag,50,1.8853834034876587e-05,6
nag,50,3.2389452502729376e-05,6
nag,50,0.0005624528252114,6
nag,50,0.0007900969809557,6
nag,50,7.214970056076309e-05,6
nag,50,0.0002430992390366,6
nag,50,0.0014298869400177,6
nag,50,0.0001985046647612,6
nag,50,0.0014230036740727,6
nag,50,0.0,6
nag,50,0.0,6
nag,50,0.0014806987135503,6
nag,50,2.0649609680891745e-05,6
nag,50,0.0005464527466571,6
nag,50,9.619786559285466e-05,6
nag,50,2.5330315114283055e-05,6
nag,50,5.492522774621921e-05,6
nag,50,2.478391465340116e-05,6
nag,50,0.0,6
nag,50,5.955281500225362e-05,6
nag,50,0.0001389172338737,6
nag,50,0.0018178245625298,6
nag,50,0.0002459595564713,6
nag,50,0.0001029033822544,6
nag,50,4.686870708321571e-05,6
nag,50,0.0011622078715521,6
nag,50,0.0004662538005366,6
nag,50,0.0006079456714209,6
nag,50,0.0010338540486897,6
nag,50,2.0896762521986418e-05,6
nag,50,0.0002259993530124,6
nag,50,0.0,6
nag,50,0.0003253354573613,6
nag,50,2.776733082159566e-05,6
nag,50,0.0005008959290933,6
nag,50,0.0,6
nag,50,0.0017580875013252,6
nag,50,0.0008022528093492,6
nag,50,0.0001515264642745,6
nag,50,0.0001127985376591,6
nag,50,0.0001388939705916,6
nag,50,0.0011376216762631,6
nag,50,0.0002640720081643,6
nag,50,0.0001264810933085,6
nag,50,3.0305851412032316e-05,6
nag,50,0.0003311083977058,6
nag,50,2.871100205382369e-05,6
nag,50,0.0,6
nag,50,0.0001428650762872,6
nag,50,1.334840133979228e-05,6
nag,50,0.0,6
nag,50,0.0002567173340047,6
nag,50,0.0015277911666226,6
nag,50,0.0001396696665678,6
nag,50,0.0004850384633845,6
nag,50,0.0005174904900366,6
nag,50,4.728864117198779e-05,6
nag,50,0.0003806420037188,6
nag,50,0.0002999305851655,6
nag,50,4.100595020861622e-05,6
nag,50,0.0,6
nag,50,0.000137176050563,6
nag,50,0.0001600218961961,6
nag,50,0.0006239201135632,6
nag,50,3.601151025077422e-05,6
nag,50,3.754507910273097e-05,6
nag,50,0.0001858922063222,6
nag,50,0.0002599665473234,6
nag,50,0.0,6
nag,50,0.0001120984229708,6
nag,50,0.0001934973458534,6
nag,50,0.0003842144720932,6
nag,50,0.0009197263639286,6
nag,50,0.0003830340799042,6
nag,50,0.0010461938086685,6
nag,50,0.0,6
nag,50,8.514536130014513e-05,6
nag,50,9.283238006560318e-05,6
nag,50,0.0,6
nag,50,0.0001499869820216,6
nag,50,0.0002485168813219,6
nag,50,2.886787320621364e-05,6
nag,50,8.773101586037098e-05,6
nag,50,0.0001285318465179,6
nag,50,0.0003436245795902,6
nag,50,8.96538283398807e-06,6
nag,50,0.0001578825396368,6
nag,50,0.0010371260944664,6
nag,50,0.0003763192094321,6
nag,50,1.3021601854648346e-05,6
nag,50,1.5771469103846603e-05,6
nag,50,0.0004790047383043,6
nag,50,7.369046823514313e-05,6
nag,50,5.016430418897571e-05,6
nag,50,0.0002002395230022,6
nag,50,6.519458582436557e-05,6
nag,50,3.5772114437465725e-05,6
nag,50,0.0001832161435642,6
nag,50,0.0011774198399539,6
nag,50,6.173170343464084e-05,6
nag,50,0.000211695526546,6
nag,50,0.0002620019427034,6
nag,50,9.011802617648e-05,6
nag,50,0.000379670438659,6
nag,50,5.319875528286276e-05,6
nag,50,0.0003242854084097,6
nag,50,0.0001520583625781,6
nag,50,3.1934997924187014e-05,6
nag,50,0.0022901395318168,6
nag,50,3.855581082374798e-05,6
nag,50,1.8694957453298635e-05,6
nag,50,8.761759252775022e-05,6
nag,50,2.2906994645430405e-05,6
nag,50,0.0002804942265208,6
nag,50,1.5467245843608542e-05,6
nag,50,6.80112349876826e-05,6
nag,50,3.214021877587304e-05,6
nag,50,0.0006167450573996,6
nag,50,4.485169674885615e-05,6
nag,50,0.0,6
nag,50,0.000242257600635,6
nag,50,0.0001594229851551,6
nag,50,0.0,6
nag,50,7.079761420741796e-05,6
nag,50,0.0001126678044588,6
nag,50,0.0002045556655599,6
nag,50,3.522322442384623e-05,6
nag,50,0.0001050960888137,6
nag,50,0.0001961716846328,6
nag,50,6.618326412938835e-05,6
nag,50,3.849015675941591e-05,6
nag,50,0.0001329082684048,6
nag,50,2.8380539429306547e-05,6
nag,50,0.0020010122002263,6
nag,50,8.288660513510918e-05,6
nag,50,8.090321566470839e-05,6
nag,50,0.0001477785166756,6
nag,50,0.0001714780744818,6
nag,50,5.184418555817473e-05,6
nag,50,4.743912871855433e-05,6
nag,50,0.0005719254722684,6
nag,50,0.0011554550695728,6
nag,50,0.0002797501022076,6
nag,50,0.0,6
nag,50,0.0003700518338909,6
nag,50,3.942223364831526e-05,6
nag,50,0.001288285381936,6
nag,50,0.0002004881045534,6
nag,50,0.0001556989263193,6
nag,50,0.000165593046771,6
nag,50,0.0003619763192794,6
nag,50,3.587569705222979e-05,6
nag,50,0.0,6
nag,50,0.0,6
nag,50,5.344901587906623e-05,6
nag,50,0.0005335316248068,6
nag,50,0.0010159385413114,6
nag,50,0.0003125679009332,6
nag,50,0.0003913363191289,6
nag,50,4.513486222019772e-05,6
nag,50,0.0006862877684717,6
nag,50,0.0002846019013754,6
nag,50,0.0003775576132719,6
nag,50,0.0002276866565806,6
nag,50,0.0001310920253239,6
nag,50,9.083461212679517e-05,6
nag,50,0.0002357293707376,6
nag,50,0.0001035472882532,6
nag,50,0.0001920418642171,6
nag,50,0.0005105691222467,6
nag,50,2.552550640879993e-05,6
nag,50,3.493445242967171e-05,6
nag,50,4.404900644876357e-05,6
nag,50,0.0,6
nag,50,0.00014571020225,6
nag,50,4.5322483278465014e-05,6
nag,50,0.0001037221356732,6
nag,50,4.895476112222999e-05,6
nag,50,4.533523143269498e-05,6
nag,50,0.0001293153142775,6
nag,50,8.498598936590227e-05,6
nag,50,0.0003066322462138,6
nag,50,0.0002902117856359,6
nag,50,4.0029468724544095e-05,6
nag,50,0.000112946350485,6
nag,50,0.0003730416307287,6
nag,50,4.121354860756798e-05,6
nag,50,7.858633575662827e-05,6
nag,50,0.0002491047572345,6
bg,50,6.396399686177071e-07,6
bg,50,4.570703379306632e-07,6
bg,50,7.123699939595578e-07,6
bg,50,4.04702373299191e-07,6
bg,50,6.638266928790655e-07,6
bg,50,5.368756705860201e-07,6
bg,50,5.779075067638373e-07,6
bg,50,6.289227825722101e-07,6
bg,50,4.690054815781021e-07,6
bg,50,8.201876971234923e-07,6
bg,50,7.373230830518123e-07,6
bg,50,6.567157498923042e-07,6
bg,50,5.896377191354712e-07,6
bg,50,6.801803651794037e-07,6
bg,50,9.036266142108833e-07,6
bg,50,6.520717161419536e-07,6
bg,50,6.680586752441006e-07,6
bg,50,5.686026324804688e-07,6
bg,50,2.701112641636908e-07,6
bg,50,7.432099198084507e-07,6
bg,50,7.188535303149963e-07,6
bg,50,7.571950930263562e-07,6
bg,50,3.677162680239325e-07,6
bg,50,5.533131431073292e-07,6
bg,50,5.564091045785236e-07,6
bg,50,3.8089445152620065e-07,6
bg,50,5.453161172282048e-07,6
bg,50,2.288168835576897e-07,6
bg,50,6.142461207649094e-07,6
bg,50,9.315277580097352e-07,6
bg,50,5.356064469154373e-07,6
bg,50,2.8652503997946217e-07,6
bg,50,8.430391383825189e-07,6
bg,50,5.886298677891435e-07,6
bg,50,3.411468551026945e-07,6
bg,50,9.600579118449724e-07,6
bg,50,3.447468919799256e-07,6
bg,50,4.386468609233563e-07,6
bg,50,6.969339975021987e-07,6
bg,50,3.878264452245182e-07,6
bg,50,3.172644223109958e-07,6
bg,50,4.144552550551678e-07,6
bg,50,5.158056201313487e-07,6
bg,50,7.017463319212054e-07,6
bg,50,7.745402714704442e-07,6
bg,50,8.74366966192499e-07,6
bg,50,6.64264243288803e-07,6
bg,50,2.797462939362049e-07,6
bg,50,3.88346919427769e-07,6
bg,50,6.326220079918764e-07,6
bg,50,3.481044362313607e-07,6
bg,50,4.586086221640189e-07,6
bg,50,5.02151748122428e-07,6
bg,50,5.346473124370599e-07,6
bg,50,4.590805008688754e-07,6
bg,50,4.079259612934709e-07,6
bg,50,4.687212195116946e-07,6
bg,50,3.546808962335473e-07,6
bg,50,5.17205641606346e-07,6
bg,50,4.1801311854195794e-07,6
bg,50,5.188239434492162e-07,6
bg,50,6.160188664902731e-07,6
bg,50,9.255901033984532e-07,6
bg,50,4.584346044131228e-07,6
bg,50,5.709057262221612e-07,6
bg,50,4.5135827711165745e-07,6
bg,50,5.589480435584263e-07,6
bg,50,3.327360232878134e-07,6
bg,50,4.320716981546033e-07,6
bg,50,5.494792677104189e-07,6
bg,50,6.94725040812261e-07,6
bg,50,4.560073304917387e-07,6
bg,50,3.8782023090150593e-07,6
bg,50,3.939980010368329e-07,6
bg,50,4.998667281919332e-07,6
bg,50,4.265672497224544e-07,6
bg,50,3.484349424643781e-07,6
bg,50,5.230178390857569e-07,6
bg,50,3.765757743666519e-07,6
bg,50,5.659538268715953e-07,6
bg,50,3.1213674847203653e-07,6
bg,50,7.221310043695398e-07,6
bg,50,4.827672644360734e-07,6
bg,50,7.502233233342613e-07,6
bg,50,4.015419093789605e-07,6
bg,50,6.924442985308371e-07,6
bg,50,3.381663097311902e-07,6
bg,50,3.40309805018147e-07,6
bg,50,7.831052478061144e-07,6
bg,50,8.05315287689218e-07,6
bg,50,9.61695260422137e-07,6
bg,50,5.853352405560266e-07,6
bg,50,5.002125517938966e-07,6
bg,50,7.832396047979015e-07,6
bg,50,4.399128151830718e-07,6
bg,50,3.1209962948519484e-07,6
bg,50,2.642799739893715e-07,6
bg,50,3.845746187154784e-07,6
bg,50,3.9540441468912147e-07,6
bg,50,6.443026328158109e-07,6
bg,50,3.651724723653388e-07,6
bg,50,6.288455754644573e-07,6
bg,50,1.164671664880627e-06,6
bg,50,4.943805945833715e-07,6
bg,50,4.283410421922853e-07,6
bg,50,4.568514261566394e-07,6
bg,50,4.939181339015007e-07,6
bg,50,6.102586001772152e-07,6
bg,50,9.098957242853308e-07,6
bg,50,7.19454439541786e-07,6
bg,50,4.646212157694952e-07,6
bg,50,5.137947424194363e-07,6
bg,50,5.159596427094904e-07,6
bg,50,5.689153858308473e-07,6
bg,50,5.617167806172159e-07,6
bg,50,6.511334409975978e-07,6
bg,50,6.257563542919479e-07,6
bg,50,5.712693167674624e-07,6
bg,50,5.036544348145235e-07,6
bg,50,2.9692034947023345e-07,6
bg,50,1.0004279360727168e-06,6
bg,50,6.308444379973338e-07,6
bg,50,4.527751356403526e-07,6
bg,50,4.625838342916801e-07,6
bg,50,4.78491012411358e-07,6
bg,50,7.738150775669368e-07,6
bg,50,4.778287380464313e-07,6
bg,50,3.970211935556454e-07,6
bg,50,7.111217056659494e-07,6
bg,50,6.185583951230075e-07,6
bg,50,6.618058266286731e-07,6
bg,50,6.342554539914407e-07,6
bg,50,6.845746051279203e-07,6
bg,50,4.0111962297754954e-07,6
bg,50,4.795477459370765e-07,6
bg,50,2.20848778122604e-07,6
bg,50,4.181795084164831e-07,6
bg,50,5.536632549699543e-07,6
bg,50,7.083722570339731e-07,6
bg,50,7.354720183369701e-07,6
bg,50,6.960574855309265e-07,6
bg,50,3.7199036191152834e-07,6
bg,50,5.508129880437912e-07,6
bg,50,5.125192660597498e-07,6
bg,50,1.0125809582810038e-06,6
bg,50,5.263290747190028e-07,6
bg,50,5.699569575840301e-07,6
bg,50,1.4616184687527548e-06,6
bg,50,5.971106567718352e-07,6
bg,50,8.69058710865243e-07,6
bg,50,6.143768851957984e-07,6
bg,50,5.25261804204155e-07,6
bg,50,7.934936788456837e-07,6
bg,50,4.179147424940678e-07,6
bg,50,6.583731656352219e-07,6
bg,50,8.643324638911286e-07,6
bg,50,6.814376033038428e-07,6
bg,50,9.168042712706124e-07,6
bg,50,6.161109111436299e-07,6
bg,50,7.276029756657101e-07,6
bg,50,7.069274430393492e-07,6
bg,50,2.2461546552931298e-07,6
bg,50,3.764172943849314e-07,6
bg,50,2.3527739825813447e-07,6
bg,50,3.4647343161560153e-07,6
bg,50,6.76380759702359e-07,6
bg,50,7.07356791065953e-07,6
bg,50,4.775644851899788e-07,6
bg,50,7.306745033038341e-07,6
bg,50,4.717427472808785e-07,6
bg,50,4.758659077916083e-07,6
bg,50,4.348013020960515e-07,6
bg,50,3.25166044290491e-07,6
bg,50,8.626374246305572e-07,6
bg,50,8.033769448489764e-07,6
bg,50,7.152820247827442e-07,6
bg,50,4.445331010533169e-07,6
bg,50,5.796837930683039e-07,6
bg,50,8.093705162696858e-07,6
bg,50,6.886402051650003e-07,6
bg,50,9.604241992891412e-07,6
bg,50,7.765451568826025e-07,6
bg,50,7.11396919257084e-07,6
bg,50,4.766689333535698e-07,6
bg,50,4.405442530047711e-07,6
bg,50,6.107225071862285e-07,6
bg,50,3.197967788529278e-07,6
bg,50,5.065067671282976e-07,6
bg,50,4.094783756561673e-07,6
bg,50,2.899748282228348e-07,6
bg,50,5.053063940458221e-07,6
bg,50,6.594059808633166e-07,6
bg,50,5.987091901463765e-07,6
bg,50,4.029440232428841e-07,6
bg,50,6.039108519188007e-07,6
bg,50,2.9751428848437713e-07,6
bg,50,5.422783901851593e-07,6
bg,50,3.668672976064003e-07,6
bg,50,4.1281414595162987e-07,6
bg,50,5.591253160628049e-07,6
bg,50,5.949126834057871e-07,6
bg,50,6.555890096278504e-07,6
bg,50,6.841199543030889e-07,6
bg,50,8.362061744809667e-07,6
bg,50,4.428493732300264e-07,6
bg,50,4.374672983246332e-07,6
bg,50,6.813789231895735e-07,6
bg,50,3.483888064022082e-07,6
bg,50,5.161685556329167e-07,6
bg,50,4.381729773862912e-07,6
bg,50,6.177038732526832e-07,6
bg,50,5.320511597452643e-07,6
bg,50,7.65785051660566e-07,6
bg,50,9.903678843402657e-07,6
bg,50,4.767064961393485e-07,6
bg,50,3.436021535153232e-07,6
bg,50,4.4393956785171435e-07,6
bg,50,3.916024091503023e-07,6
bg,50,6.988915995006745e-07,6
bg,50,4.458716021153726e-07,6
bg,50,4.531600681305662e-07,6
bg,50,5.36401310877539e-07,6
bg,50,4.384355379223324e-07,6
bg,50,6.431757460237323e-07,6
bg,50,8.944224329916202e-07,6
bg,50,3.841963982944404e-07,6
bg,50,5.777391763770919e-07,6
bg,50,7.152117797167725e-07,6
bg,50,6.847422633335778e-07,6
bg,50,7.961897096517994e-07,6
bg,50,6.870359521064724e-07,6
bg,50,8.779045931114145e-07,6
bg,50,6.513263346988916e-07,6
bg,50,4.4658723738388e-07,6
bg,50,7.363763058674122e-07,6
bg,50,4.552103886949946e-07,6
bg,50,5.367712013585228e-07,6
bg,50,3.405184801966675e-07,6
bg,50,6.092135886483274e-07,6
bg,50,3.828335332502414e-07,6
bg,50,3.647509855397507e-07,6
bg,50,8.935246542866958e-07,6
bg,50,7.835503221955762e-07,6
bg,50,6.079490408487605e-07,6
bg,50,6.894062463674083e-07,6
bg,50,4.239369919332559e-07,6
bg,50,4.220830647922587e-07,6
bg,50,4.6475159625428246e-07,6
bg,50,6.815996408531935e-07,6
bg,50,7.51316446639146e-07,6
bg,50,5.553889811973928e-07,6
bg,50,4.271171588089748e-07,6
bg,50,6.67893789610152e-07,6
bg,50,3.59415569415498e-07,6
bg,50,5.642266889019574e-07,6
bg,50,4.839995947756966e-07,6
bg,50,4.170904312637711e-07,6
bg,50,4.6147973756305115e-07,6
bg,50,6.576093522236322e-07,6
bg,50,4.6786765384418006e-07,6
bg,50,5.882358405019612e-07,6
bg,50,8.060724701090921e-07,6
bg,50,6.117771537876471e-07,6
bg,50,2.3889221650412196e-07,6
bg,50,6.386714759316164e-07,6
bg,50,7.219075857966222e-07,6
bg,50,4.515693743556446e-07,6
bg,50,3.271569987235037e-07,6
bg,50,5.247155133322823e-07,6
bg,50,6.078722515504931e-07,6
bg,50,3.623958696460962e-07,6
bg,50,6.731924236610642e-07,6
bg,50,5.211749454588938e-07,6
bg,50,5.646885360571485e-07,6
bg,50,6.254270868275027e-07,6
bg,50,4.468025572496414e-07,6
bg,50,8.184777856755358e-07,6
bg,50,4.872494590576574e-07,6
bg,50,7.321680559971611e-07,6
bg,50,4.6583283504611e-07,6
bg,50,5.41284449115666e-07,6
bg,50,4.134374431365483e-07,6
bg,50,4.85384458218851e-07,6
bg,50,6.510463136627869e-07,6
bg,50,7.455118419128606e-07,6
bg,50,6.086804727471888e-07,6
bg,50,7.071731466865032e-07,6
bg,50,4.708666062024003e-07,6
bg,50,5.493394081748168e-07,6
bg,50,6.562548053784384e-07,6
bg,50,4.6420981388331683e-07,6
bg,50,5.564387508045729e-07,6
bg,50,7.319687139850788e-07,6
bg,50,9.29446334192194e-07,6
bg,50,8.416735132349149e-07,6
bg,50,2.3636488998283002e-07,6
bg,50,6.269355361613081e-07,6
bg,50,4.966872166239753e-07,6
bg,50,6.056117507967293e-07,6
bg,50,4.790712827167898e-07,6
bg,50,5.249325122985029e-07,6
bg,50,5.877255329575959e-07,6
bg,50,9.316217940348056e-07,6
bg,50,5.625756575447256e-07,6
bg,50,3.427252115549189e-07,6
bg,50,4.560946716963884e-07,6
bg,50,2.325948252919267e-07,6
bg,50,8.530029628710285e-07,6
bg,50,3.878483871533708e-07,6
bg,50,7.4920633381978e-07,6
bg,50,7.634892880040767e-07,6
bg,50,2.942938607680558e-07,6
bg,50,4.842047918725108e-07,6
bg,50,4.792678997673312e-07,6
bg,50,3.374677051501138e-07,6
bg,50,5.809533643933556e-07,6
bg,50,5.714243705701693e-07,6
bg,50,4.843305835629477e-07,6
bg,50,7.52640905943919e-07,6
bg,50,6.503089746086626e-07,6
bg,50,8.473042050927414e-07,6
bg,50,6.183510781272153e-07,6
bg,50,5.688025560571051e-07,6
bg,50,5.560430797582451e-07,6
bg,50,8.224760794676209e-07,6
bg,50,4.0858964841430115e-07,6
bg,50,8.129909476534242e-07,6
bg,50,8.618162710901112e-07,6
bg,50,6.597017453418113e-07,6
bg,50,6.119171402611033e-07,6
bg,50,9.439671247914172e-07,6
bg,50,3.232253424914939e-07,6
bg,50,7.266022775397235e-07,6
bg,50,5.392065896329049e-07,6
bg,50,3.091464764553777e-07,6
bg,50,1.7162580611776994e-07,6
bg,50,5.536603929399922e-07,6
bg,50,4.967966085577506e-07,6
bg,50,5.475927622241014e-07,6
bg,50,5.203616045816129e-07,6
bg,50,3.440404435291818e-07,6
bg,50,3.5425044549727193e-07,6
bg,50,4.200173510127718e-07,6
bg,50,1.011577066600354e-06,6
bg,50,3.439810430943835e-07,6
bg,50,6.843738917520335e-07,6
bg,50,3.06351841181424e-07,6
bg,50,4.9629882441914e-07,6
bg,50,1.8633620896592323e-07,6
bg,50,4.4949326463380026e-07,6
bg,50,2.192089745199627e-07,6
bg,50,5.078862853752132e-07,6
bg,50,5.348765006278925e-07,6
bg,50,1.469406044761311e-07,6
bg,50,9.185799564850818e-07,6
bg,50,9.758857746709074e-07,6
bg,50,1.017851753936476e-06,6
bg,50,5.657502370038733e-07,6
bg,50,6.392872285526669e-07,6
bg,50,9.623555443263535e-07,6
bg,50,5.755245526226928e-07,6
bg,50,5.584062169632975e-07,6
bg,50,1.1001926012186514e-06,6
bg,50,6.364522968992287e-07,6
bg,50,5.220054008022238e-07,6
bg,50,6.632176222959594e-07,6
bg,50,8.091918384736132e-07,6
bg,50,8.364924528698373e-07,6
bg,50,6.205695298994643e-07,6
bg,50,1.9735472228642362e-07,6
bg,50,4.418782468525616e-07,6
bg,50,5.900616079311576e-07,6
bg,50,1.2770605379370286e-06,6
bg,50,7.086570866969111e-07,6
bg,50,3.5589875069539274e-07,6
bg,50,5.505595057322119e-07,6
bg,50,2.794535685773297e-07,6
bg,50,7.546914102724151e-07,6
bg,50,6.919338963501206e-07,6
bg,50,3.943320703405927e-07,6
bg,50,4.447535859451833e-07,6
bg,50,9.13688971048442e-07,6
bg,50,9.238913206557e-07,6
bg,50,3.1786436902143193e-07,6
bg,50,6.606298275270677e-07,6
bg,50,2.5847976839234336e-07,6
bg,50,7.950210685692697e-07,6
bg,50,2.083237988547396e-07,6
bg,50,7.872235115840969e-07,6
bg,50,3.408425587162526e-07,6
bg,50,4.604581628266779e-07,6
bg,50,4.204943622191068e-07,6
bg,50,7.865468407605745e-07,6
bg,50,7.59859116086481e-07,6
bg,50,3.461909099544795e-07,6
bg,50,8.310740641147222e-07,6
bg,50,9.225527629094792e-07,6
bg,50,6.720521612829915e-07,6
bg,50,4.7120341238577906e-07,6
bg,50,6.885699274519387e-07,6
bg,50,4.689407242055917e-07,6
bg,50,7.389182140622995e-07,6
bg,50,8.345011977297291e-07,6
bg,50,6.514792962314387e-07,6
bg,50,3.605351070339003e-07,6
bg,50,6.865349081156901e-07,6
bg,50,8.411557315038544e-07,6
bg,50,4.510553320668851e-07,6
bg,50,4.752268444341134e-07,6
bg,50,5.474123459120087e-07,6
bg,50,5.015072780893876e-07,6
bg,50,2.470898656555891e-07,6
bg,50,1.2113274862441131e-06,6
bg,50,3.461411789054449e-07,6
bg,50,7.141391885634089e-07,6
bg,50,4.548718636475865e-07,6
bg,50,3.25840317209628e-07,6
bg,50,2.2909463517341626e-07,6
bg,50,4.467535188884845e-07,6
bg,50,4.295442293534733e-07,6
bg,50,1.049356644449373e-06,6
bg,50,7.318960519378482e-07,6
bg,50,4.735068823553906e-07,6
bg,50,4.258344514271454e-07,6
bg,50,3.980969412854738e-07,6
bg,50,5.500665853056636e-07,6
bg,50,9.99133846281846e-07,6
bg,50,5.24477315370106e-07,6
bg,50,8.158408335437725e-07,6
bg,50,3.214183859965285e-07,6
bg,50,1.2187764029470987e-06,6
bg,50,2.621007607774445e-07,6
bg,50,4.953474833920473e-07,6
bg,50,2.735247112378304e-07,6
bg,50,6.391991061892979e-07,6
bg,50,5.064506143217082e-07,6
bg,50,3.560961969904436e-07,6
bg,50,7.299035939685898e-07,6
bg,50,4.088420040074806e-07,6
bg,50,7.748313473479802e-07,6
bg,50,5.131825998748384e-07,6
bg,50,6.30994057422679e-07,6
bg,50,6.292264995271915e-07,6
bg,50,7.302316236696475e-07,6
bg,50,6.547537295468126e-07,6
bg,50,7.088833895903436e-07,6
bg,50,4.524459073395423e-07,6
bg,50,7.253558188949325e-07,6
bg,50,5.879948591670744e-07,6
bg,50,3.559905077223669e-07,6
bg,50,4.483430049397784e-07,6
bg,50,7.441218228915343e-07,6
bg,50,2.449036385559939e-07,6
bg,50,5.312177745472958e-07,6
bg,50,4.790439076856824e-07,6
bg,50,7.295957263365725e-07,6
bg,50,4.873152591933661e-07,6
bg,50,5.815627613951542e-07,6
bg,50,7.544044551093743e-07,6
bg,50,5.001966828889875e-07,6
bg,50,3.863171569521447e-07,6
bg,50,8.079221479450532e-07,6
bg,50,5.947481314176427e-07,6
bg,50,6.471501286934369e-07,6
bg,50,8.132202021425747e-07,6
bg,50,3.984775404177764e-07,6
bg,50,4.704496841529158e-07,6
bg,50,5.725080568971639e-07,6
bg,50,5.951507260891438e-07,6
bg,50,1.2243184852302622e-06,6
bg,50,5.385351510828932e-07,6
bg,50,6.025645304883337e-07,6
bg,50,6.629989939289981e-07,6
bg,50,5.198774190527905e-07,6
bg,50,5.001820411681006e-07,6
bg,50,3.94701452334752e-07,6
bg,50,8.902592942895997e-07,6
bg,50,4.5536883631612e-07,6
bg,50,8.547011218864353e-07,6
bg,50,3.850650996419526e-07,6
bg,50,5.084773218392613e-07,6
bg,50,4.428271349446121e-07,6
bg,50,7.002831458042893e-07,6
bg,50,6.407259259135063e-07,6
bg,50,4.29626331063604e-07,6
bg,50,2.850290645388155e-07,6
bg,50,4.5842977960482515e-07,6
bg,50,7.032645740868273e-07,6
bg,50,4.966129149511939e-07,6
bg,50,5.143479966352759e-07,6
bg,50,4.073728371186882e-07,6
bg,50,4.507577599860742e-07,6
bg,50,4.337975565579963e-07,6
bg,50,5.706747390697814e-07,6
bg,50,3.98141196834739e-07,6
bg,50,5.158145734384343e-07,6
bg,50,3.183818185531466e-07,6
bg,50,4.831621458960191e-07,6
bg,50,6.590579086331339e-07,6
bg,50,5.365963599554437e-07,6
ag,50,0.0062449474646656,7
ag,50,0.0164334364569916,7
ag,50,0.0034077344399534,7
ag,50,0.0109840539040136,7
ag,50,0.0078466178807049,7
ag,50,0.004264900459836,7
ag,50,0.0051737289272243,7
ag,50,0.0011261304975111,7
ag,50,0.0,7
ag,50,0.0442186902833022,7
ag,50,0.0,7
ag,50,0.006830511582674,7
ag,50,0.028507514348981,7
ag,50,0.0064642298425978,7
ag,50,0.0123265758132152,7
ag,50,0.0002217723315072,7
ag,50,0.0044255608769833,7
ag,50,0.0116564401692475,7
ag,50,0.0108774631452741,7
ag,50,0.0173700311024154,7
ag,50,0.0164281429338365,7
ag,50,0.0063466519785041,7
ag,50,0.0175314786720844,7
ag,50,0.0104252617407628,7
ag,50,0.0133382058936409,7
ag,50,0.0092134605811537,7
ag,50,0.0005272748304689,7
ag,50,0.0134553883160008,7
ag,50,0.0026792228105998,7
ag,50,0.0017462473647143,7
ag,50,0.0025615358895004,7
ag,50,0.0012944350351001,7
ag,50,0.0047017366534088,7
ag,50,0.0067333528338022,7
ag,50,0.0101623702485043,7
ag,50,0.0399278329252724,7
ag,50,0.0136889215956174,7
ag,50,0.0853994179670854,7
ag,50,0.0034910098246297,7
ag,50,0.0115388438608661,7
ag,50,0.0025280604169961,7
ag,50,0.0055047582930572,7
ag,50,0.026194689731631,7
ag,50,0.0017661852240955,7
ag,50,0.0065461412630584,7
ag,50,0.009273451079357,7
ag,50,0.0395958670949863,7
ag,50,0.0047840677870489,7
ag,50,0.0007238810805855,7
ag,50,0.0488128565360507,7
ag,50,0.0190012031233644,7
ag,50,0.0096332373829328,7
ag,50,0.0243770732144015,7
ag,50,0.0090036699077378,7
ag,50,0.0019917945246215,7
ag,50,0.0178950572989206,7
ag,50,0.0091603560719506,7
ag,50,0.0438233861460495,7
ag,50,0.007022329003909,7
ag,50,0.0006297728645821,7
ag,50,0.0019209246709631,7
ag,50,0.0173022465408098,7
ag,50,0.001067430257991,7
ag,50,0.0114945471815262,7
ag,50,0.013060068535245,7
ag,50,0.0016267261439132,7
ag,50,0.0082943540475634,7
ag,50,0.0019425619924272,7
ag,50,0.0164117607783622,7
ag,50,0.0134418392360127,7
ag,50,0.0111474055117268,7
ag,50,0.0042763907557946,7
ag,50,0.0717916935798309,7
ag,50,0.0072784970343495,7
ag,50,0.0100010515407297,7
ag,50,0.0022391848950641,7
ag,50,0.0047933763280897,7
ag,50,0.0195628299530113,7
ag,50,0.0906531438476273,7
ag,50,0.037738272032889,7
ag,50,0.0169522039266351,7
ag,50,0.0082932182977446,7
ag,50,0.0135065120510343,7
ag,50,0.0053896043508804,7
ag,50,0.0401814676771331,7
ag,50,0.0203170288351896,7
ag,50,0.0024521215881234,7
ag,50,0.0175321035850568,7
ag,50,0.0145135434000906,7
ag,50,0.0062362310204617,7
ag,50,0.0122400966559012,7
ag,50,0.0013436992478433,7
ag,50,0.0048098146819504,7
ag,50,0.0012472440705044,7
ag,50,0.049405367498577,7
ag,50,0.0013746619484296,7
ag,50,0.0090010598484932,7
ag,50,0.0022219628786587,7
ag,50,0.0106400145159341,7
ag,50,0.0082464209119797,7
ag,50,0.0023403626084324,7
ag,50,0.0010140930152774,7
ag,50,0.0077034961250243,7
ag,50,0.0011955382646656,7
ag,50,0.0125183575882309,7
ag,50,0.0255020631549284,7
ag,50,0.0096021408003176,7
ag,50,0.0125878925480087,7
ag,50,0.012350096729021,7
ag,50,0.1057661434992214,7
ag,50,0.0009027037803733,7
ag,50,0.000981433675213,7
ag,50,0.0051501614000534,7
ag,50,0.0044199342857618,7
ag,50,0.0003143376343929,7
ag,50,0.0157235266890258,7
ag,50,0.0060919656906424,7
ag,50,0.033235691366242,7
ag,50,0.0009525281222894,7
ag,50,0.0245793597252741,7
ag,50,0.0096971829053708,7
ag,50,0.011136817861488,7
ag,50,0.0005467912842519,7
ag,50,0.0054646343792869,7
ag,50,0.0013225254389258,7
ag,50,0.0123048848955495,7
ag,50,0.0070005208755231,7
ag,50,0.0051466270774272,7
ag,50,0.0128058671325651,7
ag,50,0.004258394037499,7
ag,50,0.0122640001678603,7
ag,50,0.0591067508746985,7
ag,50,0.0123807396920169,7
ag,50,0.0192730076052075,7
ag,50,0.0128409710457778,7
ag,50,0.0110901660771481,7
ag,50,0.0006006722064098,7
ag,50,0.0002975405073809,7
ag,50,0.0555413047609778,7
ag,50,0.0020733493942678,7
ag,50,0.0012623350742704,7
ag,50,0.0018593237037573,7
ag,50,0.0011670391180329,7
ag,50,0.0102822287304022,7
ag,50,0.027930595808722,7
ag,50,0.0282714264332534,7
ag,50,0.0030639324075331,7
ag,50,0.0292998460832479,7
ag,50,0.0087366435166397,7
ag,50,0.0396861870260414,7
ag,50,0.0135198099678906,7
ag,50,0.0117700228179105,7
ag,50,0.0004875493575425,7
ag,50,0.0491260081909474,7
ag,50,0.0335839120086694,7
ag,50,0.0028074873794096,7
ag,50,0.0511721214588643,7
ag,50,0.004328743521285,7
ag,50,0.0222155396328624,7
ag,50,0.0101523938374944,7
ag,50,0.0155834250025319,7
ag,50,0.0199057021777437,7
ag,50,0.0244813373575232,7
ag,50,0.0056259477811048,7
ag,50,0.014330993945856,7
ag,50,0.0021122404648903,7
ag,50,0.0026193989606961,7
ag,50,0.0442203291624417,7
ag,50,0.0076916487726101,7
ag,50,0.0015129288278477,7
ag,50,0.0010921313079759,7
ag,50,0.0019519959221364,7
ag,50,0.0263387864480375,7
ag,50,0.0,7
ag,50,0.0116689440054679,7
ag,50,0.0077100084174344,7
ag,50,0.0026962646311075,7
ag,50,0.0498293428863542,7
ag,50,0.0128230466700033,7
ag,50,0.0049727995637743,7
ag,50,0.0247732701567217,7
ag,50,0.00959488679972,7
ag,50,0.0176950536389944,7
ag,50,0.0020358709867085,7
ag,50,0.0132934208161028,7
ag,50,0.0040944159246346,7
ag,50,0.0064666633067315,7
ag,50,0.0103483203288311,7
ag,50,0.0008844215609999,7
ag,50,0.0216642157971944,7
ag,50,0.0298897507912892,7
ag,50,0.0149593261171625,7
ag,50,0.0045751415042036,7
ag,50,0.0081060009122244,7
ag,50,0.0068999803406909,7
ag,50,0.0282386658644458,7
ag,50,0.0166823299551072,7
ag,50,0.0850931578877577,7
ag,50,0.0069078356347996,7
ag,50,0.0340603891728793,7
ag,50,0.0130806640841122,7
ag,50,0.0201623861909714,7
ag,50,0.0035351747444246,7
ag,50,0.0592763195987165,7
ag,50,0.0067655024696422,7
ag,50,0.0098470989317122,7
ag,50,0.0041835545337925,7
ag,50,0.0067527736828908,7
ag,50,0.0023342754596734,7
ag,50,0.0244925563937791,7
ag,50,0.0036662263864015,7
ag,50,0.0026686647773609,7
ag,50,0.0052173244339262,7
ag,50,0.0001725589887896,7
ag,50,0.0040607370551145,7
ag,50,0.0185466209404194,7
ag,50,0.0020670409437357,7
ag,50,0.0049961682331799,7
ag,50,0.0187171310888431,7
ag,50,0.0287301958696526,7
ag,50,0.0001942973352828,7
ag,50,0.0187135440576019,7
ag,50,0.0004173441705977,7
ag,50,0.016947300777047,7
ag,50,0.0293934009484622,7
ag,50,0.0031547077553594,7
ag,50,0.013370337103939,7
ag,50,0.0234418724870748,7
ag,50,0.0025541851640876,7
ag,50,0.0090664808354062,7
ag,50,0.0040660412680296,7
ag,50,0.0092846713314803,7
ag,50,0.009390288367935,7
ag,50,0.009756366200269,7
ag,50,0.0053650347017578,7
ag,50,0.0033511265111281,7
ag,50,0.0075414469592451,7
ag,50,0.0005697387546477,7
ag,50,0.0180816068422548,7
ag,50,0.0004185130491223,7
ag,50,0.0020731818894004,7
ag,50,0.0186759872834716,7
ag,50,0.0058362896266228,7
ag,50,0.0189242201896397,7
ag,50,0.0021094327741384,7
ag,50,0.0220604426352237,7
ag,50,0.0044016886463569,7
ag,50,0.0024108488762724,7
ag,50,0.0080379918985747,7
ag,50,0.0013784924856672,7
ag,50,0.0036762982368314,7
ag,50,0.0028673923719732,7
ag,50,0.0224589416459816,7
ag,50,0.1162486378564576,7
ag,50,0.0072280661842107,7
ag,50,0.2624651637894576,7
ag,50,0.0054763027476452,7
ag,50,0.0182721191144817,7
ag,50,0.0065522105342559,7
ag,50,0.0083212798115297,7
ag,50,0.0416139979569272,7
ag,50,0.0067533477576287,7
ag,50,0.0046443141559226,7
ag,50,0.0110985978352805,7
ag,50,0.0471937144984712,7
ag,50,0.0163510416133468,7
ag,50,0.0042774333645837,7
ag,50,0.0030096615549428,7
ag,50,0.0018145962776241,7
ag,50,0.0211797038552801,7
ag,50,0.0204321807570505,7
ag,50,0.0018715386741659,7
ag,50,0.0204205927789796,7
ag,50,0.0065606028050556,7
ag,50,0.0032808589180193,7
ag,50,0.0257505475904633,7
ag,50,0.00016523306358,7
ag,50,0.0257810898500403,7
ag,50,0.0077238027740619,7
ag,50,0.0005955079539381,7
ag,50,0.0106290077686814,7
ag,50,0.0010734251523795,7
ag,50,0.0022308994602915,7
ag,50,0.0069975330743831,7
ag,50,0.002015601424503,7
ag,50,0.0062033293755345,7
ag,50,0.0033235154949889,7
ag,50,0.0373040570828995,7
ag,50,0.0410310795159376,7
ag,50,0.009661286803536,7
ag,50,0.0590652783646604,7
ag,50,0.0034989794473752,7
ag,50,0.0021312442304957,7
ag,50,0.0550081051086314,7
ag,50,0.0320268529239442,7
ag,50,0.0007647643247334,7
ag,50,0.0092718640373005,7
ag,50,0.0001172237392096,7
ag,50,0.0004698216092448,7
ag,50,0.0075765630939004,7
ag,50,0.0009248887666822,7
ag,50,0.002948515097732,7
ag,50,0.0309486514382875,7
ag,50,0.008842762512678,7
ag,50,0.0142782237167923,7
ag,50,0.0091984713040845,7
ag,50,0.0072138242951736,7
ag,50,0.0327461495321139,7
ag,50,0.0037099422087419,7
ag,50,0.0142182273386002,7
ag,50,0.0013987016212675,7
ag,50,0.0022136085246347,7
ag,50,0.0030236118267319,7
ag,50,0.0035790393282337,7
ag,50,0.0048284202760971,7
ag,50,0.0043998850041396,7
ag,50,0.0020320408627447,7
ag,50,0.0083629993300106,7
ag,50,0.0121116210765353,7
ag,50,0.0235370433295252,7
ag,50,0.0454920726071625,7
ag,50,0.0062490124378826,7
ag,50,0.0299448001351101,7
ag,50,0.0419936028432016,7
ag,50,0.0382500558666759,7
ag,50,0.0039549417472058,7
ag,50,0.0080436492487537,7
ag,50,0.0104925796643867,7
ag,50,0.0005540411033304,7
ag,50,0.0091818989219125,7
ag,50,0.0017826019404101,7
ag,50,0.0029765126175211,7
ag,50,0.0036564076536498,7
ag,50,0.0183974368535522,7
ag,50,0.0121531811553276,7
ag,50,0.0216859025235981,7
ag,50,0.01878800274575,7
ag,50,0.0092321283988636,7
ag,50,0.0019521105729137,7
ag,50,0.0134686823957201,7
ag,50,0.0043823656715705,7
ag,50,0.0067422847500199,7
ag,50,0.0056818390868926,7
ag,50,0.0116270603911123,7
ag,50,0.0008719954633282,7
ag,50,0.0119235642815867,7
ag,50,0.0568050777047533,7
ag,50,0.0457593768743666,7
ag,50,0.0193220565444972,7
ag,50,0.0155207575042556,7
ag,50,0.0124210854485638,7
ag,50,0.03394553766188,7
ag,50,0.017754487703368,7
ag,50,0.0747182202314712,7
ag,50,0.0026136847185166,7
ag,50,0.0577604629417764,7
ag,50,0.0021453889617064,7
ag,50,0.0145784753340238,7
ag,50,0.0028235387042935,7
ag,50,0.0141541668402536,7
ag,50,0.0307207989635849,7
ag,50,0.0353172812561049,7
ag,50,0.0160207656914811,7
ag,50,0.0066066102381791,7
ag,50,0.0156139709533957,7
ag,50,0.0027166586410073,7
ag,50,0.0050262427015476,7
ag,50,0.0385902894002645,7
ag,50,0.0091561737573204,7
ag,50,0.0021828697911486,7
ag,50,0.0558829061153251,7
ag,50,0.0206608758723294,7
ag,50,0.0009213898351474,7
ag,50,0.0105137748361779,7
ag,50,0.0100518381329467,7
ag,50,0.0580810025979511,7
ag,50,0.0105574326836909,7
ag,50,0.0081022289160256,7
ag,50,0.0305235149772901,7
ag,50,0.0020232780760563,7
ag,50,0.0138437950402658,7
ag,50,0.0212012690106098,7
ag,50,0.0024557846183941,7
ag,50,0.0147563802131631,7
ag,50,0.0345265508854978,7
ag,50,0.0048727410160249,7
ag,50,0.0032518436326692,7
ag,50,0.0010982273367806,7
ag,50,0.0194825909847247,7
ag,50,0.0042855794234815,7
ag,50,0.0150441567557134,7
ag,50,0.0100775144186707,7
ag,50,0.0473581316974554,7
ag,50,0.0345809749033524,7
ag,50,0.020781384988482,7
ag,50,0.0266986665096635,7
ag,50,0.0009742929798125,7
ag,50,0.002657978672903,7
ag,50,0.2102809830588122,7
ag,50,0.0330259728300143,7
ag,50,0.0087789229242545,7
ag,50,0.0165012276978908,7
ag,50,0.0059018696206734,7
ag,50,0.009035416573506,7
ag,50,0.003172866989235,7
ag,50,0.0030355571777363,7
ag,50,0.0122625271202586,7
ag,50,0.0096644696122308,7
ag,50,0.0007163918964447,7
ag,50,0.0480704195618438,7
ag,50,0.0287890868319596,7
ag,50,0.023389450885597,7
ag,50,0.0063016492610393,7
ag,50,0.006645595550513,7
ag,50,0.0108607062856446,7
ag,50,0.0191864212597647,7
ag,50,0.0153230148301006,7
ag,50,0.0059482709860335,7
ag,50,0.006531167319321,7
ag,50,0.0014345836911128,7
ag,50,0.0061107943586118,7
ag,50,0.0006127385082801,7
ag,50,0.0292996614601733,7
ag,50,0.0342058244863472,7
ag,50,0.0014461816346681,7
ag,50,0.0449470943434663,7
ag,50,0.0149422468466946,7
ag,50,0.0054788569268406,7
ag,50,0.030328252521331,7
ag,50,0.0091285766734149,7
ag,50,0.0371772840654996,7
ag,50,0.0007548119801542,7
ag,50,0.0362893919981161,7
ag,50,0.0013223738960988,7
ag,50,0.0224005847884618,7
ag,50,0.0381468045258896,7
ag,50,0.0005323403591172,7
ag,50,0.0043852445096873,7
ag,50,0.0012842608880365,7
ag,50,0.0041591006583757,7
ag,50,0.001546826417085,7
ag,50,0.0138641634163297,7
ag,50,0.0045440073329543,7
ag,50,0.0041058507658807,7
ag,50,0.004668544194341,7
ag,50,0.0060113096567555,7
ag,50,0.0074008454120066,7
ag,50,0.0332350910603765,7
ag,50,0.0042463206417339,7
ag,50,0.0003617068342398,7
ag,50,0.0097347378147788,7
ag,50,0.0082952499581133,7
ag,50,0.0464294289689566,7
ag,50,0.0017517618192824,7
ag,50,0.0158145826791194,7
ag,50,0.0023201401872385,7
ag,50,0.0016374120683927,7
ag,50,0.0238009822273697,7
ag,50,0.003364827458358,7
ag,50,0.0385698878110479,7
ag,50,0.0139097295464876,7
ag,50,0.0018066309153794,7
ag,50,0.0020822494197866,7
ag,50,0.0057783187172705,7
ag,50,0.0141624825835296,7
ag,50,0.0093989701063324,7
ag,50,0.0483158618335184,7
ag,50,0.014951107100015,7
ag,50,0.0038168644994169,7
ag,50,0.0230355142422942,7
ag,50,0.0295661296172183,7
ag,50,0.0421460574294908,7
ag,50,0.0184661373591697,7
ag,50,0.0024699224572967,7
ag,50,0.0090618921688511,7
ag,50,0.0058088312116946,7
ag,50,0.0004124040150562,7
ag,50,0.0060311939679933,7
ag,50,0.0036716641921349,7
ag,50,0.001005879714818,7
ag,50,0.0342416054469117,7
ag,50,0.0087372276826149,7
ag,50,0.0091047805468851,7
ag,50,0.0137752342266287,7
ag,50,0.0027466248666405,7
ag,50,0.0662985050777184,7
ag,50,0.0058562242705124,7
ag,50,0.0048460717449568,7
ag,50,0.0011425052936589,7
ag,50,0.0076326831734992,7
ag,50,0.0363314143285516,7
ag,50,0.0042104150912129,7
ag,50,0.0437972723712165,7
ag,50,0.0102889959417068,7
ag,50,0.0395073380661397,7
ag,50,0.0334897412923175,7
ag,50,0.0178060810135179,7
ag,50,0.0031066855624183,7
ag,50,0.0142162440174028,7
ag,50,0.0260952935874973,7
nag,50,2.0789914424356084e-05,7
nag,50,0.0001086952409967,7
nag,50,0.0002291586538032,7
nag,50,0.0001865000799099,7
nag,50,7.108586752500504e-05,7
nag,50,8.933040709766259e-05,7
nag,50,0.0,7
nag,50,0.0002241533139724,7
nag,50,6.291220882525734e-05,7
nag,50,5.27177781916258e-05,7
nag,50,3.314260678732276e-05,7
nag,50,3.0205350191141997e-05,7
nag,50,7.311370078077999e-05,7
nag,50,1.970716006096529e-05,7
nag,50,0.0006683970041764,7
nag,50,0.0,7
nag,50,0.0,7
nag,50,0.0003202793151447,7
nag,50,3.967893451533957e-05,7
nag,50,0.0001763934268027,7
nag,50,2.007621525701029e-05,7
nag,50,1.0602656867532492e-05,7
nag,50,4.8721924789640194e-05,7
nag,50,0.0004264619020102,7
nag,50,0.0002609148048552,7
nag,50,0.0001531708316478,7
nag,50,3.445739745096786e-05,7
nag,50,0.0001980181763123,7
nag,50,9.23421496832526e-05,7
nag,50,0.0001834334707815,7
nag,50,0.0008920583026321,7
nag,50,0.0003120665394194,7
nag,50,7.471692965581605e-05,7
nag,50,0.0002537207309201,7
nag,50,0.0002665686450148,7
nag,50,0.0001654127371332,7
nag,50,3.098247980314899e-05,7
nag,50,4.21906182156935e-05,7
nag,50,3.1827210790323766e-05,7
nag,50,2.198971437762607e-05,7
nag,50,0.0008604931223245,7
nag,50,0.0001567542446824,7
nag,50,1.793305388113295e-05,7
nag,50,0.0001368079037119,7
nag,50,1.9260160270169764e-05,7
nag,50,0.0003605781368004,7
nag,50,0.0,7
nag,50,2.2033874886927015e-05,7
nag,50,2.3108357300363764e-05,7
nag,50,0.0002037365379796,7
nag,50,3.530358322472898e-05,7
nag,50,3.731699455464581e-05,7
nag,50,0.0002856334708588,7
nag,50,0.0017977189489891,7
nag,50,0.0001474802658388,7
nag,50,0.0001968998247556,7
nag,50,0.0002096994497679,7
nag,50,0.0001771742585796,7
nag,50,0.0001896750885869,7
nag,50,2.1501399982833343e-05,7
nag,50,9.462146746587546e-05,7
nag,50,0.0007983802201036,7
nag,50,0.0001300365598906,7
nag,50,0.0003938970087656,7
nag,50,0.0003414146224357,7
nag,50,0.0003617951693178,7
nag,50,5.537586010218296e-05,7
nag,50,9.78755823210795e-05,7
nag,50,0.0003803561219935,7
nag,50,0.0002116884706164,7
nag,50,8.95403151764616e-05,7
nag,50,3.9523126347011223e-05,7
nag,50,0.0,7
nag,50,0.0001115599705165,7
nag,50,6.766149699403194e-05,7
nag,50,2.112419100489759e-05,7
nag,50,2.8002854509536793e-05,7
nag,50,0.0004466085313389,7
nag,50,0.0,7
nag,50,2.0379114721217104e-05,7
nag,50,0.0004100038591337,7
nag,50,0.0,7
nag,50,0.0001087400860994,7
nag,50,2.497035401670026e-05,7
nag,50,0.0002804362480661,7
nag,50,0.0004712189282277,7
nag,50,0.0001577756706345,7
nag,50,9.274623369726248e-05,7
nag,50,0.0003996274141822,7
nag,50,0.0003830193079709,7
nag,50,0.0,7
nag,50,8.616668344645834e-05,7
nag,50,0.0004757209501956,7
nag,50,0.0003096582397481,7
nag,50,0.0001933373226839,7
nag,50,0.0007470385198731,7
nag,50,6.427253726024584e-05,7
nag,50,4.000659461487302e-05,7
nag,50,9.899150710176866e-05,7
nag,50,0.0001073602239952,7
nag,50,0.0006046823825653,7
nag,50,0.0006813680290996,7
nag,50,0.0007596719712133,7
nag,50,0.0,7
nag,50,0.0008742350349056,7
nag,50,0.0,7
nag,50,0.0009879142994609,7
nag,50,0.0006156788260641,7
nag,50,1.0977460628570031e-05,7
nag,50,0.0001602338401913,7
nag,50,0.0001081681620584,7
nag,50,0.0002920663626526,7
nag,50,3.779577075448775e-05,7
nag,50,0.00105978027863,7
nag,50,3.96463814362908e-05,7
nag,50,0.0007528410919783,7
nag,50,1.149120342251784e-05,7
nag,50,0.0,7
nag,50,0.0007657339527841,7
nag,50,0.0002956809692694,7
nag,50,0.0004702914378523,7
nag,50,0.0002662608418509,7
nag,50,0.0002403874233998,7
nag,50,1.996662506816778e-05,7
nag,50,0.0,7
nag,50,0.0004193157305136,7
nag,50,0.0003703795389011,7
nag,50,0.0,7
nag,50,0.0004275307264007,7
nag,50,0.0006237557528584,7
nag,50,0.0004195569537834,7
nag,50,2.0867926303135384e-05,7
nag,50,0.0008871158271738,7
nag,50,1.5233702617414894e-05,7
nag,50,0.0002357527170876,7
nag,50,0.000150855222621,7
nag,50,3.689790016435904e-05,7
nag,50,0.0007998623825293,7
nag,50,2.2165889794663777e-05,7
nag,50,3.4375474285413225e-05,7
nag,50,0.0005421325910525,7
nag,50,0.0,7
nag,50,3.737690489061261e-05,7
nag,50,0.0002686950868128,7
nag,50,1.1895948302536667e-05,7
nag,50,2.5494913874998615e-05,7
nag,50,0.0001564952500826,7
nag,50,1.407195436083398e-05,7
nag,50,4.430176599784043e-05,7
nag,50,0.0003673972316835,7
nag,50,2.256963462907537e-05,7
nag,50,0.0003190938059651,7
nag,50,0.0,7
nag,50,0.0,7
nag,50,0.0001458406856124,7
nag,50,0.0,7
nag,50,3.4822190460320346e-05,7
nag,50,0.0001227567138604,7
nag,50,3.342029393421635e-05,7
nag,50,0.0006771544760494,7
nag,50,0.0002194558199493,7
nag,50,9.297892886100113e-05,7
nag,50,0.0001279959171709,7
nag,50,0.0002187554802099,7
nag,50,0.0005665347352759,7
nag,50,0.0,7
nag,50,1.9778812556514836e-05,7
nag,50,0.0,7
nag,50,0.0002826290038363,7
nag,50,0.0,7
nag,50,8.800727187733336e-05,7
nag,50,5.5825587513036195e-05,7
nag,50,0.0005217908164554,7
nag,50,3.8028455877610986e-05,7
nag,50,4.8567797904217014e-05,7
nag,50,0.0,7
nag,50,8.130302161190515e-05,7
nag,50,0.0001324923296221,7
nag,50,0.0001559202986877,7
nag,50,0.0007051029290087,7
nag,50,0.0001039016780352,7
nag,50,7.306591148500698e-05,7
nag,50,0.0001144232325358,7
nag,50,6.282290402247688e-05,7
nag,50,0.0001833046983192,7
nag,50,0.0001272125987746,7
nag,50,0.0004485563230888,7
nag,50,0.0,7
nag,50,0.0001223651305353,7
nag,50,0.0001945126382177,7
nag,50,0.0021014590469473,7
nag,50,0.0011655707041554,7
nag,50,0.0,7
nag,50,0.0001486000830822,7
nag,50,0.0001784411510009,7
nag,50,0.0002608728248943,7
nag,50,0.0001649078703254,7
nag,50,0.0,7
nag,50,0.0014026545933156,7
nag,50,0.0003057778242226,7
nag,50,0.0,7
nag,50,0.000246852662219,7
nag,50,0.0004822139373166,7
nag,50,0.0001983359751876,7
nag,50,2.0510009588793903e-05,7
nag,50,6.1047150046269585e-06,7
nag,50,0.0,7
nag,50,0.0,7
nag,50,0.0006887606579989,7
nag,50,0.0001951589182821,7
nag,50,0.0001399019584877,7
nag,50,1.850162760650321e-05,7
nag,50,0.0008488801452784,7
nag,50,0.0006492559095339,7
nag,50,2.4715184319938916e-05,7
nag,50,4.4766226129396456e-05,7
nag,50,0.0,7
nag,50,6.953339894289994e-05,7
nag,50,0.0,7
nag,50,2.171113352872673e-05,7
nag,50,0.0002265463272179,7
nag,50,1.8372849557791872e-05,7
nag,50,0.0001603008779015,7
nag,50,3.969051255255189e-05,7
nag,50,2.4536161186519403e-05,7
nag,50,0.0,7
nag,50,0.0004868651436925,7
nag,50,1.3005532951572654e-05,7
nag,50,3.744160783984546e-05,7
nag,50,8.938155428352507e-05,7
nag,50,3.269731948987981e-05,7
nag,50,6.529158826926235e-05,7
nag,50,8.560369462510705e-06,7
nag,50,4.4532973191255555e-05,7
nag,50,9.073314500608911e-05,7
nag,50,3.5752693852440414e-05,7
nag,50,7.436938516884402e-05,7
nag,50,0.0001460438397786,7
nag,50,0.0004030279970844,7
nag,50,0.0001040212261589,7
nag,50,0.0013125978857943,7
nag,50,0.0005569701907456,7
nag,50,2.1703285716604505e-05,7
nag,50,0.0,7
nag,50,0.0,7
nag,50,0.0,7
nag,50,2.357609161701093e-05,7
nag,50,0.0003580913744529,7
nag,50,0.0008724046917305,7
nag,50,0.0003965034263184,7
nag,50,0.0004282568796371,7
nag,50,0.0002036264483203,7
nag,50,0.0008915828674915,7
nag,50,4.296386931420748e-05,7
nag,50,0.0,7
nag,50,0.0004858814350175,7
nag,50,0.0001930818882353,7
nag,50,0.0002384482214296,7
nag,50,0.0002891927264842,7
nag,50,0.0002274225818293,7
nag,50,0.0002282274261185,7
nag,50,0.0,7
nag,50,5.4566665411437606e-05,7
nag,50,7.038034292299511e-05,7
nag,50,3.506635059293554e-05,7
nag,50,3.848987391378605e-05,7
nag,50,1.8668968835935785e-05,7
nag,50,5.5051544347660614e-05,7
nag,50,0.0,7
nag,50,0.0,7
nag,50,0.0003626242404815,7
nag,50,0.0005341752007823,7
nag,50,9.439809829982226e-05,7
nag,50,5.245116523140931e-05,7
nag,50,2.0227430754738575e-05,7
nag,50,0.0,7
nag,50,9.003231987383736e-05,7
nag,50,0.0001050494686997,7
nag,50,0.0,7
nag,50,3.3310609104941274e-05,7
nag,50,0.0,7
nag,50,0.0,7
nag,50,0.0,7
nag,50,0.0023567636605172,7
nag,50,0.0012377729935672,7
nag,50,0.0,7
nag,50,1.1273644921096824e-05,7
nag,50,2.2532410527997688e-05,7
nag,50,0.0,7
nag,50,8.629707743755431e-05,7
nag,50,4.7705069815295545e-05,7
nag,50,0.0001214010797095,7
nag,50,1.637946870221415e-05,7
nag,50,3.951170644120206e-05,7
nag,50,1.268023163695427e-05,7
nag,50,0.0004892341736616,7
nag,50,0.0002012118273157,7
nag,50,2.86719022785521e-05,7
nag,50,0.0008960744539828,7
nag,50,0.0002594962418731,7
nag,50,0.0001086004101126,7
nag,50,0.0015495960581242,7
nag,50,0.0010575637636964,7
nag,50,0.0004649263410861,7
nag,50,0.0005662862303418,7
nag,50,0.0004840153065548,7
nag,50,0.0012148914848281,7
nag,50,8.978223865731108e-05,7
nag,50,9.253541736116828e-05,7
nag,50,3.589911852727868e-05,7
nag,50,0.0003281578061486,7
nag,50,9.7727412531706e-05,7
nag,50,0.0,7
nag,50,0.0,7
nag,50,0.0008290681143427,7
nag,50,2.1983242806790803e-05,7
nag,50,0.0003715312029966,7
nag,50,2.526686827826564e-05,7
nag,50,0.0005053016452993,7
nag,50,0.0,7
nag,50,0.0,7
nag,50,0.0003010155523122,7
nag,50,0.0006549793177423,7
nag,50,5.735387151966253e-05,7
nag,50,0.0003801690212663,7
nag,50,0.0027715115643972,7
nag,50,3.279163657864294e-05,7
nag,50,2.7032015456915087e-05,7
nag,50,0.0001258937840971,7
nag,50,0.0001312187504203,7
nag,50,0.0002141509051672,7
nag,50,0.0005587660989804,7
nag,50,0.0,7
nag,50,5.706917451435247e-05,7
nag,50,0.0,7
nag,50,1.463193359226389e-05,7
nag,50,0.0001250923736322,7
nag,50,0.0005075754164318,7
nag,50,0.0001807691800642,7
nag,50,0.0002597706766437,7
nag,50,0.0001968752554691,7
nag,50,0.0004209396164066,7
nag,50,0.0003051658687333,7
nag,50,9.334873381427478e-05,7
nag,50,0.0009349645352966,7
nag,50,0.0,7
nag,50,0.0003011311629528,7
nag,50,0.0001778750935909,7
nag,50,3.2456906226247874e-05,7
nag,50,0.0,7
nag,50,0.0001009510891426,7
nag,50,2.1921555602430243e-05,7
nag,50,3.136434122401888e-05,7
nag,50,0.0003072056107165,7
nag,50,2.179200128928965e-05,7
nag,50,0.00062062861384,7
nag,50,0.0011943347598518,7
nag,50,0.0001099581974734,7
nag,50,0.0003075474154309,7
nag,50,0.000367100773758,7
nag,50,4.567800018775051e-05,7
nag,50,5.96618682466116e-05,7
nag,50,2.517309461126549e-05,7
nag,50,0.0007621989180166,7
nag,50,0.0,7
nag,50,0.0005680353878346,7
nag,50,0.0001303722454959,7
nag,50,2.1133289040395265e-05,7
nag,50,0.0001109125987619,7
nag,50,0.0002579496232009,7
nag,50,0.0002192740492533,7
nag,50,0.0,7
nag,50,0.001017628675139,7
nag,50,0.0002279593974438,7
nag,50,0.0,7
nag,50,8.814900146230647e-05,7
nag,50,0.0001268749845557,7
nag,50,0.0008704001151368,7
nag,50,9.55813762599861e-05,7
nag,50,7.602980566989575e-05,7
nag,50,0.0,7
nag,50,2.2588589142510785e-05,7
nag,50,0.0001200980091123,7
nag,50,2.043255078587423e-05,7
nag,50,0.0002050060628235,7
nag,50,0.0007778896512217,7
nag,50,0.0005103642657678,7
nag,50,4.85993728417941e-05,7
nag,50,4.181252237057043e-05,7
nag,50,1.739315619093115e-05,7
nag,50,6.533686035870156e-05,7
nag,50,8.217679734335423e-05,7
nag,50,0.0,7
nag,50,0.0004007395835153,7
nag,50,3.549480865088626e-05,7
nag,50,0.0,7
nag,50,0.0001466669935976,7
nag,50,0.0002813716429121,7
nag,50,2.3067598912661935e-05,7
nag,50,7.735414106386959e-05,7
nag,50,6.16133246332089e-05,7
nag,50,0.0007782077240091,7
nag,50,0.0005483242706941,7
nag,50,0.0004552877063497,7
nag,50,0.0,7
nag,50,2.9779340595693116e-05,7
nag,50,1.7787149419417202e-05,7
nag,50,0.0002774796618242,7
nag,50,0.000877436458948,7
nag,50,2.8205317998711292e-05,7
nag,50,0.0005190860010636,7
nag,50,0.0,7
nag,50,0.0012841469015344,7
nag,50,0.0001821213302412,7
nag,50,0.0003391391824336,7
nag,50,9.115746130051076e-05,7
nag,50,0.0004868128812716,7
nag,50,9.175370455680598e-05,7
nag,50,0.0003637901734851,7
nag,50,3.205116926221562e-05,7
nag,50,1.7362573351418877e-05,7
nag,50,0.0001881207545299,7
nag,50,0.000217891695193,7
nag,50,0.0011758716274842,7
nag,50,0.0,7
nag,50,0.0001167484158202,7
nag,50,8.793866745229462e-05,7
nag,50,0.0004071494878291,7
nag,50,0.0002139923515209,7
nag,50,1.717361169305336e-05,7
nag,50,3.234855736165141e-05,7
nag,50,0.0,7
nag,50,0.0001453376203561,7
nag,50,0.000151165809127,7
nag,50,1.7004229987228635e-05,7
nag,50,2.745398681461357e-05,7
nag,50,0.000447589342733,7
nag,50,4.846453387708485e-05,7
nag,50,0.0001058517162355,7
nag,50,0.0002517042918498,7
nag,50,0.0013125138380996,7
nag,50,4.861081404151103e-05,7
nag,50,0.0,7
nag,50,3.5710892346495106e-05,7
nag,50,2.155210584807526e-05,7
nag,50,0.000860725041531,7
nag,50,0.0001324185578896,7
nag,50,0.0001314373604278,7
nag,50,0.0,7
nag,50,0.0002213082820046,7
nag,50,0.0001430830357469,7
nag,50,2.4562205688293867e-05,7
nag,50,2.695485435799863e-05,7
nag,50,6.875958994760273e-05,7
nag,50,0.0003429682724069,7
nag,50,0.0008930339886452,7
nag,50,7.136345254428972e-05,7
nag,50,0.0002104831926442,7
nag,50,0.0002567227034243,7
nag,50,0.0,7
nag,50,0.0002133531917926,7
nag,50,3.289210193780347e-05,7
nag,50,2.8759463765603015e-05,7
nag,50,0.000498481374891,7
nag,50,3.195849841543623e-05,7
nag,50,3.429845526684434e-05,7
nag,50,0.000507036740711,7
nag,50,1.6592459270963836e-05,7
nag,50,9.405940392192724e-05,7
nag,50,0.0006400858161372,7
nag,50,0.0,7
nag,50,1.9993823185578737e-05,7
nag,50,0.0001232439515364,7
nag,50,2.528343001961338e-05,7
nag,50,0.0007677830005815,7
nag,50,1.2148176385939384e-05,7
nag,50,8.935274624327886e-05,7
nag,50,0.0003548660431337,7
nag,50,0.0001885927938513,7
nag,50,0.0,7
nag,50,0.0001003292760507,7
nag,50,0.0006279923977694,7
nag,50,0.0005821870526327,7
nag,50,1.6830541433290265e-05,7
nag,50,0.0002773389512647,7
nag,50,2.7468368310442947e-05,7
nag,50,7.966660209807598e-05,7
nag,50,4.48741798425895e-05,7
nag,50,0.0001164273432937,7
nag,50,0.0001900871094289,7
nag,50,0.0003998341544963,7
nag,50,4.7260763981720705e-05,7
nag,50,2.5201196733564655e-05,7
nag,50,0.000974022979668,7
nag,50,7.278013918170977e-05,7
nag,50,0.0016956950064621,7
nag,50,0.0002527768198697,7
nag,50,0.0,7
nag,50,8.261766460311607e-05,7
nag,50,1.0683734346275358e-05,7
bg,50,5.784306759709468e-07,7
bg,50,3.39051360941e-07,7
bg,50,4.915856571470599e-07,7
bg,50,6.214196277670297e-07,7
bg,50,5.617474840814336e-07,7
bg,50,7.988766592940436e-07,7
bg,50,5.214674589187995e-07,7
bg,50,6.510775292796134e-07,7
bg,50,5.777293917012679e-07,7
bg,50,5.048182931828438e-07,7
bg,50,4.758875929072185e-07,7
bg,50,7.752704760041669e-07,7
bg,50,3.315911962455642e-07,7
bg,50,9.548909914980357e-07,7
bg,50,6.712152946922471e-07,7
bg,50,4.777330651798516e-07,7
bg,50,4.823055972318526e-07,7
bg,50,6.62490445188041e-07,7
bg,50,3.532782807321321e-07,7
bg,50,1.5744785849699794e-07,7
bg,50,4.101148815732085e-07,7
bg,50,3.8153517447258115e-07,7
bg,50,5.98586262222359e-07,7
bg,50,7.908994854071565e-07,7
bg,50,4.603868097948104e-07,7
bg,50,3.869203570334646e-07,7
bg,50,4.990482876891542e-07,7
bg,50,7.538984764814182e-07,7
bg,50,6.258881179974484e-07,7
bg,50,4.4275313773633587e-07,7
bg,50,5.133276380301383e-07,7
bg,50,4.973643464060842e-07,7
bg,50,3.347638398625979e-07,7
bg,50,5.921180137127297e-07,7
bg,50,5.718609848815023e-07,7
bg,50,5.625332900486824e-07,7
bg,50,6.740691614156043e-07,7
bg,50,2.9805139549409177e-07,7
bg,50,3.996973456961432e-07,7
bg,50,5.330389921253982e-07,7
bg,50,4.274552480998084e-07,7
bg,50,4.641616489922629e-07,7
bg,50,3.32337636018426e-07,7
bg,50,2.622972026647545e-07,7
bg,50,9.170036151202416e-07,7
bg,50,9.17435141427801e-07,7
bg,50,7.250976032698032e-07,7
bg,50,4.901016158023787e-07,7
bg,50,6.299553227432057e-07,7
bg,50,5.192098004726534e-07,7
bg,50,5.156743375553041e-07,7
bg,50,1.1304089410368734e-06,7
bg,50,7.889491256033365e-07,7
bg,50,6.453818740266662e-07,7
bg,50,8.021264767615742e-07,7
bg,50,7.293848960667767e-07,7
bg,50,6.085491519723646e-07,7
bg,50,4.34533590344818e-07,7
bg,50,4.273326549123136e-07,7
bg,50,7.103743680132422e-07,7
bg,50,7.411394956575762e-07,7
bg,50,5.281587117858395e-07,7
bg,50,2.425286180319262e-07,7
bg,50,4.196250701565386e-07,7
bg,50,8.534945417302227e-07,7
bg,50,6.1427059330974e-07,7
bg,50,7.187383657481091e-07,7
bg,50,2.441554787605017e-07,7
bg,50,6.853299566859407e-07,7
bg,50,7.605628890544924e-07,7
bg,50,7.448024821648733e-07,7
bg,50,7.084597376113222e-07,7
bg,50,4.193663573263288e-07,7
bg,50,9.46027041608874e-07,7
bg,50,4.993511549029003e-07,7
bg,50,6.263860440985268e-07,7
bg,50,9.114827322974296e-07,7
bg,50,6.706072274715542e-07,7
bg,50,4.291183579277775e-07,7
bg,50,5.769490050542723e-07,7
bg,50,4.804356625676554e-07,7
bg,50,8.938684349226296e-07,7
bg,50,3.940622207446525e-07,7
bg,50,4.676025217434222e-07,7
bg,50,4.018409248161174e-07,7
bg,50,5.411264818682443e-07,7
bg,50,5.30156758826649e-07,7
bg,50,4.906079901849249e-07,7
bg,50,3.0806850332005394e-07,7
bg,50,5.972145035706461e-07,7
bg,50,5.826864969519794e-07,7
bg,50,8.337411220058475e-07,7
bg,50,5.747571477436032e-07,7
bg,50,3.503396170597643e-07,7
bg,50,5.424891956553439e-07,7
bg,50,9.87914708732942e-07,7
bg,50,5.47400286241574e-07,7
bg,50,5.574535284971577e-07,7
bg,50,3.561295564803647e-07,7
bg,50,9.330297759888218e-07,7
bg,50,4.816266614926862e-07,7
bg,50,9.289006486885142e-07,7
bg,50,4.992074746111889e-07,7
bg,50,8.06046641855335e-07,7
bg,50,5.229029256249732e-07,7
bg,50,6.611560303848395e-07,7
bg,50,1.020451213800421e-06,7
bg,50,4.08869938707237e-07,7
bg,50,8.087680762483187e-07,7
bg,50,5.268323475453596e-07,7
bg,50,2.837929359080614e-07,7
bg,50,8.157743718777431e-07,7
bg,50,8.554811447024798e-07,7
bg,50,7.826204766938973e-07,7
bg,50,2.0792253948548146e-07,7
bg,50,5.305983369319398e-07,7
bg,50,3.013326959984566e-07,7
bg,50,6.697582050254844e-07,7
bg,50,4.582273506247079e-07,7
bg,50,1.0956446903991849e-06,7
bg,50,2.709000098879466e-07,7
bg,50,9.290162463290732e-07,7
bg,50,2.902696075379056e-07,7
bg,50,9.487367094016956e-07,7
bg,50,8.313186075128776e-07,7
bg,50,1.92881154596935e-07,7
bg,50,2.526819708962056e-07,7
bg,50,8.896270604022021e-07,7
bg,50,8.642055426447953e-07,7
bg,50,4.789229789482378e-07,7
bg,50,6.355426516042953e-07,7
bg,50,9.088393899557496e-07,7
bg,50,4.71197847792325e-07,7
bg,50,4.331779833491265e-07,7
bg,50,7.285759119980323e-07,7
bg,50,9.068802297183096e-07,7
bg,50,2.790846288173743e-07,7
bg,50,4.4362807713652066e-07,7
bg,50,8.918717871851526e-07,7
bg,50,4.840668953209752e-07,7
bg,50,6.061975770105542e-07,7
bg,50,5.66817969678568e-07,7
bg,50,7.990764456361928e-07,7
bg,50,8.25900295865821e-07,7
bg,50,2.640891339396953e-07,7
bg,50,4.8902978486461e-07,7
bg,50,2.805121296439149e-07,7
bg,50,6.577883838008257e-07,7
bg,50,4.466210017154241e-07,7
bg,50,4.110400354225685e-07,7
bg,50,2.960967273324168e-07,7
bg,50,3.518107333787538e-07,7
bg,50,4.939256307357274e-07,7
bg,50,5.106134285767652e-07,7
bg,50,4.17612656975243e-07,7
bg,50,6.022051360136364e-07,7
bg,50,4.293140783051299e-07,7
bg,50,4.887716970921445e-07,7
bg,50,5.89746882133203e-07,7
bg,50,5.830542773690416e-07,7
bg,50,6.594878290251318e-07,7
bg,50,7.705579114213951e-07,7
bg,50,7.344674489250158e-07,7
bg,50,7.582323892679096e-07,7
bg,50,7.519728727237845e-07,7
bg,50,4.2848320356682233e-07,7
bg,50,6.300680279997784e-07,7
bg,50,7.637146270408349e-07,7
bg,50,2.2147261922465475e-07,7
bg,50,5.481583906914971e-07,7
bg,50,8.221996145403183e-07,7
bg,50,6.712168005959525e-07,7
bg,50,2.200210949473499e-07,7
bg,50,5.545603996578535e-07,7
bg,50,5.021341582326081e-07,7
bg,50,6.13960349895072e-07,7
bg,50,3.630542893208701e-07,7
bg,50,4.620786177510028e-07,7
bg,50,6.148458708280525e-07,7
bg,50,8.881556900410767e-07,7
bg,50,5.679533959378984e-07,7
bg,50,6.449088700278249e-07,7
bg,50,7.408542130840732e-07,7
bg,50,5.056784753661554e-07,7
bg,50,4.580771342696006e-07,7
bg,50,5.535176633193423e-07,7
bg,50,5.365801291824867e-07,7
bg,50,5.550282967861512e-07,7
bg,50,1.0223868635185964e-06,7
bg,50,3.5917071628258365e-07,7
bg,50,1.746023989678136e-07,7
bg,50,7.846265643013147e-07,7
bg,50,5.411459340624944e-07,7
bg,50,7.55050092515482e-07,7
bg,50,3.8754378442425377e-07,7
bg,50,5.485678642141698e-07,7
bg,50,5.159812033622891e-07,7
bg,50,6.22275311428144e-07,7
bg,50,8.176142214537839e-07,7
bg,50,5.655119530217624e-07,7
bg,50,5.771309989092648e-07,7
bg,50,8.876763193042717e-07,7
bg,50,8.955019963802494e-07,7
bg,50,3.762623981533674e-07,7
bg,50,5.593650579628838e-07,7
bg,50,7.019598770026162e-07,7
bg,50,7.1232258141057e-07,7
bg,50,6.937582413013705e-07,7
bg,50,3.8714827966786025e-07,7
bg,50,5.847737533362832e-07,7
bg,50,4.461265608767634e-07,7
bg,50,6.133120640288109e-07,7
bg,50,4.616946464379092e-07,7
bg,50,4.345439839687894e-07,7
bg,50,4.184990903822979e-07,7
bg,50,6.46871772482639e-07,7
bg,50,6.802272923318734e-07,7
bg,50,1.0453397079865197e-06,7
bg,50,5.788733413863237e-07,7
bg,50,4.94760062718673e-07,7
bg,50,6.942495484032465e-07,7
bg,50,7.018298695066946e-07,7
bg,50,3.313809143177821e-07,7
bg,50,4.810150460467495e-07,7
bg,50,5.246980745979534e-07,7
bg,50,6.45986150928944e-07,7
bg,50,4.39452966403744e-07,7
bg,50,5.854559149660788e-07,7
bg,50,5.95529316361264e-07,7
bg,50,7.079973103328714e-07,7
bg,50,2.8305070358540744e-07,7
bg,50,5.164632155588735e-07,7
bg,50,5.221460130090023e-07,7
bg,50,6.942798125367447e-07,7
bg,50,4.199410705372694e-07,7
bg,50,6.428852977425202e-07,7
bg,50,7.379758211932848e-07,7
bg,50,3.741927437175258e-07,7
bg,50,5.705666677865836e-07,7
bg,50,9.865640359358995e-07,7
bg,50,1.0026233378439682e-06,7
bg,50,5.77380862464615e-07,7
bg,50,3.782730009951277e-07,7
bg,50,4.714646107936549e-07,7
bg,50,5.771349888479449e-07,7
bg,50,1.007978547805018e-06,7
bg,50,5.249607983289905e-07,7
bg,50,8.768200211449287e-07,7
bg,50,6.876414986186635e-07,7
bg,50,3.873460965777528e-07,7
bg,50,8.994206746598236e-07,7
bg,50,6.573439315217914e-07,7
bg,50,6.510066331682119e-07,7
bg,50,8.217335979550072e-07,7
bg,50,3.416866797277886e-07,7
bg,50,3.726825503823002e-07,7
bg,50,6.522248084544712e-07,7
bg,50,5.918990073653519e-07,7
bg,50,4.25347540200179e-07,7
bg,50,1.0901412491476753e-06,7
bg,50,6.616016957105771e-07,7
bg,50,7.021129867401181e-07,7
bg,50,7.536687424498203e-07,7
bg,50,4.918569932005357e-07,7
bg,50,7.307175914735e-07,7
bg,50,5.398853218600875e-07,7
bg,50,5.285285573371917e-07,7
bg,50,4.0090613919312635e-07,7
bg,50,6.140277341701171e-07,7
bg,50,7.265886695227417e-07,7
bg,50,3.8794062102810825e-07,7
bg,50,3.819020415736196e-07,7
bg,50,3.71323513478178e-07,7
bg,50,3.802404432410975e-07,7
bg,50,8.245331451017822e-07,7
bg,50,5.476164804655957e-07,7
bg,50,1.1027720696128178e-06,7
bg,50,7.761392960142378e-07,7
bg,50,6.569574312815944e-07,7
bg,50,7.461926167555893e-07,7
bg,50,7.841578251427903e-07,7
bg,50,6.627685684479561e-07,7
bg,50,6.43086877036809e-07,7
bg,50,4.19000672328661e-07,7
bg,50,4.945372347483798e-07,7
bg,50,5.760683543755187e-07,7
bg,50,7.78041114477701e-07,7
bg,50,4.331944228494399e-07,7
bg,50,4.012796077660746e-07,7
bg,50,4.591653179021352e-07,7
bg,50,3.570231646519522e-07,7
bg,50,4.7494161546827594e-07,7
bg,50,5.784287715376192e-07,7
bg,50,6.560787826933269e-07,7
bg,50,4.917190070454588e-07,7
bg,50,3.938037243211855e-07,7
bg,50,4.536343414025605e-07,7
bg,50,5.219807378146685e-07,7
bg,50,8.680776691550373e-07,7
bg,50,3.875238736590871e-07,7
bg,50,5.731958149363348e-07,7
bg,50,9.333528154481986e-07,7
bg,50,5.453375928884016e-07,7
bg,50,1.1426495934542749e-06,7
bg,50,6.081201340651018e-07,7
bg,50,6.602551239342454e-07,7
bg,50,2.2457978566059417e-07,7
bg,50,3.2532553408152985e-07,7
bg,50,6.972060345596955e-07,7
bg,50,7.582218084823763e-07,7
bg,50,5.354903614775676e-07,7
bg,50,9.342037550006268e-07,7
bg,50,6.198530469275769e-07,7
bg,50,5.749462573082384e-07,7
bg,50,7.319392031845466e-07,7
bg,50,4.270967754688374e-07,7
bg,50,3.101490481717861e-07,7
bg,50,7.813531216502148e-07,7
bg,50,7.874519909671513e-07,7
bg,50,7.498302426382001e-07,7
bg,50,3.754693840809435e-07,7
bg,50,5.221642467455194e-07,7
bg,50,8.935168092740905e-07,7
bg,50,6.475485212248664e-07,7
bg,50,4.420215562072451e-07,7
bg,50,7.778216503519566e-07,7
bg,50,7.011708586743422e-07,7
bg,50,4.287090989491342e-07,7
bg,50,5.103510447791173e-07,7
bg,50,5.895880696160961e-07,7
bg,50,8.092688229223817e-07,7
bg,50,5.688875618416624e-07,7
bg,50,4.260329674519126e-07,7
bg,50,5.987007091702361e-07,7
bg,50,4.878137634660355e-07,7
bg,50,4.056599999197304e-07,7
bg,50,4.728676368308519e-07,7
bg,50,6.335500231987022e-07,7
bg,50,5.224214372051819e-07,7
bg,50,6.685717437219724e-07,7
bg,50,6.128735356013412e-07,7
bg,50,4.687604549549674e-07,7
bg,50,5.344024884966976e-07,7
bg,50,5.224142133064431e-07,7
bg,50,5.432804306469548e-07,7
bg,50,5.25260996935314e-07,7
bg,50,7.102841106093111e-07,7
bg,50,3.365101932705993e-07,7
bg,50,1.005729560634852e-06,7
bg,50,9.142018073228882e-07,7
bg,50,4.689075721642333e-07,7
bg,50,6.216686772073417e-07,7
bg,50,3.507147871389772e-07,7
bg,50,5.080860448997114e-07,7
bg,50,5.081662524060959e-07,7
bg,50,5.713146281557855e-07,7
bg,50,8.363081460366403e-07,7
bg,50,3.6025897552143005e-07,7
bg,50,1.1632162371151705e-06,7
bg,50,7.021438627072543e-07,7
bg,50,4.870959535664845e-07,7
bg,50,4.346676107206595e-07,7
bg,50,7.508545197870005e-07,7
bg,50,4.614833172471993e-07,7
bg,50,1.0217255320869195e-06,7
bg,50,5.915663981114275e-07,7
bg,50,4.966075943132363e-07,7
bg,50,5.217070453931725e-07,7
bg,50,6.290000262868271e-07,7
bg,50,4.1644640946889435e-07,7
bg,50,6.701187080270324e-07,7
bg,50,6.436915712527535e-07,7
bg,50,5.574226458712406e-07,7
bg,50,4.667942456201915e-07,7
bg,50,7.942200967903558e-07,7
bg,50,5.553788511842028e-07,7
bg,50,3.223600074425085e-07,7
bg,50,5.789593568466863e-07,7
bg,50,6.183209765640994e-07,7
bg,50,8.395568049846326e-07,7
bg,50,4.217022762661681e-07,7
bg,50,6.59345869264727e-07,7
bg,50,4.176412881901565e-07,7
bg,50,5.445521658928589e-07,7
bg,50,5.020296282403494e-07,7
bg,50,4.273817708586798e-07,7
bg,50,3.4579799716186993e-07,7
bg,50,1.0413231209900298e-06,7
bg,50,9.080120567698784e-07,7
bg,50,6.281989013402564e-07,7
bg,50,6.414147336572193e-07,7
bg,50,6.72813594341938e-07,7
bg,50,7.469692837088937e-07,7
bg,50,4.526675915463828e-07,7
bg,50,6.891528929359773e-07,7
bg,50,3.272812267395552e-07,7
bg,50,5.503853914198416e-07,7
bg,50,4.46367343462519e-07,7
bg,50,5.575451830101682e-07,7
bg,50,4.697772012795441e-07,7
bg,50,3.5522372264744914e-07,7
bg,50,4.46183698138174e-07,7
bg,50,5.073257806675814e-07,7
bg,50,4.637923097037443e-07,7
bg,50,5.205583850868226e-07,7
bg,50,5.663627335754261e-07,7
bg,50,4.548147341579538e-07,7
bg,50,9.042366796053168e-07,7
bg,50,5.309163122617231e-07,7
bg,50,1.0384702101868608e-06,7
bg,50,7.108968602585565e-07,7
bg,50,7.845029353219679e-07,7
bg,50,6.918690510516102e-07,7
bg,50,4.39268771880956e-07,7
bg,50,4.428422007232169e-07,7
bg,50,5.666108022418279e-07,7
bg,50,4.673959605912902e-07,7
bg,50,3.435478773055098e-07,7
bg,50,1.1639855883923478e-06,7
bg,50,4.750700051224014e-07,7
bg,50,5.513048683057758e-07,7
bg,50,8.236753308647613e-07,7
bg,50,4.614086232392182e-07,7
bg,50,3.484231253559223e-07,7
bg,50,5.100377291727216e-07,7
bg,50,7.241625758664578e-07,7
bg,50,1.0820599621836594e-06,7
bg,50,2.4031188016690705e-07,7
bg,50,7.033786631325845e-07,7
bg,50,3.412883197692355e-07,7
bg,50,5.715777475417613e-07,7
bg,50,7.574781929377686e-07,7
bg,50,6.497018272525999e-07,7
bg,50,6.847722163748626e-07,7
bg,50,4.280604474989117e-07,7
bg,50,3.7519640425076e-07,7
bg,50,8.894852676102121e-07,7
bg,50,3.924699159855261e-07,7
bg,50,4.456528350840617e-07,7
bg,50,6.784917859410743e-07,7
bg,50,8.442818621277195e-07,7
bg,50,7.844460994376764e-07,7
bg,50,6.121413945576854e-07,7
bg,50,5.060944235507146e-07,7
bg,50,3.395065110169281e-07,7
bg,50,1.091248598373724e-06,7
bg,50,7.301680433738613e-07,7
bg,50,8.772424037961846e-07,7
bg,50,4.166592111082712e-07,7
bg,50,4.225025903405704e-07,7
bg,50,6.207467384503135e-07,7
bg,50,7.837455587174159e-07,7
bg,50,5.925637827937156e-07,7
bg,50,7.164050342657547e-07,7
bg,50,5.34979868832146e-07,7
bg,50,6.124289123872219e-07,7
bg,50,3.455691131999055e-07,7
bg,50,5.399142773253776e-07,7
bg,50,7.273503507202321e-07,7
bg,50,2.2769645150925857e-07,7
bg,50,5.669506301964216e-07,7
bg,50,3.9797857319573394e-07,7
bg,50,9.856185370992553e-07,7
bg,50,4.487732895970013e-07,7
bg,50,7.761465988136551e-07,7
bg,50,5.396991959034807e-07,7
bg,50,3.8664319919889587e-07,7
bg,50,6.853550330478447e-07,7
bg,50,4.996502347138984e-07,7
bg,50,4.345338240159674e-07,7
bg,50,6.204268530958666e-07,7
bg,50,6.312674988685139e-07,7
bg,50,3.749647744905238e-07,7
bg,50,2.424616983478532e-07,7
bg,50,8.16937425617499e-07,7
bg,50,5.05429412149559e-07,7
bg,50,9.125360712586106e-07,7
bg,50,9.253439828925308e-07,7
bg,50,2.7814548582091026e-07,7
bg,50,7.040781820680865e-07,7
bg,50,8.365149198720051e-07,7
bg,50,6.044643788357463e-07,7
bg,50,4.65303338260682e-07,7
bg,50,3.441170709503873e-07,7
bg,50,4.106511373860923e-07,7
bg,50,8.065120523974208e-07,7
bg,50,2.972033969571645e-07,7
bg,50,5.612800983160727e-07,7
bg,50,6.830706748969879e-07,7
bg,50,6.298719044605226e-07,7
bg,50,3.686471799351926e-07,7
bg,50,3.9011614084127786e-07,7
bg,50,5.482184350751553e-07,7
bg,50,6.962294198835563e-07,7
bg,50,5.31292989704429e-07,7
bg,50,5.555548882086503e-07,7
bg,50,3.333199594638069e-07,7
bg,50,5.694645481717734e-07,7
bg,50,7.659064903001664e-07,7
bg,50,7.153875946422637e-07,7
ag,50,0.000371666362831,8
ag,50,0.008403776623185,8
ag,50,0.0175712960772879,8
ag,50,0.0289241628621788,8
ag,50,0.0801213678205321,8
ag,50,0.0300878891933192,8
ag,50,0.0098192680193797,8
ag,50,0.006019934946409,8
ag,50,0.0191720287794108,8
ag,50,0.0026682160763592,8
ag,50,0.0414595157906935,8
ag,50,0.0064603833605262,8
ag,50,0.0227337392100229,8
ag,50,0.0114480778763088,8
ag,50,0.0145313245394222,8
ag,50,0.0021981390815717,8
ag,50,0.0235153664748551,8
ag,50,0.0019393791377116,8
ag,50,0.0034816403332513,8
ag,50,0.0016248081881918,8
ag,50,0.0023006766055135,8
ag,50,0.0470315548814839,8
ag,50,0.0186903424723542,8
ag,50,0.0383763804278847,8
ag,50,0.088303686867695,8
ag,50,0.0089451876334237,8
ag,50,0.0009543782464216,8
ag,50,0.0060082007291364,8
ag,50,0.0102813719674546,8
ag,50,0.0062080286926203,8
ag,50,0.0027714876936121,8
ag,50,0.0430894822372934,8
ag,50,0.0003029461144306,8
ag,50,0.0010592848396731,8
ag,50,0.0027005532133691,8
ag,50,0.0158971600644239,8
ag,50,0.0484110225890108,8
ag,50,0.0027959266343817,8
ag,50,0.0208617428680038,8
ag,50,0.0575258734391685,8
ag,50,0.0103413615192464,8
ag,50,0.0136463154747341,8
ag,50,0.0242283514878938,8
ag,50,0.0064430709890178,8
ag,50,0.0191990310754694,8
ag,50,0.0141086783976776,8
ag,50,0.0006438906454012,8
ag,50,0.0336426166631805,8
ag,50,0.0003133239204742,8
ag,50,0.0012817817628659,8
ag,50,0.0010306863587394,8
ag,50,0.0381331296479188,8
ag,50,0.0017669356892661,8
ag,50,0.0194895354596072,8
ag,50,0.0199347533514618,8
ag,50,0.0160535126850111,8
ag,50,0.0190334247028336,8
ag,50,0.0006124543534438,8
ag,50,0.0022398480188079,8
ag,50,0.0107049070111253,8
ag,50,0.0031563855345234,8
ag,50,0.0170620136800936,8
ag,50,0.0987255480329039,8
ag,50,0.0236633620641438,8
ag,50,0.0039670834998035,8
ag,50,0.0059393009790689,8
ag,50,0.0054841705318578,8
ag,50,0.0016475783753217,8
ag,50,0.0406646744172197,8
ag,50,0.0904410292326309,8
ag,50,0.0167419562042827,8
ag,50,0.0687438203606908,8
ag,50,0.0210664590737029,8
ag,50,0.005552774461327,8
ag,50,0.0862349524657168,8
ag,50,0.0236426934534173,8
ag,50,0.0020464684054171,8
ag,50,0.0272539854658615,8
ag,50,0.0149434900250767,8
ag,50,0.0289453258688154,8
ag,50,0.0016791975259222,8
ag,50,0.0005736344507918,8
ag,50,0.0186082836839488,8
ag,50,0.0007470165468071,8
ag,50,0.0437426064704381,8
ag,50,0.0597879571766098,8
ag,50,0.0208628131348019,8
ag,50,0.0058875699923081,8
ag,50,0.0043256836430541,8
ag,50,0.0021374397173515,8
ag,50,0.0061650087591181,8
ag,50,0.0069017502849619,8
ag,50,0.0004032081187661,8
ag,50,0.0107735577667789,8
ag,50,0.0277107632288924,8
ag,50,0.0005580166424207,8
ag,50,0.0102693689556505,8
ag,50,0.0553925986581669,8
ag,50,0.0127050332433369,8
ag,50,0.006048412212413,8
ag,50,0.0205844241726355,8
ag,50,0.0426473235258492,8
ag,50,0.0009733498106579,8
ag,50,0.0035009212034324,8
ag,50,0.009804248176592,8
ag,50,0.0080318796429779,8
ag,50,0.026038546031538,8
ag,50,0.0247709441703254,8
ag,50,0.0039558570006077,8
ag,50,0.0019510104227652,8
ag,50,0.0027001593521053,8
ag,50,0.0206191971709889,8
ag,50,0.0160137203682314,8
ag,50,0.0047606766879491,8
ag,50,0.0003903216480081,8
ag,50,0.0319026053843825,8
ag,50,0.0139111465847613,8
ag,50,0.001510435657202,8
ag,50,0.0020886690153198,8
ag,50,0.0055920129051858,8
ag,50,0.0088971522362888,8
ag,50,0.0215217469550612,8
ag,50,0.0106428317481905,8
ag,50,0.0037832391786384,8
ag,50,0.0223621073173153,8
ag,50,0.1132983765523377,8
ag,50,0.0230175267723499,8
ag,50,0.0036267608786301,8
ag,50,0.0031458627137015,8
ag,50,0.0003932195646889,8
ag,50,0.0046603158435243,8
ag,50,0.0078871252473122,8
ag,50,0.0832915822817273,8
ag,50,0.0164877030639087,8
ag,50,0.0095705448177949,8
ag,50,0.0266711308080674,8
ag,50,0.0017989820227235,8
ag,50,0.0212976902422778,8
ag,50,0.0168384691099432,8
ag,50,0.0123155945710189,8
ag,50,0.021775981620205,8
ag,50,0.0002934174496924,8
ag,50,0.0030651509938462,8
ag,50,0.0001735772757035,8
ag,50,0.0209303944281912,8
ag,50,0.0057641521344764,8
ag,50,0.0026500119361755,8
ag,50,0.0037255414535679,8
ag,50,0.0109237130820334,8
ag,50,0.0051641541130741,8
ag,50,0.0032177348644724,8
ag,50,0.0141887101051455,8
ag,50,0.0797585809870042,8
ag,50,0.002713995833291,8
ag,50,0.0359089039110503,8
ag,50,0.0051031218037795,8
ag,50,0.0015500422296156,8
ag,50,0.0030663761547199,8
ag,50,0.0075668895751124,8
ag,50,0.0031203189393097,8
ag,50,0.0299211276300969,8
ag,50,0.0124556428471263,8
ag,50,0.0060338136939516,8
ag,50,0.0042159833307018,8
ag,50,0.0185336604594537,8
ag,50,0.0236959448145244,8
ag,50,0.0018872023736335,8
ag,50,0.0076891908934066,8
ag,50,0.0320164689694608,8
ag,50,0.0553652312815798,8
ag,50,0.0018311206296176,8
ag,50,0.003389446842439,8
ag,50,0.0164624484234647,8
ag,50,0.0127509827204846,8
ag,50,0.0223278155457887,8
ag,50,0.0123462894191839,8
ag,50,0.0046737915278396,8
ag,50,0.0028545777594462,8
ag,50,0.0276408259706655,8
ag,50,0.0126827404633263,8
ag,50,0.0120549249728309,8
ag,50,0.0324449619150373,8
ag,50,0.0298889198577767,8
ag,50,0.0103677216185768,8
ag,50,0.019128163716993,8
ag,50,0.0190126744822522,8
ag,50,0.0253401075618571,8
ag,50,0.0013816519592496,8
ag,50,0.0147244064349454,8
ag,50,0.0011448569231639,8
ag,50,0.0482434219764223,8
ag,50,0.2016993061224254,8
ag,50,0.0036482147637344,8
ag,50,0.0058186557413913,8
ag,50,0.0297468432556643,8
ag,50,0.0609178114056575,8
ag,50,0.0115569129104489,8
ag,50,0.0022189740213838,8
ag,50,0.0001579119202568,8
ag,50,0.0016897129289644,8
ag,50,0.0035132536145869,8
ag,50,0.0036822357400819,8
ag,50,0.0031493296240175,8
ag,50,0.0021904380593207,8
ag,50,0.011828238630809,8
ag,50,0.0048630363358309,8
ag,50,0.0176296600963726,8
ag,50,0.0065518499723944,8
ag,50,0.0206815553278351,8
ag,50,0.0116169567080321,8
ag,50,0.0246363527596253,8
ag,50,0.0042129535797215,8
ag,50,0.0069355501604907,8
ag,50,0.0008275154804858,8
ag,50,0.0147249750186706,8
ag,50,0.0006719393892771,8
ag,50,0.0144927462378026,8
ag,50,0.0007745053506454,8
ag,50,0.0067542038784377,8
ag,50,0.0093508948202647,8
ag,50,0.0110286236954032,8
ag,50,0.0131440555236959,8
ag,50,0.0080769210246929,8
ag,50,0.0052244143756742,8
ag,50,0.0067291197237828,8
ag,50,0.00513167028774,8
ag,50,0.0105967368212678,8
ag,50,0.0250137100427766,8
ag,50,0.0036614629689623,8
ag,50,0.0159693619176075,8
ag,50,0.0094092510998464,8
ag,50,0.0326211222863366,8
ag,50,0.0009608752356168,8
ag,50,0.0216510786609847,8
ag,50,0.008939258969304,8
ag,50,0.0023839972234723,8
ag,50,0.0080738433862448,8
ag,50,0.0038163248148104,8
ag,50,0.0395395684146563,8
ag,50,0.0032186274700325,8
ag,50,0.0258242266678431,8
ag,50,0.0176904526068406,8
ag,50,0.0485232798169592,8
ag,50,0.0092632314263479,8
ag,50,0.0104919022167244,8
ag,50,0.0071166795092122,8
ag,50,0.0590023115633174,8
ag,50,0.0185982371754622,8
ag,50,0.0079480400523783,8
ag,50,0.0108935573398759,8
ag,50,0.0011054612816214,8
ag,50,0.0372905239741458,8
ag,50,0.0023735938129576,8
ag,50,0.0415760240324308,8
ag,50,0.0536468871761006,8
ag,50,0.0026162694021094,8
ag,50,0.0124052611593416,8
ag,50,0.0033816640869249,8
ag,50,0.0019633909513753,8
ag,50,0.0067079986565353,8
ag,50,0.0087989624915267,8
ag,50,0.0013382860843274,8
ag,50,0.0023198315163202,8
ag,50,0.008689877508422,8
ag,50,0.0291877477389985,8
ag,50,0.0012831369549598,8
ag,50,0.0368080101688667,8
ag,50,0.0042552026008687,8
ag,50,0.0120587187117868,8
ag,50,0.002986278724729,8
ag,50,0.0608807236144373,8
ag,50,0.0045983364296268,8
ag,50,0.0052538897135287,8
ag,50,0.0118199288901074,8
ag,50,0.0008384798283085,8
ag,50,0.0445677531220751,8
ag,50,0.0019111392567066,8
ag,50,0.0044695243082427,8
ag,50,0.0347784099712839,8
ag,50,0.0079979758910839,8
ag,50,0.0036165137941782,8
ag,50,0.0047160493437775,8
ag,50,0.002649667537769,8
ag,50,0.0288955913105321,8
ag,50,0.0024567445723147,8
ag,50,0.0035383462628047,8
ag,50,0.0052126084002926,8
ag,50,0.0062404396571361,8
ag,50,0.004547307358174,8
ag,50,0.0137851872617987,8
ag,50,0.0079847566739599,8
ag,50,0.0011327920148227,8
ag,50,0.0020178725963046,8
ag,50,0.0001124074990033,8
ag,50,0.0021208444398533,8
ag,50,0.025392471855379,8
ag,50,0.0020298580876397,8
ag,50,0.0071381723296277,8
ag,50,0.0332525399528678,8
ag,50,0.0062020276928843,8
ag,50,0.0158510459335481,8
ag,50,0.0085897185605503,8
ag,50,0.0209756415358442,8
ag,50,0.0312537652243018,8
ag,50,0.0353684435116652,8
ag,50,0.0268096495950938,8
ag,50,0.0032753678024162,8
ag,50,0.0143211058814052,8
ag,50,0.0270441884123961,8
ag,50,0.0020794283275779,8
ag,50,0.0016128527180172,8
ag,50,0.0389252947615768,8
ag,50,0.0077342445181427,8
ag,50,0.1070235404955467,8
ag,50,0.0043307521879996,8
ag,50,0.0326952901365686,8
ag,50,0.0015798481448483,8
ag,50,0.0423980054438907,8
ag,50,0.0383890382094861,8
ag,50,0.0196535524607647,8
ag,50,0.0035714869808524,8
ag,50,0.0033734278438912,8
ag,50,0.010445514311875,8
ag,50,0.0062846102761287,8
ag,50,0.0385042777022102,8
ag,50,0.0032084861455312,8
ag,50,0.0112048592775086,8
ag,50,0.0038441457612173,8
ag,50,0.0051137522197313,8
ag,50,0.0114301309314479,8
ag,50,0.0005681747235871,8
ag,50,0.0151826412260523,8
ag,50,0.023252426213087,8
ag,50,0.0207751508911196,8
ag,50,0.0195469217238584,8
ag,50,0.0023252706796741,8
ag,50,0.0081720832259198,8
ag,50,0.0040665877897593,8
ag,50,0.0012684715018614,8
ag,50,0.0018256536687838,8
ag,50,0.0012608193095679,8
ag,50,0.0170583593015673,8
ag,50,0.0049511965172133,8
ag,50,0.0029507466267908,8
ag,50,0.0183252439159047,8
ag,50,0.0010073841361521,8
ag,50,0.016433712825198,8
ag,50,0.0467710279495081,8
ag,50,0.0050311469174847,8
ag,50,0.0107322828815686,8
ag,50,0.0552930118937726,8
ag,50,0.002687580698686,8
ag,50,0.0048073777835316,8
ag,50,0.018026190612234,8
ag,50,0.0135245491747614,8
ag,50,0.004952229114632,8
ag,50,0.0038721191755568,8
ag,50,0.0179976004816394,8
ag,50,0.0031022962439006,8
ag,50,0.0003342616550877,8
ag,50,0.0027449177550032,8
ag,50,0.0021267735222395,8
ag,50,0.0065047394414313,8
ag,50,0.0592685288845327,8
ag,50,0.0001602709918906,8
ag,50,0.0,8
ag,50,0.0842112851155041,8
ag,50,0.0475538467600479,8
ag,50,0.0011855493301226,8
ag,50,0.020762590678176,8
ag,50,0.0,8
ag,50,0.0087967276738696,8
ag,50,0.0085678152829056,8
ag,50,0.0720624727710293,8
ag,50,0.000191751306446,8
ag,50,0.0477459107603353,8
ag,50,0.0208661264602231,8
ag,50,0.0111590178763469,8
ag,50,0.0329580158378529,8
ag,50,0.0201362813477827,8
ag,50,0.0023686492919164,8
ag,50,0.0105731162711324,8
ag,50,0.0036580900452264,8
ag,50,0.0706891964229356,8
ag,50,0.0081765173449596,8
ag,50,0.0069663013002047,8
ag,50,0.0024531738691901,8
ag,50,0.0318530789877042,8
ag,50,0.0541649571531564,8
ag,50,0.0065521214755041,8
ag,50,0.0016272164969141,8
ag,50,0.2231562652071986,8
ag,50,0.001844876184484,8
ag,50,0.0495556081227708,8
ag,50,0.0081925603396953,8
ag,50,0.1318981744176879,8
ag,50,0.0034463971058936,8
ag,50,0.0284241979277462,8
ag,50,0.0177288969142029,8
ag,50,0.0104014628049814,8
ag,50,0.0320113765520618,8
ag,50,0.0115741795431034,8
ag,50,0.0117534691092843,8
ag,50,0.0205384848158582,8
ag,50,0.0091480280481757,8
ag,50,0.00686929886959,8
ag,50,0.0096028844477967,8
ag,50,0.0217685537704109,8
ag,50,0.01396829215205,8
ag,50,0.0052762531002172,8
ag,50,0.0321914443354111,8
ag,50,0.011885025449629,8
ag,50,0.0110029329730919,8
ag,50,0.0024063577599595,8
ag,50,0.002581562391913,8
ag,50,0.0110302417578502,8
ag,50,0.0202032947705708,8
ag,50,0.0020367893887088,8
ag,50,0.0140126559868651,8
ag,50,0.0138869786669803,8
ag,50,0.0248378070933448,8
ag,50,0.0727251735681045,8
ag,50,0.0034691738363201,8
ag,50,0.0022729400014548,8
ag,50,0.0039414166355566,8
ag,50,0.0189504887322167,8
ag,50,0.0008089513288021,8
ag,50,0.0371986252033507,8
ag,50,0.0109040975666631,8
ag,50,0.0131186944040813,8
ag,50,0.0010505206543055,8
ag,50,0.007038518148977,8
ag,50,0.0202630461488043,8
ag,50,0.0048950218503465,8
ag,50,0.020551177460726,8
ag,50,0.0041632969866043,8
ag,50,0.0157487822086146,8
ag,50,0.0032011818116593,8
ag,50,0.0777439970128772,8
ag,50,0.0052640575805566,8
ag,50,0.0062248647495208,8
ag,50,0.0019314640301893,8
ag,50,0.0029898858704979,8
ag,50,0.0097005089425389,8
ag,50,0.0038360972061201,8
ag,50,0.0186663445753807,8
ag,50,0.005457132700235,8
ag,50,0.0341855342054163,8
ag,50,0.0017907036736115,8
ag,50,0.0241963338988818,8
ag,50,0.0554973020907265,8
ag,50,0.0356999244563294,8
ag,50,0.006875970179554,8
ag,50,0.004242764234615,8
ag,50,0.0032261309272721,8
ag,50,0.0022616711884804,8
ag,50,0.054766818174975,8
ag,50,0.0041027835401284,8
ag,50,0.0039839584188273,8
ag,50,0.0166736577676944,8
ag,50,0.0343818174071364,8
ag,50,0.01563975507749,8
ag,50,0.0025194635924648,8
ag,50,0.0825242940292702,8
ag,50,0.0232588576716868,8
ag,50,0.0183910711455994,8
ag,50,0.0167981129682737,8
ag,50,0.0745845061847618,8
ag,50,0.0151169990217672,8
ag,50,0.0044807952434194,8
ag,50,0.0020269146880535,8
ag,50,0.0024702083365795,8
ag,50,0.0020759061254681,8
ag,50,0.0032243528282056,8
ag,50,0.0106660555974907,8
ag,50,0.0123055038362802,8
ag,50,0.0040672836969178,8
ag,50,0.0035759622924903,8
ag,50,0.0061846313142828,8
ag,50,0.0013306692527977,8
ag,50,0.025897493238318,8
ag,50,0.0009759994886848,8
ag,50,0.447510533174635,8
ag,50,0.0070051604821568,8
ag,50,0.0035821382090987,8
ag,50,0.0295646548453328,8
ag,50,0.002106155079996,8
ag,50,0.0261154448615525,8
ag,50,0.070230553642966,8
ag,50,0.0086412582671883,8
ag,50,0.058103271428654,8
ag,50,0.0152339080067935,8
ag,50,0.0267552924364327,8
ag,50,0.0023895852398045,8
ag,50,0.0087576442566195,8
ag,50,0.0036317446425105,8
ag,50,0.0032348823223988,8
ag,50,0.0014168298938329,8
ag,50,0.0042178247541102,8
ag,50,0.0131618068181003,8
nag,50,0.000426973987933,8
nag,50,0.0001484374142271,8
nag,50,0.0001256398914646,8
nag,50,0.0001314495994364,8
nag,50,0.0005253523229613,8
nag,50,0.0003407207040116,8
nag,50,0.000348643140033,8
nag,50,0.0006496453861155,8
nag,50,0.0005653733290141,8
nag,50,1.3241435030962726e-05,8
nag,50,0.0006466998461428,8
nag,50,2.3797664493319553e-05,8
nag,50,4.341917858990826e-05,8
nag,50,1.6454512042794384e-05,8
nag,50,0.0002736785949808,8
nag,50,0.0001360832233192,8
nag,50,7.203902082647137e-05,8
nag,50,0.0008487145436681,8
nag,50,0.000113153330374,8
nag,50,0.0001615672782828,8
nag,50,6.983603872297767e-06,8
nag,50,0.0,8
nag,50,2.9536473072309777e-05,8
nag,50,4.612895294403126e-05,8
nag,50,0.0,8
nag,50,7.848384831058457e-05,8
nag,50,9.541187753599718e-05,8
nag,50,0.0,8
nag,50,0.0017662925446207,8
nag,50,0.0002807930186695,8
nag,50,7.495899087516383e-05,8
nag,50,9.574778857070652e-06,8
nag,50,0.0009468701048799,8
nag,50,0.0,8
nag,50,0.0002065666370045,8
nag,50,6.806832841915991e-05,8
nag,50,0.0,8
nag,50,2.431657734437577e-05,8
nag,50,1.1690885943363523e-05,8
nag,50,3.2926441338374005e-05,8
nag,50,0.0007462559203054,8
nag,50,0.0002374410112915,8
nag,50,0.0001526650843182,8
nag,50,3.1172011688267974e-05,8
nag,50,3.2731830291174365e-05,8
nag,50,3.2862223028007336e-05,8
nag,50,4.354777871595645e-05,8
nag,50,4.116650972462826e-05,8
nag,50,0.0002023059458729,8
nag,50,4.022812842363416e-05,8
nag,50,2.8090509974769378e-05,8
nag,50,2.8552190228778022e-05,8
nag,50,7.864412603017841e-05,8
nag,50,1.7143312079767273e-05,8
nag,50,6.602010673840396e-05,8
nag,50,1.6740771112760758e-05,8
nag,50,0.0003113847005048,8
nag,50,3.618267915174168e-05,8
nag,50,2.28608421228505e-05,8
nag,50,0.0,8
nag,50,0.0,8
nag,50,0.0001981566680597,8
nag,50,0.0001678011233485,8
nag,50,8.579138459578239e-05,8
nag,50,2.389576176043383e-05,8
nag,50,9.060330894764618e-05,8
nag,50,0.0005199862663038,8
nag,50,2.6418525038747075e-05,8
nag,50,0.0005528388510432,8
nag,50,0.0002442003432649,8
nag,50,0.0002933529168424,8
nag,50,0.000248288422773,8
nag,50,0.0004150641912046,8
nag,50,0.0003937233059229,8
nag,50,0.0001427397332065,8
nag,50,7.297603739966755e-05,8
nag,50,0.0,8
nag,50,0.0002966297806218,8
nag,50,7.704481197097059e-05,8
nag,50,0.0001274130211382,8
nag,50,6.320379349188895e-05,8
nag,50,0.0002181738521271,8
nag,50,1.7093578206640987e-05,8
nag,50,3.586595102934074e-05,8
nag,50,4.98146679957025e-05,8
nag,50,1.2996386833035606e-05,8
nag,50,0.0002926681515432,8
nag,50,9.030049949380146e-05,8
nag,50,8.291315827281057e-05,8
nag,50,0.0001390862565465,8
nag,50,9.046727579135884e-05,8
nag,50,5.582773166012018e-05,8
nag,50,0.0003990356296225,8
nag,50,2.0128168711313777e-05,8
nag,50,0.0002513720932219,8
nag,50,0.0002884963750859,8
nag,50,0.000123118242326,8
nag,50,0.0,8
nag,50,0.0001428784079481,8
nag,50,4.371604717819111e-05,8
nag,50,0.0,8
nag,50,9.879419064335188e-05,8
nag,50,0.0018184330378627,8
nag,50,0.0007810623758524,8
nag,50,3.6158640954832905e-05,8
nag,50,8.841721485791624e-05,8
nag,50,8.226807822008084e-05,8
nag,50,0.0,8
nag,50,6.942412387283044e-05,8
nag,50,0.0,8
nag,50,5.678443413680009e-06,8
nag,50,0.0001765837189906,8
nag,50,2.7561038448677767e-05,8
nag,50,4.884221766015363e-05,8
nag,50,2.6909330983320344e-05,8
nag,50,0.0,8
nag,50,1.2802894564084852e-05,8
nag,50,0.000528584731372,8
nag,50,0.0002311146734441,8
nag,50,0.0001317857211172,8
nag,50,0.0003247299112201,8
nag,50,0.0001150636303098,8
nag,50,0.0001408859946796,8
nag,50,5.406045399670699e-05,8
nag,50,0.0,8
nag,50,0.001000840159901,8
nag,50,4.137304679527341e-05,8
nag,50,3.2235281925624975e-05,8
nag,50,0.0002124728931246,8
nag,50,0.0001111971742068,8
nag,50,3.961976715600184e-05,8
nag,50,0.0001883244257087,8
nag,50,0.0001940710367025,8
nag,50,8.401785339615876e-05,8
nag,50,3.183433098450093e-05,8
nag,50,4.683323411579526e-06,8
nag,50,0.0002068768039817,8
nag,50,3.12334095648313e-05,8
nag,50,0.0003570537479217,8
nag,50,3.064724205913768e-05,8
nag,50,5.046784579353705e-05,8
nag,50,3.384856429927387e-05,8
nag,50,0.0,8
nag,50,0.0,8
nag,50,5.751412675462798e-05,8
nag,50,0.0018220732455014,8
nag,50,3.4721303731440045e-05,8
nag,50,2.9046973156354487e-05,8
nag,50,7.024419656369102e-05,8
nag,50,0.0001659115637625,8
nag,50,4.554230813579945e-05,8
nag,50,0.0001791521116033,8
nag,50,0.0001729836074096,8
nag,50,1.2462539913158548e-05,8
nag,50,6.645798415903845e-05,8
nag,50,1.1134869079171347e-05,8
nag,50,0.0003304108344075,8
nag,50,0.000385293004721,8
nag,50,0.0001456552175627,8
nag,50,0.0005805273147133,8
nag,50,0.0004549652087067,8
nag,50,0.0,8
nag,50,0.0001431999920173,8
nag,50,0.0002793662638738,8
nag,50,0.0001126207354907,8
nag,50,9.568550108102464e-05,8
nag,50,2.3999648464638535e-05,8
nag,50,6.596260554096842e-05,8
nag,50,0.0004012060520875,8
nag,50,0.0002973213487139,8
nag,50,0.0001070713782951,8
nag,50,7.05757892857004e-06,8
nag,50,0.0008207464446297,8
nag,50,0.0012798490308033,8
nag,50,0.0002085057718671,8
nag,50,0.0002406977561208,8
nag,50,0.0007243561203088,8
nag,50,3.171192870375706e-05,8
nag,50,0.000602580468249,8
nag,50,0.0004228320752904,8
nag,50,0.000101769032493,8
nag,50,0.0002409470731077,8
nag,50,0.000386272760095,8
nag,50,0.0001956995810842,8
nag,50,0.0,8
nag,50,0.0004844473531441,8
nag,50,7.785945249796607e-05,8
nag,50,6.159123795119365e-05,8
nag,50,0.0001288503653122,8
nag,50,0.0,8
nag,50,1.437328108397045e-05,8
nag,50,6.874506397804258e-05,8
nag,50,0.0001333018023518,8
nag,50,1.66211835260143e-05,8
nag,50,0.0001858708210985,8
nag,50,0.0001513930865834,8
nag,50,0.0001613306464943,8
nag,50,0.0,8
nag,50,0.0001188267875831,8
nag,50,0.0002558086936064,8
nag,50,0.0003092027560464,8
nag,50,3.5702877000138544e-05,8
nag,50,0.0005889175062695,8
nag,50,0.0005022239280501,8
nag,50,0.0003874020849079,8
nag,50,9.89698629586216e-05,8
nag,50,0.0001892473292064,8
nag,50,0.0001057195949455,8
nag,50,0.0002404320155063,8
nag,50,0.0001461061883537,8
nag,50,0.0014759658071097,8
nag,50,0.0002471113580007,8
nag,50,0.0001208596106131,8
nag,50,0.0,8
nag,50,0.0002862817422091,8
nag,50,0.0003341752500178,8
nag,50,0.0001732217654108,8
nag,50,0.0001011038731108,8
nag,50,5.292266001165675e-05,8
nag,50,0.0,8
nag,50,0.0009319402419843,8
nag,50,0.0001385969089847,8
nag,50,0.0003962560581767,8
nag,50,4.509001781577144e-05,8
nag,50,8.36841661813027e-05,8
nag,50,5.513073903448818e-05,8
nag,50,0.0003173200306763,8
nag,50,3.0898750439600036e-05,8
nag,50,0.0,8
nag,50,0.0002030914816426,8
nag,50,3.552186332499407e-05,8
nag,50,0.0,8
nag,50,0.0001671131357812,8
nag,50,2.626580440871289e-05,8
nag,50,0.0001141651800563,8
nag,50,0.0,8
nag,50,0.0,8
nag,50,0.00022074871464,8
nag,50,3.6607767298072136e-05,8
nag,50,0.0,8
nag,50,6.90811694480049e-05,8
nag,50,5.6129522620421715e-05,8
nag,50,0.0002637220426842,8
nag,50,9.689556691472136e-05,8
nag,50,0.0,8
nag,50,0.0001515483963041,8
nag,50,0.0001307421527337,8
nag,50,0.0001653315275698,8
nag,50,0.0,8
nag,50,0.0002363258177855,8
nag,50,0.0001075919852966,8
nag,50,0.0001375287829783,8
nag,50,0.0,8
nag,50,0.0001235451355002,8
nag,50,0.0001938110960724,8
nag,50,0.0005480069959033,8
nag,50,9.967230019655284e-05,8
nag,50,0.0,8
nag,50,5.400624407693087e-05,8
nag,50,1.2994572249349152e-05,8
nag,50,0.0,8
nag,50,7.080989870503363e-05,8
nag,50,3.0204952727298577e-05,8
nag,50,0.0005887219076334,8
nag,50,0.0,8
nag,50,0.0004325755685164,8
nag,50,0.0001890137584566,8
nag,50,0.0001846702718406,8
nag,50,0.0001581540141652,8
nag,50,3.799213731238014e-05,8
nag,50,0.0005779936667233,8
nag,50,0.0007267879404781,8
nag,50,0.0005415001286619,8
nag,50,3.4225401999581455e-05,8
nag,50,0.0001040008581302,8
nag,50,0.0,8
nag,50,5.870016352003442e-05,8
nag,50,0.0001334564049212,8
nag,50,0.0003196773478931,8
nag,50,0.0001704547288261,8
nag,50,0.0001791797843606,8
nag,50,0.0,8
nag,50,2.542726131990791e-05,8
nag,50,0.0001298215732887,8
nag,50,0.0003502212893437,8
nag,50,8.001059596725718e-05,8
nag,50,4.880714911148067e-05,8
nag,50,2.025139190290133e-05,8
nag,50,0.0001245359367312,8
nag,50,0.0,8
nag,50,0.0,8
nag,50,4.087015183981839e-05,8
nag,50,0.0001642109653394,8
nag,50,0.0002303872888325,8
nag,50,9.475778358545592e-05,8
nag,50,0.0006056834987561,8
nag,50,0.0004886836999854,8
nag,50,0.0002290044192392,8
nag,50,0.0006794565796113,8
nag,50,0.0006449884214339,8
nag,50,0.0002483503489193,8
nag,50,5.835395755235589e-05,8
nag,50,2.167971860179757e-05,8
nag,50,0.0003552656159719,8
nag,50,0.000168277910809,8
nag,50,0.0,8
nag,50,0.0,8
nag,50,0.0002494932831359,8
nag,50,0.000294594312393,8
nag,50,9.143534978448456e-05,8
nag,50,7.767857485142037e-05,8
nag,50,0.0003059979494725,8
nag,50,0.0002108220607006,8
nag,50,6.497101646672677e-05,8
nag,50,1.674501459472267e-05,8
nag,50,0.0,8
nag,50,4.107882705586186e-05,8
nag,50,1.911308896449016e-05,8
nag,50,1.8252696759779807e-05,8
nag,50,3.840806746868198e-05,8
nag,50,0.0001267594707384,8
nag,50,0.0004891673280457,8
nag,50,4.536755449280937e-05,8
nag,50,8.256944480602371e-05,8
nag,50,0.0015014822373343,8
nag,50,0.0001327606001465,8
nag,50,0.0003297085470654,8
nag,50,0.0001053131527874,8
nag,50,0.0,8
nag,50,0.0005079668032246,8
nag,50,0.0004202852929977,8
nag,50,0.0007306242743629,8
nag,50,0.0002149852111806,8
nag,50,0.000425382939688,8
nag,50,0.0,8
nag,50,1.1827640375567347e-05,8
nag,50,1.399611681125334e-05,8
nag,50,0.0001887951583061,8
nag,50,7.929771628893523e-05,8
nag,50,0.0,8
nag,50,0.0,8
nag,50,2.4739942806918085e-05,8
nag,50,0.0002077752773625,8
nag,50,0.0004993136667278,8
nag,50,0.0001466417090795,8
nag,50,5.284596795540417e-05,8
nag,50,0.0004135765780283,8
nag,50,0.0001454880095315,8
nag,50,0.0003602291521109,8
nag,50,0.000103422910544,8
nag,50,0.0003390857381496,8
nag,50,3.075330117681283e-05,8
nag,50,3.3826469997510946e-05,8
nag,50,0.0005702992316005,8
nag,50,2.5285531721739883e-05,8
nag,50,3.606746177897174e-05,8
nag,50,0.0001704423319051,8
nag,50,0.0,8
nag,50,0.0001546516018866,8
nag,50,5.329760811021221e-05,8
nag,50,0.0003408788322324,8
nag,50,0.0007619229859878,8
nag,50,0.0001576941835814,8
nag,50,0.0003246277550606,8
nag,50,0.0,8
nag,50,0.0002593008571275,8
nag,50,6.110340026975922e-05,8
nag,50,0.0,8
nag,50,0.0003471144556136,8
nag,50,3.342431087442272e-05,8
nag,50,9.35536705256857e-05,8
nag,50,9.64773752182389e-05,8
nag,50,0.0002307452788652,8
nag,50,0.0001691137679655,8
nag,50,0.0,8
nag,50,0.0009338722228519,8
nag,50,0.0001305821926147,8
nag,50,0.0,8
nag,50,0.0004694533618807,8
nag,50,2.8536669705615795e-05,8
nag,50,0.0004112156128546,8
nag,50,0.0001190118230665,8
nag,50,4.478807420350152e-05,8
nag,50,1.7144776765115354e-05,8
nag,50,4.003928081041906e-05,8
nag,50,0.0005940561195483,8
nag,50,0.0,8
nag,50,0.0,8
nag,50,0.0002566715878275,8
nag,50,6.524249456843598e-05,8
nag,50,7.002411066460845e-05,8
nag,50,0.000629514107801,8
nag,50,0.0003036633251388,8
nag,50,0.0001012042172483,8
nag,50,0.0002721419326436,8
nag,50,8.731538906826028e-05,8
nag,50,0.0002356163595281,8
nag,50,0.0001946091172951,8
nag,50,0.0002463756794204,8
nag,50,1.7707914374169922e-05,8
nag,50,8.889326852554833e-05,8
nag,50,0.000839656690952,8
nag,50,0.0001727221229184,8
nag,50,3.2669652827549325e-05,8
nag,50,9.866042792128942e-05,8
nag,50,0.0002831201837188,8
nag,50,0.0001111775057035,8
nag,50,0.0001151405521384,8
nag,50,0.0002616644589088,8
nag,50,0.0001576614307561,8
nag,50,4.1905705402512274e-05,8
nag,50,0.0006915453830335,8
nag,50,9.59649034550576e-05,8
nag,50,0.0001926372707477,8
nag,50,3.961672031598744e-05,8
nag,50,0.0010345821986556,8
nag,50,0.0002337974619424,8
nag,50,4.6436884362997805e-05,8
nag,50,0.0003627202442234,8
nag,50,0.0,8
nag,50,0.0002829771910961,8
nag,50,1.779227087861144e-05,8
nag,50,7.681094400335516e-05,8
nag,50,5.4643369013957776e-05,8
nag,50,8.099393230561436e-06,8
nag,50,6.368124608184382e-05,8
nag,50,0.0004908026042989,8
nag,50,2.4136637996776083e-05,8
nag,50,0.0001262860078274,8
nag,50,8.839111607331726e-05,8
nag,50,5.7347125540471226e-05,8
nag,50,0.0003714676126667,8
nag,50,6.984373607070337e-05,8
nag,50,8.60700119096418e-05,8
nag,50,0.0003310651802587,8
nag,50,0.0001208534743284,8
nag,50,0.0002905786519846,8
nag,50,0.0,8
nag,50,0.0,8
nag,50,3.955112159991472e-05,8
nag,50,2.8820786621217123e-05,8
nag,50,0.0001641607986198,8
nag,50,0.0001333331954806,8
nag,50,0.000177674137347,8
nag,50,0.0002262578041935,8
nag,50,3.773467584719571e-05,8
nag,50,0.0001686822285569,8
nag,50,0.0,8
nag,50,0.0001371686950155,8
nag,50,5.3523243026828136e-05,8
nag,50,8.654174685679208e-05,8
nag,50,8.49924268153853e-05,8
nag,50,4.891494130127953e-05,8
nag,50,0.0002442458034278,8
nag,50,7.184232615506492e-05,8
nag,50,0.0,8
nag,50,0.0001009457713904,8
nag,50,0.0,8
nag,50,4.833256388755235e-05,8
nag,50,0.0010542723782411,8
nag,50,0.0,8
nag,50,0.0010129727929342,8
nag,50,0.0,8
nag,50,0.000874354179501,8
nag,50,0.0003975286303833,8
nag,50,0.0001930015458486,8
nag,50,3.0590475763107266e-05,8
nag,50,0.0009045615266853,8
nag,50,0.0002413832438519,8
nag,50,0.0002106607008852,8
nag,50,1.8968312292236425e-05,8
nag,50,2.426978039410713e-05,8
nag,50,8.37291507810591e-05,8
nag,50,0.0004248613237149,8
nag,50,2.159669076875712e-05,8
nag,50,4.950314827252619e-05,8
nag,50,3.805079912148731e-05,8
nag,50,0.0001146630163331,8
nag,50,0.0,8
nag,50,2.4805013713915183e-05,8
nag,50,2.4538381618716965e-05,8
nag,50,0.0003148831568914,8
nag,50,5.2306811368519175e-05,8
nag,50,0.0001345395738196,8
nag,50,0.0005581823780188,8
nag,50,0.0,8
nag,50,5.443733574267317e-05,8
nag,50,0.0001192845254069,8
nag,50,0.0006277045318048,8
nag,50,4.931095401736643e-05,8
nag,50,0.0007797692338553,8
nag,50,5.760170624344729e-05,8
nag,50,0.0001882740214711,8
nag,50,0.0,8
nag,50,0.0001080452809145,8
nag,50,0.00067049414906,8
nag,50,0.0002229362711597,8
nag,50,7.819901917431008e-06,8
nag,50,0.0001683116597807,8
nag,50,8.479028860002446e-05,8
bg,50,5.313848803183263e-07,8
bg,50,4.0260494644937307e-07,8
bg,50,4.996793189557404e-07,8
bg,50,3.3948546781972794e-07,8
bg,50,5.339109510124009e-07,8
bg,50,8.954913651721301e-07,8
bg,50,5.6631723631615e-07,8
bg,50,6.787031674026042e-07,8
bg,50,3.3965165379682905e-07,8
bg,50,8.365840161811265e-07,8
bg,50,6.084440167746842e-07,8
bg,50,9.010568480146328e-07,8
bg,50,4.990491701791599e-07,8
bg,50,5.952011941785853e-07,8
bg,50,4.923717233076454e-07,8
bg,50,6.708249946830608e-07,8
bg,50,6.745282149364967e-07,8
bg,50,2.541547071215497e-07,8
bg,50,4.886581089809992e-07,8
bg,50,3.442277309370885e-07,8
bg,50,4.979937000057166e-07,8
bg,50,6.860015319631366e-07,8
bg,50,3.7095704788215434e-07,8
bg,50,3.750394213060043e-07,8
bg,50,3.6802415529814667e-07,8
bg,50,7.985796989336857e-07,8
bg,50,5.110917468256392e-07,8
bg,50,4.595292621041582e-07,8
bg,50,2.398254051070803e-07,8
bg,50,4.393774618799752e-07,8
bg,50,3.547686698318368e-07,8
bg,50,3.977375218008678e-07,8
bg,50,4.386085726974581e-07,8
bg,50,4.186110009991286e-07,8
bg,50,4.061888044370954e-07,8
bg,50,8.202110228528583e-07,8
bg,50,8.665069272463664e-07,8
bg,50,4.534890481126813e-07,8
bg,50,4.381484397488259e-07,8
bg,50,7.74418915643843e-07,8
bg,50,6.595111295094096e-07,8
bg,50,5.487896904459877e-07,8
bg,50,4.1902691919648433e-07,8
bg,50,5.481312196803837e-07,8
bg,50,4.575708146534801e-07,8
bg,50,5.279603405593408e-07,8
bg,50,5.439238681871004e-07,8
bg,50,5.502070888837931e-07,8
bg,50,4.819017868989949e-07,8
bg,50,3.096411468923342e-07,8
bg,50,6.532357926407602e-07,8
bg,50,3.595116975718759e-07,8
bg,50,5.10265201004355e-07,8
bg,50,6.848875069971275e-07,8
bg,50,7.416023171143872e-07,8
bg,50,3.9856268541009475e-07,8
bg,50,4.619824338105149e-07,8
bg,50,5.376101575008704e-07,8
bg,50,5.34061916324889e-07,8
bg,50,6.5917978662588e-07,8
bg,50,6.855294147537885e-07,8
bg,50,3.556494799392814e-07,8
bg,50,6.439023836991602e-07,8
bg,50,7.018268286629643e-07,8
bg,50,3.422460786688933e-07,8
bg,50,8.893523081624892e-07,8
bg,50,8.194605821490932e-07,8
bg,50,8.7799028736121e-07,8
bg,50,4.510701973006713e-07,8
bg,50,3.91718691528375e-07,8
bg,50,4.23567126327369e-07,8
bg,50,5.811287308305842e-07,8
bg,50,6.661129211208137e-07,8
bg,50,4.68495684350516e-07,8
bg,50,6.249407831152e-07,8
bg,50,4.533791531919607e-07,8
bg,50,3.99903293636588e-07,8
bg,50,6.336239305549428e-07,8
bg,50,9.752263130922688e-07,8
bg,50,6.826248262070567e-07,8
bg,50,5.885344505739892e-07,8
bg,50,6.8649559994517e-07,8
bg,50,2.598225178408523e-07,8
bg,50,9.36224515731851e-07,8
bg,50,6.655939648565274e-07,8
bg,50,4.1061077253028714e-07,8
bg,50,4.802830884493586e-07,8
bg,50,6.05423078356061e-07,8
bg,50,5.091413769571734e-07,8
bg,50,7.622789216551434e-07,8
bg,50,3.711262034062298e-07,8
bg,50,5.838595814739931e-07,8
bg,50,7.850011998867511e-07,8
bg,50,4.161079412931082e-07,8
bg,50,3.558775514159073e-07,8
bg,50,4.614054549421954e-07,8
bg,50,7.890899900167922e-07,8
bg,50,2.962870933449073e-07,8
bg,50,4.2230679950351313e-07,8
bg,50,3.7343190725646073e-07,8
bg,50,5.091090259211136e-07,8
bg,50,3.782998859134842e-07,8
bg,50,4.941564820683998e-07,8
bg,50,5.228528042361107e-07,8
bg,50,5.153452939971658e-07,8
bg,50,1.112706012232093e-06,8
bg,50,6.338310458626549e-07,8
bg,50,5.031334702518951e-07,8
bg,50,6.686554046497443e-07,8
bg,50,5.889454828680149e-07,8
bg,50,5.089493830426438e-07,8
bg,50,5.545996000390868e-07,8
bg,50,5.828363983347654e-07,8
bg,50,7.92893600698502e-07,8
bg,50,8.810174662170773e-07,8
bg,50,3.3017698393666997e-07,8
bg,50,4.270549003507304e-07,8
bg,50,5.017120029001072e-07,8
bg,50,1.0880074348642225e-06,8
bg,50,4.193292763950128e-07,8
bg,50,6.020897475287209e-07,8
bg,50,5.4153005552005e-07,8
bg,50,7.418344442428719e-07,8
bg,50,8.839068042938104e-07,8
bg,50,5.680044995310217e-07,8
bg,50,7.339128292888444e-07,8
bg,50,6.893508821046414e-07,8
bg,50,8.782210866927989e-07,8
bg,50,6.394883225156122e-07,8
bg,50,7.3362975772625e-07,8
bg,50,3.679424090024574e-07,8
bg,50,4.832747979323739e-07,8
bg,50,4.4481890647706355e-07,8
bg,50,5.99318388349971e-07,8
bg,50,7.874280551403715e-07,8
bg,50,5.490687260844438e-07,8
bg,50,4.453613594322702e-07,8
bg,50,2.414587040939364e-07,8
bg,50,5.792427725730476e-07,8
bg,50,4.670672994884496e-07,8
bg,50,5.546957640367171e-07,8
bg,50,5.528581257791922e-07,8
bg,50,3.860363749679119e-07,8
bg,50,4.882537910162666e-07,8
bg,50,1.0456571142050646e-06,8
bg,50,5.259069015116394e-07,8
bg,50,3.7417699701763633e-07,8
bg,50,2.499804570762985e-07,8
bg,50,4.112264380936555e-07,8
bg,50,5.429354699617182e-07,8
bg,50,1.0214750693386003e-06,8
bg,50,3.797664183034369e-07,8
bg,50,4.510215948945679e-07,8
bg,50,5.594828552110283e-07,8
bg,50,6.582280926812159e-07,8
bg,50,6.099302439218249e-07,8
bg,50,6.263380650878859e-07,8
bg,50,9.801151746119368e-07,8
bg,50,6.174750102007601e-07,8
bg,50,8.034359527374363e-07,8
bg,50,4.034481720483006e-07,8
bg,50,6.228372229325119e-07,8
bg,50,6.801280088601931e-07,8
bg,50,3.6586324260657705e-07,8
bg,50,6.550640894536631e-07,8
bg,50,5.227252918659044e-07,8
bg,50,6.443160368537411e-07,8
bg,50,4.993845897231188e-07,8
bg,50,1.0817836247177724e-06,8
bg,50,8.795579751875258e-07,8
bg,50,4.72336013505649e-07,8
bg,50,5.577339096816545e-07,8
bg,50,3.648325664753726e-07,8
bg,50,4.540623128885903e-07,8
bg,50,4.567336213854534e-07,8
bg,50,6.872280983101555e-07,8
bg,50,5.07458309410235e-07,8
bg,50,9.005181522043123e-07,8
bg,50,1.156878500424681e-06,8
bg,50,5.237114735668713e-07,8
bg,50,8.303702746986534e-07,8
bg,50,7.685843991123779e-07,8
bg,50,7.413751273391996e-07,8
bg,50,4.102485782716477e-07,8
bg,50,1.912523285352947e-07,8
bg,50,3.4541145311233674e-07,8
bg,50,6.631256750706632e-07,8
bg,50,8.213508846667464e-07,8
bg,50,2.51020192715979e-07,8
bg,50,8.375537929412103e-07,8
bg,50,4.918546418409063e-07,8
bg,50,1.6419217222129875e-07,8
bg,50,4.667032177128102e-07,8
bg,50,5.196273434882741e-07,8
bg,50,4.931505405196578e-07,8
bg,50,6.325802223624328e-07,8
bg,50,6.746250958195604e-07,8
bg,50,7.830363802338844e-07,8
bg,50,6.014158996418662e-07,8
bg,50,3.795809702190634e-07,8
bg,50,4.3143494516133366e-07,8
bg,50,3.8852792782141025e-07,8
bg,50,6.336487165612531e-07,8
bg,50,4.559750181752236e-07,8
bg,50,6.217442858135269e-07,8
bg,50,3.948451738625829e-07,8
bg,50,5.512758270950858e-07,8
bg,50,4.662025835148715e-07,8
bg,50,4.941993714504846e-07,8
bg,50,5.91159271165869e-07,8
bg,50,4.118564734751713e-07,8
bg,50,9.835740115310637e-07,8
bg,50,6.867309594286738e-07,8
bg,50,6.605862399939955e-07,8
bg,50,6.760388593641778e-07,8
bg,50,6.709448719784511e-07,8
bg,50,3.7499549529472313e-07,8
bg,50,4.844486806780903e-07,8
bg,50,4.0934860106170027e-07,8
bg,50,3.132656112837485e-07,8
bg,50,3.931976323458845e-07,8
bg,50,6.082650582712388e-07,8
bg,50,4.897973556062041e-07,8
bg,50,5.25966932872569e-07,8
bg,50,7.027064102901694e-07,8
bg,50,1.255737448180787e-06,8
bg,50,7.286053740277941e-07,8
bg,50,2.385661937094211e-07,8
bg,50,5.660590261574284e-07,8
bg,50,8.16383989487923e-07,8
bg,50,5.73132814273426e-07,8
bg,50,7.558944121896375e-07,8
bg,50,6.9318132747135e-07,8
bg,50,5.513625783156384e-07,8
bg,50,3.701793614337495e-07,8
bg,50,3.819589620476188e-07,8
bg,50,4.033787894794577e-07,8
bg,50,6.912310143868115e-07,8
bg,50,4.1187387094828356e-07,8
bg,50,4.025006881280829e-07,8
bg,50,8.279958906627734e-07,8
bg,50,8.581113814287748e-07,8
bg,50,8.381618765716004e-07,8
bg,50,8.093751858400219e-07,8
bg,50,4.954967654633861e-07,8
bg,50,5.033481990174986e-07,8
bg,50,3.874821023547378e-07,8
bg,50,6.367273142566936e-07,8
bg,50,6.390802463120416e-07,8
bg,50,5.385277011624031e-07,8
bg,50,6.046210116064189e-07,8
bg,50,1.0307079861097989e-06,8
bg,50,3.477028493980682e-07,8
bg,50,7.144182194238728e-07,8
bg,50,5.381639960949714e-07,8
bg,50,4.2594031452180834e-07,8
bg,50,7.230186999132458e-07,8
bg,50,4.34455572894151e-07,8
bg,50,6.235950641360724e-07,8
bg,50,5.987974839363463e-07,8
bg,50,9.1499004813373e-07,8
bg,50,2.2133443558740698e-07,8
bg,50,4.350309356588127e-07,8
bg,50,6.335203736388062e-07,8
bg,50,5.399298595331506e-07,8
bg,50,5.333523787201697e-07,8
bg,50,9.867263334600045e-07,8
bg,50,3.536587878269103e-07,8
bg,50,7.035541165124027e-07,8
bg,50,5.454472745157234e-07,8
bg,50,5.870931839694663e-07,8
bg,50,1.0299997272133111e-06,8
bg,50,7.696023265681195e-07,8
bg,50,7.951672677661334e-07,8
bg,50,5.76283097347054e-07,8
bg,50,8.919856635457716e-07,8
bg,50,5.167756732146901e-07,8
bg,50,7.346726494915852e-07,8
bg,50,6.864791648883104e-07,8
bg,50,5.260768840668953e-07,8
bg,50,5.363348619057992e-07,8
bg,50,7.791401610838183e-07,8
bg,50,6.086256745523245e-07,8
bg,50,5.981596360489861e-07,8
bg,50,5.807449167956531e-07,8
bg,50,6.902434605354281e-07,8
bg,50,7.401879243578399e-07,8
bg,50,6.084957287348673e-07,8
bg,50,8.461833104364127e-07,8
bg,50,6.88730958414044e-07,8
bg,50,8.060264102529277e-07,8
bg,50,7.518681554076296e-07,8
bg,50,3.444678721720113e-07,8
bg,50,9.22849368896842e-07,8
bg,50,3.8859756108103153e-07,8
bg,50,5.021439274835221e-07,8
bg,50,3.7487713479925395e-07,8
bg,50,1.0178069558303646e-06,8
bg,50,6.40464136981072e-07,8
bg,50,5.328952951917969e-07,8
bg,50,9.130097597646908e-07,8
bg,50,7.707216167046437e-07,8
bg,50,9.735211950793443e-07,8
bg,50,6.239946276311235e-07,8
bg,50,7.010426099545303e-07,8
bg,50,4.709544984862357e-07,8
bg,50,2.9866881600720434e-07,8
bg,50,3.788429731110216e-07,8
bg,50,3.433483907810154e-07,8
bg,50,5.390484329418559e-07,8
bg,50,3.656165707855309e-07,8
bg,50,6.28086524019848e-07,8
bg,50,3.2482534161589297e-07,8
bg,50,5.969759917912433e-07,8
bg,50,4.786938966542219e-07,8
bg,50,3.447490366978077e-07,8
bg,50,7.571185680469877e-07,8
bg,50,5.142444751768175e-07,8
bg,50,7.522757440218283e-07,8
bg,50,4.843362327454353e-07,8
bg,50,6.651763115638819e-07,8
bg,50,3.565720801724671e-07,8
bg,50,4.052268505837092e-07,8
bg,50,7.835994610090947e-07,8
bg,50,5.92302963347524e-07,8
bg,50,6.063208141011642e-07,8
bg,50,6.858352193285009e-07,8
bg,50,4.144966363050933e-07,8
bg,50,4.6064505695642826e-07,8
bg,50,4.036878530479763e-07,8
bg,50,5.116809868077672e-07,8
bg,50,4.3283071956423274e-07,8
bg,50,3.1315430787784613e-07,8
bg,50,5.415764454538564e-07,8
bg,50,6.119426644486737e-07,8
bg,50,4.1962272519224724e-07,8
bg,50,3.000776154253261e-07,8
bg,50,5.853718300961366e-07,8
bg,50,1.3024085327784825e-07,8
bg,50,6.765021429329145e-07,8
bg,50,4.0865662108985593e-07,8
bg,50,5.888229397702857e-07,8
bg,50,6.175115120806612e-07,8
bg,50,3.567322468857716e-07,8
bg,50,1.0068114797310778e-06,8
bg,50,4.745537739603702e-07,8
bg,50,3.77212530669707e-07,8
bg,50,3.729920566781365e-07,8
bg,50,6.023942201388083e-07,8
bg,50,5.225417967086296e-07,8
bg,50,4.1370135957648153e-07,8
bg,50,7.056749945623653e-07,8
bg,50,6.61817184215681e-07,8
bg,50,4.62156170053611e-07,8
bg,50,7.995387168510338e-07,8
bg,50,3.2215515756048464e-07,8
bg,50,3.032362798789152e-07,8
bg,50,5.969368329637677e-07,8
bg,50,7.689689757673798e-07,8
bg,50,3.6842422475461634e-07,8
bg,50,6.724843494381136e-07,8
bg,50,3.019467355287731e-07,8
bg,50,5.396563190449087e-07,8
bg,50,5.618343671274091e-07,8
bg,50,3.7367149289574475e-07,8
bg,50,2.693288796174369e-07,8
bg,50,5.441617650464321e-07,8
bg,50,5.605182455704435e-07,8
bg,50,6.451495718006195e-07,8
bg,50,1.0630975245887133e-06,8
bg,50,4.029528377096098e-07,8
bg,50,4.619535448079173e-07,8
bg,50,2.920784040326628e-07,8
bg,50,1.7277507089570605e-07,8
bg,50,6.182937781575445e-07,8
bg,50,7.269064006803954e-07,8
bg,50,6.486971218057293e-07,8
bg,50,3.2383168686694e-07,8
bg,50,3.545494605732035e-07,8
bg,50,3.330619546685693e-07,8
bg,50,9.928995201876163e-07,8
bg,50,5.960648542133797e-07,8
bg,50,2.2111513658104377e-07,8
bg,50,4.582273119756076e-07,8
bg,50,6.166717797287118e-07,8
bg,50,8.068501896299846e-07,8
bg,50,7.826972621604085e-07,8
bg,50,1.0763341859845528e-06,8
bg,50,5.94153973662844e-07,8
bg,50,6.482481808806528e-07,8
bg,50,6.374708215932581e-07,8
bg,50,3.9683232277152355e-07,8
bg,50,4.143406851679588e-07,8
bg,50,1.130967200566646e-06,8
bg,50,4.1897978827457974e-07,8
bg,50,5.661118198609138e-07,8
bg,50,7.588003196587992e-07,8
bg,50,9.565102517440004e-07,8
bg,50,3.5682915410629057e-07,8
bg,50,4.979886937168114e-07,8
bg,50,3.7601795937722756e-07,8
bg,50,5.663159802492349e-07,8
bg,50,5.311118796636972e-07,8
bg,50,4.826760862513093e-07,8
bg,50,6.407160355790859e-07,8
bg,50,6.697296923438496e-07,8
bg,50,5.845257491284949e-07,8
bg,50,5.865494110887214e-07,8
bg,50,3.41468430980449e-07,8
bg,50,1.223930343875626e-06,8
bg,50,7.431822825414424e-07,8
bg,50,4.55187043131781e-07,8
bg,50,3.090760716731824e-07,8
bg,50,2.824981838582067e-07,8
bg,50,2.922785015805497e-07,8
bg,50,5.453560457533563e-07,8
bg,50,3.704337480943435e-07,8
bg,50,9.28058097027924e-07,8
bg,50,1.0039262957100838e-06,8
bg,50,7.393847567566658e-07,8
bg,50,5.481195285472685e-07,8
bg,50,7.667721164594301e-07,8
bg,50,6.865722581094196e-07,8
bg,50,9.1924065904919e-07,8
bg,50,5.063096328050262e-07,8
bg,50,5.807690500199185e-07,8
bg,50,5.662665423400477e-07,8
bg,50,9.355323331889836e-07,8
bg,50,2.707792174748198e-07,8
bg,50,5.765292510034623e-07,8
bg,50,1.0771929219298625e-06,8
bg,50,1.0631265431122705e-06,8
bg,50,2.783576860332188e-07,8
bg,50,3.135237268871932e-07,8
bg,50,7.334237224064192e-07,8
bg,50,5.653045240909177e-07,8
bg,50,5.14182900615918e-07,8
bg,50,5.194902544356596e-07,8
bg,50,8.615927420491663e-07,8
bg,50,6.490987371795066e-07,8
bg,50,4.1417043501343627e-07,8
bg,50,5.419424529005682e-07,8
bg,50,6.248022745032252e-07,8
bg,50,6.851154045669284e-07,8
bg,50,4.374443616971609e-07,8
bg,50,4.1180625434963746e-07,8
bg,50,6.027736542077873e-07,8
bg,50,9.834678963494392e-07,8
bg,50,6.76429377161651e-07,8
bg,50,5.734351870796146e-07,8
bg,50,9.195644762668164e-07,8
bg,50,1.0800015021831776e-06,8
bg,50,5.937771961570904e-07,8
bg,50,6.398344836442006e-07,8
bg,50,4.832735727334225e-07,8
bg,50,4.610462276328222e-07,8
bg,50,7.531237522387592e-07,8
bg,50,6.236458960282352e-07,8
bg,50,4.223725128797366e-07,8
bg,50,3.5136576814354546e-07,8
bg,50,5.72988769045663e-07,8
bg,50,2.5349509946167705e-07,8
bg,50,2.776010771993721e-07,8
bg,50,3.8303088932390874e-07,8
bg,50,1.1094076915029103e-06,8
bg,50,3.477286384790543e-07,8
bg,50,3.863007897792213e-07,8
bg,50,3.151133767066329e-07,8
bg,50,6.230942527355775e-07,8
bg,50,6.64649079365126e-07,8
bg,50,6.41729075931686e-07,8
bg,50,6.4251879898853e-07,8
bg,50,3.270500526561544e-07,8
bg,50,4.262826442817301e-07,8
bg,50,7.125057404739907e-07,8
bg,50,5.999311124380738e-07,8
bg,50,4.38714429950481e-07,8
bg,50,4.3068744267729187e-07,8
bg,50,7.658813674774338e-07,8
bg,50,5.473964811229249e-07,8
bg,50,4.364816010390183e-07,8
bg,50,4.814166986900255e-07,8
bg,50,8.838741421500176e-07,8
bg,50,6.394190865885389e-07,8
bg,50,4.395938853661975e-07,8
bg,50,6.002770837634138e-07,8
bg,50,6.331617882876308e-07,8
bg,50,8.82134836880335e-07,8
bg,50,1.013063301934579e-06,8
bg,50,7.353903890734916e-07,8
bg,50,6.198503766578065e-07,8
bg,50,5.610652139264143e-07,8
bg,50,8.06897084145997e-07,8
bg,50,4.3530784613308795e-07,8
bg,50,4.269722513813398e-07,8
bg,50,6.049151877240555e-07,8
bg,50,2.7599094505390397e-07,8
bg,50,5.643135059580554e-07,8
bg,50,4.454508831525598e-07,8
bg,50,3.49868961841201e-07,8
ag,50,0.0001472332777166,9
ag,50,0.0024195904609462,9
ag,50,0.0050593106964349,9
ag,50,0.0158017798611153,9
ag,50,0.0076791388205352,9
ag,50,0.0084276605722831,9
ag,50,0.009261834762118,9
ag,50,0.00495820732275,9
ag,50,0.0020579587701696,9
ag,50,0.0044902249558658,9
ag,50,0.0005459836920541,9
ag,50,0.0573420883590844,9
ag,50,0.0116433134105281,9
ag,50,0.0267206854448994,9
ag,50,0.017922731567323,9
ag,50,0.0235348477412788,9
ag,50,0.0289296353928161,9
ag,50,0.0085525894594913,9
ag,50,0.0164314743738575,9
ag,50,0.0291184222920715,9
ag,50,0.0185552403864188,9
ag,50,0.0370403208727255,9
ag,50,0.0087410034708711,9
ag,50,0.0048030600374562,9
ag,50,0.0118096686798063,9
ag,50,0.025015315639196,9
ag,50,0.0229701223966509,9
ag,50,0.0118432047930785,9
ag,50,0.1109779021376696,9
ag,50,0.0035807586090885,9
ag,50,0.0135694360909188,9
ag,50,0.0026354086952951,9
ag,50,0.029220937387694,9
ag,50,0.0024304682569546,9
ag,50,0.0100159363209071,9
ag,50,0.0059148774174108,9
ag,50,0.0002063872857901,9
ag,50,0.0023758068821813,9
ag,50,0.007059138434702,9
ag,50,0.0138765136200084,9
ag,50,0.0044229483916254,9
ag,50,0.0577207490898522,9
ag,50,0.0032941838956068,9
ag,50,0.0088367656632318,9
ag,50,0.0058419606507837,9
ag,50,0.0005819082723028,9
ag,50,0.0028122209093309,9
ag,50,0.0212452553080629,9
ag,50,0.0027922068726538,9
ag,50,0.0373112877477329,9
ag,50,0.028446360755006,9
ag,50,0.0028060983395348,9
ag,50,0.0127065373873473,9
ag,50,0.0086084225271495,9
ag,50,0.0054773998155779,9
ag,50,0.1397862030035408,9
ag,50,0.0021932269073886,9
ag,50,0.0012087459821828,9
ag,50,0.0726968470382088,9
ag,50,0.0043966860212524,9
ag,50,0.0045769819087317,9
ag,50,0.017360258082267,9
ag,50,0.0157593157036419,9
ag,50,0.0181147711396383,9
ag,50,0.0075720952639938,9
ag,50,0.0544375267703604,9
ag,50,0.0002566635063956,9
ag,50,0.0059981914149911,9
ag,50,0.0002979872215505,9
ag,50,0.0035070111253451,9
ag,50,0.0035331523754074,9
ag,50,0.005826893980347,9
ag,50,0.0301992112731796,9
ag,50,0.0169214871022558,9
ag,50,0.0033844815558175,9
ag,50,0.0303961155845317,9
ag,50,0.0093332493516186,9
ag,50,0.0108967924585283,9
ag,50,0.0099811219983409,9
ag,50,0.0083175470192588,9
ag,50,0.000295285294039,9
ag,50,0.0197195720928491,9
ag,50,0.0072750408538965,9
ag,50,0.0232263043360802,9
ag,50,0.0126495805793366,9
ag,50,0.0105230892944104,9
ag,50,0.0034308555843296,9
ag,50,0.0440035874944261,9
ag,50,0.0083923913129223,9
ag,50,0.0697908192729142,9
ag,50,0.0043098710261579,9
ag,50,0.0047812130749575,9
ag,50,0.0033634881671486,9
ag,50,0.0008113938399498,9
ag,50,0.0007797925039651,9
ag,50,0.0018232668664497,9
ag,50,0.0301527499453335,9
ag,50,0.0098941422638236,9
ag,50,0.0056962658293365,9
ag,50,0.0021220621776662,9
ag,50,0.016376372328955,9
ag,50,0.0080236327208306,9
ag,50,0.0022136337883145,9
ag,50,0.0020568060617441,9
ag,50,0.0172890046381652,9
ag,50,0.0094633254329324,9
ag,50,0.0080716621011008,9
ag,50,0.0279295475746209,9
ag,50,0.0392302418493722,9
ag,50,0.0108653419569263,9
ag,50,0.0283639278730618,9
ag,50,0.0348071195106453,9
ag,50,0.0120724521440552,9
ag,50,0.0070453281838934,9
ag,50,0.0048438143606187,9
ag,50,0.0162893924240486,9
ag,50,0.0218350102271129,9
ag,50,0.0048328176064899,9
ag,50,0.0253801263961275,9
ag,50,0.0369864183077712,9
ag,50,0.0032736781280024,9
ag,50,0.0333580011792609,9
ag,50,0.0186571917075045,9
ag,50,0.0046660691548673,9
ag,50,0.015256160757653,9
ag,50,0.0723351683491491,9
ag,50,0.000574938175528,9
ag,50,0.0332643419778202,9
ag,50,0.0092700687348336,9
ag,50,0.0173581615416586,9
ag,50,0.021324070383643,9
ag,50,0.0511484171768507,9
ag,50,0.0023599911378395,9
ag,50,0.0647032929739906,9
ag,50,0.0207296088336856,9
ag,50,0.0041215157385395,9
ag,50,0.0107264470451548,9
ag,50,0.0220144045910409,9
ag,50,0.0073584536213969,9
ag,50,0.0295744424145224,9
ag,50,0.0,9
ag,50,0.0093173955376121,9
ag,50,0.0155595550217186,9
ag,50,0.0090605521251886,9
ag,50,0.0054785192094069,9
ag,50,0.0185082850567747,9
ag,50,0.0035209511315051,9
ag,50,0.0827565375423949,9
ag,50,0.0561338102426652,9
ag,50,0.0011801924435703,9
ag,50,0.0124189840213234,9
ag,50,0.0036985928918611,9
ag,50,0.0056914184830249,9
ag,50,0.0040662353006627,9
ag,50,0.0207120643286972,9
ag,50,0.009315933810659,9
ag,50,0.006822529020331,9
ag,50,0.0098810038561963,9
ag,50,0.0206390960944427,9
ag,50,0.0111309157839227,9
ag,50,0.0076162945918861,9
ag,50,0.0013612808938544,9
ag,50,0.0193780870932096,9
ag,50,0.0510957293045033,9
ag,50,0.0040467077627397,9
ag,50,0.0034386405760748,9
ag,50,0.0048703285971694,9
ag,50,0.0219139305937674,9
ag,50,0.0298966650387172,9
ag,50,0.0185893714330463,9
ag,50,0.0288335442231841,9
ag,50,0.000840842111446,9
ag,50,0.0008732358296178,9
ag,50,0.0050260067358566,9
ag,50,0.0024871178015459,9
ag,50,0.045049343465522,9
ag,50,0.0034722913968651,9
ag,50,0.0035753587598918,9
ag,50,0.0156877501496687,9
ag,50,0.0044517668238934,9
ag,50,0.0197685306779041,9
ag,50,0.0137058986785021,9
ag,50,0.0060434799603789,9
ag,50,0.0042016190544711,9
ag,50,0.0087005799116931,9
ag,50,0.0161209265251234,9
ag,50,0.010906465942845,9
ag,50,0.0055652965500191,9
ag,50,0.0089745735317764,9
ag,50,0.0388756450449092,9
ag,50,0.0014467344995059,9
ag,50,0.0171307817482994,9
ag,50,0.0064819565560266,9
ag,50,0.0005777893370944,9
ag,50,0.0220802589732902,9
ag,50,0.0075130917016103,9
ag,50,0.0129130581808185,9
ag,50,0.0095089943100322,9
ag,50,0.0116133622876683,9
ag,50,0.022847897583523,9
ag,50,0.0068069818204674,9
ag,50,0.0173050685037485,9
ag,50,0.0006366803621733,9
ag,50,0.0016575644369465,9
ag,50,0.0161709243167758,9
ag,50,0.0018363378638933,9
ag,50,0.0043054159286392,9
ag,50,0.0247421774358963,9
ag,50,0.0043573559994986,9
ag,50,0.034086200093791,9
ag,50,0.0118446732454272,9
ag,50,0.0188434696455822,9
ag,50,0.0126458699255709,9
ag,50,0.0567747643880399,9
ag,50,0.0044948979379709,9
ag,50,0.0104452051357282,9
ag,50,0.032216057378605,9
ag,50,0.0218910772993699,9
ag,50,0.0094152457752519,9
ag,50,0.0059441666874929,9
ag,50,0.0006216209436112,9
ag,50,0.0091132762626179,9
ag,50,0.0043445651231183,9
ag,50,0.0080290505094151,9
ag,50,0.0313877968877475,9
ag,50,0.0161902859709001,9
ag,50,0.0404238935232193,9
ag,50,0.0208291813534925,9
ag,50,0.0430458082138788,9
ag,50,0.0083831937475876,9
ag,50,0.0034539160442834,9
ag,50,0.0015163921852292,9
ag,50,0.0108371756104092,9
ag,50,0.0205986253897033,9
ag,50,0.0027969442016252,9
ag,50,0.0048887374711973,9
ag,50,0.0038795839747541,9
ag,50,0.0314642000352328,9
ag,50,0.0108486235065413,9
ag,50,0.0108738191698518,9
ag,50,0.0335050733786832,9
ag,50,0.0120779885510568,9
ag,50,0.0217447550387674,9
ag,50,0.0047001660016466,9
ag,50,0.0017336815760594,9
ag,50,0.0027280166508445,9
ag,50,0.0105214762897899,9
ag,50,0.0208405683836365,9
ag,50,0.0432454538225506,9
ag,50,0.0373563604513735,9
ag,50,0.0651517302811913,9
ag,50,0.0001686368724043,9
ag,50,0.0174534864125725,9
ag,50,0.0295831577504315,9
ag,50,0.0003262033089645,9
ag,50,0.0029804403408072,9
ag,50,0.0019282162377069,9
ag,50,0.0133845186334082,9
ag,50,0.0014810924960442,9
ag,50,0.0689076411179549,9
ag,50,0.0040907142857419,9
ag,50,0.0074806257970156,9
ag,50,0.0168686315943657,9
ag,50,0.0306160110472977,9
ag,50,0.0050824693927751,9
ag,50,0.0013341214497318,9
ag,50,0.0051487504882773,9
ag,50,0.0220677898408377,9
ag,50,0.0028457563578187,9
ag,50,0.0029797148503257,9
ag,50,0.0162229960780437,9
ag,50,0.0034441817601549,9
ag,50,0.0137120290735103,9
ag,50,0.0006990603878517,9
ag,50,0.0249536087521203,9
ag,50,0.0067081415770893,9
ag,50,0.0029196341762829,9
ag,50,0.0090165130594238,9
ag,50,0.0309834988635384,9
ag,50,0.0006837543324402,9
ag,50,0.0080607929393049,9
ag,50,0.0284940035254751,9
ag,50,0.0079294412767544,9
ag,50,0.0332155623046552,9
ag,50,0.0036982381697276,9
ag,50,0.0049075458678443,9
ag,50,0.0023232394638141,9
ag,50,0.0134232272539732,9
ag,50,0.0073246180833377,9
ag,50,0.0432350136022827,9
ag,50,0.013011395175277,9
ag,50,0.0006853362508364,9
ag,50,0.0076716231971182,9
ag,50,0.0055885767436531,9
ag,50,0.0053322468987599,9
ag,50,0.0316305593754349,9
ag,50,0.0016371594534372,9
ag,50,0.0009189319984823,9
ag,50,0.0107167459528237,9
ag,50,0.0142022577476382,9
ag,50,0.0137358192862068,9
ag,50,0.0041656520785181,9
ag,50,0.0019655574854501,9
ag,50,0.000555617859361,9
ag,50,0.0101514558499908,9
ag,50,0.011776079743119,9
ag,50,0.0042701344691636,9
ag,50,0.0041453712276019,9
ag,50,0.0088523748219939,9
ag,50,0.0012430346943876,9
ag,50,0.0220670079868778,9
ag,50,0.0007452486562508,9
ag,50,0.0431440832733055,9
ag,50,0.0010344475941597,9
ag,50,0.0273842756435934,9
ag,50,0.0094171974726216,9
ag,50,0.018550488034492,9
ag,50,0.0006889756140437,9
ag,50,0.0051245059396756,9
ag,50,0.0022148642738094,9
ag,50,0.0177301805751284,9
ag,50,0.0073941955754936,9
ag,50,0.0067226641775757,9
ag,50,0.0373314311243955,9
ag,50,0.0064247365005577,9
ag,50,0.0032428174946767,9
ag,50,0.0112361757769937,9
ag,50,0.05357697495826,9
ag,50,0.0295294866956985,9
ag,50,0.0077806263923352,9
ag,50,0.0435700492892351,9
ag,50,0.0038112664935877,9
ag,50,0.002267724501779,9
ag,50,0.0235267853855617,9
ag,50,0.0049145790677655,9
ag,50,0.0559976791214175,9
ag,50,0.0165400740438973,9
ag,50,0.0103081013441017,9
ag,50,0.0029475987587566,9
ag,50,0.0012802366380837,9
ag,50,0.0064435731765657,9
ag,50,0.0016891311292211,9
ag,50,0.0043005802064197,9
ag,50,0.0184906839939816,9
ag,50,0.0310663566215588,9
ag,50,0.0127601462444595,9
ag,50,0.0003624439364368,9
ag,50,0.0102152187503331,9
ag,50,0.0046544297684385,9
ag,50,0.0087858238454961,9
ag,50,0.0028255308405575,9
ag,50,0.0420290459958687,9
ag,50,0.0016600878443225,9
ag,50,0.0100839937940902,9
ag,50,0.0022489244634328,9
ag,50,0.0219774403208358,9
ag,50,0.0011015319067606,9
ag,50,0.0025228384482208,9
ag,50,0.0163297589810588,9
ag,50,0.0093395191480379,9
ag,50,0.0311905153972361,9
ag,50,0.0138076114608278,9
ag,50,0.0206353101938166,9
ag,50,0.0128366246248005,9
ag,50,0.0150698964038182,9
ag,50,0.0015055119892913,9
ag,50,0.0044674859610366,9
ag,50,0.0420303930175305,9
ag,50,0.013605110308547,9
ag,50,0.0011644189083605,9
ag,50,0.0162898562613172,9
ag,50,0.0043090134759828,9
ag,50,0.0043042760663493,9
ag,50,0.0100419018960893,9
ag,50,0.0101372014121388,9
ag,50,0.0103578525552088,9
ag,50,0.0097939536385353,9
ag,50,0.0018380993931586,9
ag,50,0.0015192598102016,9
ag,50,0.0862076217531147,9
ag,50,0.0247560386317207,9
ag,50,0.0001690394612521,9
ag,50,0.0042390533698862,9
ag,50,0.0133099334347798,9
ag,50,0.0084305692525831,9
ag,50,0.0236978220345181,9
ag,50,0.0063960993391194,9
ag,50,0.0157018350890016,9
ag,50,0.0087774067606091,9
ag,50,0.0116220104021844,9
ag,50,0.0003282033865317,9
ag,50,0.0172135288355341,9
ag,50,0.0094894071836677,9
ag,50,0.0109504643634901,9
ag,50,0.0127483574422868,9
ag,50,0.0,9
ag,50,0.0003153497605478,9
ag,50,0.0394250176717702,9
ag,50,0.0059093425818374,9
ag,50,0.0123301849461488,9
ag,50,0.0092841094162561,9
ag,50,0.0197558846188295,9
ag,50,0.0002693398058698,9
ag,50,0.0024253904425017,9
ag,50,0.0016343487052124,9
ag,50,0.0051083860076881,9
ag,50,0.0048003821726813,9
ag,50,0.0283532118428709,9
ag,50,0.0003141440607033,9
ag,50,0.0052250109723035,9
ag,50,0.0159055286949104,9
ag,50,0.0033177346557598,9
ag,50,0.0595181593779539,9
ag,50,0.0032514664543326,9
ag,50,0.0064730217694024,9
ag,50,0.0047269776626788,9
ag,50,0.0004754163804807,9
ag,50,0.0067924945216168,9
ag,50,0.0011144340217185,9
ag,50,0.0099687561765962,9
ag,50,0.0191421116875587,9
ag,50,0.0043254236323493,9
ag,50,0.0148293847155474,9
ag,50,0.0099179068108636,9
ag,50,0.0088160647960832,9
ag,50,0.0594629257916494,9
ag,50,0.0054269715291638,9
ag,50,0.0300093551877877,9
ag,50,0.0170456695250063,9
ag,50,0.0080545530204393,9
ag,50,0.0112957135991106,9
ag,50,0.003247882744981,9
ag,50,0.0044511026758527,9
ag,50,0.0005171602905112,9
ag,50,0.0286661957457772,9
ag,50,0.0044345039137491,9
ag,50,0.0032894794079973,9
ag,50,0.0536639442005935,9
ag,50,0.001197043526874,9
ag,50,0.0144369842395976,9
ag,50,0.0026464742033832,9
ag,50,0.0147907700344365,9
ag,50,0.0047984236358079,9
ag,50,0.0002408201213416,9
ag,50,0.0051647268985545,9
ag,50,0.0330835895296348,9
ag,50,0.00900565533218,9
ag,50,0.0540675354232725,9
ag,50,0.0155822557006513,9
ag,50,0.0018971463809919,9
ag,50,0.0029312920024656,9
ag,50,0.0306205324006551,9
ag,50,0.0075374538276588,9
ag,50,0.0220679933546149,9
ag,50,0.0080780043935255,9
ag,50,0.0027758759994391,9
ag,50,0.0334667096547205,9
ag,50,0.0082426330978354,9
ag,50,0.0100943943001822,9
ag,50,0.003552454024119,9
ag,50,0.0410607365355482,9
ag,50,0.0257395516103054,9
ag,50,0.049356235473614,9
ag,50,0.0048032274636758,9
ag,50,0.0276866849629549,9
ag,50,0.0028605253585081,9
ag,50,0.0216545018757916,9
ag,50,0.0073320123839029,9
ag,50,0.0006043936364025,9
ag,50,0.0002125166029269,9
ag,50,0.0133780290840033,9
ag,50,0.0010318478227281,9
ag,50,0.0054822019800048,9
ag,50,0.0016067655482152,9
ag,50,0.0046931671964347,9
ag,50,0.0030880031082837,9
ag,50,0.0205725050884308,9
ag,50,0.0065161814490859,9
ag,50,0.0063451588774481,9
ag,50,0.0064528558900557,9
ag,50,0.001556692264723,9
ag,50,0.0009763118542173,9
ag,50,0.0468209712116158,9
ag,50,0.011535296151371,9
ag,50,0.0052459792323155,9
ag,50,0.0266620518647614,9
ag,50,0.0027098102434006,9
ag,50,0.0036139393014207,9
ag,50,0.0040719928861454,9
ag,50,0.0160409130081313,9
ag,50,0.0214168379595006,9
ag,50,0.0027107639939304,9
ag,50,0.0001564909491953,9
ag,50,0.0042364580738395,9
ag,50,0.0021610886716314,9
ag,50,0.0068554537587775,9
ag,50,0.0003627831898893,9
ag,50,0.0042930904096803,9
ag,50,0.0027568337637951,9
ag,50,0.0152508015018409,9
nag,50,4.3138779806326485e-05,9
nag,50,0.0003030655269158,9
nag,50,0.0001483610188322,9
nag,50,2.1709432506720137e-05,9
nag,50,0.0,9
nag,50,3.019855689707984e-05,9
nag,50,2.1199774519058845e-05,9
nag,50,1.087485157228034e-05,9
nag,50,0.0004760569010375,9
nag,50,0.0,9
nag,50,9.302052019077376e-05,9
nag,50,5.689443524000973e-05,9
nag,50,0.0007714983574268,9
nag,50,0.0001206012659954,9
nag,50,2.343898718448345e-05,9
nag,50,7.077192386524933e-05,9
nag,50,0.0002464254817245,9
nag,50,0.0,9
nag,50,0.0,9
nag,50,0.0003345488737612,9
nag,50,0.0002024833364888,9
nag,50,1.222076317350316e-05,9
nag,50,5.84041460861372e-05,9
nag,50,0.0001426940730248,9
nag,50,4.575350999437571e-05,9
nag,50,0.0001807433776249,9
nag,50,0.0,9
nag,50,0.0002765682290559,9
nag,50,6.357158851303311e-05,9
nag,50,1.881266023630183e-05,9
nag,50,0.0001677472476356,9
nag,50,1.204863985561281e-05,9
nag,50,0.0012092876548212,9
nag,50,0.0,9
nag,50,1.7757388390489017e-05,9
nag,50,9.43018544076166e-05,9
nag,50,0.0003191598546458,9
nag,50,0.0001176352457646,9
nag,50,2.384257329089212e-05,9
nag,50,0.0,9
nag,50,0.0002358252223185,9
nag,50,1.2361488778528216e-05,9
nag,50,0.0001301880970578,9
nag,50,8.970174113644396e-05,9
nag,50,0.0003616430143964,9
nag,50,3.401546366769842e-05,9
nag,50,0.0,9
nag,50,0.0001393858793172,9
nag,50,0.0004213852821793,9
nag,50,0.0002886960643983,9
nag,50,0.0001260002239951,9
nag,50,5.9107049470533e-05,9
nag,50,0.0006477719290693,9
nag,50,3.895759664576597e-05,9
nag,50,0.000603206844277,9
nag,50,0.0004903781326887,9
nag,50,1.45313062415667e-05,9
nag,50,0.0,9
nag,50,0.0,9
nag,50,0.0001247051362165,9
nag,50,0.0,9
nag,50,9.711336183320635e-06,9
nag,50,0.0003245628362918,9
nag,50,9.290723575144076e-05,9
nag,50,0.0001841785795648,9
nag,50,5.968560126673419e-06,9
nag,50,1.6374003932339432e-05,9
nag,50,4.682161833569745e-06,9
nag,50,0.0,9
nag,50,9.25358580130096e-05,9
nag,50,9.692997075509456e-05,9
nag,50,5.3897812002026296e-05,9
nag,50,0.0002608106910726,9
nag,50,0.0002541469772669,9
nag,50,6.533556473513357e-05,9
nag,50,0.0003490780534808,9
nag,50,0.0,9
nag,50,0.000379599629656,9
nag,50,4.38020540357075e-05,9
nag,50,0.0,9
nag,50,0.0,9
nag,50,3.6443178171082065e-05,9
nag,50,0.0001133079147898,9
nag,50,7.206741657532492e-05,9
nag,50,2.332835510206741e-05,9
nag,50,0.0,9
nag,50,0.0001409079917844,9
nag,50,7.384147936652587e-05,9
nag,50,0.0001567175121146,9
nag,50,3.598064887381424e-05,9
nag,50,0.0004523657800911,9
nag,50,0.0,9
nag,50,0.0001222525349121,9
nag,50,3.359305533506641e-05,9
nag,50,0.0001243345401578,9
nag,50,0.0001374634353861,9
nag,50,3.510166240325932e-05,9
nag,50,0.0003278491570218,9
nag,50,0.0002324828425166,9
nag,50,0.0,9
nag,50,0.0013797730747731,9
nag,50,9.637218447869216e-05,9
nag,50,1.841297253163572e-05,9
nag,50,0.0001589472660113,9
nag,50,0.0009806828743097,9
nag,50,3.609297652842251e-05,9
nag,50,0.0002311197147412,9
nag,50,2.2953864722113726e-05,9
nag,50,1.367237450374782e-05,9
nag,50,0.0,9
nag,50,9.775129489193613e-05,9
nag,50,1.332350626527094e-05,9
nag,50,0.0002733642527586,9
nag,50,0.0001404855608592,9
nag,50,0.0001200951829075,9
nag,50,0.0002192953460106,9
nag,50,2.499294484491135e-05,9
nag,50,2.9774885049695763e-05,9
nag,50,4.543091752956488e-05,9
nag,50,0.0,9
nag,50,0.0001272720963786,9
nag,50,0.0,9
nag,50,4.95133619096948e-05,9
nag,50,0.000149007334996,9
nag,50,3.389615221032573e-05,9
nag,50,0.0001639705979078,9
nag,50,0.0004924186390499,9
nag,50,0.0,9
nag,50,3.61915758383759e-05,9
nag,50,0.0,9
nag,50,0.0,9
nag,50,9.535504185920616e-05,9
nag,50,0.0004751845181536,9
nag,50,0.0,9
nag,50,0.0001485763355102,9
nag,50,0.0001997159782684,9
nag,50,0.0001730203713296,9
nag,50,0.0,9
nag,50,0.000543534036044,9
nag,50,2.8508881412069903e-05,9
nag,50,5.569527524043365e-05,9
nag,50,0.000145560327293,9
nag,50,2.0219783097957666e-05,9
nag,50,1.6177429495765983e-05,9
nag,50,0.0001339042329431,9
nag,50,6.400469049679496e-05,9
nag,50,0.0002517410085569,9
nag,50,0.0003411286762759,9
nag,50,1.7612260828990744e-05,9
nag,50,0.0,9
nag,50,3.818885224500385e-05,9
nag,50,1.4670100907093311e-05,9
nag,50,0.0,9
nag,50,0.0003221803719163,9
nag,50,0.0,9
nag,50,0.0,9
nag,50,1.027215060249409e-05,9
nag,50,0.0001145691160958,9
nag,50,0.0001305684857616,9
nag,50,1.5547683864906868e-05,9
nag,50,0.0,9
nag,50,3.618898498802776e-05,9
nag,50,9.31854830531784e-06,9
nag,50,0.0001042406549112,9
nag,50,0.0001183540803267,9
nag,50,0.0004997654337297,9
nag,50,0.0,9
nag,50,0.0001917762002268,9
nag,50,0.0003341246159117,9
nag,50,4.796049765099978e-05,9
nag,50,0.0001971957721307,9
nag,50,2.7178185577240982e-05,9
nag,50,2.068268210251265e-05,9
nag,50,2.0919238963519996e-05,9
nag,50,5.4728747523725945e-05,9
nag,50,2.0557081128221667e-05,9
nag,50,3.5477073749977614e-05,9
nag,50,0.0001419836633223,9
nag,50,0.0002233687968426,9
nag,50,9.631954349207606e-05,9
nag,50,0.0002343364215869,9
nag,50,0.0001740547340406,9
nag,50,0.000183440288066,9
nag,50,3.130212836142043e-05,9
nag,50,2.3150294374091635e-05,9
nag,50,0.0001140131141156,9
nag,50,0.0,9
nag,50,0.000875753189744,9
nag,50,0.0001865860709433,9
nag,50,0.0007238343141589,9
nag,50,9.409182323838136e-05,9
nag,50,9.452508684818548e-05,9
nag,50,9.916965955550918e-05,9
nag,50,0.0001882171147714,9
nag,50,0.0,9
nag,50,8.208021059807568e-05,9
nag,50,2.4360438090446617e-05,9
nag,50,1.2462328954153283e-05,9
nag,50,9.821774118977004e-06,9
nag,50,3.7799145336472405e-05,9
nag,50,0.0005092143867026,9
nag,50,2.8725097357387025e-05,9
nag,50,0.000436051557533,9
nag,50,0.0004015677550052,9
nag,50,0.0001735796663252,9
nag,50,4.0129318019062095e-05,9
nag,50,0.000249241874989,9
nag,50,5.173775920109815e-05,9
nag,50,0.0003375545424844,9
nag,50,4.022437976468989e-05,9
nag,50,0.0004670273831665,9
nag,50,1.0576376699863882e-05,9
nag,50,0.0002124019894298,9
nag,50,0.0002063784841173,9
nag,50,4.0581843471332686e-05,9
nag,50,7.191918361886074e-05,9
nag,50,3.4550045008936295e-05,9
nag,50,0.0011763359382591,9
nag,50,6.557058265465908e-05,9
nag,50,0.0003356048153754,9
nag,50,0.000301246185508,9
nag,50,0.0001112090666366,9
nag,50,3.0162141105652743e-05,9
nag,50,0.0,9
nag,50,2.2582728074980952e-05,9
nag,50,0.0001311520115846,9
nag,50,0.0002745124065388,9
nag,50,0.0,9
nag,50,1.8552741931324386e-05,9
nag,50,1.6820212132735116e-05,9
nag,50,3.0559540325735004e-05,9
nag,50,0.0001549080756998,9
nag,50,8.054403171573146e-05,9
nag,50,0.0002231535024281,9
nag,50,0.0,9
nag,50,0.0002286862874364,9
nag,50,0.0001900867130131,9
nag,50,4.158457992307709e-05,9
nag,50,0.0003747519326759,9
nag,50,0.0003202207360881,9
nag,50,1.7520699387614007e-05,9
nag,50,0.0001226333271179,9
nag,50,2.095024629521779e-05,9
nag,50,8.611353516996494e-05,9
nag,50,1.9930454811167257e-05,9
nag,50,0.0008924292824364,9
nag,50,0.0,9
nag,50,0.0010912308998641,9
nag,50,2.24646963123949e-05,9
nag,50,0.0,9
nag,50,0.0001718409106451,9
nag,50,0.0,9
nag,50,2.1031423219588887e-05,9
nag,50,0.0001576407291373,9
nag,50,0.0002327922726412,9
nag,50,0.0,9
nag,50,3.540977552999967e-05,9
nag,50,0.0003745939314058,9
nag,50,0.0001447497952848,9
nag,50,2.6573906310328704e-05,9
nag,50,2.766361071602682e-05,9
nag,50,2.087484325987797e-05,9
nag,50,9.123026695557037e-05,9
nag,50,3.34127814204122e-05,9
nag,50,6.13161835998715e-05,9
nag,50,5.900523857560677e-05,9
nag,50,0.0002208637618602,9
nag,50,4.1523277103472264e-05,9
nag,50,0.0001312137287121,9
nag,50,3.257695887940098e-05,9
nag,50,0.0008194340449035,9
nag,50,2.85934854070934e-05,9
nag,50,1.1197658609128478e-05,9
nag,50,4.66757136526895e-05,9
nag,50,0.0002935939293033,9
nag,50,3.1249477176904894e-05,9
nag,50,0.0004304219995514,9
nag,50,0.0,9
nag,50,4.632034414314339e-05,9
nag,50,0.0003716572219218,9
nag,50,0.0,9
nag,50,9.581401363930004e-05,9
nag,50,0.0002383982773849,9
nag,50,0.0001992870143912,9
nag,50,3.6799576515656e-05,9
nag,50,0.0,9
nag,50,4.3176208170955735e-05,9
nag,50,1.3108039217732664e-05,9
nag,50,4.150724046155776e-05,9
nag,50,2.3073555682843595e-05,9
nag,50,0.0,9
nag,50,0.0008823499592985,9
nag,50,0.000104841002444,9
nag,50,3.5901143147241626e-05,9
nag,50,7.901529856906119e-05,9
nag,50,1.9825837501535452e-05,9
nag,50,0.000170036808917,9
nag,50,2.7835985528359977e-05,9
nag,50,3.51540803330174e-05,9
nag,50,7.306782568173906e-05,9
nag,50,5.3997461448953814e-05,9
nag,50,2.8136172781003e-05,9
nag,50,0.0001401065767117,9
nag,50,0.0001623101465781,9
nag,50,4.384249228194963e-05,9
nag,50,1.197270013164513e-05,9
nag,50,0.0002732953284435,9
nag,50,0.0001299678067133,9
nag,50,0.0007136454658014,9
nag,50,0.0,9
nag,50,7.898629470080435e-06,9
nag,50,6.232736280720542e-05,9
nag,50,0.0,9
nag,50,0.0002299101493526,9
nag,50,0.0004647358388143,9
nag,50,0.000662418484946,9
nag,50,0.0001081511638941,9
nag,50,6.19887502262908e-05,9
nag,50,1.4804221673244267e-05,9
nag,50,4.467556425643976e-05,9
nag,50,2.9620921448249145e-05,9
nag,50,0.0,9
nag,50,0.0002012236597743,9
nag,50,0.0001081992696103,9
nag,50,0.0003034024332129,9
nag,50,0.0009472010906281,9
nag,50,8.655032235663484e-05,9
nag,50,0.0001009208775937,9
nag,50,2.88833900673177e-05,9
nag,50,1.7063695312507097e-05,9
nag,50,8.653615918991505e-05,9
nag,50,9.43051736658694e-06,9
nag,50,0.0004621834395945,9
nag,50,0.0002264317114424,9
nag,50,0.0003431835065789,9
nag,50,2.9399733922163973e-05,9
nag,50,0.0003891603649119,9
nag,50,0.0,9
nag,50,0.0001486453759565,9
nag,50,9.381483620577848e-05,9
nag,50,1.3940735399364424e-05,9
nag,50,0.0003181019815568,9
nag,50,0.0001897394720036,9
nag,50,0.0008056638490975,9
nag,50,0.0001591427747854,9
nag,50,1.541642679851203e-05,9
nag,50,8.679578946121329e-05,9
nag,50,3.961799429133306e-05,9
nag,50,6.00072879732533e-05,9
nag,50,9.985193742133194e-05,9
nag,50,0.0003448580758763,9
nag,50,0.0001716493102482,9
nag,50,0.0,9
nag,50,2.995568183921843e-05,9
nag,50,0.0006426497766916,9
nag,50,0.0001636103113589,9
nag,50,1.4104393765536329e-05,9
nag,50,2.6497555332432187e-05,9
nag,50,0.0,9
nag,50,0.0002560424436832,9
nag,50,0.0010166668866622,9
nag,50,0.0002557570921795,9
nag,50,0.0001559609012636,9
nag,50,0.0012072330211321,9
nag,50,3.4156503071248094e-05,9
nag,50,4.730161438166136e-05,9
nag,50,0.0001050925595012,9
nag,50,0.0,9
nag,50,0.0014105274735976,9
nag,50,0.0,9
nag,50,0.0006010986452228,9
nag,50,2.2729938520865504e-05,9
nag,50,9.041111315585788e-05,9
nag,50,0.0001212710034027,9
nag,50,0.000211577437741,9
nag,50,0.0001289170607429,9
nag,50,5.7456511220243045e-05,9
nag,50,2.8770654014287687e-05,9
nag,50,0.0002088165694,9
nag,50,0.0,9
nag,50,9.416550675134757e-06,9
nag,50,8.306150543750668e-05,9
nag,50,0.0,9
nag,50,0.0004182111894643,9
nag,50,0.0005784955452965,9
nag,50,5.513338811068064e-05,9
nag,50,0.0,9
nag,50,0.0001456076004112,9
nag,50,7.869655822231445e-05,9
nag,50,0.0008565457068573,9
nag,50,1.7685863846296674e-05,9
nag,50,0.0002265874746497,9
nag,50,8.586323478149556e-05,9
nag,50,1.071937040445122e-05,9
nag,50,7.611311765093513e-05,9
nag,50,0.0001081947065374,9
nag,50,0.0001175460791099,9
nag,50,0.0,9
nag,50,2.559468589613769e-05,9
nag,50,1.5555968050447016e-05,9
nag,50,2.546413725622746e-05,9
nag,50,8.724452895850694e-05,9
nag,50,0.0003956744943622,9
nag,50,0.0002056945313584,9
nag,50,8.244197144083914e-05,9
nag,50,1.5871287174474756e-05,9
nag,50,0.0002241413693044,9
nag,50,2.3850915458339316e-05,9
nag,50,2.281000509771855e-05,9
nag,50,6.226020085859334e-05,9
nag,50,0.001250576301182,9
nag,50,0.0,9
nag,50,0.0002070373917613,9
nag,50,7.517271633454167e-06,9
nag,50,0.0001189679590687,9
nag,50,0.0,9
nag,50,0.0,9
nag,50,0.000149431051546,9
nag,50,0.0001408681004782,9
nag,50,8.101811603790028e-05,9
nag,50,6.891446833584073e-05,9
nag,50,4.523056350905216e-05,9
nag,50,4.252987942228446e-05,9
nag,50,3.725741495923422e-05,9
nag,50,4.764773033212726e-05,9
nag,50,0.0,9
nag,50,8.874168808270966e-05,9
nag,50,0.0002909564926958,9
nag,50,2.8257455580699102e-05,9
nag,50,2.04578226054457e-05,9
nag,50,0.0001261798498357,9
nag,50,8.58845465036501e-05,9
nag,50,5.513832155329986e-05,9
nag,50,0.0001584891327228,9
nag,50,0.0,9
nag,50,0.000169487204931,9
nag,50,2.3263435217971627e-05,9
nag,50,8.446219613211555e-05,9
nag,50,5.7297504367331066e-05,9
nag,50,5.325919165741314e-05,9
nag,50,9.869928860459882e-05,9
nag,50,7.65836428910032e-05,9
nag,50,0.0002069075985298,9
nag,50,0.000295671587825,9
nag,50,9.184566941115011e-05,9
nag,50,4.062640551383298e-05,9
nag,50,0.0002705148542281,9
nag,50,1.8046110572752533e-05,9
nag,50,0.0,9
nag,50,3.3291595425728806e-05,9
nag,50,0.0001467046316934,9
nag,50,0.0001147991322844,9
nag,50,4.604913013754688e-05,9
nag,50,0.0001066904969261,9
nag,50,0.0002526793256546,9
nag,50,6.685945110686622e-05,9
nag,50,0.0006843987897437,9
nag,50,7.481979920046486e-05,9
nag,50,0.0005062503628033,9
nag,50,4.198079069126494e-05,9
nag,50,2.843682894274164e-05,9
nag,50,0.0001638961342788,9
nag,50,7.04252727080896e-05,9
nag,50,1.8015130650726372e-05,9
nag,50,0.0003963615261664,9
nag,50,0.0,9
nag,50,0.0003321993679537,9
nag,50,0.0002129764779575,9
nag,50,6.212083353001525e-05,9
nag,50,4.112683749772468e-05,9
nag,50,0.0001275533176619,9
nag,50,0.0,9
nag,50,6.154426426302827e-05,9
nag,50,0.0001881478776514,9
nag,50,0.0006711247700236,9
nag,50,3.1656003397285955e-05,9
nag,50,4.6579685536216765e-05,9
nag,50,5.588895483157473e-05,9
nag,50,1.607764856139509e-05,9
nag,50,7.579526567530049e-05,9
nag,50,0.0001489822775299,9
nag,50,9.529322784537374e-05,9
nag,50,0.0003932804411323,9
nag,50,0.0004221150202205,9
nag,50,9.109332711618295e-05,9
nag,50,0.0001633230564475,9
nag,50,0.0006585297773733,9
nag,50,2.2173366546310807e-05,9
nag,50,0.0002203358617538,9
nag,50,7.865488731954618e-05,9
nag,50,0.0008308770444603,9
nag,50,0.0,9
nag,50,0.000208162524593,9
nag,50,3.7715871461075625e-05,9
nag,50,0.0001524188286767,9
nag,50,0.0,9
nag,50,0.0001407196589872,9
nag,50,0.0002875951906444,9
nag,50,5.1969906808042206e-05,9
nag,50,0.0001095915513547,9
bg,50,5.188351806325125e-07,9
bg,50,5.876054714503777e-07,9
bg,50,1.011340418192485e-06,9
bg,50,5.611310182870665e-07,9
bg,50,1.1726256540271853e-07,9
bg,50,6.094000555808166e-07,9
bg,50,7.032004486603377e-07,9
bg,50,5.498390038439284e-07,9
bg,50,4.175580808365318e-07,9
bg,50,7.729855993062746e-07,9
bg,50,5.408559893895659e-07,9
bg,50,5.280795675352318e-07,9
bg,50,8.61864405651809e-07,9
bg,50,5.845285551178155e-07,9
bg,50,4.53048887586486e-07,9
bg,50,4.502931003193189e-07,9
bg,50,2.3476711148197501e-07,9
bg,50,4.771972753979823e-07,9
bg,50,3.828998422054721e-07,9
bg,50,8.672346105326618e-07,9
bg,50,6.016809179071942e-07,9
bg,50,9.50359337084298e-07,9
bg,50,5.660053773370587e-07,9
bg,50,3.6359527095830004e-07,9
bg,50,5.388246377232976e-07,9
bg,50,8.689358256909273e-07,9
bg,50,6.217454348693944e-07,9
bg,50,3.544825683033459e-07,9
bg,50,6.818178117307982e-07,9
bg,50,8.180245272509313e-07,9
bg,50,3.527957178452237e-07,9
bg,50,6.02020247626329e-07,9
bg,50,7.324216574326446e-07,9
bg,50,4.711867553618487e-07,9
bg,50,5.513747928551011e-07,9
bg,50,4.075958092065566e-07,9
bg,50,5.534176995134221e-07,9
bg,50,3.28120837613133e-07,9
bg,50,5.025489262118918e-07,9
bg,50,4.251593535753158e-07,9
bg,50,4.696271234939601e-07,9
bg,50,8.4487498929795e-07,9
bg,50,6.399506088776423e-07,9
bg,50,4.971908143076883e-07,9
bg,50,3.178219910532337e-07,9
bg,50,2.224432986836983e-07,9
bg,50,9.945257100160835e-07,9
bg,50,6.036014988905664e-07,9
bg,50,7.968719026360389e-07,9
bg,50,5.122629341020734e-07,9
bg,50,6.892386497667066e-07,9
bg,50,5.073541045913706e-07,9
bg,50,7.588615322059814e-07,9
bg,50,3.796268602547479e-07,9
bg,50,4.243024562017528e-07,9
bg,50,2.9022223799114176e-07,9
bg,50,4.794706400848308e-07,9
bg,50,4.591858206659087e-07,9
bg,50,3.978562241039572e-07,9
bg,50,5.117451753418364e-07,9
bg,50,5.281385735237771e-07,9
bg,50,2.369326191050469e-07,9
bg,50,1.000116598928127e-06,9
bg,50,4.1474886661301754e-07,9
bg,50,9.797023465654813e-07,9
bg,50,6.40972245816071e-07,9
bg,50,1.1548222706793474e-06,9
bg,50,5.067873945416384e-07,9
bg,50,6.351304303726171e-07,9
bg,50,8.751034817858473e-07,9
bg,50,4.047251169003899e-07,9
bg,50,4.566480685606e-07,9
bg,50,8.76733787001572e-07,9
bg,50,4.996985921325643e-07,9
bg,50,1.143359443426678e-06,9
bg,50,5.56639028484497e-07,9
bg,50,6.516743720160095e-07,9
bg,50,4.1791885466022083e-07,9
bg,50,4.721310680460959e-07,9
bg,50,2.677833700355864e-07,9
bg,50,7.199120799757775e-07,9
bg,50,6.331738043446409e-07,9
bg,50,6.646187048050524e-07,9
bg,50,6.141375127915234e-07,9
bg,50,5.855372345964216e-07,9
bg,50,6.077272974402179e-07,9
bg,50,3.5221620825482713e-07,9
bg,50,4.884070444320117e-07,9
bg,50,4.867712707634466e-07,9
bg,50,6.517933620119915e-07,9
bg,50,2.872101158370429e-07,9
bg,50,4.257711482073511e-07,9
bg,50,7.653044294853401e-07,9
bg,50,9.103602459491766e-07,9
bg,50,5.999655613273762e-07,9
bg,50,8.273911910861194e-07,9
bg,50,5.622235062070427e-07,9
bg,50,6.621019481391011e-07,9
bg,50,6.222522059864503e-07,9
bg,50,2.421905173709395e-07,9
bg,50,7.433959518369185e-07,9
bg,50,4.594857159783731e-07,9
bg,50,8.635502647782064e-07,9
bg,50,7.216044062151474e-07,9
bg,50,7.79475284443293e-07,9
bg,50,7.045697734064648e-07,9
bg,50,3.7722674118599666e-07,9
bg,50,6.321368410836587e-07,9
bg,50,4.38718405035714e-07,9
bg,50,5.797025525844378e-07,9
bg,50,8.801651600047724e-07,9
bg,50,4.895450102514168e-07,9
bg,50,7.270077372103003e-07,9
bg,50,6.954352267116575e-07,9
bg,50,4.018224867909743e-07,9
bg,50,5.852268141764274e-07,9
bg,50,6.545813068593948e-07,9
bg,50,5.211657163729359e-07,9
bg,50,6.774566866992875e-07,9
bg,50,6.161614111119326e-07,9
bg,50,4.294146333213991e-07,9
bg,50,3.846535301307357e-07,9
bg,50,5.429631070824247e-07,9
bg,50,6.051502178415451e-07,9
bg,50,5.782590892868995e-07,9
bg,50,5.171851638836655e-07,9
bg,50,5.671784766647492e-07,9
bg,50,5.467668314599688e-07,9
bg,50,7.486477433484391e-07,9
bg,50,6.040337690974159e-07,9
bg,50,4.708564161710561e-07,9
bg,50,4.702562877384217e-07,9
bg,50,5.858335490401743e-07,9
bg,50,3.243508650596109e-07,9
bg,50,7.22580852345651e-07,9
bg,50,6.266001603485211e-07,9
bg,50,9.376791413692622e-07,9
bg,50,6.976428155994195e-07,9
bg,50,5.758184750137615e-07,9
bg,50,8.36985383354562e-07,9
bg,50,8.505222502579077e-07,9
bg,50,9.495393164985864e-07,9
bg,50,5.612357450840408e-07,9
bg,50,5.786871198230428e-07,9
bg,50,4.571914073281541e-07,9
bg,50,8.495791028671199e-07,9
bg,50,7.759414434051123e-07,9
bg,50,3.628023079657592e-07,9
bg,50,4.878748404978578e-07,9
bg,50,7.077382124064907e-07,9
bg,50,3.515367767376315e-07,9
bg,50,4.498044924835115e-07,9
bg,50,5.514450792009252e-07,9
bg,50,3.7832358184154707e-07,9
bg,50,5.682128612906971e-07,9
bg,50,6.382494608154534e-07,9
bg,50,5.836379776211368e-07,9
bg,50,7.029301517522406e-07,9
bg,50,3.623239147978899e-07,9
bg,50,5.998148124599376e-07,9
bg,50,7.274022306478813e-07,9
bg,50,5.679241880789698e-07,9
bg,50,3.772336522569412e-07,9
bg,50,3.576291474480732e-07,9
bg,50,8.229836346661012e-07,9
bg,50,5.455638128597547e-07,9
bg,50,2.7095485727814986e-07,9
bg,50,4.504220282845527e-07,9
bg,50,2.123525033648517e-07,9
bg,50,3.456161600259088e-07,9
bg,50,3.870751894225273e-07,9
bg,50,5.600240102514679e-07,9
bg,50,6.583634534063865e-07,9
bg,50,6.302849335099577e-07,9
bg,50,5.164401888743192e-07,9
bg,50,3.367938704128831e-07,9
bg,50,3.2909691045274e-07,9
bg,50,6.911618581521449e-07,9
bg,50,3.987131120464368e-07,9
bg,50,5.855575713393462e-07,9
bg,50,4.2210081224692025e-07,9
bg,50,5.201301948658214e-07,9
bg,50,5.456598534585823e-07,9
bg,50,7.664544683137746e-07,9
bg,50,5.350338145801946e-07,9
bg,50,4.803841794810943e-07,9
bg,50,1.3746314615732633e-07,9
bg,50,4.220768261035503e-07,9
bg,50,6.82928936488552e-07,9
bg,50,1.0968839639699273e-06,9
bg,50,4.537767918907319e-07,9
bg,50,3.324990486031102e-07,9
bg,50,9.568668919006029e-07,9
bg,50,5.590097377928633e-07,9
bg,50,7.514654979115923e-07,9
bg,50,4.575175112130264e-07,9
bg,50,3.713171608748593e-07,9
bg,50,5.774177422652247e-07,9
bg,50,7.514419910977582e-07,9
bg,50,5.270820147336889e-07,9
bg,50,5.920672182760031e-07,9
bg,50,7.819056182859813e-07,9
bg,50,5.48110429749248e-07,9
bg,50,3.10521779202234e-07,9
bg,50,4.192332126520173e-07,9
bg,50,3.477172361226062e-07,9
bg,50,3.529851279854126e-07,9
bg,50,2.2660837703976587e-07,9
bg,50,5.25638571483924e-07,9
bg,50,5.290741490599584e-07,9
bg,50,7.602730245167982e-07,9
bg,50,6.098032559702826e-07,9
bg,50,3.1376787907817306e-07,9
bg,50,3.30740196679497e-07,9
bg,50,6.472050838272372e-07,9
bg,50,3.4377194714016297e-07,9
bg,50,5.282812699220611e-07,9
bg,50,4.1342988304940067e-07,9
bg,50,7.108031867435187e-07,9
bg,50,5.408827209186033e-07,9
bg,50,4.895595543156731e-07,9
bg,50,3.333298588725581e-07,9
bg,50,4.6029050721525954e-07,9
bg,50,1.0722118254009535e-06,9
bg,50,7.95278399406251e-07,9
bg,50,7.692213512600134e-07,9
bg,50,6.847429965972768e-07,9
bg,50,4.878284036010099e-07,9
bg,50,3.760635745645455e-07,9
bg,50,3.668951048838208e-07,9
bg,50,1.025833647927734e-06,9
bg,50,3.847291789513574e-07,9
bg,50,5.32978800926019e-07,9
bg,50,6.019695394805832e-07,9
bg,50,3.363084584796135e-07,9
bg,50,5.482937722700576e-07,9
bg,50,5.650950226620145e-07,9
bg,50,6.958930234426721e-07,9
bg,50,3.073606145012735e-07,9
bg,50,1.005411913164617e-06,9
bg,50,1.233508103726193e-06,9
bg,50,5.221162432824058e-07,9
bg,50,3.364515759227682e-07,9
bg,50,3.562352775194114e-07,9
bg,50,7.615317730007948e-07,9
bg,50,4.306600354307792e-07,9
bg,50,5.340214095028851e-07,9
bg,50,4.2186927662421466e-07,9
bg,50,6.54831211961517e-07,9
bg,50,4.617120007361425e-07,9
bg,50,6.732594665300152e-07,9
bg,50,5.202820659877594e-07,9
bg,50,3.210076793562677e-07,9
bg,50,1.2072743075810967e-06,9
bg,50,4.079285687187483e-07,9
bg,50,5.364117416615722e-07,9
bg,50,6.16576606219665e-07,9
bg,50,7.182683749005543e-07,9
bg,50,6.356104485884787e-07,9
bg,50,7.38269967025557e-07,9
bg,50,6.154786028818544e-07,9
bg,50,7.020177089844209e-07,9
bg,50,4.6170528399819234e-07,9
bg,50,3.223909765109686e-07,9
bg,50,4.220609128703393e-07,9
bg,50,4.09617087815555e-07,9
bg,50,1.1013805704160058e-06,9
bg,50,4.292920480089989e-07,9
bg,50,4.3468747607806577e-07,9
bg,50,6.130852924701508e-07,9
bg,50,6.511926830238064e-07,9
bg,50,8.745674047094857e-07,9
bg,50,3.52486133066631e-07,9
bg,50,4.801849882753057e-07,9
bg,50,8.446066876969896e-07,9
bg,50,5.82912797706593e-07,9
bg,50,9.276146610459484e-07,9
bg,50,5.099820384651579e-07,9
bg,50,9.075307016602966e-07,9
bg,50,5.835418590031484e-07,9
bg,50,3.1237786655199034e-07,9
bg,50,4.799746608583112e-07,9
bg,50,5.830095363260453e-07,9
bg,50,7.383589768279651e-07,9
bg,50,3.768156949255283e-07,9
bg,50,6.452544230576129e-07,9
bg,50,4.02230773869645e-07,9
bg,50,3.878504137218466e-07,9
bg,50,6.671152807770502e-07,9
bg,50,4.830138821300807e-07,9
bg,50,1.0432560960167065e-06,9
bg,50,6.055971419523839e-07,9
bg,50,5.771941257301123e-07,9
bg,50,2.2001117830462707e-07,9
bg,50,4.4226959010988113e-07,9
bg,50,4.748895799075615e-07,9
bg,50,6.6338473025837e-07,9
bg,50,3.3943509864242714e-07,9
bg,50,3.5377981550299114e-07,9
bg,50,7.713685074861887e-07,9
bg,50,4.594321308647102e-07,9
bg,50,5.06019484514795e-07,9
bg,50,3.31256538054382e-07,9
bg,50,5.344612249974029e-07,9
bg,50,3.087720899951823e-07,9
bg,50,5.523267971279529e-07,9
bg,50,3.7716685471490545e-07,9
bg,50,4.613665624797861e-07,9
bg,50,3.277844135176482e-07,9
bg,50,3.877196497248697e-07,9
bg,50,6.538682127041125e-07,9
bg,50,3.492182257838874e-07,9
bg,50,7.27175920423375e-07,9
bg,50,1.0541174328291511e-06,9
bg,50,3.966687288089064e-07,9
bg,50,4.935453017508307e-07,9
bg,50,5.61482733714808e-07,9
bg,50,5.728630066399309e-07,9
bg,50,3.251649432938931e-07,9
bg,50,6.238070737250384e-07,9
bg,50,4.315787784460511e-07,9
bg,50,9.197932302799708e-07,9
bg,50,4.284779113039467e-07,9
bg,50,6.449553979530415e-07,9
bg,50,5.540693570590132e-07,9
bg,50,5.56066406535707e-07,9
bg,50,5.94731438639871e-07,9
bg,50,4.988242759146269e-07,9
bg,50,8.035880897841507e-07,9
bg,50,6.525427891658338e-07,9
bg,50,3.4472780263459477e-07,9
bg,50,3.9329971790272953e-07,9
bg,50,7.851327733961703e-07,9
bg,50,3.74308322543111e-07,9
bg,50,1.050033934551048e-06,9
bg,50,1.301545625340825e-06,9
bg,50,3.658560611626152e-07,9
bg,50,3.601847885518582e-07,9
bg,50,4.76120764877447e-07,9
bg,50,7.103762991193317e-07,9
bg,50,6.638581938387344e-07,9
bg,50,4.909739634180845e-07,9
bg,50,5.677212213738988e-07,9
bg,50,4.179723118251742e-07,9
bg,50,4.82349998918173e-07,9
bg,50,5.469510248209324e-07,9
bg,50,5.718175793968639e-07,9
bg,50,6.446624186627076e-07,9
bg,50,5.211252424738077e-07,9
bg,50,4.6385986238912154e-07,9
bg,50,5.314085592215997e-07,9
bg,50,5.523562947240754e-07,9
bg,50,7.527700325947858e-07,9
bg,50,1.8109808703050586e-07,9
bg,50,5.645218295978921e-07,9
bg,50,6.535240545080435e-07,9
bg,50,4.992961255902048e-07,9
bg,50,2.481250009541396e-07,9
bg,50,7.892350855898588e-07,9
bg,50,4.5576887986658466e-07,9
bg,50,5.11011922534166e-07,9
bg,50,4.238595890942977e-07,9
bg,50,3.437718906682426e-07,9
bg,50,5.283081365306415e-07,9
bg,50,4.2498244764623364e-07,9
bg,50,9.763147400631065e-07,9
bg,50,6.774102904294982e-07,9
bg,50,3.308531105393397e-07,9
bg,50,4.408530356513837e-07,9
bg,50,6.063027753898455e-07,9
bg,50,6.023916713366152e-07,9
bg,50,5.73893948741971e-07,9
bg,50,6.933137976102406e-07,9
bg,50,7.619113051255803e-07,9
bg,50,4.637224276609917e-07,9
bg,50,8.805018825977182e-07,9
bg,50,4.886678697528392e-07,9
bg,50,4.457812973539816e-07,9
bg,50,9.458969195833648e-07,9
bg,50,4.1699522260054596e-07,9
bg,50,4.91962833723389e-07,9
bg,50,4.465914323623335e-07,9
bg,50,4.903200745530931e-07,9
bg,50,5.892715985301985e-07,9
bg,50,6.888901827880426e-07,9
bg,50,4.425621977876113e-07,9
bg,50,3.227890122944573e-07,9
bg,50,4.771237018329459e-07,9
bg,50,3.704268510858224e-07,9
bg,50,6.407718748161966e-07,9
bg,50,3.87874194160177e-07,9
bg,50,4.655289094044039e-07,9
bg,50,3.361138144859908e-07,9
bg,50,6.550211560673668e-07,9
bg,50,3.242441542379501e-07,9
bg,50,9.859195018917411e-07,9
bg,50,6.117670470397341e-07,9
bg,50,7.46110393398283e-07,9
bg,50,8.175721441765846e-07,9
bg,50,3.694477168545334e-07,9
bg,50,5.642510153936468e-07,9
bg,50,6.183408329647392e-07,9
bg,50,4.739184680760631e-07,9
bg,50,5.563075689549097e-07,9
bg,50,3.7541797174189875e-07,9
bg,50,6.971727305715718e-07,9
bg,50,4.04687812486568e-07,9
bg,50,4.256057452213719e-07,9
bg,50,3.623093845949837e-07,9
bg,50,5.710053955181765e-07,9
bg,50,2.939106150267825e-07,9
bg,50,4.4953768611030954e-07,9
bg,50,1.1125126696694102e-06,9
bg,50,5.307971163052908e-07,9
bg,50,8.052006533547111e-07,9
bg,50,9.593589585747932e-07,9
bg,50,5.849505403818941e-07,9
bg,50,4.3735901983171434e-07,9
bg,50,9.01974562048125e-07,9
bg,50,7.135962230998203e-07,9
bg,50,7.673362905182796e-07,9
bg,50,8.705678131687375e-07,9
bg,50,5.852066360739978e-07,9
bg,50,6.193019247675173e-07,9
bg,50,9.59551232988812e-07,9
bg,50,4.856095225482875e-07,9
bg,50,5.751217525428243e-07,9
bg,50,4.8740389446579e-07,9
bg,50,3.446394609514988e-07,9
bg,50,2.4193331884937877e-07,9
bg,50,6.000555304744571e-07,9
bg,50,5.859581972242878e-07,9
bg,50,8.384005719099328e-07,9
bg,50,9.506810379319948e-07,9
bg,50,3.470053125600814e-07,9
bg,50,4.177133712277682e-07,9
bg,50,3.404515655219925e-07,9
bg,50,4.060975079925033e-07,9
bg,50,1.110790316595762e-06,9
bg,50,7.124241609792418e-07,9
bg,50,6.548803742192058e-07,9
bg,50,7.993000763172443e-07,9
bg,50,6.140241332877511e-07,9
bg,50,6.296761418307393e-07,9
bg,50,6.147686721661567e-07,9
bg,50,3.819118855963861e-07,9
bg,50,7.502408880214518e-07,9
bg,50,5.853992871300225e-07,9
bg,50,5.440742384256984e-07,9
bg,50,2.587237422384726e-07,9
bg,50,7.975172296748114e-07,9
bg,50,5.726013028694755e-07,9
bg,50,4.679363440206251e-07,9
bg,50,2.723556277957236e-07,9
bg,50,4.6016195466531066e-07,9
bg,50,5.286247694994102e-07,9
bg,50,7.405788843421052e-07,9
bg,50,1.3815166077369818e-06,9
bg,50,4.429756193552474e-07,9
bg,50,6.024466865686342e-07,9
bg,50,7.512507475638356e-07,9
bg,50,7.638512555067254e-07,9
bg,50,7.701809867794627e-07,9
bg,50,5.63840683447354e-07,9
bg,50,5.770284185550926e-07,9
bg,50,6.278930179192111e-07,9
bg,50,5.718681991305055e-07,9
bg,50,3.748356290661586e-07,9
bg,50,2.960528472513709e-07,9
bg,50,1.052407202160482e-06,9
bg,50,9.543186871445672e-07,9
bg,50,4.0363483710201833e-07,9
bg,50,1.1140246155018275e-06,9
bg,50,3.5879630294725546e-07,9
bg,50,5.904462200726869e-07,9
bg,50,3.587970565358898e-07,9
bg,50,6.543598842387768e-07,9
bg,50,5.814159209074985e-07,9
bg,50,4.088935999574819e-07,9
bg,50,3.198648295657193e-07,9
bg,50,2.809888886931647e-07,9
bg,50,1.0210884411688754e-06,9
bg,50,5.493128774455152e-07,9
bg,50,5.62289702109911e-07,9
bg,50,3.006577574453707e-07,9
bg,50,3.857496564257137e-07,9
bg,50,7.601320605670274e-07,9
bg,50,8.045038117435441e-07,9
bg,50,3.6818522290072996e-07,9
bg,50,5.645061401485468e-07,9
bg,50,5.031005561792399e-07,9
bg,50,4.636456047966596e-07,9
bg,50,6.844852088924866e-07,9
bg,50,6.837630845768282e-07,9
bg,50,5.636532695856692e-07,9
bg,50,2.4936427482536044e-07,9
bg,50,8.039462635914422e-07,9
bg,50,5.885488524598832e-07,9
bg,50,5.976163029329516e-07,9
bg,50,3.7780071582488643e-07,9
