ligand_type,r_max,var_rate,ratio
ag,50,0.0099059441970804,10
ag,50,0.0095833409920151,10
ag,50,0.0216260950720903,10
ag,50,0.0145196186951418,10
ag,50,0.0083538442751097,10
ag,50,0.013100792044556,10
ag,50,0.0028679874170647,10
ag,50,0.0045173349730156,10
ag,50,0.0001099217753443,10
ag,50,0.0013742701401183,10
ag,50,0.0004137939559574,10
ag,50,0.0013440276821106,10
ag,50,0.0008428429132242,10
ag,50,0.0065710533299801,10
ag,50,0.0004702278914512,10
ag,50,0.012936834217004,10
ag,50,0.0079938999847226,10
ag,50,0.0058451813789026,10
ag,50,0.0085033497630247,10
ag,50,0.021605290230741,10
ag,50,0.0121041591391038,10
ag,50,0.0,10
ag,50,0.0242258595799844,10
ag,50,0.0031083693769032,10
ag,50,0.0137377996771441,10
ag,50,0.0376521616175784,10
ag,50,0.0069782487747457,10
ag,50,0.0169623165682675,10
ag,50,0.046552906225231,10
ag,50,0.0220172087966577,10
ag,50,0.0164947570983019,10
ag,50,0.0193928266713631,10
ag,50,0.0015570611105162,10
ag,50,0.0406346017341163,10
ag,50,0.0576870166451023,10
ag,50,0.0032513406758572,10
ag,50,0.0007324811674346,10
ag,50,0.0181247191001018,10
ag,50,0.0051861893493197,10
ag,50,0.0151737282142836,10
ag,50,0.0028056850253924,10
ag,50,0.0035329706364102,10
ag,50,0.0013382015870296,10
ag,50,0.0268321161993113,10
ag,50,0.0293759741337391,10
ag,50,0.0019913518776414,10
ag,50,0.0178054370793222,10
ag,50,0.010097411110372,10
ag,50,0.0055633400329912,10
ag,50,0.0064943570537364,10
ag,50,0.0062689567029816,10
ag,50,0.0423840995629861,10
ag,50,0.011101014496282,10
ag,50,0.0213733275100343,10
ag,50,0.0011481817060345,10
ag,50,0.0082121638264938,10
ag,50,0.0153820977804587,10
ag,50,0.0025759438101703,10
ag,50,0.0127837189154984,10
ag,50,0.0013828458874391,10
ag,50,0.0297059688052364,10
ag,50,0.0241999975544618,10
ag,50,0.0098734526534357,10
ag,50,0.0150735905819221,10
ag,50,0.0929922798020683,10
ag,50,0.0009131426775229,10
ag,50,0.0128835747373659,10
ag,50,0.0039871988771851,10
ag,50,0.0860956509579169,10
ag,50,0.0199283918825711,10
ag,50,0.0017550586456182,10
ag,50,0.0289706836976052,10
ag,50,0.0078944412382075,10
ag,50,0.0012152558341478,10
ag,50,0.0034005594389115,10
ag,50,0.0035238769831427,10
ag,50,0.000405229417034,10
ag,50,0.0123751791685603,10
ag,50,0.0375685369417658,10
ag,50,0.019678189590044,10
ag,50,0.0008541513250599,10
ag,50,0.0112460780858491,10
ag,50,0.0002413483693418,10
ag,50,0.0001205904497799,10
ag,50,0.0672559951558433,10
ag,50,0.0005922781024626,10
ag,50,0.0056922214153105,10
ag,50,0.0008267439296678,10
ag,50,0.0149623801266901,10
ag,50,0.0677821436938912,10
ag,50,0.0298770668323806,10
ag,50,0.0064896541309281,10
ag,50,0.0059725464901093,10
ag,50,0.0098460748318202,10
ag,50,0.0003703089831043,10
ag,50,0.0042512522557004,10
ag,50,0.0033559422428846,10
ag,50,0.0490398070510679,10
ag,50,0.0019998849762153,10
ag,50,0.0208526954319884,10
ag,50,0.0129770944415356,10
ag,50,0.0116173461722688,10
ag,50,0.0723044516167201,10
ag,50,0.0213227338728875,10
ag,50,0.0244344788551364,10
ag,50,0.0130611671511406,10
ag,50,0.0024933415555841,10
ag,50,0.0015469273660137,10
ag,50,0.0010436884020112,10
ag,50,0.0028127325041738,10
ag,50,0.0029905149178851,10
ag,50,0.0236687911541005,10
ag,50,0.0446998246133702,10
ag,50,0.0183158112446268,10
ag,50,0.0025263994343609,10
ag,50,0.0131585155615485,10
ag,50,0.0112333971052076,10
ag,50,0.0052739038062693,10
ag,50,0.0085136272167446,10
ag,50,0.0024857196172281,10
ag,50,0.0035487417934006,10
ag,50,0.0011235552867481,10
ag,50,0.0793455264582332,10
ag,50,0.0002203834759635,10
ag,50,0.0037643708407627,10
ag,50,0.0063814779660294,10
ag,50,0.0118215127209089,10
ag,50,0.0071068192920493,10
ag,50,0.0122731758155106,10
ag,50,0.0112263517303268,10
ag,50,0.0349774104553039,10
ag,50,0.0167926778827834,10
ag,50,0.0042899519307358,10
ag,50,0.0017337389652173,10
ag,50,0.0097458876563573,10
ag,50,0.0296710288454714,10
ag,50,0.0157675156252458,10
ag,50,0.0049915751489152,10
ag,50,0.0014711116414109,10
ag,50,0.0063503353112027,10
ag,50,0.0002868407357024,10
ag,50,0.0079384396263722,10
ag,50,0.0043408530614547,10
ag,50,0.0170968497049824,10
ag,50,0.0124406496697676,10
ag,50,0.0081282363158228,10
ag,50,0.0046108278604983,10
ag,50,0.0404921026804153,10
ag,50,0.0001090856963231,10
ag,50,0.0016131952922286,10
ag,50,0.000770419296811,10
ag,50,0.0153488291319567,10
ag,50,0.0020975439637668,10
ag,50,0.0046438055138105,10
ag,50,0.0085655044497618,10
ag,50,0.001218123163478,10
ag,50,0.0027757717767738,10
ag,50,0.0146138267115987,10
ag,50,0.0339212059107003,10
ag,50,0.0078128097679672,10
ag,50,0.0126440827782359,10
ag,50,0.005237893858522,10
ag,50,0.0109871978472738,10
ag,50,0.0186351088274876,10
ag,50,0.0802331622409426,10
ag,50,0.0035737931208163,10
ag,50,0.025988283400645,10
ag,50,0.0131179530365148,10
ag,50,0.001189108544941,10
ag,50,0.0206181164373309,10
ag,50,0.1028887461972985,10
ag,50,0.002790355384136,10
ag,50,0.0024223116229349,10
ag,50,0.0044758755469042,10
ag,50,0.0130226841575979,10
ag,50,0.0030822487412009,10
ag,50,0.0059629280528434,10
ag,50,0.0116316195838415,10
ag,50,0.0078507256723777,10
ag,50,0.006214517200954,10
ag,50,0.0149284173864273,10
ag,50,0.0017892645413876,10
ag,50,0.004960117739791,10
ag,50,0.0182406962814365,10
ag,50,0.0002576048367793,10
ag,50,0.0094015742973168,10
ag,50,0.0011365434302825,10
ag,50,0.0175017192761217,10
ag,50,0.0131202069933529,10
ag,50,0.0222983281164037,10
ag,50,0.0128943046044471,10
ag,50,0.0107066956223515,10
ag,50,0.0022836007020966,10
ag,50,0.0150174131562748,10
ag,50,0.0051391417555509,10
ag,50,0.0064600616857938,10
ag,50,0.0005385892957465,10
ag,50,0.0252035974953113,10
ag,50,0.0300388933879243,10
ag,50,0.0036241650966172,10
ag,50,0.0415009796769011,10
ag,50,0.0003509405446702,10
ag,50,0.0050771790436275,10
ag,50,0.028732080975262,10
ag,50,0.0043816848004581,10
ag,50,0.0581420195570953,10
ag,50,0.0128463853014765,10
ag,50,0.0039607736768631,10
ag,50,0.0080014022313643,10
ag,50,0.0026817645636988,10
ag,50,0.0010364585627366,10
ag,50,0.0007509905528992,10
ag,50,0.0033306727541107,10
ag,50,0.0071440469737097,10
ag,50,0.0236099653954918,10
ag,50,0.0153302213015112,10
ag,50,0.019924827141806,10
ag,50,0.0134480922052809,10
ag,50,0.0096119689600084,10
ag,50,0.0047679556513402,10
ag,50,0.0088044532192987,10
ag,50,0.0076165873453964,10
ag,50,0.0004969554324645,10
ag,50,0.1042797141728444,10
ag,50,0.005655262046315,10
ag,50,0.0069283237061702,10
ag,50,0.000588115212469,10
ag,50,0.0178035843901291,10
ag,50,0.0048681192405436,10
ag,50,0.0009561626053507,10
ag,50,0.0038040844571898,10
ag,50,0.0120449572925135,10
ag,50,0.0016210385483532,10
ag,50,0.0075159883332498,10
ag,50,0.0026293384308245,10
ag,50,0.0303157979038301,10
ag,50,0.0033226967474412,10
ag,50,0.0085030269247209,10
ag,50,0.0200841992997651,10
ag,50,0.0062765600392766,10
ag,50,0.001469024245726,10
ag,50,0.0102919615414784,10
ag,50,0.000979985077398,10
ag,50,0.009389541112324,10
ag,50,0.0079590090354562,10
ag,50,0.0353644259677472,10
ag,50,0.0065491524197051,10
ag,50,0.0110607066598905,10
ag,50,0.0097812657038137,10
ag,50,0.0082553513490964,10
ag,50,0.0391088388437508,10
ag,50,0.0221334112362599,10
ag,50,0.0042068360793772,10
ag,50,0.0126994651182368,10
ag,50,0.0139226822090494,10
ag,50,0.0130666145235415,10
ag,50,0.1211967535570238,10
ag,50,0.0021105664640373,10
ag,50,0.0160601669499478,10
ag,50,0.0307696907177246,10
ag,50,0.0436924820069158,10
ag,50,0.002335458568328,10
ag,50,0.0012183370334149,10
ag,50,0.0015929106168984,10
ag,50,0.0011843487858356,10
ag,50,0.0034108915247226,10
ag,50,0.0873178457909716,10
ag,50,0.0045148027838847,10
ag,50,0.0219105174738526,10
ag,50,0.0022009200118836,10
ag,50,0.0134343595765668,10
ag,50,0.0237273015729755,10
ag,50,0.0079867125086049,10
ag,50,0.0288151216829029,10
ag,50,0.0074298765725352,10
ag,50,0.0025681926802902,10
ag,50,0.0060151685605128,10
ag,50,0.0097009581247551,10
ag,50,0.0025339797336963,10
ag,50,0.0269835978380473,10
ag,50,0.0148431432222372,10
ag,50,0.002850289042896,10
ag,50,0.0242378308333374,10
ag,50,0.0048010056255654,10
ag,50,0.0124210685073676,10
ag,50,0.028442069762052,10
ag,50,0.0060123277830768,10
ag,50,0.0037696090693472,10
ag,50,0.0084847037252567,10
ag,50,0.0006416426768129,10
ag,50,0.0404450413365115,10
ag,50,0.0177232160420317,10
ag,50,0.0310152608962409,10
ag,50,0.0026232960302025,10
ag,50,0.017862254040652,10
ag,50,0.0153244532330008,10
ag,50,0.0031851394171677,10
ag,50,0.0166852413525568,10
ag,50,0.0020058749965237,10
ag,50,0.0368037607169296,10
ag,50,0.0218864777606161,10
ag,50,0.0560672982671761,10
ag,50,0.0131561583188346,10
ag,50,0.0056502681783182,10
ag,50,0.0286672718138754,10
ag,50,0.0017040908035248,10
ag,50,0.0269885803473633,10
ag,50,0.0010709915579488,10
ag,50,0.0093603737700215,10
ag,50,0.0125087161027175,10
ag,50,0.0013699183302325,10
ag,50,0.0096345729832003,10
ag,50,0.0031395356363636,10
ag,50,0.0386590446847438,10
ag,50,0.0017465957012879,10
ag,50,0.0019647247431841,10
ag,50,0.0004473311625626,10
ag,50,0.0024312364613063,10
ag,50,0.0031040250173383,10
ag,50,0.0163131453511553,10
ag,50,0.0023460157972363,10
ag,50,0.0106548620773851,10
ag,50,0.0016045190649076,10
ag,50,0.0171654633650739,10
ag,50,0.0138985889341992,10
ag,50,0.0191377604500534,10
ag,50,0.0057234259946444,10
ag,50,0.001037282703475,10
ag,50,0.0026786027228349,10
ag,50,0.02090176884344,10
ag,50,8.508788254017314e-05,10
ag,50,0.0115632057932576,10
ag,50,0.0043553098937354,10
ag,50,0.002672061470409,10
ag,50,0.031939936077856,10
ag,50,0.0109277939001615,10
ag,50,0.0078423209392791,10
ag,50,0.0224480631655386,10
ag,50,0.0491607982720851,10
ag,50,0.0240395575430022,10
ag,50,0.0141384867979236,10
ag,50,0.0074740864326838,10
ag,50,0.0158038540295664,10
ag,50,0.0006222663532262,10
ag,50,0.0464770189244169,10
ag,50,0.0157617871636482,10
ag,50,0.0044489804243614,10
ag,50,0.0247057444940627,10
ag,50,0.0109672924579772,10
ag,50,0.0261450260757286,10
ag,50,0.0093691853802564,10
ag,50,0.0095314759374957,10
ag,50,0.0054156106957696,10
ag,50,0.0142132791185943,10
ag,50,0.000480115040112,10
ag,50,0.0039798345679148,10
ag,50,0.0171070368210528,10
ag,50,0.0049664322660637,10
ag,50,0.0011340114398635,10
ag,50,0.0113788912670788,10
ag,50,0.0038780842896238,10
ag,50,0.0390464614201171,10
ag,50,0.0082616691063964,10
ag,50,0.0161412679642891,10
ag,50,0.0068025766334185,10
ag,50,0.0272510952861044,10
ag,50,0.0200120196735059,10
ag,50,0.0246585878642547,10
ag,50,0.0131115460517673,10
ag,50,0.00412031519114,10
ag,50,0.0175658611146736,10
ag,50,0.0036475091678654,10
ag,50,0.0032887558359915,10
ag,50,0.0040833748709839,10
ag,50,0.0311675798555939,10
ag,50,0.0034940442742163,10
ag,50,0.045957354535069,10
ag,50,0.0,10
ag,50,0.0410767591377333,10
ag,50,0.0006908852754152,10
ag,50,0.0721742305360432,10
ag,50,0.0199319769192563,10
ag,50,0.0039584021865726,10
ag,50,0.0218854082821293,10
ag,50,0.0205971627762714,10
ag,50,0.0064797123116242,10
ag,50,0.023091387541909,10
ag,50,0.0094310506430369,10
ag,50,0.032526300817542,10
ag,50,0.0601705226079714,10
ag,50,0.0101525503429186,10
ag,50,0.0039804326209292,10
ag,50,0.0152761762134444,10
ag,50,0.0271413093012459,10
ag,50,0.0013084300637059,10
ag,50,0.0495995307058758,10
ag,50,0.0026496270674247,10
ag,50,0.0135331971067615,10
ag,50,0.0360947287286762,10
ag,50,0.0188358577177021,10
ag,50,0.0050690938421889,10
ag,50,0.0218381448897119,10
ag,50,0.0048024979837487,10
ag,50,0.0038709735146938,10
ag,50,0.0159878482203189,10
ag,50,0.0002371037415355,10
ag,50,0.0035118401838304,10
ag,50,0.0028668206471336,10
ag,50,0.0072627083926097,10
ag,50,0.0222537538832924,10
ag,50,0.0248709107133892,10
ag,50,0.0490534902722284,10
ag,50,0.0332058644312141,10
ag,50,0.0273306136318225,10
ag,50,0.0001941934413649,10
ag,50,0.0087810202303888,10
ag,50,0.0044709393634232,10
ag,50,0.0061054261265781,10
ag,50,0.0020420672043345,10
ag,50,0.0090387303483262,10
ag,50,0.0030945941843826,10
ag,50,0.0049857404202772,10
ag,50,0.0046803487610709,10
ag,50,0.0366703635757897,10
ag,50,0.0013696630550383,10
ag,50,0.0048971971394771,10
ag,50,0.0038216981812976,10
ag,50,0.0012132106934558,10
ag,50,0.1104206217163536,10
ag,50,0.0050763346852769,10
ag,50,0.005002232318683,10
ag,50,0.0038831138325607,10
ag,50,0.0074391016311213,10
ag,50,0.0760660306593979,10
ag,50,0.0013958342356326,10
ag,50,0.0049562146026316,10
ag,50,0.0017543403154587,10
ag,50,0.0014354382817946,10
ag,50,0.0138907408976077,10
ag,50,0.0046926996525973,10
ag,50,0.0107276367053953,10
ag,50,0.0166268000546689,10
ag,50,0.0012505793526837,10
ag,50,0.0473828055617128,10
ag,50,0.0087451400779761,10
ag,50,0.0403112971729365,10
ag,50,0.0022705938735727,10
ag,50,0.0085407450177162,10
ag,50,0.0127376036986587,10
ag,50,0.0074871480791127,10
ag,50,0.0556654312723275,10
ag,50,0.0236398723091589,10
ag,50,0.0108932145532392,10
ag,50,0.0108461380866937,10
ag,50,0.0186669880087255,10
ag,50,0.0115635540064757,10
ag,50,0.0023844866618792,10
ag,50,0.0014170097681975,10
ag,50,0.0186235439567187,10
ag,50,0.0149830613653117,10
ag,50,0.0060900721197315,10
ag,50,0.0064622915004823,10
ag,50,0.0011290509032555,10
ag,50,0.0019071038838894,10
ag,50,0.0090172739807642,10
ag,50,0.0044484838258927,10
ag,50,0.0062969727071983,10
ag,50,0.0169748328251632,10
ag,50,0.0174182115908935,10
ag,50,0.0095427130783937,10
ag,50,0.0011697309639838,10
ag,50,0.0007581021991701,10
ag,50,0.0056217310541684,10
ag,50,0.0031801568221205,10
ag,50,0.0043782893695317,10
ag,50,0.0030609436978405,10
ag,50,0.0030868855205798,10
ag,50,0.0056001906641438,10
ag,50,0.0364124520755999,10
ag,50,0.0195336956334501,10
ag,50,0.014187382393934,10
ag,50,0.0663602630697584,10
ag,50,0.031960768307008,10
ag,50,0.0069847651250561,10
ag,50,0.0224514029627789,10
ag,50,0.0307911482955587,10
ag,50,0.0232842816703097,10
ag,50,0.0278389205010795,10
ag,50,0.0008141758009656,10
ag,50,0.0516809989198986,10
ag,50,0.0056313061537185,10
ag,50,0.0036460023939962,10
ag,50,0.0014796273972637,10
ag,50,0.0003067758688829,10
ag,50,0.0286500882135832,10
ag,50,0.0110001104702397,10
ag,50,0.0034861160474377,10
ag,50,0.0209724356768668,10
ag,50,0.0469201747628531,10
ag,50,0.003774159470506,10
nag,50,0.0001736412061537,10
nag,50,0.0,10
nag,50,0.0001874710462756,10
nag,50,1.5513740804280795e-05,10
nag,50,2.4680548246099433e-05,10
nag,50,2.77997729406762e-05,10
nag,50,0.0001210949634936,10
nag,50,0.0001533122683846,10
nag,50,8.104587771110453e-05,10
nag,50,0.000243081440482,10
nag,50,0.0001996593015191,10
nag,50,1.1595821938076798e-05,10
nag,50,0.0,10
nag,50,0.0,10
nag,50,0.000466545523561,10
nag,50,0.0003807756114843,10
nag,50,0.0006074068815562,10
nag,50,1.8467207237960738e-05,10
nag,50,0.000257998784112,10
nag,50,0.0001917799983342,10
nag,50,0.0006395390157464,10
nag,50,8.424590883800335e-05,10
nag,50,0.0,10
nag,50,0.0,10
nag,50,0.0,10
nag,50,0.0,10
nag,50,7.12288430029067e-05,10
nag,50,1.53537160603651e-05,10
nag,50,0.0002068345716474,10
nag,50,0.0,10
nag,50,1.1276150766922996e-05,10
nag,50,0.0001402767523623,10
nag,50,3.385365414173063e-05,10
nag,50,0.0001772501035597,10
nag,50,0.0001828479541351,10
nag,50,6.032265987818091e-05,10
nag,50,5.535680383754783e-05,10
nag,50,0.0008217128021721,10
nag,50,0.0,10
nag,50,0.0001229755753792,10
nag,50,1.520380779357876e-05,10
nag,50,1.7902457426907468e-05,10
nag,50,1.4351011564516795e-05,10
nag,50,0.0001793086342521,10
nag,50,0.000308084787415,10
nag,50,2.5889522713057136e-05,10
nag,50,0.0002974434782144,10
nag,50,0.0,10
nag,50,8.367287910293096e-05,10
nag,50,2.9403320677959816e-05,10
nag,50,0.0002591658407602,10
nag,50,2.201479472002776e-05,10
nag,50,0.001075023332399,10
nag,50,0.0014821574538586,10
nag,50,0.0,10
nag,50,0.0002450687207547,10
nag,50,0.0003146469072317,10
nag,50,0.0002402937835433,10
nag,50,0.0013062664233208,10
nag,50,5.1127069839712976e-06,10
nag,50,6.216891317677732e-05,10
nag,50,0.0001137356353105,10
nag,50,0.0004455196450438,10
nag,50,0.0003146926518384,10
nag,50,3.0396903628347175e-05,10
nag,50,2.079073830655662e-05,10
nag,50,7.150444192948995e-05,10
nag,50,8.957103550893325e-05,10
nag,50,0.0002354567710293,10
nag,50,0.0004352200443674,10
nag,50,5.502489409662804e-05,10
nag,50,0.0003563218664754,10
nag,50,0.0001242846749972,10
nag,50,0.0005404222640463,10
nag,50,0.0004579859121338,10
nag,50,0.0003766101525869,10
nag,50,0.000325162055186,10
nag,50,8.915506234656444e-05,10
nag,50,4.674004465402127e-05,10
nag,50,1.802524446729489e-05,10
nag,50,6.399096514800878e-05,10
nag,50,0.0003968791745462,10
nag,50,8.920193459156834e-06,10
nag,50,0.000132327269763,10
nag,50,2.444066453811208e-05,10
nag,50,0.0,10
nag,50,0.0001471682323371,10
nag,50,0.0001006167901689,10
nag,50,0.0001274620870739,10
nag,50,7.079910119959112e-05,10
nag,50,0.0001678794987066,10
nag,50,3.9515964571509915e-05,10
nag,50,2.609280049864847e-05,10
nag,50,0.0001204188925366,10
nag,50,3.5196771454777955e-05,10
nag,50,0.0001011704402314,10
nag,50,0.0002578295162665,10
nag,50,0.0002217222383168,10
nag,50,0.0001943630865,10
nag,50,0.000183854648898,10
nag,50,5.5680607000693425e-05,10
nag,50,5.5473548244236104e-05,10
nag,50,2.029309269008896e-05,10
nag,50,2.7921848339068995e-05,10
nag,50,0.0001306456961238,10
nag,50,0.0,10
nag,50,8.09591708255371e-05,10
nag,50,1.7362727992538082e-05,10
nag,50,0.0001430709860874,10
nag,50,0.0,10
nag,50,3.3788402243357196e-05,10
nag,50,3.088319157505869e-05,10
nag,50,1.9898168580156868e-05,10
nag,50,0.0001714924262366,10
nag,50,0.0002075863482465,10
nag,50,4.129280378826704e-05,10
nag,50,1.3525989242965167e-05,10
nag,50,0.0003270635508834,10
nag,50,0.0004875882765615,10
nag,50,0.0001608410465122,10
nag,50,0.0001454158983694,10
nag,50,8.377022770363499e-05,10
nag,50,0.0001729970961767,10
nag,50,0.0007044964496882,10
nag,50,8.273540518530328e-05,10
nag,50,5.473225495543629e-05,10
nag,50,5.761144145506496e-05,10
nag,50,0.0003889804599506,10
nag,50,0.0002971355598457,10
nag,50,0.0001780243745464,10
nag,50,0.0,10
nag,50,0.0001806009623918,10
nag,50,0.0002108096943211,10
nag,50,2.9283016746415917e-05,10
nag,50,6.379779131432597e-05,10
nag,50,4.018312181207642e-05,10
nag,50,0.0001850469418661,10
nag,50,0.0003686640318426,10
nag,50,0.0002234863791925,10
nag,50,9.18678806444709e-05,10
nag,50,0.0001884539468985,10
nag,50,1.1432562782778696e-05,10
nag,50,0.0004690716369223,10
nag,50,4.355171606101206e-05,10
nag,50,0.0001380082190002,10
nag,50,0.0001869366141036,10
nag,50,0.0004163173005198,10
nag,50,0.0002403063263194,10
nag,50,0.0003544446557187,10
nag,50,2.4044065057597556e-05,10
nag,50,1.641111845765378e-05,10
nag,50,1.501393026465951e-05,10
nag,50,2.26311563062012e-05,10
nag,50,3.1144161269651034e-05,10
nag,50,1.2004591078283704e-05,10
nag,50,0.0001544530816701,10
nag,50,0.0,10
nag,50,0.0001004666026961,10
nag,50,0.0,10
nag,50,0.0002939063965484,10
nag,50,4.758846154930098e-05,10
nag,50,0.0,10
nag,50,3.148642666314702e-05,10
nag,50,2.2430674045982584e-05,10
nag,50,0.0001992342012731,10
nag,50,0.0002477298026414,10
nag,50,1.514143811188899e-05,10
nag,50,0.0,10
nag,50,0.0,10
nag,50,3.5742032994860165e-05,10
nag,50,1.681220744682203e-05,10
nag,50,6.206040509238464e-05,10
nag,50,0.000435331381837,10
nag,50,0.0001461953185318,10
nag,50,0.0,10
nag,50,0.0001591276274066,10
nag,50,0.0001184265618162,10
nag,50,4.271949549639062e-05,10
nag,50,0.0001553952180519,10
nag,50,2.6001446555294872e-05,10
nag,50,0.0001935440005997,10
nag,50,1.002397037535547e-05,10
nag,50,6.937374767588636e-05,10
nag,50,8.060304260660633e-05,10
nag,50,1.1199979201308172e-05,10
nag,50,1.2757263205896004e-05,10
nag,50,0.0001458525265003,10
nag,50,0.0001117190317385,10
nag,50,0.0001193928956894,10
nag,50,0.000165848957762,10
nag,50,0.0001522535113514,10
nag,50,5.1552661781869387e-05,10
nag,50,0.0003726161673416,10
nag,50,1.3620462307802144e-05,10
nag,50,0.0004732595884338,10
nag,50,0.0002624086871708,10
nag,50,1.8973269209768047e-05,10
nag,50,6.908757990809082e-05,10
nag,50,0.0003301042401627,10
nag,50,1.7237109765737614e-05,10
nag,50,0.0001082634690421,10
nag,50,1.390524389769242e-05,10
nag,50,4.2089758063952665e-05,10
nag,50,0.0001849720604597,10
nag,50,4.96092992245351e-05,10
nag,50,5.003807416085412e-05,10
nag,50,0.0001330308586345,10
nag,50,0.0001117959861201,10
nag,50,0.0002454387568012,10
nag,50,6.389495893954239e-05,10
nag,50,0.0005833798346148,10
nag,50,0.0,10
nag,50,8.739372865434871e-05,10
nag,50,0.0001688356419331,10
nag,50,7.537150717231037e-05,10
nag,50,9.708213294775892e-05,10
nag,50,2.7161452631496137e-05,10
nag,50,2.245656130856032e-05,10
nag,50,9.615978672040976e-05,10
nag,50,2.0787832439933855e-05,10
nag,50,0.000319933716735,10
nag,50,5.4130864356588486e-05,10
nag,50,0.0003312076910097,10
nag,50,1.363886364405218e-05,10
nag,50,9.710599246352316e-06,10
nag,50,4.02983169751092e-05,10
nag,50,1.509710522370199e-05,10
nag,50,0.0002176373966636,10
nag,50,3.913052304118159e-05,10
nag,50,0.000107033659094,10
nag,50,0.0002065158369561,10
nag,50,0.0002573415734252,10
nag,50,0.0006031928676216,10
nag,50,4.945339204777023e-06,10
nag,50,0.0001903500411003,10
nag,50,0.000106829500956,10
nag,50,0.0001570882643691,10
nag,50,0.0009358284570321,10
nag,50,0.0001670918959363,10
nag,50,0.0004333660750291,10
nag,50,9.2391223015512e-05,10
nag,50,0.0003025918671504,10
nag,50,0.0002541858631679,10
nag,50,0.0001004366630868,10
nag,50,9.453642942912778e-06,10
nag,50,0.0,10
nag,50,0.0001508771589533,10
nag,50,1.9605815332562495e-05,10
nag,50,0.0004943671961069,10
nag,50,4.095089373189529e-05,10
nag,50,2.711248735032081e-05,10
nag,50,0.0007630509174214,10
nag,50,0.0002440540803672,10
nag,50,9.734910383454516e-05,10
nag,50,3.039434678654046e-05,10
nag,50,3.967428142111131e-05,10
nag,50,3.515045556677177e-05,10
nag,50,0.0002013455068609,10
nag,50,0.0,10
nag,50,3.204579967736629e-05,10
nag,50,0.0,10
nag,50,5.200667362020171e-05,10
nag,50,2.8351075064688382e-05,10
nag,50,0.0001863744081948,10
nag,50,8.834313731669257e-05,10
nag,50,0.0001141784391991,10
nag,50,0.0,10
nag,50,8.525326242242176e-06,10
nag,50,0.0,10
nag,50,0.0,10
nag,50,0.000332158366808,10
nag,50,0.0001436550282411,10
nag,50,0.0003286112455657,10
nag,50,0.0,10
nag,50,5.177639407471322e-05,10
nag,50,2.6416001002459264e-05,10
nag,50,0.0002008607447223,10
nag,50,5.6562753497260366e-05,10
nag,50,2.2617723586037947e-05,10
nag,50,0.0001330609181927,10
nag,50,3.311365609722913e-06,10
nag,50,0.0003754265585024,10
nag,50,0.00038112682769,10
nag,50,3.886730135194212e-05,10
nag,50,1.872131456858439e-05,10
nag,50,0.0004803991079494,10
nag,50,2.692820892760055e-05,10
nag,50,5.588675100430409e-05,10
nag,50,3.330761989838939e-05,10
nag,50,8.531226443244363e-05,10
nag,50,5.524509342664969e-05,10
nag,50,1.1016010948096316e-05,10
nag,50,0.0,10
nag,50,2.3169939765887265e-05,10
nag,50,0.0005920173680888,10
nag,50,0.0004977160996074,10
nag,50,0.0,10
nag,50,0.0,10
nag,50,0.0001022613227957,10
nag,50,0.0,10
nag,50,1.603886143384468e-05,10
nag,50,3.4520079420155e-05,10
nag,50,1.009726028158684e-05,10
nag,50,0.0002716051099321,10
nag,50,9.886320885689847e-06,10
nag,50,0.0001967163074737,10
nag,50,1.1461252046110351e-05,10
nag,50,0.0001013514588772,10
nag,50,1.744886401528837e-05,10
nag,50,2.7834456805807985e-05,10
nag,50,9.150912359665547e-05,10
nag,50,0.0,10
nag,50,0.0002091860199711,10
nag,50,4.375460655178809e-05,10
nag,50,0.0002990856405384,10
nag,50,8.020986751137379e-05,10
nag,50,1.01349584207409e-05,10
nag,50,0.0,10
nag,50,0.0001223697291007,10
nag,50,1.191936980251352e-05,10
nag,50,0.0001475887865534,10
nag,50,0.0007050624327132,10
nag,50,2.299130315132556e-05,10
nag,50,4.896966466845054e-06,10
nag,50,0.0002096694372745,10
nag,50,0.0001766089665817,10
nag,50,9.189391319666586e-05,10
nag,50,0.0,10
nag,50,3.584594599141711e-05,10
nag,50,0.0002040398800895,10
nag,50,6.540112062144116e-05,10
nag,50,0.000312177586143,10
nag,50,0.0001245123625153,10
nag,50,0.0001215377763,10
nag,50,3.648217822950059e-05,10
nag,50,0.0001534939441677,10
nag,50,0.0002006004779119,10
nag,50,9.183964346826344e-05,10
nag,50,6.215140710558235e-05,10
nag,50,0.0002294329645224,10
nag,50,0.0001010016191146,10
nag,50,0.0,10
nag,50,0.0,10
nag,50,2.5189453927382697e-05,10
nag,50,0.0,10
nag,50,1.3806383955444874e-05,10
nag,50,6.415023897113784e-05,10
nag,50,5.13808933615985e-06,10
nag,50,3.0913265969216215e-05,10
nag,50,0.0001857500567724,10
nag,50,4.586583518258523e-05,10
nag,50,1.5444312618694552e-05,10
nag,50,7.21959817059892e-05,10
nag,50,8.969098309682063e-05,10
nag,50,4.20022577856036e-05,10
nag,50,8.82307018290062e-05,10
nag,50,1.245475404971223e-05,10
nag,50,0.0014926480787212,10
nag,50,8.958141850287642e-05,10
nag,50,1.0744222249766777e-05,10
nag,50,2.4869780235808605e-05,10
nag,50,0.000729582942118,10
nag,50,0.000967279562674,10
nag,50,0.0,10
nag,50,0.0003321773443189,10
nag,50,0.0004092115525402,10
nag,50,0.0,10
nag,50,0.0001879025970983,10
nag,50,2.793274774918144e-05,10
nag,50,0.0004347552062974,10
nag,50,0.0001516422703392,10
nag,50,0.0006728538077252,10
nag,50,1.583926904193614e-05,10
nag,50,4.449872433764543e-05,10
nag,50,0.0001190761839384,10
nag,50,0.0,10
nag,50,9.372785397080364e-05,10
nag,50,0.0,10
nag,50,3.085059488641777e-05,10
nag,50,0.0001728253717276,10
nag,50,0.0,10
nag,50,0.0002882227232407,10
nag,50,9.63819280605872e-05,10
nag,50,1.5084152677904783e-05,10
nag,50,1.586819387927474e-05,10
nag,50,0.0,10
nag,50,0.0001060712171182,10
nag,50,3.187564513676132e-05,10
nag,50,1.0557517460288767e-05,10
nag,50,9.561768467370364e-05,10
nag,50,0.0001837507684077,10
nag,50,2.406554123318742e-05,10
nag,50,0.0,10
nag,50,0.000105955057524,10
nag,50,0.0001418860610912,10
nag,50,0.0001469130930585,10
nag,50,2.0773680524564075e-05,10
nag,50,0.0,10
nag,50,0.0004215648223835,10
nag,50,0.0003068470892208,10
nag,50,2.907037828185726e-05,10
nag,50,0.0002680354306201,10
nag,50,0.0001379210881617,10
nag,50,0.0001867920834103,10
nag,50,0.0,10
nag,50,0.0001230855732975,10
nag,50,0.0,10
nag,50,0.0,10
nag,50,1.9634828712318087e-05,10
nag,50,6.947694607449348e-05,10
nag,50,0.0,10
nag,50,0.0022371499193444,10
nag,50,0.0001852329686413,10
nag,50,5.874446578945415e-05,10
nag,50,0.0001200890937192,10
nag,50,1.5094517702605684e-05,10
nag,50,0.000630944587579,10
nag,50,8.922540963031987e-05,10
nag,50,0.0003832786550504,10
nag,50,8.285339544071635e-05,10
nag,50,0.000158112427936,10
nag,50,0.0001049629434354,10
nag,50,0.000702870668174,10
nag,50,0.0,10
nag,50,8.392503491213822e-05,10
nag,50,0.0003520478636326,10
nag,50,0.0001718948592726,10
nag,50,0.0020097819998798,10
nag,50,4.4018223126614825e-05,10
nag,50,0.0001427566745265,10
nag,50,0.0010735576211425,10
nag,50,7.021553253286475e-05,10
nag,50,2.6672610090247932e-05,10
nag,50,0.0006269241999982,10
nag,50,0.0002431561547239,10
nag,50,3.154359566994474e-05,10
nag,50,5.4017810653299e-05,10
nag,50,5.765122259936484e-05,10
nag,50,0.0001108778890367,10
nag,50,9.258697351255706e-05,10
nag,50,0.0001835163639382,10
nag,50,7.419101505059155e-05,10
nag,50,5.211957008404884e-05,10
nag,50,4.038909596404899e-05,10
nag,50,0.0002750847551882,10
nag,50,0.0001234291386132,10
nag,50,0.0,10
nag,50,0.0002161496201218,10
nag,50,8.297987271571983e-05,10
nag,50,0.0004400514889533,10
nag,50,5.045672948321196e-05,10
nag,50,6.529006787825068e-05,10
nag,50,1.1581709901203045e-05,10
nag,50,2.976852923375482e-05,10
nag,50,0.0,10
nag,50,7.240980292217482e-05,10
nag,50,0.0,10
nag,50,0.0003534096279149,10
nag,50,4.351169240975794e-05,10
nag,50,0.0003676327352115,10
nag,50,3.201572992542812e-05,10
nag,50,0.000262626383817,10
nag,50,0.0,10
nag,50,8.70462174819145e-05,10
nag,50,0.0001542461776627,10
nag,50,5.275450280918864e-05,10
nag,50,8.004598672930498e-06,10
nag,50,0.0002089392638656,10
nag,50,2.8775449062084147e-05,10
nag,50,1.555335115741226e-05,10
nag,50,3.083925371576628e-05,10
nag,50,0.000143977944374,10
nag,50,0.0001561857762808,10
nag,50,6.946836483596254e-05,10
nag,50,1.68196603905371e-05,10
nag,50,0.0002759105662177,10
nag,50,0.0001998197130286,10
nag,50,0.0,10
nag,50,0.0003155265786051,10
nag,50,9.469558895363322e-05,10
nag,50,1.6749074526237143e-05,10
nag,50,2.651549472220803e-05,10
nag,50,0.0,10
nag,50,0.0001931529424903,10
nag,50,2.7815066722229355e-05,10
nag,50,0.000532838603281,10
nag,50,1.9044417579842747e-05,10
nag,50,0.0001702352128732,10
nag,50,0.0004704496254144,10
nag,50,0.0001622729910821,10
nag,50,1.5011136684440776e-05,10
nag,50,8.940113046136077e-05,10
nag,50,3.153938830138985e-05,10
nag,50,0.0003852665123657,10
nag,50,0.0002072239075109,10
nag,50,0.000275907235167,10
nag,50,0.0001262980639758,10
nag,50,0.0,10
nag,50,3.223887195588785e-05,10
nag,50,0.0,10
bg,50,6.061845769085642e-07,10
bg,50,4.323287183479581e-07,10
bg,50,4.374637120257149e-07,10
bg,50,3.13692786896939e-07,10
bg,50,5.573340745344722e-07,10
bg,50,7.367275838255419e-07,10
bg,50,9.37988027931475e-07,10
bg,50,5.000214738253535e-07,10
bg,50,8.08521741861167e-07,10
bg,50,6.118709883764129e-07,10
bg,50,9.223421908135492e-07,10
bg,50,1.02114474643588e-06,10
bg,50,6.207676261552384e-07,10
bg,50,6.473678019474142e-07,10
bg,50,6.042984713651901e-07,10
bg,50,2.218025079516914e-07,10
bg,50,9.905689619701677e-07,10
bg,50,1.0388985629037875e-06,10
bg,50,8.800825873347819e-07,10
bg,50,3.658023852525962e-07,10
bg,50,4.49560974300706e-07,10
bg,50,4.31893887430144e-07,10
bg,50,4.367049883263238e-07,10
bg,50,6.522355151951812e-07,10
bg,50,3.719707526782386e-07,10
bg,50,9.29584154854056e-07,10
bg,50,5.246781711461761e-07,10
bg,50,8.346604958297932e-07,10
bg,50,2.3050758532342954e-07,10
bg,50,3.806513485734174e-07,10
bg,50,3.759251673136898e-07,10
bg,50,4.417551131571247e-07,10
bg,50,7.47692663330417e-07,10
bg,50,5.374342627875505e-07,10
bg,50,4.049451295136034e-07,10
bg,50,3.1244360341108505e-07,10
bg,50,5.302779205751906e-07,10
bg,50,6.041783353519019e-07,10
bg,50,7.381961237730312e-07,10
bg,50,2.873084284223952e-07,10
bg,50,5.314509927967145e-07,10
bg,50,4.955035205394561e-07,10
bg,50,5.061601948998077e-07,10
bg,50,3.886100511509846e-07,10
bg,50,4.642957325548204e-07,10
bg,50,3.987140498935218e-07,10
bg,50,4.568992496987491e-07,10
bg,50,7.521143403420233e-07,10
bg,50,9.12771183833186e-07,10
bg,50,6.218158667711213e-07,10
bg,50,5.6922399647848e-07,10
bg,50,4.272334749064102e-07,10
bg,50,4.84097887934815e-07,10
bg,50,5.102804497186347e-07,10
bg,50,7.19221186145717e-07,10
bg,50,8.973914101325379e-07,10
bg,50,6.922819948550915e-07,10
bg,50,5.703024612705035e-07,10
bg,50,4.159933016449763e-07,10
bg,50,3.9883401639936226e-07,10
bg,50,6.403468005211405e-07,10
bg,50,1.073339380574259e-06,10
bg,50,4.893317773163328e-07,10
bg,50,3.96020323538987e-07,10
bg,50,7.694105082844852e-07,10
bg,50,6.474789633517191e-07,10
bg,50,3.711855055980829e-07,10
bg,50,5.994478185251082e-07,10
bg,50,4.412010051868581e-07,10
bg,50,3.6776128469199585e-07,10
bg,50,7.08445722314808e-07,10
bg,50,4.413118447397634e-07,10
bg,50,9.727500984781392e-07,10
bg,50,2.415879514904076e-07,10
bg,50,5.205126566533206e-07,10
bg,50,7.1264102313107e-07,10
bg,50,4.042778292968162e-07,10
bg,50,3.004598646934294e-07,10
bg,50,6.896646778932188e-07,10
bg,50,7.817910180228094e-07,10
bg,50,3.506000966108184e-07,10
bg,50,2.825009563007608e-07,10
bg,50,4.621143103675955e-07,10
bg,50,6.578716019934749e-07,10
bg,50,3.590951808289156e-07,10
bg,50,9.349834711609474e-07,10
bg,50,5.631559481922888e-07,10
bg,50,6.23670821317668e-07,10
bg,50,7.840229829897602e-07,10
bg,50,9.62124514223367e-07,10
bg,50,9.220924421408362e-07,10
bg,50,7.311896831595538e-07,10
bg,50,8.167053332291334e-07,10
bg,50,2.712635470647272e-07,10
bg,50,5.805225955499178e-07,10
bg,50,2.683355257237778e-07,10
bg,50,2.4378248597381593e-07,10
bg,50,5.721377161210509e-07,10
bg,50,5.709130532446839e-07,10
bg,50,5.048881122001089e-07,10
bg,50,3.242855563295721e-07,10
bg,50,7.502415965251969e-07,10
bg,50,7.475453262599967e-07,10
bg,50,4.908171989349405e-07,10
bg,50,4.454711226759016e-07,10
bg,50,6.409478841077978e-07,10
bg,50,3.700705659161354e-07,10
bg,50,7.275864500495246e-07,10
bg,50,5.031827279244987e-07,10
bg,50,3.8041527679941787e-07,10
bg,50,7.379320350282181e-07,10
bg,50,4.721456683778297e-07,10
bg,50,7.293713717959009e-07,10
bg,50,5.33712771995409e-07,10
bg,50,6.412028866092277e-07,10
bg,50,4.024902281170783e-07,10
bg,50,2.628338182079955e-07,10
bg,50,5.107714420483189e-07,10
bg,50,5.926120868154037e-07,10
bg,50,6.777519645278675e-07,10
bg,50,7.253189953642081e-07,10
bg,50,5.683905278261269e-07,10
bg,50,5.093527810466968e-07,10
bg,50,6.974936157736659e-07,10
bg,50,3.534941435102046e-07,10
bg,50,1.4387381082406447e-07,10
bg,50,4.638519162931459e-07,10
bg,50,1.0473853492219576e-06,10
bg,50,5.68919608535528e-07,10
bg,50,2.636019323336545e-07,10
bg,50,5.821596104530098e-07,10
bg,50,7.021663811170806e-07,10
bg,50,2.926591737820078e-07,10
bg,50,4.753200533478839e-07,10
bg,50,6.744875118239265e-07,10
bg,50,8.797113362791133e-07,10
bg,50,6.626279788073011e-07,10
bg,50,9.489538095503992e-07,10
bg,50,2.1061538907212085e-07,10
bg,50,4.6856390121541363e-07,10
bg,50,1.0911088015989117e-06,10
bg,50,5.880401332606637e-07,10
bg,50,5.188602196034262e-07,10
bg,50,4.1336217922092033e-07,10
bg,50,4.673869586364027e-07,10
bg,50,2.370973649118593e-07,10
bg,50,3.941818724689245e-07,10
bg,50,6.787312435272852e-07,10
bg,50,6.65981324235794e-07,10
bg,50,1.8897014941906578e-07,10
bg,50,4.87507535930584e-07,10
bg,50,5.459439714871688e-07,10
bg,50,8.36881526214665e-07,10
bg,50,8.577160043151181e-07,10
bg,50,6.902302737490361e-07,10
bg,50,8.906251352111685e-07,10
bg,50,6.851839492486334e-07,10
bg,50,4.235776653889353e-07,10
bg,50,4.0276280337396345e-07,10
bg,50,5.892080994114859e-07,10
bg,50,7.063636266780192e-07,10
bg,50,5.810867764941764e-07,10
bg,50,5.178160096207928e-07,10
bg,50,6.402368654198026e-07,10
bg,50,4.2104983283253275e-07,10
bg,50,9.295991162721073e-07,10
bg,50,8.707031323962123e-07,10
bg,50,7.908150052098641e-07,10
bg,50,6.299018845913097e-07,10
bg,50,6.302764765999891e-07,10
bg,50,3.968661496464869e-07,10
bg,50,8.31460146005173e-07,10
bg,50,4.755749717407394e-07,10
bg,50,4.818962625068612e-07,10
bg,50,5.41723117945731e-07,10
bg,50,4.493277127626994e-07,10
bg,50,7.605915957328534e-07,10
bg,50,1.4480372316620767e-06,10
bg,50,8.345838936663219e-07,10
bg,50,5.793094212891034e-07,10
bg,50,6.350123192022198e-07,10
bg,50,2.978631360626404e-07,10
bg,50,8.448957608919285e-07,10
bg,50,5.094269025928131e-07,10
bg,50,5.211235862779091e-07,10
bg,50,7.26392303829406e-07,10
bg,50,5.850549648641952e-07,10
bg,50,7.99094705640243e-07,10
bg,50,9.941041434176072e-07,10
bg,50,5.327623862961065e-07,10
bg,50,4.253957432154849e-07,10
bg,50,5.530423848125935e-07,10
bg,50,5.27728801429472e-07,10
bg,50,5.725034180324232e-07,10
bg,50,6.59162182970751e-07,10
bg,50,4.771823060170382e-07,10
bg,50,3.7364092653749394e-07,10
bg,50,3.838600197657451e-07,10
bg,50,9.400617629245252e-07,10
bg,50,1.0213509087759106e-06,10
bg,50,6.805070071563459e-07,10
bg,50,4.979179570165556e-07,10
bg,50,3.53697764473559e-07,10
bg,50,8.158716354190331e-07,10
bg,50,5.230205196583104e-07,10
bg,50,3.143968042144714e-07,10
bg,50,5.122458714641436e-07,10
bg,50,3.465298762000654e-07,10
bg,50,4.738873881781947e-07,10
bg,50,4.879495164849751e-07,10
bg,50,6.70700544916905e-07,10
bg,50,2.3754978421256513e-07,10
bg,50,8.463123361137159e-07,10
bg,50,7.746689069694498e-07,10
bg,50,5.32720057696024e-07,10
bg,50,7.187243115248682e-07,10
bg,50,8.698882586507904e-07,10
bg,50,3.627902555642578e-07,10
bg,50,4.561945878790313e-07,10
bg,50,8.881410321302491e-07,10
bg,50,5.184586210137796e-07,10
bg,50,5.785779311718139e-07,10
bg,50,6.509792815969534e-07,10
bg,50,4.094860609725482e-07,10
bg,50,6.405151659202538e-07,10
bg,50,7.47008434674645e-07,10
bg,50,8.12761623657984e-07,10
bg,50,4.267127399219825e-07,10
bg,50,4.563126066036083e-07,10
bg,50,8.716118258817941e-07,10
bg,50,6.636416095553953e-07,10
bg,50,4.452686578474408e-07,10
bg,50,8.402492296209958e-07,10
bg,50,7.748079193684432e-07,10
bg,50,6.719661118405956e-07,10
bg,50,4.90853440415093e-07,10
bg,50,7.871781326294636e-07,10
bg,50,3.873585393714757e-07,10
bg,50,4.761571080534815e-07,10
bg,50,6.884826265963383e-07,10
bg,50,4.082835737693891e-07,10
bg,50,5.308495986560136e-07,10
bg,50,6.788190007490336e-07,10
bg,50,3.99138325958542e-07,10
bg,50,9.270081119916358e-07,10
bg,50,5.027395697984362e-07,10
bg,50,5.08603178900675e-07,10
bg,50,3.736589460675241e-07,10
bg,50,3.321582761393226e-07,10
bg,50,5.96481035901845e-07,10
bg,50,2.915221824911914e-07,10
bg,50,3.654029763793185e-07,10
bg,50,8.820951434464928e-07,10
bg,50,8.041939507824747e-07,10
bg,50,5.580197744832624e-07,10
bg,50,6.076612014307702e-07,10
bg,50,9.722795001690514e-07,10
bg,50,8.449083786541693e-07,10
bg,50,7.743891116509388e-07,10
bg,50,5.060188374544344e-07,10
bg,50,9.717826769859176e-07,10
bg,50,5.176722418182156e-07,10
bg,50,6.129239089628483e-07,10
bg,50,4.110774624833668e-07,10
bg,50,6.183055180925473e-07,10
bg,50,4.717171734402313e-07,10
bg,50,8.400180925388983e-07,10
bg,50,5.600392046494742e-07,10
bg,50,5.497774920417665e-07,10
bg,50,5.627553475907421e-07,10
bg,50,6.101811129943794e-07,10
bg,50,7.483544940967942e-07,10
bg,50,6.924323739088705e-07,10
bg,50,8.755509903919466e-07,10
bg,50,6.523526480122721e-07,10
bg,50,8.108484769895466e-07,10
bg,50,1.0130636844074693e-06,10
bg,50,8.064733344678092e-07,10
bg,50,4.243487140048102e-07,10
bg,50,4.162269351563916e-07,10
bg,50,3.673712789323566e-07,10
bg,50,5.348631060752907e-07,10
bg,50,2.465676215573061e-07,10
bg,50,5.516140179181086e-07,10
bg,50,5.243437940885628e-07,10
bg,50,7.423400900996712e-07,10
bg,50,8.690651644370003e-07,10
bg,50,6.138565845541642e-07,10
bg,50,2.4540047129949764e-07,10
bg,50,5.744547714060773e-07,10
bg,50,8.800774065305615e-07,10
bg,50,3.7627604603638746e-07,10
bg,50,5.101202102272858e-07,10
bg,50,5.883639539104003e-07,10
bg,50,2.654797627154965e-07,10
bg,50,6.772105062166798e-07,10
bg,50,5.530497842528252e-07,10
bg,50,4.532852487477478e-07,10
bg,50,3.420525935422613e-07,10
bg,50,4.328658563230678e-07,10
bg,50,3.043806034045088e-07,10
bg,50,6.178063401355245e-07,10
bg,50,3.484361970220974e-07,10
bg,50,5.995575200280757e-07,10
bg,50,4.374317992233394e-07,10
bg,50,6.197242058253688e-07,10
bg,50,6.899265535477652e-07,10
bg,50,5.286536693410046e-07,10
bg,50,4.808301985802724e-07,10
bg,50,5.424135618385109e-07,10
bg,50,4.724385720449464e-07,10
bg,50,4.420604416047602e-07,10
bg,50,5.0542195034354e-07,10
bg,50,5.45268310283932e-07,10
bg,50,6.143110598887447e-07,10
bg,50,6.784054248035474e-07,10
bg,50,6.305110184970163e-07,10
bg,50,6.040855000419339e-07,10
bg,50,8.814495679185992e-07,10
bg,50,4.645139702109026e-07,10
bg,50,6.211664134421316e-07,10
bg,50,5.71928418467103e-07,10
bg,50,4.908915503458863e-07,10
bg,50,3.5192921314456005e-07,10
bg,50,4.957558353027143e-07,10
bg,50,4.785551382531924e-07,10
bg,50,4.479750405498006e-07,10
bg,50,3.774408859026261e-07,10
bg,50,8.507925157737374e-07,10
bg,50,3.961113667853563e-07,10
bg,50,5.32458590341843e-07,10
bg,50,6.540729827796394e-07,10
bg,50,9.659868213269438e-07,10
bg,50,3.491181224512259e-07,10
bg,50,3.828298010532357e-07,10
bg,50,6.608061447615288e-07,10
bg,50,6.537213396475403e-07,10
bg,50,9.044908282609152e-07,10
bg,50,4.463203248726293e-07,10
bg,50,3.83488247320813e-07,10
bg,50,8.204507481282808e-07,10
bg,50,6.737956449531217e-07,10
bg,50,2.829039480731771e-07,10
bg,50,5.090983447549008e-07,10
bg,50,8.567230865424479e-07,10
bg,50,2.465843319166394e-07,10
bg,50,5.738490143540562e-07,10
bg,50,3.733546076841707e-07,10
bg,50,7.227994785078566e-07,10
bg,50,3.254281497225042e-07,10
bg,50,3.137720490578527e-07,10
bg,50,2.1739543670460705e-07,10
bg,50,5.071703887795253e-07,10
bg,50,2.484014058429394e-07,10
bg,50,8.504923625525144e-07,10
bg,50,5.350909147883917e-07,10
bg,50,2.784126629946134e-07,10
bg,50,5.969593966068263e-07,10
bg,50,3.354232008781813e-07,10
bg,50,5.462742866049335e-07,10
bg,50,4.815893695945598e-07,10
bg,50,4.0497476355863403e-07,10
bg,50,6.201845877949137e-07,10
bg,50,6.766976328641704e-07,10
bg,50,4.433060541907182e-07,10
bg,50,8.298121887708889e-07,10
bg,50,3.459657098692811e-07,10
bg,50,6.422143310784131e-07,10
bg,50,5.401733298432312e-07,10
bg,50,5.023084891971683e-07,10
bg,50,5.095363489010996e-07,10
bg,50,2.1242321084007498e-07,10
bg,50,5.532286118029438e-07,10
bg,50,2.984748436616894e-07,10
bg,50,5.052843552501631e-07,10
bg,50,5.039440861597646e-07,10
bg,50,5.298426165071116e-07,10
bg,50,9.26686594247392e-07,10
bg,50,3.159455699058452e-07,10
bg,50,6.161104369870332e-07,10
bg,50,4.322372190696888e-07,10
bg,50,7.068022441777774e-07,10
bg,50,3.548238919624062e-07,10
bg,50,6.798902529184526e-07,10
bg,50,2.5318648187249026e-07,10
bg,50,7.724164914184314e-07,10
bg,50,7.381846325535748e-07,10
bg,50,9.526858358311436e-07,10
bg,50,7.918105332151971e-07,10
bg,50,5.330322438212735e-07,10
bg,50,8.40103766384087e-07,10
bg,50,4.5867228912185803e-07,10
bg,50,3.383263602031644e-07,10
bg,50,4.42895500862215e-07,10
bg,50,6.180048998473441e-07,10
bg,50,2.9971831126404405e-07,10
bg,50,6.896154534691004e-07,10
bg,50,4.264679078105185e-07,10
bg,50,5.104506298418436e-07,10
bg,50,4.370425862628416e-07,10
bg,50,4.499141742272132e-07,10
bg,50,3.1056874002261296e-07,10
bg,50,6.395695119567699e-07,10
bg,50,3.395962873509631e-07,10
bg,50,3.460287982243677e-07,10
bg,50,3.477546377312564e-07,10
bg,50,5.770457063809505e-07,10
bg,50,4.639970968974221e-07,10
bg,50,7.927172513963239e-07,10
bg,50,7.740391266797874e-07,10
bg,50,9.078584472179856e-07,10
bg,50,4.6714505089215946e-07,10
bg,50,7.02975119686918e-07,10
bg,50,4.218888610489403e-07,10
bg,50,4.669981906685333e-07,10
bg,50,5.596296680177609e-07,10
bg,50,6.60480779983084e-07,10
bg,50,4.759261026242245e-07,10
bg,50,5.644688843376597e-07,10
bg,50,1.048106938607476e-06,10
bg,50,4.961635277863653e-07,10
bg,50,6.44995986342616e-07,10
bg,50,5.551310101923036e-07,10
bg,50,6.74156344937785e-07,10
bg,50,4.891501972675913e-07,10
bg,50,5.694607976235752e-07,10
bg,50,3.3058756171964225e-07,10
bg,50,2.585747935236601e-07,10
bg,50,4.751284954565939e-07,10
bg,50,6.859638386318271e-07,10
bg,50,3.829129438740967e-07,10
bg,50,5.423545791672016e-07,10
bg,50,5.323000997735164e-07,10
bg,50,4.261289602959494e-07,10
bg,50,8.718909338211117e-07,10
bg,50,3.022431090175696e-07,10
bg,50,3.727465086343565e-07,10
bg,50,4.977481537540804e-07,10
bg,50,7.391194199137175e-07,10
bg,50,3.566096068485017e-07,10
bg,50,3.472709974395661e-07,10
bg,50,5.526058710206476e-07,10
bg,50,3.358318674332667e-07,10
bg,50,4.035281723915258e-07,10
bg,50,4.478037852073288e-07,10
bg,50,5.84371586822916e-07,10
bg,50,6.860777767289567e-07,10
bg,50,8.818470847661581e-07,10
bg,50,2.895454326117845e-07,10
bg,50,5.90665128606263e-07,10
bg,50,5.495151720187846e-07,10
bg,50,5.173323401304784e-07,10
bg,50,5.038026918536015e-07,10
bg,50,6.201350379046602e-07,10
bg,50,9.460534708057272e-07,10
bg,50,9.82860927165357e-07,10
bg,50,6.358288536244316e-07,10
bg,50,7.941058675851449e-07,10
bg,50,3.009454622383843e-07,10
bg,50,4.01724255088337e-07,10
bg,50,9.357004165917688e-07,10
bg,50,7.601242745177552e-07,10
bg,50,5.304771011383552e-07,10
bg,50,1.3565716227939892e-06,10
bg,50,1.124744439534389e-06,10
bg,50,6.860944778904453e-07,10
bg,50,7.418547246045148e-07,10
bg,50,5.761303881475712e-07,10
bg,50,7.256411595877234e-07,10
bg,50,6.373531944127583e-07,10
bg,50,2.665361546033643e-07,10
bg,50,4.952902656220896e-07,10
bg,50,6.036436922227892e-07,10
bg,50,6.911119047698135e-07,10
bg,50,8.585776262768306e-07,10
bg,50,2.387683755631109e-07,10
bg,50,8.007749566974831e-07,10
bg,50,4.116188214596135e-07,10
bg,50,1.3225467343093565e-06,10
bg,50,3.533718589813311e-07,10
bg,50,2.6995332469888084e-07,10
bg,50,5.493811680084826e-07,10
bg,50,5.531856027837161e-07,10
bg,50,4.168956254201715e-07,10
bg,50,4.898245993850341e-07,10
bg,50,3.0599374172665513e-07,10
bg,50,3.362654732644543e-07,10
bg,50,5.694079311226967e-07,10
bg,50,3.879890610720016e-07,10
bg,50,4.255205311057158e-07,10
bg,50,5.195946797657078e-07,10
bg,50,1.2298873738314788e-06,10
bg,50,4.3744800688087314e-07,10
bg,50,5.689103454942114e-07,10
bg,50,5.176154596159821e-07,10
bg,50,4.864967235654757e-07,10
bg,50,5.687121959423832e-07,10
bg,50,7.279961858895095e-07,10
bg,50,4.551394009076087e-07,10
bg,50,7.632083316300083e-07,10
ag,50,0.002709205804357,11
ag,50,0.0117064539773764,11
ag,50,0.0034829447640488,11
ag,50,0.0025727903777443,11
ag,50,0.0079064753859707,11
ag,50,0.0302766414076211,11
ag,50,0.0068228235079728,11
ag,50,0.0194903135550044,11
ag,50,0.0153259592600391,11
ag,50,0.0166427044828207,11
ag,50,0.0032451702318841,11
ag,50,0.0042828687182514,11
ag,50,0.0018818616425807,11
ag,50,0.0113267862708815,11
ag,50,0.0027878510758668,11
ag,50,0.0116443624205169,11
ag,50,0.0197008837730035,11
ag,50,0.007165698755096,11
ag,50,0.010006030259184,11
ag,50,0.0135865494106622,11
ag,50,0.0136424296355715,11
ag,50,0.0022875584050287,11
ag,50,0.001543695198826,11
ag,50,0.0048441226177562,11
ag,50,0.0021362010479349,11
ag,50,0.0198507664704648,11
ag,50,0.0079644790180443,11
ag,50,0.0021201218339342,11
ag,50,0.0472383939643284,11
ag,50,0.0177605766595376,11
ag,50,0.0027509788571035,11
ag,50,0.0039923184060021,11
ag,50,0.0371976170480914,11
ag,50,0.0004429475110772,11
ag,50,0.0067894398458544,11
ag,50,0.0303878599903341,11
ag,50,0.0023642981821129,11
ag,50,0.0328315593288223,11
ag,50,0.0020272862684155,11
ag,50,0.0025047727498703,11
ag,50,0.001750628539292,11
ag,50,0.0184859694794684,11
ag,50,0.0014355437814613,11
ag,50,0.0021586915278574,11
ag,50,0.0097314001252761,11
ag,50,0.0106633856205597,11
ag,50,0.0086094232802651,11
ag,50,0.0026158440195715,11
ag,50,0.0011561211933127,11
ag,50,0.0014434638857086,11
ag,50,0.0770073495891282,11
ag,50,0.0030880964931382,11
ag,50,0.0123664584019943,11
ag,50,0.0088353329729859,11
ag,50,0.0325060310759403,11
ag,50,0.0139508370439801,11
ag,50,0.0412155270188767,11
ag,50,0.0173795658255465,11
ag,50,0.0167514161536859,11
ag,50,0.0204700656880472,11
ag,50,0.0035449605989245,11
ag,50,0.0064309891922161,11
ag,50,0.0009784816990251,11
ag,50,0.0054469418242158,11
ag,50,0.0343486887076724,11
ag,50,0.0057197544687038,11
ag,50,0.0012579559536384,11
ag,50,0.0098480223618218,11
ag,50,0.0296645507911369,11
ag,50,0.0013094854198815,11
ag,50,0.0033312195235068,11
ag,50,0.0080933430653646,11
ag,50,0.0004576570633071,11
ag,50,0.0127188134433868,11
ag,50,0.0240880026426912,11
ag,50,0.020423379198295,11
ag,50,0.0039195488148787,11
ag,50,0.0184507454699043,11
ag,50,0.011919519325559,11
ag,50,0.0114281724587232,11
ag,50,0.0297870007921741,11
ag,50,0.0152623642969075,11
ag,50,0.0034186394548586,11
ag,50,0.0035612692933177,11
ag,50,0.0033124800606265,11
ag,50,0.0059351934489171,11
ag,50,0.0066213095743036,11
ag,50,0.0003415668550771,11
ag,50,0.0095364409530082,11
ag,50,0.0097122324141675,11
ag,50,0.004692725184842,11
ag,50,0.0014004288990548,11
ag,50,0.0038587568730527,11
ag,50,0.0021081293992568,11
ag,50,0.0142156171226908,11
ag,50,0.0008951016027332,11
ag,50,0.0023894064129061,11
ag,50,0.0004431297486225,11
ag,50,0.0100577726878494,11
ag,50,0.0064231655817321,11
ag,50,0.0336106715458117,11
ag,50,0.0244224810820399,11
ag,50,0.0120189638841654,11
ag,50,0.0309543037052958,11
ag,50,0.0029442965563587,11
ag,50,0.0029888462486788,11
ag,50,0.0381747144588017,11
ag,50,0.0057175350854704,11
ag,50,0.0091353008882971,11
ag,50,0.0006278917707799,11
ag,50,0.0245925794352677,11
ag,50,0.0256072579958239,11
ag,50,0.0113592599559709,11
ag,50,0.0414272032569532,11
ag,50,0.0008009492858841,11
ag,50,0.0058312891942061,11
ag,50,0.0022033096880001,11
ag,50,0.0264705290890747,11
ag,50,0.0320371609377056,11
ag,50,0.0281756564699156,11
ag,50,0.0057673686872572,11
ag,50,0.0104047905381541,11
ag,50,0.0051849336423434,11
ag,50,0.0238611045289612,11
ag,50,0.008021172867988,11
ag,50,0.0037559458450073,11
ag,50,0.0033259039329402,11
ag,50,0.0096136054735526,11
ag,50,0.0004049986769307,11
ag,50,0.0263161218391393,11
ag,50,0.000383092742836,11
ag,50,0.0023755299334841,11
ag,50,0.0068955981236952,11
ag,50,0.0355415529181884,11
ag,50,0.0075298374287961,11
ag,50,0.0018370845470091,11
ag,50,0.0136721851419196,11
ag,50,0.0009140477384128,11
ag,50,0.0292018634375578,11
ag,50,0.0064394943201766,11
ag,50,0.0089936697935426,11
ag,50,0.0117121900072738,11
ag,50,0.0497249176872501,11
ag,50,0.0144137127446938,11
ag,50,0.0041217924213069,11
ag,50,0.028056541987737,11
ag,50,0.0156949230052409,11
ag,50,0.0176327211800836,11
ag,50,0.0001257447938354,11
ag,50,0.0231337863855196,11
ag,50,0.0088298874531601,11
ag,50,0.029855896314393,11
ag,50,0.0351651301626333,11
ag,50,0.0167782265052034,11
ag,50,0.0171909124586542,11
ag,50,0.0036255213113892,11
ag,50,0.0073180976628874,11
ag,50,0.0003486258022719,11
ag,50,0.0391282391848177,11
ag,50,0.0053820736759383,11
ag,50,0.0029613326387405,11
ag,50,0.0068494355883433,11
ag,50,0.0592657643690403,11
ag,50,0.0030956547943671,11
ag,50,0.0101521499709102,11
ag,50,0.0031410375766605,11
ag,50,0.0014482366801544,11
ag,50,0.0202271838286652,11
ag,50,0.015540837855936,11
ag,50,0.0113470731959782,11
ag,50,0.0158775952243114,11
ag,50,0.0054226847417245,11
ag,50,0.0023819043925645,11
ag,50,0.1075857220601008,11
ag,50,0.0005557069328421,11
ag,50,0.0063573177511484,11
ag,50,0.0120362785699435,11
ag,50,0.006154172098163,11
ag,50,0.0060316186316592,11
ag,50,0.0022400175363553,11
ag,50,0.0037962001133963,11
ag,50,0.0113634867787449,11
ag,50,0.0010137831673781,11
ag,50,0.0029990942996487,11
ag,50,0.0228543583586399,11
ag,50,0.0022524262373722,11
ag,50,0.0126181707193457,11
ag,50,0.0091754406086455,11
ag,50,0.0033816970821777,11
ag,50,0.0013087513578603,11
ag,50,0.0565192716015118,11
ag,50,0.0142607775217579,11
ag,50,0.0150538315097206,11
ag,50,0.0011198512805319,11
ag,50,0.0138814605401739,11
ag,50,0.0263116161197426,11
ag,50,0.0123644366859244,11
ag,50,0.012774538313939,11
ag,50,0.0312886695040821,11
ag,50,0.0517805642406138,11
ag,50,0.026446643399487,11
ag,50,0.0117979898351464,11
ag,50,0.0088144879274719,11
ag,50,0.0023402879685064,11
ag,50,0.0089134002356526,11
ag,50,0.0142680542431098,11
ag,50,0.0159194049597395,11
ag,50,0.0130884417732438,11
ag,50,0.0100042996426581,11
ag,50,0.003320479114739,11
ag,50,0.0003729484435951,11
ag,50,0.0038406762233649,11
ag,50,0.0385045782958145,11
ag,50,0.0037160452187662,11
ag,50,0.0388884234788629,11
ag,50,0.0356736192374641,11
ag,50,0.0531019990162361,11
ag,50,0.0002410754150472,11
ag,50,0.011330052278245,11
ag,50,0.0300326433976296,11
ag,50,0.0320759598222317,11
ag,50,0.0394929898466108,11
ag,50,0.0019306430913566,11
ag,50,0.0086168312009224,11
ag,50,0.0012030679262771,11
ag,50,0.0107236028975152,11
ag,50,0.0026779908905639,11
ag,50,0.0254009250737235,11
ag,50,0.0022826050818642,11
ag,50,0.039778337528318,11
ag,50,0.0228691216410611,11
ag,50,0.0638321561624705,11
ag,50,0.033002928370968,11
ag,50,0.0081096539146948,11
ag,50,0.0139256971158901,11
ag,50,0.0111631709586174,11
ag,50,0.0039531588658809,11
ag,50,0.0066910615848617,11
ag,50,0.0403693033414379,11
ag,50,0.0002127971481873,11
ag,50,0.0202858775864005,11
ag,50,0.0015617418290201,11
ag,50,0.0065923732127763,11
ag,50,0.0014635989241537,11
ag,50,0.0088997564337513,11
ag,50,0.0046784980539277,11
ag,50,0.0006284936778348,11
ag,50,0.0557703594444641,11
ag,50,0.0073968465798441,11
ag,50,0.0039007460328976,11
ag,50,0.0263250738546903,11
ag,50,0.002538538096984,11
ag,50,0.0009377421100666,11
ag,50,0.0047469994382665,11
ag,50,0.0125917115693644,11
ag,50,0.027149995944651,11
ag,50,0.0072935975827059,11
ag,50,0.0204250475127585,11
ag,50,0.0075601533211036,11
ag,50,0.0031650551977159,11
ag,50,0.0116118925795548,11
ag,50,0.0010328311898742,11
ag,50,0.0,11
ag,50,0.0039829730489705,11
ag,50,0.0015006551508668,11
ag,50,0.0002104623103156,11
ag,50,0.0669368748545371,11
ag,50,0.0037394569901391,11
ag,50,0.0739290489955142,11
ag,50,0.0022722837897675,11
ag,50,0.0074208661496966,11
ag,50,0.0067096661705669,11
ag,50,0.0052247438754523,11
ag,50,0.0007581918044966,11
ag,50,0.007305459767408,11
ag,50,0.0179430972733179,11
ag,50,0.0011929338225498,11
ag,50,0.0102110228763695,11
ag,50,0.0176497225640847,11
ag,50,0.0131075197300028,11
ag,50,0.0449116968603546,11
ag,50,0.0073008563510462,11
ag,50,0.0103106144397253,11
ag,50,0.0090697345724798,11
ag,50,0.0777683171007263,11
ag,50,0.00331276175826,11
ag,50,0.1436963234017926,11
ag,50,0.0008258718797136,11
ag,50,0.0352688007785127,11
ag,50,0.0299443289615874,11
ag,50,0.0086353586977232,11
ag,50,0.1231845468338994,11
ag,50,0.010580524546925,11
ag,50,0.0101937811977178,11
ag,50,0.0085537816322843,11
ag,50,0.0146120686302531,11
ag,50,0.0534204470353673,11
ag,50,0.0383605657368941,11
ag,50,0.0145717516301684,11
ag,50,0.0252021333910944,11
ag,50,0.0217685982216964,11
ag,50,0.0327829089386627,11
ag,50,0.0,11
ag,50,0.0047928259464654,11
ag,50,0.0011005782947988,11
ag,50,0.012399120755861,11
ag,50,0.0025135184640464,11
ag,50,0.0470331531877804,11
ag,50,0.0041514772102174,11
ag,50,0.0147088129960652,11
ag,50,0.0205939063635762,11
ag,50,0.0086080391477208,11
ag,50,0.0016462296875797,11
ag,50,0.0065648815426048,11
ag,50,0.0159992030642773,11
ag,50,0.0300005714767202,11
ag,50,0.018986941880755,11
ag,50,0.00530591507263,11
ag,50,0.0131870211917543,11
ag,50,0.0076452571204923,11
ag,50,0.0395196014340094,11
ag,50,0.0154099151527066,11
ag,50,0.0199439746665347,11
ag,50,0.0052705611679062,11
ag,50,0.0079077270004921,11
ag,50,0.0033267525129552,11
ag,50,0.0016683266386027,11
ag,50,0.0075097362594195,11
ag,50,0.0079507587704021,11
ag,50,0.0182704819650925,11
ag,50,0.0107812882254678,11
ag,50,0.0023315328036383,11
ag,50,0.0027348098905599,11
ag,50,0.0125717235251504,11
ag,50,0.0067910732034628,11
ag,50,0.0092253929291646,11
ag,50,0.0104315623598479,11
ag,50,0.0003988346321501,11
ag,50,0.0023948691618139,11
ag,50,0.0572502984647641,11
ag,50,0.013549111167702,11
ag,50,0.0036929566264302,11
ag,50,0.0002951754001826,11
ag,50,0.0116766291383908,11
ag,50,0.0074389540036158,11
ag,50,0.005256624987584,11
ag,50,0.000291593497464,11
ag,50,0.0413274843450699,11
ag,50,0.0190150544043617,11
ag,50,0.0208281724640791,11
ag,50,0.0115040134113301,11
ag,50,0.0010505131979754,11
ag,50,0.0067697453104714,11
ag,50,0.0086077654463451,11
ag,50,0.0050026084555583,11
ag,50,0.0402032371475449,11
ag,50,0.0428792889669706,11
ag,50,0.0778268561353625,11
ag,50,0.0194269067405074,11
ag,50,0.0010559481312594,11
ag,50,0.0062234825556017,11
ag,50,0.0228285211803304,11
ag,50,0.0090479888077382,11
ag,50,0.002785799931033,11
ag,50,0.0094869147129351,11
ag,50,0.0834862340952156,11
ag,50,0.0012213056844525,11
ag,50,0.0010118482492685,11
ag,50,0.0311402893014409,11
ag,50,9.337925057110048e-05,11
ag,50,0.0275107575940812,11
ag,50,0.0220103902031452,11
ag,50,0.0126412978373715,11
ag,50,0.0078030723097849,11
ag,50,0.0032854957413493,11
ag,50,0.0058447822690185,11
ag,50,0.0028241993700727,11
ag,50,0.0416064177113418,11
ag,50,0.013655901469566,11
ag,50,0.0328124026844392,11
ag,50,0.0281918620131646,11
ag,50,0.0079635270447375,11
ag,50,0.0075061547157058,11
ag,50,0.0016801490273498,11
ag,50,0.0066096866005808,11
ag,50,0.0328875628687816,11
ag,50,0.0315344068464058,11
ag,50,0.0002550206427292,11
ag,50,0.0039606438108577,11
ag,50,0.0053145601926518,11
ag,50,0.0018709412791282,11
ag,50,0.0082471217015651,11
ag,50,0.012305316339617,11
ag,50,0.0095234227642567,11
ag,50,0.002754182322594,11
ag,50,0.0051250083408533,11
ag,50,0.022852917582554,11
ag,50,0.0163619655320621,11
ag,50,0.0161667932946201,11
ag,50,0.0041049943463092,11
ag,50,0.0203387639710414,11
ag,50,0.0048902364093349,11
ag,50,0.0002176186966619,11
ag,50,0.0100624137854456,11
ag,50,0.0144605358756865,11
ag,50,0.0793077322046408,11
ag,50,0.0105549854080927,11
ag,50,0.00106723944191,11
ag,50,0.022128385441399,11
ag,50,0.019029693626003,11
ag,50,0.0048919597331715,11
ag,50,0.0108322415647888,11
ag,50,0.0014826512591215,11
ag,50,0.0388708011354849,11
ag,50,0.0028583719125719,11
ag,50,0.0135694506101234,11
ag,50,0.0175297972309678,11
ag,50,0.0244197014315968,11
ag,50,0.000163730820487,11
ag,50,0.0128255071566392,11
ag,50,0.0134082280435437,11
ag,50,0.000614918438628,11
ag,50,0.0195172379109848,11
ag,50,0.0184967408695288,11
ag,50,0.0111584124932685,11
ag,50,0.0427512097797681,11
ag,50,0.0013666442563548,11
ag,50,0.041789760782289,11
ag,50,0.0065608414002176,11
ag,50,0.0013828929613195,11
ag,50,0.0087735365170883,11
ag,50,0.0250040698838042,11
ag,50,0.0178747443035013,11
ag,50,0.0410984108967808,11
ag,50,0.0122027422511672,11
ag,50,0.1175782089943379,11
ag,50,0.0282752595873058,11
ag,50,0.0044485630494014,11
ag,50,0.0296728526886808,11
ag,50,0.0025023506485934,11
ag,50,0.0049944204321145,11
ag,50,0.0032653444338165,11
ag,50,0.0027761858948047,11
ag,50,0.0118592718564238,11
ag,50,0.0108338124849521,11
ag,50,0.0144868497388838,11
ag,50,0.0030151177652843,11
ag,50,0.0505530157277206,11
ag,50,0.0051152429677244,11
ag,50,0.0092187660919669,11
ag,50,0.0283257594152941,11
ag,50,0.0040150268352784,11
ag,50,0.0011966858810329,11
ag,50,0.0022441999420499,11
ag,50,0.0084170989062328,11
ag,50,0.025551500939291,11
ag,50,0.0257358096829512,11
ag,50,0.0140689940096834,11
ag,50,0.0017730881695299,11
ag,50,0.0287969446106896,11
ag,50,0.0178215081121677,11
ag,50,0.005810845111701,11
ag,50,0.0494226885865577,11
ag,50,0.0047569138535637,11
ag,50,0.0193175919843463,11
ag,50,0.0636637809005669,11
ag,50,0.0061510398763806,11
ag,50,0.0124898398036296,11
ag,50,0.0146075660156537,11
ag,50,0.0546530556139779,11
ag,50,0.0218186045863789,11
ag,50,0.008060410272987,11
ag,50,0.0033829671683289,11
ag,50,0.0138331083236949,11
ag,50,0.0047802192429466,11
ag,50,0.0062369599002583,11
ag,50,0.00234277036183,11
ag,50,0.003244648931537,11
ag,50,0.0555596195222152,11
ag,50,0.0002222113638188,11
ag,50,0.0135198935777498,11
ag,50,0.0015377411259702,11
ag,50,0.010272154119898,11
ag,50,0.0010771109617949,11
ag,50,0.0083331508998247,11
ag,50,0.0142738137206946,11
ag,50,0.009137737330402,11
ag,50,0.0035714980990477,11
ag,50,0.044474376416799,11
ag,50,0.005632616998963,11
ag,50,0.0023854030243804,11
ag,50,0.0086268031399506,11
ag,50,0.0157755909077504,11
ag,50,0.0131810661710643,11
ag,50,0.0243670466596705,11
ag,50,0.0005513001882287,11
ag,50,0.0145820575484687,11
ag,50,0.0200012849906921,11
ag,50,0.0059306581375532,11
ag,50,0.0038631571409918,11
nag,50,0.0,11
nag,50,0.0001699645551391,11
nag,50,6.9164785733798e-05,11
nag,50,3.249268710114381e-05,11
nag,50,3.1485302079144475e-05,11
nag,50,1.708308338919309e-05,11
nag,50,0.0,11
nag,50,0.0001113075257807,11
nag,50,0.0,11
nag,50,9.494006281931238e-05,11
nag,50,8.853871154155134e-05,11
nag,50,0.000187484645899,11
nag,50,8.431565573818396e-05,11
nag,50,4.641093961708719e-06,11
nag,50,4.834464135816439e-05,11
nag,50,0.0001994016831767,11
nag,50,0.000400685727184,11
nag,50,0.0001481691774336,11
nag,50,0.0002940551115277,11
nag,50,0.0,11
nag,50,1.0161556374127149e-05,11
nag,50,4.426202188030796e-05,11
nag,50,0.0007189179800564,11
nag,50,1.0978671719826469e-05,11
nag,50,0.0002407745134318,11
nag,50,0.0002162455931045,11
nag,50,0.0004247733985608,11
nag,50,6.223528620233374e-05,11
nag,50,0.0015885767425519,11
nag,50,0.0008246664935641,11
nag,50,0.0,11
nag,50,4.985976351345232e-05,11
nag,50,1.1383767449086058e-05,11
nag,50,2.256002471978174e-05,11
nag,50,0.0002308716639847,11
nag,50,0.0001435410550089,11
nag,50,0.0001293287080767,11
nag,50,8.691742445739176e-05,11
nag,50,0.0001839810090474,11
nag,50,1.0355196088579686e-05,11
nag,50,0.0001017083421825,11
nag,50,1.020771847239458e-05,11
nag,50,1.6204309174778745e-05,11
nag,50,7.657455618172538e-05,11
nag,50,0.0001082413211238,11
nag,50,0.0001515045196132,11
nag,50,1.7797822151054216e-05,11
nag,50,1.5552066044003853e-05,11
nag,50,2.2254693205754152e-05,11
nag,50,0.0001400106197573,11
nag,50,3.291740761187454e-05,11
nag,50,0.0002878825926956,11
nag,50,0.0001001307228581,11
nag,50,9.897759683000882e-05,11
nag,50,0.0006819231102531,11
nag,50,0.000108463297315,11
nag,50,0.0001024096479181,11
nag,50,0.0004201166995765,11
nag,50,0.0003596866665264,11
nag,50,1.108208790239047e-05,11
nag,50,8.372663044547206e-05,11
nag,50,5.422978114529226e-05,11
nag,50,0.000278863294026,11
nag,50,0.0002979825145007,11
nag,50,0.0,11
nag,50,5.0064485620816184e-05,11
nag,50,0.0004888721036107,11
nag,50,3.0313693364423852e-05,11
nag,50,0.0001230498023698,11
nag,50,5.517033396730101e-05,11
nag,50,0.000233988690443,11
nag,50,0.0001216519838438,11
nag,50,4.2392522972078915e-05,11
nag,50,0.0004163998745473,11
nag,50,4.101557765681615e-05,11
nag,50,0.0003067554211029,11
nag,50,0.0001018666137628,11
nag,50,0.0,11
nag,50,9.316850659967422e-06,11
nag,50,0.0001497514581767,11
nag,50,0.000224265728183,11
nag,50,6.715295153592049e-05,11
nag,50,0.0001324406870818,11
nag,50,0.0003109017944178,11
nag,50,7.653078484021312e-05,11
nag,50,0.0006307501687874,11
nag,50,2.383563432854006e-05,11
nag,50,0.0003347996811404,11
nag,50,0.0007464529828716,11
nag,50,2.403060638795914e-05,11
nag,50,0.0003971532584309,11
nag,50,0.0,11
nag,50,0.0001494482276364,11
nag,50,0.0001855203254987,11
nag,50,0.0,11
nag,50,0.000797872936567,11
nag,50,0.0,11
nag,50,0.0001067448890956,11
nag,50,3.824368706874791e-05,11
nag,50,7.115939240603795e-05,11
nag,50,5.790541452533311e-06,11
nag,50,0.0003277700070802,11
nag,50,0.0002469624225131,11
nag,50,0.0001148744108876,11
nag,50,2.634091917740952e-05,11
nag,50,5.8171743638558835e-05,11
nag,50,0.0,11
nag,50,1.746822344483013e-05,11
nag,50,0.0,11
nag,50,0.0002817092200962,11
nag,50,0.0001169662817634,11
nag,50,0.0,11
nag,50,0.0001567060516805,11
nag,50,2.9249591067709412e-05,11
nag,50,0.0007215419629911,11
nag,50,0.0005618734992419,11
nag,50,0.0,11
nag,50,0.0002823535072926,11
nag,50,0.0006427731486984,11
nag,50,1.3966688546643895e-05,11
nag,50,3.508849361496664e-05,11
nag,50,4.007282082008294e-05,11
nag,50,0.0,11
nag,50,0.0015006282342454,11
nag,50,0.0002442706190712,11
nag,50,1.5147301606195538e-05,11
nag,50,0.0,11
nag,50,5.076932729701443e-05,11
nag,50,6.284407559355242e-05,11
nag,50,1.6369677616320905e-05,11
nag,50,2.2850014527063783e-05,11
nag,50,0.0019925845440518,11
nag,50,5.646451202208756e-05,11
nag,50,0.0001154733963338,11
nag,50,0.0001214639911727,11
nag,50,0.00044138335908,11
nag,50,0.0001386867893308,11
nag,50,0.0,11
nag,50,8.394275736844268e-05,11
nag,50,4.634554930264756e-05,11
nag,50,7.099948895308439e-05,11
nag,50,0.0002145951836366,11
nag,50,0.0004059911202362,11
nag,50,0.0,11
nag,50,9.160289263422213e-06,11
nag,50,8.230814887757449e-05,11
nag,50,4.300276996882142e-05,11
nag,50,0.0001260244368869,11
nag,50,0.0001437715795903,11
nag,50,3.0750863691044426e-05,11
nag,50,6.809097578340284e-05,11
nag,50,1.665582049874672e-05,11
nag,50,0.0001561385816777,11
nag,50,0.0001405158673825,11
nag,50,0.0,11
nag,50,0.0003404965080448,11
nag,50,2.221751188679692e-05,11
nag,50,0.0001987225972208,11
nag,50,2.6777517020906585e-05,11
nag,50,0.0001976076412925,11
nag,50,0.0001417164529247,11
nag,50,2.130511819082727e-05,11
nag,50,0.0005461705126421,11
nag,50,0.0001649282691391,11
nag,50,0.0,11
nag,50,0.0001432303358703,11
nag,50,2.148528331217767e-05,11
nag,50,0.0003072238109321,11
nag,50,6.624909726027645e-05,11
nag,50,0.0003651491996131,11
nag,50,3.261240162654857e-05,11
nag,50,4.197290929055019e-05,11
nag,50,0.0002515825589591,11
nag,50,3.610235387562788e-05,11
nag,50,9.862060369803254e-05,11
nag,50,2.2895015056274668e-05,11
nag,50,0.0,11
nag,50,5.380322850420779e-05,11
nag,50,0.0,11
nag,50,0.0001826090987879,11
nag,50,0.0002186992034993,11
nag,50,7.100857322700542e-06,11
nag,50,8.964101433910543e-06,11
nag,50,6.991372251777168e-05,11
nag,50,2.1438601555299135e-05,11
nag,50,3.08109259070423e-05,11
nag,50,8.954447254665583e-05,11
nag,50,7.459095040908986e-05,11
nag,50,0.0003819949273224,11
nag,50,0.0001449829041317,11
nag,50,3.8400606278331126e-05,11
nag,50,7.864652269221178e-05,11
nag,50,0.0,11
nag,50,2.686372333334372e-05,11
nag,50,0.0,11
nag,50,0.0001377782797338,11
nag,50,1.2605660550099551e-05,11
nag,50,0.0002079526843923,11
nag,50,2.6793011191071615e-05,11
nag,50,6.200052050640277e-05,11
nag,50,8.655682113250882e-05,11
nag,50,2.7250082677954033e-05,11
nag,50,0.0004339688261139,11
nag,50,1.1941212175639096e-05,11
nag,50,0.0,11
nag,50,0.0002576518915181,11
nag,50,0.0002420918715216,11
nag,50,1.4792204700173695e-05,11
nag,50,3.502761083813237e-05,11
nag,50,0.0001036739726123,11
nag,50,7.1375414330552085e-06,11
nag,50,2.4931609612532935e-05,11
nag,50,2.2510693291675936e-05,11
nag,50,7.984657716786413e-05,11
nag,50,3.612378972834219e-05,11
nag,50,0.000712607590319,11
nag,50,8.102365525061241e-05,11
nag,50,0.000334577543752,11
nag,50,3.168035832118891e-05,11
nag,50,0.0012265374682576,11
nag,50,1.1086919902594904e-05,11
nag,50,0.0001564249186817,11
nag,50,1.4921407690401736e-05,11
nag,50,1.5124078477231411e-05,11
nag,50,8.8169645800327e-05,11
nag,50,7.206690016504162e-06,11
nag,50,7.513333379840023e-05,11
nag,50,1.878920128752907e-05,11
nag,50,0.0012172339804973,11
nag,50,0.0001182275326681,11
nag,50,0.0,11
nag,50,1.5419772480023893e-05,11
nag,50,1.7230351811220675e-05,11
nag,50,0.0,11
nag,50,0.0002595340956147,11
nag,50,2.414362313650032e-05,11
nag,50,0.0001243824640116,11
nag,50,0.0006026386873479,11
nag,50,0.0002225950937564,11
nag,50,6.56755535257166e-05,11
nag,50,8.659491503670342e-05,11
nag,50,0.0002359840095368,11
nag,50,0.0001854962522477,11
nag,50,0.0001745699425943,11
nag,50,0.0001656652243479,11
nag,50,0.0001561282589247,11
nag,50,5.309892552248763e-06,11
nag,50,4.1854144563951165e-05,11
nag,50,7.77189890755677e-06,11
nag,50,0.0001036077779461,11
nag,50,4.431002271515528e-05,11
nag,50,2.4511348819364577e-05,11
nag,50,0.0005756012367171,11
nag,50,0.0,11
nag,50,1.0013970428929774e-05,11
nag,50,4.6690924066572286e-05,11
nag,50,0.0001361909042801,11
nag,50,1.5928774356038086e-05,11
nag,50,1.4383569506798692e-05,11
nag,50,5.302036379771972e-06,11
nag,50,1.1032133216048709e-05,11
nag,50,8.118664653924192e-05,11
nag,50,4.997346556687614e-05,11
nag,50,0.0004220357403831,11
nag,50,1.8608461163305987e-05,11
nag,50,3.49695629574759e-05,11
nag,50,0.0001159378953122,11
nag,50,0.0,11
nag,50,9.763752836069768e-05,11
nag,50,1.184199248364244e-05,11
nag,50,1.7198357572259874e-05,11
nag,50,1.99390377692748e-05,11
nag,50,0.0004242450342655,11
nag,50,5.420257821833043e-05,11
nag,50,0.0001037024609196,11
nag,50,2.2271208089798855e-05,11
nag,50,0.0001139193849053,11
nag,50,0.0003330679873835,11
nag,50,8.045185291972966e-06,11
nag,50,2.3749622184889427e-05,11
nag,50,2.0547748458886463e-05,11
nag,50,0.000169438409581,11
nag,50,0.0004044649897798,11
nag,50,0.0001084015569594,11
nag,50,0.0002817019313498,11
nag,50,2.42749059031738e-05,11
nag,50,0.0002275471359349,11
nag,50,0.0001073084205123,11
nag,50,1.186751456015526e-05,11
nag,50,0.0004238476221713,11
nag,50,2.7316454977589885e-05,11
nag,50,0.0,11
nag,50,7.192152488768086e-05,11
nag,50,0.0001201364316853,11
nag,50,2.7087563120357256e-05,11
nag,50,5.8765097680038995e-05,11
nag,50,1.3452497714002166e-05,11
nag,50,2.471876879620812e-05,11
nag,50,0.0002232857619389,11
nag,50,4.97714943783336e-05,11
nag,50,0.0007291146447136,11
nag,50,7.217365001100878e-05,11
nag,50,0.0001528681176112,11
nag,50,1.0300866852027426e-05,11
nag,50,1.2534833813322548e-05,11
nag,50,0.0,11
nag,50,0.0004618443927558,11
nag,50,6.289229313740888e-05,11
nag,50,0.000119151444241,11
nag,50,9.207305391920784e-06,11
nag,50,0.0001457008894011,11
nag,50,9.41644351791845e-05,11
nag,50,0.0,11
nag,50,0.0005476429306358,11
nag,50,1.4015395020412182e-05,11
nag,50,0.0006720883115833,11
nag,50,9.463975970492524e-06,11
nag,50,0.000156045281026,11
nag,50,1.5549314386062332e-05,11
nag,50,2.7920069747773404e-05,11
nag,50,0.000147833830908,11
nag,50,0.0002199791628794,11
nag,50,6.374045317799876e-05,11
nag,50,0.0,11
nag,50,0.0,11
nag,50,0.0002521319202617,11
nag,50,0.0004078128215173,11
nag,50,0.0002747483518709,11
nag,50,0.0001763875020898,11
nag,50,1.5493526283229675e-05,11
nag,50,1.9038689570543153e-05,11
nag,50,2.8860323549706648e-05,11
nag,50,0.0001908380504498,11
nag,50,5.513311089363642e-05,11
nag,50,0.0,11
nag,50,0.0003616854312491,11
nag,50,0.0001886561439347,11
nag,50,0.0003814868126846,11
nag,50,0.0001663987239216,11
nag,50,0.000126914200751,11
nag,50,0.0,11
nag,50,7.48416618807745e-05,11
nag,50,5.10607028005345e-05,11
nag,50,3.2184058249392786e-05,11
nag,50,0.0,11
nag,50,0.0002190019983141,11
nag,50,2.600425142066965e-05,11
nag,50,0.0,11
nag,50,4.921875531079595e-05,11
nag,50,3.561751062549846e-05,11
nag,50,1.4517856846950968e-05,11
nag,50,0.0001456237320153,11
nag,50,8.244967770553676e-05,11
nag,50,0.0001462684939739,11
nag,50,1.240372255752345e-05,11
nag,50,0.0002649175577416,11
nag,50,3.013659025945654e-05,11
nag,50,1.5391159541043336e-05,11
nag,50,0.0,11
nag,50,0.0005432964848629,11
nag,50,5.980787036378743e-05,11
nag,50,0.0001222105827828,11
nag,50,1.1645969139249372e-05,11
nag,50,4.135879830729889e-05,11
nag,50,0.0008943659966427,11
nag,50,0.0003288022442695,11
nag,50,0.000125685589492,11
nag,50,4.0040411140762795e-05,11
nag,50,5.7737797690736103e-05,11
nag,50,0.0002831533355644,11
nag,50,0.0003631930258924,11
nag,50,0.0001639710793768,11
nag,50,0.0002176380845929,11
nag,50,0.0001775847984414,11
nag,50,0.0002224067947277,11
nag,50,0.0,11
nag,50,0.000233411323714,11
nag,50,0.0,11
nag,50,1.4173975825022966e-05,11
nag,50,0.0002414567027193,11
nag,50,8.29437386658555e-06,11
nag,50,1.7286252582057632e-05,11
nag,50,0.0001152672124285,11
nag,50,9.469824145433618e-06,11
nag,50,3.3674539452158016e-05,11
nag,50,0.0,11
nag,50,1.3198272425853546e-05,11
nag,50,0.0,11
nag,50,6.712448004126611e-05,11
nag,50,0.0001241135622277,11
nag,50,0.0013575714841657,11
nag,50,0.0001747242662762,11
nag,50,0.0010664083364669,11
nag,50,2.0967119532558237e-05,11
nag,50,0.0002313138362392,11
nag,50,2.7480299441909905e-05,11
nag,50,2.042574826003931e-05,11
nag,50,0.0001466369255808,11
nag,50,0.0001263933528459,11
nag,50,1.853125509266765e-05,11
nag,50,1.6260011461720655e-05,11
nag,50,3.037553224167618e-06,11
nag,50,8.609896741135688e-05,11
nag,50,5.153619158438009e-05,11
nag,50,0.0,11
nag,50,0.0001025944288696,11
nag,50,1.3079595968123763e-05,11
nag,50,0.0008691092602862,11
nag,50,5.532626454983657e-05,11
nag,50,8.876303147058378e-05,11
nag,50,3.531018528778183e-05,11
nag,50,1.0491383775485585e-05,11
nag,50,0.000195621745697,11
nag,50,2.9665422008944965e-05,11
nag,50,6.504643434585453e-05,11
nag,50,0.0001569015595285,11
nag,50,0.0005071932560044,11
nag,50,0.0009664023722201,11
nag,50,2.6231168908689688e-05,11
nag,50,0.0001278045824325,11
nag,50,0.0002169918138271,11
nag,50,3.23642677332296e-05,11
nag,50,0.0,11
nag,50,6.004942025223306e-06,11
nag,50,3.2671332041072656e-05,11
nag,50,0.0,11
nag,50,0.000238744596681,11
nag,50,0.0005034515635015,11
nag,50,3.027470197350035e-05,11
nag,50,3.252900091597298e-05,11
nag,50,0.0,11
nag,50,2.4166857452145004e-05,11
nag,50,0.0001019399465026,11
nag,50,0.0003401625988994,11
nag,50,0.0,11
nag,50,0.000168331478291,11
nag,50,0.0,11
nag,50,8.568681916629693e-05,11
nag,50,2.2854811568964323e-05,11
nag,50,5.100242360891311e-05,11
nag,50,0.0,11
nag,50,0.0001236726902811,11
nag,50,2.133242572805251e-05,11
nag,50,0.0002176221500501,11
nag,50,0.0001303633062163,11
nag,50,7.386211665401291e-06,11
nag,50,0.0003544974489172,11
nag,50,0.0,11
nag,50,8.990969577553706e-05,11
nag,50,0.0003412299860252,11
nag,50,0.0,11
nag,50,0.0,11
nag,50,1.6112820949303638e-05,11
nag,50,2.663920394138214e-05,11
nag,50,0.0001857875843739,11
nag,50,1.6034302595031073e-05,11
nag,50,0.0001246884122927,11
nag,50,0.0006215352750718,11
nag,50,0.0,11
nag,50,0.0,11
nag,50,0.000152215679628,11
nag,50,1.5560166705216834e-05,11
nag,50,8.615118919945777e-05,11
nag,50,0.0,11
nag,50,0.0008890961766284,11
nag,50,0.0,11
nag,50,0.0002623747786827,11
nag,50,0.0003396977830978,11
nag,50,2.2277934974117083e-05,11
nag,50,5.802391260928105e-05,11
nag,50,0.0002466928700745,11
nag,50,0.0001665456389764,11
nag,50,0.0003208078394117,11
nag,50,5.840654723206168e-05,11
nag,50,0.0001776246844218,11
nag,50,4.260092767662985e-05,11
nag,50,0.0004017039146724,11
nag,50,2.1910380188705058e-05,11
nag,50,8.792056682625536e-06,11
nag,50,0.0002579059549015,11
nag,50,3.4443143681289565e-05,11
nag,50,2.940710105579642e-05,11
nag,50,0.0,11
nag,50,9.883470961340647e-06,11
nag,50,9.999162325972182e-06,11
nag,50,0.0,11
nag,50,0.000101960136802,11
nag,50,0.0001889071243192,11
nag,50,6.349187396071671e-06,11
nag,50,0.0001057249286889,11
nag,50,0.0001120330554147,11
nag,50,5.7018846373512074e-06,11
nag,50,0.0001783169948397,11
nag,50,3.136978688825123e-05,11
nag,50,1.4952929170887216e-05,11
nag,50,0.0001121659337148,11
nag,50,0.0001138637784357,11
nag,50,0.0001672475900849,11
nag,50,9.006366986822459e-05,11
nag,50,6.871423615142623e-05,11
bg,50,7.207651275030128e-07,11
bg,50,4.981288693057393e-07,11
bg,50,5.154250400711059e-07,11
bg,50,5.412540312713271e-07,11
bg,50,6.858074659766111e-07,11
bg,50,6.982400451855328e-07,11
bg,50,3.273632981238773e-07,11
bg,50,7.488013721810667e-07,11
bg,50,1.1105818688501294e-06,11
bg,50,7.369618400711181e-07,11
bg,50,3.7924251864991433e-07,11
bg,50,8.018552070625014e-07,11
bg,50,5.34256615630319e-07,11
bg,50,6.213555552725022e-07,11
bg,50,6.156189649487374e-07,11
bg,50,6.228398213293225e-07,11
bg,50,7.482596602163477e-07,11
bg,50,9.007642323845742e-07,11
bg,50,1.1866422874419985e-06,11
bg,50,7.233909651192589e-07,11
bg,50,6.92013737069051e-07,11
bg,50,8.845929951599061e-07,11
bg,50,8.835690317692982e-07,11
bg,50,6.105784271252197e-07,11
bg,50,2.914962141554625e-07,11
bg,50,3.731566396716859e-07,11
bg,50,6.031227628402721e-07,11
bg,50,7.45679122071381e-07,11
bg,50,6.045727428345495e-07,11
bg,50,4.949517008222952e-07,11
bg,50,5.680315248580119e-07,11
bg,50,2.898976898228639e-07,11
bg,50,7.885319895190507e-07,11
bg,50,3.041052447371949e-07,11
bg,50,6.457642123569283e-07,11
bg,50,5.621913314199022e-07,11
bg,50,4.199858853361605e-07,11
bg,50,6.24982144578787e-07,11
bg,50,7.080430365121946e-07,11
bg,50,5.383381252135927e-07,11
bg,50,5.677341631852369e-07,11
bg,50,3.967306771926226e-07,11
bg,50,7.811140783875153e-07,11
bg,50,4.695012526971109e-07,11
bg,50,8.399109181388504e-07,11
bg,50,4.951352884030379e-07,11
bg,50,3.6141977228354484e-07,11
bg,50,2.7931603009470293e-07,11
bg,50,4.312368172530128e-07,11
bg,50,5.042480425690436e-07,11
bg,50,6.294811325874058e-07,11
bg,50,4.566550067765609e-07,11
bg,50,9.56120510906597e-07,11
bg,50,3.329401314457706e-07,11
bg,50,5.310425627513357e-07,11
bg,50,6.309574542583109e-07,11
bg,50,5.087621443474752e-07,11
bg,50,6.262522024487288e-07,11
bg,50,8.440798976355433e-07,11
bg,50,5.284306355243344e-07,11
bg,50,6.310817502846054e-07,11
bg,50,5.162439069403091e-07,11
bg,50,4.911839481221509e-07,11
bg,50,5.211082680976528e-07,11
bg,50,5.844510303717672e-07,11
bg,50,1.0895814547221462e-06,11
bg,50,3.178217365017412e-07,11
bg,50,4.840033820021562e-07,11
bg,50,3.05603424822404e-07,11
bg,50,5.500154047738728e-07,11
bg,50,7.409004495009236e-07,11
bg,50,5.969588712699037e-07,11
bg,50,4.061110553166866e-07,11
bg,50,6.693164145032927e-07,11
bg,50,6.576747767542386e-07,11
bg,50,7.366571229279979e-07,11
bg,50,7.367641130221761e-07,11
bg,50,2.7459596113467866e-07,11
bg,50,3.597508606171178e-07,11
bg,50,4.975342634899188e-07,11
bg,50,3.517555808293202e-07,11
bg,50,7.02833811778518e-07,11
bg,50,3.545797092723773e-07,11
bg,50,4.424811828296961e-07,11
bg,50,7.670493006672908e-07,11
bg,50,4.592946675996761e-07,11
bg,50,4.0286525571962395e-07,11
bg,50,7.038208699451722e-07,11
bg,50,6.754291164076174e-07,11
bg,50,3.8589859255221043e-07,11
bg,50,8.835310119726227e-07,11
bg,50,8.095820826455818e-07,11
bg,50,5.402659053093876e-07,11
bg,50,3.377839905557646e-07,11
bg,50,7.655090068208535e-07,11
bg,50,3.7751395155856644e-07,11
bg,50,7.957988633884221e-07,11
bg,50,5.304817100213106e-07,11
bg,50,4.912238275713524e-07,11
bg,50,3.5709719946161717e-07,11
bg,50,6.874964912585526e-07,11
bg,50,4.591946258876162e-07,11
bg,50,6.536931527382715e-07,11
bg,50,6.540375391902218e-07,11
bg,50,5.001561501039494e-07,11
bg,50,9.298795404499574e-07,11
bg,50,7.536809291303076e-07,11
bg,50,5.63533277870802e-07,11
bg,50,6.73738567495875e-07,11
bg,50,6.683785637519185e-07,11
bg,50,5.712674188013097e-07,11
bg,50,3.62368911965706e-07,11
bg,50,5.756390960953806e-07,11
bg,50,3.250877866763742e-07,11
bg,50,6.129857753968723e-07,11
bg,50,5.072113347373112e-07,11
bg,50,3.630152921930679e-07,11
bg,50,2.820312497499791e-07,11
bg,50,4.099679781195817e-07,11
bg,50,2.805998804408779e-07,11
bg,50,7.263651228451602e-07,11
bg,50,1.0409725695732609e-06,11
bg,50,5.502221655834104e-07,11
bg,50,4.1118341453684043e-07,11
bg,50,3.4499531717334893e-07,11
bg,50,5.131553629305189e-07,11
bg,50,5.23677639476124e-07,11
bg,50,6.731289977538252e-07,11
bg,50,3.361227206329779e-07,11
bg,50,3.634853963311657e-07,11
bg,50,9.067549554576734e-07,11
bg,50,3.430010358899568e-07,11
bg,50,3.659990959648743e-07,11
bg,50,4.257877206991929e-07,11
bg,50,5.703847670717852e-07,11
bg,50,4.885841434755212e-07,11
bg,50,6.787541162370711e-07,11
bg,50,6.59385448270104e-07,11
bg,50,6.059198692887429e-07,11
bg,50,5.598922795580816e-07,11
bg,50,7.821795528753903e-07,11
bg,50,4.961347663418456e-07,11
bg,50,6.883844887577756e-07,11
bg,50,4.431648334937393e-07,11
bg,50,6.911117373728814e-07,11
bg,50,5.033877033324042e-07,11
bg,50,5.444762446721736e-07,11
bg,50,4.646689813649954e-07,11
bg,50,5.555517800718342e-07,11
bg,50,2.576923461596921e-07,11
bg,50,3.499865453672128e-07,11
bg,50,8.662800336060641e-07,11
bg,50,7.54346503344294e-07,11
bg,50,5.403746579950289e-07,11
bg,50,5.469596682425212e-07,11
bg,50,5.530610162250478e-07,11
bg,50,6.944158698087383e-07,11
bg,50,4.323809137596695e-07,11
bg,50,5.556724321953518e-07,11
bg,50,3.921793367546489e-07,11
bg,50,5.248317024513898e-07,11
bg,50,5.697625489944031e-07,11
bg,50,5.034433858483452e-07,11
bg,50,7.220701607480942e-07,11
bg,50,3.2776332728129653e-07,11
bg,50,3.68424183433678e-07,11
bg,50,4.895155191388416e-07,11
bg,50,5.410054877365672e-07,11
bg,50,2.660532454235648e-07,11
bg,50,9.850481335290598e-07,11
bg,50,6.537689473974651e-07,11
bg,50,1.0768999229845093e-06,11
bg,50,6.351533909483506e-07,11
bg,50,7.477465094552038e-07,11
bg,50,2.4162221697057525e-07,11
bg,50,5.776467914815669e-07,11
bg,50,4.918759068913223e-07,11
bg,50,4.106384278876427e-07,11
bg,50,4.457169360207577e-07,11
bg,50,6.426593905123998e-07,11
bg,50,5.398237718069382e-07,11
bg,50,4.35804150514888e-07,11
bg,50,4.593526643804713e-07,11
bg,50,6.717412897785217e-07,11
bg,50,6.312244764210491e-07,11
bg,50,6.326073926573608e-07,11
bg,50,7.187950874067992e-07,11
bg,50,3.982368867801683e-07,11
bg,50,6.307153634522354e-07,11
bg,50,7.815915617953427e-07,11
bg,50,4.311520809504621e-07,11
bg,50,5.822282624313492e-07,11
bg,50,8.971573916818866e-07,11
bg,50,4.590232747690169e-07,11
bg,50,8.306928824482162e-07,11
bg,50,3.610449490452311e-07,11
bg,50,6.344486574263423e-07,11
bg,50,1.0450549043062374e-06,11
bg,50,1.024249757185519e-06,11
bg,50,5.777096208179213e-07,11
bg,50,8.639456267217261e-07,11
bg,50,6.224189813904169e-07,11
bg,50,7.752782187501442e-07,11
bg,50,6.621615340399915e-07,11
bg,50,6.02849683260966e-07,11
bg,50,3.158891084255575e-07,11
bg,50,2.837763655587994e-07,11
bg,50,4.4019230958722516e-07,11
bg,50,5.41034359923669e-07,11
bg,50,5.244612451608542e-07,11
bg,50,3.6546874232347033e-07,11
bg,50,5.010500907676772e-07,11
bg,50,5.068367552910955e-07,11
bg,50,4.059371408045596e-07,11
bg,50,3.129361573221275e-07,11
bg,50,9.033199322500354e-07,11
bg,50,4.305412603911737e-07,11
bg,50,9.695990961654534e-07,11
bg,50,4.326153347776467e-07,11
bg,50,6.010723979172563e-07,11
bg,50,7.251424217939015e-07,11
bg,50,3.72459959230254e-07,11
bg,50,8.452466421638118e-07,11
bg,50,4.911490731871679e-07,11
bg,50,5.015771574079981e-07,11
bg,50,6.887295755463674e-07,11
bg,50,7.688746738659153e-07,11
bg,50,8.007472520857318e-07,11
bg,50,5.098614947323483e-07,11
bg,50,6.18944621050281e-07,11
bg,50,5.539820593920338e-07,11
bg,50,2.426214671353824e-07,11
bg,50,3.372239033904289e-07,11
bg,50,2.475758359628375e-07,11
bg,50,4.42170077016514e-07,11
bg,50,1.9099898394016239e-07,11
bg,50,8.544441950391743e-07,11
bg,50,6.057659655550205e-07,11
bg,50,5.609653292536022e-07,11
bg,50,7.396692613150869e-07,11
bg,50,7.682539019148295e-07,11
bg,50,9.285776949254276e-07,11
bg,50,1.0749571365473622e-06,11
bg,50,3.851365997454854e-07,11
bg,50,9.587947314070748e-07,11
bg,50,5.325087154713476e-07,11
bg,50,7.402607433915533e-07,11
bg,50,5.782490990093515e-07,11
bg,50,6.772195947440656e-07,11
bg,50,3.647815204416281e-07,11
bg,50,6.529210106252461e-07,11
bg,50,3.320662840159882e-07,11
bg,50,5.795275014733267e-07,11
bg,50,3.5017897618093213e-07,11
bg,50,3.524446898595901e-07,11
bg,50,4.360811761320839e-07,11
bg,50,2.897470907648041e-07,11
bg,50,4.233603500323576e-07,11
bg,50,6.778738565906949e-07,11
bg,50,9.517748577985352e-07,11
bg,50,2.2304643338662618e-07,11
bg,50,5.086701765874002e-07,11
bg,50,7.490942851585188e-07,11
bg,50,6.784191290972655e-07,11
bg,50,4.22924589377115e-07,11
bg,50,4.091598073889553e-07,11
bg,50,5.958181041217266e-07,11
bg,50,6.001319352151301e-07,11
bg,50,7.26281669702874e-07,11
bg,50,5.50771860938543e-07,11
bg,50,7.25592805839531e-07,11
bg,50,7.979399581459318e-07,11
bg,50,5.968403386605303e-07,11
bg,50,6.138472097382009e-07,11
bg,50,7.551640793065289e-07,11
bg,50,7.72237468607089e-07,11
bg,50,5.920613671211041e-07,11
bg,50,2.356809587156844e-07,11
bg,50,6.268015397287118e-07,11
bg,50,4.786020745365309e-07,11
bg,50,8.621673884177817e-07,11
bg,50,8.193060828823737e-07,11
bg,50,8.995942963108801e-07,11
bg,50,6.747550115442776e-07,11
bg,50,7.616487389851187e-07,11
bg,50,5.032222494708924e-07,11
bg,50,3.3075362845963316e-07,11
bg,50,8.26464484059601e-07,11
bg,50,5.993442061453235e-07,11
bg,50,7.500986202294847e-07,11
bg,50,6.778328758563111e-07,11
bg,50,3.273758976871272e-07,11
bg,50,5.234798550715085e-07,11
bg,50,4.0470789638709154e-07,11
bg,50,9.512891085414734e-07,11
bg,50,5.242131245896684e-07,11
bg,50,6.706365347079966e-07,11
bg,50,8.589023252763356e-07,11
bg,50,5.270328258189827e-07,11
bg,50,4.616144828357704e-07,11
bg,50,4.753994938994878e-07,11
bg,50,6.161458142144139e-07,11
bg,50,9.61408213510467e-07,11
bg,50,6.353997956299165e-07,11
bg,50,2.1917201039372975e-07,11
bg,50,4.6817613106043987e-07,11
bg,50,5.024801826282472e-07,11
bg,50,5.076996085856912e-07,11
bg,50,7.078136884965134e-07,11
bg,50,5.012767528071431e-07,11
bg,50,4.947603447858468e-07,11
bg,50,6.183195139983783e-07,11
bg,50,6.224023100585986e-07,11
bg,50,6.367287495209091e-07,11
bg,50,6.965101152810722e-07,11
bg,50,3.711275452227186e-07,11
bg,50,4.3456565703333083e-07,11
bg,50,4.886327551917826e-07,11
bg,50,6.044170755805675e-07,11
bg,50,4.726684868314393e-07,11
bg,50,8.145535773620155e-07,11
bg,50,5.387884917286644e-07,11
bg,50,3.2436704506619373e-07,11
bg,50,6.789981187470019e-07,11
bg,50,4.52073443233325e-07,11
bg,50,6.433558107918695e-07,11
bg,50,6.217538709749997e-07,11
bg,50,3.387266621488449e-07,11
bg,50,6.463852686777105e-07,11
bg,50,5.087988693640654e-07,11
bg,50,5.471667494413144e-07,11
bg,50,4.59899554063605e-07,11
bg,50,7.148226286420975e-07,11
bg,50,6.911710967742908e-07,11
bg,50,6.759998754588265e-07,11
bg,50,2.6593661359836393e-07,11
bg,50,4.47333360582773e-07,11
bg,50,3.403673028450946e-07,11
bg,50,5.150779055303998e-07,11
bg,50,6.35291706641316e-07,11
bg,50,4.315578798195204e-07,11
bg,50,6.32555358049509e-07,11
bg,50,5.290680153562702e-07,11
bg,50,5.721768072161676e-07,11
bg,50,3.489198371513266e-07,11
bg,50,9.23616882395974e-07,11
bg,50,5.385437478504074e-07,11
bg,50,4.199454862718522e-07,11
bg,50,8.600870572464741e-07,11
bg,50,2.052830162651367e-07,11
bg,50,7.681306270009423e-07,11
bg,50,3.322363983746327e-07,11
bg,50,2.9491377349509776e-07,11
bg,50,5.089783127861592e-07,11
bg,50,2.777613015159427e-07,11
bg,50,6.640811909198972e-07,11
bg,50,3.3986025557500265e-07,11
bg,50,3.373351839827695e-07,11
bg,50,3.3652649722867545e-07,11
bg,50,4.5282790639194484e-07,11
bg,50,5.174481425866059e-07,11
bg,50,4.243202354115057e-07,11
bg,50,3.378471465392931e-07,11
bg,50,4.890054443080972e-07,11
bg,50,3.523397209280555e-07,11
bg,50,6.599618923467323e-07,11
bg,50,5.047071429443888e-07,11
bg,50,4.553724980645978e-07,11
bg,50,5.995958829732948e-07,11
bg,50,8.893484275255499e-07,11
bg,50,7.257866238412347e-07,11
bg,50,5.414296214958789e-07,11
bg,50,5.988725978712054e-07,11
bg,50,3.431439307141704e-07,11
bg,50,4.765111957430926e-07,11
bg,50,4.283769510185545e-07,11
bg,50,6.143011586315828e-07,11
bg,50,2.623267345658787e-07,11
bg,50,9.402160466244738e-07,11
bg,50,3.53841649584556e-07,11
bg,50,3.6883050262001993e-07,11
bg,50,5.959610305916838e-07,11
bg,50,4.954731649189794e-07,11
bg,50,1.0806508194741685e-06,11
bg,50,7.199866329296819e-07,11
bg,50,5.202894759846046e-07,11
bg,50,7.248172513494877e-07,11
bg,50,1.831925613080119e-07,11
bg,50,4.737188295182991e-07,11
bg,50,4.043467247374588e-07,11
bg,50,6.417159378506913e-07,11
bg,50,6.035073876099786e-07,11
bg,50,7.340124476273938e-07,11
bg,50,6.967333136189707e-07,11
bg,50,6.942935141633104e-07,11
bg,50,5.423095173859648e-07,11
bg,50,6.492029261990878e-07,11
bg,50,8.830923637175324e-07,11
bg,50,5.413128677317879e-07,11
bg,50,9.807221921648663e-07,11
bg,50,4.021318626823247e-07,11
bg,50,4.729509901066089e-07,11
bg,50,4.657295067325045e-07,11
bg,50,7.539854825362417e-07,11
bg,50,6.429271574291314e-07,11
bg,50,8.141575923286361e-07,11
bg,50,8.037124236440855e-07,11
bg,50,5.604570535003374e-07,11
bg,50,1.0432307550879615e-06,11
bg,50,6.620660773241687e-07,11
bg,50,4.469493113372736e-07,11
bg,50,2.205301064298701e-07,11
bg,50,8.775595712789636e-07,11
bg,50,5.247676177156133e-07,11
bg,50,5.95462158579026e-07,11
bg,50,2.531829956385212e-07,11
bg,50,5.488958481280147e-07,11
bg,50,3.352857043703784e-07,11
bg,50,6.47654833056403e-07,11
bg,50,3.068760662633929e-07,11
bg,50,8.127512249923114e-07,11
bg,50,4.058399270444479e-07,11
bg,50,5.486165441088746e-07,11
bg,50,8.260462290750858e-07,11
bg,50,1.729904631088274e-07,11
bg,50,2.736351337487968e-07,11
bg,50,4.429852717772434e-07,11
bg,50,5.315749025789388e-07,11
bg,50,3.517790810748434e-07,11
bg,50,3.586594444651182e-07,11
bg,50,4.320898721934864e-07,11
bg,50,5.248928899665059e-07,11
bg,50,6.187417952055195e-07,11
bg,50,7.204418336181093e-07,11
bg,50,3.606965653077696e-07,11
bg,50,6.642638129222061e-07,11
bg,50,4.4888311965796907e-07,11
bg,50,5.745316512853034e-07,11
bg,50,3.562900194570999e-07,11
bg,50,7.42827127361244e-07,11
bg,50,5.229087222292808e-07,11
bg,50,5.760437067617396e-07,11
bg,50,4.995795463365937e-07,11
bg,50,5.901260752520784e-07,11
bg,50,2.823136743798324e-07,11
bg,50,8.071251839458128e-07,11
bg,50,4.666984270599597e-07,11
bg,50,3.838236864600216e-07,11
bg,50,4.220198336139617e-07,11
bg,50,6.262303481876847e-07,11
bg,50,5.927430309500859e-07,11
bg,50,6.414939431645991e-07,11
bg,50,8.100847993163526e-07,11
bg,50,4.895772418802817e-07,11
bg,50,7.739759149887064e-07,11
bg,50,4.594473336064323e-07,11
bg,50,4.562015559601321e-07,11
bg,50,5.886720892605964e-07,11
bg,50,5.991825303994317e-07,11
bg,50,4.39585787286105e-07,11
bg,50,5.061206770720783e-07,11
bg,50,5.078013288084344e-07,11
bg,50,9.469235870784252e-07,11
bg,50,4.0740605774444244e-07,11
bg,50,8.864179809221477e-07,11
bg,50,3.575467597335203e-07,11
bg,50,3.899344932340991e-07,11
bg,50,1.7319889611252836e-07,11
bg,50,5.953854321136094e-07,11
bg,50,3.294112592648616e-07,11
bg,50,3.153686043154771e-07,11
bg,50,6.62941956289282e-07,11
bg,50,5.648926251690816e-07,11
bg,50,5.694439812135128e-07,11
bg,50,7.25596499552658e-07,11
bg,50,3.4926208160720205e-07,11
bg,50,6.721013586752096e-07,11
bg,50,6.394359632455514e-07,11
bg,50,7.437304969318054e-07,11
bg,50,4.273293292986461e-07,11
bg,50,8.631847505679512e-07,11
bg,50,1.768746107852099e-07,11
bg,50,5.82827755070186e-07,11
bg,50,7.237379264147832e-07,11
bg,50,1.016479321829934e-06,11
bg,50,3.526941490760491e-07,11
bg,50,4.4662765453818884e-07,11
bg,50,4.197975248203352e-07,11
bg,50,7.062010956267429e-07,11
bg,50,3.658932688691092e-07,11
bg,50,8.80269173115054e-07,11
bg,50,5.792634178934507e-07,11
bg,50,5.796271388684446e-07,11
bg,50,2.8661712890285625e-07,11
bg,50,7.080626742276023e-07,11
bg,50,8.096419308841815e-07,11
bg,50,8.565764180099151e-07,11
bg,50,2.79995830853464e-07,11
bg,50,5.488242546331019e-07,11
bg,50,4.169211501236193e-07,11
ag,50,0.0001500137783509,12
ag,50,0.0189668326315107,12
ag,50,0.0643769832043499,12
ag,50,0.0001872290231006,12
ag,50,0.009997386083492,12
ag,50,0.0106319812318153,12
ag,50,0.0579298364871338,12
ag,50,0.0027317571975767,12
ag,50,0.0101344506672345,12
ag,50,0.0039367238334005,12
ag,50,0.0069924767839338,12
ag,50,0.0684683848366031,12
ag,50,0.0051512480726959,12
ag,50,0.0335261419051968,12
ag,50,0.0001160002577888,12
ag,50,0.0009634621902786,12
ag,50,0.0084317383198182,12
ag,50,0.0133026084415703,12
ag,50,0.0003409019204142,12
ag,50,0.0088734833779762,12
ag,50,0.0192606146945432,12
ag,50,0.0374051269918346,12
ag,50,0.0244063151666491,12
ag,50,0.0156479912157371,12
ag,50,0.0095645764533975,12
ag,50,0.0018423103702446,12
ag,50,0.0142890599736241,12
ag,50,0.0002819221400315,12
ag,50,0.0015658793636004,12
ag,50,0.0003077372584288,12
ag,50,0.0231410142935907,12
ag,50,0.0002382790501177,12
ag,50,0.0027730452073156,12
ag,50,0.0172899195458649,12
ag,50,0.0068867099352133,12
ag,50,0.0293409102726127,12
ag,50,0.0031261624732803,12
ag,50,0.0190198145674716,12
ag,50,0.0033863199665792,12
ag,50,0.0080844998501854,12
ag,50,0.0202220707106437,12
ag,50,0.009094692288642,12
ag,50,0.0481661243195798,12
ag,50,0.0009890885762815,12
ag,50,0.0061842745417083,12
ag,50,0.1082174759124551,12
ag,50,0.1099194469434774,12
ag,50,0.0031947816913792,12
ag,50,0.0012899959718925,12
ag,50,0.0017462334138847,12
ag,50,0.0105360029119518,12
ag,50,0.0025139981688845,12
ag,50,0.0004400867137808,12
ag,50,0.0377880990074097,12
ag,50,0.0023360443406761,12
ag,50,0.0122729564293686,12
ag,50,0.0072185223235881,12
ag,50,0.0399846485449622,12
ag,50,0.0213283201927399,12
ag,50,0.0159392718835355,12
ag,50,0.0234402825306025,12
ag,50,0.0334982293939312,12
ag,50,0.0170094671233785,12
ag,50,0.0040590293130564,12
ag,50,0.0185779610432631,12
ag,50,0.012771142276645,12
ag,50,0.010899514729464,12
ag,50,0.0082703285064516,12
ag,50,0.0059362726736091,12
ag,50,0.0008416395528638,12
ag,50,0.0084560820423258,12
ag,50,0.0033075738178991,12
ag,50,0.0063371454761186,12
ag,50,0.0017015254338124,12
ag,50,0.0157684778734511,12
ag,50,0.0018826825978915,12
ag,50,0.0011709580468841,12
ag,50,0.0025275364937246,12
ag,50,0.0120099992063899,12
ag,50,0.0074905387387187,12
ag,50,0.0041119106229694,12
ag,50,0.0113904489962373,12
ag,50,0.0026072394822786,12
ag,50,0.0061113506771569,12
ag,50,0.0048073347401713,12
ag,50,0.0023859428723842,12
ag,50,0.0027956181973041,12
ag,50,0.0028785629171268,12
ag,50,0.008113172278778,12
ag,50,0.032803621098092,12
ag,50,0.0032371305443645,12
ag,50,0.0025174055432139,12
ag,50,0.0165121002027148,12
ag,50,0.0016691616103515,12
ag,50,0.0224876041517722,12
ag,50,0.0025368848712047,12
ag,50,0.0219341349694859,12
ag,50,0.0414876082417682,12
ag,50,0.0065385643954765,12
ag,50,0.0061940108600281,12
ag,50,0.0431993896502493,12
ag,50,0.0179563084485887,12
ag,50,0.0040390591741747,12
ag,50,0.0079084062466238,12
ag,50,0.0123029652280218,12
ag,50,0.0198392708966536,12
ag,50,0.000872298503156,12
ag,50,0.014236187980613,12
ag,50,0.0159138254507487,12
ag,50,0.0062838427073658,12
ag,50,0.0049000667166511,12
ag,50,0.0012112548605556,12
ag,50,0.0359634364684394,12
ag,50,0.0828283220454888,12
ag,50,0.0082355378694598,12
ag,50,0.0118494119780954,12
ag,50,0.0022229801061097,12
ag,50,0.0134332854738455,12
ag,50,0.0035044486167509,12
ag,50,0.0020056478877527,12
ag,50,0.0102233283358828,12
ag,50,0.0176695113494214,12
ag,50,0.0049045077290331,12
ag,50,0.0547329855166469,12
ag,50,0.0108664361194481,12
ag,50,0.0007697826458116,12
ag,50,0.007511707485335,12
ag,50,0.0054499251535475,12
ag,50,0.0011417998674663,12
ag,50,0.0276006905346389,12
ag,50,0.0095120673155282,12
ag,50,0.0023264025506503,12
ag,50,0.0075481509220741,12
ag,50,0.0028997108921906,12
ag,50,0.0028757202692486,12
ag,50,0.001906062669431,12
ag,50,0.0025946379811619,12
ag,50,0.0093335878198987,12
ag,50,0.0175471500265926,12
ag,50,0.0039227494956834,12
ag,50,0.0057645100168282,12
ag,50,0.0062246389741986,12
ag,50,0.0135915628963984,12
ag,50,0.0038290453103569,12
ag,50,0.0066745899087426,12
ag,50,0.0068689826844378,12
ag,50,0.0068210849528493,12
ag,50,0.0334463662372551,12
ag,50,0.0138981523411171,12
ag,50,0.0157948195400909,12
ag,50,0.0078754352566398,12
ag,50,0.0150369239881571,12
ag,50,0.0333626390574098,12
ag,50,0.0166432076449822,12
ag,50,0.0023771481998012,12
ag,50,0.0140707926967116,12
ag,50,0.0085158490921935,12
ag,50,0.0049732377209807,12
ag,50,0.0062229762529135,12
ag,50,0.0104924373992796,12
ag,50,0.011565854196044,12
ag,50,0.0012676511917689,12
ag,50,0.0028104082723839,12
ag,50,0.0298465624234622,12
ag,50,0.0132221847041322,12
ag,50,0.0002221772393025,12
ag,50,0.0022137605951865,12
ag,50,0.0367110577893226,12
ag,50,0.016572080922602,12
ag,50,0.0154109371541069,12
ag,50,0.0316230060068708,12
ag,50,0.0034143320211568,12
ag,50,0.0014611028535484,12
ag,50,0.0068195226672293,12
ag,50,0.0089260728621616,12
ag,50,0.0127287383397319,12
ag,50,0.000362989949798,12
ag,50,0.0092916627701436,12
ag,50,0.004630932939335,12
ag,50,0.0032187310925053,12
ag,50,0.0164187926657026,12
ag,50,0.007726761198158,12
ag,50,0.0215510665345458,12
ag,50,0.0020695190047424,12
ag,50,0.0127316444599016,12
ag,50,0.0032446896121186,12
ag,50,0.0007628545012104,12
ag,50,0.0159919491509531,12
ag,50,0.0096293965450207,12
ag,50,0.006819459732522,12
ag,50,0.0240528926194259,12
ag,50,0.0026023977809512,12
ag,50,0.0073678183688819,12
ag,50,0.0309527655611309,12
ag,50,0.0040599059989171,12
ag,50,0.0370172619210065,12
ag,50,0.0149928405271307,12
ag,50,0.0015356319704889,12
ag,50,0.0163350681376716,12
ag,50,0.0487711005719528,12
ag,50,0.0046196847446896,12
ag,50,0.0256988931360492,12
ag,50,0.0067275382420981,12
ag,50,0.0096954566428361,12
ag,50,0.0126124571457741,12
ag,50,0.0190728295690769,12
ag,50,0.0158133504229778,12
ag,50,0.0142834506609301,12
ag,50,0.003825826960119,12
ag,50,0.1070028258019841,12
ag,50,0.0193420088630339,12
ag,50,0.008997380273021,12
ag,50,0.0057930551753695,12
ag,50,0.0042188465611562,12
ag,50,0.0140025203104569,12
ag,50,0.0024317169557861,12
ag,50,0.0453271677632072,12
ag,50,0.0237004415967748,12
ag,50,0.0049598485367605,12
ag,50,0.016200590571092,12
ag,50,0.0310771188426728,12
ag,50,0.0022929041005415,12
ag,50,0.012431232472257,12
ag,50,0.0013023339344631,12
ag,50,0.0153466782897462,12
ag,50,0.010589766457728,12
ag,50,0.0831543072723701,12
ag,50,0.0120420158438679,12
ag,50,0.0003230553767647,12
ag,50,0.0080680184739795,12
ag,50,0.0225875490448794,12
ag,50,0.0076809415059801,12
ag,50,0.0049935501011161,12
ag,50,0.0763493527420716,12
ag,50,0.0076662661368584,12
ag,50,0.0044732706801819,12
ag,50,0.0043249560517777,12
ag,50,0.0178648371854005,12
ag,50,0.0609040325227004,12
ag,50,0.0058921337496179,12
ag,50,0.0412670265658435,12
ag,50,0.0104623155506497,12
ag,50,0.0094807146443724,12
ag,50,0.0079919398817886,12
ag,50,0.002719131888629,12
ag,50,0.0107188810753059,12
ag,50,0.0012951398585754,12
ag,50,0.0108761499872784,12
ag,50,0.0005533252855833,12
ag,50,0.0023457459660129,12
ag,50,0.0262540327865282,12
ag,50,0.0299795881104818,12
ag,50,0.0485932776072341,12
ag,50,0.0008448156176595,12
ag,50,0.0859427501507534,12
ag,50,0.0192590736184428,12
ag,50,0.0010621315971164,12
ag,50,0.027358473243263,12
ag,50,0.0014385374151251,12
ag,50,0.0313297283403492,12
ag,50,0.0218301571963139,12
ag,50,0.001394221758173,12
ag,50,0.002940441135438,12
ag,50,0.0136756768007503,12
ag,50,0.0186103585440223,12
ag,50,0.0006796668337889,12
ag,50,0.013401255266416,12
ag,50,0.0007913727093098,12
ag,50,0.0061878360246918,12
ag,50,0.0072831548987865,12
ag,50,0.0508467035157777,12
ag,50,0.0017549154733545,12
ag,50,0.0268229003478434,12
ag,50,0.011481853835399,12
ag,50,0.0353888629680867,12
ag,50,0.0254156251804406,12
ag,50,0.0004550949162721,12
ag,50,0.0072531690753488,12
ag,50,0.0323311202186868,12
ag,50,0.0016098821625047,12
ag,50,0.0218046401904261,12
ag,50,0.0,12
ag,50,0.0004140619552573,12
ag,50,0.0232891117184844,12
ag,50,0.055306387933189,12
ag,50,0.0039489968338528,12
ag,50,0.0088643797648491,12
ag,50,0.0574487888435113,12
ag,50,0.050503471118174,12
ag,50,0.0237501312022987,12
ag,50,0.0073182378197474,12
ag,50,0.036370320062258,12
ag,50,0.0153259553304191,12
ag,50,0.0162238248276165,12
ag,50,0.0191628010719026,12
ag,50,0.0053654933323375,12
ag,50,0.0113533605325213,12
ag,50,0.057530832896432,12
ag,50,0.0105809004559405,12
ag,50,0.0107609548109541,12
ag,50,0.0997542171884793,12
ag,50,0.0006907066407399,12
ag,50,0.0047387072609729,12
ag,50,0.0115312547119972,12
ag,50,0.0086819998370643,12
ag,50,0.0013647943950984,12
ag,50,0.0065154409377674,12
ag,50,0.006409377176115,12
ag,50,0.002139818163763,12
ag,50,0.002040233381651,12
ag,50,0.0010870583052009,12
ag,50,0.0079734938837867,12
ag,50,0.0098358498529966,12
ag,50,0.0031804007367308,12
ag,50,0.0059724550044294,12
ag,50,0.0080032572716756,12
ag,50,0.0003892001945616,12
ag,50,0.0021358088732951,12
ag,50,0.0077749892242589,12
ag,50,0.0003991618998364,12
ag,50,0.0333859524073809,12
ag,50,0.0730759593876812,12
ag,50,0.0044104666337235,12
ag,50,0.0016938152918907,12
ag,50,0.0142455767210601,12
ag,50,0.0117675877000418,12
ag,50,0.0013682230959781,12
ag,50,0.0290547049245621,12
ag,50,0.0173314737624013,12
ag,50,0.0353214645638354,12
ag,50,0.0036674014724332,12
ag,50,0.003623732155921,12
ag,50,0.0096210601939833,12
ag,50,0.0002821233303102,12
ag,50,0.0192576840613028,12
ag,50,0.0074438745178047,12
ag,50,0.0155207956823163,12
ag,50,0.0065556260406463,12
ag,50,0.0004994366122869,12
ag,50,0.0488952923789178,12
ag,50,0.0057651117802896,12
ag,50,0.0084595941450851,12
ag,50,0.0765171319800054,12
ag,50,0.0304396332000679,12
ag,50,0.013045834559505,12
ag,50,0.0008037732240784,12
ag,50,0.0011929629241849,12
ag,50,0.0031511253467361,12
ag,50,0.016811657463317,12
ag,50,0.0079851737376043,12
ag,50,0.0012961760642958,12
ag,50,0.0064693646092412,12
ag,50,0.0842502218618036,12
ag,50,0.0072704106552642,12
ag,50,0.0224995170817599,12
ag,50,0.0121491435599724,12
ag,50,0.0117464122707492,12
ag,50,0.0013814789289193,12
ag,50,0.0140430058857024,12
ag,50,0.0032050785838566,12
ag,50,0.0060589660667841,12
ag,50,0.006741827056441,12
ag,50,0.0078505322554811,12
ag,50,0.0011570697075485,12
ag,50,0.0112002833658506,12
ag,50,0.0101261177199746,12
ag,50,0.006542085220942,12
ag,50,0.0220897528826621,12
ag,50,0.0357530651402935,12
ag,50,0.0437798729184328,12
ag,50,0.0161754606517954,12
ag,50,0.0020826515517121,12
ag,50,0.0049254223003158,12
ag,50,0.0019623896799349,12
ag,50,0.0123902379477455,12
ag,50,0.0074176325393215,12
ag,50,0.0173050524200373,12
ag,50,0.0476227070590018,12
ag,50,0.0096118089014905,12
ag,50,0.0292594819966718,12
ag,50,0.0062484101299626,12
ag,50,0.0286274915205587,12
ag,50,0.0104001390055284,12
ag,50,0.0060684501302534,12
ag,50,0.0088598455593281,12
ag,50,0.0476809583186106,12
ag,50,0.0058182801720892,12
ag,50,0.0762789342031884,12
ag,50,0.0029591663426388,12
ag,50,0.0332330760574185,12
ag,50,0.0027821933901489,12
ag,50,0.0067671022383501,12
ag,50,0.0518629817468785,12
ag,50,0.0037688879815087,12
ag,50,0.0083976712724319,12
ag,50,0.0023362574902752,12
ag,50,0.0035740008691128,12
ag,50,0.0303461958413739,12
ag,50,0.0400644707621614,12
ag,50,0.0111162401368367,12
ag,50,0.037888709551751,12
ag,50,0.002944870852663,12
ag,50,0.0003054554708399,12
ag,50,0.004138721701931,12
ag,50,0.003457219360728,12
ag,50,0.0208725189029223,12
ag,50,0.0022216797745707,12
ag,50,0.0095724209672023,12
ag,50,0.0061095396168452,12
ag,50,0.0232595764274992,12
ag,50,0.0120795564895225,12
ag,50,0.0139460403297586,12
ag,50,0.0085613836737812,12
ag,50,0.009387371850994,12
ag,50,0.0414365618482387,12
ag,50,0.0393455179001363,12
ag,50,0.0055810596250224,12
ag,50,0.0339084538904331,12
ag,50,0.0272156622183138,12
ag,50,0.0067900950181285,12
ag,50,0.0101609331924107,12
ag,50,0.0148343235696906,12
ag,50,0.0029855699899882,12
ag,50,0.0237661951199095,12
ag,50,0.0074570956363068,12
ag,50,0.0134663100975888,12
ag,50,0.0234630669258043,12
ag,50,0.0009751807275647,12
ag,50,0.0082810880438093,12
ag,50,0.0137584828100474,12
ag,50,0.0066351655369594,12
ag,50,0.0069679969999165,12
ag,50,0.0143550589321164,12
ag,50,0.0143231542343976,12
ag,50,0.0118005624900684,12
ag,50,0.0098165765688656,12
ag,50,0.0048411828786901,12
ag,50,0.0059063946360404,12
ag,50,0.0072624148572443,12
ag,50,0.0211433988679098,12
ag,50,0.0096258049619044,12
ag,50,0.0354898435097088,12
ag,50,0.0189259733907831,12
ag,50,0.0004864400321821,12
ag,50,0.0009442411952612,12
ag,50,0.0371892897400997,12
ag,50,0.0219565528547263,12
ag,50,0.0066132344223739,12
ag,50,0.012914809767153,12
ag,50,0.0510847840520548,12
ag,50,0.0347641256226941,12
ag,50,0.0111181528762086,12
ag,50,0.0030244289967565,12
ag,50,0.0055989190374434,12
ag,50,0.0064186826303385,12
ag,50,0.027741436299477,12
ag,50,0.0046894414737777,12
ag,50,0.0048404910140174,12
ag,50,0.0017640406637368,12
ag,50,0.0016603452851257,12
ag,50,0.0732199487086383,12
ag,50,0.0085498040588645,12
ag,50,0.0263517426453949,12
ag,50,0.0025895312934911,12
ag,50,0.0274773893799622,12
ag,50,0.0003843117677126,12
ag,50,0.0208269095228811,12
ag,50,0.0160368555082205,12
ag,50,0.0162395522604918,12
ag,50,0.0089058209148216,12
ag,50,0.0326230333216263,12
ag,50,0.0182709426390015,12
ag,50,0.0097076051157677,12
ag,50,0.0040255852849454,12
ag,50,0.0007849080827257,12
ag,50,0.0099638445200675,12
ag,50,0.0218301635820154,12
ag,50,0.0007172399265746,12
ag,50,0.0023384151513503,12
ag,50,0.0211177820944013,12
ag,50,0.0151094475275128,12
ag,50,0.0014951624040582,12
ag,50,0.0003891290120631,12
ag,50,0.0068139735879538,12
ag,50,0.0247769241061297,12
ag,50,0.0110740779035682,12
ag,50,0.0006518200374407,12
ag,50,0.0005144200756194,12
ag,50,0.0124469006526246,12
ag,50,0.0048860367433901,12
ag,50,0.0037287062025407,12
ag,50,0.0131647896307524,12
ag,50,0.0280068801302262,12
ag,50,0.0122361686863398,12
ag,50,0.0397212175515729,12
ag,50,0.0108461675430674,12
ag,50,0.0057022774859203,12
ag,50,0.0086625984474259,12
ag,50,0.008119655054295,12
ag,50,0.0010012957812771,12
nag,50,0.0001551711716126,12
nag,50,5.8400942763391805e-05,12
nag,50,7.467081787238486e-05,12
nag,50,0.0001802249532133,12
nag,50,1.1169382828176978e-05,12
nag,50,1.6650831069459624e-05,12
nag,50,2.1767858278364873e-05,12
nag,50,0.0001548219707598,12
nag,50,3.796671295704071e-05,12
nag,50,3.66238251372828e-05,12
nag,50,3.144840221165477e-05,12
nag,50,6.0664471277068274e-05,12
nag,50,0.0001402184721709,12
nag,50,0.000217636569149,12
nag,50,9.147844389935537e-06,12
nag,50,0.0001654688090786,12
nag,50,1.1283049871136636e-05,12
nag,50,0.0,12
nag,50,0.0,12
nag,50,0.0001526670791981,12
nag,50,1.7254342096950764e-05,12
nag,50,5.825061220091469e-05,12
nag,50,1.8112178717386937e-05,12
nag,50,6.628248573997602e-05,12
nag,50,6.861830957016939e-06,12
nag,50,0.0004065822747422,12
nag,50,0.0003445406634765,12
nag,50,6.878491589560386e-05,12
nag,50,5.192097785739713e-05,12
nag,50,0.0006984213091701,12
nag,50,0.0001309655184239,12
nag,50,9.921779379621348e-05,12
nag,50,8.325069442823555e-05,12
nag,50,0.0001668743656453,12
nag,50,0.0001994022678472,12
nag,50,0.0003092552524522,12
nag,50,9.39075314494544e-05,12
nag,50,0.0003746579746489,12
nag,50,0.0,12
nag,50,5.229195139498116e-05,12
nag,50,8.285416773453476e-05,12
nag,50,0.0001806925977058,12
nag,50,3.888101706470309e-05,12
nag,50,0.0,12
nag,50,0.000125934897715,12
nag,50,0.0,12
nag,50,0.0,12
nag,50,2.9486846655038303e-05,12
nag,50,0.0001462544727302,12
nag,50,2.4873614180135536e-05,12
nag,50,4.381278126773474e-05,12
nag,50,0.0002511541325574,12
nag,50,0.0002078015930217,12
nag,50,2.3214420492058916e-05,12
nag,50,1.920658736093121e-05,12
nag,50,3.8761803643776414e-05,12
nag,50,3.6153796675083614e-05,12
nag,50,0.0004149437726265,12
nag,50,0.0,12
nag,50,0.0001076971129436,12
nag,50,4.370841944753039e-05,12
nag,50,0.0001807913082471,12
nag,50,0.0001740585888662,12
nag,50,1.0145663492376954e-05,12
nag,50,0.0001109572821779,12
nag,50,8.631005126817473e-05,12
nag,50,3.4032637362091994e-05,12
nag,50,0.0002758147542263,12
nag,50,2.3744418075709463e-05,12
nag,50,9.524829801910009e-05,12
nag,50,0.0001114007660858,12
nag,50,1.181032913604274e-05,12
nag,50,2.6482836268495836e-05,12
nag,50,0.0001931288562414,12
nag,50,5.0937997243999575e-05,12
nag,50,1.363598556627702e-05,12
nag,50,0.0001508738584492,12
nag,50,8.601541994360431e-05,12
nag,50,1.898858651505141e-05,12
nag,50,4.2157598709540776e-05,12
nag,50,0.0,12
nag,50,0.0001374338716048,12
nag,50,5.585360444218313e-05,12
nag,50,1.0515617223252582e-05,12
nag,50,7.491536613222473e-05,12
nag,50,0.0001224287919687,12
nag,50,6.257474783268614e-05,12
nag,50,0.0001137723872338,12
nag,50,5.408419420013445e-05,12
nag,50,8.037976250797373e-06,12
nag,50,1.0636461700222504e-05,12
nag,50,0.0002077704706634,12
nag,50,0.0001191442880263,12
nag,50,0.0001198218537417,12
nag,50,6.182517915942845e-05,12
nag,50,1.0367705293159385e-05,12
nag,50,0.0,12
nag,50,7.613964727114178e-05,12
nag,50,6.578539442203175e-05,12
nag,50,0.0002973557749815,12
nag,50,5.865292389299057e-05,12
nag,50,0.0002979626912139,12
nag,50,0.0005683593811458,12
nag,50,9.403432862486728e-06,12
nag,50,0.0,12
nag,50,4.310556835600411e-05,12
nag,50,2.0360149197714345e-05,12
nag,50,0.0005503623421212,12
nag,50,0.0,12
nag,50,5.7391609157017e-05,12
nag,50,4.409932526955393e-05,12
nag,50,0.0001284745090848,12
nag,50,0.0002289821685277,12
nag,50,0.0006656862446287,12
nag,50,0.0003223992915237,12
nag,50,2.0013889089349035e-05,12
nag,50,6.0375787587295854e-05,12
nag,50,0.0002292686499151,12
nag,50,1.928351504524866e-05,12
nag,50,0.0002443330553453,12
nag,50,0.000247319969518,12
nag,50,4.895545233084022e-05,12
nag,50,2.606075746823553e-05,12
nag,50,0.0002865227587457,12
nag,50,0.0002234786201963,12
nag,50,0.0003920072038102,12
nag,50,0.0003640311220985,12
nag,50,7.245872366822615e-05,12
nag,50,1.383529840277842e-05,12
nag,50,8.763827586888758e-05,12
nag,50,1.557865427392702e-05,12
nag,50,0.0,12
nag,50,0.0,12
nag,50,0.0001680779272548,12
nag,50,0.0011774287955519,12
nag,50,0.0001028382980715,12
nag,50,0.0,12
nag,50,0.0002270299126685,12
nag,50,0.0,12
nag,50,0.0005094117778419,12
nag,50,5.832442074589705e-05,12
nag,50,3.189557294350163e-05,12
nag,50,4.561359582268397e-05,12
nag,50,0.0,12
nag,50,1.6739902493872085e-05,12
nag,50,0.0001136359658268,12
nag,50,0.0,12
nag,50,0.0,12
nag,50,1.806424895144411e-05,12
nag,50,0.0001280656545257,12
nag,50,1.0677503252375448e-05,12
nag,50,5.1922381793161065e-06,12
nag,50,0.0005921290801321,12
nag,50,0.0001328287958229,12
nag,50,0.0001704944191233,12
nag,50,0.0002922771790023,12
nag,50,5.63190224948274e-05,12
nag,50,0.0,12
nag,50,8.361064757668453e-05,12
nag,50,0.0001098762497788,12
nag,50,0.0001347734376586,12
nag,50,8.927125857721378e-05,12
nag,50,1.6230404459548975e-05,12
nag,50,0.0,12
nag,50,4.06298047796681e-05,12
nag,50,0.0001854073577766,12
nag,50,1.752035716664361e-05,12
nag,50,0.0004019178201426,12
nag,50,1.975218232334662e-05,12
nag,50,5.431588704336494e-05,12
nag,50,0.0002491495560526,12
nag,50,0.0,12
nag,50,0.000458593808479,12
nag,50,0.0001215606915499,12
nag,50,0.0,12
nag,50,0.0001374114714349,12
nag,50,0.0001964145426207,12
nag,50,2.6676990034462943e-05,12
nag,50,3.598924445125716e-06,12
nag,50,0.0001513042890542,12
nag,50,0.0,12
nag,50,0.0,12
nag,50,9.298511402815608e-06,12
nag,50,4.3182988675546245e-05,12
nag,50,0.0006286216378705,12
nag,50,0.0005000798235989,12
nag,50,0.0005740330388139,12
nag,50,9.218143586675847e-05,12
nag,50,0.0,12
nag,50,0.0001820198253552,12
nag,50,3.0072341190519067e-05,12
nag,50,0.0001667032479174,12
nag,50,0.0001829664548743,12
nag,50,0.0,12
nag,50,0.0001972072156017,12
nag,50,0.0,12
nag,50,1.7540251376332623e-05,12
nag,50,6.233712101195855e-05,12
nag,50,0.0001368351962271,12
nag,50,9.971613380515476e-05,12
nag,50,0.0002310297175077,12
nag,50,1.1661508082979491e-05,12
nag,50,0.0002687157632675,12
nag,50,0.0001001168075908,12
nag,50,1.8946237559892515e-05,12
nag,50,1.3899491826854873e-05,12
nag,50,2.341408815976093e-05,12
nag,50,2.7451554311312544e-05,12
nag,50,5.699458907646579e-05,12
nag,50,1.930720779691906e-05,12
nag,50,3.544841831843572e-05,12
nag,50,3.943549962068279e-05,12
nag,50,9.986378044705632e-05,12
nag,50,0.0003057665391847,12
nag,50,0.0,12
nag,50,0.0001477063816888,12
nag,50,0.000254459733972,12
nag,50,2.0219551499383495e-05,12
nag,50,4.534025692528124e-05,12
nag,50,0.0,12
nag,50,0.0005566516535722,12
nag,50,9.321934658490732e-05,12
nag,50,0.0006380328074816,12
nag,50,1.550768745914659e-05,12
nag,50,0.0,12
nag,50,2.0924483375729514e-05,12
nag,50,7.746896463485223e-05,12
nag,50,1.101210849253307e-05,12
nag,50,0.0001593961832019,12
nag,50,0.0008157894435803,12
nag,50,0.0,12
nag,50,3.106568250655888e-05,12
nag,50,0.0005364666359102,12
nag,50,8.576780115693548e-05,12
nag,50,0.0,12
nag,50,0.0002689123162425,12
nag,50,8.386352979522597e-05,12
nag,50,0.0001648712810144,12
nag,50,7.830506636768459e-05,12
nag,50,0.0003656186276671,12
nag,50,0.0006754884778145,12
nag,50,3.0784693383416285e-05,12
nag,50,0.0004614324810776,12
nag,50,2.115381197698341e-05,12
nag,50,0.0001969065552463,12
nag,50,0.0001226552421577,12
nag,50,1.7494854092314423e-05,12
nag,50,0.0,12
nag,50,5.166405612060458e-05,12
nag,50,6.7020988998910635e-06,12
nag,50,0.0,12
nag,50,0.000315780236242,12
nag,50,4.437470482681494e-05,12
nag,50,3.607648886232498e-05,12
nag,50,5.244514856284095e-05,12
nag,50,0.000334122898088,12
nag,50,0.0002333813666447,12
nag,50,0.0003777028349102,12
nag,50,0.0,12
nag,50,2.6125864118167793e-05,12
nag,50,0.0,12
nag,50,4.6121106931534334e-05,12
nag,50,1.3857620608364064e-05,12
nag,50,0.0001506399982315,12
nag,50,2.5004542971484306e-05,12
nag,50,1.7657338431953716e-05,12
nag,50,0.0001867960467567,12
nag,50,2.269465701782058e-05,12
nag,50,0.0007175425492936,12
nag,50,0.000280390428158,12
nag,50,0.0001439616838482,12
nag,50,6.948942343439639e-06,12
nag,50,0.0003524852086249,12
nag,50,6.702785613987463e-05,12
nag,50,0.0003194998199733,12
nag,50,0.0,12
nag,50,1.7959495441880727e-05,12
nag,50,0.000100416712708,12
nag,50,0.0001023314721709,12
nag,50,5.13894192847105e-05,12
nag,50,0.0,12
nag,50,8.000566196453525e-06,12
nag,50,0.0,12
nag,50,1.1707977014019462e-05,12
nag,50,0.0,12
nag,50,3.774498417597283e-05,12
nag,50,0.000106263775658,12
nag,50,0.000260920797005,12
nag,50,0.0,12
nag,50,0.0001444677111693,12
nag,50,3.471165586844585e-05,12
nag,50,0.0001390588754555,12
nag,50,2.402453486974062e-05,12
nag,50,0.0001509396804513,12
nag,50,5.767954815327771e-05,12
nag,50,3.922554430583021e-05,12
nag,50,8.204583587552327e-06,12
nag,50,0.000223313555307,12
nag,50,0.0003659700698394,12
nag,50,0.0001032430267003,12
nag,50,1.266313110652645e-05,12
nag,50,7.716058271894455e-06,12
nag,50,2.0989680407191515e-05,12
nag,50,4.12792578638497e-05,12
nag,50,0.0,12
nag,50,6.711976978769633e-05,12
nag,50,2.5102374711774235e-05,12
nag,50,0.000253411134246,12
nag,50,8.507911241821626e-05,12
nag,50,0.0001051020091241,12
nag,50,0.0001307822727501,12
nag,50,1.5292197795298808e-05,12
nag,50,8.169960233516238e-05,12
nag,50,0.0001786257090568,12
nag,50,4.169964718520104e-05,12
nag,50,7.428319942257247e-05,12
nag,50,0.0001247063393411,12
nag,50,0.0002623142718895,12
nag,50,2.040575737716465e-05,12
nag,50,0.0,12
nag,50,0.0002656397054375,12
nag,50,0.0001364140650453,12
nag,50,8.266532048999267e-05,12
nag,50,1.7688474406422936e-05,12
nag,50,0.0,12
nag,50,0.0002748720591859,12
nag,50,0.0,12
nag,50,0.0001643406401552,12
nag,50,0.0,12
nag,50,0.0,12
nag,50,2.4404337571437744e-05,12
nag,50,0.0001097718670623,12
nag,50,0.0005264574190896,12
nag,50,2.539329177615835e-05,12
nag,50,0.0001000517162999,12
nag,50,0.0,12
nag,50,4.867479652625252e-06,12
nag,50,0.0006487485617786,12
nag,50,0.0004102848840419,12
nag,50,2.265742338390568e-05,12
nag,50,0.0,12
nag,50,0.0003316041037134,12
nag,50,1.6497908445128372e-05,12
nag,50,0.0,12
nag,50,5.988172762304939e-05,12
nag,50,9.709927973819768e-05,12
nag,50,7.874280908312614e-05,12
nag,50,0.0001434599626576,12
nag,50,0.0002658883043157,12
nag,50,0.0006909880221924,12
nag,50,2.174504701992671e-05,12
nag,50,0.0003393262658079,12
nag,50,5.281185100600481e-05,12
nag,50,0.000112178641249,12
nag,50,0.0001871437562761,12
nag,50,0.0001233423175856,12
nag,50,1.846636651749747e-05,12
nag,50,9.426646835546102e-05,12
nag,50,0.000254724984467,12
nag,50,2.895849451645383e-05,12
nag,50,3.365964016948304e-05,12
nag,50,0.0,12
nag,50,0.0001327253181186,12
nag,50,0.0,12
nag,50,9.681266867851114e-05,12
nag,50,1.809772070914607e-05,12
nag,50,6.32387794322604e-05,12
nag,50,0.0,12
nag,50,0.000122744589838,12
nag,50,0.0005226113867885,12
nag,50,0.0010808753516274,12
nag,50,1.486496588112228e-05,12
nag,50,0.0001079411968792,12
nag,50,9.200039396954073e-06,12
nag,50,0.0001488129874231,12
nag,50,0.0001133995260302,12
nag,50,3.528996674055917e-05,12
nag,50,1.704428839260948e-05,12
nag,50,2.22061587580448e-05,12
nag,50,4.938072215418427e-05,12
nag,50,9.102895761895982e-05,12
nag,50,1.327215311174358e-05,12
nag,50,6.512202818391849e-05,12
nag,50,1.4837665960372205e-05,12
nag,50,1.9741690907969497e-05,12
nag,50,0.000107333338915,12
nag,50,0.0,12
nag,50,0.0002042875043452,12
nag,50,1.9665288604463325e-05,12
nag,50,9.662716692379326e-05,12
nag,50,0.0005920881795811,12
nag,50,3.0775120583038125e-05,12
nag,50,1.5062761423406728e-05,12
nag,50,0.0002148149960003,12
nag,50,0.0011249959201996,12
nag,50,2.000573462444723e-05,12
nag,50,2.036178462117467e-05,12
nag,50,0.0001661261859356,12
nag,50,0.00019386904292,12
nag,50,7.144317777897617e-05,12
nag,50,0.000710749373636,12
nag,50,0.0002298677478308,12
nag,50,9.32834675700338e-05,12
nag,50,2.5535381423184997e-05,12
nag,50,0.0001300347738399,12
nag,50,0.0,12
nag,50,1.687430131748729e-05,12
nag,50,5.755112533914423e-05,12
nag,50,0.0,12
nag,50,3.7833732316811455e-05,12
nag,50,4.444579386905719e-05,12
nag,50,6.239045971023545e-05,12
nag,50,0.000163559428877,12
nag,50,9.955768860838031e-05,12
nag,50,7.481277138014669e-05,12
nag,50,2.078047340257357e-05,12
nag,50,0.0004655278228609,12
nag,50,5.074869224208139e-05,12
nag,50,4.926627361445356e-05,12
nag,50,2.755026012451292e-05,12
nag,50,0.0005069852130423,12
nag,50,0.0,12
nag,50,1.813474004366323e-05,12
nag,50,9.819340715504308e-05,12
nag,50,4.5798974192671944e-05,12
nag,50,1.049322842027832e-05,12
nag,50,7.881818862771378e-05,12
nag,50,1.7411563632550822e-05,12
nag,50,0.0002603051406364,12
nag,50,0.0,12
nag,50,0.0001162616616349,12
nag,50,3.2432363217957675e-05,12
nag,50,0.0,12
nag,50,6.076857644846119e-05,12
nag,50,0.0001327305500777,12
nag,50,1.0137091165765271e-05,12
nag,50,0.0,12
nag,50,7.604054418121174e-05,12
nag,50,0.000201488853794,12
nag,50,2.4007841389509293e-05,12
nag,50,3.0706083322334255e-05,12
nag,50,2.1489327296669283e-05,12
nag,50,4.498802313805275e-05,12
nag,50,0.000109091167419,12
nag,50,6.70514883188556e-05,12
nag,50,9.72234153937245e-05,12
nag,50,0.0001976937017117,12
nag,50,0.0001001955016607,12
nag,50,0.0001045882468455,12
nag,50,0.0002111265293292,12
nag,50,0.0001981891386362,12
nag,50,1.3898969201896162e-05,12
nag,50,0.000386544320795,12
nag,50,1.558724541085438e-05,12
nag,50,1.304941307035038e-05,12
nag,50,2.4799062627618153e-05,12
nag,50,3.897398713252645e-05,12
nag,50,0.0,12
nag,50,7.317596826793445e-05,12
nag,50,7.290352365672362e-05,12
nag,50,5.6930185475453246e-05,12
nag,50,4.77736076626865e-05,12
nag,50,0.0,12
nag,50,0.0,12
nag,50,7.128978196414391e-05,12
nag,50,4.057175719718405e-05,12
nag,50,0.0001064269236371,12
nag,50,0.0001245065376749,12
nag,50,2.6866714643162803e-05,12
nag,50,1.5197404224788614e-05,12
nag,50,2.179038805982477e-05,12
nag,50,0.0002734478198927,12
nag,50,0.0004100227112119,12
nag,50,0.0002136093900508,12
nag,50,0.0002353327293127,12
nag,50,4.977829126850963e-05,12
nag,50,0.0001001120372921,12
nag,50,6.866774153151418e-05,12
nag,50,0.0,12
nag,50,0.0,12
nag,50,4.149446437373853e-05,12
nag,50,0.0006637218304473,12
nag,50,0.000116793933728,12
nag,50,0.0,12
nag,50,0.000110180195214,12
nag,50,0.0002124138972514,12
nag,50,0.0001106790546098,12
nag,50,7.211731156315566e-05,12
nag,50,0.0003123871253961,12
nag,50,1.331362440608795e-05,12
nag,50,1.318292540033816e-05,12
nag,50,3.0397664581794175e-05,12
nag,50,2.0182387760240987e-05,12
nag,50,8.76537928377305e-05,12
nag,50,7.806496311148254e-05,12
nag,50,0.0001435070430279,12
nag,50,0.0003615076743801,12
nag,50,0.0002782520803561,12
nag,50,0.0002171605192182,12
nag,50,0.0001023827987236,12
bg,50,4.708303637636944e-07,12
bg,50,3.755633880398542e-07,12
bg,50,8.20208272223305e-07,12
bg,50,5.335111369836103e-07,12
bg,50,4.751509524629373e-07,12
bg,50,9.421562219813036e-07,12
bg,50,7.920420871900318e-07,12
bg,50,5.469377684812353e-07,12
bg,50,4.781394019507388e-07,12
bg,50,6.991362487164928e-07,12
bg,50,8.726486196474243e-07,12
bg,50,5.128138567224647e-07,12
bg,50,6.73560770658901e-07,12
bg,50,8.858631073146121e-07,12
bg,50,5.31783585915661e-07,12
bg,50,6.558231256545074e-07,12
bg,50,3.9018015266031267e-07,12
bg,50,6.566272448105716e-07,12
bg,50,7.055359786378361e-07,12
bg,50,5.556329585548556e-07,12
bg,50,5.449063740656643e-07,12
bg,50,4.776723820703001e-07,12
bg,50,6.387270849222949e-07,12
bg,50,5.503129849439144e-07,12
bg,50,1.0584742030592972e-06,12
bg,50,6.867994401634062e-07,12
bg,50,4.746060759236309e-07,12
bg,50,3.85149880530687e-07,12
bg,50,3.36681962521781e-07,12
bg,50,4.496768223978189e-07,12
bg,50,4.723285167874018e-07,12
bg,50,5.011259150178169e-07,12
bg,50,5.772655498878004e-07,12
bg,50,7.620362016614544e-07,12
bg,50,5.264161483261715e-07,12
bg,50,4.116113732986745e-07,12
bg,50,3.0013997684825204e-07,12
bg,50,7.34197762285096e-07,12
bg,50,3.8996391752710394e-07,12
bg,50,6.032727914813494e-07,12
bg,50,5.785848467961697e-07,12
bg,50,4.728886528287788e-07,12
bg,50,8.018395570209288e-07,12
bg,50,7.354903450148014e-07,12
bg,50,6.633072391287299e-07,12
bg,50,6.583680144259559e-07,12
bg,50,6.349104416255745e-07,12
bg,50,6.253634131860293e-07,12
bg,50,6.180142074182141e-07,12
bg,50,4.837111453749708e-07,12
bg,50,4.310209417877126e-07,12
bg,50,7.091696335072045e-07,12
bg,50,3.799072184328714e-07,12
bg,50,4.040978623631861e-07,12
bg,50,1.8782609259376564e-07,12
bg,50,6.872907760157982e-07,12
bg,50,5.842533205364673e-07,12
bg,50,4.302859329322726e-07,12
bg,50,4.052915488771028e-07,12
bg,50,8.031154573010629e-07,12
bg,50,4.755637617664229e-07,12
bg,50,3.799807336480029e-07,12
bg,50,4.785873790088046e-07,12
bg,50,5.000046964516463e-07,12
bg,50,4.3754416944886274e-07,12
bg,50,9.441767969439132e-07,12
bg,50,5.428763660451338e-07,12
bg,50,6.683918683393187e-07,12
bg,50,7.258159320447781e-07,12
bg,50,4.598171742000451e-07,12
bg,50,5.284338880000754e-07,12
bg,50,5.207770687136285e-07,12
bg,50,6.506144183437414e-07,12
bg,50,6.379431641692532e-07,12
bg,50,6.905318943518428e-07,12
bg,50,4.255251778633289e-07,12
bg,50,7.319259023705701e-07,12
bg,50,8.566874341375878e-07,12
bg,50,7.422241902360452e-07,12
bg,50,4.835265095019307e-07,12
bg,50,4.924554427655454e-07,12
bg,50,5.398948552571509e-07,12
bg,50,7.235831870963748e-07,12
bg,50,6.26571785138772e-07,12
bg,50,7.403601348932272e-07,12
bg,50,8.329079459421196e-07,12
bg,50,6.138980140029106e-07,12
bg,50,9.349483779582692e-07,12
bg,50,7.709145768482114e-07,12
bg,50,6.860567038481417e-07,12
bg,50,1.1862329985042167e-06,12
bg,50,7.41852182028893e-07,12
bg,50,6.537455937916845e-07,12
bg,50,4.208634682450487e-07,12
bg,50,3.365566837000957e-07,12
bg,50,5.885668960154479e-07,12
bg,50,6.540049347663147e-07,12
bg,50,4.1880637604664977e-07,12
bg,50,2.676746062594534e-07,12
bg,50,5.636964243177001e-07,12
bg,50,2.4986322735443304e-07,12
bg,50,7.912602649415292e-07,12
bg,50,1.0013455195544334e-06,12
bg,50,1.1051415863488985e-06,12
bg,50,3.319248573807993e-07,12
bg,50,4.2911482551240315e-07,12
bg,50,4.957441488919027e-07,12
bg,50,7.705427288003896e-07,12
bg,50,6.056150548373599e-07,12
bg,50,9.641337803735184e-07,12
bg,50,4.889739279895398e-07,12
bg,50,1.5143063184730298e-07,12
bg,50,4.94173539980209e-07,12
bg,50,6.792764706882825e-07,12
bg,50,5.834365781919247e-07,12
bg,50,5.03506852536746e-07,12
bg,50,7.802774847373985e-07,12
bg,50,4.255861909478405e-07,12
bg,50,6.718921219479111e-07,12
bg,50,1.4032368335815168e-06,12
bg,50,6.08556737405312e-07,12
bg,50,3.992171023470373e-07,12
bg,50,6.814265619563094e-07,12
bg,50,5.527122441835463e-07,12
bg,50,7.708809075683145e-07,12
bg,50,8.496272472896883e-07,12
bg,50,5.751538872700915e-07,12
bg,50,5.097301099832484e-07,12
bg,50,4.915116014356044e-07,12
bg,50,6.769718656799964e-07,12
bg,50,5.045849321402206e-07,12
bg,50,5.196981865896929e-07,12
bg,50,5.13756481881302e-07,12
bg,50,6.571994242340661e-07,12
bg,50,7.632013115336353e-07,12
bg,50,5.319288491708885e-07,12
bg,50,6.350484779720377e-07,12
bg,50,4.671688364779189e-07,12
bg,50,6.681482780328485e-07,12
bg,50,6.08572442747472e-07,12
bg,50,3.192133098909438e-07,12
bg,50,6.561018910559186e-07,12
bg,50,2.723650471802974e-07,12
bg,50,5.229552789920038e-07,12
bg,50,5.385301845573417e-07,12
bg,50,6.420329104694773e-07,12
bg,50,7.65021965339389e-07,12
bg,50,5.36906543860106e-07,12
bg,50,4.16919500188659e-07,12
bg,50,5.949966744071996e-07,12
bg,50,3.088335033608176e-07,12
bg,50,3.805962010939485e-07,12
bg,50,5.741855148428853e-07,12
bg,50,3.769904875143191e-07,12
bg,50,8.137798795119819e-07,12
bg,50,4.556882196926303e-07,12
bg,50,7.640905890002936e-07,12
bg,50,6.508678690387607e-07,12
bg,50,6.571533684980137e-07,12
bg,50,6.772925807971283e-07,12
bg,50,7.83381174411322e-07,12
bg,50,6.217819915660562e-07,12
bg,50,8.135624188110563e-07,12
bg,50,5.702107327917981e-07,12
bg,50,9.5593270075526e-07,12
bg,50,8.009460178579719e-07,12
bg,50,5.788028718949768e-07,12
bg,50,7.051091219086817e-07,12
bg,50,6.920443973795729e-07,12
bg,50,6.186892997221543e-07,12
bg,50,5.056469733270975e-07,12
bg,50,2.992268911560997e-07,12
bg,50,5.302704339813149e-07,12
bg,50,4.784638305903558e-07,12
bg,50,2.3669231220256674e-07,12
bg,50,4.703960024122336e-07,12
bg,50,4.577346719891711e-07,12
bg,50,3.649980429666076e-07,12
bg,50,5.692676034241486e-07,12
bg,50,6.193947719289176e-07,12
bg,50,4.578993024978179e-07,12
bg,50,7.465089796406086e-07,12
bg,50,6.486488436709046e-07,12
bg,50,3.529103729583918e-07,12
bg,50,4.055733144768243e-07,12
bg,50,6.240016113673346e-07,12
bg,50,6.372371092763362e-07,12
bg,50,3.925473173424027e-07,12
bg,50,4.688550547785224e-07,12
bg,50,4.853292446050689e-07,12
bg,50,6.978253596136205e-07,12
bg,50,3.789240796272197e-07,12
bg,50,3.8796207488915764e-07,12
bg,50,9.551130153160734e-07,12
bg,50,6.553982086987748e-07,12
bg,50,6.188671510087775e-07,12
bg,50,3.726585959633586e-07,12
bg,50,6.228571885572508e-07,12
bg,50,4.1185891967545994e-07,12
bg,50,9.965636396967952e-07,12
bg,50,7.210396417111336e-07,12
bg,50,6.148835953775892e-07,12
bg,50,5.30729134609408e-07,12
bg,50,3.993966188422097e-07,12
bg,50,8.138574330578328e-07,12
bg,50,4.499494896639799e-07,12
bg,50,3.2927075709090445e-07,12
bg,50,8.776640580662377e-07,12
bg,50,6.376912433926319e-07,12
bg,50,6.575323098538248e-07,12
bg,50,3.3767399427953714e-07,12
bg,50,6.154267357480193e-07,12
bg,50,5.13242018443578e-07,12
bg,50,3.651428888645698e-07,12
bg,50,4.2473756706193033e-07,12
bg,50,4.980979572708627e-07,12
bg,50,6.215437190906231e-07,12
bg,50,7.253606371094816e-07,12
bg,50,3.8857362163759113e-07,12
bg,50,8.32450983816465e-07,12
bg,50,1.4694254320751142e-06,12
bg,50,3.907760417916389e-07,12
bg,50,6.951648128250806e-07,12
bg,50,6.968413366056245e-07,12
bg,50,5.222437154993207e-07,12
bg,50,9.37494853051412e-07,12
bg,50,6.398671676657643e-07,12
bg,50,8.013050232344281e-07,12
bg,50,3.2333189463211804e-07,12
bg,50,7.711744112359133e-07,12
bg,50,6.637359063178466e-07,12
bg,50,6.900240807119e-07,12
bg,50,1.0107873827219604e-06,12
bg,50,4.183398553245166e-07,12
bg,50,5.149523660451712e-07,12
bg,50,5.79918969748795e-07,12
bg,50,2.7549340513598733e-07,12
bg,50,5.042164420852699e-07,12
bg,50,7.525294184327977e-07,12
bg,50,4.624438479894469e-07,12
bg,50,8.345270049516084e-07,12
bg,50,3.135024372358891e-07,12
bg,50,5.563059349217905e-07,12
bg,50,1.0868301511438443e-06,12
bg,50,8.463766077714114e-07,12
bg,50,5.349155914542357e-07,12
bg,50,3.5086909588684145e-07,12
bg,50,3.7453018449634515e-07,12
bg,50,5.856691781304658e-07,12
bg,50,4.946618209591249e-07,12
bg,50,4.513926744347324e-07,12
bg,50,6.311347738236758e-07,12
bg,50,5.351799796176999e-07,12
bg,50,3.208322125773789e-07,12
bg,50,5.569143748606166e-07,12
bg,50,6.520253665391536e-07,12
bg,50,6.185225473213323e-07,12
bg,50,3.494371845386751e-07,12
bg,50,2.1527666317667649e-07,12
bg,50,7.057665388756826e-07,12
bg,50,6.006685098738075e-07,12
bg,50,1.7913999070550588e-07,12
bg,50,5.928947882516184e-07,12
bg,50,5.017930421331929e-07,12
bg,50,1.6015597333927836e-07,12
bg,50,7.573999740850562e-07,12
bg,50,8.356324136252776e-07,12
bg,50,5.28907471331772e-07,12
bg,50,4.586252974558763e-07,12
bg,50,9.319638566561796e-07,12
bg,50,3.796544597855994e-07,12
bg,50,7.932847310303306e-07,12
bg,50,3.352441605512005e-07,12
bg,50,5.677517580832199e-07,12
bg,50,4.88460879961088e-07,12
bg,50,3.618485044348258e-07,12
bg,50,5.417655025452375e-07,12
bg,50,3.9856944367498345e-07,12
bg,50,4.54393946863818e-07,12
bg,50,7.178764988132036e-07,12
bg,50,7.25794556558263e-07,12
bg,50,3.973921661197502e-07,12
bg,50,4.26075424553397e-07,12
bg,50,6.638643408256582e-07,12
bg,50,5.034538502735685e-07,12
bg,50,2.1269548146174946e-07,12
bg,50,5.502611502657454e-07,12
bg,50,1.0102547669062684e-06,12
bg,50,2.8340298179506776e-07,12
bg,50,1.0942635539800638e-06,12
bg,50,4.096489785244382e-07,12
bg,50,4.564601185462148e-07,12
bg,50,5.310200719166973e-07,12
bg,50,7.402808436617949e-07,12
bg,50,3.8530562356109697e-07,12
bg,50,4.880470092165589e-07,12
bg,50,6.431000811104581e-07,12
bg,50,8.700498040526953e-07,12
bg,50,4.417880174932693e-07,12
bg,50,4.459365795481866e-07,12
bg,50,4.088321119823326e-07,12
bg,50,5.755869608738903e-07,12
bg,50,6.287161057068595e-07,12
bg,50,5.671853668740314e-07,12
bg,50,6.761934334419992e-07,12
bg,50,3.634596805593719e-07,12
bg,50,6.173203230674e-07,12
bg,50,4.19212678958447e-07,12
bg,50,7.210984416251549e-07,12
bg,50,4.512748357186897e-07,12
bg,50,3.122310811015314e-07,12
bg,50,1.153617139906078e-06,12
bg,50,3.679483493213074e-07,12
bg,50,1.135101912610095e-06,12
bg,50,5.888914034101173e-07,12
bg,50,5.745442388381782e-07,12
bg,50,7.387308904952733e-07,12
bg,50,3.305476712912323e-07,12
bg,50,2.74249226307016e-07,12
bg,50,5.8656337246885e-07,12
bg,50,6.125505372771225e-07,12
bg,50,3.915292324103339e-07,12
bg,50,4.111740447139491e-07,12
bg,50,3.634085781803789e-07,12
bg,50,5.755045427987093e-07,12
bg,50,5.797007545534425e-07,12
bg,50,3.650159136700519e-07,12
bg,50,4.926044751765619e-07,12
bg,50,2.645994554837533e-07,12
bg,50,8.816829401167469e-07,12
bg,50,5.006168087511928e-07,12
bg,50,5.025610439269758e-07,12
bg,50,6.17551778250892e-07,12
bg,50,5.637171611794985e-07,12
bg,50,4.042000486382035e-07,12
bg,50,2.587333352973921e-07,12
bg,50,5.767337318808323e-07,12
bg,50,4.980535522233292e-07,12
bg,50,3.2995314444807914e-07,12
bg,50,5.339296834333264e-07,12
bg,50,6.608192210207773e-07,12
bg,50,4.984243463422892e-07,12
bg,50,3.909193566679173e-07,12
bg,50,4.212671303361242e-07,12
bg,50,4.579521982376224e-07,12
bg,50,5.448427641565913e-07,12
bg,50,6.343956902577776e-07,12
bg,50,5.421927927085187e-07,12
bg,50,5.653699000294915e-07,12
bg,50,9.497865121622592e-07,12
bg,50,6.526731261621532e-07,12
bg,50,3.840326320563942e-07,12
bg,50,5.747831238601212e-07,12
bg,50,8.260447876625127e-07,12
bg,50,7.723899444091005e-07,12
bg,50,4.195111960384707e-07,12
bg,50,8.123857243767561e-07,12
bg,50,6.414707437138096e-07,12
bg,50,7.009348639688844e-07,12
bg,50,5.871473627236141e-07,12
bg,50,6.354738978313006e-07,12
bg,50,3.080123765501902e-07,12
bg,50,8.645322495688516e-07,12
bg,50,4.669889201448863e-07,12
bg,50,2.2002460817486621e-07,12
bg,50,3.320504314442289e-07,12
bg,50,6.548172557315135e-07,12
bg,50,5.20089250346928e-07,12
bg,50,4.384999401112107e-07,12
bg,50,6.693372475560298e-07,12
bg,50,7.482406675592338e-07,12
bg,50,1.1633782835064315e-06,12
bg,50,5.507566038710522e-07,12
bg,50,5.496030970521337e-07,12
bg,50,4.625960594063477e-07,12
bg,50,4.777841603029508e-07,12
bg,50,6.30974415949464e-07,12
bg,50,6.59862694765688e-07,12
bg,50,6.143760246739548e-07,12
bg,50,7.748453178085486e-07,12
bg,50,9.084820950088982e-07,12
bg,50,6.240501743590281e-07,12
bg,50,4.94696801757778e-07,12
bg,50,8.421752006866053e-07,12
bg,50,8.882410950218213e-07,12
bg,50,6.250628000273543e-07,12
bg,50,5.877249111589455e-07,12
bg,50,3.5093882253790177e-07,12
bg,50,5.262772440378433e-07,12
bg,50,7.284182530014439e-07,12
bg,50,6.667205374698732e-07,12
bg,50,6.254686414445255e-07,12
bg,50,6.158644062620979e-07,12
bg,50,5.37367201072704e-07,12
bg,50,5.441509718687186e-07,12
bg,50,4.328622792808e-07,12
bg,50,2.9895175405978297e-07,12
bg,50,1.645018592377731e-07,12
bg,50,5.06344214882161e-07,12
bg,50,8.32137483735422e-07,12
bg,50,8.626910568197124e-07,12
bg,50,5.367122929094096e-07,12
bg,50,5.665628187333666e-07,12
bg,50,5.259559566144954e-07,12
bg,50,3.598726355429474e-07,12
bg,50,6.75322539820711e-07,12
bg,50,4.805667649361037e-07,12
bg,50,5.043832979378698e-07,12
bg,50,4.814996604537557e-07,12
bg,50,8.003401495122209e-07,12
bg,50,4.230115817732254e-07,12
bg,50,5.605052153843217e-07,12
bg,50,7.343358883759438e-07,12
bg,50,3.784974386392722e-07,12
bg,50,7.497430765655474e-07,12
bg,50,8.575307768673746e-07,12
bg,50,4.1922435399094827e-07,12
bg,50,7.92412775823783e-07,12
bg,50,5.727981884679047e-07,12
bg,50,4.389107772908321e-07,12
bg,50,6.109253406339534e-07,12
bg,50,1.0254027878447229e-06,12
bg,50,6.525443669602301e-07,12
bg,50,5.627798885927027e-07,12
bg,50,6.579481924617959e-07,12
bg,50,7.116533886118994e-07,12
bg,50,3.640961579301951e-07,12
bg,50,8.782340408589416e-07,12
bg,50,6.95431138565959e-07,12
bg,50,9.05824670683892e-07,12
bg,50,5.437796904578324e-07,12
bg,50,6.00994296035185e-07,12
bg,50,4.771395034435983e-07,12
bg,50,4.54885464158923e-07,12
bg,50,6.44317021798237e-07,12
bg,50,9.019806876564596e-07,12
bg,50,1.0591356838593557e-06,12
bg,50,6.567667143878792e-07,12
bg,50,6.547830838737765e-07,12
bg,50,2.762398536439038e-07,12
bg,50,6.330552310379014e-07,12
bg,50,7.66236064569498e-07,12
bg,50,5.785981860525178e-07,12
bg,50,6.361663999183318e-07,12
bg,50,5.929103928781306e-07,12
bg,50,8.993903263515862e-07,12
bg,50,5.081858663053178e-07,12
bg,50,8.708645895882356e-07,12
bg,50,4.025198735114866e-07,12
bg,50,8.081776220112684e-07,12
bg,50,6.736800948682129e-07,12
bg,50,4.15820855806911e-07,12
bg,50,5.154090879305327e-07,12
bg,50,6.014434108945124e-07,12
bg,50,1.6115297965555706e-07,12
bg,50,7.471103256734277e-07,12
bg,50,4.819539516166836e-07,12
bg,50,7.307726803385708e-07,12
bg,50,6.374101791103663e-07,12
bg,50,4.488946922920649e-07,12
bg,50,6.268382777236518e-07,12
bg,50,5.842425494245649e-07,12
bg,50,6.310779522386176e-07,12
bg,50,7.440707156042216e-07,12
bg,50,6.323346466776586e-07,12
bg,50,6.060980900905289e-07,12
bg,50,4.916252481272796e-07,12
bg,50,8.183817585149983e-07,12
bg,50,8.292441847337483e-07,12
bg,50,6.307009936027868e-07,12
bg,50,8.341761597438077e-07,12
bg,50,4.013458927594718e-07,12
bg,50,4.626425352278528e-07,12
bg,50,9.004720578982219e-07,12
bg,50,7.087931001013014e-07,12
bg,50,5.982099935618603e-07,12
bg,50,5.859117766008099e-07,12
bg,50,4.139402798788955e-07,12
bg,50,3.3304940764334985e-07,12
bg,50,5.803827894807181e-07,12
bg,50,5.739239800930604e-07,12
bg,50,5.401645129144187e-07,12
bg,50,5.682010308117773e-07,12
bg,50,5.93721272508803e-07,12
bg,50,9.570346629984677e-07,12
bg,50,9.815554375776524e-07,12
bg,50,4.020059946463528e-07,12
bg,50,6.523738228621073e-07,12
bg,50,6.658508599449535e-07,12
bg,50,5.423842361642015e-07,12
bg,50,9.01526618428294e-07,12
bg,50,8.408679661248892e-07,12
bg,50,7.640924876397128e-07,12
bg,50,3.4424180092579953e-07,12
bg,50,7.478851684491054e-07,12
bg,50,3.816426938336719e-07,12
bg,50,3.52468873207635e-07,12
bg,50,5.053329831302124e-07,12
bg,50,5.483452869898715e-07,12
bg,50,4.383303267190742e-07,12
ag,50,0.0012865837822513,13
ag,50,0.0176120023144741,13
ag,50,0.0436862205762457,13
ag,50,0.0228125972506251,13
ag,50,0.0024708251752055,13
ag,50,0.0258792040311964,13
ag,50,0.0415234031273195,13
ag,50,0.0094675271701589,13
ag,50,0.0048310667378287,13
ag,50,0.0266661700710422,13
ag,50,0.0014297503781722,13
ag,50,0.0379198200846754,13
ag,50,0.0085447880752596,13
ag,50,0.0154612150151619,13
ag,50,0.0142385675899199,13
ag,50,0.000250741732658,13
ag,50,0.0263550272247999,13
ag,50,0.0111900351054402,13
ag,50,0.000572645682827,13
ag,50,0.0045182331236103,13
ag,50,0.0018188677400778,13
ag,50,0.0060659255602755,13
ag,50,0.003938968663738,13
ag,50,0.043308142713216,13
ag,50,0.0079829472300685,13
ag,50,0.0008804908535288,13
ag,50,0.0246934175113065,13
ag,50,0.015366888698312,13
ag,50,0.0061958765151319,13
ag,50,0.0396540584838625,13
ag,50,0.0486226821007083,13
ag,50,0.001858212694536,13
ag,50,0.0054813782655124,13
ag,50,0.0103842081300528,13
ag,50,0.0262179905686036,13
ag,50,0.0030132517103006,13
ag,50,0.0120104156190921,13
ag,50,0.0335562726495192,13
ag,50,0.0058862646076083,13
ag,50,0.0033457564546429,13
ag,50,0.0208697099871246,13
ag,50,0.0073262801579902,13
ag,50,0.004457280638486,13
ag,50,0.0216300179865047,13
ag,50,0.0110734169925508,13
ag,50,0.0288045436916502,13
ag,50,0.0386473402060368,13
ag,50,0.015885891360287,13
ag,50,0.0169394217884604,13
ag,50,0.0015072446266966,13
ag,50,0.0117119328182501,13
ag,50,0.0043631950941128,13
ag,50,0.004188456675838,13
ag,50,0.0128582110298475,13
ag,50,0.0203969496076791,13
ag,50,0.0397695473511942,13
ag,50,0.0198493272697795,13
ag,50,0.003706035663011,13
ag,50,0.0009991278108154,13
ag,50,0.026546140700681,13
ag,50,0.0060185426571264,13
ag,50,0.0022870789452776,13
ag,50,0.0420449736637159,13
ag,50,0.0021586314860119,13
ag,50,0.0019393924806938,13
ag,50,0.0085098414041288,13
ag,50,0.008691507336436,13
ag,50,0.0018661377777185,13
ag,50,0.0012925750801345,13
ag,50,0.0464466233804194,13
ag,50,0.0005951214768796,13
ag,50,0.009284541478056,13
ag,50,0.0321400603175356,13
ag,50,0.0176804378125478,13
ag,50,0.0099965226584482,13
ag,50,0.0025591430993969,13
ag,50,0.0133330595608923,13
ag,50,0.0268865271184273,13
ag,50,0.0059305886560888,13
ag,50,0.0383639901030042,13
ag,50,0.0094578753796733,13
ag,50,0.0407697181247873,13
ag,50,0.0058797030519273,13
ag,50,0.0050989164490884,13
ag,50,0.0275758729684919,13
ag,50,0.0211539658742739,13
ag,50,0.0092893701129231,13
ag,50,0.0082180737466127,13
ag,50,0.0021328728677909,13
ag,50,0.0155364446868435,13
ag,50,0.0130029623159686,13
ag,50,0.0769217920248346,13
ag,50,0.0038628585628822,13
ag,50,0.0121773988128931,13
ag,50,0.003696410249356,13
ag,50,0.0007999726227313,13
ag,50,0.0033778729824774,13
ag,50,0.0021657713685165,13
ag,50,0.0035362458681701,13
ag,50,0.0404773004162103,13
ag,50,0.0365817808208267,13
ag,50,0.0003282172813192,13
ag,50,0.0036361760091574,13
ag,50,0.0006305376068643,13
ag,50,0.0483314467527096,13
ag,50,0.1297298175358474,13
ag,50,0.0193118299842345,13
ag,50,0.0061844787314188,13
ag,50,0.0006029606001155,13
ag,50,0.0017117468200284,13
ag,50,0.0047144426673014,13
ag,50,0.0366369640170393,13
ag,50,0.0064402549471139,13
ag,50,0.0320565221548675,13
ag,50,0.005945850391085,13
ag,50,0.000490520581643,13
ag,50,0.0,13
ag,50,0.0115237080839865,13
ag,50,0.020072228685851,13
ag,50,0.0006250676487269,13
ag,50,0.0126483262387969,13
ag,50,0.0109449744773149,13
ag,50,0.0066415071782055,13
ag,50,0.0147757529688966,13
ag,50,0.0067821908083098,13
ag,50,0.0169290700878722,13
ag,50,0.0039194756691128,13
ag,50,0.0126348149516498,13
ag,50,0.0193236639283442,13
ag,50,0.0286471627100324,13
ag,50,0.0434747945629991,13
ag,50,0.0482172387829247,13
ag,50,0.0319488917640935,13
ag,50,0.0707800994966175,13
ag,50,0.0040809656557865,13
ag,50,0.0012111546667569,13
ag,50,0.0138428024662028,13
ag,50,0.0158208919608568,13
ag,50,0.0080911406260398,13
ag,50,0.0925881853603732,13
ag,50,0.0456019411241025,13
ag,50,0.0146228327261266,13
ag,50,0.0165837203296408,13
ag,50,0.0007557459076153,13
ag,50,0.0020548245213982,13
ag,50,0.0158579951457404,13
ag,50,0.0099188115806702,13
ag,50,0.0080923705244627,13
ag,50,0.0269473092567585,13
ag,50,0.0072849416163416,13
ag,50,0.0212452260112743,13
ag,50,0.0034691840681928,13
ag,50,0.0103050248375202,13
ag,50,0.0024591659376269,13
ag,50,0.004987385244345,13
ag,50,0.0039094818625762,13
ag,50,0.0393547477670375,13
ag,50,0.0072310604856424,13
ag,50,0.0138116047066745,13
ag,50,0.002455573449819,13
ag,50,0.0057146976723678,13
ag,50,0.0061032103063307,13
ag,50,0.0124129758515398,13
ag,50,0.0158537977466778,13
ag,50,0.0022155161578636,13
ag,50,0.0419315536678003,13
ag,50,0.011678828006298,13
ag,50,0.0068694546628527,13
ag,50,0.0091919504860257,13
ag,50,0.1026949923848521,13
ag,50,0.0017030870017346,13
ag,50,0.0203368367445678,13
ag,50,0.0026607498866698,13
ag,50,0.0269227777088423,13
ag,50,0.0183571992305269,13
ag,50,0.0186161798560648,13
ag,50,0.0097651565459692,13
ag,50,0.0103494287467926,13
ag,50,0.014147771683256,13
ag,50,0.0048318976961415,13
ag,50,0.0015506745660896,13
ag,50,0.0074747462167702,13
ag,50,0.0013107933726406,13
ag,50,0.0419114549714371,13
ag,50,0.0083549468240066,13
ag,50,0.061656757073166,13
ag,50,0.0002424510230631,13
ag,50,0.0068564060292036,13
ag,50,0.0469149200472328,13
ag,50,0.0052990562387813,13
ag,50,0.007851935715153,13
ag,50,0.019510409884395,13
ag,50,0.0235372853343422,13
ag,50,0.0060454305908341,13
ag,50,0.014678997714554,13
ag,50,0.0087146832919561,13
ag,50,0.0238911649650548,13
ag,50,0.0015773171065113,13
ag,50,0.0022445020005246,13
ag,50,0.0264073531572307,13
ag,50,0.0593251747027125,13
ag,50,0.021528872914024,13
ag,50,0.0221689269386985,13
ag,50,0.0053807517958925,13
ag,50,0.0183013761841102,13
ag,50,0.0046971317554886,13
ag,50,0.0004710166171565,13
ag,50,0.0005655960884499,13
ag,50,0.0008267248970643,13
ag,50,0.0042102970261336,13
ag,50,0.0117116418686913,13
ag,50,0.0093292101507865,13
ag,50,0.0043635929775742,13
ag,50,0.0168933536799325,13
ag,50,0.0182483647113882,13
ag,50,0.0236881987321798,13
ag,50,0.0063857220394512,13
ag,50,0.0005963374757333,13
ag,50,0.002169862986157,13
ag,50,0.0519491710019978,13
ag,50,0.0195420128589993,13
ag,50,0.0365081276573559,13
ag,50,0.01603798819867,13
ag,50,0.0063763744158416,13
ag,50,0.0011732880415014,13
ag,50,0.0048104090593678,13
ag,50,0.0031836464622045,13
ag,50,0.0067267142670815,13
ag,50,0.0279526119728033,13
ag,50,0.0290214086989228,13
ag,50,0.0027772937617078,13
ag,50,0.0101481197149031,13
ag,50,0.0041211551961608,13
ag,50,0.0265932660924471,13
ag,50,0.005175767995204,13
ag,50,0.0009543639983614,13
ag,50,0.0048701812789048,13
ag,50,0.0144183799638959,13
ag,50,0.0089140786812154,13
ag,50,0.0182855874551067,13
ag,50,0.005481315046048,13
ag,50,0.0188833644104671,13
ag,50,0.0080817802137661,13
ag,50,0.0064776860190619,13
ag,50,0.047450212848476,13
ag,50,0.0129361524944771,13
ag,50,0.0055024692025499,13
ag,50,0.0042690802493209,13
ag,50,0.0652488889299571,13
ag,50,0.0070631220579205,13
ag,50,0.0106218958669914,13
ag,50,0.0134896788122428,13
ag,50,0.0021665202014324,13
ag,50,0.0014982350074659,13
ag,50,0.0067191242923788,13
ag,50,0.0227808518445423,13
ag,50,0.0318448578366561,13
ag,50,0.0062507123520841,13
ag,50,0.0124512097198871,13
ag,50,0.005969002795182,13
ag,50,0.025972534142038,13
ag,50,0.0019644773383514,13
ag,50,0.0071326177201629,13
ag,50,0.0012116903235064,13
ag,50,0.0047608236547195,13
ag,50,0.0111607064711419,13
ag,50,0.0013178390769767,13
ag,50,0.0068924425961069,13
ag,50,0.0012045618123365,13
ag,50,0.0187453916798269,13
ag,50,0.0214369454699177,13
ag,50,0.01229521537199,13
ag,50,0.1114876741835997,13
ag,50,0.0121561840876074,13
ag,50,0.0313372995479575,13
ag,50,0.0019157856365881,13
ag,50,0.0258652450189215,13
ag,50,0.0302307765912084,13
ag,50,0.0109418546197434,13
ag,50,0.0069934092421351,13
ag,50,0.0072076152167085,13
ag,50,0.0036237760091657,13
ag,50,0.0142611795089749,13
ag,50,0.0165057045754347,13
ag,50,0.019426856801973,13
ag,50,0.0162130056925165,13
ag,50,0.0164149636625896,13
ag,50,0.0081360205959631,13
ag,50,0.0054482873825558,13
ag,50,0.0061282720114703,13
ag,50,0.0005333546202821,13
ag,50,0.008147363580023,13
ag,50,0.0006186649621423,13
ag,50,0.0018670867856338,13
ag,50,0.0008560438498978,13
ag,50,0.0376893568011746,13
ag,50,0.0031312961916096,13
ag,50,0.0087954938443985,13
ag,50,0.0300358465053332,13
ag,50,0.016848317582931,13
ag,50,0.0248914549573924,13
ag,50,0.0062032684900228,13
ag,50,0.0183290487132743,13
ag,50,0.0005993219435036,13
ag,50,0.0125226742994153,13
ag,50,0.0044606469042576,13
ag,50,0.0082143988106485,13
ag,50,0.0037043625180068,13
ag,50,0.0109107067424052,13
ag,50,0.0014720939580873,13
ag,50,0.0539775671644621,13
ag,50,0.0418933207207927,13
ag,50,0.0052597491841011,13
ag,50,0.0384246401686354,13
ag,50,0.0049425844087517,13
ag,50,0.0084029479360653,13
ag,50,0.016134563963319,13
ag,50,0.0099496035912464,13
ag,50,0.0300091165154945,13
ag,50,0.0052671840128935,13
ag,50,0.021627025006912,13
ag,50,0.0035740864223019,13
ag,50,0.0033207132083252,13
ag,50,0.0006360896344495,13
ag,50,0.0029457720207961,13
ag,50,0.037368406682852,13
ag,50,0.0269083120816264,13
ag,50,0.0017660916996886,13
ag,50,0.0268133673623588,13
ag,50,0.0114606048668823,13
ag,50,0.0104335056676213,13
ag,50,0.0100832589409627,13
ag,50,0.0511552572350984,13
ag,50,0.0101794871086157,13
ag,50,0.0258509404968502,13
ag,50,0.0216872851059118,13
ag,50,0.0473916228352344,13
ag,50,0.0098173574856525,13
ag,50,0.0060036055403135,13
ag,50,0.0038684107504788,13
ag,50,0.0039759757209742,13
ag,50,0.0264571506537552,13
ag,50,0.0044147639227004,13
ag,50,0.0110595036558686,13
ag,50,0.000679242220636,13
ag,50,0.0196503664150123,13
ag,50,0.0252156297576723,13
ag,50,0.0077256482578552,13
ag,50,0.040610091575519,13
ag,50,0.0028247134880564,13
ag,50,0.0702449212507152,13
ag,50,0.076462374158302,13
ag,50,0.0006427965117813,13
ag,50,0.0056243990243838,13
ag,50,0.0010562134659004,13
ag,50,0.0100383667522467,13
ag,50,0.0068199755913735,13
ag,50,0.0160566910015563,13
ag,50,0.01565791715019,13
ag,50,0.0020621026288581,13
ag,50,0.0145923272521517,13
ag,50,0.0045759285292546,13
ag,50,0.0189539625811008,13
ag,50,0.0973890212967585,13
ag,50,0.0240055664834755,13
ag,50,0.0353864617751267,13
ag,50,0.0051334327405199,13
ag,50,0.0031732822109504,13
ag,50,0.0277891553640547,13
ag,50,0.0011101293429353,13
ag,50,0.032425984986834,13
ag,50,0.0004466658609947,13
ag,50,0.0213528876952891,13
ag,50,0.0091087060912531,13
ag,50,0.0037152692268467,13
ag,50,0.0102072785633166,13
ag,50,0.017854375134011,13
ag,50,0.0146457836543131,13
ag,50,0.0010821479971803,13
ag,50,0.0123162826323588,13
ag,50,0.0155166958148886,13
ag,50,0.0421145923311284,13
ag,50,0.1189246569123036,13
ag,50,0.0264993335228405,13
ag,50,0.034023947726429,13
ag,50,0.0010390088882514,13
ag,50,0.0398980318338486,13
ag,50,0.0221199394144333,13
ag,50,0.0093745408276319,13
ag,50,0.0031778994907303,13
ag,50,0.0052050231800879,13
ag,50,0.0073138808281537,13
ag,50,0.0030796887832044,13
ag,50,0.0114796749527657,13
ag,50,0.0027746458197685,13
ag,50,0.0181723706608728,13
ag,50,0.000133515513743,13
ag,50,0.1039684184037301,13
ag,50,0.0041753926777372,13
ag,50,0.0008859841813453,13
ag,50,0.0136729688093346,13
ag,50,0.0249614686265593,13
ag,50,0.0069418405132023,13
ag,50,0.0126639802084605,13
ag,50,0.0506434637006879,13
ag,50,0.0273300925616601,13
ag,50,0.0063494525992153,13
ag,50,0.0263106336175214,13
ag,50,0.0038520827479121,13
ag,50,0.0028042009950158,13
ag,50,0.0149856481480298,13
ag,50,0.0,13
ag,50,0.0031785539559998,13
ag,50,0.0034280811072031,13
ag,50,0.0018166523071665,13
ag,50,0.0083151466826007,13
ag,50,0.001257263488173,13
ag,50,0.0102682256400231,13
ag,50,0.0249006541629045,13
ag,50,0.0052858992215894,13
ag,50,0.0021461704033195,13
ag,50,0.0138391578944996,13
ag,50,0.0094071578985474,13
ag,50,0.007933831704121,13
ag,50,0.0173670709862001,13
ag,50,0.061016479511204,13
ag,50,0.0018236128812376,13
ag,50,0.0101030392307501,13
ag,50,0.0013133562512237,13
ag,50,0.0103447053083007,13
ag,50,0.002315641893538,13
ag,50,0.0979464562012814,13
ag,50,0.0050525932992232,13
ag,50,0.0140886355447526,13
ag,50,0.0012029378809412,13
ag,50,0.0201900417893473,13
ag,50,0.0006653107712742,13
ag,50,0.0102075553446335,13
ag,50,0.0197767825785374,13
ag,50,0.0051279429751567,13
ag,50,0.0076216922774526,13
ag,50,0.0010128638332232,13
ag,50,0.0082773747553405,13
ag,50,0.0015085125998717,13
ag,50,0.0241846734552742,13
ag,50,0.0108472337743296,13
ag,50,0.0134395464393376,13
ag,50,0.0175543505696278,13
ag,50,0.0160138661987428,13
ag,50,0.0086367228208547,13
ag,50,0.0167411552136288,13
ag,50,0.0190884967933404,13
ag,50,0.0057272546600289,13
ag,50,0.0054441573887329,13
ag,50,0.0306752511281772,13
ag,50,0.0054258970438442,13
ag,50,0.0047444379428385,13
ag,50,0.0005737682074004,13
ag,50,9.812229816222254e-05,13
ag,50,0.0049467183127591,13
ag,50,0.0099925783207359,13
ag,50,0.0041734501797949,13
ag,50,0.0103024073877985,13
ag,50,0.0035686080111433,13
ag,50,0.0056767227679953,13
ag,50,0.0434057423293072,13
ag,50,0.0122585412368451,13
ag,50,0.0094482773883791,13
ag,50,0.0276533141445353,13
ag,50,0.0641006931962917,13
ag,50,0.0320065067502153,13
ag,50,0.0083654956951708,13
ag,50,0.0013631605033076,13
ag,50,0.0334590678058792,13
ag,50,0.0047992245042634,13
ag,50,0.0023215507978876,13
ag,50,0.002670849665055,13
ag,50,0.0032788926034955,13
ag,50,0.0007623165100429,13
ag,50,0.0078027939710347,13
ag,50,0.0431436868989667,13
ag,50,0.0114390077413024,13
ag,50,0.0163260267092829,13
ag,50,0.0190862190458682,13
ag,50,0.0036793097490668,13
ag,50,0.0166693475061097,13
ag,50,0.0007215540255733,13
ag,50,0.0149451447013744,13
ag,50,0.0056535212669785,13
ag,50,0.0440355384898232,13
ag,50,0.013986380685762,13
ag,50,0.0034333627721832,13
ag,50,0.003408855149136,13
ag,50,0.0087405109745964,13
ag,50,0.0256925327254514,13
ag,50,0.0087235506162459,13
ag,50,0.0098440234365698,13
ag,50,0.0123991676635104,13
ag,50,0.0299117268632793,13
ag,50,0.0413510052473459,13
nag,50,0.0006808748702783,13
nag,50,0.0,13
nag,50,0.0,13
nag,50,0.0002235854093988,13
nag,50,0.0001451045062164,13
nag,50,9.989425381831012e-06,13
nag,50,0.0002471736214179,13
nag,50,2.7212515479708248e-05,13
nag,50,0.0001160038709049,13
nag,50,0.0,13
nag,50,0.0001622281459872,13
nag,50,5.866306403517543e-05,13
nag,50,0.000529573038952,13
nag,50,0.0007097181981488,13
nag,50,1.443001687325537e-05,13
nag,50,8.903031093902071e-05,13
nag,50,9.89091578432364e-06,13
nag,50,3.980810839356602e-05,13
nag,50,0.0,13
nag,50,0.000318994860156,13
nag,50,7.411873758013383e-05,13
nag,50,2.923444231505623e-05,13
nag,50,0.0,13
nag,50,7.689269754712532e-05,13
nag,50,2.097027772907163e-05,13
nag,50,5.762531325947298e-05,13
nag,50,1.25599760096887e-05,13
nag,50,0.0,13
nag,50,0.0002576557222612,13
nag,50,0.0001148804315931,13
nag,50,0.0004746961668688,13
nag,50,0.0001996334022466,13
nag,50,2.381303275214012e-05,13
nag,50,0.000206902697935,13
nag,50,0.0,13
nag,50,0.00033691394221,13
nag,50,2.9201332389194535e-05,13
nag,50,0.0003335539526014,13
nag,50,0.0002144097021097,13
nag,50,0.0001863027233558,13
nag,50,0.0001478351016927,13
nag,50,8.487782764089398e-06,13
nag,50,0.0001201678732981,13
nag,50,0.0006190599113966,13
nag,50,1.4507234024852011e-05,13
nag,50,2.160167911571378e-05,13
nag,50,8.107961265600671e-06,13
nag,50,0.0,13
nag,50,2.0921012334949616e-05,13
nag,50,0.0001228608699764,13
nag,50,0.0,13
nag,50,0.0002182035357957,13
nag,50,0.0,13
nag,50,0.0001397627924366,13
nag,50,3.083678371116114e-05,13
nag,50,0.0003998913202827,13
nag,50,0.0011659756110457,13
nag,50,0.0001838154639597,13
nag,50,0.0,13
nag,50,0.0001823593054571,13
nag,50,0.0,13
nag,50,7.533235644114906e-05,13
nag,50,0.0001303459316719,13
nag,50,2.898282924353594e-05,13
nag,50,0.0004589254192346,13
nag,50,0.0001977804888468,13
nag,50,0.0003631358851215,13
nag,50,0.0002580414242204,13
nag,50,0.0,13
nag,50,0.000507197904895,13
nag,50,7.687585654308589e-05,13
nag,50,8.380612953244594e-05,13
nag,50,2.2196178160881886e-05,13
nag,50,0.0003601322124523,13
nag,50,4.198413362257528e-05,13
nag,50,2.2199322814670417e-05,13
nag,50,0.0009307142368893,13
nag,50,0.0002203454561646,13
nag,50,1.1118195114778332e-05,13
nag,50,0.0006213910973865,13
nag,50,2.444154194206737e-05,13
nag,50,3.147690206690546e-05,13
nag,50,0.0,13
nag,50,6.296803509906746e-05,13
nag,50,3.7269794170526926e-05,13
nag,50,2.989856126712123e-05,13
nag,50,0.0,13
nag,50,3.0129100205800576e-05,13
nag,50,0.0,13
nag,50,0.0001985225328243,13
nag,50,9.575806380483372e-05,13
nag,50,0.0003769226715696,13
nag,50,0.0001258167203253,13
nag,50,8.297601670703511e-05,13
nag,50,1.0700203602948878e-05,13
nag,50,0.0,13
nag,50,0.0,13
nag,50,9.696593716453096e-05,13
nag,50,0.0001725274228502,13
nag,50,0.0001019223304101,13
nag,50,0.0001180354560078,13
nag,50,0.0001092664227191,13
nag,50,2.6435861097432935e-05,13
nag,50,0.0,13
nag,50,1.4966117551389669e-05,13
nag,50,7.254743132069406e-06,13
nag,50,8.57962126909347e-05,13
nag,50,4.356280516028198e-05,13
nag,50,7.396671482362173e-05,13
nag,50,2.231216974008406e-05,13
nag,50,0.0001004321616179,13
nag,50,0.0001318993125993,13
nag,50,0.0003790293716089,13
nag,50,0.0002512347000622,13
nag,50,3.458463667284229e-05,13
nag,50,5.235179423636542e-06,13
nag,50,2.049358094495439e-05,13
nag,50,0.0,13
nag,50,1.1913940474132697e-05,13
nag,50,9.881111237975056e-06,13
nag,50,0.0,13
nag,50,2.263753583571027e-05,13
nag,50,0.0001279694312721,13
nag,50,9.966453487766584e-05,13
nag,50,0.0001369489969057,13
nag,50,1.612839104015403e-05,13
nag,50,2.2567420930188677e-05,13
nag,50,2.5832888418606727e-05,13
nag,50,0.0,13
nag,50,0.0001080689274684,13
nag,50,0.0,13
nag,50,2.2748331258248008e-05,13
nag,50,0.000132431471595,13
nag,50,1.0744941399982954e-05,13
nag,50,1.125923987118521e-05,13
nag,50,3.541876808288662e-05,13
nag,50,0.0,13
nag,50,2.6908489770612135e-05,13
nag,50,2.6113761686706745e-05,13
nag,50,4.554553075031962e-05,13
nag,50,6.383672263589397e-05,13
nag,50,0.0005190482277448,13
nag,50,6.753075567860307e-05,13
nag,50,6.569553344770649e-05,13
nag,50,2.29151355961375e-05,13
nag,50,6.585619984479617e-06,13
nag,50,9.79181873972182e-05,13
nag,50,0.0002622562080806,13
nag,50,0.0004728210831253,13
nag,50,0.0,13
nag,50,1.3453928496328522e-05,13
nag,50,0.0002052388461698,13
nag,50,5.026142234060976e-05,13
nag,50,0.0,13
nag,50,4.778045731421218e-05,13
nag,50,5.4306167439522376e-05,13
nag,50,1.7571879865903045e-05,13
nag,50,0.0001461331999587,13
nag,50,1.7682719835828752e-05,13
nag,50,9.90157433430405e-05,13
nag,50,8.564070539331265e-05,13
nag,50,0.0,13
nag,50,8.013500973086911e-05,13
nag,50,8.36115708737048e-06,13
nag,50,0.0001701209785317,13
nag,50,0.0002284958115918,13
nag,50,0.0001588070455892,13
nag,50,1.91381575910483e-05,13
nag,50,9.706938993106812e-05,13
nag,50,0.0003320773306482,13
nag,50,0.0001984668127807,13
nag,50,1.3377616605515342e-05,13
nag,50,0.0003427831264818,13
nag,50,3.981640996622095e-05,13
nag,50,0.0009114402295959,13
nag,50,3.0097307146445684e-05,13
nag,50,0.0001364031607441,13
nag,50,0.0,13
nag,50,0.0,13
nag,50,4.772954296018628e-05,13
nag,50,7.972747118531827e-06,13
nag,50,0.0003811885396332,13
nag,50,5.0241866041744106e-05,13
nag,50,5.273973301150475e-05,13
nag,50,0.000128586687493,13
nag,50,1.6201769738151686e-05,13
nag,50,1.462943564774923e-05,13
nag,50,9.538599683098476e-06,13
nag,50,3.1801706340954635e-05,13
nag,50,7.77372519606895e-05,13
nag,50,2.4255496140658356e-05,13
nag,50,0.0001742834731144,13
nag,50,0.0,13
nag,50,9.929004360951816e-05,13
nag,50,0.0,13
nag,50,8.817413095205841e-06,13
nag,50,0.0009008137076333,13
nag,50,2.2269719749411943e-05,13
nag,50,0.0,13
nag,50,0.0,13
nag,50,6.926222449575701e-05,13
nag,50,0.0002106212267884,13
nag,50,3.675122351404721e-05,13
nag,50,7.943297247303952e-05,13
nag,50,0.0003018143879463,13
nag,50,0.0,13
nag,50,0.0,13
nag,50,0.0,13
nag,50,0.0007423758433627,13
nag,50,0.0002125673728488,13
nag,50,0.0003706363336164,13
nag,50,0.0003312942536797,13
nag,50,0.0003495718066715,13
nag,50,0.00011423949748,13
nag,50,0.0003982758208289,13
nag,50,1.959885525486135e-05,13
nag,50,2.3014959220169295e-05,13
nag,50,0.0,13
nag,50,7.664132652089272e-05,13
nag,50,0.0,13
nag,50,9.742144973599617e-05,13
nag,50,0.0002227339961674,13
nag,50,0.0003683178850077,13
nag,50,0.0001151216707552,13
nag,50,0.0006933438083932,13
nag,50,8.176421498858799e-05,13
nag,50,2.7104200800584703e-05,13
nag,50,0.0001751150042597,13
nag,50,0.0002830318196082,13
nag,50,8.821026615328443e-05,13
nag,50,0.0006193901247099,13
nag,50,0.000108750123079,13
nag,50,0.0001157229374885,13
nag,50,1.0858482007333955e-05,13
nag,50,8.033463914257728e-06,13
nag,50,0.0003755786575472,13
nag,50,1.1797566505821898e-05,13
nag,50,0.0,13
nag,50,0.0006396679999949,13
nag,50,6.85380098222545e-05,13
nag,50,5.468264021372754e-05,13
nag,50,0.0002480584774522,13
nag,50,5.807950881863816e-05,13
nag,50,0.0,13
nag,50,0.0,13
nag,50,2.16951138341824e-05,13
nag,50,8.192852055946698e-06,13
nag,50,0.0,13
nag,50,2.631338386874817e-05,13
nag,50,8.982488595175079e-05,13
nag,50,7.286478969045758e-05,13
nag,50,2.2952006134289308e-05,13
nag,50,4.3144209289505566e-05,13
nag,50,0.0,13
nag,50,2.2928367663816196e-05,13
nag,50,4.0043797460694325e-05,13
nag,50,1.4820710555423557e-05,13
nag,50,0.0001709190691953,13
nag,50,2.751948996172832e-05,13
nag,50,1.7654828462577343e-05,13
nag,50,4.337722132971871e-05,13
nag,50,5.8059021861908206e-05,13
nag,50,2.7532605634380527e-05,13
nag,50,3.3112734341104835e-05,13
nag,50,0.0001555412220208,13
nag,50,3.608864471763609e-05,13
nag,50,5.1941751990778054e-05,13
nag,50,9.458169764136932e-05,13
nag,50,0.000178000191957,13
nag,50,5.905471464496478e-06,13
nag,50,2.3824430825996475e-05,13
nag,50,1.253751112951584e-05,13
nag,50,0.0005509352670412,13
nag,50,6.020226983245049e-06,13
nag,50,0.0001235191062797,13
nag,50,7.065033344306341e-05,13
nag,50,0.0,13
nag,50,0.0003217430233871,13
nag,50,5.611432409835799e-05,13
nag,50,1.5664439521177142e-05,13
nag,50,0.0,13
nag,50,0.0001026972942058,13
nag,50,4.357237954625301e-05,13
nag,50,0.001237201665826,13
nag,50,9.724422801096622e-05,13
nag,50,3.067264943927179e-05,13
nag,50,9.172692672035126e-05,13
nag,50,0.0,13
nag,50,0.0001029023766652,13
nag,50,0.0001254524977831,13
nag,50,0.000108600932469,13
nag,50,0.0001812554041176,13
nag,50,2.3858578103951785e-05,13
nag,50,0.0,13
nag,50,5.805746904008846e-05,13
nag,50,1.6651426842095818e-05,13
nag,50,3.238317127078845e-05,13
nag,50,1.2671205864171162e-05,13
nag,50,0.0001443972840277,13
nag,50,2.3910188888006944e-05,13
nag,50,0.0001115934932943,13
nag,50,0.0001783959305944,13
nag,50,0.0001504228118454,13
nag,50,0.0,13
nag,50,0.0001002623749165,13
nag,50,0.0005094507216729,13
nag,50,1.3060792358887872e-05,13
nag,50,9.84008092425107e-05,13
nag,50,0.0007460250437487,13
nag,50,1.6461828353708316e-05,13
nag,50,0.0001390993316874,13
nag,50,1.692598322067606e-05,13
nag,50,2.7764059745649885e-05,13
nag,50,0.0,13
nag,50,0.0002773187784628,13
nag,50,0.0001149407999273,13
nag,50,1.6099686194123258e-05,13
nag,50,0.0001547226482161,13
nag,50,1.7136966854151855e-05,13
nag,50,0.0,13
nag,50,3.356655247367113e-05,13
nag,50,0.0,13
nag,50,5.4266349715253974e-05,13
nag,50,4.604189547645494e-05,13
nag,50,0.0001300537232949,13
nag,50,5.033453805719055e-05,13
nag,50,7.236332044620557e-05,13
nag,50,0.0001976362914,13
nag,50,0.0001102486591094,13
nag,50,0.0006186313405559,13
nag,50,5.62812762511588e-05,13
nag,50,7.003971616785123e-05,13
nag,50,0.0001859876056034,13
nag,50,1.8129227595229916e-05,13
nag,50,6.967783165843152e-05,13
nag,50,0.0002087406719591,13
nag,50,7.022452430447004e-05,13
nag,50,5.7104893490014954e-05,13
nag,50,1.210937474280702e-05,13
nag,50,4.956505782094549e-05,13
nag,50,8.520579512807511e-05,13
nag,50,8.16886771229668e-05,13
nag,50,6.779278568315143e-06,13
nag,50,5.1557062281832145e-05,13
nag,50,3.8495638980112816e-05,13
nag,50,1.2019498839583005e-05,13
nag,50,9.074644548041468e-05,13
nag,50,1.8527197070310023e-05,13
nag,50,0.0,13
nag,50,0.0001824613987921,13
nag,50,0.0002979085516124,13
nag,50,0.0002896223020313,13
nag,50,0.0003494699291255,13
nag,50,0.0004443703720778,13
nag,50,0.0001562842247152,13
nag,50,1.748433061965713e-05,13
nag,50,1.442140861506081e-05,13
nag,50,2.9843720707119383e-05,13
nag,50,8.161541947374615e-05,13
nag,50,0.0001847984676682,13
nag,50,0.0005815537226259,13
nag,50,5.5453299270179865e-05,13
nag,50,1.8865475583756594e-05,13
nag,50,0.0003500264122701,13
nag,50,1.8877002935732534e-05,13
nag,50,0.0003204195665199,13
nag,50,0.0002862028366721,13
nag,50,8.34268570315087e-05,13
nag,50,6.696023941651328e-05,13
nag,50,7.375441695068365e-06,13
nag,50,0.0,13
nag,50,0.0004876358477091,13
nag,50,2.0661058867507813e-05,13
nag,50,2.073326357766721e-05,13
nag,50,4.493693713908338e-05,13
nag,50,0.0001193049710853,13
nag,50,0.0003814528397687,13
nag,50,0.0,13
nag,50,0.0,13
nag,50,1.2732995688312532e-05,13
nag,50,2.31056855163229e-05,13
nag,50,0.0,13
nag,50,0.0,13
nag,50,2.8286394672850496e-05,13
nag,50,0.0001251874120915,13
nag,50,3.581132118965385e-05,13
nag,50,2.8686485075240337e-05,13
nag,50,0.0,13
nag,50,0.0002412246495321,13
nag,50,0.0001921343395685,13
nag,50,0.0001779329579818,13
nag,50,8.53064640550245e-05,13
nag,50,5.5148825589238495e-06,13
nag,50,0.0001016352326271,13
nag,50,1.4469762669796888e-05,13
nag,50,6.511594614223174e-05,13
nag,50,2.1121259120242895e-05,13
nag,50,0.0001918291797079,13
nag,50,0.0009239181378584,13
nag,50,3.0197381135679822e-05,13
nag,50,8.395485265259344e-05,13
nag,50,0.000158363224659,13
nag,50,4.869808261356745e-05,13
nag,50,0.0003631783924645,13
nag,50,0.0001311696412411,13
nag,50,0.0001160546845972,13
nag,50,4.2231745003778255e-05,13
nag,50,0.0003290752797023,13
nag,50,4.127963906825331e-05,13
nag,50,0.0002151738271323,13
nag,50,2.4918377068160943e-05,13
nag,50,0.000207171383874,13
nag,50,0.0004602939023351,13
nag,50,7.370492811935695e-05,13
nag,50,0.0001734503973187,13
nag,50,0.0001024425203632,13
nag,50,0.0003062182090261,13
nag,50,2.2511014909978605e-05,13
nag,50,4.020836455670515e-05,13
nag,50,2.494862228958596e-05,13
nag,50,1.8806577115142797e-05,13
nag,50,7.021493114038698e-06,13
nag,50,6.217432197461374e-05,13
nag,50,2.426001260465073e-05,13
nag,50,0.0,13
nag,50,8.489847495531966e-05,13
nag,50,0.0001730714181353,13
nag,50,6.389889391456461e-05,13
nag,50,8.368211337691992e-05,13
nag,50,0.000442495650324,13
nag,50,0.0,13
nag,50,0.0001972527873493,13
nag,50,0.0001848583830984,13
nag,50,1.5476349566955632e-05,13
nag,50,0.0,13
nag,50,6.224574539779949e-05,13
nag,50,1.8740322370382013e-05,13
nag,50,2.151203054072402e-05,13
nag,50,3.398004492995606e-05,13
nag,50,0.0001290517415649,13
nag,50,0.0001375845598349,13
nag,50,0.0002007694072012,13
nag,50,0.0005051797307393,13
nag,50,4.4352540282867536e-05,13
nag,50,2.2691895817823177e-05,13
nag,50,0.0,13
nag,50,0.0004628697440343,13
nag,50,0.0,13
nag,50,0.0002068603015187,13
nag,50,0.0001580685348293,13
nag,50,0.0001169108275442,13
nag,50,1.218534091555646e-05,13
nag,50,8.114658651375359e-05,13
nag,50,0.0005322267744879,13
nag,50,8.966888472006871e-06,13
nag,50,4.4159465686539835e-05,13
nag,50,0.0003074638120076,13
nag,50,5.7612616836580136e-06,13
nag,50,1.621209255785948e-05,13
nag,50,3.9010899780061474e-05,13
nag,50,0.0001092572579761,13
nag,50,5.998624305607132e-05,13
nag,50,0.0,13
nag,50,1.898259222852996e-05,13
nag,50,0.0,13
nag,50,3.7532747061787275e-05,13
nag,50,6.806546497318186e-05,13
nag,50,6.488220479241727e-06,13
nag,50,0.0001750164409593,13
nag,50,7.069285648602652e-05,13
nag,50,7.952634016310727e-05,13
nag,50,2.9187452306163335e-05,13
nag,50,4.928129875018053e-05,13
nag,50,0.0006711835838111,13
nag,50,3.6663446451089176e-05,13
nag,50,0.0001545313370149,13
nag,50,8.49100495967088e-05,13
nag,50,8.122487766988136e-05,13
nag,50,0.0002909139841586,13
nag,50,1.8361144352871977e-05,13
nag,50,1.275542289931994e-05,13
nag,50,2.612830212590648e-05,13
nag,50,0.0001259032251502,13
nag,50,0.0001171928822749,13
nag,50,5.510657800341027e-05,13
nag,50,0.0001237207916315,13
nag,50,0.0002858234353766,13
nag,50,1.5854549331038683e-05,13
nag,50,0.0001184655464777,13
nag,50,0.0001047786830749,13
nag,50,6.195744477752475e-05,13
nag,50,7.45670283613615e-05,13
nag,50,7.176822366709459e-06,13
nag,50,0.0,13
nag,50,0.0002678297310834,13
nag,50,3.726977512069427e-05,13
nag,50,5.524353388623736e-05,13
nag,50,1.9118683769965933e-05,13
nag,50,2.9576146729453677e-05,13
nag,50,4.290631526556256e-05,13
bg,50,7.118765402075174e-07,13
bg,50,3.275894259454426e-07,13
bg,50,2.599274911807365e-07,13
bg,50,4.892010145698216e-07,13
bg,50,8.086326480137925e-07,13
bg,50,7.092963358331908e-07,13
bg,50,6.805610819441974e-07,13
bg,50,9.290638232533138e-07,13
bg,50,3.586194237314242e-07,13
bg,50,4.921115199647667e-07,13
bg,50,3.0088698150982394e-07,13
bg,50,2.435960575785927e-07,13
bg,50,4.697828873350403e-07,13
bg,50,1.2029711881667304e-06,13
bg,50,4.79219595902802e-07,13
bg,50,5.730708365125464e-07,13
bg,50,8.013221427961196e-07,13
bg,50,4.757445384713561e-07,13
bg,50,3.50268327255619e-07,13
bg,50,6.70791602602074e-07,13
bg,50,7.234633631222525e-07,13
bg,50,3.4818498722125106e-07,13
bg,50,5.319964087477202e-07,13
bg,50,5.531583236296272e-07,13
bg,50,7.193465706476277e-07,13
bg,50,7.610283373818123e-07,13
bg,50,7.757584288492638e-07,13
bg,50,6.080915584822831e-07,13
bg,50,5.05065007470117e-07,13
bg,50,3.81497615778867e-07,13
bg,50,6.000201171870934e-07,13
bg,50,3.384851394032809e-07,13
bg,50,9.89301829995896e-07,13
bg,50,3.55119714603109e-07,13
bg,50,6.518263285935934e-07,13
bg,50,9.259169048632514e-07,13
bg,50,3.796175058576042e-07,13
bg,50,4.894160099702441e-07,13
bg,50,5.452570884931043e-07,13
bg,50,7.09042263594058e-07,13
bg,50,7.987980951818017e-07,13
bg,50,4.32970686049086e-07,13
bg,50,5.941645609899909e-07,13
bg,50,7.860965047727201e-07,13
bg,50,4.519254113561724e-07,13
bg,50,1.2907268959902044e-06,13
bg,50,4.598574277047646e-07,13
bg,50,3.266055842749524e-07,13
bg,50,7.575612247966035e-07,13
bg,50,6.63220617428621e-07,13
bg,50,6.071644161796454e-07,13
bg,50,7.04261361360351e-07,13
bg,50,7.20749122986731e-07,13
bg,50,5.278707521130055e-07,13
bg,50,4.170533345278415e-07,13
bg,50,3.4426672616298225e-07,13
bg,50,7.024133811422009e-07,13
bg,50,2.3366014035660433e-07,13
bg,50,6.217900773873974e-07,13
bg,50,5.714137558470393e-07,13
bg,50,2.496074044110383e-07,13
bg,50,7.686235299489623e-07,13
bg,50,5.65132237603331e-07,13
bg,50,7.429880450374513e-07,13
bg,50,5.567150145365947e-07,13
bg,50,8.004192879748956e-07,13
bg,50,9.076577203730364e-07,13
bg,50,6.449777075345629e-07,13
bg,50,9.22602732937538e-07,13
bg,50,3.857123435466017e-07,13
bg,50,6.771677247696284e-07,13
bg,50,3.908920530169557e-07,13
bg,50,5.0831477945708e-07,13
bg,50,3.653847858719383e-07,13
bg,50,3.131887351564009e-07,13
bg,50,7.759177251762109e-07,13
bg,50,5.087353451749326e-07,13
bg,50,4.773880207711586e-07,13
bg,50,5.217538377089508e-07,13
bg,50,3.811299047655955e-07,13
bg,50,7.224972471307705e-07,13
bg,50,7.886144879739796e-07,13
bg,50,4.275982505406878e-07,13
bg,50,9.44629163336852e-07,13
bg,50,4.120932935884754e-07,13
bg,50,4.896176713733496e-07,13
bg,50,8.541246780577126e-07,13
bg,50,7.789248137949004e-07,13
bg,50,4.720620234703056e-07,13
bg,50,4.997738979407359e-07,13
bg,50,5.02826738921574e-07,13
bg,50,4.461240749884098e-07,13
bg,50,9.356972880276262e-07,13
bg,50,2.283548896068262e-07,13
bg,50,3.6796902808610116e-07,13
bg,50,7.083328294245228e-07,13
bg,50,3.864626849510736e-07,13
bg,50,3.988881680760177e-07,13
bg,50,5.155665631063566e-07,13
bg,50,4.170633097606628e-07,13
bg,50,6.093854408723302e-07,13
bg,50,3.952295520829705e-07,13
bg,50,6.734149463732127e-07,13
bg,50,7.40955633041618e-07,13
bg,50,4.6505946434625476e-07,13
bg,50,6.291265797531699e-07,13
bg,50,8.862798488897002e-07,13
bg,50,2.195808068826331e-07,13
bg,50,4.196964433100707e-07,13
bg,50,4.61572481035177e-07,13
bg,50,3.7163904078999457e-07,13
bg,50,2.654688454729689e-07,13
bg,50,6.192115688084979e-07,13
bg,50,3.605874274736801e-07,13
bg,50,3.4345794350934477e-07,13
bg,50,4.191591947557469e-07,13
bg,50,2.6139598723193525e-07,13
bg,50,1.949156925182973e-07,13
bg,50,5.020311262137044e-07,13
bg,50,4.049715317506301e-07,13
bg,50,1.0200747913148986e-06,13
bg,50,6.464240197400354e-07,13
bg,50,1.0277630322041162e-06,13
bg,50,4.988717310069146e-07,13
bg,50,6.808758723128223e-07,13
bg,50,4.360726694117555e-07,13
bg,50,6.404297558076303e-07,13
bg,50,8.594125189838579e-07,13
bg,50,2.7842796864724416e-07,13
bg,50,4.300914648853303e-07,13
bg,50,5.787545966889978e-07,13
bg,50,2.5232654191787845e-07,13
bg,50,5.043928877140122e-07,13
bg,50,7.127270489305093e-07,13
bg,50,6.414362901739178e-07,13
bg,50,2.5996634116144197e-07,13
bg,50,4.1718122984545915e-07,13
bg,50,3.413591581888545e-07,13
bg,50,5.485047950084941e-07,13
bg,50,4.79038668418749e-07,13
bg,50,1.2048485985910558e-06,13
bg,50,6.822168765187626e-07,13
bg,50,6.53648148299221e-07,13
bg,50,2.6456334307799764e-07,13
bg,50,7.987821557062736e-07,13
bg,50,4.110806022522174e-07,13
bg,50,9.128760509951664e-07,13
bg,50,4.4769260761496883e-07,13
bg,50,3.760420199382739e-07,13
bg,50,3.07343491376508e-07,13
bg,50,7.967562421905404e-07,13
bg,50,9.279506394649912e-07,13
bg,50,3.7600428217293755e-07,13
bg,50,6.251309216054643e-07,13
bg,50,3.173967122316909e-07,13
bg,50,7.569522802202326e-07,13
bg,50,1.77005109528668e-07,13
bg,50,6.271988406697665e-07,13
bg,50,3.821081775721791e-07,13
bg,50,7.43941645608222e-07,13
bg,50,9.072191454904852e-07,13
bg,50,5.93950740283824e-07,13
bg,50,1.2731881544666148e-07,13
bg,50,8.469821557736678e-07,13
bg,50,3.1097400784105593e-07,13
bg,50,7.385244736590686e-07,13
bg,50,2.761911917544709e-07,13
bg,50,4.019670824629131e-07,13
bg,50,6.717724937120016e-07,13
bg,50,5.753376456904726e-07,13
bg,50,5.873904832801782e-07,13
bg,50,5.928406916753746e-07,13
bg,50,4.35482860201536e-07,13
bg,50,6.830480984049294e-07,13
bg,50,7.50988940756182e-07,13
bg,50,2.264406426507736e-07,13
bg,50,7.528799039897862e-07,13
bg,50,1.772635120403366e-07,13
bg,50,4.2267549558537297e-07,13
bg,50,1.067906190176803e-06,13
bg,50,5.670735858896933e-07,13
bg,50,5.98051696929617e-07,13
bg,50,5.059552086928278e-07,13
bg,50,6.581937740765869e-07,13
bg,50,9.270301700180446e-07,13
bg,50,8.981828342468912e-07,13
bg,50,8.471985999195653e-07,13
bg,50,8.094657405339008e-07,13
bg,50,5.688507894895387e-07,13
bg,50,7.434295346702546e-07,13
bg,50,4.697759592648305e-07,13
bg,50,8.579663677510616e-07,13
bg,50,7.902286160008629e-07,13
bg,50,4.057138973088885e-07,13
bg,50,5.085916882327133e-07,13
bg,50,3.37173628852441e-07,13
bg,50,3.358012154276335e-07,13
bg,50,2.974049145465739e-07,13
bg,50,3.5565927243022445e-07,13
bg,50,4.642717481264121e-07,13
bg,50,3.988696774246058e-07,13
bg,50,3.218350047556011e-07,13
bg,50,4.963037981764535e-07,13
bg,50,2.1558351525607544e-07,13
bg,50,5.79304590950202e-07,13
bg,50,5.528525595817041e-07,13
bg,50,3.167709204729801e-07,13
bg,50,6.605718420355871e-07,13
bg,50,6.405233546486701e-07,13
bg,50,5.828026593139078e-07,13
bg,50,5.284439443206666e-07,13
bg,50,5.159464841345869e-07,13
bg,50,7.694441961193672e-07,13
bg,50,6.87560955972734e-07,13
bg,50,6.059437783632186e-07,13
bg,50,4.474881821125036e-07,13
bg,50,5.837977453990544e-07,13
bg,50,4.878902645743642e-07,13
bg,50,4.44930954803151e-07,13
bg,50,1.0773540464718537e-06,13
bg,50,6.372360574284745e-07,13
bg,50,4.284355198539359e-07,13
bg,50,4.252029424046593e-07,13
bg,50,5.121202314521673e-07,13
bg,50,8.632924511574673e-07,13
bg,50,8.72117570223708e-07,13
bg,50,6.373066137109418e-07,13
bg,50,7.009437177148173e-07,13
bg,50,3.193691612541591e-07,13
bg,50,8.511261808673303e-07,13
bg,50,6.988373400842335e-07,13
bg,50,6.229619257896126e-07,13
bg,50,4.427846701962503e-07,13
bg,50,4.336406719558814e-07,13
bg,50,3.250139553451096e-07,13
bg,50,2.848514156875728e-07,13
bg,50,5.113486642333674e-07,13
bg,50,7.800572512250213e-07,13
bg,50,9.197504691363856e-07,13
bg,50,7.760490887374724e-07,13
bg,50,5.013481046894807e-07,13
bg,50,5.417770652739499e-07,13
bg,50,7.571384871936026e-07,13
bg,50,5.257292745577494e-07,13
bg,50,6.907612584842526e-07,13
bg,50,7.145285095461792e-07,13
bg,50,3.973333298674366e-07,13
bg,50,5.067895988802027e-07,13
bg,50,4.987407594210688e-07,13
bg,50,6.623741837730162e-07,13
bg,50,6.893314339610817e-07,13
bg,50,2.0623658635036113e-07,13
bg,50,6.14207671956673e-07,13
bg,50,5.415137039177917e-07,13
bg,50,7.550579705520973e-07,13
bg,50,5.926402056786924e-07,13
bg,50,9.108015245373052e-07,13
bg,50,7.050584752468643e-07,13
bg,50,2.529458583800165e-07,13
bg,50,3.492531472930772e-07,13
bg,50,7.0834339129488e-07,13
bg,50,4.310384227770821e-07,13
bg,50,4.219959261976389e-07,13
bg,50,7.763745578440461e-07,13
bg,50,4.701007549427083e-07,13
bg,50,5.335209665601967e-07,13
bg,50,3.44861174512877e-07,13
bg,50,2.501069273480011e-07,13
bg,50,6.363336678861859e-07,13
bg,50,8.609524398666095e-07,13
bg,50,2.432747360822182e-07,13
bg,50,2.690178413058016e-07,13
bg,50,5.729676434207726e-07,13
bg,50,5.220234612114799e-07,13
bg,50,8.47927101249279e-07,13
bg,50,5.485916428024098e-07,13
bg,50,7.323213638842678e-07,13
bg,50,8.01559248307814e-07,13
bg,50,2.693913102414961e-07,13
bg,50,7.193851386001688e-07,13
bg,50,5.968747665885445e-07,13
bg,50,4.942631903789376e-07,13
bg,50,4.3400808053942587e-07,13
bg,50,7.135177746291481e-07,13
bg,50,6.995281182384519e-07,13
bg,50,1.1414781306510603e-06,13
bg,50,4.950119634899737e-07,13
bg,50,5.960522768349077e-07,13
bg,50,6.034007631361149e-07,13
bg,50,3.84000208224219e-07,13
bg,50,8.588681058776121e-07,13
bg,50,6.878725339443235e-07,13
bg,50,4.676005758819226e-07,13
bg,50,1.1339537602068936e-06,13
bg,50,3.175626648144202e-07,13
bg,50,2.803690551804874e-07,13
bg,50,4.5255440867369635e-07,13
bg,50,6.147078546286203e-07,13
bg,50,4.4414440538683274e-07,13
bg,50,6.682039853418242e-07,13
bg,50,4.7128596794834626e-07,13
bg,50,1.007935009118124e-06,13
bg,50,3.808066448653855e-07,13
bg,50,5.42800378868192e-07,13
bg,50,6.165912208895539e-07,13
bg,50,4.0673892761794026e-07,13
bg,50,4.497081269216945e-07,13
bg,50,8.243279143126291e-07,13
bg,50,6.985262949148831e-07,13
bg,50,5.969285093235828e-07,13
bg,50,6.229657553089778e-07,13
bg,50,3.8874759946708987e-07,13
bg,50,6.42346115058699e-07,13
bg,50,3.339236590134261e-07,13
bg,50,4.771122050622357e-07,13
bg,50,5.535723029352963e-07,13
bg,50,3.405509658500183e-07,13
bg,50,1.067636402755557e-06,13
bg,50,4.65110334478033e-07,13
bg,50,7.472760145867086e-07,13
bg,50,4.686197129063613e-07,13
bg,50,5.614339238346527e-07,13
bg,50,5.042070299152879e-07,13
bg,50,3.857477128280602e-07,13
bg,50,6.205618208012017e-07,13
bg,50,3.114852974636695e-07,13
bg,50,3.614020030150017e-07,13
bg,50,5.398580565833819e-07,13
bg,50,6.037292882443855e-07,13
bg,50,6.043993914023102e-07,13
bg,50,2.75342794760959e-07,13
bg,50,8.729835592288028e-07,13
bg,50,6.693345419054695e-07,13
bg,50,3.3361041470037597e-07,13
bg,50,6.823578038120672e-07,13
bg,50,5.392198485806582e-07,13
bg,50,5.403452416855133e-07,13
bg,50,4.643500581371818e-07,13
bg,50,5.163272026596514e-07,13
bg,50,6.408157921840748e-07,13
bg,50,6.115503755036523e-07,13
bg,50,8.708449511920186e-07,13
bg,50,5.403638547420637e-07,13
bg,50,4.544309074392626e-07,13
bg,50,3.2296797240225196e-07,13
bg,50,3.797627219294527e-07,13
bg,50,5.694867253024321e-07,13
bg,50,2.4063896833695794e-07,13
bg,50,5.468423732133017e-07,13
bg,50,7.037619556559499e-07,13
bg,50,7.934786597777939e-07,13
bg,50,2.584070888532902e-07,13
bg,50,5.353942494057616e-07,13
bg,50,6.471592910940009e-07,13
bg,50,5.626701230668743e-07,13
bg,50,5.754810337855307e-07,13
bg,50,6.818037591273302e-07,13
bg,50,5.599754566183871e-07,13
bg,50,4.981729178208459e-07,13
bg,50,4.304043795190108e-07,13
bg,50,4.744056947717461e-07,13
bg,50,7.507054929403914e-07,13
bg,50,8.403817730888766e-07,13
bg,50,3.312301920648031e-07,13
bg,50,6.609810008286765e-07,13
bg,50,5.703952318933252e-07,13
bg,50,5.518527696017087e-07,13
bg,50,5.296597184976921e-07,13
bg,50,4.027894375794717e-07,13
bg,50,1.653314590591384e-07,13
bg,50,6.758042246921211e-07,13
bg,50,9.796754377901766e-07,13
bg,50,5.791853375766695e-07,13
bg,50,3.499941560268402e-07,13
bg,50,5.530747391750337e-07,13
bg,50,6.174064999841825e-07,13
bg,50,8.657935659025886e-07,13
bg,50,5.750369628170297e-07,13
bg,50,2.4547786635286777e-07,13
bg,50,4.14876557228012e-07,13
bg,50,1.1033230861966982e-06,13
bg,50,3.401931158214973e-07,13
bg,50,4.774263564301502e-07,13
bg,50,4.4739033473114707e-07,13
bg,50,2.9796775279002224e-07,13
bg,50,7.451281599112104e-07,13
bg,50,4.388164051608125e-07,13
bg,50,6.741077652907172e-07,13
bg,50,7.08704697232342e-07,13
bg,50,3.4705734442035253e-07,13
bg,50,9.665423306055784e-07,13
bg,50,5.824492014841892e-07,13
bg,50,6.022118437239773e-07,13
bg,50,2.309301970353006e-07,13
bg,50,2.900137571529777e-07,13
bg,50,7.650302891438949e-07,13
bg,50,4.515467871890879e-07,13
bg,50,1.062598795194765e-06,13
bg,50,4.759005132137342e-07,13
bg,50,3.475882584073607e-07,13
bg,50,5.941570720826593e-07,13
bg,50,7.915474681075299e-07,13
bg,50,3.6832538675877556e-07,13
bg,50,4.088330377952404e-07,13
bg,50,8.853404555810963e-07,13
bg,50,3.4946731221472344e-07,13
bg,50,5.116997548824836e-07,13
bg,50,8.804415282905663e-07,13
bg,50,6.753752724243807e-07,13
bg,50,5.833839238398885e-07,13
bg,50,7.470657929768027e-07,13
bg,50,4.989775276301328e-07,13
bg,50,5.434367109079323e-07,13
bg,50,4.965457351352373e-07,13
bg,50,4.731232818623118e-07,13
bg,50,5.200436087138957e-07,13
bg,50,6.826863195448828e-07,13
bg,50,6.978080112835867e-07,13
bg,50,5.030839960823172e-07,13
bg,50,4.425249905423569e-07,13
bg,50,1.0382332239927076e-06,13
bg,50,3.597320656878358e-07,13
bg,50,5.76434911149233e-07,13
bg,50,4.56110215107481e-07,13
bg,50,3.679997206452096e-07,13
bg,50,5.959139939961051e-07,13
bg,50,8.384120153097309e-07,13
bg,50,3.794447677628252e-07,13
bg,50,2.8768622121126225e-07,13
bg,50,7.996878850336446e-07,13
bg,50,8.212635956589806e-07,13
bg,50,8.163458271824187e-07,13
bg,50,8.426472160697196e-07,13
bg,50,7.812133787066571e-07,13
bg,50,5.598467499769292e-07,13
bg,50,2.4787110717459657e-07,13
bg,50,5.845106294483135e-07,13
bg,50,8.114637244583132e-07,13
bg,50,7.280915979895215e-07,13
bg,50,6.636392014740672e-07,13
bg,50,3.9110939567219554e-07,13
bg,50,7.47661896851345e-07,13
bg,50,6.25972698332684e-07,13
bg,50,5.73557234870781e-07,13
bg,50,1.0136653377666045e-06,13
bg,50,1.0076819143493394e-06,13
bg,50,5.672118560446546e-07,13
bg,50,1.1379284104547342e-06,13
bg,50,5.387995902628012e-07,13
bg,50,7.737827663802604e-07,13
bg,50,4.31966855568595e-07,13
bg,50,7.333849599648463e-07,13
bg,50,4.599565853334265e-07,13
bg,50,3.878240138653021e-07,13
bg,50,5.844295245070901e-07,13
bg,50,4.364982191795993e-07,13
bg,50,6.368020039168144e-07,13
bg,50,8.669807222446965e-07,13
bg,50,6.264035699246984e-07,13
bg,50,4.466652255420595e-07,13
bg,50,3.431309494841791e-07,13
bg,50,5.693587803839885e-07,13
bg,50,4.017479473614869e-07,13
bg,50,5.986265652740088e-07,13
bg,50,8.720760824564632e-07,13
bg,50,2.490462334288863e-07,13
bg,50,4.922269899293024e-07,13
bg,50,6.884745536766007e-07,13
bg,50,4.351918286660153e-07,13
bg,50,5.840534146802612e-07,13
bg,50,6.062371420282395e-07,13
bg,50,2.863416019699521e-07,13
bg,50,6.223403935430177e-07,13
bg,50,5.19128328522036e-07,13
bg,50,5.532668273944313e-07,13
bg,50,5.036003820990231e-07,13
bg,50,9.600205515511038e-07,13
bg,50,4.461546611281292e-07,13
bg,50,5.551536939203256e-07,13
bg,50,3.516888094455436e-07,13
bg,50,5.773371254908498e-07,13
bg,50,2.9745328552878505e-07,13
bg,50,4.4798150531459706e-07,13
bg,50,3.657677839065599e-07,13
bg,50,3.274335716088558e-07,13
bg,50,4.157250495769507e-07,13
bg,50,4.533852407080984e-07,13
bg,50,4.684185276755354e-07,13
bg,50,6.94115000516102e-07,13
bg,50,4.1391902287903347e-07,13
bg,50,1.966031079730928e-07,13
bg,50,5.546112394490167e-07,13
bg,50,6.373065430978009e-07,13
bg,50,4.6506583759056954e-07,13
bg,50,9.267523540035708e-07,13
bg,50,6.429267529742258e-07,13
bg,50,6.773843958900254e-07,13
bg,50,6.569850601220329e-07,13
bg,50,4.886032406888488e-07,13
bg,50,5.320694932062133e-07,13
ag,50,0.0068652390865409,14
ag,50,0.0043522081311811,14
ag,50,0.0036641825794721,14
ag,50,0.0048691580400097,14
ag,50,0.0081189580070241,14
ag,50,0.0126137871324098,14
ag,50,0.0112233180862094,14
ag,50,0.0081025649061328,14
ag,50,0.0086774473178476,14
ag,50,0.0032583021423588,14
ag,50,0.0066305334399026,14
ag,50,0.0007717485630247,14
ag,50,0.0031849465464218,14
ag,50,0.0060649429746579,14
ag,50,0.0046057973729576,14
ag,50,0.0050059685128627,14
ag,50,0.0029601411069201,14
ag,50,0.0130422562356254,14
ag,50,0.0106688780962248,14
ag,50,0.0073441635346034,14
ag,50,0.0182860064451032,14
ag,50,0.0477277871985284,14
ag,50,0.0145865573074841,14
ag,50,0.0232689643779682,14
ag,50,0.00204004482863,14
ag,50,0.0159305906212526,14
ag,50,0.0238001237847358,14
ag,50,0.0182125173290026,14
ag,50,0.0016342425966604,14
ag,50,0.0130072562443755,14
ag,50,0.0015735744286802,14
ag,50,0.0009810978494473,14
ag,50,0.027898966820288,14
ag,50,0.008921505464588,14
ag,50,0.0012503075237851,14
ag,50,0.00143369332452,14
ag,50,0.0540850601349153,14
ag,50,0.000387214398979,14
ag,50,0.0046706823033314,14
ag,50,0.0121906323430087,14
ag,50,0.033946641416882,14
ag,50,0.0033615541084744,14
ag,50,0.0090617123405422,14
ag,50,0.0026078286063591,14
ag,50,0.0,14
ag,50,0.0018392714326079,14
ag,50,0.0004668885590132,14
ag,50,0.0133045496604187,14
ag,50,0.0021049884030038,14
ag,50,0.029095369879348,14
ag,50,0.0064312772007344,14
ag,50,0.0111280094851988,14
ag,50,0.008679500001662,14
ag,50,0.0006042264241063,14
ag,50,0.0318341113407879,14
ag,50,0.0070847361506033,14
ag,50,0.0045432229679314,14
ag,50,0.0209787390755446,14
ag,50,0.0013857236127031,14
ag,50,0.0587755031157791,14
ag,50,0.0004834702653596,14
ag,50,0.0726181309563957,14
ag,50,0.0086466080455699,14
ag,50,0.0028205878869815,14
ag,50,0.016106310181339,14
ag,50,0.000225164879703,14
ag,50,0.0060789003119963,14
ag,50,0.0404209152930351,14
ag,50,0.0098491315173343,14
ag,50,0.0109719036362423,14
ag,50,0.0462183337108706,14
ag,50,0.0035716518327227,14
ag,50,0.0157644730647228,14
ag,50,0.0132065284935242,14
ag,50,0.0020195020015747,14
ag,50,0.0198005673031112,14
ag,50,0.0183411975269688,14
ag,50,0.033654429967496,14
ag,50,0.0078836362404295,14
ag,50,0.0707940772886856,14
ag,50,0.0083816686670584,14
ag,50,0.0057102794943063,14
ag,50,0.0378124388346896,14
ag,50,0.0095914494339411,14
ag,50,0.0090185093875001,14
ag,50,0.0240814586189782,14
ag,50,0.005068549577919,14
ag,50,0.0519657595209316,14
ag,50,0.0110778631238609,14
ag,50,0.0335800658102648,14
ag,50,0.0296906071922461,14
ag,50,0.0045326738972398,14
ag,50,0.0013575393951207,14
ag,50,0.0153537852993497,14
ag,50,0.000281340591789,14
ag,50,0.030193102469976,14
ag,50,0.0485041158987094,14
ag,50,0.0301656933027266,14
ag,50,0.0282657992321078,14
ag,50,0.0133236116362907,14
ag,50,0.0197569992237138,14
ag,50,0.0054936174453801,14
ag,50,0.0037832182788247,14
ag,50,0.0167455212571751,14
ag,50,0.0041078425289693,14
ag,50,0.0151891310566442,14
ag,50,0.0225099884069971,14
ag,50,0.0021033729937548,14
ag,50,0.0003320022921365,14
ag,50,0.0065797263183427,14
ag,50,0.0060610896643878,14
ag,50,0.0024262014372794,14
ag,50,0.0232513452047911,14
ag,50,0.0205667842020652,14
ag,50,0.0045190483540262,14
ag,50,0.0031705119184269,14
ag,50,0.0108705916326157,14
ag,50,0.0134524101088385,14
ag,50,0.0016690956624803,14
ag,50,0.0356935120670194,14
ag,50,0.0028518264869106,14
ag,50,0.002991057870796,14
ag,50,0.0026484271703396,14
ag,50,0.003919581295278,14
ag,50,0.0242092471552376,14
ag,50,0.0364674611141773,14
ag,50,0.0228067372441924,14
ag,50,0.0004499184148432,14
ag,50,0.0055271207766779,14
ag,50,0.0057197340425027,14
ag,50,0.0033964308704741,14
ag,50,0.0120612760442603,14
ag,50,0.0234516380587987,14
ag,50,0.0194643447502868,14
ag,50,0.0203968079039445,14
ag,50,0.0082854402352975,14
ag,50,0.0103673529396057,14
ag,50,0.0177822220722603,14
ag,50,0.0073669661038054,14
ag,50,0.0121435190710229,14
ag,50,0.0019518186407468,14
ag,50,0.0362926957508401,14
ag,50,0.0106418186924857,14
ag,50,0.0014447274306497,14
ag,50,0.0063633960481346,14
ag,50,0.0101706909527501,14
ag,50,0.0376446603547193,14
ag,50,0.0078856947163196,14
ag,50,0.0683841351375013,14
ag,50,0.0010929662618163,14
ag,50,0.0025724435670258,14
ag,50,0.0004729559158641,14
ag,50,0.0101098605278745,14
ag,50,0.0768177750570157,14
ag,50,0.0730157451498827,14
ag,50,0.0073543774095028,14
ag,50,0.009148044484337,14
ag,50,0.1026347799922763,14
ag,50,0.001047952476292,14
ag,50,0.0169700177776986,14
ag,50,0.0643370006952351,14
ag,50,0.0175081565377789,14
ag,50,0.0046657409458299,14
ag,50,0.0192896109501676,14
ag,50,0.0097982480007914,14
ag,50,0.0001850814834859,14
ag,50,0.00338305675105,14
ag,50,0.0029723267095944,14
ag,50,0.0263507652055687,14
ag,50,0.009433641395807,14
ag,50,0.0051985979414303,14
ag,50,0.0094521596667262,14
ag,50,0.0377774824693909,14
ag,50,0.0068792698287329,14
ag,50,0.0027808816011771,14
ag,50,0.0011720006396151,14
ag,50,0.0037147149656956,14
ag,50,0.004833689949203,14
ag,50,0.0109335655910859,14
ag,50,0.0104919042261572,14
ag,50,0.0005410507380361,14
ag,50,0.002709900343953,14
ag,50,0.0160478265175211,14
ag,50,0.0027064805305239,14
ag,50,0.0103095473958313,14
ag,50,0.019147850869667,14
ag,50,0.0113779125789992,14
ag,50,0.006248250415265,14
ag,50,0.0339913886991083,14
ag,50,0.0083769643669568,14
ag,50,0.0305394707531237,14
ag,50,0.0256150172156399,14
ag,50,0.0041375627011482,14
ag,50,0.0009000443765368,14
ag,50,0.017130223108087,14
ag,50,0.0111233051675663,14
ag,50,0.0146756092786825,14
ag,50,0.0865983191774379,14
ag,50,0.0094940633807324,14
ag,50,0.0275082931289491,14
ag,50,0.0201675594920107,14
ag,50,0.0042524797856199,14
ag,50,0.0039785634387261,14
ag,50,0.0128357681694101,14
ag,50,0.0073279797363256,14
ag,50,0.0382460239367195,14
ag,50,0.0036465571968506,14
ag,50,0.00067454694658,14
ag,50,0.0293001592667368,14
ag,50,0.0017141013725475,14
ag,50,0.0019514872898504,14
ag,50,0.0153299139389816,14
ag,50,0.0037329128987844,14
ag,50,0.0257832517979487,14
ag,50,0.0121012477604555,14
ag,50,0.0043458205176865,14
ag,50,0.0098676623819097,14
ag,50,0.0012104434215248,14
ag,50,0.0112739305481607,14
ag,50,0.0037992738148624,14
ag,50,0.0146305261696655,14
ag,50,0.0209130603405801,14
ag,50,0.0002368416395568,14
ag,50,0.047741737255919,14
ag,50,0.0245529417776957,14
ag,50,0.0348530883807953,14
ag,50,0.0116931487886386,14
ag,50,0.0263787146739636,14
ag,50,0.006952400099199,14
ag,50,0.0084400541629222,14
ag,50,0.0118950388789676,14
ag,50,0.0018378423598584,14
ag,50,0.0097913042889965,14
ag,50,0.002864861236321,14
ag,50,0.0093174824672699,14
ag,50,0.0070715090876403,14
ag,50,0.0013010598285789,14
ag,50,0.0136251889337098,14
ag,50,0.0002443357120459,14
ag,50,0.0061971303736479,14
ag,50,0.0059868387101409,14
ag,50,0.0159064366561475,14
ag,50,0.0258278444552855,14
ag,50,0.0776135498038947,14
ag,50,0.0292529371519875,14
ag,50,0.0300935767233916,14
ag,50,0.0075727696231901,14
ag,50,0.0050098895502704,14
ag,50,0.0072241281113429,14
ag,50,0.0308035079072897,14
ag,50,0.0229099384036909,14
ag,50,0.0625547370483542,14
ag,50,0.0025351518602157,14
ag,50,0.0029516884849554,14
ag,50,0.0038339818795274,14
ag,50,0.0146232083592835,14
ag,50,0.0624228675270267,14
ag,50,0.0529655393573414,14
ag,50,0.0027492864864599,14
ag,50,0.0057804415804471,14
ag,50,0.0168121013426852,14
ag,50,0.0053743088072618,14
ag,50,0.0233839492072273,14
ag,50,0.0048028114828613,14
ag,50,0.0214967037614507,14
ag,50,0.007431823327705,14
ag,50,0.0270118959774006,14
ag,50,0.0014014946455292,14
ag,50,0.0028881404824537,14
ag,50,0.0007801962022412,14
ag,50,0.0092059386677136,14
ag,50,0.0018071780397381,14
ag,50,0.0174018490233442,14
ag,50,0.0145156874330968,14
ag,50,0.0043623796556778,14
ag,50,0.0025520693726274,14
ag,50,0.0229192149633643,14
ag,50,0.0076460133969201,14
ag,50,0.0011646200981342,14
ag,50,0.0051107335985381,14
ag,50,0.0014565346255798,14
ag,50,0.0180838141653912,14
ag,50,0.038487060610835,14
ag,50,0.0006509149383119,14
ag,50,0.0039402933885255,14
ag,50,0.0289866229151528,14
ag,50,0.0048906022681942,14
ag,50,0.0125684376586298,14
ag,50,0.0181051590087764,14
ag,50,0.0089956895165409,14
ag,50,0.0228713563015479,14
ag,50,0.0170726996981016,14
ag,50,0.0041779950385622,14
ag,50,0.0071793863369109,14
ag,50,0.0212848770753901,14
ag,50,0.0056008298154203,14
ag,50,0.0004291807439805,14
ag,50,0.0161920756930551,14
ag,50,0.0190019316146675,14
ag,50,0.0045417106425538,14
ag,50,0.0010918705234616,14
ag,50,0.0011728400174815,14
ag,50,0.004069152248695,14
ag,50,0.0013299371912176,14
ag,50,0.0132302720917046,14
ag,50,0.0004055712611444,14
ag,50,0.0176387326583368,14
ag,50,0.0265432339430946,14
ag,50,0.0031721275119429,14
ag,50,0.0056690125234409,14
ag,50,0.0068942781427137,14
ag,50,0.0168352795774427,14
ag,50,0.0281597357829297,14
ag,50,0.0014772737568294,14
ag,50,0.0243655654186774,14
ag,50,0.0476859002037164,14
ag,50,0.0188243705914142,14
ag,50,0.0069263150602173,14
ag,50,0.0021292714501383,14
ag,50,0.0060732562461541,14
ag,50,0.0085216097660523,14
ag,50,0.0086230646858059,14
ag,50,0.0110135065994798,14
ag,50,0.0142670829474796,14
ag,50,0.0009090368737517,14
ag,50,0.0063413960384044,14
ag,50,0.0155148320768315,14
ag,50,0.0397711791717044,14
ag,50,0.0078155133237152,14
ag,50,0.0219936300390752,14
ag,50,0.0195524295398076,14
ag,50,0.0059539962577716,14
ag,50,0.0360884040516267,14
ag,50,0.0167946912571094,14
ag,50,0.0007931404624406,14
ag,50,0.0170067992205011,14
ag,50,0.000566173637406,14
ag,50,0.00234041573013,14
ag,50,0.0076929322790429,14
ag,50,0.0061341267659087,14
ag,50,0.0005884068255524,14
ag,50,0.0096129544161268,14
ag,50,0.0200547226217561,14
ag,50,0.0066484469557572,14
ag,50,0.0015961120514361,14
ag,50,0.007380647894876,14
ag,50,0.0320889597381076,14
ag,50,0.0191298697484145,14
ag,50,0.0048439092823123,14
ag,50,0.0067250490509599,14
ag,50,0.002935513067357,14
ag,50,0.0142890516683935,14
ag,50,0.0224661392279,14
ag,50,0.0129760352689648,14
ag,50,0.0005888238904515,14
ag,50,0.0219683600908254,14
ag,50,0.0013489597807658,14
ag,50,0.0475560592447101,14
ag,50,0.0343866537176464,14
ag,50,0.0061764686312499,14
ag,50,0.0370198078875624,14
ag,50,0.0061360334012245,14
ag,50,0.0192325187205449,14
ag,50,0.0274537762127003,14
ag,50,0.0017190607514677,14
ag,50,0.000938492913427,14
ag,50,0.0014426296101652,14
ag,50,0.0009468764612347,14
ag,50,0.006733514201231,14
ag,50,0.0007319875033805,14
ag,50,0.0015859189763378,14
ag,50,0.0255251048256514,14
ag,50,0.0047720374413931,14
ag,50,0.0049684704965355,14
ag,50,0.0036198729964075,14
ag,50,0.0043038640399466,14
ag,50,0.0059764819899806,14
ag,50,0.0108740998466406,14
ag,50,0.0008147636792729,14
ag,50,0.0012213636607751,14
ag,50,0.0233586129855375,14
ag,50,0.0019311332309674,14
ag,50,0.0144689010006058,14
ag,50,0.0149517884932036,14
ag,50,0.0047471277838267,14
ag,50,0.0850769433843596,14
ag,50,0.0230976094640724,14
ag,50,0.0056120013225524,14
ag,50,0.0005203709547434,14
ag,50,0.012162385904317,14
ag,50,0.0032128261343064,14
ag,50,0.0069084113359844,14
ag,50,0.0118931977281251,14
ag,50,0.0165316231974111,14
ag,50,0.0055101378724369,14
ag,50,0.0011252804085369,14
ag,50,0.026468373157833,14
ag,50,0.0238989338405379,14
ag,50,0.0428884622547128,14
ag,50,0.0166918211499674,14
ag,50,0.0022151934804456,14
ag,50,0.0001754500700536,14
ag,50,0.1073225555653081,14
ag,50,0.0020749498580273,14
ag,50,0.0106086736589873,14
ag,50,0.003856919080329,14
ag,50,0.0047835146875178,14
ag,50,0.0047425934995198,14
ag,50,0.0219526200022022,14
ag,50,0.0386966673152699,14
ag,50,0.0062944141227601,14
ag,50,0.002495331898771,14
ag,50,0.0103030574783565,14
ag,50,0.0034950577526937,14
ag,50,0.0458139447354961,14
ag,50,0.0023979539880211,14
ag,50,0.0095619335429749,14
ag,50,0.0070275637129018,14
ag,50,0.0867859726653175,14
ag,50,0.0556975936466016,14
ag,50,0.0010540850020536,14
ag,50,0.0762745917993056,14
ag,50,0.0047283716844797,14
ag,50,0.0249222514769218,14
ag,50,0.0015051664167375,14
ag,50,0.0002848917547597,14
ag,50,0.0212613037244028,14
ag,50,0.0145571609060846,14
ag,50,0.0047611943035588,14
ag,50,0.0094335435782265,14
ag,50,0.0017557231413648,14
ag,50,0.0009637304152974,14
ag,50,0.0058923429659074,14
ag,50,0.0316744872443478,14
ag,50,0.0012326478258405,14
ag,50,0.0639148968021635,14
ag,50,0.0149611153883105,14
ag,50,0.0070613812971629,14
ag,50,0.0022188910453362,14
ag,50,0.0106553904632331,14
ag,50,0.0017063646236387,14
ag,50,0.0032365862276413,14
ag,50,0.0398893181545088,14
ag,50,0.0027317626448604,14
ag,50,0.0319897459320661,14
ag,50,0.0292881841880494,14
ag,50,0.0243505805675541,14
ag,50,0.0050916230123954,14
ag,50,0.0305462860854543,14
ag,50,0.0134457577620046,14
ag,50,0.0076365643239892,14
ag,50,0.0265808053548214,14
ag,50,0.0089584128979377,14
ag,50,0.0140921555908015,14
ag,50,0.0023920992916365,14
ag,50,0.0033146804203412,14
ag,50,0.0063729892957378,14
ag,50,0.0225992425373151,14
ag,50,0.0514561520048116,14
ag,50,0.0246245923159725,14
ag,50,0.0211570802372485,14
ag,50,0.0237786596149131,14
ag,50,0.023046767168512,14
ag,50,0.0457980794775957,14
ag,50,0.0076706269754006,14
ag,50,0.0034077541004965,14
ag,50,0.0021971947984964,14
ag,50,0.0104180315999177,14
ag,50,0.0922348022078709,14
ag,50,0.0040359157003476,14
ag,50,0.0909528799069736,14
ag,50,0.0197134579024885,14
ag,50,0.0105793136359362,14
ag,50,0.0107708629687928,14
ag,50,0.0030845519137162,14
ag,50,0.0022150932249241,14
ag,50,0.0002363332198258,14
ag,50,0.0280122843026889,14
ag,50,0.0079331143049818,14
ag,50,0.0075650199448291,14
ag,50,0.0112169553307479,14
ag,50,0.0077090753531659,14
ag,50,0.0018379272026775,14
ag,50,0.0030626022373411,14
ag,50,0.010807696929476,14
ag,50,0.058552840923004,14
ag,50,0.0284311949865696,14
ag,50,0.0012358907220515,14
ag,50,0.0264713787657114,14
ag,50,0.0134023779321691,14
ag,50,0.009150117007451,14
ag,50,0.0379923449266333,14
ag,50,0.0113847959158284,14
ag,50,0.0021585955079173,14
ag,50,0.0150156847831452,14
ag,50,0.0229130939286598,14
ag,50,0.012082857032104,14
ag,50,0.021579709802651,14
ag,50,0.1097219728853009,14
ag,50,0.0571944172566217,14
nag,50,6.746893559243328e-05,14
nag,50,2.0159925220290032e-05,14
nag,50,0.0,14
nag,50,1.2831976265083583e-05,14
nag,50,1.2258350771637827e-05,14
nag,50,0.000244654843262,14
nag,50,0.0,14
nag,50,8.492577712493057e-05,14
nag,50,5.407188825051101e-05,14
nag,50,9.485712231653544e-06,14
nag,50,0.0,14
nag,50,0.0001129185238727,14
nag,50,1.3043465053234024e-05,14
nag,50,0.0001216550541884,14
nag,50,6.246411035262608e-05,14
nag,50,0.0001088483942677,14
nag,50,3.075923300709039e-05,14
nag,50,6.500508288759047e-05,14
nag,50,1.4257070742502718e-05,14
nag,50,3.053291075644893e-05,14
nag,50,6.603056027279675e-05,14
nag,50,0.0001521983455056,14
nag,50,5.958078409748818e-06,14
nag,50,7.53107767825589e-06,14
nag,50,0.0,14
nag,50,1.1398538750048876e-05,14
nag,50,0.0001008095741591,14
nag,50,0.0001042328715388,14
nag,50,0.0,14
nag,50,0.0002254599177136,14
nag,50,1.6589336484489092e-05,14
nag,50,8.031645095873073e-06,14
nag,50,4.474312742777741e-05,14
nag,50,0.000120878478535,14
nag,50,1.2619082064229836e-05,14
nag,50,0.0003499966121162,14
nag,50,7.507678928477885e-05,14
nag,50,0.0001015902081723,14
nag,50,7.43518050550651e-06,14
nag,50,0.0,14
nag,50,8.10785414540911e-05,14
nag,50,2.9414363770795404e-05,14
nag,50,2.1215374079996582e-05,14
nag,50,8.538669542045052e-06,14
nag,50,8.12059017913779e-05,14
nag,50,1.964334655194895e-05,14
nag,50,0.0002323034871544,14
nag,50,6.61432366504559e-05,14
nag,50,0.0003577105312119,14
nag,50,1.894245256002571e-05,14
nag,50,6.135326941413736e-05,14
nag,50,0.0003632267910375,14
nag,50,0.0001489192396042,14
nag,50,7.169903170109357e-05,14
nag,50,0.0002432472495848,14
nag,50,1.8964591944860828e-05,14
nag,50,0.0002144885047579,14
nag,50,0.0002079753154456,14
nag,50,6.0792004425701935e-05,14
nag,50,8.989702493090094e-05,14
nag,50,0.0001227913699747,14
nag,50,8.907565291466877e-06,14
nag,50,8.849661107133138e-05,14
nag,50,3.1725792618653896e-05,14
nag,50,3.985934713861699e-05,14
nag,50,0.000334731338289,14
nag,50,5.175558403342163e-05,14
nag,50,0.0001116409213648,14
nag,50,9.898092465546022e-05,14
nag,50,7.3425284913350495e-06,14
nag,50,0.0001344879900931,14
nag,50,0.0,14
nag,50,8.130526283509045e-05,14
nag,50,0.0,14
nag,50,6.548039131113028e-05,14
nag,50,0.0001126577067131,14
nag,50,8.470488876963052e-05,14
nag,50,3.886492375826027e-05,14
nag,50,0.0,14
nag,50,0.0001726171926161,14
nag,50,0.0005650991001227,14
nag,50,1.0506739641258348e-05,14
nag,50,0.0001311694080111,14
nag,50,0.0,14
nag,50,0.0,14
nag,50,1.2065226261984128e-05,14
nag,50,6.279734034071861e-05,14
nag,50,5.387244106152748e-05,14
nag,50,7.238359562575879e-05,14
nag,50,4.767681460237203e-05,14
nag,50,1.2645516552845111e-05,14
nag,50,0.0001944601270594,14
nag,50,5.521319835635143e-05,14
nag,50,0.0002668437479027,14
nag,50,0.0006072417869567,14
nag,50,0.0001842227065949,14
nag,50,0.0001230718154971,14
nag,50,0.0,14
nag,50,1.07607198168226e-05,14
nag,50,1.4192670871397008e-05,14
nag,50,0.0001537545905193,14
nag,50,2.717885580069057e-06,14
nag,50,3.204305357589761e-05,14
nag,50,0.0001090919187087,14
nag,50,0.0001465505735801,14
nag,50,4.1386394003412016e-05,14
nag,50,0.000800933019266,14
nag,50,9.330073069178751e-06,14
nag,50,2.561223358751766e-05,14
nag,50,1.2331406912132705e-05,14
nag,50,0.000125355789896,14
nag,50,0.0,14
nag,50,0.0007398288590116,14
nag,50,1.3296219886410664e-05,14
nag,50,6.881959409836246e-05,14
nag,50,0.0001679882502142,14
nag,50,4.384154194191676e-05,14
nag,50,1.4262402367655025e-05,14
nag,50,1.1994673564888365e-05,14
nag,50,1.18418931925332e-05,14
nag,50,0.0002647773368267,14
nag,50,3.684165900834744e-05,14
nag,50,0.0003107988436721,14
nag,50,8.184493930074234e-05,14
nag,50,5.7317843898264346e-05,14
nag,50,0.000217413531758,14
nag,50,3.239453187706353e-05,14
nag,50,8.149726587334186e-06,14
nag,50,4.388457155618861e-05,14
nag,50,8.40731144866304e-05,14
nag,50,3.724988720929798e-05,14
nag,50,0.0001968362591963,14
nag,50,5.721215075777483e-05,14
nag,50,2.325913595070327e-05,14
nag,50,1.5122775649285103e-05,14
nag,50,0.0001747263967942,14
nag,50,0.0003029151150612,14
nag,50,0.0003342939554299,14
nag,50,0.0001796167810072,14
nag,50,9.45741271316292e-06,14
nag,50,8.077487669339062e-05,14
nag,50,0.0002363778578183,14
nag,50,3.5749920825074434e-05,14
nag,50,6.376092141574725e-06,14
nag,50,0.0,14
nag,50,0.0,14
nag,50,8.238454895692448e-05,14
nag,50,8.057281961691767e-06,14
nag,50,3.1108533187621944e-05,14
nag,50,0.000121142488354,14
nag,50,1.3930438485446576e-05,14
nag,50,1.8142780385863644e-05,14
nag,50,0.0001003631866215,14
nag,50,5.740406747506176e-05,14
nag,50,0.0021948149953878,14
nag,50,4.656007214827399e-05,14
nag,50,3.322585002024452e-05,14
nag,50,0.0001608758603979,14
nag,50,0.0002908205055226,14
nag,50,0.0001474524389236,14
nag,50,1.1060967709109537e-05,14
nag,50,0.0004303510330782,14
nag,50,8.727136181491807e-05,14
nag,50,2.1834054165274152e-05,14
nag,50,7.731781668788441e-05,14
nag,50,6.494073631757675e-05,14
nag,50,1.6559605212798637e-05,14
nag,50,0.0,14
nag,50,0.0,14
nag,50,0.0002545619370043,14
nag,50,0.0002835050205581,14
nag,50,2.287410777137296e-05,14
nag,50,7.082736246369329e-05,14
nag,50,0.000121748900698,14
nag,50,1.0768269283130944e-05,14
nag,50,1.3574628964076264e-05,14
nag,50,2.291415551073524e-05,14
nag,50,4.5612195732737374e-05,14
nag,50,0.0004572640728326,14
nag,50,0.0002457276157646,14
nag,50,0.0004780697122518,14
nag,50,0.0,14
nag,50,6.341450312041417e-05,14
nag,50,1.780549641739364e-05,14
nag,50,0.0003215538049548,14
nag,50,1.0873991875982612e-05,14
nag,50,8.369225595766183e-06,14
nag,50,0.0,14
nag,50,4.991316692358291e-06,14
nag,50,1.626730924509424e-05,14
nag,50,0.0,14
nag,50,2.8692511696008352e-05,14
nag,50,0.0002735765403277,14
nag,50,0.0,14
nag,50,7.325004868799171e-05,14
nag,50,2.1753565792507375e-05,14
nag,50,6.812195815925801e-05,14
nag,50,0.000119838794845,14
nag,50,1.085729283761268e-05,14
nag,50,0.0002693372402599,14
nag,50,0.0002316709436693,14
nag,50,7.918985135354649e-05,14
nag,50,0.0004215412914368,14
nag,50,2.0254409980845564e-05,14
nag,50,2.193400857937236e-05,14
nag,50,8.08620537203687e-05,14
nag,50,0.0,14
nag,50,6.96800351811218e-05,14
nag,50,2.334765263684339e-05,14
nag,50,9.447308683340276e-05,14
nag,50,8.027146119034076e-05,14
nag,50,2.2360021369625625e-05,14
nag,50,0.0001473360558065,14
nag,50,0.0,14
nag,50,2.2525569663121303e-05,14
nag,50,0.0002332278369016,14
nag,50,0.0001260740710229,14
nag,50,1.4913297931175904e-05,14
nag,50,0.0,14
nag,50,4.366647387651798e-05,14
nag,50,0.0002255735657983,14
nag,50,0.001245941720169,14
nag,50,1.6404697969528454e-05,14
nag,50,0.0,14
nag,50,9.897802006493428e-06,14
nag,50,4.185650326532567e-05,14
nag,50,0.0001050153126449,14
nag,50,7.120833168368929e-05,14
nag,50,0.0001479805806563,14
nag,50,8.304912656606175e-05,14
nag,50,1.58041338445951e-05,14
nag,50,4.7430842931361354e-05,14
nag,50,0.0011948483100506,14
nag,50,1.4869968222670638e-05,14
nag,50,0.0001860743820603,14
nag,50,7.528410289685254e-05,14
nag,50,2.5957353964229688e-05,14
nag,50,1.0853896256492664e-05,14
nag,50,7.062840802460982e-05,14
nag,50,0.0002020988248656,14
nag,50,6.166109821515039e-05,14
nag,50,1.9473220439156374e-05,14
nag,50,1.8068971499061347e-05,14
nag,50,6.0678101961399296e-05,14
nag,50,2.540444255780876e-05,14
nag,50,2.812267808202651e-05,14
nag,50,3.0194346593450967e-05,14
nag,50,1.715568153871985e-05,14
nag,50,1.159630740910112e-05,14
nag,50,0.0001686044214365,14
nag,50,4.265095295327327e-05,14
nag,50,2.701902691944526e-05,14
nag,50,0.0005552766359289,14
nag,50,0.0001094749863134,14
nag,50,0.0,14
nag,50,2.045586514811589e-05,14
nag,50,6.765522967155735e-05,14
nag,50,0.0,14
nag,50,0.000194011348452,14
nag,50,5.725632065976632e-05,14
nag,50,0.0005287213653134,14
nag,50,0.0,14
nag,50,0.0001435182201375,14
nag,50,8.648566675572071e-05,14
nag,50,0.0004893381276916,14
nag,50,1.3613197567566524e-05,14
nag,50,2.814719917136813e-05,14
nag,50,3.407392877633917e-05,14
nag,50,9.584319559382032e-06,14
nag,50,1.4892821989607632e-05,14
nag,50,1.808666652173105e-05,14
nag,50,8.563088678207214e-05,14
nag,50,4.8808262300729826e-05,14
nag,50,1.0850485267179714e-05,14
nag,50,9.68554565558018e-05,14
nag,50,0.0,14
nag,50,0.0002567388853664,14
nag,50,0.0004548788459323,14
nag,50,0.0001133832501713,14
nag,50,0.0001306105707606,14
nag,50,0.0002244826077338,14
nag,50,0.000235131967542,14
nag,50,1.616153971738694e-05,14
nag,50,0.000279408928756,14
nag,50,9.974687482690924e-06,14
nag,50,0.0001022589463972,14
nag,50,3.308882670884953e-05,14
nag,50,1.4615220610544943e-05,14
nag,50,1.438611826751476e-05,14
nag,50,2.4161931761136195e-05,14
nag,50,0.0001797897921295,14
nag,50,0.0,14
nag,50,1.7129952312866516e-05,14
nag,50,0.0,14
nag,50,0.0,14
nag,50,2.2965388691216628e-05,14
nag,50,0.0001346511228005,14
nag,50,3.6143894815771226e-05,14
nag,50,0.0004001864621648,14
nag,50,0.0005323870303761,14
nag,50,5.050076276863475e-06,14
nag,50,0.0002319241086703,14
nag,50,0.0001957836611303,14
nag,50,2.855363609243469e-05,14
nag,50,5.9794955476404224e-05,14
nag,50,0.0001441573240165,14
nag,50,7.248284167914737e-05,14
nag,50,0.0001413727774293,14
nag,50,0.0,14
nag,50,3.385757652849447e-05,14
nag,50,1.5374362098223268e-05,14
nag,50,5.217824187949396e-05,14
nag,50,2.7599590128812415e-05,14
nag,50,2.691720283173821e-05,14
nag,50,0.0001158726937508,14
nag,50,0.0001793391913969,14
nag,50,2.339408294210398e-05,14
nag,50,1.262504748444742e-05,14
nag,50,0.0,14
nag,50,2.2154549971579004e-06,14
nag,50,5.8876719002178925e-05,14
nag,50,0.000410721665925,14
nag,50,0.0,14
nag,50,6.836990649540052e-05,14
nag,50,1.5795134625318076e-05,14
nag,50,0.0008577608895571,14
nag,50,2.5322170267898165e-05,14
nag,50,0.0001609028573753,14
nag,50,0.0,14
nag,50,4.073784269415013e-05,14
nag,50,0.0,14
nag,50,9.621935704713724e-05,14
nag,50,0.0001369307182205,14
nag,50,0.000589802311718,14
nag,50,0.0,14
nag,50,1.1422094958982912e-05,14
nag,50,2.709573554314378e-05,14
nag,50,4.6837294752583966e-05,14
nag,50,5.941198195892606e-05,14
nag,50,1.3843358546407997e-05,14
nag,50,5.823808503544501e-05,14
nag,50,5.4475557299202584e-05,14
nag,50,5.8404528490219386e-05,14
nag,50,0.0001304592638758,14
nag,50,0.0001001491652901,14
nag,50,8.18757555888329e-05,14
nag,50,0.0001805368445446,14
nag,50,3.744877901160147e-05,14
nag,50,2.048104001926915e-05,14
nag,50,4.3573065934396626e-05,14
nag,50,6.822783995115382e-06,14
nag,50,1.6380033715614806e-05,14
nag,50,0.0009547613760701,14
nag,50,0.0003872476362815,14
nag,50,0.0001044535509039,14
nag,50,1.9066573752092335e-05,14
nag,50,0.0003340360040506,14
nag,50,0.0001009244594718,14
nag,50,0.000157102759338,14
nag,50,0.0014997881756871,14
nag,50,3.18758375624543e-05,14
nag,50,0.0004305508321486,14
nag,50,1.0555790865220456e-05,14
nag,50,0.000290859809268,14
nag,50,9.07055011225194e-05,14
nag,50,1.1396239354707386e-05,14
nag,50,0.0002997855963021,14
nag,50,3.982817908370663e-05,14
nag,50,1.119459135644274e-05,14
nag,50,0.0001558336744389,14
nag,50,1.136540964774008e-05,14
nag,50,3.093292933805594e-05,14
nag,50,8.127685521462287e-05,14
nag,50,0.0002375524665478,14
nag,50,0.0003054256418031,14
nag,50,2.972100437121739e-05,14
nag,50,9.366391985456798e-05,14
nag,50,9.737166900114187e-06,14
nag,50,0.0002041244789111,14
nag,50,2.597000612916423e-05,14
nag,50,0.0,14
nag,50,0.0002457517482972,14
nag,50,0.0002876658934217,14
nag,50,0.0003309601910745,14
nag,50,2.8482713885926115e-05,14
nag,50,1.632388086802686e-05,14
nag,50,3.8794458917849294e-05,14
nag,50,2.3263230068605345e-05,14
nag,50,6.846569378036137e-05,14
nag,50,5.067611764597026e-05,14
nag,50,6.220661083615684e-05,14
nag,50,0.0,14
nag,50,0.0001236477278624,14
nag,50,5.1018094239523674e-05,14
nag,50,0.0001973760357477,14
nag,50,9.604915255325996e-05,14
nag,50,0.0006244605787247,14
nag,50,6.404798405485828e-05,14
nag,50,6.690868593615979e-05,14
nag,50,0.0,14
nag,50,5.748785632527702e-05,14
nag,50,0.0,14
nag,50,5.624753787002757e-05,14
nag,50,1.8473414189809167e-05,14
nag,50,0.0,14
nag,50,0.0001058885029554,14
nag,50,1.636325529988741e-05,14
nag,50,0.0001921818977555,14
nag,50,0.0,14
nag,50,0.0002860308279209,14
nag,50,5.0857089616162775e-05,14
nag,50,0.0001392540964935,14
nag,50,0.0001289682618713,14
nag,50,0.0001370580789365,14
nag,50,2.505204774040155e-05,14
nag,50,8.027233631897988e-06,14
nag,50,3.14140122404641e-05,14
nag,50,0.0,14
nag,50,1.0623680750027453e-05,14
nag,50,0.0007095505473924,14
nag,50,0.0,14
nag,50,7.563603432840111e-06,14
nag,50,0.0,14
nag,50,3.238030931534142e-05,14
nag,50,4.201676886908716e-05,14
nag,50,6.324859617658174e-05,14
nag,50,0.0,14
nag,50,0.0,14
nag,50,0.0001702722745207,14
nag,50,0.0001342416766533,14
nag,50,8.376253767507775e-06,14
nag,50,0.000119168412586,14
nag,50,4.355862845377092e-06,14
nag,50,0.0004811895972598,14
nag,50,6.926963592922169e-06,14
nag,50,1.513125831017233e-05,14
nag,50,2.076251351854676e-05,14
nag,50,0.0002629530251222,14
nag,50,0.0,14
nag,50,3.9352633317198575e-05,14
nag,50,4.874608219281388e-05,14
nag,50,1.4798329300563385e-05,14
nag,50,9.148601564218468e-05,14
nag,50,9.291186542078236e-05,14
nag,50,1.931485437707451e-05,14
nag,50,6.254971477341408e-05,14
nag,50,0.0001048876724476,14
nag,50,1.1455946594474943e-05,14
nag,50,0.0,14
nag,50,5.400502619591083e-05,14
nag,50,9.552537363754456e-05,14
nag,50,0.0008126173782213,14
nag,50,0.0001323693318409,14
nag,50,0.0001315295966052,14
nag,50,0.0,14
nag,50,0.0006128397081318,14
nag,50,0.0003764516008589,14
nag,50,6.214613598137096e-05,14
nag,50,7.714156782716398e-05,14
nag,50,0.0,14
nag,50,0.0002801455259837,14
nag,50,0.0,14
nag,50,6.107316900613481e-05,14
nag,50,0.0003969901539951,14
nag,50,0.0,14
nag,50,7.34313748907912e-05,14
nag,50,4.7825799797205674e-05,14
nag,50,0.0001292678649885,14
nag,50,0.0001329003339884,14
nag,50,0.0002355533626034,14
nag,50,3.25684942680061e-05,14
nag,50,0.0001248202696677,14
nag,50,0.0001101374929552,14
nag,50,0.0001751022535146,14
nag,50,2.3662946407170468e-05,14
nag,50,9.950686187272184e-05,14
nag,50,1.0159453923825155e-05,14
nag,50,0.0001144558225595,14
nag,50,6.820382413788674e-06,14
nag,50,0.0004880017129312,14
nag,50,5.4673283563531505e-05,14
nag,50,0.0,14
nag,50,0.000296777744947,14
nag,50,0.0007389002226591,14
nag,50,0.0001566852056204,14
nag,50,3.396127222822143e-05,14
nag,50,3.502664033302434e-05,14
nag,50,0.0005965579244113,14
nag,50,0.0,14
nag,50,0.0004000851744572,14
nag,50,0.0007606532981148,14
nag,50,2.6474150554243977e-06,14
nag,50,1.6335184052177818e-05,14
nag,50,1.6617745931484966e-05,14
nag,50,1.3386165457154224e-05,14
nag,50,0.0,14
nag,50,0.0001567745165268,14
nag,50,1.052643432407314e-05,14
nag,50,8.459157852560462e-06,14
nag,50,0.0004634460574124,14
bg,50,9.59675156430235e-07,14
bg,50,4.892787730472988e-07,14
bg,50,5.347706368791076e-07,14
bg,50,4.142018660346242e-07,14
bg,50,4.814982813429004e-07,14
bg,50,3.420792574964284e-07,14
bg,50,2.1672884668405585e-07,14
bg,50,5.346742609992972e-07,14
bg,50,5.712437421273733e-07,14
bg,50,7.242437121035714e-07,14
bg,50,9.17042048917794e-07,14
bg,50,9.450993371476154e-07,14
bg,50,7.240745903646316e-07,14
bg,50,4.689073602623892e-07,14
bg,50,4.094543165556269e-07,14
bg,50,5.22109082799245e-07,14
bg,50,7.646266260436827e-07,14
bg,50,5.084184923018054e-07,14
bg,50,6.647246538631639e-07,14
bg,50,8.600291496850438e-07,14
bg,50,8.095361917456322e-07,14
bg,50,9.453059087888176e-07,14
bg,50,5.155566751106363e-07,14
bg,50,9.67672519813092e-07,14
bg,50,4.789376492803808e-07,14
bg,50,6.441470679377206e-07,14
bg,50,3.199502844219203e-07,14
bg,50,8.908685870700932e-07,14
bg,50,5.370097702714232e-07,14
bg,50,5.340082532851969e-07,14
bg,50,4.5118484256170194e-07,14
bg,50,9.644639764145231e-07,14
bg,50,4.098606865190999e-07,14
bg,50,3.450736810848321e-07,14
bg,50,3.614083817874882e-07,14
bg,50,4.893523465415134e-07,14
bg,50,9.565417930175835e-07,14
bg,50,3.387624228250155e-07,14
bg,50,8.043609500770014e-07,14
bg,50,6.420783280198778e-07,14
bg,50,4.425211617825631e-07,14
bg,50,4.329250997402381e-07,14
bg,50,4.793011806297251e-07,14
bg,50,3.772605310435137e-07,14
bg,50,1.077348651488802e-06,14
bg,50,5.498589482493694e-07,14
bg,50,5.128592792830124e-07,14
bg,50,5.564780599035589e-07,14
bg,50,5.210672421173325e-07,14
bg,50,6.253093105587998e-07,14
bg,50,6.832166067537132e-07,14
bg,50,4.535618671169963e-07,14
bg,50,2.6109369801373997e-07,14
bg,50,4.52316947348495e-07,14
bg,50,6.50856666440908e-07,14
bg,50,3.768063113779883e-07,14
bg,50,3.885366025250392e-07,14
bg,50,5.601075896882299e-07,14
bg,50,8.833042689943104e-07,14
bg,50,5.504491943268745e-07,14
bg,50,8.649740893596035e-07,14
bg,50,3.491946558348682e-07,14
bg,50,4.806784174871917e-07,14
bg,50,4.927174708521351e-07,14
bg,50,6.708610892195669e-07,14
bg,50,5.734567803923781e-07,14
bg,50,8.883279206944859e-07,14
bg,50,5.172728774669266e-07,14
bg,50,2.2722045231207705e-07,14
bg,50,4.884806493851285e-07,14
bg,50,6.52063861072716e-07,14
bg,50,5.60283565303031e-07,14
bg,50,5.77809871811303e-07,14
bg,50,3.199035541594439e-07,14
bg,50,5.190756202669225e-07,14
bg,50,5.90056178325582e-07,14
bg,50,6.965399276449053e-07,14
bg,50,6.990133779621111e-07,14
bg,50,8.920249127211812e-07,14
bg,50,3.735236997711176e-07,14
bg,50,8.852371827057321e-07,14
bg,50,8.267095790336566e-07,14
bg,50,4.018000714607485e-07,14
bg,50,7.600152796257638e-07,14
bg,50,2.993867059992302e-07,14
bg,50,8.435296535510092e-07,14
bg,50,1.1527575108661018e-06,14
bg,50,9.44404631099434e-07,14
bg,50,4.999083927771047e-07,14
bg,50,1.9728592958691897e-07,14
bg,50,3.995327155464267e-07,14
bg,50,4.047740091304847e-07,14
bg,50,5.183518689099907e-07,14
bg,50,4.867745397790285e-07,14
bg,50,6.696539768132699e-07,14
bg,50,8.786746685810797e-07,14
bg,50,5.688256562709847e-07,14
bg,50,5.232339241914959e-07,14
bg,50,3.1345864842571073e-07,14
bg,50,3.671494408267576e-07,14
bg,50,5.351398263987427e-07,14
bg,50,4.886770789388514e-07,14
bg,50,3.9206699622867433e-07,14
bg,50,4.3104127178046434e-07,14
bg,50,3.5636378014691844e-07,14
bg,50,7.056196076305735e-07,14
bg,50,4.0647035398844004e-07,14
bg,50,3.267148748543933e-07,14
bg,50,6.164409874330204e-07,14
bg,50,5.484900339321546e-07,14
bg,50,5.405323480963701e-07,14
bg,50,6.275446321485729e-07,14
bg,50,3.667884498275853e-07,14
bg,50,6.487501643300265e-07,14
bg,50,6.157131137447112e-07,14
bg,50,3.8351370036872705e-07,14
bg,50,7.197240445370476e-07,14
bg,50,9.687899103045754e-07,14
bg,50,6.287669870221329e-07,14
bg,50,5.602471191480943e-07,14
bg,50,1.0626119317107868e-06,14
bg,50,3.194585907343158e-07,14
bg,50,5.883201826013292e-07,14
bg,50,1.926872722142467e-07,14
bg,50,4.3371633504101814e-07,14
bg,50,8.036656786259156e-07,14
bg,50,5.745846290081335e-07,14
bg,50,3.9432134337697297e-07,14
bg,50,4.244264583301565e-07,14
bg,50,5.960607997541759e-07,14
bg,50,8.031404202620965e-07,14
bg,50,3.889202623562908e-07,14
bg,50,8.384585029409547e-07,14
bg,50,7.845115093022797e-07,14
bg,50,2.555127250734643e-07,14
bg,50,4.093979126221754e-07,14
bg,50,4.380371486576384e-07,14
bg,50,5.219623615769636e-07,14
bg,50,4.6049519613311236e-07,14
bg,50,5.416170154050633e-07,14
bg,50,5.145699655705858e-07,14
bg,50,5.419515770551574e-07,14
bg,50,5.765814882207645e-07,14
bg,50,3.472012995149347e-07,14
bg,50,4.5101102026996667e-07,14
bg,50,3.7379566115524225e-07,14
bg,50,2.399961750926742e-07,14
bg,50,5.419329798574808e-07,14
bg,50,7.424406891065918e-07,14
bg,50,5.05147023770899e-07,14
bg,50,5.536710100641854e-07,14
bg,50,7.463302523310606e-07,14
bg,50,9.727594690866674e-07,14
bg,50,6.872557629294163e-07,14
bg,50,9.80810492533991e-07,14
bg,50,5.139542635505178e-07,14
bg,50,5.60633543498084e-07,14
bg,50,8.050612666358121e-07,14
bg,50,5.353336453824415e-07,14
bg,50,2.62866457189364e-07,14
bg,50,6.736312952564901e-07,14
bg,50,5.757125869903338e-07,14
bg,50,4.387078001876253e-07,14
bg,50,5.096453231743257e-07,14
bg,50,6.224249585643744e-07,14
bg,50,4.470124668714488e-07,14
bg,50,4.696940895006336e-07,14
bg,50,3.668681695031968e-07,14
bg,50,3.929828445902167e-07,14
bg,50,9.57353682269414e-07,14
bg,50,8.960347162659904e-07,14
bg,50,3.7841384664401523e-07,14
bg,50,3.889322764445834e-07,14
bg,50,3.112920337320217e-07,14
bg,50,4.864952047065817e-07,14
bg,50,4.991732152028764e-07,14
bg,50,7.505012792593251e-07,14
bg,50,6.283128228782134e-07,14
bg,50,7.360473993781516e-07,14
bg,50,4.74161564012629e-07,14
bg,50,9.43527298770284e-07,14
bg,50,6.507249705484047e-07,14
bg,50,5.604149668916456e-07,14
bg,50,6.771632324623629e-07,14
bg,50,7.253613933097082e-07,14
bg,50,3.459353728186185e-07,14
bg,50,5.532852095837626e-07,14
bg,50,3.203708904122806e-07,14
bg,50,3.7901020840226057e-07,14
bg,50,8.524486387804036e-07,14
bg,50,1.0062007388174011e-06,14
bg,50,3.655485985827353e-07,14
bg,50,5.66851554298612e-07,14
bg,50,5.014304157800379e-07,14
bg,50,3.6642823835668996e-07,14
bg,50,4.890014572600091e-07,14
bg,50,4.510030869355993e-07,14
bg,50,1.0777017681203864e-06,14
bg,50,4.170665391944962e-07,14
bg,50,5.630649348383762e-07,14
bg,50,9.777062927782085e-07,14
bg,50,3.727191162616686e-07,14
bg,50,1.0960320269354586e-06,14
bg,50,4.289046136738949e-07,14
bg,50,4.952679402879761e-07,14
bg,50,7.612655647555191e-07,14
bg,50,6.288452554616185e-07,14
bg,50,7.681188326548144e-07,14
bg,50,6.057785375279836e-07,14
bg,50,3.344804467311682e-07,14
bg,50,6.882074659051329e-07,14
bg,50,3.293756901352597e-07,14
bg,50,5.364948288960803e-07,14
bg,50,3.682454462312335e-07,14
bg,50,7.362447535409464e-07,14
bg,50,7.709174032541979e-07,14
bg,50,3.982706415415547e-07,14
bg,50,3.9939138751643586e-07,14
bg,50,4.858637992289833e-07,14
bg,50,5.3677401880257e-07,14
bg,50,7.203294921661105e-07,14
bg,50,6.796271257007182e-07,14
bg,50,3.780850964584497e-07,14
bg,50,5.210852764696428e-07,14
bg,50,5.459188167553327e-07,14
bg,50,6.248145012018746e-07,14
bg,50,6.376874451160767e-07,14
bg,50,2.2849151049543135e-07,14
bg,50,5.672847632681449e-07,14
bg,50,7.169468129437414e-07,14
bg,50,5.106719200700547e-07,14
bg,50,9.167511008467694e-07,14
bg,50,3.903898783146483e-07,14
bg,50,6.496210383094473e-07,14
bg,50,9.149000153453336e-07,14
bg,50,2.595291501103432e-07,14
bg,50,9.253035526768504e-07,14
bg,50,6.528693317912562e-07,14
bg,50,7.800646710270582e-07,14
bg,50,2.949133351249581e-07,14
bg,50,5.856911089499516e-07,14
bg,50,3.796497727734835e-07,14
bg,50,5.731245562252928e-07,14
bg,50,6.194890731488345e-07,14
bg,50,3.642722702043357e-07,14
bg,50,6.087203426364614e-07,14
bg,50,4.127911737626197e-07,14
bg,50,4.528887818362256e-07,14
bg,50,6.809769416622353e-07,14
bg,50,6.820523970136103e-07,14
bg,50,5.969912092220471e-07,14
bg,50,5.604582668667118e-07,14
bg,50,6.380367749594525e-07,14
bg,50,4.7654824480738635e-07,14
bg,50,9.945293542252484e-07,14
bg,50,2.107628528813548e-07,14
bg,50,5.916071214685727e-07,14
bg,50,2.897164939554859e-07,14
bg,50,8.167166680471532e-07,14
bg,50,4.686346894243578e-07,14
bg,50,4.742663180241865e-07,14
bg,50,6.568781026856173e-07,14
bg,50,5.676707539463069e-07,14
bg,50,4.962826972461216e-07,14
bg,50,6.628076871991993e-07,14
bg,50,3.8006592803708595e-07,14
bg,50,6.497150413321421e-07,14
bg,50,7.37782942190062e-07,14
bg,50,6.242383728258608e-07,14
bg,50,2.6702604807145897e-07,14
bg,50,2.366158468993644e-07,14
bg,50,5.04533044761999e-07,14
bg,50,5.533280571029075e-07,14
bg,50,6.074040568769705e-07,14
bg,50,6.579235686488678e-07,14
bg,50,4.495032339545362e-07,14
bg,50,5.946476810557195e-07,14
bg,50,7.086779286514984e-07,14
bg,50,2.657173228097844e-07,14
bg,50,7.173513633684091e-07,14
bg,50,6.2686289155522e-07,14
bg,50,4.186494567275274e-07,14
bg,50,2.13981071460913e-07,14
bg,50,4.100874170112764e-07,14
bg,50,6.045252094046548e-07,14
bg,50,7.077329207175282e-07,14
bg,50,7.356445438917908e-07,14
bg,50,5.095823172258554e-07,14
bg,50,6.381582887268193e-07,14
bg,50,7.715705550517877e-07,14
bg,50,7.14579639759541e-07,14
bg,50,2.8972565321855885e-07,14
bg,50,4.133265684766905e-07,14
bg,50,4.744730208659377e-07,14
bg,50,3.949521944405871e-07,14
bg,50,2.421635042476458e-07,14
bg,50,4.550549871436893e-07,14
bg,50,6.56519704694855e-07,14
bg,50,5.01001853806682e-07,14
bg,50,4.108245521154074e-07,14
bg,50,2.471187138154485e-07,14
bg,50,6.737522088503293e-07,14
bg,50,4.900927073763714e-07,14
bg,50,5.195259191202347e-07,14
bg,50,5.878198446885481e-07,14
bg,50,5.634214089651883e-07,14
bg,50,7.745352290756891e-07,14
bg,50,4.768565533702582e-07,14
bg,50,3.835783141814974e-07,14
bg,50,3.855467410188541e-07,14
bg,50,3.2633161836830356e-07,14
bg,50,8.367117455403169e-07,14
bg,50,5.426135724586699e-07,14
bg,50,8.629457149967138e-07,14
bg,50,3.273482646133853e-07,14
bg,50,6.795017347445564e-07,14
bg,50,7.3366555048301e-07,14
bg,50,4.8800136711917e-07,14
bg,50,6.206267296379872e-07,14
bg,50,9.381650313431384e-07,14
bg,50,2.620075890088927e-07,14
bg,50,4.5596662542341675e-07,14
bg,50,6.48940386893527e-07,14
bg,50,5.510513840766368e-07,14
bg,50,6.360846918121764e-07,14
bg,50,2.3279096608444105e-07,14
bg,50,4.995719656674848e-07,14
bg,50,7.554165533379405e-07,14
bg,50,6.597414395883621e-07,14
bg,50,5.282694167824673e-07,14
bg,50,7.679364055781044e-07,14
bg,50,5.092301257917953e-07,14
bg,50,6.689326444320291e-07,14
bg,50,5.488626957568594e-07,14
bg,50,3.357092955704741e-07,14
bg,50,4.869441612565295e-07,14
bg,50,4.23062688111063e-07,14
bg,50,5.073276481498991e-07,14
bg,50,3.2176629426045517e-07,14
bg,50,5.857611387162213e-07,14
bg,50,5.483310997329728e-07,14
bg,50,5.880100623545188e-07,14
bg,50,5.637925114103026e-07,14
bg,50,8.903372785862305e-07,14
bg,50,8.23312134194243e-07,14
bg,50,2.836733449748867e-07,14
bg,50,6.025781350101876e-07,14
bg,50,6.419881734722069e-07,14
bg,50,8.130166459115272e-07,14
bg,50,5.405861130951782e-07,14
bg,50,5.499837759201297e-07,14
bg,50,4.981358685997029e-07,14
bg,50,4.704163961435221e-07,14
bg,50,3.36714358241985e-07,14
bg,50,3.876096118587419e-07,14
bg,50,7.382549235104007e-07,14
bg,50,6.256283573799662e-07,14
bg,50,4.818398736474762e-07,14
bg,50,6.168068842264042e-07,14
bg,50,8.81197669589263e-07,14
bg,50,8.682401406811026e-07,14
bg,50,8.21879494990115e-07,14
bg,50,3.711403290014048e-07,14
bg,50,5.073997425938759e-07,14
bg,50,7.026211071078224e-07,14
bg,50,4.301137843415457e-07,14
bg,50,6.672766574639392e-07,14
bg,50,1.6126146570406665e-07,14
bg,50,7.325654122023612e-07,14
bg,50,4.636536393575526e-07,14
bg,50,4.6073176244939435e-07,14
bg,50,4.447831512956617e-07,14
bg,50,2.074817334471001e-07,14
bg,50,3.70742113521777e-07,14
bg,50,6.39808850639693e-07,14
bg,50,6.325368892223799e-07,14
bg,50,5.739225864871377e-07,14
bg,50,7.36690322441226e-07,14
bg,50,6.715272128356302e-07,14
bg,50,2.989057870760757e-07,14
bg,50,5.631121920559242e-07,14
bg,50,5.77591864524626e-07,14
bg,50,9.591965143456745e-07,14
bg,50,6.280194797616872e-07,14
bg,50,5.01696553079861e-07,14
bg,50,6.451776076005851e-07,14
bg,50,7.853706682683866e-07,14
bg,50,4.38019444746193e-07,14
bg,50,4.859211645934682e-07,14
bg,50,3.078533762141302e-07,14
bg,50,3.213976346535915e-07,14
bg,50,7.510679299052537e-07,14
bg,50,2.110618192780093e-07,14
bg,50,2.889206712902144e-07,14
bg,50,6.59568282796928e-07,14
bg,50,3.101106637173773e-07,14
bg,50,1.0938856042637122e-06,14
bg,50,6.797239280915708e-07,14
bg,50,1.0648175932856036e-06,14
bg,50,3.353944034836081e-07,14
bg,50,5.696732483296193e-07,14
bg,50,3.932953964276189e-07,14
bg,50,8.555611347448671e-07,14
bg,50,2.0473415165703735e-07,14
bg,50,5.406407691059296e-07,14
bg,50,9.518221450327348e-07,14
bg,50,6.510547588489307e-07,14
bg,50,6.83276641115187e-07,14
bg,50,5.852876381092295e-07,14
bg,50,3.98209661635155e-07,14
bg,50,1.0736621882085633e-06,14
bg,50,6.356697066473224e-07,14
bg,50,3.3039244074148146e-07,14
bg,50,4.999709367095845e-07,14
bg,50,3.776803961076438e-07,14
bg,50,9.686418904428367e-07,14
bg,50,4.070157407606924e-07,14
bg,50,7.243060398858919e-07,14
bg,50,3.588984553731185e-07,14
bg,50,5.2497328550346e-07,14
bg,50,7.955065515113503e-07,14
bg,50,5.425031919131375e-07,14
bg,50,6.034220182967296e-07,14
bg,50,6.974381576692136e-07,14
bg,50,8.428026655715172e-07,14
bg,50,4.068982123159706e-07,14
bg,50,4.383987183831134e-07,14
bg,50,4.840075775793229e-07,14
bg,50,6.447324553508831e-07,14
bg,50,6.401873002473561e-07,14
bg,50,5.855705867191789e-07,14
bg,50,6.005904775610243e-07,14
bg,50,3.940833665604861e-07,14
bg,50,4.70803166284479e-07,14
bg,50,4.702123965827442e-07,14
bg,50,3.742507025930603e-07,14
bg,50,8.145857484725026e-07,14
bg,50,1.1652673844427294e-06,14
bg,50,1.196599109555062e-06,14
bg,50,4.2205538972459186e-07,14
bg,50,6.407946696202945e-07,14
bg,50,7.051322762150966e-07,14
bg,50,5.337010684200283e-07,14
bg,50,5.435170920186531e-07,14
bg,50,9.073918093988156e-07,14
bg,50,2.1562655906857017e-07,14
bg,50,4.1946330081048e-07,14
bg,50,5.944800284546282e-07,14
bg,50,8.035336590610046e-07,14
bg,50,5.58685997403065e-07,14
bg,50,5.662744907954264e-07,14
bg,50,5.458075060130654e-07,14
bg,50,8.240301933054884e-07,14
bg,50,6.577451770749304e-07,14
bg,50,4.564424247329409e-07,14
bg,50,5.948078388850548e-07,14
bg,50,5.432069814910404e-07,14
bg,50,5.584213119630932e-07,14
bg,50,6.443511171778931e-07,14
bg,50,5.628558605858495e-07,14
bg,50,6.247889244492559e-07,14
bg,50,7.834012769405031e-07,14
bg,50,3.546614643036727e-07,14
bg,50,5.103595387900275e-07,14
bg,50,5.957059788135777e-07,14
bg,50,5.373081339814121e-07,14
bg,50,6.096214808104305e-07,14
bg,50,5.541117822115857e-07,14
bg,50,3.171626945922073e-07,14
bg,50,5.308027770850298e-07,14
bg,50,5.576093428910002e-07,14
bg,50,6.567869107893871e-07,14
bg,50,4.118257967476812e-07,14
bg,50,5.013693326231223e-07,14
bg,50,5.84387055793312e-07,14
bg,50,5.304914040764387e-07,14
bg,50,8.704981903210716e-07,14
bg,50,3.515390288504801e-07,14
bg,50,5.674927808345271e-07,14
bg,50,3.1229168228196553e-07,14
bg,50,5.402703658685821e-07,14
bg,50,3.2312165677375917e-07,14
bg,50,7.911594440327915e-07,14
bg,50,6.067933819283656e-07,14
bg,50,4.65723153416769e-07,14
bg,50,6.308976244018274e-07,14
bg,50,6.368628116368312e-07,14
bg,50,4.667849579818629e-07,14
bg,50,5.63570532372648e-07,14
bg,50,1.0187976523341615e-06,14
bg,50,6.985255675810837e-07,14
bg,50,6.425589414449347e-07,14
bg,50,3.90310595659055e-07,14
bg,50,8.35006526733485e-07,14
bg,50,7.332373358053593e-07,14
bg,50,5.215329331287992e-07,14
bg,50,4.392244274445608e-07,14
bg,50,4.5285926368561115e-07,14
bg,50,8.383537106724401e-07,14
bg,50,8.030039470255279e-07,14
ag,50,0.0073536260037984,15
ag,50,0.0149455351802415,15
ag,50,0.0187467077401288,15
ag,50,0.0089575754892314,15
ag,50,0.0034914653628501,15
ag,50,0.0014770396442341,15
ag,50,0.0154843669553792,15
ag,50,0.0132728217044861,15
ag,50,0.0029845540924488,15
ag,50,0.0269999109124219,15
ag,50,0.0041042240905233,15
ag,50,0.0134155519570942,15
ag,50,0.0111443723215432,15
ag,50,0.0205930929373759,15
ag,50,0.0157989499442293,15
ag,50,0.0198270737233947,15
ag,50,0.0116347143151369,15
ag,50,0.0229262899481,15
ag,50,0.0105635795875843,15
ag,50,0.0037624917392171,15
ag,50,0.0010899971156982,15
ag,50,0.0065490627795235,15
ag,50,0.0212526643260043,15
ag,50,0.0,15
ag,50,0.0049218694155722,15
ag,50,0.0094066102325578,15
ag,50,0.001080578975042,15
ag,50,0.001710549332378,15
ag,50,0.029490407695208,15
ag,50,0.023761829843466,15
ag,50,0.0069969709142534,15
ag,50,0.0039337170293075,15
ag,50,0.0120487148904784,15
ag,50,0.0265588319693463,15
ag,50,0.0208036406668376,15
ag,50,0.0059474027625488,15
ag,50,0.0214294247798979,15
ag,50,0.0512059357581524,15
ag,50,0.0005767860859716,15
ag,50,0.0035446727739274,15
ag,50,0.0303077464095896,15
ag,50,0.0210962330984628,15
ag,50,0.0102972855567028,15
ag,50,0.0148225320258681,15
ag,50,0.0104228492758878,15
ag,50,0.0193453267237612,15
ag,50,0.0191762330653026,15
ag,50,0.0030998522184301,15
ag,50,0.0068226847275051,15
ag,50,0.0021944315420038,15
ag,50,0.000615700606804,15
ag,50,0.0166492098893362,15
ag,50,0.0020738032433439,15
ag,50,0.0204241631115581,15
ag,50,0.0036172196226872,15
ag,50,0.0064997953152269,15
ag,50,0.0183758233395589,15
ag,50,0.0047061634747769,15
ag,50,0.0120839557661749,15
ag,50,0.0248661285851511,15
ag,50,0.0035497748672419,15
ag,50,0.0034209357021817,15
ag,50,0.0091641551224537,15
ag,50,0.0081108005457566,15
ag,50,0.0228080242748677,15
ag,50,0.0114860249365037,15
ag,50,0.0024888849486014,15
ag,50,0.0143999962645117,15
ag,50,0.0109164123867273,15
ag,50,0.004868712862318,15
ag,50,0.0088330585788211,15
ag,50,0.0032160435254679,15
ag,50,0.011858997820822,15
ag,50,0.0066181998673929,15
ag,50,0.0034773843795814,15
ag,50,0.0268881270579609,15
ag,50,0.0035329279104405,15
ag,50,0.0039639811669957,15
ag,50,0.0132891567206727,15
ag,50,0.0014762319501873,15
ag,50,0.0078393526985107,15
ag,50,0.0037213599891998,15
ag,50,0.0019870588639633,15
ag,50,0.0373738796692037,15
ag,50,0.0021044005736733,15
ag,50,8.65346998136542e-05,15
ag,50,0.0041086385370609,15
ag,50,0.0119797370634587,15
ag,50,0.0226720750803422,15
ag,50,0.1775340888927782,15
ag,50,0.0048584415508741,15
ag,50,0.0022179566469884,15
ag,50,0.0043560505712698,15
ag,50,0.0412149818637944,15
ag,50,0.0211986054353007,15
ag,50,0.0546127384650459,15
ag,50,0.026178131668291,15
ag,50,0.0032871938396024,15
ag,50,0.0034131717697449,15
ag,50,0.0129675013161838,15
ag,50,0.0193051368630997,15
ag,50,0.0016870819442356,15
ag,50,0.016317370829544,15
ag,50,0.0018961195218472,15
ag,50,0.0022679579238808,15
ag,50,0.0462229839312603,15
ag,50,0.0182394653626832,15
ag,50,0.0206788363452275,15
ag,50,0.0030162029015648,15
ag,50,0.019755692190938,15
ag,50,0.000492953631632,15
ag,50,0.010108474495165,15
ag,50,0.0059966122662483,15
ag,50,0.0046828221507121,15
ag,50,0.0032400798128692,15
ag,50,0.0006269426205183,15
ag,50,0.0053811454354806,15
ag,50,0.0049549990341762,15
ag,50,0.052049797343636,15
ag,50,0.0293420311366735,15
ag,50,0.0029887656608167,15
ag,50,0.0258262436122715,15
ag,50,0.0047843164324209,15
ag,50,0.0071575923376676,15
ag,50,0.043933062320033,15
ag,50,0.0027775863330226,15
ag,50,0.0191043987961484,15
ag,50,0.0001466244851347,15
ag,50,0.0018240637915224,15
ag,50,0.0189477445461902,15
ag,50,0.0239903164165607,15
ag,50,0.0263027653824841,15
ag,50,0.0105592635616037,15
ag,50,0.0052470204131182,15
ag,50,0.0156146760222391,15
ag,50,0.0125179815677842,15
ag,50,0.0387259375901637,15
ag,50,0.010588492680919,15
ag,50,0.018188335061143,15
ag,50,0.0106790845587827,15
ag,50,0.0018268463747617,15
ag,50,0.0502590926824926,15
ag,50,0.0074639992479532,15
ag,50,0.0015443709834254,15
ag,50,0.0171615450715162,15
ag,50,0.0010541118503288,15
ag,50,0.0265116733632859,15
ag,50,0.0065367730846202,15
ag,50,0.0028786081718336,15
ag,50,0.0185066704416315,15
ag,50,0.0100782963494787,15
ag,50,0.000173765155622,15
ag,50,0.0005309552861104,15
ag,50,0.0006253311417748,15
ag,50,0.0022211747831169,15
ag,50,0.0015816399406898,15
ag,50,0.0043402363455841,15
ag,50,0.0163981315802088,15
ag,50,0.0021572073622371,15
ag,50,0.0980244035969894,15
ag,50,0.0015330929286408,15
ag,50,0.0058705983493951,15
ag,50,0.0013555553587153,15
ag,50,0.004023516971446,15
ag,50,0.0124752555791483,15
ag,50,0.0021531480477388,15
ag,50,0.0143611624550496,15
ag,50,0.0244129123839141,15
ag,50,0.002322055532924,15
ag,50,0.0101643697415179,15
ag,50,0.0024973433740615,15
ag,50,0.0252324911886514,15
ag,50,0.0145122070477148,15
ag,50,0.0009460564147736,15
ag,50,0.0459894045509454,15
ag,50,0.0181237139780291,15
ag,50,0.0520599072843815,15
ag,50,0.0011438133816511,15
ag,50,0.0036597153324294,15
ag,50,0.004319571614166,15
ag,50,0.0336779938676359,15
ag,50,0.0043165581833897,15
ag,50,0.0232377782161626,15
ag,50,0.0311538142858068,15
ag,50,0.0052661876703462,15
ag,50,0.0097774327032073,15
ag,50,0.0118496680295059,15
ag,50,0.0098645391774854,15
ag,50,0.0005787286205604,15
ag,50,0.0036163373750793,15
ag,50,0.0173652211484065,15
ag,50,0.0027411267995837,15
ag,50,0.0119078612409965,15
ag,50,0.0145710907254275,15
ag,50,0.0002255367515668,15
ag,50,0.0091224184192171,15
ag,50,0.0069318650885685,15
ag,50,0.0070289603391026,15
ag,50,0.0010853283240813,15
ag,50,0.0094963419433435,15
ag,50,0.0056979083898308,15
ag,50,0.0171993106853212,15
ag,50,0.0117062095727733,15
ag,50,0.0074978641220643,15
ag,50,0.0102639446144285,15
ag,50,0.000838379892253,15
ag,50,0.0255381272695425,15
ag,50,0.0014956619144202,15
ag,50,0.0097989012386663,15
ag,50,0.008175502942513,15
ag,50,0.0084416961596185,15
ag,50,0.0134501039877177,15
ag,50,0.0382209216943339,15
ag,50,0.0174273488835304,15
ag,50,0.0287258756106337,15
ag,50,0.0117084385322501,15
ag,50,0.0261276563723894,15
ag,50,0.005983887168563,15
ag,50,0.0133315823722397,15
ag,50,0.0115241607817212,15
ag,50,0.0006721717239896,15
ag,50,0.0010145348334752,15
ag,50,0.0191313432336748,15
ag,50,0.0051688525179728,15
ag,50,0.0203281450580856,15
ag,50,0.0090796804774362,15
ag,50,0.0026895774365078,15
ag,50,0.0025232747384429,15
ag,50,0.004513517255081,15
ag,50,0.0013425559465146,15
ag,50,0.0043674185719849,15
ag,50,0.00197537399303,15
ag,50,0.0082103247636194,15
ag,50,0.0035958761242405,15
ag,50,0.0123969043680765,15
ag,50,0.0108138927239759,15
ag,50,0.0141481341696819,15
ag,50,0.000431170545003,15
ag,50,0.0420553879325343,15
ag,50,0.0069146413904645,15
ag,50,0.0864722226708225,15
ag,50,0.0013361141513899,15
ag,50,0.0189745708932623,15
ag,50,0.0070879524779127,15
ag,50,0.0056399679022273,15
ag,50,0.0118268090793854,15
ag,50,0.0179422347609666,15
ag,50,0.0070112635776598,15
ag,50,0.0039906624324219,15
ag,50,0.010563567305569,15
ag,50,0.0117910789038304,15
ag,50,0.0002155802608095,15
ag,50,0.0097786391170375,15
ag,50,0.0046253661538997,15
ag,50,0.0040937982608444,15
ag,50,0.006091879975173,15
ag,50,0.0050075607684638,15
ag,50,0.0614563465240253,15
ag,50,0.0063142204261503,15
ag,50,0.0065489281965753,15
ag,50,0.0041461036846423,15
ag,50,0.0145965451874542,15
ag,50,0.0138159799381603,15
ag,50,0.0545106636500199,15
ag,50,0.0280470249003233,15
ag,50,0.0028398082397111,15
ag,50,0.0088561578996826,15
ag,50,0.0096569033512045,15
ag,50,0.0038325775790359,15
ag,50,0.0246002846331648,15
ag,50,0.0064310321541025,15
ag,50,0.003457937536435,15
ag,50,0.0042628178611093,15
ag,50,0.0124419080632339,15
ag,50,0.0008692553384601,15
ag,50,0.0088932055134395,15
ag,50,0.0025583852990478,15
ag,50,0.0047827783265545,15
ag,50,0.0001991896482213,15
ag,50,0.0025417484211269,15
ag,50,0.0124402766848118,15
ag,50,0.0238811614552003,15
ag,50,0.0083982797281698,15
ag,50,0.0029407916445566,15
ag,50,0.0412505928489117,15
ag,50,0.0110806357945641,15
ag,50,0.0124437522833854,15
ag,50,0.0110886186031263,15
ag,50,0.0013176261668841,15
ag,50,0.0026891904875168,15
ag,50,0.0150991189908963,15
ag,50,0.0680314843687868,15
ag,50,0.0090958218535871,15
ag,50,0.084750433588622,15
ag,50,0.0435864644724984,15
ag,50,0.0011998610577562,15
ag,50,0.010481156418277,15
ag,50,0.0487476110204683,15
ag,50,0.0410837170848172,15
ag,50,0.0179494473026269,15
ag,50,0.0041015555066039,15
ag,50,0.0045755342604575,15
ag,50,0.0051774736228089,15
ag,50,0.0236203728721022,15
ag,50,0.0043240577570817,15
ag,50,0.0068101271388529,15
ag,50,0.0031617243468613,15
ag,50,0.0053790931909933,15
ag,50,0.0413913835650822,15
ag,50,0.0091188535195995,15
ag,50,0.0117600840504354,15
ag,50,0.0134928956786003,15
ag,50,0.0128112190809117,15
ag,50,0.0098356981063889,15
ag,50,0.0190336021207918,15
ag,50,0.008714180042305,15
ag,50,0.0564917916239595,15
ag,50,0.001520132187563,15
ag,50,0.0557845735936394,15
ag,50,0.0418892441670287,15
ag,50,0.0161211357516417,15
ag,50,0.0075150313983768,15
ag,50,0.0081236974778257,15
ag,50,0.025483228990697,15
ag,50,0.0083280489075978,15
ag,50,0.0217310156233228,15
ag,50,0.0297745346491023,15
ag,50,0.1163631032366299,15
ag,50,0.0157742600662035,15
ag,50,0.002350282708871,15
ag,50,0.0064565687129252,15
ag,50,0.027409486655095,15
ag,50,0.0037717137827397,15
ag,50,0.013148557912415,15
ag,50,0.0026270097682259,15
ag,50,0.0132078396534014,15
ag,50,0.0057074278063269,15
ag,50,0.0109766278775326,15
ag,50,0.0082892350982863,15
ag,50,0.0209433782780927,15
ag,50,0.003030643647283,15
ag,50,0.0032828046557628,15
ag,50,0.0239990772200048,15
ag,50,0.0402925334292299,15
ag,50,0.0019500430186984,15
ag,50,0.0294502512786423,15
ag,50,0.0086994184877463,15
ag,50,0.0086385289332564,15
ag,50,0.00761743794981,15
ag,50,0.0054288885365032,15
ag,50,0.0223605425426821,15
ag,50,0.0647781280618898,15
ag,50,0.0011834240637119,15
ag,50,0.0002441441267526,15
ag,50,0.0002412330803057,15
ag,50,0.0165843727527262,15
ag,50,0.0141140387292341,15
ag,50,0.0140102174587532,15
ag,50,0.0550346593692523,15
ag,50,0.0069744901733393,15
ag,50,0.0662265180939576,15
ag,50,0.0041375100865452,15
ag,50,0.0005775655268739,15
ag,50,0.1438113620561718,15
ag,50,0.0057895999093729,15
ag,50,0.0631884527105718,15
ag,50,0.0212770022713721,15
ag,50,0.0106930070911328,15
ag,50,0.0069259315640062,15
ag,50,0.0017335551762032,15
ag,50,0.0105751911704895,15
ag,50,0.0021417582800608,15
ag,50,0.0033965049837179,15
ag,50,0.0107731204845892,15
ag,50,0.0104998665379605,15
ag,50,0.001492290838169,15
ag,50,0.035482612365897,15
ag,50,0.014106291559394,15
ag,50,0.021448807092625,15
ag,50,0.0370669331007119,15
ag,50,0.0080098824995745,15
ag,50,0.0008770007815853,15
ag,50,0.0013597748372721,15
ag,50,0.0061246184073936,15
ag,50,0.003346130510965,15
ag,50,0.0133470064018185,15
ag,50,0.0064900115601015,15
ag,50,0.0083580262033305,15
ag,50,0.0214161354757781,15
ag,50,0.0147859687590823,15
ag,50,0.0007369843461005,15
ag,50,0.0172241931905836,15
ag,50,0.0001720397490631,15
ag,50,0.0043543595440207,15
ag,50,0.00459131264884,15
ag,50,0.0069611843229724,15
ag,50,0.027549639929982,15
ag,50,0.0080972396379215,15
ag,50,0.0062087805156743,15
ag,50,0.0147229598124654,15
ag,50,0.008218350108416,15
ag,50,0.0169053486465237,15
ag,50,0.030888564721891,15
ag,50,0.0352758038250477,15
ag,50,0.0050490790368749,15
ag,50,0.0092776063863538,15
ag,50,0.0207502296258467,15
ag,50,0.000895357452308,15
ag,50,0.0723492459204475,15
ag,50,0.01389017751874,15
ag,50,0.0029625165453909,15
ag,50,0.0087896211756533,15
ag,50,0.0200424027886341,15
ag,50,0.0034200429566605,15
ag,50,0.0329987044887044,15
ag,50,0.0276547726988189,15
ag,50,0.0211847607271586,15
ag,50,0.0124184936127196,15
ag,50,0.0044088899756242,15
ag,50,0.0005156845091856,15
ag,50,0.1230561901716463,15
ag,50,0.0036054891825279,15
ag,50,0.0154735965527943,15
ag,50,0.0402234112412401,15
ag,50,0.0082427741598599,15
ag,50,0.0069293940585925,15
ag,50,0.0016173117658036,15
ag,50,0.0009002913577928,15
ag,50,0.1357332554285096,15
ag,50,0.0195104621246132,15
ag,50,0.0006261275144524,15
ag,50,0.0044438703582482,15
ag,50,0.0268596796373901,15
ag,50,0.0454377905448388,15
ag,50,0.0034757463450649,15
ag,50,0.0292317297483105,15
ag,50,0.0002823940120613,15
ag,50,0.0039349133073351,15
ag,50,0.057772571344866,15
ag,50,0.0386538942573003,15
ag,50,0.0016337043873448,15
ag,50,0.0096295999433354,15
ag,50,0.0278072825907348,15
ag,50,0.0090125823046053,15
ag,50,0.0013267375140064,15
ag,50,0.0121665307078221,15
ag,50,0.0047436635373145,15
ag,50,0.0045063306437793,15
ag,50,0.0096866563903212,15
ag,50,0.0037933272658594,15
ag,50,0.0014815238858797,15
ag,50,0.1091900250603101,15
ag,50,0.0074747891546733,15
ag,50,0.0111963782102993,15
ag,50,0.0008044319473664,15
ag,50,0.0063473413326226,15
ag,50,0.0250125243321434,15
ag,50,0.0877316023308539,15
ag,50,0.0276218992570827,15
ag,50,0.0231714535503063,15
ag,50,0.0104481608349779,15
ag,50,0.0277395673340007,15
ag,50,0.0173044792382638,15
ag,50,0.014437340157802,15
ag,50,0.0053967357586982,15
ag,50,0.011490540603412,15
ag,50,0.0462984565580985,15
ag,50,0.0112810706949625,15
ag,50,0.0018395963984369,15
ag,50,0.0005037595222305,15
ag,50,0.0308008475498664,15
ag,50,0.0147185529872913,15
ag,50,0.0144357767153128,15
ag,50,0.009751478632663,15
ag,50,0.0,15
ag,50,0.0002045348806486,15
ag,50,0.0007675971292283,15
ag,50,0.0014853108550183,15
ag,50,0.0086487513441436,15
ag,50,0.0012248791978231,15
ag,50,0.054441644958845,15
ag,50,0.0629347303188879,15
ag,50,0.0086924005928893,15
ag,50,0.0029843477471626,15
ag,50,0.0092667833306003,15
ag,50,0.0112199502943824,15
ag,50,0.0146726630449693,15
ag,50,0.0317808134450837,15
ag,50,0.0092639865510054,15
ag,50,0.0075581649327172,15
ag,50,0.0022132059270291,15
ag,50,0.0260831264957105,15
ag,50,0.0077890675095624,15
ag,50,0.0041946163636619,15
ag,50,0.0001772135410031,15
ag,50,0.0052347377289845,15
ag,50,0.0523943176627287,15
ag,50,0.0006289826244197,15
ag,50,0.0153963252692933,15
ag,50,0.0068658684927551,15
nag,50,3.212259561316665e-05,15
nag,50,0.0002114469938855,15
nag,50,3.690618632946464e-06,15
nag,50,6.805129633321101e-05,15
nag,50,1.595523879909473e-05,15
nag,50,4.1500023191199685e-05,15
nag,50,0.0008533551938109,15
nag,50,0.0001163165888814,15
nag,50,0.0,15
nag,50,1.7760503853381224e-05,15
nag,50,0.0001937423958923,15
nag,50,0.000614711735711,15
nag,50,0.0,15
nag,50,0.0,15
nag,50,0.0001562913991856,15
nag,50,1.1390673879831452e-05,15
nag,50,0.0,15
nag,50,7.215774252693487e-05,15
nag,50,7.07560227523274e-05,15
nag,50,3.862007761136366e-05,15
nag,50,8.349015430764384e-05,15
nag,50,0.0,15
nag,50,0.0001857813191174,15
nag,50,0.0001301044547471,15
nag,50,1.631199532297572e-05,15
nag,50,0.0001489041705683,15
nag,50,0.0001283780897534,15
nag,50,0.0,15
nag,50,0.0,15
nag,50,0.0,15
nag,50,0.0001599537104712,15
nag,50,0.0002956474531551,15
nag,50,2.481762719629261e-05,15
nag,50,6.897254822094492e-06,15
nag,50,7.565930132750674e-05,15
nag,50,1.1388348173633116e-05,15
nag,50,0.0001138845759032,15
nag,50,0.0002173947597099,15
nag,50,0.0001430897132722,15
nag,50,2.4694581147486844e-05,15
nag,50,1.225269028704208e-05,15
nag,50,5.4808676648451104e-05,15
nag,50,4.686979832954689e-05,15
nag,50,0.0003109946915049,15
nag,50,3.920772610452711e-05,15
nag,50,0.0,15
nag,50,3.721281250851151e-05,15
nag,50,0.0002443203540656,15
nag,50,7.939424705035266e-05,15
nag,50,6.466765559370504e-05,15
nag,50,0.0,15
nag,50,0.0003464043661713,15
nag,50,3.899483412572796e-05,15
nag,50,8.15815589911772e-05,15
nag,50,9.822108171142669e-06,15
nag,50,1.3395052287451956e-05,15
nag,50,6.65100157646249e-06,15
nag,50,1.641042333613547e-05,15
nag,50,5.8463406552596126e-05,15
nag,50,0.0001831739391288,15
nag,50,9.2380058097063e-05,15
nag,50,0.0001024481020882,15
nag,50,1.921692177125953e-05,15
nag,50,1.4821632434715276e-05,15
nag,50,0.0,15
nag,50,0.0003118824907464,15
nag,50,1.3983794547382525e-05,15
nag,50,2.8225073043435654e-05,15
nag,50,7.210453828091203e-06,15
nag,50,1.996734204614388e-05,15
nag,50,1.6377789846351368e-05,15
nag,50,0.0001598290831029,15
nag,50,5.3142126933224674e-05,15
nag,50,9.434614398098154e-05,15
nag,50,0.0004228544416477,15
nag,50,7.534313963966741e-05,15
nag,50,6.380741791509872e-05,15
nag,50,0.0001097091253584,15
nag,50,0.0002524189668151,15
nag,50,0.0,15
nag,50,3.763959506251763e-05,15
nag,50,0.0005272903044149,15
nag,50,9.316026926008844e-05,15
nag,50,0.0002991262337981,15
nag,50,8.896088992170355e-05,15
nag,50,2.2629340083504265e-05,15
nag,50,6.480683746605305e-05,15
nag,50,4.5736906749391425e-06,15
nag,50,6.846587242479648e-05,15
nag,50,8.904655333033148e-06,15
nag,50,2.985664068420189e-05,15
nag,50,2.024555479511047e-05,15
nag,50,2.9034926043743865e-05,15
nag,50,2.780289083685528e-05,15
nag,50,1.0698639180404492e-05,15
nag,50,0.0001273682430928,15
nag,50,1.6036834317096825e-05,15
nag,50,0.0003137856352909,15
nag,50,5.7298335960842926e-06,15
nag,50,3.6832681876272144e-05,15
nag,50,0.0002007303392151,15
nag,50,0.0,15
nag,50,0.0,15
nag,50,0.0,15
nag,50,5.998356463178433e-05,15
nag,50,0.0002789288812479,15
nag,50,0.0002186605255158,15
nag,50,9.26915678255541e-05,15
nag,50,0.0,15
nag,50,2.4011040984024067e-05,15
nag,50,7.5535315758578e-05,15
nag,50,6.969764333409682e-05,15
nag,50,5.234681395954392e-05,15
nag,50,5.445314978100094e-05,15
nag,50,2.1616903735465696e-05,15
nag,50,5.718683364530705e-06,15
nag,50,2.856058445938775e-05,15
nag,50,0.0003359852545792,15
nag,50,6.383000965360785e-05,15
nag,50,0.0003279882306473,15
nag,50,2.466430169189052e-05,15
nag,50,5.940029523107149e-06,15
nag,50,7.085749214059411e-05,15
nag,50,0.0,15
nag,50,0.0,15
nag,50,8.173135813633302e-05,15
nag,50,0.0001671651860971,15
nag,50,1.4042222350005751e-05,15
nag,50,0.0001440933660407,15
nag,50,0.0001152621985892,15
nag,50,0.0001610799285104,15
nag,50,1.964806203064498e-05,15
nag,50,5.277748709242672e-05,15
nag,50,0.0001097704516656,15
nag,50,8.093023361424642e-06,15
nag,50,0.0001534581987076,15
nag,50,0.0,15
nag,50,1.3852719429419806e-05,15
nag,50,0.0002771184471806,15
nag,50,0.000508526943831,15
nag,50,8.005400797218013e-06,15
nag,50,0.0001618471913018,15
nag,50,8.474303060112276e-05,15
nag,50,0.0001686153987096,15
nag,50,0.0,15
nag,50,1.998429329429236e-05,15
nag,50,0.0,15
nag,50,5.712428829713906e-05,15
nag,50,0.0,15
nag,50,0.0,15
nag,50,0.000629590634316,15
nag,50,5.7685631784597875e-06,15
nag,50,1.2262744126558846e-05,15
nag,50,1.7948078770804168e-05,15
nag,50,0.0,15
nag,50,1.8365986625066112e-05,15
nag,50,1.925236535452229e-05,15
nag,50,9.407737676749e-05,15
nag,50,1.1586758542109444e-05,15
nag,50,0.000205051527713,15
nag,50,0.0,15
nag,50,1.5329489336608738e-05,15
nag,50,0.0003625293966835,15
nag,50,3.0637962693601504e-05,15
nag,50,1.965002766980507e-05,15
nag,50,9.142524715795334e-05,15
nag,50,1.0197362059099751e-05,15
nag,50,7.300143304603556e-05,15
nag,50,3.301169255343538e-05,15
nag,50,8.427577332970866e-05,15
nag,50,0.0,15
nag,50,0.0002312323990804,15
nag,50,0.0001337400793139,15
nag,50,0.0,15
nag,50,6.872042927294946e-05,15
nag,50,0.0001268507929639,15
nag,50,0.0001633911907651,15
nag,50,4.661919407227241e-05,15
nag,50,0.0001293086437465,15
nag,50,0.0005756673943059,15
nag,50,0.0001802409783484,15
nag,50,0.0001415575537776,15
nag,50,1.1757783912156768e-05,15
nag,50,3.829612102867264e-05,15
nag,50,8.876309665217423e-06,15
nag,50,0.0006937103856604,15
nag,50,5.7874833557999055e-05,15
nag,50,7.119509866176876e-06,15
nag,50,0.0004420894214067,15
nag,50,8.537025900360398e-05,15
nag,50,0.0001444435225255,15
nag,50,0.000587410106345,15
nag,50,8.264489184057732e-05,15
nag,50,0.0001560549340036,15
nag,50,6.141830531566343e-05,15
nag,50,7.175726836664068e-05,15
nag,50,0.0001487857760737,15
nag,50,1.3902747990239285e-05,15
nag,50,0.0,15
nag,50,4.0574619624091295e-05,15
nag,50,2.786440829680055e-05,15
nag,50,7.956277562833068e-05,15
nag,50,8.875618823683895e-05,15
nag,50,4.405560722842123e-05,15
nag,50,8.085883595931149e-05,15
nag,50,0.0,15
nag,50,1.13816440666263e-05,15
nag,50,0.0009344097821474,15
nag,50,1.7362249934540723e-05,15
nag,50,0.0001334944381594,15
nag,50,0.0001124478897385,15
nag,50,2.244966213045514e-05,15
nag,50,8.718712887701441e-05,15
nag,50,0.0,15
nag,50,0.0002451723624584,15
nag,50,0.0,15
nag,50,0.0002471184802878,15
nag,50,1.4178919149575337e-05,15
nag,50,0.0001112525834686,15
nag,50,1.0325935017217586e-05,15
nag,50,7.63094519811127e-05,15
nag,50,0.000238985501998,15
nag,50,1.2909582466810613e-05,15
nag,50,0.0002998447936027,15
nag,50,0.0007218938153521,15
nag,50,5.07063819741461e-05,15
nag,50,0.0001579975832579,15
nag,50,0.0,15
nag,50,6.593989225681671e-05,15
nag,50,0.0008427688873733,15
nag,50,0.0,15
nag,50,0.0001287080295407,15
nag,50,5.599297888342555e-05,15
nag,50,7.385397286513829e-05,15
nag,50,0.0001198721043143,15
nag,50,8.436222362655329e-05,15
nag,50,7.591058220327251e-06,15
nag,50,8.934644558611628e-06,15
nag,50,0.0007457545536079,15
nag,50,0.0001261908046673,15
nag,50,5.827966336520292e-05,15
nag,50,5.368188910284436e-05,15
nag,50,0.0004135071375004,15
nag,50,2.152153747060793e-05,15
nag,50,0.0,15
nag,50,9.20719578942535e-05,15
nag,50,6.81874622325798e-05,15
nag,50,0.000142018306731,15
nag,50,2.5637755885361517e-05,15
nag,50,4.328106934377135e-05,15
nag,50,7.90878435800372e-05,15
nag,50,5.766368661825805e-05,15
nag,50,1.353976726227472e-05,15
nag,50,0.0,15
nag,50,1.9442201819649125e-05,15
nag,50,0.000173585241919,15
nag,50,5.764262813957601e-05,15
nag,50,0.0006072602962856,15
nag,50,0.0,15
nag,50,0.0001996561344829,15
nag,50,0.0009612674393337,15
nag,50,0.0003613210283393,15
nag,50,3.606475115939851e-05,15
nag,50,6.009912878989172e-05,15
nag,50,6.779009299180009e-06,15
nag,50,0.0001440473730985,15
nag,50,9.34357110549594e-06,15
nag,50,2.5591221355355116e-05,15
nag,50,4.006003299964639e-05,15
nag,50,1.3242755365013024e-05,15
nag,50,0.0002025067619295,15
nag,50,2.3444160158365548e-05,15
nag,50,2.801982555378802e-05,15
nag,50,0.0005159381744968,15
nag,50,9.063026481568928e-05,15
nag,50,0.0002203064756262,15
nag,50,0.0012254965634642,15
nag,50,6.276684768209446e-05,15
nag,50,0.0003787425505656,15
nag,50,0.0001172657710565,15
nag,50,1.341581625793236e-05,15
nag,50,0.0,15
nag,50,6.0855615777643434e-05,15
nag,50,0.0,15
nag,50,0.0,15
nag,50,8.88153620270002e-05,15
nag,50,0.000506914572167,15
nag,50,3.260719110331257e-05,15
nag,50,6.283464456208502e-05,15
nag,50,3.3990097347504676e-05,15
nag,50,0.0,15
nag,50,8.353281965660158e-05,15
nag,50,1.1163271591118117e-05,15
nag,50,3.3542648141561795e-05,15
nag,50,1.2414564231753044e-05,15
nag,50,6.656729680990025e-05,15
nag,50,3.3750888631677344e-05,15
nag,50,6.037012634969362e-06,15
nag,50,0.0001837467199282,15
nag,50,0.0001484131041443,15
nag,50,0.0001334254786906,15
nag,50,3.863903123909044e-05,15
nag,50,0.0006731299296995,15
nag,50,1.4321679427305345e-05,15
nag,50,2.901091784191253e-05,15
nag,50,5.344124296910233e-05,15
nag,50,5.569562510110666e-05,15
nag,50,0.0,15
nag,50,3.6866667321688673e-05,15
nag,50,0.0,15
nag,50,4.31797358566784e-05,15
nag,50,9.806161114540196e-06,15
nag,50,0.0,15
nag,50,9.13516198481844e-06,15
nag,50,1.1025284135850846e-05,15
nag,50,6.980226823431653e-05,15
nag,50,2.401509543279107e-05,15
nag,50,0.0006803423845917,15
nag,50,9.59456518072936e-06,15
nag,50,0.0001823922973532,15
nag,50,1.73697236923518e-05,15
nag,50,7.100396774172959e-05,15
nag,50,0.0002706767275584,15
nag,50,3.672874892127528e-05,15
nag,50,9.824786082385012e-05,15
nag,50,8.569246636113651e-06,15
nag,50,0.0002390713589925,15
nag,50,3.845663460687709e-05,15
nag,50,0.0,15
nag,50,0.0001636670336697,15
nag,50,0.0001557869893411,15
nag,50,9.114511318656732e-05,15
nag,50,6.532987287520024e-05,15
nag,50,0.0001627211641666,15
nag,50,4.110542283037459e-05,15
nag,50,6.2950966271011084e-06,15
nag,50,5.240823776084572e-05,15
nag,50,0.0005266751679174,15
nag,50,3.0955619095116885e-05,15
nag,50,0.0,15
nag,50,0.0001360714895692,15
nag,50,7.646444136570591e-05,15
nag,50,0.0,15
nag,50,0.0,15
nag,50,8.646973469186911e-05,15
nag,50,6.883836868893292e-05,15
nag,50,4.255486104853307e-05,15
nag,50,3.8305365478348737e-05,15
nag,50,6.951762626875188e-06,15
nag,50,0.0002264586086988,15
nag,50,1.7740375853152735e-05,15
nag,50,6.911021448900672e-06,15
nag,50,0.0,15
nag,50,1.9471899207958328e-05,15
nag,50,0.0001548472715462,15
nag,50,0.0003813510600725,15
nag,50,0.0001415659773449,15
nag,50,0.0001019210754704,15
nag,50,0.0001343375115555,15
nag,50,0.0002200340214793,15
nag,50,0.0001540656196149,15
nag,50,1.4228756795734683e-05,15
nag,50,1.988437728407102e-05,15
nag,50,1.3872307500470598e-05,15
nag,50,0.0002236213236167,15
nag,50,0.0001445278796572,15
nag,50,1.340126183909769e-05,15
nag,50,8.645778488109012e-05,15
nag,50,1.3507499578971754e-05,15
nag,50,6.873404779155534e-05,15
nag,50,0.0,15
nag,50,0.0004794457959798,15
nag,50,0.0006797298768052,15
nag,50,1.3100421082121858e-05,15
nag,50,0.000565628545711,15
nag,50,8.68306782546341e-05,15
nag,50,4.24723572424115e-05,15
nag,50,0.0001433208357747,15
nag,50,1.5859521204509004e-05,15
nag,50,6.683898492567374e-06,15
nag,50,4.965127587027792e-05,15
nag,50,5.366706684255421e-05,15
nag,50,1.7994634058794822e-05,15
nag,50,2.8153683352114383e-05,15
nag,50,0.0,15
nag,50,2.7400493343725608e-05,15
nag,50,0.0,15
nag,50,7.779426797327366e-05,15
nag,50,0.0002940917405011,15
nag,50,0.0002018015538832,15
nag,50,0.00012721524464,15
nag,50,6.540851384850768e-05,15
nag,50,1.1283576901921667e-05,15
nag,50,0.0001026007773479,15
nag,50,0.0,15
nag,50,5.0587937992426856e-05,15
nag,50,9.36993516530638e-06,15
nag,50,0.0,15
nag,50,0.000309016403002,15
nag,50,2.9779918474656368e-05,15
nag,50,0.0001128308611156,15
nag,50,6.390910238963849e-05,15
nag,50,9.154513204632436e-06,15
nag,50,0.0001329620440656,15
nag,50,0.0,15
nag,50,0.0001507182903231,15
nag,50,0.0001031168858931,15
nag,50,0.0,15
nag,50,0.0,15
nag,50,0.0003328503473376,15
nag,50,0.0,15
nag,50,7.191767927711365e-05,15
nag,50,0.0001111959896031,15
nag,50,8.94660434245373e-06,15
nag,50,0.0002299097347088,15
nag,50,2.023480542609472e-05,15
nag,50,8.26863041987157e-06,15
nag,50,7.927315001683053e-05,15
nag,50,1.1239462620194436e-05,15
nag,50,0.0005162173186359,15
nag,50,1.62772165663245e-05,15
nag,50,4.471681123375934e-05,15
nag,50,1.4397507731116095e-05,15
nag,50,8.737893013320134e-05,15
nag,50,3.0322104307156583e-05,15
nag,50,8.44846890362656e-06,15
nag,50,4.448735236344831e-05,15
nag,50,1.3969774069398645e-05,15
nag,50,0.0,15
nag,50,0.0,15
nag,50,5.5689608868556574e-05,15
nag,50,0.0005686036068726,15
nag,50,0.0,15
nag,50,0.0001911689067043,15
nag,50,4.374477502293831e-06,15
nag,50,8.851378152415705e-05,15
nag,50,5.3700354389247905e-05,15
nag,50,0.0,15
nag,50,0.0,15
nag,50,0.0,15
nag,50,0.0,15
nag,50,2.927710007911388e-05,15
nag,50,9.357250375037914e-06,15
nag,50,1.7277113531099385e-05,15
nag,50,9.65065306084157e-05,15
nag,50,0.0002656811802263,15
nag,50,2.810030442719856e-05,15
nag,50,6.316456879064239e-05,15
nag,50,0.0,15
nag,50,8.389899687299807e-06,15
nag,50,0.0,15
nag,50,0.0002753343437651,15
nag,50,4.1732001587965205e-05,15
nag,50,2.8462974624486174e-05,15
nag,50,1.779739420623319e-05,15
nag,50,8.483941195048046e-05,15
nag,50,1.707479493065128e-05,15
nag,50,0.0003439625772729,15
nag,50,8.083764269910148e-05,15
nag,50,4.4304089791359435e-05,15
nag,50,0.0,15
nag,50,5.397710073007444e-05,15
nag,50,0.0,15
nag,50,4.21398181972175e-05,15
nag,50,0.0,15
nag,50,6.391421660936346e-05,15
nag,50,4.689667719130566e-06,15
nag,50,0.0,15
nag,50,0.0001825101860435,15
nag,50,7.625048033361816e-05,15
nag,50,0.0,15
nag,50,0.0001814161968733,15
nag,50,5.5882283319938986e-05,15
nag,50,3.953989469967063e-05,15
nag,50,0.0001099500859394,15
nag,50,0.0001283673542077,15
nag,50,0.0001594303722453,15
nag,50,8.910122563511556e-05,15
nag,50,9.15359693081046e-05,15
nag,50,0.0003251885678098,15
nag,50,0.0002075935176971,15
nag,50,1.6309147916860837e-05,15
nag,50,0.0001411765081503,15
nag,50,0.0001087553866911,15
nag,50,6.564466693952918e-05,15
nag,50,0.000410298561548,15
nag,50,0.0001381425989281,15
nag,50,1.838191920146078e-05,15
nag,50,0.0002588748484424,15
nag,50,0.0003006443658403,15
nag,50,0.0001466924508003,15
nag,50,7.074849947101412e-05,15
nag,50,5.616360335532639e-06,15
nag,50,4.85423849503374e-05,15
nag,50,0.0006642796371027,15
nag,50,0.0002344096428637,15
nag,50,5.074924560088935e-05,15
nag,50,0.0001783058428173,15
nag,50,0.0,15
nag,50,5.094466208786086e-05,15
bg,50,4.1319097808102273e-07,15
bg,50,7.518214554119496e-07,15
bg,50,5.392072406673528e-07,15
bg,50,5.599367282705394e-07,15
bg,50,5.840301491640473e-07,15
bg,50,4.904494976021555e-07,15
bg,50,7.632166036926856e-07,15
bg,50,4.231157184472189e-07,15
bg,50,6.636067659982121e-07,15
bg,50,5.948780795952713e-07,15
bg,50,9.972432451986447e-07,15
bg,50,5.11418487220524e-07,15
bg,50,6.014387429837493e-07,15
bg,50,5.725021238913907e-07,15
bg,50,5.894886538936935e-07,15
bg,50,4.098700499176366e-07,15
bg,50,5.828819564693378e-07,15
bg,50,1.198252034481148e-06,15
bg,50,5.708047302297086e-07,15
bg,50,3.243406838932647e-07,15
bg,50,3.117112460126507e-07,15
bg,50,8.581087814596463e-07,15
bg,50,2.919540322524047e-07,15
bg,50,4.161511227778891e-07,15
bg,50,4.750630701595466e-07,15
bg,50,6.610340277246577e-07,15
bg,50,6.627275106872085e-07,15
bg,50,8.416280888767351e-07,15
bg,50,8.138195840295399e-07,15
bg,50,3.829687994156141e-07,15
bg,50,7.006209770688758e-07,15
bg,50,4.41862734669759e-07,15
bg,50,4.719967735438548e-07,15
bg,50,4.2479470596412297e-07,15
bg,50,6.276326512050836e-07,15
bg,50,8.735191270239912e-07,15
bg,50,2.274486271328777e-07,15
bg,50,6.309608079152938e-07,15
bg,50,6.126404557886977e-07,15
bg,50,7.17187737161968e-07,15
bg,50,6.988854770117548e-07,15
bg,50,7.35446240824493e-07,15
bg,50,3.996419622072207e-07,15
bg,50,4.420713821958148e-07,15
bg,50,4.360878513825672e-07,15
bg,50,5.548048557101574e-07,15
bg,50,6.066038117789305e-07,15
bg,50,7.429591366998635e-07,15
bg,50,5.568657776389581e-07,15
bg,50,6.71250618243382e-07,15
bg,50,4.872236187947193e-07,15
bg,50,9.62079928381078e-07,15
bg,50,6.980042117198766e-07,15
bg,50,9.585458068965077e-07,15
bg,50,6.548555815311563e-07,15
bg,50,4.734672941847695e-07,15
bg,50,4.14362980538383e-07,15
bg,50,9.997830532872005e-07,15
bg,50,4.130542626847676e-07,15
bg,50,6.429377910829812e-07,15
bg,50,4.600286147831768e-07,15
bg,50,7.163921279494077e-07,15
bg,50,6.474270028947795e-07,15
bg,50,4.4971064491038834e-07,15
bg,50,8.054945857521501e-07,15
bg,50,5.518654631726943e-07,15
bg,50,5.3231561209925e-07,15
bg,50,6.483679108346858e-07,15
bg,50,7.613944121224808e-07,15
bg,50,4.871655591745601e-07,15
bg,50,4.671751954474687e-07,15
bg,50,4.20105408316964e-07,15
bg,50,5.345403420597828e-07,15
bg,50,3.775566514804476e-07,15
bg,50,5.91706944530653e-07,15
bg,50,1.001570428862668e-06,15
bg,50,2.233910633084905e-07,15
bg,50,5.015862682021935e-07,15
bg,50,4.943991981573046e-07,15
bg,50,5.649157993829054e-07,15
bg,50,4.800805651438711e-07,15
bg,50,3.064422575320731e-07,15
bg,50,3.015633307178443e-07,15
bg,50,6.658909491835006e-07,15
bg,50,4.394861045778148e-07,15
bg,50,4.405722458276366e-07,15
bg,50,7.841834924064933e-07,15
bg,50,5.500084925663402e-07,15
bg,50,7.953435326791515e-07,15
bg,50,5.734252651091995e-07,15
bg,50,6.721554543757264e-07,15
bg,50,4.307668770017479e-07,15
bg,50,6.104674906241937e-07,15
bg,50,4.877493645744606e-07,15
bg,50,3.735284183922551e-07,15
bg,50,4.448194401813768e-07,15
bg,50,5.932099091588878e-07,15
bg,50,4.25037591834336e-07,15
bg,50,6.745090930175288e-07,15
bg,50,9.187282971271536e-07,15
bg,50,6.375619739979752e-07,15
bg,50,2.804485498967681e-07,15
bg,50,2.958885688469349e-07,15
bg,50,6.076720583271633e-07,15
bg,50,7.269064660968989e-07,15
bg,50,7.071713797830082e-07,15
bg,50,3.530453742824196e-07,15
bg,50,4.655880458360426e-07,15
bg,50,9.759012630369703e-07,15
bg,50,5.504948398510878e-07,15
bg,50,4.56828481038613e-07,15
bg,50,2.9836680513665325e-07,15
bg,50,1.0793814042449006e-06,15
bg,50,3.000650109857867e-07,15
bg,50,1.0262907676456804e-06,15
bg,50,6.690752838429776e-07,15
bg,50,4.082787624166786e-07,15
bg,50,5.164747192862516e-07,15
bg,50,4.977526597253843e-07,15
bg,50,8.864272299480006e-07,15
bg,50,2.9825484687420276e-07,15
bg,50,6.409379356226553e-07,15
bg,50,4.387253832098653e-07,15
bg,50,4.406319324048955e-07,15
bg,50,7.050741985626893e-07,15
bg,50,9.42622121218209e-07,15
bg,50,5.487895749516119e-07,15
bg,50,6.03944849259889e-07,15
bg,50,5.377504739051803e-07,15
bg,50,6.471713421303602e-07,15
bg,50,1.0584387974550089e-06,15
bg,50,5.267241467802e-07,15
bg,50,9.64309211063035e-07,15
bg,50,5.490407269796094e-07,15
bg,50,4.919300964151236e-07,15
bg,50,4.65364357237701e-07,15
bg,50,5.342688562864913e-07,15
bg,50,4.161414247587511e-07,15
bg,50,3.431900736882573e-07,15
bg,50,3.527652465664943e-07,15
bg,50,6.066123615501733e-07,15
bg,50,4.659772318205253e-07,15
bg,50,5.45516507074887e-07,15
bg,50,8.313477826651619e-07,15
bg,50,5.890435432835825e-07,15
bg,50,3.309668536636212e-07,15
bg,50,7.379917153729427e-07,15
bg,50,4.949626103246601e-07,15
bg,50,3.619242737354582e-07,15
bg,50,6.359385609785351e-07,15
bg,50,8.438389941421775e-07,15
bg,50,7.914373222360312e-07,15
bg,50,4.446582728555194e-07,15
bg,50,8.655623487861206e-07,15
bg,50,8.525070870394323e-07,15
bg,50,9.744053469257738e-07,15
bg,50,7.711209223232619e-07,15
bg,50,5.641768138595798e-07,15
bg,50,5.094339272098637e-07,15
bg,50,4.812001090023829e-07,15
bg,50,6.142981353750362e-07,15
bg,50,3.311549314770212e-07,15
bg,50,9.545989380865618e-07,15
bg,50,4.570715361130928e-07,15
bg,50,9.334090676767208e-07,15
bg,50,8.772560399195548e-07,15
bg,50,8.399806126718566e-07,15
bg,50,7.211241574396837e-07,15
bg,50,4.910615248174251e-07,15
bg,50,8.162917182718339e-07,15
bg,50,5.721764761820317e-07,15
bg,50,3.9188097565816676e-07,15
bg,50,6.590910446322358e-07,15
bg,50,4.315108577747945e-07,15
bg,50,7.934245074606042e-07,15
bg,50,4.0901515757169547e-07,15
bg,50,5.599739131078836e-07,15
bg,50,4.4175973265470675e-07,15
bg,50,2.542785813380358e-07,15
bg,50,3.87649229900059e-07,15
bg,50,6.378151679850029e-07,15
bg,50,5.499346237143464e-07,15
bg,50,7.356703097877958e-07,15
bg,50,3.146447394752544e-07,15
bg,50,4.906908326261464e-07,15
bg,50,7.484059660985142e-07,15
bg,50,9.380983773410656e-07,15
bg,50,6.757534805949579e-07,15
bg,50,1.0148229278788755e-06,15
bg,50,5.82170306065945e-07,15
bg,50,7.161279357673936e-07,15
bg,50,4.074885849718877e-07,15
bg,50,3.752883710631388e-07,15
bg,50,5.03954722601398e-07,15
bg,50,7.135882121056842e-07,15
bg,50,4.964268790580284e-07,15
bg,50,4.153529057078205e-07,15
bg,50,3.050666803639612e-07,15
bg,50,8.434358457811597e-07,15
bg,50,4.816034877106394e-07,15
bg,50,3.981923765183617e-07,15
bg,50,6.61111669007228e-07,15
bg,50,3.900399431160585e-07,15
bg,50,7.056523223343829e-07,15
bg,50,5.031905316432365e-07,15
bg,50,3.379722351909099e-07,15
bg,50,6.220971984813932e-07,15
bg,50,7.882722408909293e-07,15
bg,50,4.652549797371078e-07,15
bg,50,7.59237033844791e-07,15
bg,50,7.001567240918756e-07,15
bg,50,8.868894303301756e-07,15
bg,50,5.365213108792466e-07,15
bg,50,4.432137331449133e-07,15
bg,50,9.873783169081849e-07,15
bg,50,3.127127270016748e-07,15
bg,50,3.686360843100632e-07,15
bg,50,6.546597612931205e-07,15
bg,50,5.037136965968019e-07,15
bg,50,7.81629043190271e-07,15
bg,50,4.768284879470315e-07,15
bg,50,5.271601278077516e-07,15
bg,50,5.633582657938141e-07,15
bg,50,3.9105408156369146e-07,15
bg,50,9.844396085232408e-07,15
bg,50,9.853030990129124e-07,15
bg,50,5.524336314426058e-07,15
bg,50,7.466989793314167e-07,15
bg,50,1.0379460714654291e-06,15
bg,50,9.240921933133446e-07,15
bg,50,2.9115767265091157e-07,15
bg,50,4.175635924584703e-07,15
bg,50,5.239486554769451e-07,15
bg,50,3.077598669226842e-07,15
bg,50,7.577894868739982e-07,15
bg,50,7.153377123573214e-07,15
bg,50,3.285353120179461e-07,15
bg,50,5.862166372558817e-07,15
bg,50,5.157137489719365e-07,15
bg,50,3.038238053481189e-07,15
bg,50,9.758037951892775e-07,15
bg,50,2.502707789023272e-07,15
bg,50,7.631173866848692e-07,15
bg,50,9.14585000460452e-07,15
bg,50,6.821788383047835e-07,15
bg,50,6.061441045695028e-07,15
bg,50,4.45913855365355e-07,15
bg,50,1.0157677062772555e-06,15
bg,50,3.9091335259397067e-07,15
bg,50,6.63515621796664e-07,15
bg,50,5.704246717893675e-07,15
bg,50,9.477005222356776e-07,15
bg,50,6.771881071448766e-07,15
bg,50,4.607511780195082e-07,15
bg,50,1.0127388784765192e-06,15
bg,50,1.1135201093299325e-06,15
bg,50,4.898661724256062e-07,15
bg,50,6.673897524264347e-07,15
bg,50,6.528445472879214e-07,15
bg,50,6.484855207532974e-07,15
bg,50,3.5617670091825386e-07,15
bg,50,5.288351759992575e-07,15
bg,50,6.754198513978578e-07,15
bg,50,4.354555334551518e-07,15
bg,50,4.832618386823794e-07,15
bg,50,8.343029177792786e-07,15
bg,50,4.513265703159345e-07,15
bg,50,4.477268762066008e-07,15
bg,50,6.795884855056298e-07,15
bg,50,1.1632857239730409e-06,15
bg,50,5.518376648747739e-07,15
bg,50,5.999114892850111e-07,15
bg,50,1.1069746245958566e-06,15
bg,50,8.666273119567741e-07,15
bg,50,7.774983891852253e-07,15
bg,50,4.258127748542027e-07,15
bg,50,9.830220315913776e-07,15
bg,50,4.2289801195513187e-07,15
bg,50,9.337037710988988e-07,15
bg,50,6.513092740168944e-07,15
bg,50,3.305518099988929e-07,15
bg,50,8.285966489472635e-07,15
bg,50,5.860889948338004e-07,15
bg,50,5.087317575479578e-07,15
bg,50,6.368430184264351e-07,15
bg,50,4.55984608841904e-07,15
bg,50,4.519006132506906e-07,15
bg,50,7.464446199177646e-07,15
bg,50,2.933472374745577e-07,15
bg,50,4.648899763513951e-07,15
bg,50,4.579814310760083e-07,15
bg,50,7.183268550170414e-07,15
bg,50,5.182656634996696e-07,15
bg,50,4.832873016153068e-07,15
bg,50,4.209789978854912e-07,15
bg,50,6.073464487604319e-07,15
bg,50,4.764489745847738e-07,15
bg,50,4.221120113968004e-07,15
bg,50,5.2465869422208e-07,15
bg,50,4.112250524266162e-07,15
bg,50,3.2817154923126224e-07,15
bg,50,5.820068746980896e-07,15
bg,50,6.460983341159614e-07,15
bg,50,6.955323361416777e-07,15
bg,50,4.97701260990501e-07,15
bg,50,9.58041548692974e-07,15
bg,50,6.083042969125415e-07,15
bg,50,5.279315020480104e-07,15
bg,50,6.464631619176513e-07,15
bg,50,9.091402595728828e-07,15
bg,50,5.930086432769765e-07,15
bg,50,6.460861437567994e-07,15
bg,50,5.35791647440404e-07,15
bg,50,7.527817206727342e-07,15
bg,50,7.020889147319611e-07,15
bg,50,5.962214715571682e-07,15
bg,50,4.38105995467898e-07,15
bg,50,5.022891991347666e-07,15
bg,50,2.621989644861515e-07,15
bg,50,9.349448897028174e-07,15
bg,50,8.393795021661986e-07,15
bg,50,1.0573101362873495e-06,15
bg,50,6.227996230770627e-07,15
bg,50,4.3892220693049446e-07,15
bg,50,8.678608443319404e-07,15
bg,50,3.8900353663142417e-07,15
bg,50,4.930483065313361e-07,15
bg,50,8.430928622973006e-07,15
bg,50,7.969003293381712e-07,15
bg,50,1.146052991801187e-06,15
bg,50,6.974729628797705e-07,15
bg,50,5.046132144533826e-07,15
bg,50,4.942293921452107e-07,15
bg,50,7.534968676123187e-07,15
bg,50,2.978941036496795e-07,15
bg,50,9.2419383965441e-07,15
bg,50,4.92963769567677e-07,15
bg,50,7.776915005139305e-07,15
bg,50,5.656754022977412e-07,15
bg,50,7.536651807824181e-07,15
bg,50,9.501528291442234e-07,15
bg,50,7.936067819892282e-07,15
bg,50,8.153268398323082e-07,15
bg,50,3.756672382296394e-07,15
bg,50,5.821036334067632e-07,15
bg,50,2.7543198225590106e-07,15
bg,50,4.194495755774083e-07,15
bg,50,7.628243846365308e-07,15
bg,50,2.932179856165948e-07,15
bg,50,4.080488356408454e-07,15
bg,50,7.225123936472511e-07,15
bg,50,5.554217513798293e-07,15
bg,50,7.909361212174321e-07,15
bg,50,7.197544822185491e-07,15
bg,50,4.246008717337733e-07,15
bg,50,5.477687618914764e-07,15
bg,50,5.13886522293505e-07,15
bg,50,8.782777868330122e-07,15
bg,50,5.959046869519671e-07,15
bg,50,5.403580923887779e-07,15
bg,50,5.316765276120083e-07,15
bg,50,6.290699996863329e-07,15
bg,50,2.690227177233318e-07,15
bg,50,6.402592701747446e-07,15
bg,50,8.261634187078678e-07,15
bg,50,4.377360225144602e-07,15
bg,50,9.40874710810008e-07,15
bg,50,7.799720680870949e-07,15
bg,50,7.435236585130915e-07,15
bg,50,2.6806418682996997e-07,15
bg,50,5.190473415741429e-07,15
bg,50,4.746597469672666e-07,15
bg,50,5.357515020868489e-07,15
bg,50,4.877369144214525e-07,15
bg,50,4.158297184271383e-07,15
bg,50,4.446373730546598e-07,15
bg,50,4.520352527970951e-07,15
bg,50,5.956783577730045e-07,15
bg,50,6.732776756115849e-07,15
bg,50,7.164844689359505e-07,15
bg,50,3.8430910432461835e-07,15
bg,50,2.3432973346695697e-07,15
bg,50,5.946413931830879e-07,15
bg,50,6.591092268357507e-07,15
bg,50,5.079002776700336e-07,15
bg,50,7.157710058717959e-07,15
bg,50,6.283683977398005e-07,15
bg,50,2.788366530347065e-07,15
bg,50,5.603894924310882e-07,15
bg,50,2.547221139181055e-07,15
bg,50,6.979983292687444e-07,15
bg,50,4.098918627917717e-07,15
bg,50,3.547318433918781e-07,15
bg,50,7.008275294849318e-07,15
bg,50,8.884322984817619e-07,15
bg,50,4.642946974921802e-07,15
bg,50,4.867788226286e-07,15
bg,50,6.951587239663953e-07,15
bg,50,9.909861053719902e-07,15
bg,50,6.533380507266396e-07,15
bg,50,9.71750488280685e-07,15
bg,50,4.333274436990362e-07,15
bg,50,5.471654755155595e-07,15
bg,50,5.301963987515335e-07,15
bg,50,4.466392741902691e-07,15
bg,50,2.6752106170064674e-07,15
bg,50,5.778733196538097e-07,15
bg,50,6.341252739233124e-07,15
bg,50,4.793705938622782e-07,15
bg,50,5.601951381837936e-07,15
bg,50,6.14617209313593e-07,15
bg,50,7.434523590598148e-07,15
bg,50,8.872173846391989e-07,15
bg,50,7.248344684992561e-07,15
bg,50,5.088300090801015e-07,15
bg,50,5.900392289074579e-07,15
bg,50,5.808952890091279e-07,15
bg,50,8.271667991376129e-07,15
bg,50,7.491671117280496e-07,15
bg,50,6.299143540310103e-07,15
bg,50,4.047195625203448e-07,15
bg,50,3.1088093468339025e-07,15
bg,50,6.268439636961735e-07,15
bg,50,5.979233564175425e-07,15
bg,50,1.0215647868215595e-06,15
bg,50,5.60592843188944e-07,15
bg,50,7.672761559673092e-07,15
bg,50,2.716262564466579e-07,15
bg,50,5.89427624062119e-07,15
bg,50,4.261046511015287e-07,15
bg,50,7.584474833077064e-07,15
bg,50,2.465247610278901e-07,15
bg,50,5.18909087967336e-07,15
bg,50,5.370387740867369e-07,15
bg,50,5.304633993891496e-07,15
bg,50,2.973190923470119e-07,15
bg,50,6.022143689216869e-07,15
bg,50,5.505368935912234e-07,15
bg,50,4.644243854890444e-07,15
bg,50,3.2840556689511146e-07,15
bg,50,6.414858995638204e-07,15
bg,50,3.154929236188449e-07,15
bg,50,9.811411074458444e-07,15
bg,50,3.662607114128002e-07,15
bg,50,9.216182121309166e-07,15
bg,50,6.453249934553738e-07,15
bg,50,3.906324329843938e-07,15
bg,50,2.170615125348905e-07,15
bg,50,9.72431313954848e-07,15
bg,50,5.90222743809295e-07,15
bg,50,4.035697497162778e-07,15
bg,50,4.967339708648273e-07,15
bg,50,6.757286476677854e-07,15
bg,50,4.151926837049703e-07,15
bg,50,1.037259286405828e-06,15
bg,50,7.16352059140336e-07,15
bg,50,5.930181390118865e-07,15
bg,50,6.627383237809763e-07,15
bg,50,5.270914700949575e-07,15
bg,50,8.982235808906169e-07,15
bg,50,5.503120689507232e-07,15
bg,50,4.328298207607372e-07,15
bg,50,8.218366865146741e-07,15
bg,50,7.712363751218688e-07,15
bg,50,4.015135702055511e-07,15
bg,50,9.08379315249853e-07,15
bg,50,9.254455097208132e-07,15
bg,50,3.961667824382091e-07,15
bg,50,4.842262152111605e-07,15
bg,50,4.600741363823966e-07,15
bg,50,3.036414673240609e-07,15
bg,50,2.226052215879119e-07,15
bg,50,4.720849760590284e-07,15
bg,50,6.878399886677446e-07,15
bg,50,6.693996891909042e-07,15
bg,50,3.982893329936542e-07,15
bg,50,2.0234711912133558e-07,15
bg,50,7.52896760476578e-07,15
bg,50,3.667664305497762e-07,15
bg,50,5.699662043422187e-07,15
bg,50,5.786133167201718e-07,15
bg,50,5.873990671725123e-07,15
bg,50,3.6474700729022147e-07,15
bg,50,9.78990713329283e-07,15
bg,50,7.556418711486985e-07,15
bg,50,3.631747015997997e-07,15
bg,50,4.373359375142216e-07,15
bg,50,7.680325896694268e-07,15
bg,50,4.789045957461599e-07,15
bg,50,7.707132960860395e-07,15
bg,50,6.061770977791952e-07,15
bg,50,5.282667440661194e-07,15
bg,50,7.288637836179855e-07,15
bg,50,6.239294718150587e-07,15
bg,50,6.315398771663391e-07,15
bg,50,5.264636077573101e-07,15
bg,50,4.920194506921302e-07,15
bg,50,3.254496003087614e-07,15
bg,50,1.059663808162586e-06,15
bg,50,2.512343919536875e-07,15
