ligand_type,r_max,time_weighted_mean_b,time_weighted_variance,total_bound_time,n_binding_events,n_unbinding_events,binding_unbinding_events,mean_bound_dwell_time,total_signal,signal_rate,ratio,time_weighted_variance_observed,total_signal_observed
ag,50,1.5724356047179622,1.0812176105691182,1572.4356047179622,1673,1670,3343,0.9415782064179414,2410,2.41,4,0.7651498519770191,2959.2668099381362
ag,50,1.5922970225718873,1.0795442605039294,1592.2970225718873,1648,1644,3292,0.9685505003478633,2300,2.3,4,1.2777095306589032,2859.940920435487
ag,50,0.9952147114659665,0.6380927446384591,995.2147114659665,1015,1014,2029,0.9814740744240301,912,0.912,4,0.5461293667397644,985.7806597056651
ag,50,1.017996992185534,0.7001360531423052,1017.996992185534,1005,1004,2009,1.0139412272764283,847,0.847,4,0.8072155192032743,744.3171083035428
ag,50,0.9529264520070073,0.657884838102301,952.9264520070074,972,972,1944,0.9803770082376619,811,0.811,4,0.4731191671958091,757.4761240300996
ag,50,1.309495290949527,0.8154582151988996,1309.495290949527,1308,1308,2616,1.0011431887993327,1554,1.554,4,0.757120119258872,1593.7717300222307
ag,50,0.9872671846551403,0.6325143493225016,987.2671846551403,998,995,1993,0.9922283262865732,799,0.799,4,0.529283262266463,713.927845986377
ag,50,0.664926312428882,0.4654729072608194,664.926312428882,700,699,1399,0.9512536658496167,364,0.364,4,0.4815735934616745,286.7064504692947
ag,50,1.929781938092965,1.322558791967405,1929.781938092965,1958,1956,3914,0.986596082869614,3385,3.385,4,1.740338542994126,2905.954295382317
ag,50,1.9855916013217156,1.3502363697622173,1985.5916013217156,1969,1968,3937,1.0089388218098148,3463,3.463,4,1.4335030210662836,3192.053982756282
ag,50,0.9846785559993498,0.6719335175016891,984.6785559993498,973,970,1943,1.0151325319580926,735,0.735,4,0.5897168728519667,814.7580714257931
ag,50,1.317536643426619,0.8208318982667067,1317.5366434266189,1359,1356,2715,0.9716346927924918,1594,1.594,4,1.0159829348361824,1336.7224628268973
ag,50,1.3184751533932482,0.8959738272093027,1318.475153393248,1322,1321,2643,0.9980886853847449,1605,1.605,4,0.919630939987682,1776.0561802403322
ag,50,1.9437067579154355,1.2970322865355626,1943.7067579154354,1979,1978,3957,0.982662668309118,3299,3.299,4,1.2017591353959423,3736.55425744534
ag,50,1.3065290156990963,0.8877175663642005,1306.5290156990964,1325,1323,2648,0.9875502764165506,1458,1.458,4,0.7229199622716291,1425.154015047287
ag,50,2.5360204250438647,1.6167432756144244,2536.0204250438646,2594,2593,5187,0.9780256170628093,5787,5.787,4,1.7248960805067963,6782.852320952938
ag,50,2.3009231998149473,1.4772552692445107,2300.923199814947,2273,2271,4544,1.0131762218471805,4895,4.895,4,1.434605741095879,3733.496827585554
ag,50,2.0145109278964917,1.3026890011995562,2014.5109278964915,1992,1989,3981,1.0128260069866724,3255,3.255,4,1.289529309203247,3245.669467275923
ag,50,2.2671019254901026,1.4032830115972001,2267.1019254901025,2274,2269,4543,0.999163475315162,4674,4.674,4,1.464004537031021,5431.891988636765
ag,50,0.6507359677347353,0.4367269274747756,650.7359677347353,679,678,1357,0.959787563030583,355,0.355,4,0.4557246933889081,308.4966961027582
ag,50,1.9542562359638882,1.2738265959915716,1954.2562359638882,1964,1963,3927,0.9955457136851188,3483,3.483,4,1.4817112750757775,3356.9843405088586
ag,50,1.631496239243724,1.062675335961202,1631.496239243724,1677,1674,3351,0.9746094619138136,2455,2.455,4,1.1419280424167444,2170.162685410183
ag,50,2.3136914122563073,1.5032804919265168,2313.691412256307,2254,2252,4506,1.0273940551759801,4463,4.463,4,1.2695853147679061,5265.233751343229
ag,50,0.994538527776842,0.669520608265322,994.538527776842,982,981,1963,1.013800741872418,793,0.793,4,0.625243721190743,769.7893596900518
ag,50,0.6750553855355295,0.4528391707859671,675.0553855355295,651,649,1300,1.040146973090184,338,0.338,4,0.3961204224006087,362.1307133069602
ag,50,1.930358304953526,1.234807056781327,1930.358304953526,1941,1940,3881,0.9950300540997556,3254,3.254,4,0.9454227928934678,3291.8363999181474
ag,50,1.2558486024410727,0.8537398828093462,1255.8486024410727,1317,1315,2632,0.9550179486243898,1374,1.374,4,0.8018720112551658,1043.8951608807272
ag,50,1.2945163982042132,0.8379621805820215,1294.5163982042131,1272,1270,2542,1.0193042505544985,1392,1.392,4,0.9781419591362142,1260.6961139589448
ag,50,1.301094480219627,0.8798133153094653,1301.094480219627,1333,1333,2666,0.9760648763838162,1510,1.51,4,0.7843123270786445,1431.1939627842833
ag,50,1.3189180014265225,0.8862088090405149,1318.9180014265226,1285,1285,2570,1.0263953318494339,1491,1.491,4,0.8648003356336956,1513.8641110467345
ag,50,1.9915000804638678,1.2922408569698418,1991.5000804638678,1971,1970,3941,1.0109137464283593,3600,3.6,4,0.9600638019560993,4339.905710204382
ag,50,1.9410423796959102,1.235572304827499,1941.0423796959103,2013,2011,4024,0.9652125209825512,3503,3.503,4,0.9887668825401639,4729.173053059278
ag,50,2.0210195146747947,1.3500418128858909,2021.0195146747947,1992,1991,3983,1.0150776065669487,3422,3.422,4,1.6222115391736052,3342.5216700667647
ag,50,2.274836084254035,1.5236359886952886,2274.836084254035,2265,2263,4528,1.005230262595685,4692,4.692,4,1.5297936564242598,5056.986063899414
ag,50,1.9714277228208748,1.2861254615460986,1971.4277228208748,1998,1996,3994,0.9876892398902178,3624,3.624,4,1.3180314319462296,3288.6027400617213
ag,50,1.0141097420524896,0.6881663035857077,1014.1097420524895,985,984,1969,1.030599331354156,874,0.874,4,0.7469126838321145,947.87637752603
ag,50,0.34448059675668363,0.22581371521484273,344.4805967566836,351,350,701,0.9842302764476675,69,0.069,4,0.27999305598542895,76.57794763980857
ag,50,2.481858531774532,1.6241640717913952,2481.858531774532,2589,2589,5178,0.9586166596270884,5838,5.838,4,1.909569161720068,5826.38615217593
ag,50,0.0,0.0,0.0,0,0,0,,0,0.0,4,0.0,0.0
ag,50,2.9451271937355696,1.9292293636934037,2945.1271937355696,3006,3001,6007,0.9813819372661011,7883,7.883,4,2.054930264250281,8373.48213310046
ag,50,1.2980537111144217,0.8647831519356317,1298.0537111144217,1293,1292,2585,1.004685534918283,1452,1.452,4,1.015344075648245,1389.7313094749431
ag,50,1.656385796530958,1.0766305022497669,1656.385796530958,1665,1664,3329,0.9954241565690853,2444,2.444,4,1.215397553229138,3135.439231372315
ag,50,1.2616423354531252,0.9016883353408811,1261.6423354531253,1303,1303,2606,0.9682596588281852,1299,1.299,4,0.7453553137331699,1457.6743186545355
ag,50,2.5602639904781426,1.6742377848518062,2560.2639904781427,2620,2618,5238,0.9779465204270981,6146,6.146,4,1.775309139709198,5242.391723105252
ag,50,1.0086505822858303,0.6708877286300656,1008.6505822858303,1007,1007,2014,1.0016391085261473,905,0.905,4,0.7814543361828966,1148.8421967927513
ag,50,1.331113984097167,0.8862079033592376,1331.113984097167,1343,1342,2685,0.9918882146774718,1508,1.508,4,0.9237780807974126,1086.7657679082097
ag,50,1.3311655863224696,0.8664558204145962,1331.1655863224696,1319,1319,2638,1.0092233406538815,1537,1.537,4,0.8032096487848553,1136.8968028526353
ag,50,2.833792114608535,1.7985431248178634,2833.792114608535,2858,2854,5712,0.9929194515096479,7100,7.1,4,1.6241703106168117,8335.67083959931
ag,50,1.6246811457992,0.9908963507071186,1624.6811457992,1578,1576,3154,1.0308890519030458,2258,2.258,4,1.1187232625210735,1995.3581153031653
ag,50,1.9596014007058102,1.300014912950972,1959.6014007058102,1985,1985,3970,0.9872047358719447,3375,3.375,4,1.033961797124084,3113.9826453304954
ag,50,1.6542336231616432,1.0363375160906148,1654.2336231616432,1650,1648,3298,1.0037825383262398,2295,2.295,4,1.1223985570121402,2661.6486394342082
ag,50,1.6835730331617311,1.1178656580392108,1683.573033161731,1655,1652,3307,1.019112005545842,2352,2.352,4,1.174542780621015,2037.549893507618
ag,50,1.9610680632349071,1.3152200768285147,1961.0680632349072,1947,1946,3893,1.0077430951875166,3323,3.323,4,1.2260696551638894,3069.4734455210814
ag,50,1.361661050331354,0.8959174085863548,1361.661050331354,1327,1325,2652,1.0276687172312107,1741,1.741,4,0.9433856198519759,2073.5438030073497
ag,50,1.8747222770832,1.2706743959905762,1874.7222770832,1923,1921,3844,0.9759095664149922,3122,3.122,4,0.9138026863384429,2877.6278262573846
ag,50,1.6301666813455415,1.0575259540913344,1630.1666813455415,1657,1655,3312,0.9849949736226837,2425,2.425,4,0.9477515014656294,2501.8632367145274
ag,50,0.6502970602428833,0.4438959487005132,650.2970602428833,647,646,1293,1.006651796041615,314,0.314,4,0.47960176189527576,281.60964170915196
ag,50,1.945791633783123,1.2736888369021049,1945.791633783123,2020,2016,4036,0.9651744215194062,3370,3.37,4,1.4033827789110325,3130.6971077224794
ag,50,2.3368940778427043,1.4977949973435403,2336.8940778427045,2267,2264,4531,1.0321970308492512,4633,4.633,4,1.4815632671231165,3629.6581337086823
ag,50,2.2505165960057867,1.4673081280110851,2250.5165960057866,2232,2231,4463,1.008747913942531,4420,4.42,4,1.342036032842363,3461.277308393638
ag,50,2.8279217720654115,1.9502611727711803,2827.9217720654115,2872,2870,5742,0.9853385965384709,7309,7.309,4,2.243601946389717,5890.657590116099
ag,50,2.235278825833949,1.4927171852822165,2235.2788258339488,2314,2313,4627,0.9663981088776259,4575,4.575,4,1.1988814997181825,4387.148506270694
ag,50,2.2756905582295457,1.4976072837148031,2275.690558229546,2256,2255,4511,1.0091754138490225,4452,4.452,4,2.0701480396251712,5961.7984231217315
ag,50,1.9985653243981558,1.3025693081142455,1998.5653243981558,1960,1959,3919,1.0201966944349954,3476,3.476,4,1.362624286983202,3392.621321916495
ag,50,3.558160404868524,2.3150511795239583,3558.160404868524,3508,3503,7011,1.0157466185750854,11472,11.472,4,2.3507910627604716,12502.03280855126
ag,50,2.03854184663161,1.3469508240706982,2038.5418466316103,2015,2014,4029,1.012185623948168,3511,3.511,4,1.4709677109191475,3579.0042508732254
ag,50,1.345400170641322,0.8717394352055241,1345.400170641322,1283,1283,2566,1.0486361423548884,1470,1.47,4,0.9925144920512942,1327.64378082775
ag,50,1.7193562229936232,1.0826142860586738,1719.3562229936233,1701,1698,3399,1.0125772809149725,2623,2.623,4,0.8291920573736618,2174.005300169807
ag,50,1.6394686053522083,1.0334295420958555,1639.4686053522082,1644,1643,3287,0.9978506423324457,2408,2.408,4,0.8753443814990622,2720.578169744544
ag,50,2.249052410487713,1.4815559361289214,2249.052410487713,2252,2250,4502,0.9995788491056503,4597,4.597,4,1.7724973068538241,5434.253686587627
ag,50,1.2963933009235435,0.8826803174820137,1296.3933009235436,1318,1316,2634,0.9851012924950939,1436,1.436,4,0.8182111792916101,1683.4431621300862
ag,50,1.5871871470197625,1.1002687900079424,1587.1871470197625,1671,1670,3341,0.9504114652812949,2390,2.39,4,1.1545169350987126,2330.8242989808987
ag,50,3.2043986483423805,2.046639741233677,3204.3986483423805,3160,3158,6318,1.0146924155612351,9283,9.283,4,2.142121588656426,8181.318646846672
ag,50,1.6160465163061424,1.0230828131919554,1616.0465163061424,1692,1691,3383,0.9556750539953532,2382,2.382,4,0.9929132837301239,1812.501976319512
ag,50,2.230988690058528,1.4911161518755718,2230.988690058528,2240,2237,4477,0.9973127805357747,4525,4.525,4,1.388851914616738,4765.460201795683
ag,50,1.924675946271835,1.2142770014201443,1924.675946271835,1943,1941,3884,0.9915898744316513,3190,3.19,4,1.0006915761617334,2582.808039210809
ag,50,1.8879697906185042,1.2292137806902292,1887.9697906185042,1973,1971,3944,0.9578740693143096,3278,3.278,4,1.4520325400531338,2768.3409645382785
ag,50,1.6433940222247583,1.114874727475561,1643.3940222247584,1607,1605,3212,1.0239215091743044,2448,2.448,4,1.2311790749687137,2372.822884001383
ag,50,1.2873044954700827,0.8362553176423652,1287.3044954700827,1361,1359,2720,0.9472439260265509,1440,1.44,4,1.0554839756010908,1392.2459048587903
ag,50,1.6049596648160034,1.0299012267122094,1604.9596648160034,1631,1629,3260,0.9852422742885226,2576,2.576,4,0.8723543449239661,2662.344355509799
ag,50,1.2901406477564028,0.8442338710784064,1290.1406477564028,1315,1314,2629,0.981842197683716,1398,1.398,4,0.8181177361432883,950.6051698378965
ag,50,2.32585617595891,1.4757212524837928,2325.85617595891,2303,2300,4603,1.0112418156343088,4827,4.827,4,1.3708761439262018,5309.635969406752
ag,50,1.6283123638625097,1.035118664665576,1628.3123638625098,1629,1628,3257,1.0001918696944163,2250,2.25,4,0.9825185936085221,2915.856964154537
ag,50,1.93840534745682,1.3408138386757582,1938.40534745682,1944,1942,3886,0.9981489945709681,3230,3.23,4,1.4027402237832884,3922.6234767671044
ag,50,2.006421536052538,1.3358610626388185,2006.4215360525377,1979,1978,3957,1.0143688251023952,3572,3.572,4,1.3568973000167326,2227.375718376139
ag,50,1.6172139915009185,1.0954145221779967,1617.2139915009184,1606,1604,3210,1.008238149314787,2248,2.248,4,1.4889710047503661,2219.7817156939245
ag,50,0.9392817748413589,0.6121594215187658,939.2817748413589,999,999,1998,0.9402219968381971,720,0.72,4,0.5945674460119736,530.5108840864897
ag,50,0.6721662408385296,0.4289619465297311,672.1662408385296,680,678,1358,0.9913956354550584,328,0.328,4,0.3417461305040276,310.3864032620181
ag,50,1.0700071300933105,0.6598584034198502,1070.0071300933105,1018,1017,2035,1.052121071871495,908,0.908,4,0.5987086794986353,776.1878872403097
ag,50,3.169248984791245,1.999614467935159,3169.248984791245,3129,3128,6257,1.013187015598224,9145,9.145,4,2.1179381729158915,10864.824813486995
ag,50,1.6202188197607692,1.1360959369983143,1620.2188197607693,1629,1629,3258,0.994609465783161,2183,2.183,4,1.207963292473251,2478.5526510372265
ag,50,1.3866589157983678,0.8996676702286843,1386.6589157983678,1339,1338,2677,1.0363669026893632,1562,1.562,4,0.7307514209789606,1281.6664967263766
ag,50,1.0219485672712179,0.6787256570064626,1021.9485672712178,1021,1020,2041,1.0019103600698214,929,0.929,4,0.43431097984793077,1129.9743093004452
ag,50,0.6476870919017985,0.42047911578367914,647.6870919017986,688,687,1375,0.9427759707449761,329,0.329,4,0.36974168535423774,311.0719041952768
ag,50,1.275770265014399,0.8911439205832519,1275.770265014399,1280,1279,2559,0.9974747967274425,1438,1.438,4,0.7915258813009591,1441.1196706251726
ag,50,0.9602367362024077,0.6611059872786491,960.2367362024077,998,998,1996,0.9621610583190457,766,0.766,4,0.6032794158415314,856.3634055537534
ag,50,1.9830493699852187,1.2693045446774285,1983.0493699852188,1905,1902,3807,1.0426127076683591,3215,3.215,4,1.4557425442557153,3157.972217006996
ag,50,1.3528452497652346,0.8593460335217012,1352.8452497652345,1309,1308,2617,1.0342853591477328,1564,1.564,4,0.963009078766222,1658.4250007494927
ag,50,0.3283483171757459,0.22053569978360163,328.34831717574593,335,335,670,0.980144230375361,76,0.076,4,0.21037170679575234,59.63877703663623
ag,50,0.6859492123503657,0.44123568778073435,685.9492123503657,691,691,1382,0.9926906112161586,396,0.396,4,0.46059702505009914,392.5884805745452
ag,50,0.9377147111768624,0.6457662932057026,937.7147111768625,1017,1015,2032,0.9238568583023276,782,0.782,4,0.6163108124159004,667.0578457700891
ag,50,2.5801656206617896,1.613771140347033,2580.1656206617895,2608,2606,5214,0.990086577383649,5995,5.995,4,1.303226478361211,7224.79379872048
ag,50,1.9593534348819497,1.2908477475732494,1959.3534348819496,1982,1981,3963,0.9890729100867994,3644,3.644,4,1.3442848147245121,4125.147154188324
ag,50,2.010024952450419,1.3293588968066004,2010.024952450419,2009,2007,4016,1.0015072010216337,3508,3.508,4,1.4197568813116968,4422.422852512
ag,50,0.9534457858431816,0.6159977078421639,953.4457858431816,987,985,1972,0.9679652648154128,850,0.85,4,0.7303964740257307,871.0649092830027
ag,50,1.0034193952863826,0.6891901747352643,1003.4193952863825,1008,1007,2015,0.996444285289357,801,0.801,4,0.8551185647411527,719.2827667572678
ag,50,0.9611648679172173,0.6420413530886457,961.1648679172173,944,943,1887,1.0192628503894139,765,0.765,4,0.6432928494945709,718.0824443707221
ag,50,1.964831362423293,1.3018062212341415,1964.8313624232928,1925,1923,3848,1.0217531785872558,3136,3.136,4,1.2650698988224969,3636.645337437187
ag,50,1.631133379112753,1.0714792195657774,1631.133379112753,1625,1623,3248,1.005011324160661,2335,2.335,4,1.0871938424945988,2325.298584170014
ag,50,1.9817749275137575,1.2941415919233705,1981.7749275137576,1988,1986,3974,0.9978725717591932,3525,3.525,4,1.5509583095558086,3318.9678142311905
ag,50,1.9337317465739996,1.3466499164759758,1933.7317465739995,1937,1935,3872,0.999344571872868,3293,3.293,4,1.6721202948118952,3115.4418472808916
ag,50,1.684267935135951,1.1447583592924222,1684.2679351359511,1621,1618,3239,1.040956696622961,2568,2.568,4,1.261386770442861,3104.60189466415
ag,50,1.6178458649850254,1.0548977288790724,1617.8458649850254,1612,1610,3222,1.0048732080652332,2416,2.416,4,1.1690562509222275,2259.323911508511
ag,50,1.9070948864654633,1.2549800318389106,1907.0948864654633,1984,1980,3964,0.9631792355886178,3321,3.321,4,1.3248798880756736,1736.4084388894548
ag,50,1.2789024840225398,0.8110936821723566,1278.9024840225397,1342,1341,2683,0.9536931275335867,1511,1.511,4,0.8524782014529733,1523.795323173796
ag,50,1.315621978921234,0.8997895959654417,1315.621978921234,1318,1317,2635,0.9989536666068595,1431,1.431,4,1.1143744563269,1412.561269972911
ag,50,1.957474166692736,1.2878656704402947,1957.474166692736,1952,1949,3901,1.004347956230239,3366,3.366,4,0.9563421926059357,3876.283296435739
ag,50,1.5866732756411683,1.0439576240816362,1586.6732756411684,1610,1608,3218,0.9867371117171445,2155,2.155,4,0.8257279610770025,2244.5680728963935
ag,50,1.908139927489963,1.213012390752438,1908.1399274899632,2017,2015,4032,0.946967705950354,3397,3.397,4,1.1174061354597105,2692.229851293098
ag,50,1.6517420423124245,1.0621144047631763,1651.7420423124245,1608,1606,3214,1.0284819690612854,2373,2.373,4,1.2448967000613733,1950.4738112350217
ag,50,2.6372444318708435,1.6940123904213242,2637.2444318708435,2575,2570,5145,1.0261651485878769,5870,5.87,4,1.6386031382963826,5648.118619445875
ag,50,2.575659851533292,1.6949634460428809,2575.6598515332917,2624,2621,5245,0.9827012024163646,6074,6.074,4,1.7132981261140452,6342.724129710497
ag,50,2.297793632474737,1.5698483909877663,2297.793632474737,2265,2265,4530,1.0144784249336587,4594,4.594,4,1.5369739364314374,4264.059028686609
ag,50,2.24715489139851,1.5418132320836058,2247.1548913985102,2275,2272,4547,0.9890646529042739,4505,4.505,4,2.0043082597377055,4199.998353649507
ag,50,0.9903065895107666,0.6629327580294373,990.3065895107666,1012,1011,2023,0.9795317403667325,815,0.815,4,0.6627992126532716,759.9376257878349
ag,50,2.1871484448584626,1.4077869897928743,2187.1484448584624,2205,2204,4409,0.9923541038377779,4259,4.259,4,1.6231793460854422,4952.237430593739
ag,50,1.0010396779188655,0.6847509594536065,1001.0396779188656,1014,1014,2028,0.9872186172769877,909,0.909,4,0.6990495147504444,789.1196803283456
ag,50,2.3818036551356006,1.452503067227867,2381.8036551356004,2264,2264,4528,1.0520334165793288,4914,4.914,4,1.3939459475325477,5750.071988109431
ag,50,1.2930693605158095,0.8610595416380765,1293.0693605158094,1287,1284,2571,1.007063364887702,1424,1.424,4,0.768343274674014,1306.197895830484
ag,50,1.6332767010421931,1.081176801644338,1633.276701042193,1599,1595,3194,1.0239979316878953,2282,2.282,4,1.304715718986505,2269.6047093978095
ag,50,0.6569867334586126,0.4603509973536601,656.9867334586125,676,675,1351,0.9733136791979445,298,0.298,4,0.3748070836701796,284.9114322774236
ag,50,2.5967415013388018,1.7887137483328817,2596.7415013388018,2640,2638,5278,0.9843599322739961,6102,6.102,4,1.839764814394682,6440.918518085855
ag,50,1.9115155123919447,1.273265359500809,1911.5155123919446,1945,1944,3889,0.9832898726296011,3271,3.271,4,1.281079925757125,3303.455169982413
ag,50,1.667690495395587,1.0634251030282704,1667.6904953955868,1637,1636,3273,1.0193707184569603,2355,2.355,4,0.8744707670248675,3106.092109639217
ag,50,1.9469828186252984,1.2864139971778163,1946.9828186252985,1947,1944,3891,1.0015343717208325,3293,3.293,4,1.1831303494532495,3689.9379517046978
ag,50,0.9697840525084112,0.646156236552458,969.7840525084112,1066,1065,2131,0.9105953544679917,867,0.867,4,0.7876555423260454,1229.3886356729017
ag,50,2.552113853857931,1.6545763051645017,2552.1138538579307,2611,2606,5217,0.9793222769984385,5960,5.96,4,1.3386000537830394,4570.498763737657
ag,50,0.669363796994176,0.4505685142598976,669.363796994176,660,659,1319,1.0157265508257602,328,0.328,4,0.493868818633843,281.51744150658624
ag,50,2.932014140824562,1.8581636391805392,2932.0141408245618,2896,2894,5790,1.0131355013215486,7661,7.661,4,1.81586190405941,6148.3961409224685
ag,50,1.6596117752815238,1.110668039138481,1659.6117752815237,1647,1646,3293,1.0082696083119829,2566,2.566,4,1.4327908941167362,2268.2703376532368
ag,50,1.6241939977558013,1.1260861147846244,1624.1939977558013,1659,1658,3317,0.9796103725909537,2394,2.394,4,0.8651207896911398,2013.0202610928618
ag,50,2.2840560741816556,1.4573276580519663,2284.0560741816557,2257,2254,4511,1.013334549326378,4608,4.608,4,1.3268852240501863,5205.277468403585
ag,50,2.539259736386818,1.6040371087144905,2539.259736386818,2550,2550,5100,0.9957881319163993,5739,5.739,4,1.282537517877422,5707.623072833891
ag,50,1.6320702209200029,1.067595077448646,1632.0702209200028,1682,1680,3362,0.9714703695952398,2373,2.373,4,1.0743432019761465,2525.6098095146453
ag,50,1.6477845121311203,1.0892468342798072,1647.7845121311202,1656,1651,3307,0.9980523998371412,2590,2.59,4,1.0660032698370276,2568.6136964221328
ag,50,3.473876363114283,2.2240316345745943,3473.876363114283,3509,3505,7014,0.9911202177216214,10355,10.355,4,2.1462029107298295,8177.897128406905
ag,50,1.639482798274362,1.037452560687758,1639.482798274362,1602,1602,3204,1.0233975020439214,2257,2.257,4,1.264647840419111,2514.427639163966
ag,50,2.958117799414067,1.9037748699738863,2958.117799414067,2922,2919,5841,1.0134010960651139,7563,7.563,4,2.0179930912794433,7530.958532489939
ag,50,2.2584567810020015,1.4912856758621034,2258.4567810020017,2268,2268,4536,0.9957922314823641,4624,4.624,4,1.3277443279364671,4970.874378682215
ag,50,1.6444968552871129,1.0535961842394257,1644.4968552871128,1577,1576,3153,1.0434624716288787,2454,2.454,4,0.734210000782655,2704.9668317904875
ag,50,1.3034784186939237,0.8467349688244756,1303.4784186939237,1314,1313,2627,0.9927482244432015,1419,1.419,4,1.0760060394786213,1394.9809878872231
ag,50,2.58936133717396,1.7197822280196282,2589.3613371739602,2531,2528,5059,1.0242726808441298,5731,5.731,4,1.6404272165470346,4781.34732864758
ag,50,1.640369831334726,1.072044255016921,1640.3698313347259,1659,1656,3315,0.9905614923518876,2302,2.302,4,1.3021162308389072,2682.8386894902387
ag,50,1.6585721892287801,1.0833333115799215,1658.5721892287802,1624,1622,3246,1.022547588920333,2514,2.514,4,1.0943335646196506,2374.566342203474
ag,50,0.6738408700641548,0.4332865789217411,673.8408700641548,665,665,1330,1.0132945414498569,354,0.354,4,0.4870275073765082,237.8141599611417
ag,50,1.3084865488534507,0.829183366180526,1308.4865488534508,1300,1299,2599,1.007302962935682,1314,1.314,4,0.7373803808865141,1480.4929708661923
ag,50,2.249246065742689,1.4695827334793339,2249.246065742689,2282,2281,4563,0.9860789415794341,4542,4.542,4,1.4177451904069007,4446.269577021332
ag,50,1.3072222698217346,0.8311417219015643,1307.2222698217347,1293,1292,2585,1.011781942586482,1488,1.488,4,0.9081735774278855,1627.0110942032434
ag,50,1.3572315521501919,0.8813142904032742,1357.2315521501919,1338,1336,2674,1.0158918803519401,1489,1.489,4,0.9809101873637123,1465.2264026072792
ag,50,1.678298133752483,1.0321535425621182,1678.298133752483,1638,1636,3274,1.0258546049831803,2462,2.462,4,1.1245913934428966,2439.9561709316763
ag,50,1.022409394048907,0.6747840616584865,1022.409394048907,992,991,1983,1.0316946458616618,866,0.866,4,0.6914729738490134,1044.3203780629983
ag,50,1.2577605851632463,0.8143938071647758,1257.7605851632463,1282,1282,2564,0.9810925001273373,1395,1.395,4,0.7497544454139953,1780.3254520914206
ag,50,0.9904591619504501,0.6597164493187476,990.4591619504502,1008,1007,2015,0.9835741429498015,775,0.775,4,0.5310278488893463,884.3384343359902
ag,50,1.6583290219401101,1.0182858367039795,1658.3290219401101,1645,1641,3286,1.0105600377453443,2263,2.263,4,0.6576959360918675,2364.0182989046143
ag,50,1.3552762057868908,0.866495278492694,1355.2762057868908,1369,1368,2737,0.9906989808383705,1706,1.706,4,0.8594767666433958,1713.6890539601516
ag,50,0.3518757073007472,0.22805919391234605,351.8757073007472,334,334,668,1.053520081738764,68,0.068,4,0.19982927200917563,69.56222232877825
ag,50,1.6062744425293163,1.0977081457762314,1606.2744425293163,1639,1638,3277,0.9806315277956754,2307,2.307,4,1.2343827029812198,2316.9074533771286
ag,50,1.6210238192182451,1.103613850498995,1621.023819218245,1627,1626,3253,0.9969396182154029,2382,2.382,4,1.158361859848052,2694.3001014702113
ag,50,2.918087262107757,1.8941378374331874,2918.087262107757,2926,2924,5850,0.9979778598179744,7592,7.592,4,1.6315221232464983,8162.8489398822185
ag,50,2.0122872074174936,1.2845708125683206,2012.2872074174934,2043,2042,4085,0.9854491711153248,3622,3.622,4,1.6578516841474933,3162.5993460150344
ag,50,1.6122966513302384,1.0696719413659321,1612.2966513302383,1605,1604,3209,1.0051724758916698,2131,2.131,4,1.0274981907961815,2062.4878802425424
ag,50,1.6469644067418616,1.0582015460336816,1646.9644067418617,1636,1635,3271,1.0073176799644414,2423,2.423,4,0.9676379390017115,2864.0116303155833
ag,50,0.6640007798205785,0.43480323639362967,664.0007798205785,655,655,1310,1.0137416485810358,336,0.336,4,0.47373167683272416,350.76779505414805
ag,50,1.0075595527504464,0.6819152332930798,1007.5595527504463,1010,1009,2019,0.9985724011401846,875,0.875,4,0.8099936448073998,727.9498109079198
ag,50,1.898866019536046,1.2593414215715046,1898.866019536046,1931,1928,3859,0.9848890142821816,3495,3.495,4,1.1592946051004742,3923.8325401708057
ag,50,1.0353625769698933,0.6807540358167101,1035.3625769698933,996,996,1992,1.0395206596083266,874,0.874,4,0.6392773478569376,899.9055764941606
ag,50,0.9947912972278541,0.674357075712614,994.7912972278541,1005,1004,2009,0.9908279852867072,867,0.867,4,0.7779719337331908,926.3837001739975
ag,50,2.5280366304665454,1.6927887419016447,2528.0366304665454,2609,2606,5215,0.9700831275773389,5780,5.78,4,1.8228425968554909,6020.3697814208235
ag,50,0.977756186181538,0.664493965164122,977.756186181538,1026,1026,2052,0.9529787389683607,831,0.831,4,0.8704039234618282,636.83337462052
ag,50,3.1621705502134176,2.0838179434074067,3162.1705502134178,3224,3221,6445,0.9817356566946345,9120,9.12,4,2.355999122627114,9307.57670083001
ag,50,2.326370587765555,1.4738700121966675,2326.3705877655552,2285,2282,4567,1.0194437282057647,4734,4.734,4,1.3507277123595955,4191.247049382523
ag,50,1.609525498361673,0.9956978403483757,1609.5254983616728,1594,1593,3187,1.010373821947064,2145,2.145,4,0.930199938459676,2813.1088828815696
ag,50,1.2695623940219412,0.812987997997411,1269.5623940219411,1284,1283,2567,0.989526417787951,1461,1.461,4,0.9272145599593482,1595.690255680905
ag,50,1.3928310361206018,0.8988518404617829,1392.8310361206018,1363,1362,2725,1.0226365903969177,1640,1.64,4,1.0299147294210635,1528.9647203180386
ag,50,2.217258498769025,1.4570108675105369,2217.2584987690248,2252,2250,4502,0.9854482216751221,4512,4.512,4,1.3503863194298689,4364.834910578899
ag,50,1.3354821574842506,0.9090158210693573,1335.4821574842506,1344,1341,2685,0.9958852777660333,1493,1.493,4,0.8164145560096776,1736.9176492682434
ag,50,0.6836931157608437,0.44311898414865675,683.6931157608437,688,688,1376,0.9937399938384357,378,0.378,4,0.5713046378663921,398.81778804123314
ag,50,1.3343002104105954,0.8609128086921541,1334.3002104105954,1327,1326,2653,1.0062595855283525,1545,1.545,4,1.1060442455523296,1782.476687088111
ag,50,1.9636303067347536,1.2632103675097142,1963.6303067347535,1854,1852,3706,1.0602755435932794,3379,3.379,4,1.0829546107427959,3929.9414321123418
ag,50,2.264356091579976,1.4785957833194499,2264.356091579976,2261,2258,4519,1.0028149209831603,4443,4.443,4,1.7629459822327729,5175.8280248204555
ag,50,0.31989424983873005,0.2175619187588462,319.89424983873005,361,360,721,0.8885951384409168,71,0.071,4,0.19696315553592733,73.48588568098995
ag,50,1.5886846083423418,1.0798816011582248,1588.6846083423418,1672,1670,3342,0.9513081487079891,2308,2.308,4,1.2366438458338345,1657.7825035423375
ag,50,2.59201325904056,1.7134277067621113,2592.0132590405597,2629,2624,5253,0.9878099310367987,6118,6.118,4,2.0111592617353584,6000.245367316182
ag,50,0.673778541799898,0.43884162783619307,673.778541799898,674,674,1348,0.999671427002816,342,0.342,4,0.45243486000985006,334.02429471019207
ag,50,1.011973552636253,0.6593621625688649,1011.9735526362531,987,986,1973,1.0263423454728733,869,0.869,4,0.6451864429169103,901.2854808782009
ag,50,2.9334341628854084,1.9301036797017754,2933.4341628854086,2969,2967,5936,0.9886869440126083,7910,7.91,4,1.8868229310121223,8663.11551176524
ag,50,0.9799284042372907,0.6458566766407623,979.9284042372907,1010,1009,2019,0.9711877148040542,770,0.77,4,0.5923819806647155,743.7032460016347
ag,50,0.6583972373506483,0.4375179734430344,658.3972373506483,661,661,1322,0.9960623863096041,276,0.276,4,0.34809839043038376,230.28240840816355
ag,50,1.2922393183591845,0.860754935437945,1292.2393183591844,1317,1317,2634,0.9811991787085682,1478,1.478,4,0.6756593744078111,1249.7668113784048
ag,50,1.2622806979456396,0.8670704484277671,1262.2806979456395,1350,1350,2700,0.9350227392189923,1419,1.419,4,0.6719624596459076,1349.7960199700572
ag,50,1.26740239809604,0.8297972317206371,1267.40239809604,1275,1274,2549,0.9948213485840189,1508,1.508,4,0.5732062610456935,1422.622516658101
ag,50,0.65955813654792,0.4636312723111463,659.55813654792,638,637,1275,1.0354130872023861,301,0.301,4,0.5700724538881085,240.3039447522031
ag,50,2.245703467648111,1.4207237315780612,2245.703467648111,2239,2236,4475,1.004339654583234,4472,4.472,4,1.2995023148771276,3981.2524805055496
ag,50,0.9894961535876607,0.6675919860113325,989.4961535876607,959,958,1917,1.0328769870434873,797,0.797,4,0.660291438739453,785.3443825020463
ag,50,1.609975031037821,1.0730907149530506,1609.9750310378208,1620,1615,3235,0.9968885641101057,2311,2.311,4,1.1815264546821174,1696.3230034402302
ag,50,1.2872300992387968,0.8502686751602678,1287.2300992387968,1324,1323,2647,0.9729630379733913,1437,1.437,4,0.8259380406760355,1557.9122273005394
ag,50,0.6897284115762328,0.4568723309237381,689.7284115762328,661,661,1322,1.043462044744679,326,0.326,4,0.3877091993670283,426.4483035108931
ag,50,1.982564178645257,1.2837775786916066,1982.564178645257,1971,1969,3940,1.0068888667573677,3480,3.48,4,1.4234098216473903,3514.845717956538
ag,50,1.3192336924490375,0.8576486342065673,1319.2336924490376,1335,1334,2669,0.9889308039348108,1574,1.574,4,0.9042115546677205,1245.2788406831767
ag,50,0.0,0.0,0.0,0,0,0,,0,0.0,4,0.0,0.0
ag,50,1.3093323144286935,0.8679396379557835,1309.3323144286935,1327,1327,2654,0.9866859942944186,1496,1.496,4,0.7858548585757738,1461.5344589560414
ag,50,2.644986285575809,1.7046699937037064,2644.9862855758092,2684,2680,5364,0.9869351811850035,6396,6.396,4,1.9504384595743711,7285.386097262258
ag,50,1.9893968178967183,1.350565649241275,1989.3968178967184,2007,2005,4012,0.9922178642876401,3593,3.593,4,1.3050723831453748,4183.51426163695
ag,50,1.3604597139058785,0.8975595344874371,1360.4597139058785,1324,1322,2646,1.0290920680074724,1524,1.524,4,0.8877165206620092,1341.4011594149422
ag,50,2.1955918376408947,1.4713658041265427,2195.591837640895,2296,2293,4589,0.9575193360841234,4551,4.551,4,1.4475410154811534,4187.285397142083
ag,50,0.33520931085679034,0.22284402877170603,335.20931085679035,326,326,652,1.0282494198061054,70,0.07,4,0.20887522051806506,72.1974531323167
ag,50,1.6441201915569759,1.0911024457642629,1644.120191556976,1583,1581,3164,1.0399242198336343,2438,2.438,4,1.0598051750720172,2350.828870166274
ag,50,2.3128768110488673,1.5863716773924765,2312.8768110488672,2277,2273,4550,1.0175436916185074,4801,4.801,4,1.4080217939706396,3649.4337556534615
ag,50,1.9457815802156533,1.3056078336983452,1945.7815802156533,1931,1929,3860,1.0086996268614066,3220,3.22,4,1.6172640419178457,2283.1172922422084
ag,50,0.9994327488956021,0.6592508203516504,999.4327488956021,1011,1010,2021,0.9895373751441605,808,0.808,4,0.5441720192111713,702.00953381339
ag,50,2.1869365490134185,1.4896515940872437,2186.9365490134187,2301,2298,4599,0.9516695165419576,4421,4.421,4,1.7342362128174245,5265.251402462715
ag,50,1.6880971820334318,1.0804635661804183,1688.0971820334319,1605,1602,3207,1.0537435593217428,2240,2.24,4,1.2560662977686745,2130.6541948799945
ag,50,0.963717716270391,0.6530608553853117,963.7177162703911,968,968,1936,0.9955761531718916,787,0.787,4,0.7260263463863033,863.6120413159597
ag,50,1.6322713697856188,1.1060471544232091,1632.2713697856188,1592,1590,3182,1.0265857671607665,2323,2.323,4,0.9820146132552187,2328.748843841251
ag,50,1.305106537078368,0.8545287553924878,1305.106537078368,1285,1284,2569,1.0164381129893834,1385,1.385,4,0.7554119709644461,1223.0990993339378
ag,50,2.783592724050875,1.9283483094986504,2783.592724050875,2917,2912,5829,0.9559040947976906,7569,7.569,4,1.9535628391131235,9129.092741431656
ag,50,2.3287275247808967,1.5467445847227796,2328.7275247808966,2311,2308,4619,1.008980729974392,4689,4.689,4,1.6645624295605892,4837.778718504601
ag,50,2.280552929875502,1.5007070743248727,2280.5529298755023,2263,2259,4522,1.0095409162795494,4829,4.829,4,1.6918598658121482,5727.077902165374
ag,50,1.950543367724581,1.3518553381497451,1950.543367724581,2008,2006,4014,0.9723546200022837,3407,3.407,4,1.47348072568656,3989.8173187807865
ag,50,1.326597597450856,0.8604845505048615,1326.597597450856,1326,1323,2649,1.0027192724496266,1571,1.571,4,0.9686602742754927,1700.5182564134473
ag,50,1.6158406885718017,1.0992745587467494,1615.8406885718018,1664,1661,3325,0.9728119738541853,2432,2.432,4,1.2195785197925602,2124.9384119594906
ag,50,0.3383878706632904,0.2238815196512547,338.3878706632904,359,358,717,0.945217515819247,65,0.065,4,0.20774961309434722,57.35987904399001
ag,50,1.606362714112867,1.0717208803394007,1606.3627141128668,1658,1657,3315,0.9694403826873065,2237,2.237,4,1.1643884435071215,1888.9628649827378
ag,50,2.3027070767289244,1.533471000762695,2302.707076728924,2240,2236,4476,1.0298332185728643,4440,4.44,4,1.6831551786423944,4338.132626247655
ag,50,2.6554569088291764,1.7084364949126838,2655.4569088291764,2572,2569,5141,1.033653915464841,5928,5.928,4,1.4137896473202507,4150.155367489677
ag,50,1.96520866044685,1.295315011949709,1965.20866044685,1930,1929,3859,1.018770689708061,3373,3.373,4,1.509798948485719,3519.7967831818687
ag,50,1.6455987894082917,1.0699112827287722,1645.5987894082919,1605,1603,3208,1.026574416349527,2294,2.294,4,0.8244526814614382,2514.046646899279
ag,50,1.3341239118142116,0.9151800398871203,1334.1239118142116,1335,1333,2668,1.0008431446468204,1514,1.514,4,1.1303654511126127,1279.1150160374232
ag,50,1.9681340033786123,1.3227508710483813,1968.1340033786123,1967,1964,3931,1.0021048897039777,3463,3.463,4,1.5741486643871387,3094.042219948892
ag,50,0.6496726537552253,0.44438713612184777,649.6726537552253,650,649,1299,1.0010364464641375,318,0.318,4,0.5422636865774706,413.7780587847006
ag,50,1.0052156669355456,0.6475646951270437,1005.2156669355456,993,991,1984,1.0143447698643246,844,0.844,4,0.6586059024516745,870.5076443334083
ag,50,0.9439799747709959,0.6471839068557784,943.9799747709959,988,987,1975,0.9564133482988814,756,0.756,4,0.6443011806205274,426.51167079316764
ag,50,0.9615790885463287,0.6624952084433768,961.5790885463286,963,961,1924,1.0006025895383233,775,0.775,4,0.576068554974982,1115.263120859373
ag,50,2.259898270929677,1.500764050917803,2259.898270929677,2284,2283,4567,0.9898809771921494,4762,4.762,4,1.4054861534084766,3713.581291212672
ag,50,2.9191692878512923,1.900762286581623,2919.169287851292,2924,2920,5844,0.9997155095381137,7462,7.462,4,2.174026015939607,8766.180013920808
ag,50,2.2703137506819373,1.5144176440438553,2270.313750681937,2260,2256,4516,1.0063447476427025,4608,4.608,4,1.5910361133369548,4499.328615796964
ag,50,2.245217084519492,1.4560270211093171,2245.217084519492,2266,2262,4528,0.9925804971350539,4544,4.544,4,1.7127005064065572,5605.647774325991
ag,50,1.3138913598033486,0.8788881103143689,1313.8913598033487,1326,1324,2650,0.9923650753801727,1600,1.6,4,0.9985058352128255,1443.3664407219337
ag,50,1.2544836525859937,0.8838888105933925,1254.4836525859937,1294,1292,2586,0.9709625794009239,1458,1.458,4,0.8755115728304962,1460.6854436165142
ag,50,2.2385682069654886,1.457527985031675,2238.5682069654886,2259,2256,4515,0.9922731413854116,4405,4.405,4,1.4486886125334637,5157.644058693984
ag,50,1.6177655552517007,1.0101888484274817,1617.7655552517008,1671,1670,3341,0.9687218893722759,2321,2.321,4,1.085134359840252,2535.060145274995
ag,50,2.2612736153625326,1.5876421109085563,2261.2736153625324,2281,2279,4560,0.9922218584302468,4678,4.678,4,1.7599159077451179,4972.275388817188
ag,50,1.2903833942649303,0.8245872724251717,1290.3833942649303,1293,1293,2586,0.9979763296712532,1401,1.401,4,0.8009806991975579,1107.1223694664761
ag,50,2.9685045859218424,1.9212955898849347,2968.5045859218426,2909,2904,5813,1.022212322975841,7510,7.51,4,1.635996491122323,7561.084315501573
ag,50,1.614244670561949,1.077705078061837,1614.244670561949,1575,1573,3148,1.0262203881512708,2128,2.128,4,1.2706919226665165,1916.7480314950262
ag,50,1.6627931034781116,1.0170306429521163,1662.7931034781116,1671,1670,3341,0.9956844931006656,2532,2.532,4,1.0316135551995083,2426.037605827308
ag,50,1.309805568775094,0.8820409096178966,1309.8055687750941,1274,1273,2547,1.0289124656520772,1382,1.382,4,0.9273153671530656,1415.0562217857541
ag,50,2.5321742843941393,1.6705715167407142,2532.1742843941392,2561,2559,5120,0.9895171099625397,5750,5.75,4,1.6118567651178644,6226.952339557058
ag,50,2.2749119194821645,1.5081372104346205,2274.9119194821646,2291,2290,4581,0.9934113185511636,4675,4.675,4,1.7233057408762695,3677.8613928209597
ag,50,1.031423727003299,0.6518467100559557,1031.423727003299,999,998,1997,1.0334907084201392,844,0.844,4,0.6823507100230389,729.2497756653933
ag,50,2.2014498451206745,1.452859330179614,2201.4498451206746,2203,2200,4403,1.0006590205093975,4420,4.42,4,1.620397098252726,4674.574542095155
ag,50,0.6383418990390012,0.439942845114247,638.3418990390012,663,661,1324,0.9657214811482621,260,0.26,4,0.4472916917945458,281.64970564405735
ag,50,1.982688515446545,1.2889092915222955,1982.688515446545,1959,1955,3914,1.014162923502069,3352,3.352,4,1.075195040117671,3115.2419782512848
ag,50,1.6481555955782847,1.1002287014655183,1648.1555955782846,1702,1700,3402,0.969503291516638,2495,2.495,4,1.0103329057232004,2236.4023211619588
ag,50,0.9544124415371027,0.6575766405916633,954.4124415371027,986,986,1972,0.9679639366502056,841,0.841,4,0.6905596045136285,1092.068762538137
ag,50,1.5828802577453165,1.0666875517187442,1582.8802577453164,1578,1577,3155,1.0037287620452229,2347,2.347,4,0.954052354540427,2465.7430601342444
ag,50,3.2679587778759696,2.2615935743195323,3267.9587778759696,3109,3106,6215,1.0521438434887218,9464,9.464,4,2.3318713087606455,7382.676640770648
ag,50,1.971726250645888,1.2789042786486793,1971.7262506458878,1939,1938,3877,1.0174026061124293,3485,3.485,4,1.3220268483263067,3024.5020927724368
ag,50,2.628436178537654,1.7247439851845496,2628.436178537654,2607,2606,5213,1.00860943151867,6174,6.174,4,2.1266405164592106,4916.3362949539605
ag,50,1.3292125238821375,0.8925876146455514,1329.2125238821375,1341,1339,2680,0.9926904584631348,1562,1.562,4,1.0054053028986392,1473.7871421604223
ag,50,2.681820552230438,1.784446566936161,2681.820552230438,2621,2616,5237,1.0251607615559777,6234,6.234,4,1.669747524461387,6080.186785493204
ag,50,0.30821104776943764,0.21321699780230308,308.21104776943764,328,328,656,0.9396678285653587,61,0.061,4,0.2520732661293268,54.32600481682675
ag,50,1.318123461803901,0.9040887006710882,1318.1234618039011,1316,1314,2630,1.003138098785313,1474,1.474,4,0.9608846503732295,1202.6537416619951
ag,50,1.3706142281615352,0.9199159747102336,1370.6142281615353,1346,1345,2691,1.019044035807833,1443,1.443,4,0.7288955223442771,1497.7772176581552
ag,50,2.2929954926465714,1.468651549681041,2292.9954926465716,2316,2315,4631,0.9904948132382598,4744,4.744,4,1.4037414028694757,4563.8548363578575
ag,50,0.6608490398559493,0.44349626190139807,660.8490398559493,661,660,1321,1.0012864240241657,345,0.345,4,0.38194591905335806,399.2033326663636
ag,50,1.00578222475158,0.6593988790916436,1005.7822247515799,986,985,1971,1.0210987053315532,831,0.831,4,0.738609813580235,888.7032589117174
ag,50,1.3032737554419063,0.8573306286383369,1303.2737554419064,1291,1291,2582,1.0095071692036455,1407,1.407,4,0.9040493165707058,1557.4223454416795
ag,50,1.640332084362687,1.1526375568426925,1640.332084362687,1637,1634,3271,1.0038752046283275,2360,2.36,4,1.2795442770321888,2221.0873648251263
ag,50,3.5523159336534613,2.4383131287435464,3552.3159336534613,3491,3488,6979,1.0184392011621162,10644,10.644,4,2.195267115369304,10251.996041788629
ag,50,0.6734325826868343,0.43026039913819014,673.4325826868343,698,697,1395,0.9661873496224308,384,0.384,4,0.45159651663262457,418.4444767022093
ag,50,1.6304616019367737,1.0972874344493049,1630.4616019367736,1626,1623,3249,1.0045974133929596,2435,2.435,4,0.8526065547697893,2365.8516121073376
ag,50,3.541053059866423,2.3353885119909226,3541.053059866423,3463,3458,6921,1.024017657566924,10845,10.845,4,2.7059102967172746,11734.691492984844
ag,50,1.3002740727858813,0.8280657131629171,1300.2740727858813,1291,1289,2580,1.0087463714397837,1461,1.461,4,1.0247288644203976,1168.4158582688353
ag,50,2.978527455622783,1.9636830874444418,2978.5274556227832,2909,2904,5813,1.0256637243880107,7601,7.601,4,2.1535937724032848,8916.371641213304
ag,50,2.4007269674599403,1.5441609162480678,2400.72696745994,2308,2305,4613,1.0415301377266553,4802,4.802,4,1.7141530456517877,5984.905452917849
ag,50,0.6948579940250821,0.44039861450868173,694.8579940250821,690,690,1380,1.0070405710508437,358,0.358,4,0.47377735926787695,417.03176325616744
ag,50,2.1978766258200784,1.3212992026066075,2197.8766258200785,2277,2275,4552,0.9660996157450895,4418,4.418,4,1.3223875177501063,4690.445739573772
ag,50,1.3145690995529207,0.9211717638879189,1314.5690995529208,1333,1332,2665,0.9869137384030937,1416,1.416,4,1.2487847900149565,1060.9724595339198
ag,50,1.0196275698819233,0.6720699156846683,1019.6275698819234,1009,1007,2016,1.0125397913425256,873,0.873,4,0.7965391670391097,1087.5043005226898
ag,50,1.0035977239326601,0.6657898714373202,1003.5977239326602,978,977,1955,1.0272238730119347,734,0.734,4,0.9628926497453972,761.9637835216131
ag,50,1.933547083575888,1.2816322863091234,1933.5470835758879,1971,1970,3941,0.981495981510603,3369,3.369,4,1.3834380940078284,3890.847637999224
ag,50,1.3523147832539189,0.8648098642872544,1352.314783253919,1306,1304,2610,1.0370512141517783,1516,1.516,4,1.0705423247809949,1240.524057615699
ag,50,1.9696939016022084,1.2819790053843776,1969.6939016022084,2005,2004,4009,0.9828811884242556,3440,3.44,4,1.6089362978962058,3542.3277560860206
ag,50,0.9743059213102517,0.6508480625091825,974.3059213102517,998,997,1995,0.9772376342128904,799,0.799,4,0.7012812885928407,854.6722603833357
ag,50,2.296517853283619,1.552828148337369,2296.517853283619,2327,2327,4654,0.9869006675047782,4604,4.604,4,1.5834671872216286,4758.702817678631
ag,50,2.26809437444103,1.5155957579619144,2268.0943744410297,2249,2246,4495,1.0098372103477424,4584,4.584,4,1.5684400852774363,5168.120080098606
ag,50,1.3011910398055557,0.9135966080709401,1301.1910398055556,1312,1311,2623,0.992517955610645,1422,1.422,4,0.9858308894008391,1820.781254384657
ag,50,1.950168928380756,1.2937807630461275,1950.168928380756,1920,1918,3838,1.0167721211578498,3128,3.128,4,1.300856205878394,2959.660141542002
ag,50,1.6368140359036387,1.0725368124123495,1636.8140359036388,1569,1569,3138,1.043221182857641,2379,2.379,4,1.1768536450086011,1690.462229673638
ag,50,2.9302889244693167,1.7985464302249126,2930.2889244693165,2918,2913,5831,1.0059350925057728,7812,7.812,4,2.019849286831601,6481.859209192755
ag,50,0.9790729013047447,0.666112405049344,979.0729013047446,993,991,1984,0.9879645825476737,825,0.825,4,0.78819672249979,856.4757683749223
ag,50,1.974803421169896,1.2501030978970904,1974.803421169896,1959,1956,3915,1.0096132010071042,3298,3.298,4,1.3965171655699198,3906.5669958173835
ag,50,1.5970283687705,1.05709720431323,1597.0283687705,1619,1619,3238,0.9864288874431748,2266,2.266,4,1.1442343466340503,1833.2309738676915
ag,50,0.3051924207835823,0.21205000707983912,305.1924207835823,328,328,656,0.9304646975109216,61,0.061,4,0.16135971702487167,50.17691584506806
ag,50,1.9695968557975698,1.261464742377538,1969.5968557975698,1985,1983,3968,0.9932409761964548,3672,3.672,4,1.6810158145686878,3487.000424646116
ag,50,0.9917839203637326,0.6849570057444184,991.7839203637326,1012,1009,2021,0.9829374830165833,798,0.798,4,0.8424060470425375,941.4023970487407
ag,50,1.6440041756914225,1.0722050382015977,1644.0041756914225,1631,1631,3262,1.007973130405532,2358,2.358,4,1.11084696811232,1695.0791299438035
ag,50,1.2779806200179324,0.8893557034057273,1277.9806200179326,1297,1295,2592,0.9868576216354692,1497,1.497,4,0.8660911111432527,2074.2181317441564
ag,50,3.559941480540942,2.4302032361385573,3559.941480540942,3533,3531,7064,1.0081963977742685,11298,11.298,4,2.0975447657688413,12265.794100663281
ag,50,3.2183580316428078,2.0904522710711073,3218.358031642808,3173,3171,6344,1.0149347308870413,9091,9.091,4,1.2473917793351472,9050.881987305413
ag,50,1.5613133963575623,1.0372292383368822,1561.3133963575622,1644,1642,3286,0.9508607773188563,2244,2.244,4,1.07996627075694,1866.2220652139504
ag,50,1.027772837089381,0.6562810573997954,1027.772837089381,1005,1002,2007,1.0257213943007795,885,0.885,4,0.5220304033335035,840.7622450156591
ag,50,1.6129515221614774,1.0948730765972137,1612.9515221614774,1697,1696,3393,0.9510327371235127,2365,2.365,4,1.2534307166545693,1741.5096959938778
ag,50,0.6306177566539047,0.4299841190601366,630.6177566539047,659,658,1317,0.9583856484101896,313,0.313,4,0.4144860709411797,340.75871778231794
ag,50,2.565580717630143,1.6736293168699832,2565.580717630143,2596,2593,5189,0.9894256527690487,5971,5.971,4,1.7201084377331484,6308.574583535296
ag,50,1.0161880117989188,0.6722639839689787,1016.1880117989189,989,988,1977,1.0285303763146951,966,0.966,4,0.5903135608395775,823.9002773364571
ag,50,1.3676252638403112,0.8381741110828045,1367.6252638403112,1324,1321,2645,1.0352954306134075,1595,1.595,4,0.8959881206255762,1255.096606515812
ag,50,1.6413990321795082,1.0563782848886611,1641.3990321795081,1675,1674,3349,0.9805251088288579,2451,2.451,4,1.2131017391150098,2319.350024330373
ag,50,2.2653429691542972,1.5286940037212635,2265.3429691542974,2298,2297,4595,0.9862180971503254,4572,4.572,4,1.2568401547015617,5391.793222307712
ag,50,2.8482239492812274,1.8509993862489929,2848.2239492812273,2922,2920,5842,0.975419160712749,7463,7.463,4,1.6503769526151073,9272.967789166838
ag,50,2.293958271108292,1.555243734788427,2293.958271108292,2224,2224,4448,1.0314560571530091,4433,4.433,4,1.9319961119394822,3771.8079699065606
ag,50,2.8848788897173647,1.8198986012064255,2884.878889717365,2872,2871,5743,1.004834165697445,7278,7.278,4,1.6827858165120277,6691.823917835947
ag,50,1.3336157088465206,0.9289866428625798,1333.6157088465206,1287,1287,2574,1.0362204419941885,1449,1.449,4,0.9362643310313308,1498.5709070327587
ag,50,2.9049615712043515,2.0357333690820063,2904.9615712043515,2917,2912,5829,0.9975829571443514,7484,7.484,4,2.6131048735693154,6080.552572686254
ag,50,2.289399834395438,1.5306843202817713,2289.399834395438,2256,2252,4508,1.0166073864988625,4546,4.546,4,1.818506154768073,4536.999957830305
ag,50,4.128914068267963,2.8749465484044836,4128.914068267963,4081,4076,8157,1.0129818616947897,14340,14.34,4,3.216238760432509,13372.266468828018
ag,50,1.6176571948261091,1.056126945694225,1617.6571948261092,1645,1641,3286,0.9857752558355327,2253,2.253,4,1.10290058355061,2100.730822829683
ag,50,2.323542708947463,1.523557826643949,2323.5427089474633,2303,2299,4602,1.0106753844921545,4729,4.729,4,1.43365973835449,4989.5785586969205
ag,50,1.3204410254436088,0.9008978061108592,1320.4410254436089,1341,1340,2681,0.9854037503310514,1536,1.536,4,0.9045932126319578,1311.8357133391532
ag,50,0.3078971285421254,0.21309648677763932,307.8971285421254,340,339,679,0.9082511166434378,58,0.058,4,0.13626423665149662,68.76875874517316
ag,50,1.2775915928778077,0.8548270383028373,1277.5915928778077,1339,1337,2676,0.9555658884650768,1524,1.524,4,0.8141807135021978,1413.5201988866652
ag,50,2.88007622702525,1.9200452508468837,2880.07622702525,2903,2901,5804,0.992787392976646,7502,7.502,4,1.8927013329125408,9631.162191148513
ag,50,1.6554776629081607,1.082536204792316,1655.4776629081607,1698,1698,3396,0.9749573986502713,2335,2.335,4,0.8975913635659982,2757.654055246288
ag,50,0.9955548146393852,0.6629609376284595,995.5548146393852,1007,1006,2013,0.9896171119675797,839,0.839,4,0.5137561999344915,714.1779261767696
ag,50,2.581420614513447,1.6904038648886435,2581.4206145134467,2618,2615,5233,0.9871589348043773,6048,6.048,4,1.8738960952870842,5719.526110064218
ag,50,0.9855863607203844,0.6436946459652145,985.5863607203844,1025,1023,2048,0.9634275275859085,785,0.785,4,0.8138664617588037,739.529197133875
ag,50,1.9969212375427055,1.2192765350746668,1996.9212375427055,1974,1973,3947,1.0121242967778539,3454,3.454,4,1.2842636832032828,3799.2446804368856
ag,50,0.30747872293137796,0.21293555787586682,307.47872293137794,341,341,682,0.901697134696123,83,0.083,4,0.2064017899633203,80.06870382569625
ag,50,1.996664448663666,1.3351192514512162,1996.664448663666,1963,1961,3924,1.0181868682629607,3395,3.395,4,1.6848855930055622,3811.6068622728326
ag,50,2.3657988404864354,1.5772969363584428,2365.7988404864354,2295,2294,4589,1.0312985355215498,4928,4.928,4,1.5845162767089762,3960.460008803463
ag,50,2.2155993506996747,1.5082487214626243,2215.5993506996747,2278,2275,4553,0.9738898244833735,4484,4.484,4,1.2534044994965658,4920.950623500826
ag,50,2.282533509869262,1.5021774128824361,2282.5335098692617,2267,2266,4533,1.0072963415133547,4413,4.413,4,1.5606940542197312,3968.052682285414
ag,50,1.3098617435912174,0.8833721290994306,1309.8617435912174,1305,1303,2608,1.0052661117353932,1531,1.531,4,0.9704878296831378,2163.258883389397
ag,50,1.9562000097005872,1.2567278220769114,1956.200009700587,1935,1933,3868,1.0120020743407072,3273,3.273,4,1.3804695201393962,2908.31120951209
ag,50,1.6253567344347362,1.0199047218195123,1625.3567344347362,1624,1622,3246,1.0020695033506388,2576,2.576,4,1.248557576576279,2570.179660015529
ag,50,2.2447077296180433,1.4746179325648434,2244.7077296180432,2316,2312,4628,0.9708943467206069,4631,4.631,4,1.4493151184480426,4136.500296760313
ag,50,1.6925229640984965,1.0518373307447477,1692.5229640984965,1612,1612,3224,1.049952210979216,2273,2.273,4,1.1080843451086593,2757.4117341497104
ag,50,2.270455999597153,1.5011280355918157,2270.455999597153,2300,2298,4598,0.9880139249770031,4804,4.804,4,1.271551201793006,4895.236104498619
ag,50,1.615689804209529,1.0654801331926134,1615.6898042095288,1667,1667,3334,0.9692200385180136,2396,2.396,4,1.107485618002723,2297.9793211707515
ag,50,0.6666160576414009,0.4415507189666568,666.6160576414009,701,701,1402,0.9509501535540669,328,0.328,4,0.5053186248429951,305.0032463926384
ag,50,1.640183833578202,1.0612310520590449,1640.183833578202,1657,1657,3314,0.9898514384901641,2359,2.359,4,0.9344410986273985,2893.9742288552834
ag,50,1.6785574012613325,1.1009642428289121,1678.5574012613324,1636,1633,3269,1.0278979799518264,2347,2.347,4,1.291357629585508,2487.8834914703316
ag,50,1.6164626413059608,1.078783328562137,1616.462641305961,1663,1660,3323,0.9737726754855186,2284,2.284,4,0.8669235761397255,2350.8153836858883
ag,50,1.3412352606919966,0.8530587403526088,1341.2352606919967,1357,1355,2712,0.9898415208059016,1662,1.662,4,1.0501700142743033,1399.6572851274495
ag,50,2.2739091462119014,1.4720831443668012,2273.9091462119013,2277,2272,4549,1.0008402932270692,4584,4.584,4,1.5020936080923928,4554.971332229358
ag,50,1.3047786782593958,0.8913163421948073,1304.7786782593957,1345,1345,2690,0.970095671568324,1470,1.47,4,0.8944446876460401,876.0107716605065
ag,50,2.972482331614018,1.8227079594760567,2972.4823316140178,2951,2946,5897,1.008989250378146,7922,7.922,4,2.3220327505933858,6379.4606424224085
ag,50,2.0307329954644873,1.290501190778724,2030.7329954644874,1975,1974,3949,1.0287401192829217,3437,3.437,4,1.0765930224748612,3230.6278694643065
ag,50,1.8735098834179338,1.2210358755804709,1873.5098834179337,1929,1924,3853,0.9737577356642066,3088,3.088,4,1.471420151593667,3588.917639093133
ag,50,3.5465513255422505,2.2771064637765095,3546.5513255422507,3534,3530,7064,1.0046887607768415,10925,10.925,4,2.0096166913079077,12422.108110216404
ag,50,0.9856066041227602,0.6385638106117031,985.6066041227602,1026,1025,2051,0.9615674186563514,839,0.839,4,0.5608176957809715,817.3712203133954
ag,50,1.3073419438011278,0.841268810252107,1307.3419438011279,1363,1362,2725,0.9598692685764522,1502,1.502,4,1.1029744351346793,1785.3635043261502
ag,50,0.28777225331548023,0.20495938353721127,287.7722533154802,297,296,593,0.9722035584982439,36,0.036,4,0.15186508101947985,28.352803513840907
ag,50,0.0,0.0,0.0,0,0,0,,0,0.0,4,0.0,0.0
ag,50,1.0304806899043017,0.6872637927276378,1030.4806899043017,998,997,1995,1.0335814342069225,896,0.896,4,0.7902059216425829,806.6294696115216
ag,50,2.6170503525686737,1.8007458606644402,2617.0503525686736,2628,2626,5254,0.9965919088228004,6400,6.4,4,1.8049921796200856,6601.293906690866
ag,50,1.7080849969406284,1.161700014220833,1708.0849969406283,1667,1666,3333,1.0252611026054193,2503,2.503,4,1.2475867792487172,2182.3029142782734
ag,50,1.3520265953424901,0.9411026800484262,1352.02659534249,1335,1333,2668,1.014273514885589,1617,1.617,4,0.994043574338747,2294.9448418737334
ag,50,0.9185968270779729,0.6315394850836976,918.5968270779729,1000,998,1998,0.9204377024829388,758,0.758,4,0.7708772716249302,662.5744984677535
ag,50,1.5993679761589574,1.038597286693961,1599.3679761589574,1698,1696,3394,0.9430235708484419,2393,2.393,4,1.2799814697719103,2541.585006028404
ag,50,2.3124886613148865,1.6162724694588468,2312.4886613148865,2279,2275,4554,1.0164785324461039,5022,5.022,4,1.676659091816134,3489.7660677020604
ag,50,0.683046259610786,0.43833635459659265,683.046259610786,616,616,1232,1.1088413305369902,282,0.282,4,0.5192929030608093,275.26074421919805
ag,50,2.2895544235379184,1.507716649136325,2289.5544235379184,2251,2249,4500,1.01803220255132,4470,4.47,4,1.2065475105675223,5865.24721183881
ag,50,0.6717699390291748,0.44316816682499166,671.7699390291748,669,669,1338,1.0041404170839683,362,0.362,4,0.5251391990827885,398.95492572111095
ag,50,1.3164356855619568,0.8848368052843815,1316.4356855619567,1314,1312,2626,1.003380857897833,1356,1.356,4,0.9383976229352204,1402.4110193978886
ag,50,1.9812599135974547,1.2603920175117347,1981.2599135974547,1959,1955,3914,1.0134321808682634,3424,3.424,4,1.011754731062799,3502.8002986705937
ag,50,1.33566238694824,0.8768221256387422,1335.66238694824,1318,1316,2634,1.0149410235168996,1534,1.534,4,0.8618132730897237,1607.0803987854092
ag,50,1.0036148140463799,0.6553335791499403,1003.6148140463799,1023,1022,2045,0.9820105812586888,809,0.809,4,0.7407989215520427,992.8926917048576
ag,50,1.9969101986448317,1.2312252698323736,1996.9101986448316,1978,1978,3956,1.0095602622066893,3708,3.708,4,1.343183784074964,3080.942663550844
ag,50,1.6113818907271478,1.1282818097839218,1611.3818907271477,1602,1602,3204,1.0058563612529012,2197,2.197,4,0.9777745570957302,1938.0765283990575
ag,50,0.6555098675082918,0.4219947139659053,655.5098675082918,648,648,1296,1.0115893017103268,306,0.306,4,0.37812532446324176,203.052333605981
ag,50,1.653632783748653,1.08503646327014,1653.632783748653,1658,1655,3313,0.9991738874614218,2325,2.325,4,0.81101145169734,2589.869443884402
ag,50,1.629324200718797,1.0296831537888438,1629.3242007187969,1588,1587,3175,1.0266693136224303,2135,2.135,4,0.8809633842263798,3123.9246280626407
ag,50,1.0169575881557027,0.6913741570831301,1016.9575881557028,948,948,1896,1.0727400718942013,819,0.819,4,0.6418792204716716,805.8695833722039
ag,50,1.6344611684099641,1.0999384956453122,1634.461168409964,1624,1624,3248,1.006441606163771,2461,2.461,4,1.5295506581426368,2817.2368231408473
ag,50,0.6400056302480737,0.42732488447420863,640.0056302480737,633,633,1266,1.0110673463634654,315,0.315,4,0.4227162311893048,248.01321032074586
ag,50,2.2303265535816736,1.506201192720801,2230.3265535816736,2203,2199,4402,1.0142458179089011,4239,4.239,4,1.8726028105188988,4631.82411395706
ag,50,0.3250301304909949,0.21938554476400174,325.0301304909949,327,327,654,0.993975934223226,61,0.061,4,0.23151016758379053,79.99506190993085
ag,50,1.9726160803033694,1.2705988589776003,1972.6160803033695,1970,1970,3940,1.0013279595448576,3402,3.402,4,1.53809688827959,4083.7623630645653
ag,50,2.3106270280506154,1.5077402912711069,2310.6270280506155,2282,2278,4560,1.0143226637623421,4651,4.651,4,1.5782668920942569,5692.162126639737
ag,50,0.30799822033215807,0.2131353166043815,307.99822033215804,344,344,688,0.8953436637562734,78,0.078,4,0.2132694540367657,79.55250275137817
ag,50,2.8767568061511657,1.8310473192763679,2876.7568061511656,2879,2876,5755,1.0002631453933122,7468,7.468,4,1.1002312401843934,6494.059049475577
ag,50,1.617889043295336,1.0818989908155185,1617.8890432953358,1653,1651,3304,0.9799449081134681,2354,2.354,4,1.1875964090339595,2796.596598340812
ag,50,1.3467382803259376,0.8920001412037696,1346.7382803259375,1342,1342,2684,1.003530760302487,1590,1.59,4,1.0439062570293867,1908.2960853374984
ag,50,0.31061584521098823,0.21413364191485162,310.61584521098825,317,317,634,0.9798607104447579,64,0.064,4,0.20718932581136146,58.55708174543654
ag,50,1.9745568432669882,1.2401838849588467,1974.5568432669882,1945,1944,3889,1.0157185407751996,3270,3.27,4,1.3941675082620046,3653.5359562585854
ag,50,2.0184707708150222,1.2556965113535048,2018.4707708150222,2018,2017,4035,1.0007291873153308,3593,3.593,4,0.9558508335262932,3200.7572563254494
ag,50,1.6214753225231573,1.0714311571091297,1621.4753225231573,1587,1585,3172,1.0230128217811718,2165,2.165,4,1.1986056298328105,2485.816175938316
ag,50,2.5466537391150252,1.7178123440300233,2546.653739115025,2515,2513,5028,1.0133918579844907,5688,5.688,4,1.934717268923581,7078.419513420181
ag,50,1.9635577653918108,1.3245271202662443,1963.5577653918108,1958,1955,3913,1.0043773736019492,3421,3.421,4,1.1950503692215486,3432.2398576135947
ag,50,1.9334211911997976,1.2421164752389755,1933.4211911997977,1980,1977,3957,0.9779571022760737,3331,3.331,4,1.260254674484724,3107.606669446197
ag,50,1.9619144863899756,1.2618249880898003,1961.9144863899755,1975,1973,3948,0.9943813919868097,3436,3.436,4,0.9109696878690606,3114.7548455914484
ag,50,2.2784353888160043,1.471889733422783,2278.4353888160044,2310,2307,4617,0.9876182873064605,4620,4.62,4,1.1800736137110923,4057.483638415891
ag,50,1.9896594581067983,1.262933729190975,1989.6594581067984,1934,1931,3865,1.0303777618367678,3381,3.381,4,1.154795565611056,3789.0027426057086
ag,50,2.6044445404691845,1.6704571683639429,2604.4445404691846,2516,2511,5027,1.0372140742609257,5418,5.418,4,1.9926497002644723,6684.908864168648
ag,50,0.9428352340768263,0.6375452788632048,942.8352340768264,1001,1000,2001,0.9428352340768263,768,0.768,4,0.560605958386793,812.1211513205682
ag,50,0.9993617867870337,0.6568099218787398,999.3617867870337,978,978,1956,1.021842317778153,800,0.8,4,0.6709580757246404,941.2510377038021
ag,50,0.673839187629115,0.448298908059005,673.839187629115,652,652,1304,1.0334956865477225,328,0.328,4,0.493302587393109,368.77397291556633
ag,50,2.0172964239505022,1.241518109162322,2017.2964239505022,1950,1947,3897,1.03610499432486,3446,3.446,4,1.2560377367626097,3894.4599580674135
ag,50,1.9926669664126597,1.27952622765984,1992.6669664126598,1954,1952,3906,1.0208334868917315,3436,3.436,4,1.2872360910728113,2886.3956628949954
ag,50,1.9258980159116483,1.2982295957836394,1925.8980159116484,1970,1967,3937,0.9791042277130901,3414,3.414,4,1.469620127692523,3647.44998175762
ag,50,1.9383117596329649,1.2935457070998868,1938.3117596329648,1906,1904,3810,1.0180208821601706,3388,3.388,4,1.4966401761319068,3367.2419969835346
ag,50,1.6657280714725766,1.1440997478715185,1665.7280714725766,1614,1611,3225,1.0339714906719906,2514,2.514,4,1.1347217552509434,1403.840047769339
ag,50,0.9787207063924421,0.6180199398158942,978.7207063924421,971,971,1942,1.0079512939160062,759,0.759,4,0.6679786728648665,610.7412427327531
ag,50,1.293772963985936,0.8459851608871908,1293.772963985936,1326,1325,2651,0.9764324256497631,1568,1.568,4,0.6752467774178198,1888.6660298273728
ag,50,1.6535281593068665,0.9892371162022503,1653.5281593068664,1656,1655,3311,0.9991106702760523,2382,2.382,4,0.9405302750205278,2992.772216638527
ag,50,2.2455691524702215,1.4819502150590276,2245.5691524702215,2262,2258,4520,0.9944947530869006,4556,4.556,4,1.5638127150600083,4990.709867427171
ag,50,1.9477895140087984,1.3004430693257927,1947.7895140087985,1956,1955,3911,0.9963117718715082,3516,3.516,4,1.1010285146378544,4017.9858988117376
ag,50,2.6438862414213444,1.7516206136661019,2643.8862414213445,2620,2616,5236,1.0106598782191685,5918,5.918,4,1.701403472468201,6332.702594133152
ag,50,0.9461104080640581,0.6445059377341343,946.1104080640581,987,986,1973,0.9595440244057385,768,0.768,4,0.6212332866541393,819.8052199915062
ag,50,2.9128301326784896,1.8962518504591241,2912.8301326784895,2938,2935,5873,0.9924463825139658,7289,7.289,4,1.6881632588197606,7457.901069080319
ag,50,0.6653403688096228,0.45768703250882525,665.3403688096228,631,629,1260,1.0577748311758708,293,0.293,4,0.4306673570777644,352.6917115068485
ag,50,1.3169152304185916,0.8624027636398004,1316.9152304185916,1348,1348,2696,0.9769400819129018,1565,1.565,4,1.0779084931313476,823.7418755234949
ag,50,1.6060089464831164,1.095360794270505,1606.0089464831165,1615,1613,3228,0.9956658068711199,2259,2.259,4,0.973468077768759,1542.1502937288403
ag,50,2.2875652520645744,1.5710157306090058,2287.5652520645745,2255,2252,4507,1.0157927407036298,4485,4.485,4,1.7351075131273506,4263.806495480837
ag,50,1.953274139816706,1.2690570055131625,1953.2741398167059,1945,1941,3886,1.0063236165979939,3405,3.405,4,1.4953415364259723,3447.4002642974087
ag,50,0.9779618008902051,0.6820517312291163,977.9618008902052,1006,1005,2011,0.9730963192937365,755,0.755,4,0.5979877937838298,973.2672436744173
ag,50,1.591205780710895,1.0652630548073252,1591.205780710895,1647,1645,3292,0.9672983469367142,2243,2.243,4,1.135658661664978,2374.8068220156815
ag,50,1.0164280321720986,0.6371927463087498,1016.4280321720987,985,984,1969,1.0329553172480679,902,0.902,4,0.4751570781532179,1060.7879837732994
ag,50,1.340470272991239,0.8549913670515142,1340.470272991239,1351,1349,2700,0.9936769999935056,1660,1.66,4,0.8874783487244859,1615.798206679668
ag,50,0.35861881212605035,0.23001135971535097,358.61881212605033,340,339,679,1.0578726021417413,82,0.082,4,0.22099205339319572,93.17327919467114
ag,50,0.6634946260544136,0.4320973031353331,663.4946260544135,685,684,1369,0.9700213831204876,291,0.291,4,0.4236257380495352,284.94460585724227
ag,50,2.634604112416373,1.6948862898815746,2634.604112416373,2632,2631,5263,1.001369864088321,6077,6.077,4,1.7824212452616426,4497.379647938525
ag,50,0.9934996252004393,0.6791614515130837,993.4996252004394,1001,1000,2001,0.9934996252004393,742,0.742,4,0.7334000817959294,722.9210523162078
ag,50,1.6041560919033035,1.0715384553354763,1604.1560919033036,1601,1599,3200,1.0032245727975633,2261,2.261,4,1.2574311055639498,2016.0222150216844
ag,50,1.94276225399735,1.3032683855569325,1942.76225399735,1992,1990,3982,0.9762624391946482,3443,3.443,4,1.337011453018586,4351.556697614885
ag,50,0.9924074325539504,0.6560111925841456,992.4074325539503,1017,1015,2032,0.9777413128610348,911,0.911,4,0.6566714711781675,854.6576059314981
ag,50,1.335679854965589,0.9074465863568618,1335.6798549655891,1284,1283,2567,1.041059902545276,1412,1.412,4,0.8951872550940705,1509.2327716217246
ag,50,0.33828196722558823,0.22384727787557426,338.28196722558823,318,318,636,1.0637797711496486,53,0.053,4,0.2794719487320145,54.98708437556623
ag,50,1.5563904904715964,0.9999322785715006,1556.3904904715964,1624,1622,3246,0.9595502407346463,2117,2.117,4,1.0675869261010087,2231.0802001824154
ag,50,1.6330238339551333,1.1283379974174645,1633.0238339551333,1651,1649,3300,0.9903116033687892,2444,2.444,4,1.2386532308452627,2129.598815744459
ag,50,1.9256283670286896,1.2890409717652596,1925.6283670286896,2004,2003,4007,0.9613721253263553,3502,3.502,4,1.1734948039117696,3185.9889574089198
ag,50,2.2378093829533343,1.450631251167962,2237.8093829533345,2258,2257,4515,0.9914972897444991,4610,4.61,4,1.6755527618585855,4729.9860406149055
ag,50,2.541944294748179,1.731131709511421,2541.9442947481793,2651,2649,5300,0.9595863702333632,5917,5.917,4,1.7978920321475154,6129.035806029063
ag,50,2.2529293681251255,1.6683993945237912,2252.9293681251256,2276,2276,4552,0.9898635185084032,4607,4.607,4,1.857333168386819,4667.618516367235
ag,50,1.9814972172918977,1.3515866178964202,1981.4972172918976,1970,1970,3940,1.0058361509095928,3529,3.529,4,1.5753698465679407,3073.01234214358
ag,50,1.8845036889321085,1.3389550615687216,1884.5036889321086,1927,1925,3852,0.978962955289407,3182,3.182,4,1.434948346940424,3021.609845679886
ag,50,2.585015385338723,1.5852965690915826,2585.015385338723,2583,2580,5163,1.0019439478057066,5951,5.951,4,1.637365411411576,6519.935928608435
ag,50,2.2664625745323885,1.5005302076450948,2266.4625745323883,2181,2179,4360,1.0401388593540102,4165,4.165,4,1.3254851140568695,3813.9610105392894
ag,50,3.135248166552439,2.0539249449026666,3135.248166552439,3146,3141,6287,0.9981687890966059,8821,8.821,4,1.593591510227094,9248.948855374256
ag,50,1.3257896270395306,0.8483039688927266,1325.7896270395306,1329,1328,2657,0.9983355625297671,1508,1.508,4,1.0555568935803517,1624.966365877123
ag,50,1.6107857353325443,1.0334031514742361,1610.7857353325444,1550,1548,3098,1.0405592605507392,2208,2.208,4,1.1289950391679424,2242.6468215586683
ag,50,1.6606339748211623,1.1298744126066675,1660.6339748211622,1679,1677,3356,0.9902408913662267,2435,2.435,4,0.8577770883853487,2786.5161911456294
ag,50,0.9854777310735686,0.6346122395422892,985.4777310735686,974,973,1947,1.0128239784928763,792,0.792,4,0.3998786376475545,722.5857989242726
ag,50,1.7227753096412923,1.0903912065358055,1722.7753096412923,1650,1650,3300,1.04410624826745,2468,2.468,4,1.0021506356027088,2008.2793828162673
ag,50,1.6445052072022917,1.1281483212506684,1644.5052072022916,1667,1664,3331,0.9882843793283003,2386,2.386,4,1.0504865462858812,2676.7579414431257
ag,50,2.2825906598255625,1.5519394706737375,2282.5906598255624,2302,2299,4601,0.9928624009680567,4770,4.77,4,0.8445160143420954,6292.656630434562
ag,50,1.9788728993442462,1.416165977625586,1978.8728993442462,2027,2025,4052,0.9772211848613561,3570,3.57,4,1.2955961306737183,3851.167334399621
ag,50,0.34446759888215706,0.2258096722025184,344.46759888215706,345,345,690,0.9984568083540785,57,0.057,4,0.19756671777334678,77.08982772744531
ag,50,1.9571442203870202,1.1906259025058108,1957.1442203870201,2001,1998,3999,0.9795516618553655,3393,3.393,4,1.4298969670594535,3326.163891421564
ag,50,2.023297882870973,1.2859664660233443,2023.2978828709731,1926,1926,3852,1.0505181115633297,3647,3.647,4,1.2947656583079872,3936.468475665479
ag,50,0.9923026175310802,0.6489207804815998,992.3026175310802,974,974,1948,1.0187911884302672,777,0.777,4,0.7328959684834639,573.6245231500857
ag,50,0.6321998200030082,0.4305479977775963,632.1998200030082,652,651,1303,0.971121075273438,333,0.333,4,0.422243093984734,427.44441740536234
ag,50,1.6567120007818703,1.1096257684329507,1656.7120007818703,1642,1640,3282,1.0101902443791893,2522,2.522,4,1.077644648657595,2281.8791112461063
ag,50,1.9432336807624802,1.3254684142219528,1943.2336807624802,1951,1949,3900,0.9970413959786969,3417,3.417,4,1.529576614738318,4427.809875561718
ag,50,1.6155931142142868,1.057873561821155,1615.5931142142867,1617,1617,3234,0.999129940763319,2289,2.289,4,1.2634861210929513,2620.1733693222673
ag,50,0.6223947537278709,0.4184254967140653,622.3947537278709,683,683,1366,0.91126611087536,399,0.399,4,0.5429812199970001,346.1412338208652
ag,50,1.3155091948876654,0.8780111939723118,1315.5091948876654,1332,1330,2662,0.9891046578102748,1480,1.48,4,0.8842619514175614,1399.0896493966395
ag,50,1.004822835884204,0.6343553200876016,1004.822835884204,983,981,1964,1.0242842363753353,862,0.862,4,0.7797140416087511,892.216137331143
ag,50,0.9264082801686502,0.6457283080520703,926.4082801686502,998,997,1995,0.929195867771966,738,0.738,4,0.603178935104773,642.7027782482915
ag,50,2.229601012393492,1.4860424401009733,2229.601012393492,2273,2272,4545,0.9813384737647413,4347,4.347,4,1.9789297096766725,4814.377569458112
ag,50,3.803448006636918,2.33698970671202,3803.448006636918,3899,3897,7796,0.9759938431195581,13288,13.288,4,3.4935428130455244,11722.195648381574
ag,50,1.5844485372837258,1.04773694587082,1584.4485372837257,1637,1634,3271,0.9696747474196608,2420,2.42,4,1.2380144033732916,2229.809473636045
ag,50,1.6204898628711495,1.0317157381620452,1620.4898628711494,1644,1643,3287,0.9862993687590684,2234,2.234,4,0.9275533291138052,2071.1783428928643
ag,50,1.5275237329839575,1.0836486404276846,1527.5237329839574,1576,1575,3151,0.9698563384025126,2112,2.112,4,1.0922867878975133,2015.6815624354992
ag,50,1.665733829497045,1.099302154980366,1665.733829497045,1658,1656,3314,1.0058779163629499,2469,2.469,4,1.12037579176793,1629.68975627696
ag,50,2.2800729532409325,1.473018443502696,2280.0729532409323,2260,2254,4514,1.0115674149249922,4555,4.555,4,1.3661639648315533,4822.9890691873325
ag,50,0.33891691419246056,0.22405223946672084,338.9169141924606,354,353,707,0.9601045727831744,68,0.068,4,0.20440737657717623,62.46764194642718
ag,50,2.271415375695798,1.4616938974492002,2271.415375695798,2246,2244,4490,1.0122171905952755,4648,4.648,4,1.5638326279285657,4888.151662890937
ag,50,1.6250989887200862,1.0898721734623358,1625.0989887200863,1630,1630,3260,0.9969932446135499,2209,2.209,4,1.0225023694701265,2298.123921023084
ag,50,0.0,0.0,0.0,0,0,0,,0,0.0,4,0.0,0.0
ag,50,2.245314316332205,1.4544165974214034,2245.3143163322047,2318,2317,4635,0.9690609910799329,4819,4.819,4,1.2314608312149342,5312.796637655674
ag,50,2.1597066318684712,1.4438966134710847,2159.706631868471,2247,2245,4492,0.9620074084046641,4359,4.359,4,1.6541656339114519,4973.633477523043
ag,50,2.2236816850924184,1.433094891233965,2223.6816850924183,2227,2227,4454,0.9985099618735601,4313,4.313,4,1.4350749310891575,4047.2461637651854
ag,50,1.6291486583404602,1.08649713167168,1629.14865834046,1574,1573,3147,1.0356952691293453,2153,2.153,4,1.0400268705677158,1976.3949580612084
ag,50,1.3752368475004837,0.8431224413021389,1375.2368475004837,1301,1299,2600,1.0586888741343214,1618,1.618,4,0.713188809841702,1809.3641878194726
ag,50,2.5577032217905953,1.638430454206963,2557.7032217905953,2619,2618,5237,0.9769683811270418,5828,5.828,4,1.4659746828917548,5086.761638355994
ag,50,1.7315356589578323,1.1548956888789903,1731.5356589578323,1654,1653,3307,1.0475109854554339,2331,2.331,4,1.2085606265643807,2655.1200129905637
ag,50,0.9985386925562454,0.6244739498719889,998.5386925562453,976,976,1952,1.023092922701071,753,0.753,4,0.654837833321494,494.6857038119554
ag,50,1.6872675667039048,1.1029502525494064,1687.2675667039048,1699,1698,3397,0.9936793679057154,2517,2.517,4,1.2523735316510338,3090.7978589805693
ag,50,1.012800537452653,0.6760789943483296,1012.8005374526529,1016,1015,2031,0.9978330418252738,916,0.916,4,1.0243128674760802,884.8039817032402
ag,50,2.2264864317600286,1.4593602972497195,2226.4864317600286,2239,2235,4474,0.9961907972080665,4582,4.582,4,1.068942704322996,3917.351472766827
ag,50,2.593289762633616,1.7013314526612036,2593.289762633616,2498,2494,4992,1.0398114525395414,5787,5.787,4,1.6355843376408112,6219.4137795944125
ag,50,1.9968133195687172,1.3641169074111326,1996.8133195687171,1990,1989,3979,1.0039282652431962,3534,3.534,4,1.2880816442075456,4558.673455277655
ag,50,2.779796287067324,1.956271504950443,2779.7962870673236,2901,2897,5798,0.9595430745831286,7161,7.161,4,1.7567757053516369,5683.6844800628
ag,50,1.8880509697890984,1.2763716195718913,1888.0509697890984,1952,1948,3900,0.9692253438342394,3322,3.322,4,1.3211119429915346,3057.6341659617246
ag,50,1.7115154606872502,1.066956970310458,1711.5154606872502,1649,1649,3298,1.0379111344373864,2405,2.405,4,0.5053924243053715,2542.853939988982
ag,50,2.547494019040083,1.6758387723213541,2547.494019040083,2629,2627,5256,0.9697350662505074,6009,6.009,4,2.1372758938545893,5736.904876212091
ag,50,1.6683900771584512,1.0666133280699497,1668.3900771584513,1651,1651,3302,1.0105330570311637,2444,2.444,4,0.8849428260662434,2551.2368370291883
nag,50,0.45351762538133295,0.3991256142476561,453.51762538133295,1781,1780,3561,0.25478518279850165,716,0.716,4,0.4795978123180604,636.4479043400569
nag,50,0.4427627530410961,0.3942136642333197,442.76275304109606,1776,1775,3551,0.24944380453019496,661,0.661,4,0.3963147558890259,723.8718167939606
nag,50,0.8898026308661782,0.7971079503653384,889.8026308661782,3516,3515,7031,0.25314441845410474,2905,2.905,4,0.7142675051812489,3326.280257680447
nag,50,0.4453563291320462,0.39099376190374185,445.3563291320462,1798,1798,3596,0.24769539996220588,660,0.66,4,0.42650623573407065,530.6269796576615
nag,50,0.6527246828479412,0.5637459788631759,652.7246828479412,2644,2644,5288,0.24687015236306398,1570,1.57,4,0.3622137626261178,1370.618185905723
nag,50,0.4385593677380565,0.38559579025761354,438.5593677380565,1776,1776,3552,0.24693658093359036,696,0.696,4,0.44830984084184616,527.4676941342258
nag,50,0.5587628635803626,0.4812817497475493,558.7628635803626,2253,2252,4505,0.2481185007017596,1115,1.115,4,0.477559919581921,1356.6123939396125
nag,50,0.11345435783468935,0.1005824665230076,113.45435783468935,458,458,916,0.24771693850368853,18,0.018,4,0.1129649426354567,22.159273057163276
nag,50,1.2329238893801093,1.0549073179615305,1232.9238893801094,4970,4968,9938,0.24817308562401558,5632,5.632,4,1.0312313157260857,6576.545590782122
nag,50,0.7489124846642081,0.6659201360425615,748.9124846642081,3119,3117,6236,0.24026707881431125,2162,2.162,4,0.6340011361789517,1496.7752689027147
nag,50,0.44836924966239317,0.3973952370631165,448.36924966239314,1786,1785,3571,0.25118725471282527,666,0.666,4,0.3674800295253403,669.9567137259138
nag,50,0.3324195789159173,0.2920926802285319,332.41957891591727,1327,1327,2654,0.2505045809464335,323,0.323,4,0.35923596727626633,294.6766070893889
nag,50,0.21904805238715266,0.19340362713350878,219.04805238715267,860,859,1719,0.25500355341926967,135,0.135,4,0.159213925916377,143.33563111197984
nag,50,0.6661849997833429,0.5982860183826239,666.1849997833428,2611,2609,5220,0.25534112678548976,1428,1.428,4,0.5311386919866546,1384.2301541387278
nag,50,0.8972402348747648,0.7982181611532424,897.2402348747648,3420,3419,6839,0.2624276791093199,2895,2.895,4,0.9108143128306152,3110.45684589464
nag,50,0.2134013124104745,0.188747814953203,213.4013124104745,880,880,1760,0.2425014913755392,118,0.118,4,0.1911491110846951,125.8894359128806
nag,50,0.4395443392669479,0.38954077337772114,439.54433926694793,1793,1793,3586,0.24514463985886667,698,0.698,4,0.43435938119102946,672.6685585717267
nag,50,0.6616565684174023,0.5736561793411847,661.6565684174022,2588,2587,5175,0.25576210607553235,1571,1.571,4,0.6189511789828052,1617.3154050104304
nag,50,0.6442635435783961,0.5792217080668404,644.2635435783961,2530,2528,5058,0.2548510852762643,1481,1.481,4,0.6006464782966011,1427.7925743389462
nag,50,0.43586379097340266,0.3884250342170971,435.8637909734027,1791,1791,3582,0.2433633673776676,647,0.647,4,0.4308455440535423,644.330515696123
nag,50,0.225145105333838,0.19974284691518,225.145105333838,881,881,1762,0.2555563057137775,146,0.146,4,0.2596388947263272,149.04704056841913
nag,50,0.32503989716141324,0.2859956789874182,325.03989716141325,1316,1316,2632,0.2469908033141438,328,0.328,4,0.18456652656091574,329.98624725478885
nag,50,0.3409875050007257,0.3030509438059795,340.9875050007257,1342,1342,2684,0.2540890499260251,380,0.38,4,0.26650413286300556,261.4597319635407
nag,50,0.4602587019414757,0.40042828801749863,460.25870194147575,1779,1778,3557,0.25886316194683673,711,0.711,4,0.39951152112798805,806.8787299202476
nag,50,0.7779084669366152,0.6686883870448135,777.9084669366152,3150,3150,6300,0.24695506886876675,2163,2.163,4,0.5838030642355452,1906.1604335498494
nag,50,0.33009223979145486,0.30350109455160507,330.09223979145486,1315,1315,2630,0.2510207146703079,375,0.375,4,0.3336997621626749,366.32108360718513
nag,50,0.3535388411674378,0.3100974257213868,353.5388411674378,1353,1352,2705,0.2614932257155605,402,0.402,4,0.30170201729565277,343.742039112769
nag,50,0.6580893414959507,0.5730681698741499,658.0893414959506,2629,2629,5258,0.2503192626458542,1588,1.588,4,0.6968792187191349,1678.203131975395
nag,50,0.3385366633403929,0.3019124889193743,338.5366633403929,1347,1347,2694,0.25132640188596356,364,0.364,4,0.3152418353672843,310.1301243937577
nag,50,0.4416168929385033,0.3911352958171679,441.6168929385033,1770,1770,3540,0.24950106945678155,617,0.617,4,0.20385762854524234,766.5043190547838
nag,50,0.21729959639270552,0.19443607573906274,217.29959639270552,889,888,1777,0.24470675269448822,150,0.15,4,0.22107789356793336,127.8417567839432
nag,50,0.5574061405046745,0.49402937382570883,557.4061405046746,2194,2192,4386,0.25429112249300845,1045,1.045,4,0.5418195504233814,961.5149419537972
nag,50,0.11608721831062281,0.10261097605552462,116.08721831062282,462,462,924,0.2512710353043784,50,0.05,4,0.10469458941215139,54.96303410505155
nag,50,0.8776806207030071,0.7601689827983414,877.6806207030071,3518,3517,7035,0.2495537733019639,2748,2.748,4,0.6635810981736145,2949.7454028358184
nag,50,0.7882174530843432,0.6790190620399467,788.2174530843432,3176,3175,6351,0.24825746553837583,2210,2.21,4,0.7186530062330639,2835.560783311082
nag,50,0.5444594805817319,0.4944625058971789,544.4594805817319,2203,2202,4405,0.24725680317063212,986,0.986,4,0.5383794595701201,979.4962176916
nag,50,0.32600878531502675,0.29735329427234325,326.0087853150267,1311,1311,2622,0.24867184234555814,327,0.327,4,0.2784832054519767,207.45495495238072
nag,50,0.45447359940680576,0.40271391093337444,454.47359940680576,1804,1804,3608,0.25192549856253094,654,0.654,4,0.4710383036415146,685.427748040751
nag,50,0.5624045194777312,0.5041614271343502,562.4045194777311,2236,2234,4470,0.25174777058090025,1124,1.124,4,0.4775067315216572,1070.5095463137127
nag,50,0.6732838061723999,0.5790950371482908,673.2838061723999,2670,2670,5340,0.25216621954022467,1655,1.655,4,0.6213811858275354,1326.5899488801563
nag,50,0.9119566938875697,0.7779278499039821,911.9566938875697,3489,3488,6977,0.26145547416501425,2923,2.923,4,0.6019019990866826,2498.634114586618
nag,50,0.3261349371743342,0.2875779805341833,326.13493717433425,1296,1295,2591,0.25184165032767125,376,0.376,4,0.23782823824501384,448.25560793999483
nag,50,1.0005001736017909,0.8605799529157694,1000.500173601791,3926,3926,7852,0.25483957554808734,3595,3.595,4,0.7278368401705996,3276.6169248654846
nag,50,0.6583074502290519,0.5915361449463846,658.3074502290519,2630,2629,5259,0.2504022252678022,1687,1.687,4,0.6283381975114819,1747.4561036600655
nag,50,0.6511560330768161,0.5658222365995127,651.1560330768161,2643,2642,5285,0.24646329790946864,1474,1.474,4,0.48916497256589175,1368.4169319656003
nag,50,0.657088814231454,0.5870946577355982,657.0888142314541,2636,2636,5272,0.24927496746261535,1581,1.581,4,0.6279397158714072,1776.3463447641864
nag,50,1.297367151637314,1.1400302957468722,1297.367151637314,5235,5233,10468,0.2479203423728863,6375,6.375,4,1.5582428489033386,6104.064937210528
nag,50,0.21674356337543924,0.1971302092350839,216.74356337543924,861,861,1722,0.2517346845243197,141,0.141,4,0.1777926421770394,130.1997784975284
nag,50,0.44592018836797725,0.39617913436572844,445.92018836797723,1750,1750,3500,0.2548115362102727,642,0.642,4,0.3855171270779479,541.1488776061054
nag,50,0.5724391650581182,0.5127714539725078,572.4391650581182,2260,2260,4520,0.25329166595491953,1195,1.195,4,0.5554361126226701,1385.098460540478
nag,50,0.522700058150443,0.4780275866046756,522.7000581504429,2154,2154,4308,0.24266483665294472,962,0.962,4,0.603400567118044,1145.374638189116
nag,50,0.9548134166099799,0.8257974189213908,954.8134166099799,3877,3877,7754,0.24627635197574926,3444,3.444,4,0.8426435987330884,3092.387149650326
nag,50,1.0246226423682019,0.8829368291848332,1024.622642368202,3974,3974,7948,0.2578315657695526,3738,3.738,4,1.1091675727556014,4217.876630319502
nag,50,0.0,0.0,0.0,0,0,0,,0,0.0,4,0.0,0.0
nag,50,1.1012888402686078,0.9683848063344507,1101.2888402686078,4349,4348,8697,0.2532863018097074,4402,4.402,4,0.8182771414467469,3966.002825134757
nag,50,0.3498157759499392,0.3061596368555308,349.81577594993917,1386,1386,2772,0.25239233474021583,409,0.409,4,0.28822486297985994,416.6934057912302
nag,50,0.3364230284365164,0.2953212594194753,336.4230284365164,1305,1304,2609,0.2579931199666537,306,0.306,4,0.31912188246350554,334.91297476951974
nag,50,0.7745864676912936,0.6475547848575399,774.5864676912936,3078,3077,6155,0.2517343086419544,2042,2.042,4,0.7752183030943912,1604.4827397030433
nag,50,0.6685231213674335,0.5972688629007488,668.5231213674335,2625,2625,5250,0.2546754748066413,1576,1.576,4,0.6087539685673692,1747.7535089244277
nag,50,0.6983813755964893,0.6381925803863919,698.3813755964893,2726,2726,5452,0.2561927276582866,1830,1.83,4,0.615027095646112,2093.5936261711195
nag,50,0.21986229277907604,0.2000905379689472,219.86229277907603,898,898,1796,0.24483551534418266,150,0.15,4,0.1613649415201147,134.29369236524306
nag,50,0.6543494530211788,0.5804131677726702,654.3494530211788,2607,2605,5212,0.2511898092211819,1563,1.563,4,0.5644268333456569,1404.1827001173735
nag,50,0.10835733924194026,0.09661602627434734,108.35733924194025,449,449,898,0.24133037693082462,35,0.035,4,0.10351612688125868,24.69816778801277
nag,50,0.7657968192470636,0.6783929047030901,765.7968192470636,3018,3017,6035,0.25382725198775724,2130,2.13,4,0.8699378322202224,1834.3695039245108
nag,50,0.901384798088331,0.7706937571635415,901.3847980883311,3577,3577,7154,0.2519946318390638,2865,2.865,4,0.7859876719676555,2654.9514881321197
nag,50,0.3251160363101156,0.2880264695109968,325.1160363101156,1314,1314,2628,0.24742468516751567,363,0.363,4,0.3319463270428664,354.5469985118636
nag,50,0.42561956027069286,0.38081131853388556,425.6195602706929,1741,1741,3482,0.2444684435788012,620,0.62,4,0.4293548491365588,601.2645057121708
nag,50,0.7824557802152704,0.6586884445336012,782.4557802152704,3170,3169,6339,0.2469093657984444,2267,2.267,4,0.5229696991682464,2302.5804050474862
nag,50,0.6843676008473214,0.6017631373742449,684.3676008473215,2607,2605,5212,0.2627130905363998,1584,1.584,4,0.5195875084121576,1891.8055969630855
nag,50,0.563407171682559,0.5143626678087108,563.407171682559,2277,2276,4553,0.2475426940608783,1091,1.091,4,0.6996732259319431,1085.7263560344672
nag,50,0.21617527133308706,0.19008268719433205,216.17527133308707,916,916,1832,0.2359992045121038,155,0.155,4,0.2632712907629231,213.64074742782023
nag,50,0.3369705185538412,0.29998600971490247,336.9705185538412,1321,1321,2642,0.25508744780760123,369,0.369,4,0.2673704976058983,366.15525520831596
nag,50,0.651583122538211,0.5718991284082214,651.583122538211,2579,2578,5157,0.25274752619790963,1457,1.457,4,0.5883350196198897,1664.7650357863797
nag,50,0.4217896192074838,0.38080808945150013,421.78961920748384,1703,1703,3406,0.2476744681194855,619,0.619,4,0.3831235396852199,679.0004803917761
nag,50,0.5517735723494609,0.48952655190342287,551.7735723494609,2186,2185,4371,0.2525279507320187,1059,1.059,4,0.5032895679313834,910.4585654237468
nag,50,0.8604591129149981,0.7543852056049717,860.4591129149981,3584,3584,7168,0.2400834578445865,2674,2.674,4,0.8480072103099139,3076.0574663028547
nag,50,0.43373829537331926,0.37538813748032723,433.73829537331926,1738,1738,3476,0.24956173496738737,621,0.621,4,0.4479258585846086,589.3015837304678
nag,50,0.5452834775533582,0.48722602707092183,545.2834775533581,2208,2208,4416,0.2469580967180064,1063,1.063,4,0.6687052085753993,980.3946841725443
nag,50,0.4460812296130406,0.39459750516135095,446.0812296130406,1816,1815,3631,0.24577478215594523,664,0.664,4,0.521366411089059,530.2942315634554
nag,50,0.33313673598731797,0.29811719998115305,333.136735987318,1314,1314,2628,0.2535287184073957,345,0.345,4,0.3408353042510658,314.7316036019783
nag,50,0.5553619440233226,0.4886022843009009,555.3619440233226,2182,2182,4364,0.25451968103726974,1061,1.061,4,0.4472746781222958,1252.370565194646
nag,50,0.0,0.0,0.0,0,0,0,,0,0.0,4,0.0,0.0
nag,50,0.553785027834883,0.49147788265392334,553.7850278348831,2207,2206,4413,0.2510358240411981,1127,1.127,4,0.5181462602773242,1232.287268661288
nag,50,0.43554199320352643,0.37680607591091414,435.54199320352643,1745,1745,3490,0.24959426544614696,688,0.688,4,0.3303932122709072,789.0471955232599
nag,50,0.3288654364658924,0.29287445576485654,328.8654364658924,1321,1321,2642,0.24895188226032733,392,0.392,4,0.2878267233308386,405.8511478745401
nag,50,0.32777793991175846,0.29901645824258966,327.77793991175844,1341,1341,2682,0.24442799396849996,368,0.368,4,0.29110585532586764,350.43632666539173
nag,50,0.4292699271788795,0.37559684844616187,429.2699271788795,1751,1751,3502,0.24515701152420305,680,0.68,4,0.384202047416158,654.1268140149089
nag,50,0.457389653267142,0.4088869481994625,457.38965326714197,1769,1769,3538,0.25855831162642284,712,0.712,4,0.38764815450698414,760.7465094577948
nag,50,0.2257106572882073,0.2033483758861132,225.7106572882073,875,875,1750,0.25795503690080834,165,0.165,4,0.18638960764275694,171.66852054253727
nag,50,0.6555490827253434,0.5446870815796221,655.5490827253434,2637,2636,5273,0.24869085080627595,1537,1.537,4,0.5286335603038557,1481.3711368289128
nag,50,0.2244916785685976,0.20501470933667357,224.49167856859762,916,916,1832,0.24507825171244282,149,0.149,4,0.23296095891447463,135.26280692433838
nag,50,0.21946898419549207,0.1959545185504971,219.46898419549208,900,900,1800,0.2438544268838801,168,0.168,4,0.22260863402925155,126.02063422591179
nag,50,0.22814217015146748,0.19859082687438914,228.1421701514675,895,895,1790,0.2549074526832039,170,0.17,4,0.19634098806067704,184.93868066903997
nag,50,0.24934049951336654,0.2202928167952565,249.34049951336652,940,940,1880,0.2652558505461346,186,0.186,4,0.2684032140199625,141.77704766331362
nag,50,0.43870761557631305,0.38272817601670295,438.70761557631306,1745,1745,3490,0.25140837568843155,659,0.659,4,0.40162689763029574,718.79881678755
nag,50,0.4120474160410195,0.36050426986720513,412.0474160410195,1736,1736,3472,0.23735450232777622,618,0.618,4,0.436443602264359,578.6599335817247
nag,50,0.43346119087855234,0.3861248457423939,433.4611908785523,1735,1735,3470,0.24983353941126935,657,0.657,4,0.33109503769869547,557.0175289888795
nag,50,0.5401963264137492,0.4899494422473458,540.1963264137491,2128,2128,4256,0.25385165714931823,1037,1.037,4,0.4411238239875898,1070.8087122372049
nag,50,0.4482122819439839,0.3968615298298134,448.2122819439839,1769,1768,3537,0.2535137341312126,591,0.591,4,0.3595912849607821,608.75033438783
nag,50,0.6558055499092906,0.5783786966618344,655.8055499092907,2642,2642,5284,0.24822314531010245,1664,1.664,4,0.5128610661867778,1811.7154096052152
nag,50,0.20909221755382482,0.1845443537153908,209.0922175538248,852,852,1704,0.2454134008847709,97,0.097,4,0.1774138442946277,112.6092437414466
nag,50,0.327553217136327,0.29243145409727683,327.553217136327,1298,1298,2596,0.2523522474085724,347,0.347,4,0.3178128318235053,355.65848784095374
nag,50,0.8645812628011795,0.7494815080718472,864.5812628011795,3506,3505,7011,0.24667083104170598,2778,2.778,4,0.7385425955803241,2410.2595248356106
nag,50,0.23853796667411178,0.20604689543165294,238.53796667411177,905,905,1810,0.2635778637283003,189,0.189,4,0.22548097498007516,173.80592333734265
nag,50,0.441272388062834,0.3946406808972769,441.27238806283395,1804,1804,3608,0.24460775391509643,736,0.736,4,0.3553765315077746,756.9138315598301
nag,50,0.45941763985639755,0.4042861627624879,459.41763985639756,1828,1828,3656,0.25132256009649756,764,0.764,4,0.35139260978677545,663.9627010320094
nag,50,0.21744928781134695,0.19369004489689207,217.44928781134695,894,894,1788,0.24323186556079077,161,0.161,4,0.2383193270301914,186.9830796918528
nag,50,0.5835649335236573,0.5012620719217546,583.5649335236574,2219,2219,4438,0.26298554913188704,1127,1.127,4,0.3728317128424078,1155.302623098958
nag,50,1.231266487042143,1.0972994984752777,1231.2664870421431,4800,4799,9599,0.2565673029885691,5278,5.278,4,1.0135448455644673,6978.952172313716
nag,50,0.6825273357597587,0.5754592085640563,682.5273357597587,2669,2669,5338,0.25572399241654503,1727,1.727,4,0.5928712071475898,2074.1545727087155
nag,50,0.5364017958505406,0.47679334794945444,536.4017958505406,2165,2164,4329,0.24787513671466754,1025,1.025,4,0.3926002109431146,1162.6148133302904
nag,50,0.7619461971601214,0.6781325285492625,761.9461971601213,3120,3118,6238,0.2443701722771396,2080,2.08,4,0.6665304043434562,1397.8967230043215
nag,50,0.5860282041332519,0.5120337508500791,586.0282041332518,2299,2298,4597,0.25501662494919575,1122,1.122,4,0.4625870679876755,940.4537515001747
nag,50,0.44074430119999686,0.39906444197011876,440.74430119999687,1721,1721,3442,0.2560977926786734,667,0.667,4,0.4271055225443044,636.1810084845164
nag,50,0.5237937000935659,0.46544035002897804,523.7937000935658,2099,2098,4197,0.2496633460884489,973,0.973,4,0.5210060374710952,1191.664587468959
nag,50,0.7609557578963548,0.6668004244030226,760.9557578963548,3004,3002,6006,0.2534829306783327,2162,2.162,4,0.4811625696368822,2340.446173178124
nag,50,0.4351549734378987,0.3890709779289401,435.1549734378987,1768,1768,3536,0.24612837864134543,673,0.673,4,0.38735464815528553,741.2049585843134
nag,50,0.45050299604344746,0.4113591068963224,450.50299604344747,1746,1746,3492,0.25802004355294816,665,0.665,4,0.3967202682489487,598.204059664126
nag,50,1.3380697828642083,1.1484377512541852,1338.0697828642083,5329,5326,10655,0.2512335303913271,6501,6.501,4,1.1153214215579523,6506.785323750039
nag,50,0.6396204944512274,0.5600726181754935,639.6204944512274,2639,2638,5277,0.24246417530372533,1553,1.553,4,0.5341902175262038,1631.5251501692499
nag,50,0.9055106383381472,0.7948652029014421,905.5106383381471,3520,3520,7040,0.2572473404369736,2903,2.903,4,0.6334435219218328,2647.828221330908
nag,50,0.21069804313568521,0.19073600631776497,210.69804313568523,834,834,1668,0.25263554332815974,131,0.131,4,0.21450554497615978,136.8669673204071
nag,50,0.5323102674682103,0.46571839693580397,532.3102674682103,2225,2224,4449,0.23934814184721687,1119,1.119,4,0.44204077565264915,769.8919068951411
nag,50,0.6608930350048281,0.5736186337517741,660.8930350048281,2660,2660,5320,0.2484560281973038,1541,1.541,4,0.620341233276723,2020.2381414246918
nag,50,0.10873377670363438,0.09691074250739856,108.73377670363438,424,424,848,0.2564475865651754,24,0.024,4,0.0802957695039279,25.052912254858747
nag,50,0.6547435679167517,0.5753387515420663,654.7435679167517,2601,2598,5199,0.25201830943677894,1489,1.489,4,0.42285962138946187,1358.7139183093095
nag,50,0.8472246756792647,0.7710752609435674,847.2246756792647,3452,3450,6902,0.2455723697621057,2677,2.677,4,0.7045030426067026,2596.2243775200222
nag,50,0.6613895859415952,0.5853413628448604,661.3895859415952,2600,2600,5200,0.25438060997753664,1423,1.423,4,0.6261227683247265,1467.8917652423684
nag,50,0.6442798673489558,0.5698469750414976,644.2798673489558,2643,2643,5286,0.24376839475934764,1461,1.461,4,0.46484308090128357,1416.8033397115014
nag,50,0.7187363829293753,0.634982336666532,718.7363829293753,2934,2934,5868,0.24496809234130038,1912,1.912,4,0.686372502511991,1694.5594306759565
nag,50,0.5469719834178459,0.4679542765381391,546.9719834178459,2197,2195,4392,0.24918996966644458,1030,1.03,4,0.46961984433728926,799.2526953724514
nag,50,0.4575025553368792,0.39384694912041346,457.5025553368792,1798,1798,3596,0.2544508094198438,705,0.705,4,0.3266665686367576,983.9282310222093
nag,50,0.21524800950083361,0.19321191404233554,215.2480095008336,859,859,1718,0.2505797549485839,133,0.133,4,0.17635045087083315,133.71073922268093
nag,50,0.6595375261001709,0.5707195831518209,659.5375261001709,2590,2590,5180,0.25464769347496946,1568,1.568,4,0.6039283543460594,1240.4117072574247
nag,50,0.8080804614735546,0.7130687169813296,808.0804614735546,3162,3161,6323,0.25564076604667973,2448,2.448,4,0.780166951996292,2749.2754062553136
nag,50,0.4356646948771923,0.38018500854412846,435.6646948771923,1777,1777,3554,0.24516865215373793,698,0.698,4,0.3229817289042724,481.4487488319632
nag,50,0.6600506214784757,0.5758882436868628,660.0506214784757,2672,2671,5343,0.24711741725139488,1573,1.573,4,0.5071937446379833,1785.6481367961062
nag,50,0.4289153695548176,0.37141994549899726,428.91536955481763,1734,1733,3467,0.24749877066059875,628,0.628,4,0.33449293567151817,480.5955891380899
nag,50,0.9960397314598588,0.8760186092625162,996.0397314598588,4056,4056,8112,0.24557192590233204,3730,3.73,4,0.8704012964666961,3067.3846475913524
nag,50,0.5462591396454233,0.49094955293384646,546.2591396454233,2176,2176,4352,0.2510382075576394,998,0.998,4,0.5477477593357274,1060.3230817053272
nag,50,0.5320620868418994,0.4574019687038798,532.0620868418994,2204,2204,4408,0.24140748041828466,1089,1.089,4,0.46305899837524034,1468.8783877159908
nag,50,0.430886745247979,0.3712918063275735,430.886745247979,1745,1745,3490,0.24692650157477306,646,0.646,4,0.4434960275572439,711.122860614674
nag,50,0.3402226001344303,0.3082725564518737,340.2226001344303,1302,1301,2603,0.261508532001868,354,0.354,4,0.25574859054655424,374.47257463961546
nag,50,0.21974458730339957,0.20119390603427864,219.74458730339958,886,886,1772,0.2480187215613991,124,0.124,4,0.13586574814971647,123.49710121480318
nag,50,0.32969738462699943,0.29139717861260006,329.69738462699945,1328,1328,2656,0.2482661028817767,344,0.344,4,0.30535919627916924,386.87631420601844
nag,50,1.3167304589719553,1.1140345013252153,1316.7304589719554,5300,5299,10599,0.24848659350291666,6477,6.477,4,1.1363432264384679,6582.775421899997
nag,50,0.7713512455297864,0.6811084604762996,771.3512455297864,3061,3061,6122,0.25199321970917554,2179,2.179,4,0.7117569860651886,1792.9885963134013
nag,50,0.5571023425578538,0.5069753708990827,557.1023425578538,2255,2255,4510,0.24705203661102165,1061,1.061,4,0.48931465597949936,1124.2628886699913
nag,50,0.8712085000128409,0.7404720525690611,871.2085000128409,3533,3532,7065,0.2466615232199436,2831,2.831,4,0.8138149659670978,2096.6992808850987
nag,50,0.6524560940805132,0.5627105085960415,652.4560940805131,2661,2659,5320,0.24537649269669543,1648,1.648,4,0.5328786120536909,1760.347770689571
nag,50,0.3495351525497439,0.3115615502125346,349.5351525497439,1388,1388,2776,0.25182647878223624,433,0.433,4,0.3581956780977481,390.0274490036321
nag,50,0.45573903913206476,0.402704043117958,455.73903913206476,1802,1802,3604,0.25290734691013583,685,0.685,4,0.46717001329344593,708.4770704022441
nag,50,0.23048754141989394,0.20583783397156577,230.48754141989394,911,910,1821,0.253283012549334,177,0.177,4,0.22818028541719987,165.0086008787411
nag,50,0.8496689315905732,0.7355034529253464,849.6689315905733,3374,3373,6747,0.25190303337995057,2578,2.578,4,0.5245486668332174,2716.243398128423
nag,50,0.3229162822899732,0.28750913577217074,322.9162822899732,1245,1245,2490,0.2593705078634323,312,0.312,4,0.22871778606407198,272.38849295438814
nag,50,0.342262737669207,0.3021360161920165,342.262737669207,1343,1343,2686,0.2548493951371608,406,0.406,4,0.3939118359834112,349.6783935256137
nag,50,0.220738487926008,0.19706161369480632,220.738487926008,884,884,1768,0.249704171862,151,0.151,4,0.1756634840985874,174.57385132806579
nag,50,0.21254751978531886,0.19197660360842317,212.54751978531885,851,851,1702,0.24976206790284236,165,0.165,4,0.22699855648665865,214.61077942420297
nag,50,0.43990697354967206,0.39444425237328473,439.90697354967205,1761,1761,3522,0.2498052092843112,678,0.678,4,0.5081385505982247,503.3885708670508
nag,50,0.4570436402696364,0.40473831968493085,457.0436402696364,1770,1770,3540,0.25821674591504884,694,0.694,4,0.3441212569108173,857.2767413178323
nag,50,0.8690050244723393,0.7707134782909966,869.0050244723393,3519,3519,7038,0.24694658268608677,2640,2.64,4,0.7117861134224301,2154.482073361585
nag,50,0.7363364238271625,0.6502123943483742,736.3364238271624,3006,3004,6010,0.2451186497427305,1998,1.998,4,0.4529987771340382,1075.042712618139
nag,50,0.7830588686417982,0.6930236506711395,783.0588686417982,3076,3076,6152,0.2545705034596223,2263,2.263,4,0.7264862231007014,2137.874324937819
nag,50,0.7703647469098029,0.6490219574284593,770.364746909803,3049,3048,6097,0.25274433953733694,2165,2.165,4,0.499160433418981,2495.486591932438
nag,50,0.5404531762197237,0.4770489026199816,540.4531762197237,2169,2167,4336,0.24940155801556238,1062,1.062,4,0.31688810169026377,1022.9355092880097
nag,50,0.7835424787873773,0.7008452708388336,783.5424787873773,3125,3125,6250,0.2507335932119607,2107,2.107,4,0.6603763298906715,1636.325505937918
nag,50,0.22912085816310804,0.20436454853119088,229.12085816310804,888,887,1775,0.25830987391556715,102,0.102,4,0.15967012189980254,74.38419672781029
nag,50,0.444894892204012,0.3911806376596743,444.894892204012,1846,1845,3691,0.2411354429290038,674,0.674,4,0.36698107104934313,653.3106951732399
nag,50,0.532087371061364,0.4668465304229128,532.0873710613639,2171,2171,4342,0.24508860942485672,1073,1.073,4,0.5210940724479035,1164.0984766529739
nag,50,0.5527885483401033,0.4686548572233362,552.7885483401033,2140,2140,4280,0.2583124057664034,1032,1.032,4,0.6015550436060788,963.4426292150133
nag,50,0.3223894206382541,0.27969721738807063,322.3894206382541,1294,1293,2587,0.249334432048147,365,0.365,4,0.24275831925306335,332.4075349811125
nag,50,0.5464421080610257,0.4842837190845553,546.4421080610257,2153,2153,4306,0.253804973553658,965,0.965,4,0.4922248161943573,953.4352633643149
nag,50,0.21640057171179955,0.1888880871354198,216.40057171179956,890,890,1780,0.24314670978853883,145,0.145,4,0.2544577591246396,145.1498816658784
nag,50,0.8538808709792028,0.7366463074770845,853.8808709792029,3410,3410,6820,0.25040494750123254,2677,2.677,4,0.6704048950126871,2715.181084506818
nag,50,0.3269922842327524,0.28481430300065985,326.9922842327524,1329,1329,2658,0.24604385570560752,331,0.331,4,0.2606347241597508,343.1955752813468
nag,50,0.5553672426290513,0.47470291768538264,555.3672426290514,2151,2150,4301,0.2583103454088611,1020,1.02,4,0.5666937493059421,801.6850763673841
nag,50,0.45326631221670366,0.40101449225829117,453.2663122167037,1771,1771,3542,0.2559380644927745,642,0.642,4,0.37216809902254955,456.5718978912272
nag,50,0.4226426384500913,0.37966325549914665,422.64263845009134,1726,1725,3451,0.24501022518845875,651,0.651,4,0.33026719477782096,653.2903699873444
nag,50,0.21189808890178613,0.18922142480042656,211.89808890178614,848,848,1696,0.24987982181814403,140,0.14,4,0.16168179568218008,159.37501577110814
nag,50,0.7717383433197574,0.7014042048529898,771.7383433197574,3087,3086,6173,0.25007723373938995,2066,2.066,4,0.44663841321043,1650.107061263911
nag,50,0.31441753407009243,0.2787962648215903,314.4175340700924,1249,1249,2498,0.2517354155885448,302,0.302,4,0.3496261304173662,208.65420282455506
nag,50,0.42423465486794465,0.37025054490230247,424.23465486794464,1718,1718,3436,0.24693518909659176,654,0.654,4,0.3614439426955364,641.4203454904443
nag,50,0.7497517258418808,0.6567070475991936,749.7517258418808,3045,3045,6090,0.24622388369191486,2013,2.013,4,0.6820080557106148,1728.4532854523168
nag,50,0.681266913702965,0.6146780370855693,681.266913702965,2674,2673,5347,0.2548697769184306,1605,1.605,4,0.5914640119941942,1344.3128218448444
nag,50,0.5279950452848542,0.46860190219106773,527.9950452848542,2147,2147,4294,0.24592223813919617,998,0.998,4,0.5743890593488536,1022.8906065458004
nag,50,0.8665603798645874,0.7704122647641498,866.5603798645875,3505,3505,7010,0.24723548640929743,2791,2.791,4,0.8726930131484861,1954.5225882473244
nag,50,0.6622550446275258,0.5919971576086275,662.2550446275259,2666,2666,5332,0.24840774367124002,1566,1.566,4,0.5233647256500391,1650.0577680962392
nag,50,0.4473099980783598,0.3944326565430081,447.3099980783598,1813,1812,3625,0.24685982233905066,672,0.672,4,0.41395654906232593,801.8760596009653
nag,50,0.4288948050850057,0.3736749604006379,428.8948050850057,1718,1717,3435,0.2497931305096131,686,0.686,4,0.38942030901211416,738.8875687993585
nag,50,0.783521769666462,0.6799506489297589,783.521769666462,3092,3091,6183,0.2534848818073316,2254,2.254,4,0.6066329910693536,1989.4665022310328
nag,50,0.6406816858478018,0.5720481005042304,640.6816858478019,2602,2602,5204,0.24622662791998534,1544,1.544,4,0.5884426865909571,1596.183309921125
nag,50,0.5535697248020549,0.49098226380734106,553.5697248020549,2239,2239,4478,0.24723971630283828,1098,1.098,4,0.4335417396366193,923.7506422053502
nag,50,0.43043088672425056,0.3792782281256612,430.43088672425057,1727,1727,3454,0.249236182237551,640,0.64,4,0.30614930510012806,834.6523493967923
nag,50,0.8026316727714422,0.6883039061838344,802.6316727714423,3175,3173,6348,0.25295672006663794,2286,2.286,4,0.6299844469185124,2364.7978581114935
nag,50,0.4570051887532541,0.40766352424556773,457.00518875325406,1768,1768,3536,0.25848709771111655,694,0.694,4,0.32827054811046635,727.8250876130986
nag,50,0.7540914038154962,0.6803449906043525,754.0914038154962,3092,3092,6184,0.2438846713504192,2180,2.18,4,0.6698520790970081,2073.3132214284087
nag,50,0.5556066364410854,0.4977642494284179,555.6066364410855,2215,2215,4430,0.2508382105828828,1129,1.129,4,0.40039668078343194,1100.9223298060567
nag,50,0.5262220484397918,0.48060278357638836,526.2220484397918,2134,2133,4267,0.24670513288316542,1137,1.137,4,0.4442138318387138,1143.646669027334
nag,50,0.5558739758631246,0.48357507238617836,555.8739758631245,2264,2263,4527,0.24563587090725786,1085,1.085,4,0.41740931297681994,1056.36900332186
nag,50,0.5638923492132437,0.4790559009019521,563.8923492132437,2196,2196,4392,0.2567815797874516,1217,1.217,4,0.4881421950227738,1401.9871808534076
nag,50,0.3539631513789154,0.31226393308847356,353.96315137891537,1358,1358,2716,0.26065033238506286,401,0.401,4,0.2730576274779485,262.8126038806021
nag,50,0.5764143236521159,0.4999265771606911,576.4143236521159,2230,2229,4459,0.258597722589554,1107,1.107,4,0.3881591736688193,1265.5188167625254
nag,50,0.23005566136116562,0.20993504916523803,230.05566136116562,896,896,1792,0.25675855062630093,151,0.151,4,0.17674816994216322,156.3806976672471
nag,50,0.7620920170865315,0.6708321677205115,762.0920170865315,3040,3039,6079,0.25077065386197156,2034,2.034,4,0.7040833890249986,2022.9558275041502
nag,50,0.6506760824190017,0.5794564247705664,650.6760824190017,2673,2673,5346,0.2434253955925932,1472,1.472,4,0.6642230166864239,1790.7099036001987
nag,50,0.5537627346117235,0.487058139694769,553.7627346117235,2216,2216,4432,0.24989293078146368,1161,1.161,4,0.4716815770459414,1087.3899978641903
nag,50,0.6403142556243558,0.5630198599696474,640.3142556243558,2585,2585,5170,0.24770377393592102,1463,1.463,4,0.6314512451342781,1398.9500663615538
nag,50,0.346081043449203,0.298360690314865,346.081043449203,1330,1329,2659,0.2604071056803634,383,0.383,4,0.33463271105373393,410.5225176334911
nag,50,0.563300710984099,0.4934645615715491,563.3007109840989,2255,2255,4510,0.2498007587512634,1114,1.114,4,0.45404796410197984,1121.834023362265
nag,50,0.7948698088123456,0.717703179071751,794.8698088123456,3037,3037,6074,0.26172861666524383,2124,2.124,4,0.8998645143570432,2373.0330321280703
nag,50,0.7787340701667119,0.7046330653248929,778.734070166712,3080,3079,6159,0.25291785325323546,2105,2.105,4,0.6146045348055479,2413.149941773297
nag,50,0.11215988991246166,0.09958004900728615,112.15988991246167,451,451,902,0.24869155191233186,13,0.013,4,0.09990133939932368,9.5969881059637
nag,50,0.8833938960414861,0.7744795167002113,883.3938960414861,3541,3540,7081,0.24954629831680397,2744,2.744,4,0.6185411277588695,3042.8600234226346
nag,50,0.8890505372961344,0.7758031060495317,889.0505372961344,3529,3527,7056,0.252069899998904,2941,2.941,4,0.8056898515510199,3243.226478100253
nag,50,1.0208694050900033,0.89051269138001,1020.8694050900034,4001,3998,7999,0.25534502378439305,3674,3.674,4,1.038105542193805,3946.0002213484063
nag,50,0.6387136909622599,0.5546853334025403,638.71369096226,2648,2647,5295,0.2412972009679864,1459,1.459,4,0.5489765905529006,1234.445535134811
nag,50,0.5398250276429465,0.4844330893466288,539.8250276429465,2179,2179,4358,0.24773980158005804,1052,1.052,4,0.470031194817207,1022.999420318642
nag,50,0.5666348858688917,0.48799492352200236,566.6348858688916,2209,2208,4417,0.2566281186000415,1048,1.048,4,0.5363609705938153,1212.5148061194766
nag,50,0.9693715870054933,0.8447448038469461,969.3715870054933,3897,3897,7794,0.24874816192083482,3503,3.503,4,0.6936053974173534,2909.740025829214
nag,50,0.6540110661702747,0.5882052257420728,654.0110661702747,2632,2630,5262,0.24867340919021852,1540,1.54,4,0.7522816953505627,1501.6863116857849
nag,50,0.7510785461685481,0.6530542571216253,751.0785461685481,3005,3003,6008,0.2501094059835325,2087,2.087,4,0.7394672264214008,2194.3436558492826
nag,50,0.5201680856966183,0.4625709208821137,520.1680856966183,2176,2175,4351,0.23915774055016933,928,0.928,4,0.39632176894383087,738.2246072225989
nag,50,1.079470076143963,0.9260984867786092,1079.470076143963,4288,4286,8574,0.25185956046289387,4277,4.277,4,0.9643330450477936,3584.147074089491
nag,50,0.33322817379134156,0.2978987155507742,333.2281737913416,1320,1320,2640,0.2524455862055618,371,0.371,4,0.33388838118058495,340.14564741134245
nag,50,0.43583097019627615,0.3866712389092996,435.83097019627616,1731,1729,3460,0.25207112214937893,618,0.618,4,0.3032754690637905,601.3311805297005
nag,50,0.34697314539573515,0.3046053430241151,346.9731453957352,1353,1353,2706,0.25644726193328543,380,0.38,4,0.3347818299196825,365.58768886824316
nag,50,0.22272734762753738,0.19443512063596896,222.72734762753737,893,893,1786,0.2494147229871639,167,0.167,4,0.21920506099476603,208.33599101531465
nag,50,0.233481834105794,0.20385539178451426,233.481834105794,876,876,1752,0.26653177409337214,124,0.124,4,0.21432441464190066,120.33935096649932
nag,50,0.664583888562254,0.5854046699925907,664.5838885622541,2649,2648,5297,0.2509757887319691,1677,1.677,4,0.3390431819881047,1814.2759120102724
nag,50,0.6791862836351854,0.5902878209098581,679.1862836351854,2696,2696,5392,0.25192369571038037,1656,1.656,4,0.5782949752778968,1329.710823079608
nag,50,0.6713253297037213,0.5902917235807681,671.3253297037213,2652,2651,5303,0.253234752811664,1484,1.484,4,0.5437948475880632,1326.255160657334
nag,50,0.31770956358223057,0.28985139406248145,317.70956358223054,1299,1299,2598,0.24458011053289494,327,0.327,4,0.30367905948341517,277.6881051670693
nag,50,0.5469847885747047,0.47551670323186773,546.9847885747047,2222,2221,4443,0.24627860809306829,1080,1.08,4,0.5466225211506346,1260.6848239841968
nag,50,0.7605788947392325,0.6640291611065657,760.5788947392325,3051,3050,6101,0.24937012942269918,2087,2.087,4,0.5590530322207279,2110.8101334625003
nag,50,0.9541187855641642,0.8291500693777093,954.1187855641642,3926,3923,7849,0.24321151811475,3148,3.148,4,0.7678205764678995,2949.891440084181
nag,50,0.7613146346657237,0.6825116154439901,761.3146346657237,3056,3055,6111,0.2492028264044922,1994,1.994,4,0.7664769061512084,2450.401659307629
nag,50,0.9981695118599675,0.8605620195672083,998.1695118599675,3937,3937,7874,0.2535355630835579,3513,3.513,4,0.9465232436074373,3480.7725861981826
nag,50,0.4324330435384683,0.37689699859371284,432.43304353846827,1755,1755,3510,0.24640059460881383,653,0.653,4,0.35577873700767637,506.6275914885904
nag,50,0.5333106658782656,0.46291505597401256,533.3106658782656,2158,2157,4315,0.24724648394912638,956,0.956,4,0.454475869559531,1382.3152663364738
nag,50,0.9538339609895049,0.8549263633731558,953.8339609895049,3900,3897,7797,0.24476108827033743,3446,3.446,4,0.9856614893567708,3824.907768437363
nag,50,0.8793539629202571,0.7925105871333012,879.3539629202571,3515,3514,7029,0.250243017336442,2831,2.831,4,0.5774813757250044,2697.276640395063
nag,50,0.4386733285661198,0.3920394681748263,438.6733285661198,1767,1767,3534,0.24825881639282388,642,0.642,4,0.41795937302694974,698.8341476678532
nag,50,0.8833055314514966,0.7626223304638595,883.3055314514966,3581,3581,7162,0.2466644879786363,2838,2.838,4,0.7685618275744989,2670.5455576164195
nag,50,0.7437938718548222,0.640655364217377,743.7938718548221,3033,3031,6064,0.2453955367386414,2006,2.006,4,0.6423612739856861,1809.9614273332786
nag,50,0.7393257054028652,0.6338679643638618,739.3257054028652,3060,3059,6119,0.24168869088030898,2020,2.02,4,0.7334269397267585,2068.982033353065
nag,50,0.6352854642253749,0.5578263056394708,635.2854642253749,2631,2631,5262,0.24146159795719305,1472,1.472,4,0.6595849385575316,1321.9422723812174
nag,50,0.7441909252790492,0.6745023967024172,744.1909252790492,2984,2983,5967,0.24947734672445498,2130,2.13,4,0.6471791696835404,1432.9689033923628
nag,50,0.3344017908383796,0.3037772627200795,334.4017908383796,1356,1356,2712,0.24660899029379027,356,0.356,4,0.2683735335941408,413.2697564898976
nag,50,0.674881981541407,0.6027259680434045,674.881981541407,2641,2640,5281,0.2556371142202299,1562,1.562,4,0.529648375850452,1361.7749732443228
nag,50,0.46331829595647905,0.3978789070210739,463.31829595647906,1807,1807,3614,0.2564019346743105,765,0.765,4,0.44236313631560503,682.4426143057512
nag,50,0.7459145716456582,0.6369612281390764,745.9145716456583,3027,3027,6054,0.2464204068865736,2083,2.083,4,0.5777080927579141,1809.540942422022
nag,50,0.21376251823025996,0.19141388563149872,213.76251823025996,892,892,1784,0.2396440787334753,114,0.114,4,0.12618122893708789,143.36182047463447
nag,50,0.21394179184680942,0.18939668870421753,213.94179184680942,867,866,1733,0.2470459490147915,144,0.144,4,0.14988031642314875,176.17842172192223
nag,50,0.6342905141499678,0.5548946017928675,634.2905141499679,2585,2584,5169,0.24546846522831572,1488,1.488,4,0.5268870428373423,1556.1867554397586
nag,50,0.3263254924034043,0.2896809387737573,326.3254924034043,1304,1304,2608,0.25024961073880697,352,0.352,4,0.3084705772190626,309.7394805121551
nag,50,0.5439680494317458,0.47420724714881635,543.9680494317458,2136,2136,4272,0.25466668980886975,944,0.944,4,0.5751411719310916,834.0286767994301
nag,50,1.1037424020354571,0.9804203129191282,1103.7424020354572,4421,4421,8842,0.24965899163887292,4524,4.524,4,1.3105170355191216,5242.31180515207
nag,50,0.11677467806367221,0.10313835262679791,116.77467806367221,456,455,911,0.2566476440959829,27,0.027,4,0.1321549277445436,28.884165468529893
nag,50,0.7407311826237267,0.6579160311909217,740.7311826237267,2990,2990,5980,0.24773618147950724,1922,1.922,4,0.7267872776336182,1425.7226414302659
nag,50,0.6350495128336754,0.5474366305294114,635.0495128336754,2644,2644,5288,0.24018514101122368,1528,1.528,4,0.6085349809681916,1535.422485103639
nag,50,0.9830901008219279,0.8579200849324862,983.090100821928,3884,3882,7766,0.25324319959348995,3496,3.496,4,0.9215465372333695,3411.184770659308
nag,50,0.21723483135612207,0.19160266999782236,217.23483135612207,882,882,1764,0.24629799473483227,132,0.132,4,0.1849158044346041,142.83471574990506
nag,50,0.11267115737947273,0.09997636767424282,112.67115737947273,460,460,920,0.24493729865102767,39,0.039,4,0.10071905883566441,37.524519701518265
nag,50,0.8792035398935418,0.741402938936101,879.2035398935418,3457,3457,6914,0.25432558284453044,2729,2.729,4,0.7966490538454801,2579.8006460809856
nag,50,0.7607709013391354,0.6711188557842718,760.7709013391354,3031,3030,6061,0.25107950539245394,1978,1.978,4,0.782923492225317,2704.335174314235
nag,50,0.10539013231467058,0.09428305232536681,105.39013231467058,453,453,906,0.23264929870788206,26,0.026,4,0.11971965611290607,28.288093889988676
nag,50,0.549847509312053,0.4786458839712432,549.8475093120529,2239,2239,4478,0.24557727079591465,1062,1.062,4,0.5279287190897611,667.1019136464421
nag,50,0.3204090324993213,0.28934995273987013,320.4090324993213,1336,1335,2671,0.2400067659170946,354,0.354,4,0.3052095347142856,382.5227794730728
nag,50,0.6267120569246744,0.5553399584669997,626.7120569246744,2571,2570,5141,0.24385683148820014,1510,1.51,4,0.4580669721186608,1461.464991823306
nag,50,0.23350091625426894,0.20445758294945166,233.50091625426893,899,899,1798,0.2597340559001879,169,0.169,4,0.2148217158057107,257.41418549331837
nag,50,0.7442121474537353,0.6424145960711948,744.2121474537353,3060,3060,6120,0.2432065841352076,2163,2.163,4,0.7269382118463305,2430.350960374218
nag,50,0.4425052702268724,0.40133927574793915,442.5052702268724,1779,1778,3557,0.2488781047395233,687,0.687,4,0.46324045633688277,806.6105025019974
nag,50,0.44235419782775004,0.3931402297209985,442.35419782775006,1743,1742,3485,0.2539346715429105,631,0.631,4,0.38146863571567247,630.2484084760465
nag,50,0.5760425821466096,0.5110133949851698,576.0425821466097,2234,2234,4468,0.2578525434855012,1116,1.116,4,0.5157003078057351,1560.5372825318984
nag,50,0.7916391524990579,0.7132989510112092,791.6391524990579,3054,3054,6108,0.25921386787788403,2232,2.232,4,0.7115000344920446,2216.890606018483
nag,50,0.7843651749947674,0.6790971520316303,784.3651749947675,3132,3131,6263,0.2505158655364955,2174,2.174,4,0.7326506438882455,2636.889203443108
nag,50,0.4421692165342976,0.3911890819849548,442.16921653429756,1788,1788,3576,0.24729821953819775,682,0.682,4,0.38934000693929416,719.0135551926755
nag,50,0.8581355037951852,0.7537611948176045,858.1355037951852,3475,3474,6949,0.24701655261807287,2779,2.779,4,0.791710940604434,3531.1040818760516
nag,50,0.5465516329575727,0.47532030966948435,546.5516329575727,2176,2174,4350,0.25140369501268295,1096,1.096,4,0.46668337186230374,722.2074390007434
nag,50,0.23451559037424885,0.2080175448115286,234.51559037424886,912,912,1824,0.25714428769106235,165,0.165,4,0.22912792278067987,176.96936731072208
nag,50,0.4619657064138321,0.3992957593642716,461.9657064138321,1787,1787,3574,0.25851466503292225,670,0.67,4,0.3371671019078972,602.3188553624509
nag,50,0.9949992939217559,0.8624811784711411,994.9992939217559,3974,3974,7948,0.25037727577296326,3554,3.554,4,0.8484520893974049,3717.64701889975
nag,50,0.5820435553748577,0.5019189604666922,582.0435553748578,2280,2280,4560,0.25528226112932356,1331,1.331,4,0.47428984130815716,1630.5952026138773
nag,50,0.5586925360455359,0.4953616076465248,558.6925360455359,2170,2169,4339,0.2575806989605975,1115,1.115,4,0.41004860145702576,1437.083635758278
nag,50,0.3374013091835847,0.29680690118655095,337.40130918358466,1334,1334,2668,0.25292451962787454,287,0.287,4,0.30357115910698357,300.4613348099592
nag,50,0.3422475564005151,0.3075061710292023,342.24755640051507,1315,1315,2630,0.2602643014452586,344,0.344,4,0.2653770071740178,297.18610052619505
nag,50,0.8701891531088033,0.7803873506353921,870.1891531088033,3448,3448,6896,0.2523750444051054,2734,2.734,4,0.8271198695450275,3625.247170539307
nag,50,0.7899506773905012,0.6871236633548433,789.9506773905011,3075,3075,6150,0.2568945292326833,2248,2.248,4,0.7871538214235486,2707.7795359699444
nag,50,0.3301460731359718,0.2938707008400834,330.1460731359718,1281,1281,2562,0.2577252717689085,356,0.356,4,0.3115736857636668,359.9456764123254
nag,50,0.22176488107804102,0.19529359463078808,221.76488107804101,899,898,1797,0.24695421055461136,179,0.179,4,0.17065985551598872,176.47561615950255
nag,50,0.6993788002560892,0.6100621149578115,699.3788002560892,2710,2710,5420,0.2580733580280772,1665,1.665,4,0.5702243536564409,1825.0727252267056
nag,50,0.9157073421048862,0.8008001377471874,915.7073421048863,3586,3585,7171,0.2554274315494801,2939,2.939,4,0.6076629993097864,3141.6026511923797
nag,50,0.9333648570834974,0.8292016632109454,933.3648570834973,3900,3900,7800,0.2393243223291019,3333,3.333,4,0.7353670678008062,3735.8868436611247
nag,50,0.7577798741147256,0.6637438374147833,757.7798741147255,3089,3088,6177,0.2453950369542505,2043,2.043,4,0.7905808773212165,1692.5010628724765
nag,50,0.33460643811487756,0.294873139929308,334.60643811487756,1310,1310,2620,0.2554247619197539,389,0.389,4,0.32443544213005343,348.19548005177603
nag,50,0.5736556319383536,0.4885725199675985,573.6556319383535,2200,2199,4399,0.26087113776187065,1079,1.079,4,0.4807064101791764,1156.7147045314493
nag,50,0.4391807247105908,0.38662944546474104,439.18072471059077,1736,1736,3472,0.25298428842775966,679,0.679,4,0.3767306040341911,650.5632666030288
nag,50,0.5569048222345541,0.4849967821935005,556.9048222345541,2214,2214,4428,0.2515378600878745,1139,1.139,4,0.5411514232005934,711.5310898829948
nag,50,0.0,0.0,0.0,0,0,0,,0,0.0,4,0.0,0.0
nag,50,0.5318670622694959,0.4668942592748957,531.8670622694958,2198,2198,4396,0.24197773533644032,1053,1.053,4,0.4958305341405489,1146.834111934067
nag,50,0.32977468496229595,0.306261519147043,329.77468496229596,1293,1293,2586,0.25504616006364733,367,0.367,4,0.29393718628827326,405.74456975005177
nag,50,0.33299630755046244,0.283915772004785,332.99630755046246,1317,1317,2634,0.25284457672776195,316,0.316,4,0.20876371903305893,259.8050458872481
nag,50,0.8444185977658751,0.7547854179028737,844.4185977658751,3473,3472,6945,0.24320812147634652,2703,2.703,4,0.8200392249597305,2574.1759363692804
nag,50,0.30836007899301016,0.280259230133045,308.3600789930102,1325,1325,2650,0.23272458791925296,316,0.316,4,0.25887848621506165,275.43670576438285
nag,50,0.7683687902921432,0.680771721117439,768.3687902921432,3059,3058,6117,0.2512651374402038,2062,2.062,4,0.7001104968755002,2524.22442769543
nag,50,0.6370592916944637,0.5555776784658255,637.0592916944637,2608,2607,5215,0.24436489900056144,1619,1.619,4,0.5933065048378556,1461.0604646103973
nag,50,0.5249771576548977,0.4619366098663751,524.9771576548977,2168,2167,4335,0.2422598789362703,997,0.997,4,0.46084887535747887,948.5578296323555
nag,50,0.23485921151036787,0.20838282040550454,234.85921151036789,897,897,1794,0.2618274375812351,178,0.178,4,0.2225429871681177,211.9349811862123
nag,50,0.2273896598726089,0.20932728497774947,227.3896598726089,892,892,1784,0.2549211433549427,140,0.14,4,0.18931632474972035,142.86954317692943
nag,50,0.8851895974009697,0.7796062196339509,885.1895974009697,3586,3584,7170,0.24698370463196698,2879,2.879,4,0.9650682207343614,3621.7948916817304
nag,50,0.528174902994231,0.45579044377977707,528.1749029942309,2180,2180,4360,0.24228206559368393,975,0.975,4,0.45218175661450966,1085.045943849743
nag,50,0.6732746933447865,0.594716972470402,673.2746933447866,2578,2576,5154,0.26136439959036745,1528,1.528,4,0.5937616345902411,1284.0510314070168
nag,50,0.8441797702582358,0.7272690209834288,844.1797702582357,3463,3463,6926,0.2437712302218411,2701,2.701,4,0.5920886834852792,2609.567241928591
nag,50,0.5591098244705627,0.47244930069342417,559.1098244705627,2187,2186,4373,0.2557684466928466,1006,1.006,4,0.39915898913896347,1285.0386604796447
nag,50,0.8612313227778922,0.7496058197729817,861.2313227778922,3523,3522,7045,0.24452905246391032,2719,2.719,4,0.7880811001880185,2607.5692419900197
nag,50,0.7721792278956491,0.6913930829924493,772.1792278956491,3035,3035,6070,0.25442478678604585,2088,2.088,4,0.7208411864921122,2126.443098659092
nag,50,0.5264277841870205,0.45982267441343,526.4277841870205,2126,2126,4252,0.24761419764206044,1014,1.014,4,0.44093317609938215,1112.7736205881981
nag,50,1.0027728941332523,0.8823615742207913,1002.7728941332524,3909,3908,7817,0.25659490638005433,3725,3.725,4,0.8541880148261527,4402.484054448497
nag,50,0.9467177925702551,0.8483781505855639,946.7177925702551,3833,3832,7665,0.24705579138054676,3326,3.326,4,0.8858897796183759,3576.109317873173
nag,50,0.6357425642635467,0.5716069047041484,635.7425642635467,2528,2527,5055,0.2515799621145812,1558,1.558,4,0.5468476623533941,1138.301681324799
nag,50,0.5656467381345222,0.5090352247438004,565.6467381345221,2206,2205,4411,0.25652913294082635,1180,1.18,4,0.51349922511016,976.5985577091665
nag,50,0.5684227315752757,0.5080295962106236,568.4227315752756,2283,2283,4566,0.2489806095380095,1195,1.195,4,0.5844565102146512,1238.376714593457
nag,50,0.9513548517736214,0.834506691328526,951.3548517736215,3826,3823,7649,0.2488503405110179,3280,3.28,4,0.7997311347818646,3752.62230878191
nag,50,1.026396438553162,0.8853520235395043,1026.3964385531622,3955,3954,7909,0.25958432942669757,3664,3.664,4,0.8187559616576165,5875.485653789244
nag,50,0.11092344008562047,0.09861943052519223,110.92344008562047,469,469,938,0.23651053323160015,28,0.028,4,0.09647377763544844,27.46079284015096
nag,50,0.5406081435047367,0.47439218101411224,540.6081435047367,2219,2217,4436,0.24384670433231248,1048,1.048,4,0.4780872059046765,1110.4753664415714
nag,50,0.8890005853508578,0.7636288812726201,889.0005853508578,3537,3535,7072,0.2514853141020814,2805,2.805,4,0.7816648364598772,2505.012351661629
nag,50,0.5476803818862326,0.470410700643371,547.6803818862326,2229,2229,4458,0.2457067662118585,1064,1.064,4,0.4305355235618531,895.5138003647479
nag,50,1.223304217039835,1.0387228822639927,1223.3042170398348,4811,4810,9621,0.2543252010477827,5572,5.572,4,0.6631027694522337,5477.573203425198
nag,50,0.23270105229764276,0.20757458184826022,232.70105229764278,902,902,1804,0.25798342826789666,151,0.151,4,0.24502913687412584,159.85747426110265
nag,50,0.6977359063012215,0.6160421758910191,697.7359063012215,2631,2630,5261,0.26529882368867735,1521,1.521,4,0.5843928157461208,1418.087188353675
nag,50,0.5350703898194824,0.47498388359551724,535.0703898194824,2265,2264,4529,0.23633851140436504,1029,1.029,4,0.36404763080626734,914.3678259595645
nag,50,0.5608722628850137,0.4861678662827553,560.8722628850137,2249,2249,4498,0.24938740012672908,1100,1.1,4,0.39473384968560604,1063.124930099783
nag,50,0.4404107949017614,0.37892659663863637,440.4107949017614,1742,1742,3484,0.2528190556267287,633,0.633,4,0.37782960700275814,688.7190366566067
nag,50,0.7714069518784268,0.6859621078585997,771.4069518784268,3040,3039,6079,0.25383578541573765,2051,2.051,4,0.701240641926353,2232.6438517120055
nag,50,0.556468204318882,0.49146067913682207,556.468204318882,2247,2246,4493,0.24775966354358062,1053,1.053,4,0.467016234074284,1086.5613384338235
nag,50,0.6525508863156163,0.5752819998440852,652.5508863156163,2608,2607,5215,0.25030720610495444,1520,1.52,4,0.5899901193495212,1473.9781988054933
nag,50,0.5376406352534596,0.4657373521413487,537.6406352534597,2181,2181,4362,0.24651106614097187,954,0.954,4,0.4894866666840302,855.9834485118128
nag,50,0.5446678815548441,0.48429674404954687,544.6678815548441,2205,2203,4408,0.24723916548109132,1029,1.029,4,0.43525100094577984,1095.9371553695898
nag,50,0.45061904339151576,0.3933765094606407,450.6190433915158,1768,1768,3536,0.25487502454271255,641,0.641,4,0.39283600067923324,659.3503669914938
nag,50,0.9933012759610905,0.8656717882851213,993.3012759610905,3944,3943,7887,0.2519151092977658,3604,3.604,4,0.9583036738615195,3336.723572708643
nag,50,0.6394265113737793,0.5462174190161582,639.4265113737792,2571,2570,5141,0.24880409002870787,1414,1.414,4,0.5751016505707726,1484.5695024461443
nag,50,0.4404231034677403,0.36992263979631296,440.42310346774025,1751,1751,3502,0.2515266153442263,707,0.707,4,0.35755994339572233,638.1960765349262
nag,50,0.5615804439740443,0.49593323719709786,561.5804439740443,2269,2269,4538,0.24750129747644087,1190,1.19,4,0.5981733642000341,1166.1199232813449
nag,50,0.3505156688939507,0.30622071293317765,350.5156688939507,1359,1358,2717,0.25811168548891805,386,0.386,4,0.3363642685844324,318.68350693261925
nag,50,0.6602684167594914,0.6105705723295529,660.2684167594914,2645,2645,5290,0.24962889102438238,1570,1.57,4,0.6075204160490448,1634.8727228292744
nag,50,0.548576497114331,0.4911703022893688,548.576497114331,2221,2221,4442,0.24699527110055425,1077,1.077,4,0.6521674036296042,1156.2483582666653
nag,50,0.7844920758493767,0.6934239585775352,784.4920758493768,3121,3120,6241,0.25143976790044126,2140,2.14,4,0.8050144051564317,2580.068171825321
nag,50,0.797982596402647,0.6865246526513615,797.982596402647,3089,3089,6178,0.2583303970225468,2163,2.163,4,0.5372337741365643,1950.904955134712
nag,50,0.20714352215239556,0.188421575056129,207.14352215239558,884,884,1768,0.2343252513036149,118,0.118,4,0.1413824223532636,120.47240757771931
nag,50,0.5678416933930375,0.5003748614116955,567.8416933930374,2252,2251,4503,0.2522619695215626,1016,1.016,4,0.4866568185637101,843.8978544077943
nag,50,0.6670165208545307,0.5965450076267867,667.0165208545307,2593,2591,5184,0.25743594012139354,1556,1.556,4,0.5444772462172585,1272.6829580046362
nag,50,0.6710559265133993,0.6124218736757177,671.0559265133993,2610,2609,5219,0.2572080975520887,1590,1.59,4,0.624647597572094,1160.6751031882036
nag,50,0.11800850074570775,0.10408249449745802,118.00850074570775,458,458,916,0.25766048197752783,27,0.027,4,0.11130583409196837,30.330230241432467
nag,50,0.5528974696202301,0.4841646260791289,552.8974696202301,2190,2189,4379,0.2525799313020695,1109,1.109,4,0.45960600574929844,992.8181331975353
nag,50,0.44770999059847383,0.40797135389542427,447.70999059847384,1764,1762,3526,0.2540919356404505,682,0.682,4,0.42386532083081613,820.1466594142659
nag,50,0.10568945142529425,0.0945191912827146,105.68945142529425,405,405,810,0.26096160845751665,31,0.031,4,0.10003613280164954,23.843184609352594
nag,50,0.3372201968960026,0.29475022824677716,337.22019689600256,1385,1384,2769,0.24365621163005965,374,0.374,4,0.2632341179910211,379.67505051745906
nag,50,0.8881150528651538,0.7753180320987381,888.1150528651538,3512,3511,7023,0.25295216544151344,2868,2.868,4,0.5714465550423622,3404.5844767385493
nag,50,0.7623473706466987,0.6674677079009684,762.3473706466987,2989,2989,5978,0.2550509771317159,2068,2.068,4,0.6078872854279633,1989.2467823803956
nag,50,0.7665004254980745,0.6889479544558428,766.5004254980745,3052,3050,6102,0.25131161491740145,2103,2.103,4,0.6883534593984562,1790.4002623970796
nag,50,0.43676468700044974,0.37698106141926535,436.7646870004497,1772,1772,3544,0.24648120033885423,634,0.634,4,0.29166370865399305,603.7587337254015
nag,50,0.4378697623691206,0.3774219416910695,437.8697623691206,1764,1762,3526,0.24850724311527844,721,0.721,4,0.38891913729700783,723.3624753913346
nag,50,0.6642266126355066,0.6060698030342234,664.2266126355066,2618,2618,5236,0.25371528366520496,1545,1.545,4,0.6805910390648918,1363.7421563526113
nag,50,0.3293237565237664,0.2894954836466177,329.3237565237664,1309,1309,2618,0.25158422958270926,358,0.358,4,0.3753485200068451,422.7035186480827
nag,50,0.8496656500638905,0.7365667583255161,849.6656500638906,3458,3456,6914,0.24585232930089426,2690,2.69,4,0.8183146555289307,2396.304661582273
nag,50,0.6955660631371393,0.592349504846432,695.5660631371393,2722,2722,5444,0.2555349240033576,1590,1.59,4,0.5383789123087621,1166.7555550417642
nag,50,0.8713269636484919,0.7666376132497349,871.326963648492,3559,3557,7116,0.24496119304146527,2888,2.888,4,0.8790863498342373,3223.2275586919163
nag,50,0.0,0.0,0.0,0,0,0,,0,0.0,4,0.0,0.0
nag,50,0.21138704723958665,0.1848745725790187,211.38704723958665,865,865,1730,0.24437808929431984,136,0.136,4,0.19867221815599112,108.92561407093271
nag,50,0.3386201140603415,0.2942786022036637,338.6201140603415,1352,1352,2704,0.2504586642458147,321,0.321,4,0.2915634380071893,426.91461411964895
nag,50,0.5576192994179842,0.4826929772543426,557.6192994179842,2248,2246,4494,0.24827217249242395,980,0.98,4,0.37785504356315447,960.7834338759411
nag,50,0.31244216430339394,0.27830839310563493,312.44216430339395,1254,1254,2508,0.2491564308639505,304,0.304,4,0.26338990464489637,240.93343332647106
nag,50,0.4303781538447872,0.38788274837669795,430.3781538447872,1711,1710,3421,0.25168313090338434,701,0.701,4,0.37888119934302356,455.02415623810896
nag,50,0.5528270476509022,0.48482574241693477,552.8270476509022,2184,2184,4368,0.2531259375690944,1029,1.029,4,0.6304950036256075,957.4425796403558
nag,50,0.31209802312439416,0.2867730565963641,312.09802312439416,1310,1310,2620,0.23824276574381234,350,0.35,4,0.2862672918284486,398.37551749557184
nag,50,0.34733420754714495,0.30339511467964136,347.33420754714496,1352,1352,2704,0.25690399966504807,344,0.344,4,0.21422530393411637,334.0522532976392
nag,50,0.21591328782775634,0.19031245158704735,215.91328782775633,861,861,1722,0.2507703691379284,161,0.161,4,0.21255795929068236,177.95543915865406
nag,50,0.5354072532983489,0.4791082532513841,535.4072532983489,2169,2169,4338,0.24684520668434712,1013,1.013,4,0.38617526854045225,1032.432158112549
nag,50,0.5567944286749953,0.5040508657492906,556.7944286749953,2161,2160,4321,0.25777519846064595,1012,1.012,4,0.546166476150772,843.0066598943312
nag,50,0.34103488927968256,0.3100560964881544,341.03488927968255,1377,1376,2753,0.2478451230230251,346,0.346,4,0.34423907107923224,403.625593705571
nag,50,0.31773883920120455,0.28461481285227,317.73883920120454,1329,1329,2658,0.23908114311603051,363,0.363,4,0.3015420760373099,265.67740025926696
nag,50,0.4439109491595316,0.3918266210161456,443.9109491595316,1725,1725,3450,0.2573396806721922,606,0.606,4,0.3647520791091028,508.1771973974746
nag,50,0.940387120199912,0.812668138039606,940.387120199912,3876,3874,7750,0.24274319055237792,3138,3.138,4,0.6929537199550834,2996.456147339669
nag,50,1.0025427468425117,0.8819971662645568,1002.5427468425116,3916,3915,7831,0.25607732997254445,3482,3.482,4,0.7593659257809232,3808.2884527544043
nag,50,0.768126182920412,0.6886524594920154,768.126182920412,3102,3102,6204,0.24762288295306642,2082,2.082,4,0.7037963504566987,1781.1546217141238
nag,50,0.5662184610215059,0.49635542021956564,566.2184610215058,2287,2287,4574,0.24758131220879137,1069,1.069,4,0.4780544391867563,1035.7138584773784
nag,50,0.7608109211867947,0.662362377852052,760.8109211867948,3194,3194,6388,0.23820003794201464,2163,2.163,4,0.5020623589023246,1715.5040068832714
nag,50,0.957119583319364,0.8049067270382682,957.119583319364,3876,3875,7751,0.24699860214693264,3342,3.342,4,0.8432080426260875,3702.3458125344605
nag,50,0.5389824378217115,0.4803620518510431,538.9824378217115,2234,2232,4466,0.2414795868376844,1122,1.122,4,0.6775934916387217,1153.5159697943907
nag,50,0.8875709306592889,0.777784162943675,887.5709306592889,3461,3461,6922,0.25644927207722884,2805,2.805,4,0.813629396344068,2239.7923183683783
nag,50,0.5421446333040393,0.4717602792981569,542.1446333040393,2207,2206,4413,0.24575912661107857,1002,1.002,4,0.4615051306639351,1052.89660227973
nag,50,0.24064152371666317,0.20878999032186232,240.64152371666316,900,900,1800,0.2673794707962924,154,0.154,4,0.1976182802361351,126.80566676289352
nag,50,0.6597236909927015,0.5697751256211514,659.7236909927014,2678,2677,5355,0.2464414236057906,1553,1.553,4,0.5244345295064401,1449.4952789605643
nag,50,0.4571373139270672,0.3973473136171198,457.13731392706717,1799,1799,3598,0.25410634459536807,762,0.762,4,0.4170227146237663,705.9332178528294
nag,50,0.5368061415579175,0.45482055253656306,536.8061415579175,2135,2135,4270,0.2514314480364953,1046,1.046,4,0.4194703204170151,877.3576867524755
nag,50,1.103717139167022,0.9763637510849902,1103.717139167022,4389,4388,8777,0.25153079744006884,4545,4.545,4,0.9883539512415493,6144.431056463184
nag,50,0.23376760663377533,0.20960820221726412,233.76760663377533,907,907,1814,0.25773716277152736,157,0.157,4,0.16798872547815985,160.69193743688825
nag,50,0.757457528753695,0.6459048942350633,757.457528753695,3045,3042,6087,0.24899984508668474,1981,1.981,4,0.6520063463345159,1995.5531165919867
nag,50,0.3106971717670956,0.27793310627363144,310.6971717670956,1245,1245,2490,0.24955596125871132,315,0.315,4,0.33792125496639214,315.91275717429914
nag,50,0.1095374467917025,0.09753899454205746,109.53744679170251,468,468,936,0.23405437348654382,16,0.016,4,0.11329537346384258,13.08146829672345
nag,50,0.554289522109061,0.5001532463497624,554.2895221090611,2224,2224,4448,0.24923090022889435,1081,1.081,4,0.633424819197814,952.3196163150645
nag,50,0.9756050633763946,0.8386969859901414,975.6050633763946,4007,4005,8012,0.24359676988174647,3514,3.514,4,0.7914429087430477,4000.831376502691
nag,50,0.5769235062976759,0.4952992637189776,576.9235062976759,2292,2292,4584,0.2517118264824066,1172,1.172,4,0.4112045521950488,1118.2320448833532
nag,50,0.8711690348688994,0.7941600291884386,871.1690348688994,3425,3423,6848,0.25450453837829373,2766,2.766,4,0.710492106060564,1886.8756643437264
nag,50,0.431124940777503,0.38478647475414557,431.124940777503,1741,1741,3482,0.2476306380112022,632,0.632,4,0.34716871425024654,721.3596983556205
nag,50,0.5641424776901017,0.4776702321730146,564.1424776901017,2256,2255,4511,0.25017404775614266,1048,1.048,4,0.537373017080307,1022.2528025216703
nag,50,0.44646232395132535,0.40147905752850327,446.46232395132535,1765,1765,3530,0.2529531580460767,716,0.716,4,0.5692561460859498,732.1527420676647
nag,50,0.3365280565341016,0.2969677838673141,336.5280565341016,1331,1330,2661,0.25302861393541476,384,0.384,4,0.2543947044902353,349.1096757231309
nag,50,0.8635013386846702,0.7560646179378734,863.5013386846701,3387,3386,6773,0.2550210687196309,2524,2.524,4,0.837498706105127,2173.760039652506
nag,50,0.6803779335217461,0.5873925525901429,680.3779335217462,2683,2683,5366,0.2535884955354999,1588,1.588,4,0.6390062636583824,1683.7647243665842
nag,50,0.8210199838414023,0.7015332960267333,821.0199838414023,3194,3194,6388,0.25705071504114035,2354,2.354,4,0.736314894562502,2689.9270360299197
nag,50,0.6590214642302459,0.5763558520318287,659.0214642302459,2674,2674,5348,0.24645529701953847,1571,1.571,4,0.7565161169943256,1256.5313004210973
nag,50,0.8865251654579374,0.7657843694008265,886.5251654579373,3511,3510,7021,0.25257127221023856,2640,2.64,4,0.8549816564309752,2799.53848104276
nag,50,1.4062418157592491,1.2609223366100273,1406.2418157592492,5631,5629,11260,0.24982089460992168,7423,7.423,4,1.311788300332325,9361.20436811204
nag,50,0.3434874480711087,0.3020006484839236,343.4874480711087,1421,1421,2842,0.24172234206270846,436,0.436,4,0.2508081872666843,455.643261302479
nag,50,0.4452826493642565,0.395143165087781,445.2826493642565,1737,1737,3474,0.2563515540381442,629,0.629,4,0.38355731440088825,600.6747503276356
nag,50,0.8981335895850289,0.8084533421840545,898.1335895850289,3594,3591,7185,0.2501068197117875,3091,3.091,4,0.8019307259771162,2758.1717989978324
nag,50,0.7360489082784277,0.6446216615609408,736.0489082784277,3018,3017,6035,0.24396715554472248,2012,2.012,4,0.6950915869086538,1993.082176502926
nag,50,0.3277146435773115,0.2949388009466282,327.7146435773115,1365,1365,2730,0.24008398796872638,364,0.364,4,0.2894428717876104,414.023151589946
nag,50,0.3298524878314665,0.29485111513659074,329.8524878314665,1353,1353,2706,0.2437934130313869,369,0.369,4,0.340261098689567,300.0381659464856
nag,50,0.7771678720940395,0.6908106830792576,777.1678720940395,3054,3054,6108,0.254475400161768,2082,2.082,4,0.6336484618084687,2403.0016937829523
nag,50,0.44651623709681715,0.3953888468122673,446.5162370968171,1809,1809,3618,0.24683042404467503,701,0.701,4,0.42866743902403587,703.7103917661588
nag,50,0.44900196413124394,0.4060872550077784,449.00196413124394,1774,1774,3548,0.2531014453952897,680,0.68,4,0.39559706723973814,659.8558218162266
nag,50,0.11011727868564336,0.09799146362051171,110.11727868564336,466,466,932,0.23630317314515742,19,0.019,4,0.11452981403465609,14.156872906858297
nag,50,0.22417838878041754,0.20058153065488388,224.17838878041755,858,857,1715,0.2615850510856681,166,0.166,4,0.19746253209198308,159.04224842698645
nag,50,0.42167163871011043,0.37119070344700156,421.6716387101104,1722,1721,3443,0.24501547862295783,632,0.632,4,0.41080830539012153,909.0381025119281
nag,50,0.447134995506676,0.39404329765199453,447.13499550667603,1806,1806,3612,0.24758305399040756,672,0.672,4,0.3644028527696484,744.0791287759495
nag,50,0.2247993788791323,0.20117384500216717,224.7993788791323,919,919,1838,0.2446130346889361,155,0.155,4,0.20764887418561145,186.48384725734235
nag,50,0.6593897136553823,0.5867927701763679,659.3897136553824,2697,2697,5394,0.2444900680961744,1528,1.528,4,0.4553100290962194,1728.1060946990972
nag,50,0.328222778010272,0.28756759709725893,328.222778010272,1314,1314,2628,0.2497890243609376,373,0.373,4,0.3250537640022952,344.20490140280793
nag,50,0.2304808972424895,0.2052747491015499,230.4808972424895,924,924,1848,0.24943820047888474,156,0.156,4,0.1798228463714954,175.1685352208117
nag,50,0.4301260322147949,0.37379108561077656,430.1260322147949,1741,1741,3482,0.247056882374954,659,0.659,4,0.3425337115954147,556.7631782950585
nag,50,0.0,0.0,0.0,0,0,0,,0,0.0,4,0.0,0.0
nag,50,0.768328106125813,0.6765411932491188,768.3281061258131,3141,3140,6281,0.24469047965790225,2138,2.138,4,0.6649879735391275,1824.977836893661
nag,50,0.8547345936140578,0.7641093542484784,854.7345936140578,3497,3496,6993,0.24448930023285406,2703,2.703,4,0.8847082606788468,2840.129998035374
nag,50,0.7562050488508308,0.6457047030124574,756.2050488508308,3032,3030,6062,0.24957262338311248,2099,2.099,4,0.6721430581212554,2121.4374869973053
nag,50,0.5487241346403727,0.479272961297563,548.7241346403728,2263,2263,4526,0.24247641831213998,1109,1.109,4,0.5540120892442546,1149.5613334207876
nag,50,0.5654293899666948,0.5055246311396866,565.4293899666948,2282,2281,4563,0.24788662427299202,1150,1.15,4,0.5110679645008498,1244.6052155304963
nag,50,0.3180249059294306,0.28224778662234923,318.0249059294306,1301,1301,2602,0.2444465072478329,348,0.348,4,0.2576020794286225,333.1759017450704
nag,50,0.3400137243612041,0.297485247698213,340.0137243612041,1341,1341,2682,0.2535523671597346,332,0.332,4,0.3764737493193606,339.68540685815583
nag,50,0.5560615745645557,0.5010077728773025,556.0615745645557,2198,2198,4396,0.2529852477545749,1115,1.115,4,0.543740426861146,1031.5818667268022
nag,50,0.5316412253235132,0.4813878572119545,531.6412253235133,2159,2159,4318,0.24624419885294732,976,0.976,4,0.4258820964204537,1227.9148015936269
nag,50,0.5338296078977698,0.46026574289111316,533.8296078977697,2183,2182,4365,0.24465151599347834,980,0.98,4,0.3743087065139582,993.7130372197827
nag,50,0.34691665425862434,0.3006376095564191,346.91665425862436,1349,1349,2698,0.2571657926305592,413,0.413,4,0.3316868983465968,438.2802495269259
nag,50,0.45796486279975473,0.4137084558369468,457.9648627997547,1790,1788,3578,0.25613247360165253,756,0.756,4,0.49928085264432254,801.7085706323683
nag,50,0.44661342668895443,0.3954976576678227,446.6134266889544,1749,1749,3498,0.25535358873010544,723,0.723,4,0.4868572395084993,718.9594459241991
nag,50,1.3215131273966276,1.1512307917816333,1321.5131273966276,5279,5279,10558,0.25033398889877395,6385,6.385,4,1.2824319851709198,7436.487740312804
nag,50,0.1095849350019598,0.09757607702257606,109.5849350019598,437,437,874,0.25076644165208195,11,0.011,4,0.08170326890857754,12.729018119791215
nag,50,0.3400587747715317,0.2993850205849988,340.05877477153166,1350,1350,2700,0.25189538871965306,350,0.35,4,0.34943557162501965,306.71843771988796
nag,50,0.43659211433907097,0.38966676456289817,436.592114339071,1702,1702,3404,0.256517105957151,646,0.646,4,0.39778818527033505,536.4047958823592
nag,50,0.5400240578879013,0.4685751938097401,540.0240578879013,2142,2141,4283,0.2522298261970581,960,0.96,4,0.43481808940306754,875.6058064354281
nag,50,0.9997789824845861,0.8645344476276032,999.7789824845861,3972,3969,7941,0.2518969469600872,3727,3.727,4,0.7568275650362141,4397.447163087263
nag,50,0.6819324691391253,0.596328639504602,681.9324691391253,2663,2663,5326,0.25607678150173685,1624,1.624,4,0.5174445027348676,1835.6973006736214
nag,50,0.2280623304677633,0.20203038554617903,228.0623304677633,935,935,1870,0.24391693098156503,195,0.195,4,0.15932490944318298,176.88075520922553
nag,50,0.45822665931588125,0.3879712919661738,458.22665931588125,1792,1792,3584,0.25570684113609443,715,0.715,4,0.469466145005828,660.4455286943772
nag,50,0.21737934551376123,0.18781404982304892,217.37934551376122,906,906,1812,0.23993305244344507,152,0.152,4,0.17879876566986033,173.33160833787915
nag,50,0.8984176155687696,0.7653135578507203,898.4176155687696,3518,3517,7035,0.25544999021005677,2957,2.957,4,0.8005655962944684,2425.708961415704
nag,50,0.371804426583571,0.3260407478419657,371.804426583571,1374,1374,2748,0.27060001934757716,426,0.426,4,0.2669376643481113,514.5684514953772
nag,50,0.5413126219921421,0.4716149669116408,541.3126219921421,2182,2181,4363,0.2481946914223485,1048,1.048,4,0.3663214340518135,849.3560394686026
nag,50,0.5388813934467039,0.46341552179368145,538.8813934467039,2193,2193,4386,0.24572794958810026,1118,1.118,4,0.45951343738634237,972.1246084600759
nag,50,0.4627611408651016,0.39462170825336873,462.7611408651016,1847,1847,3694,0.25054745038716925,722,0.722,4,0.4388366077725515,516.2594926309519
nag,50,0.4446101518361736,0.3909147776524122,444.6101518361736,1834,1834,3668,0.2424264731931154,683,0.683,4,0.33533072899929384,731.1898019434362
nag,50,0.5504278203793149,0.4984563760912303,550.4278203793149,2248,2248,4496,0.24485223326481978,1046,1.046,4,0.5521049322026176,1067.5772997155448
nag,50,0.31911672093075366,0.2796420012909962,319.1167209307537,1335,1335,2670,0.23903874227022748,305,0.305,4,0.30586360014579417,323.5337922972439
nag,50,0.7683286206084121,0.6944330342280585,768.3286206084122,3112,3112,6224,0.24689223027262602,2279,2.279,4,0.7529711391665853,2709.602129819522
nag,50,0.6752931654049081,0.5973154805087638,675.2931654049081,2687,2686,5373,0.2514121985870842,1622,1.622,4,0.6306531239724252,1728.2888190058663
nag,50,0.746653789026094,0.6590768174507915,746.653789026094,3073,3072,6145,0.243051363615265,2159,2.159,4,0.546003091179611,2240.116076962935
nag,50,0.42227913475276674,0.37059973807857494,422.27913475276677,1802,1802,3604,0.23433914248211252,727,0.727,4,0.3264991488860722,594.9954999960065
nag,50,0.42539493428446223,0.37677175491242043,425.39493428446224,1715,1714,3429,0.24818840973422535,619,0.619,4,0.39557438230570524,762.1954598179494
nag,50,0.8949258718704416,0.7747591833009363,894.9258718704416,3573,3573,7146,0.25046903774711493,3018,3.018,4,0.6025715939971044,3598.5412177327516
nag,50,0.4346052783404156,0.38847098944724234,434.6052783404156,1740,1739,3479,0.24991677880414928,696,0.696,4,0.433861261716484,663.093568904556
nag,50,0.5512955047579763,0.4924599797730895,551.2955047579762,2201,2201,4402,0.2504750135202073,1117,1.117,4,0.507748393967877,1368.9292799751743
nag,50,0.4438110041091568,0.40454147955350084,443.8110041091568,1776,1776,3552,0.24989358339479548,690,0.69,4,0.32267263212197583,602.3179498790103
nag,50,0.3341841820550121,0.2919415798289167,334.1841820550121,1341,1341,2682,0.24920520660329018,365,0.365,4,0.33763788531655947,356.7457239995464
nag,50,0.7657970291232733,0.6703206508826243,765.7970291232733,3072,3072,6144,0.24928288708439886,2195,2.195,4,0.7691450250812317,2749.174334530723
nag,50,0.6486295246197512,0.5715743531017778,648.6295246197512,2644,2644,5288,0.2453213028062599,1535,1.535,4,0.8428122896911678,1607.137348445544
nag,50,0.31776747958024343,0.29210755366123714,317.76747958024345,1301,1300,2601,0.2444365227540334,301,0.301,4,0.26957985247692895,332.43287683093075
nag,50,0.7683211309534181,0.6819813213222373,768.3211309534181,3020,3020,6040,0.25441097051437683,2059,2.059,4,0.5794827035718678,1322.3587555611957
nag,50,1.082873247556944,0.9366684508764815,1082.873247556944,4402,4401,8803,0.24605163543670622,4434,4.434,4,0.8989670957546712,5070.389337103741
nag,50,0.32902468416122416,0.3024031423837525,329.0246841612242,1346,1345,2691,0.24462801796373546,382,0.382,4,0.34000678207226404,317.5510929017477
nag,50,0.5331868628899742,0.48978658982830714,533.1868628899742,2157,2157,4314,0.24718908803429496,1120,1.12,4,0.4867809084570551,1221.3766542269652
nag,50,0.6707441738899265,0.5886943545605866,670.7441738899265,2676,2675,5351,0.25074548556632764,1673,1.673,4,0.5172689712242908,1673.086992309685
nag,50,0.7594647217859444,0.656921977072798,759.4647217859443,3097,3096,6193,0.24530514269571846,2196,2.196,4,0.5921014067946238,2528.9611091196703
nag,50,0.7770695343702754,0.709201612328007,777.0695343702754,3109,3109,6218,0.24994195380195414,2310,2.31,4,0.7122179697212312,2926.0913890464326
nag,50,0.4190631510882247,0.3749848087195246,419.0631510882247,1706,1706,3412,0.2456407685159582,610,0.61,4,0.36317341729460906,680.6832317107135
nag,50,0.4437778552791308,0.40710470196079224,443.7778552791308,1744,1744,3488,0.2544597794031713,804,0.804,4,0.466246029161082,614.8062737027765
nag,50,0.5693416588531607,0.5020439342440487,569.3416588531607,2233,2233,4466,0.25496715577839707,1180,1.18,4,0.6439105140925282,1148.3410776383744
nag,50,0.6738708901083582,0.6098219515526169,673.8708901083583,2665,2663,5328,0.25304952689010823,1564,1.564,4,0.6663368137167206,1462.8053339164292
nag,50,0.3380690318300299,0.3053557002676913,338.06903183002987,1346,1346,2692,0.25116569972513364,379,0.379,4,0.3728869744226662,365.5466896211964
nag,50,0.4484178420785736,0.38310953357993127,448.4178420785736,1740,1740,3480,0.2577114034934331,561,0.561,4,0.4711104015200983,535.20474153639
nag,50,0.4339126307323571,0.381216212720242,433.91263073235706,1736,1736,3472,0.24994967208085084,735,0.735,4,0.3358881793198419,553.4484080058079
nag,50,0.6793580132411788,0.5968403404033081,679.3580132411788,2723,2722,5445,0.24958046041189522,1655,1.655,4,0.5050873437650456,1851.2787186861942
nag,50,0.0,0.0,0.0,0,0,0,,0,0.0,4,0.0,0.0
nag,50,0.6843293283384257,0.5828653654940851,684.3293283384257,2660,2660,5320,0.2572666647888819,1667,1.667,4,0.6324335730968816,1487.5075240352885
nag,50,0.7717747666993096,0.6814510062080287,771.7747666993096,3145,3145,6290,0.24539738209834963,2279,2.279,4,0.6852483503790264,2243.7813955516403
nag,50,0.32871041392674416,0.2974474073543691,328.71041392674414,1331,1330,2661,0.2471506871629655,386,0.386,4,0.24485034079588008,428.909019091967
nag,50,0.5379158835496519,0.4753769958364717,537.9158835496519,2216,2216,4432,0.24274182470652161,972,0.972,4,0.4466739460804477,905.9378345163759
nag,50,1.2134222018970175,1.0471657978084368,1213.4222018970177,4825,4823,9648,0.25159075303691014,5284,5.284,4,1.1162610356567275,4819.4554584860825
nag,50,0.6511649341488935,0.5657646186971457,651.1649341488935,2632,2632,5264,0.2474030904821024,1506,1.506,4,0.5175273016196116,1339.9756866069479
bg,50,0.000794467299510444,0.0007938361212204522,0.794467299510444,23,23,46,0.03454205650045409,0,0.0,4,0.0006515335411190986,0.0
bg,50,0.0005748361198995191,0.0005745056833347779,0.5748361198995191,23,23,46,0.02499287477823996,0,0.0,4,0.0006719973621432539,0.0
bg,50,0.0008579363708083107,0.0008572003159919547,0.8579363708083108,24,24,48,0.03574734878367961,0,0.0,4,0.000716402335225949,0.0
bg,50,0.0005429326600325339,0.0005426378841592039,0.5429326600325339,22,22,44,0.024678757274206087,0,0.0,4,0.0005003500517455173,0.0
bg,50,0.0010229470931415036,0.001021900672386137,1.0229470931415037,31,31,62,0.03299829332714528,0,0.0,4,0.00100863701339876,0.0
bg,50,0.0007361816119773436,0.0007356396486115302,0.7361816119773437,22,22,44,0.033462800544424715,0,0.0,4,0.0007783364343310284,0.0
bg,50,0.0003629394993283022,0.0003628077742481294,0.36293949932830216,24,24,48,0.015122479138679257,0,0.0,4,0.0003418051760077106,0.0
bg,50,0.0006447216602166747,0.0006443059941975222,0.6447216602166748,28,28,56,0.023025773579166957,0,0.0,4,0.0006125413131160155,0.0
bg,50,0.0008209247019266428,0.0008202507845604096,0.8209247019266428,30,30,60,0.027364156730888094,0,0.0,4,0.0005108592776539661,0.0
bg,50,0.0007147652874909091,0.0007142543980747072,0.7147652874909092,27,27,54,0.026472788425589228,0,0.0,4,0.0006639743511579743,0.0
bg,50,0.0009781781197610257,0.0009772212873270466,0.9781781197610258,39,39,78,0.025081490250282713,0,0.0,4,0.000985746402491816,0.0
bg,50,0.0007165837178021164,0.0007160702255774973,0.7165837178021164,28,28,56,0.02559227563578987,0,0.0,4,0.0008220099597887198,0.0
bg,50,0.0015173181072493094,0.001515015853010723,1.5173181072493094,25,25,50,0.060692724289972376,0,0.0,4,0.0018791572017608919,0.0
bg,50,0.0007759167193736047,0.0007753146726182014,0.7759167193736047,26,26,52,0.029842950745138645,0,0.0,4,0.0008018760807685935,0.0
bg,50,0.00035974152557332673,0.00035961211160810496,0.3597415255733267,19,19,38,0.0189337645038593,0,0.0,4,0.0003251689391620059,0.0
bg,50,0.0007937481244887011,0.0007931180884035717,0.793748124488701,28,28,56,0.028348147303167894,0,0.0,4,0.0007934360593063165,0.0
bg,50,0.0008951297937873761,0.0008943285364396504,0.8951297937873761,31,31,62,0.028875154638302456,0,0.0,4,0.001061622182304346,0.0
bg,50,0.0008672749938982705,0.0008977004899805623,0.8672749938982705,23,23,46,0.037707608430359585,0,0.0,4,0.0010065130976933817,0.0
bg,50,0.00017206231672875562,0.00017203271128791759,0.1720623167287556,10,10,20,0.01720623167287556,0,0.0,4,0.00018529641225310974,0.0
bg,50,0.0009570459610908273,0.0009561300241191871,0.9570459610908273,28,28,56,0.03418021289610097,0,0.0,4,0.0011229955607519604,0.0
bg,50,0.0008636360029001899,0.0008628901357546846,0.8636360029001899,29,29,58,0.02978055182414448,0,0.0,4,0.0008839311664053409,0.0
bg,50,0.0009398213208988544,0.0009389380567836384,0.9398213208988544,33,33,66,0.02847943396663195,0,0.0,4,0.0007795200716377291,0.0
bg,50,0.0006965774106809519,0.000696092190591881,0.6965774106809519,23,23,46,0.030285974377432693,0,0.0,4,0.000599743833286033,0.0
bg,50,0.0005779980916397456,0.0005776640098458064,0.5779980916397456,20,20,40,0.02889990458198728,0,0.0,4,0.00053644354461904,0.0
bg,50,0.0009883378659547599,0.0009873610542174799,0.9883378659547599,32,32,64,0.030885558311086247,0,0.0,4,0.0011508404505421038,0.0
bg,50,0.0009435547906379736,0.0009426644949950379,0.9435547906379735,28,28,56,0.03369838537992763,0,0.0,4,0.0008782368888538661,0.0
bg,50,0.0007099077913068221,0.0007115388070753866,0.7099077913068221,28,28,56,0.025353849689529362,1,0.001,4,0.0010104366420241883,1.0334273963071006
bg,50,0.0011214064700732997,0.0011201489176021775,1.1214064700732997,20,20,40,0.05607032350366499,0,0.0,4,0.001349036628589328,0.0
bg,50,0.0010493214298214753,0.0010482203543583926,1.0493214298214752,29,29,58,0.03618349758005087,0,0.0,4,0.0011698828175373578,0.0
bg,50,0.0011616991626105743,0.0011603496176661645,1.1616991626105744,31,31,62,0.03747416653582498,0,0.0,4,0.0011664923740911676,0.0
bg,50,0.0005468531539940926,0.0005465541056220593,0.5468531539940926,16,16,32,0.03417832212463079,0,0.0,4,0.0005941545884709158,0.0
bg,50,0.0003847239465389762,0.00038457593402393573,0.38472394653897624,14,14,28,0.02748028189564116,0,0.0,4,0.00038850075415183566,0.0
bg,50,0.0008956297688442305,0.0008948276161613904,0.8956297688442305,24,24,48,0.03731790703517627,0,0.0,4,0.0008359993178167604,0.0
bg,50,0.000988848943781413,0.0009878711215477957,0.988848943781413,26,26,52,0.0380326516839005,0,0.0,4,0.0008999767125230713,0.0
bg,50,0.0011507006833425173,0.0011493765712798725,1.1507006833425173,30,30,60,0.038356689444750576,0,0.0,4,0.0012183794251492675,0.0
bg,50,0.0007110437024858713,0.0007105381193390264,0.7110437024858713,21,21,42,0.033859223927898634,0,0.0,4,0.0007575112489329701,0.0
bg,50,0.0007508347234868324,0.0007502709707048389,0.7508347234868324,24,24,48,0.031284780145284685,0,0.0,4,0.0006791654863338521,0.0
bg,50,0.0006812646658411641,0.0006808005442962405,0.6812646658411641,24,24,48,0.028386027743381836,0,0.0,4,0.0005326469120903551,0.0
bg,50,0.0004649826729490272,0.00046476646406288434,0.4649826729490272,20,20,40,0.023249133647451358,0,0.0,4,0.00046750953046530434,0.0
bg,50,0.0007369435883761024,0.0007364005025236539,0.7369435883761024,23,23,46,0.03204102558156967,0,0.0,4,0.0009735855627127712,0.0
bg,50,0.000359930101449164,0.0003598005517712348,0.35993010144916404,15,15,30,0.023995340096610935,0,0.0,4,0.0003774465120064502,0.0
bg,50,0.0007240114110159048,0.0007234872184926236,0.7240114110159048,24,24,48,0.0301671421256627,0,0.0,4,0.0007861184502873087,0.0
bg,50,0.0006624231063687774,0.0006619843019969261,0.6624231063687773,22,22,44,0.030110141198580787,0,0.0,4,0.0006248445761705593,0.0
bg,50,0.0009128660725739408,0.0009120327481074843,0.9128660725739408,23,23,46,0.03968982924234525,0,0.0,4,0.0008641847693640169,0.0
bg,50,0.0007115422531514679,0.0007110359607734482,0.7115422531514679,25,25,50,0.028461690126058717,0,0.0,4,0.0008714212122505195,0.0
bg,50,0.0011138536212165033,0.0011126129513270063,1.1138536212165033,32,32,64,0.03480792566301573,0,0.0,4,0.0010786321265794602,0.0
bg,50,0.000743197042172369,0.0007426447003288752,0.743197042172369,25,25,50,0.02972788168689476,0,0.0,4,0.0007443615690696902,0.0
bg,50,0.0007693318966844628,0.0007687400251172068,0.7693318966844629,22,22,44,0.03496963166747558,0,0.0,4,0.0007344757197356532,0.0
bg,50,0.0008647451680984131,0.0008639973838926635,0.8647451680984131,31,31,62,0.027895005422529453,0,0.0,4,0.0009177780497987919,0.0
bg,50,0.001236540204299457,0.0012350111726226083,1.236540204299457,28,28,56,0.044162150153552036,0,0.0,4,0.0012291055565147515,0.0
bg,50,0.0008091125178959455,0.0008084578548293296,0.8091125178959455,31,31,62,0.026100403803095015,0,0.0,4,0.0007886949550348224,0.0
bg,50,0.0004983011214084238,0.000498052817400827,0.49830112140842386,16,16,32,0.03114382008802649,0,0.0,4,0.0005447897205716304,0.0
bg,50,0.0011692991509321402,0.0011679318904277698,1.1692991509321402,35,35,70,0.03340854716948972,0,0.0,4,0.0010390356341735448,0.0
bg,50,0.0003826214826435006,0.0003824750834445203,0.3826214826435006,16,16,32,0.023913842665218787,0,0.0,4,0.00036239181424646555,0.0
bg,50,0.000549760276624113,0.0005494580402623592,0.549760276624113,26,26,52,0.021144626024004347,0,0.0,4,0.0005598951269340882,0.0
bg,50,0.0009718286716007576,0.0009708842206338124,0.9718286716007576,28,28,56,0.0347081668428842,0,0.0,4,0.0006518459768082833,0.0
bg,50,0.0005206619135623889,0.0005203908247341545,0.5206619135623889,18,18,36,0.02892566186457716,0,0.0,4,0.0004708659643442738,0.0
bg,50,0.0010018562257288588,0.0010008525098318271,1.0018562257288588,31,31,62,0.032317942765447055,0,0.0,4,0.0010086593099499002,0.0
bg,50,0.0007447555553826166,0.0007442008945453435,0.7447555553826166,19,19,38,0.0391976608096114,0,0.0,4,0.0006504546072512623,0.0
bg,50,0.0011151547791465335,0.0011139112089650798,1.1151547791465335,31,31,62,0.0359727348111785,0,0.0,4,0.0013678847667927781,0.0
bg,50,0.00045826070443960544,0.0004580507015663719,0.4582607044396054,15,15,30,0.030550713629307027,0,0.0,4,0.000504239536551075,0.0
bg,50,0.0007820762442333411,0.000781464600981547,0.7820762442333411,23,23,46,0.034003314966667,0,0.0,4,0.0007421870635924497,0.0
bg,50,0.0011610803523006297,0.0011597322447161312,1.1610803523006297,35,35,70,0.03317372435144656,0,0.0,4,0.0010611670633919948,0.0
bg,50,0.0009555713286312937,0.0009546582120671914,0.9555713286312937,21,21,42,0.04550339660149018,0,0.0,4,0.0010993840297283076,0.0
bg,50,0.00047047088807957495,0.0004702495452230445,0.47047088807957493,16,16,32,0.029404430504973433,0,0.0,4,0.0004357014795537496,0.0
bg,50,0.0008639210936664199,0.0008631747340103382,0.8639210936664199,29,29,58,0.029790382540221375,0,0.0,4,0.0008158604429778811,0.0
bg,50,0.0006403443253291519,0.0006399342844741707,0.6403443253291519,18,18,36,0.035574684740508435,0,0.0,4,0.0006951108519856168,0.0
bg,50,0.0011866242442251788,0.0011852161671281958,1.1866242442251789,32,32,64,0.03708200763203684,0,0.0,4,0.0013052874501941535,0.0
bg,50,0.0006682061057020547,0.0006677596063023573,0.6682061057020547,20,20,40,0.033410305285102734,0,0.0,4,0.0005789005030290388,0.0
bg,50,0.000908235514119722,0.0009074106223706139,0.908235514119722,28,28,56,0.03243698264713293,0,0.0,4,0.0008509646399280983,0.0
bg,50,0.0008972418209333046,0.0008964367780480729,0.8972418209333046,28,28,56,0.03204435074761802,0,0.0,4,0.0011838848352774562,0.0
bg,50,0.0005096715163558727,0.0005094117513012882,0.5096715163558727,17,17,34,0.029980677432698395,0,0.0,4,0.0003651119610761319,0.0
bg,50,0.0009032233337825915,0.000902407521391902,0.9032233337825915,26,26,52,0.03473935899163813,0,0.0,4,0.0008320822609191862,0.0
bg,50,0.0009525440070550104,0.0009516366669696339,0.9525440070550104,21,21,42,0.045359238431190975,0,0.0,4,0.000833480866744667,0.0
bg,50,0.0010602900975165354,0.001059165882425644,1.0602900975165355,32,32,64,0.03313406554739173,0,0.0,4,0.0011908788541187168,0.0
bg,50,0.0008751702224848934,0.0008744042995665692,0.8751702224848934,26,26,52,0.0336603931724959,0,0.0,4,0.0007826421606923115,0.0
bg,50,0.0006089312218816047,0.0006085604246486225,0.6089312218816048,15,15,30,0.04059541479210698,0,0.0,4,0.0006478328845539062,0.0
bg,50,0.0009281208781167933,0.0009272594697523971,0.9281208781167933,29,29,58,0.03200416821092391,0,0.0,4,0.0008657027393686478,0.0
bg,50,0.0006281840422589044,0.0006277894270679557,0.6281840422589045,19,19,38,0.03306231801362655,0,0.0,4,0.0006054557523921258,0.0
bg,50,0.0010649660871043984,0.0010638319343377158,1.0649660871043984,30,30,60,0.03549886957014661,0,0.0,4,0.001050061402619727,0.0
bg,50,0.0008329877995913222,0.0008322939309170544,0.8329877995913222,26,26,52,0.03203799229197393,0,0.0,4,0.0007200410412667406,0.0
bg,50,0.0009302862274903703,0.0009294207950253121,0.9302862274903703,20,20,40,0.046514311374518516,0,0.0,4,0.0010804366271913617,0.0
bg,50,0.0007106493224129409,0.0007101442999534948,0.7106493224129409,25,25,50,0.028425972896517635,0,0.0,4,0.0008111047020018828,0.0
bg,50,0.000629431130868646,0.0006290349473201394,0.629431130868646,19,19,38,0.03312795425624453,0,0.0,4,0.0005595242276622843,0.0
bg,50,0.0006962919077846408,0.0006958070853637945,0.6962919077846408,21,21,42,0.033156757513554326,0,0.0,4,0.0006761255950697686,0.0
bg,50,0.0013177377110427679,0.0013160012783676634,1.317737711042768,35,35,70,0.03764964888693623,0,0.0,4,0.001466499211770069,0.0
bg,50,0.0010077202955652922,0.0010067047953711981,1.0077202955652922,24,24,48,0.04198834564855384,0,0.0,4,0.0009162139082197768,0.0
bg,50,0.0006957486151300003,0.000695264548994545,0.6957486151300003,26,26,52,0.026759562120384627,0,0.0,4,0.0005791815990287253,0.0
bg,50,0.0007014151540494354,0.000700923170831105,0.7014151540494353,25,25,50,0.028056606161977412,0,0.0,4,0.0005263020624352632,0.0
bg,50,0.0009689715934486856,0.000968032687499775,0.9689715934486856,22,22,44,0.044044163338576615,0,0.0,4,0.0011132835183678604,0.0
bg,50,0.0006441279449366775,0.0006437130441272292,0.6441279449366775,18,18,36,0.03578488582981541,0,0.0,4,0.0008508465371579705,0.0
bg,50,0.000680102900266494,0.0006796403603115431,0.680102900266494,22,22,44,0.030913768193931546,0,0.0,4,0.0005481057990665562,0.0
bg,50,0.0008945733585582794,0.0008937730970644373,0.8945733585582794,28,28,56,0.03194904851993855,0,0.0,4,0.0007785072296767912,0.0
bg,50,0.0005821976190730709,0.0005818586650054166,0.5821976190730709,18,18,36,0.03234431217072616,0,0.0,4,0.0007054717777159356,0.0
bg,50,0.0005581228661500859,0.0005578113650163664,0.5581228661500859,27,27,54,0.020671217264817996,0,0.0,4,0.0006525918776903118,0.0
bg,50,0.0009506972906399227,0.0009497934653014926,0.9506972906399227,23,23,46,0.041334664810431423,0,0.0,4,0.0008368616523432752,0.0
bg,50,0.0010990653159985628,0.0010978573714297318,1.0990653159985628,31,31,62,0.03545371987092138,0,0.0,4,0.0011331685799052184,0.0
bg,50,0.0006358407910252666,0.0006354364975137348,0.6358407910252666,25,25,50,0.025433631641010663,0,0.0,4,0.0007525013556610121,0.0
bg,50,0.0007729539766827891,0.0007723565188327194,0.7729539766827891,29,29,58,0.026653585402854795,0,0.0,4,0.0007078577548145763,0.0
bg,50,0.0006557287936751947,0.00065529881342434,0.6557287936751948,21,21,42,0.031225180651199752,0,0.0,4,0.0005438016198381601,0.0
bg,50,0.0009054805744614498,0.0009046606793907227,0.9054805744614498,22,22,44,0.0411582079300659,0,0.0,4,0.0008525963484067386,0.0
bg,50,0.0007773169907491137,0.0007767127690450064,0.7773169907491138,21,21,42,0.03701509479757684,0,0.0,4,0.0006237781025564446,0.0
bg,50,0.0009248320542774931,0.000923976739948874,0.924832054277493,26,26,52,0.035570463626057425,0,0.0,4,0.0006546115921417749,0.0
bg,50,0.0006988496810089018,0.0006983612901322556,0.6988496810089018,23,23,46,0.030384768739517468,0,0.0,4,0.0005281436257914617,0.0
bg,50,0.0011432968796548054,0.001141989751899777,1.1432968796548053,33,33,66,0.034645359989539555,0,0.0,4,0.0011987777954391079,0.0
bg,50,0.0008908284836300595,0.0008900349082428127,0.8908284836300595,18,18,36,0.04949047131278109,0,0.0,4,0.0007353112823434793,0.0
bg,50,0.0010989122944278194,0.0010977046861969744,1.0989122944278193,28,28,56,0.039246867658136404,1,0.001,4,0.0010848598273244597,0.9697281538160424
bg,50,0.000522598776022889,0.0005223256665421882,0.522598776022889,25,25,50,0.02090395104091556,0,0.0,4,0.0006064847643004053,0.0
bg,50,0.0010162789067967779,0.0010152460839803778,1.016278906796778,28,28,56,0.03629567524274207,0,0.0,4,0.0008213496655442106,0.0
bg,50,0.0008012159045027394,0.000800573957577111,0.8012159045027394,23,23,46,0.034835474108814754,0,0.0,4,0.000638106321865304,0.0
bg,50,0.0004153216826544295,0.00041514919055434646,0.4153216826544295,20,20,40,0.020766084132721473,0,0.0,4,0.0003178738029953911,0.0
bg,50,0.0008913817244647753,0.0008905871630860655,0.8913817244647753,27,27,54,0.03301413794313982,0,0.0,4,0.0008855726313602154,0.0
bg,50,0.0011721509440786324,0.0011707770062429276,1.1721509440786324,31,31,62,0.03781132077673008,0,0.0,4,0.0015082277649822618,0.0
bg,50,0.0007667005795158994,0.0007661127497372697,0.7667005795158994,23,23,46,0.033334807805039106,0,0.0,4,0.0006025770011016349,0.0
bg,50,0.0008817255345157697,0.0008809480945975527,0.8817255345157697,32,32,64,0.027553922953617804,0,0.0,4,0.0009241313451379482,0.0
bg,50,0.00048259108405084873,0.0004823581898964434,0.4825910840508487,21,21,42,0.02298052781194518,0,0.0,4,0.00040499932160302857,0.0
bg,50,0.0009205107791494101,0.0009196634390548797,0.92051077914941,27,27,54,0.03409299182034852,0,0.0,4,0.0007050701042364218,0.0
bg,50,0.0004266845881040453,0.00042650252836631987,0.4266845881040453,17,17,34,0.025099093417885018,0,0.0,4,0.0004502096362157433,0.0
bg,50,0.0008769006462318942,0.0008761316914885322,0.8769006462318942,29,29,58,0.03023795331834118,0,0.0,4,0.0006561039422676679,0.0
bg,50,0.0009052098987504423,0.0009043904937896464,0.9052098987504422,25,25,50,0.03620839595001769,0,0.0,4,0.000749888043774271,0.0
bg,50,0.0011773264551375295,0.001175940357555563,1.1773264551375295,27,27,54,0.04360468352361221,0,0.0,4,0.001063087115789502,0.0
bg,50,0.0006810423830431205,0.0006805785643156196,0.6810423830431205,22,22,44,0.030956471956505475,0,0.0,4,0.000710667495980978,0.0
bg,50,0.0005104606793738711,0.0005102001092686841,0.5104606793738711,19,19,38,0.026866351545993216,0,0.0,4,0.0006027133398759331,0.0
bg,50,0.0007183999407448489,0.0007178838422699867,0.7183999407448489,30,30,60,0.023946664691494965,0,0.0,4,0.0005668198417032131,0.0
bg,50,0.0008940853956134092,0.00089328600691876,0.8940853956134092,24,24,48,0.03725355815055872,0,0.0,4,0.0008956765448693152,0.0
bg,50,0.00038445757081906606,0.0003843097631953059,0.38445757081906606,17,17,34,0.022615151224650944,0,0.0,4,0.00039574563811996656,0.0
bg,50,0.000874307072503286,0.0008735426596462566,0.874307072503286,32,32,64,0.027322096015727687,0,0.0,4,0.0008538198869251167,0.0
bg,50,0.0009956851248520558,0.000994693735984204,0.9956851248520557,29,29,58,0.03433396982248468,0,0.0,4,0.001066163451451247,0.0
bg,50,0.001311446561225459,0.0013097266691425092,1.311446561225459,33,33,66,0.03974080488561997,0,0.0,4,0.001128513731699671,0.0
bg,50,0.0010972836519336955,0.0010960796205208947,1.0972836519336955,31,31,62,0.03539624683657082,0,0.0,4,0.0011056383777902465,0.0
bg,50,0.0006683197678442614,0.0006678731165321697,0.6683197678442614,15,15,30,0.04455465118961743,0,0.0,4,0.0007075976989129083,0.0
bg,50,0.0006889110328956676,0.000688436434484422,0.6889110328956676,24,24,48,0.028704626370652814,0,0.0,4,0.0005676865440713672,0.0
bg,50,0.0005804419615363728,0.0005801050486656605,0.5804419615363727,24,24,48,0.024185081730682196,0,0.0,4,0.0005284630910758385,0.0
bg,50,0.00037721227837815975,0.0003770699892752004,0.37721227837815974,20,20,40,0.018860613918907986,0,0.0,4,0.00030284454186474023,0.0
bg,50,0.000771087313141031,0.000770492737496544,0.771087313141031,24,24,48,0.03212863804754296,0,0.0,4,0.0007745722069030554,0.0
bg,50,0.0005359658249465458,0.0005356785655810352,0.5359658249465458,24,24,48,0.02233190937277274,0,0.0,4,0.0004751457017480696,0.0
bg,50,0.0005256178951490469,0.000525341620977346,0.5256178951490469,16,16,32,0.03285111844681543,0,0.0,4,0.0005935627869274026,0.0
bg,50,0.0007793659377968538,0.0007787585265318558,0.7793659377968538,28,28,56,0.027834497778459064,0,0.0,4,0.0005284764811891554,0.0
bg,50,0.0008247201650215032,0.0008240400016709102,0.8247201650215032,22,22,44,0.037487280228250146,0,0.0,4,0.0007889097608262838,0.0
bg,50,0.0009597369670060747,0.0009588158719602368,0.9597369670060747,31,31,62,0.03095925700019596,0,0.0,4,0.000832269470823037,0.0
bg,50,0.0005880872116765267,0.0005877413651079892,0.5880872116765268,26,26,52,0.022618738910635646,0,0.0,4,0.0004883347910501688,0.0
bg,50,0.0010240180303637185,0.0010229694174372086,1.0240180303637185,30,30,60,0.034133934345457285,0,0.0,4,0.0011964386597495063,0.0
bg,50,0.0007693910588691164,0.0007687990962676488,0.7693910588691164,25,25,50,0.030775642354764658,0,0.0,4,0.0007199836357358866,0.0
bg,50,0.0006773805223136087,0.0006769216779415989,0.6773805223136087,17,17,34,0.039845913077271096,0,0.0,4,0.0006120129410975038,0.0
bg,50,0.00047117964668828095,0.0004709576364288276,0.47117964668828094,24,24,48,0.019632485278678374,0,0.0,4,0.00042139052365159507,0.0
bg,50,0.001179470060222812,0.0011780789105998498,1.1794700602228119,34,34,68,0.03469029588890623,4,0.004,4,0.0013767541184950649,4.109568522711258
bg,50,0.0008756015322552031,0.0008748348542119154,0.8756015322552031,28,28,56,0.031271483294828685,0,0.0,4,0.0010025602802861244,0.0
bg,50,0.0006771540629214732,0.0006766955252965422,0.6771540629214732,23,23,46,0.02944148099658579,0,0.0,4,0.0005949544048507944,0.0
bg,50,0.0010497012863449498,0.0010485994135543955,1.0497012863449497,34,34,68,0.030873567245439697,0,0.0,4,0.0010932594755591358,0.0
bg,50,0.0006786183242472186,0.0006781578014172145,0.6786183242472186,25,25,50,0.027144732969888744,0,0.0,4,0.0007175583476265891,0.0
bg,50,0.0008734002386838852,0.0008726374107069522,0.8734002386838853,30,30,60,0.029113341289462843,0,0.0,4,0.0009529816482034112,0.0
bg,50,0.0006419551751701071,0.0006415430687231796,0.6419551751701071,19,19,38,0.033787114482637215,0,0.0,4,0.0005115415425304068,0.0
bg,50,0.0004781188739464568,0.000477890276288833,0.4781188739464568,23,23,46,0.020787777128106817,0,0.0,4,0.0004520053744777841,0.0
bg,50,0.0007786046776132256,0.0007779984523692241,0.7786046776132256,28,28,56,0.027807309914758056,0,0.0,4,0.0006686848325223128,0.0
bg,50,0.0007701267030348973,0.0007695336078961699,0.7701267030348973,20,20,40,0.03850633515174486,0,0.0,4,0.0007928685074588624,0.0
bg,50,0.0010455974642860468,0.0010445041902287253,1.0455974642860468,28,28,56,0.03734276658164453,0,0.0,4,0.0009473605056266831,0.0
bg,50,0.000644941938112197,0.0006445259880086613,0.644941938112197,21,21,42,0.03071152086248557,0,0.0,4,0.0005744002332325735,0.0
bg,50,0.0005527728240343297,0.0005524672662393388,0.5527728240343297,22,22,44,0.025126037456105896,0,0.0,4,0.0005582217226319004,0.0
bg,50,0.0004696498890317571,0.00046942931801348945,0.4696498890317571,20,20,40,0.023482494451587854,0,0.0,4,0.00044640072939042865,0.0
bg,50,0.0007310264872243692,0.0007304920874993457,0.7310264872243692,24,24,48,0.030459436967682052,0,0.0,4,0.0009161539972343689,0.0
bg,50,0.0011932118568124394,0.0011917881022772017,1.1932118568124395,26,26,52,0.045892763723555365,0,0.0,4,0.0011511993840088133,0.0
bg,50,0.0005544816149665336,0.0005541741651051979,0.5544816149665337,18,18,36,0.030804534164807426,0,0.0,4,0.00046274720240823455,0.0
bg,50,0.0006850914438667433,0.0006846220935802838,0.6850914438667433,24,24,48,0.02854547682778097,0,0.0,4,0.0006401472225679965,0.0
bg,50,0.0006575292001205071,0.000657096855471496,0.6575292001205071,18,18,36,0.036529400006694836,0,0.0,4,0.0005232724210863573,0.0
bg,50,0.0012239311307102555,0.0012224331232975334,1.2239311307102554,28,28,56,0.04371182609679484,0,0.0,4,0.0012006090878763215,0.0
bg,50,0.0011577995831873315,0.0011564590833125028,1.1577995831873316,25,25,50,0.04631198332749326,0,0.0,4,0.0013098767056495594,0.0
bg,50,0.0006371148983872273,0.0006367089829934804,0.6371148983872272,22,22,44,0.02895976810851033,0,0.0,4,0.0004848963928984549,0.0
bg,50,0.0007397044610576167,0.0007391572983679081,0.7397044610576167,25,25,50,0.02958817844230467,0,0.0,4,0.00042758906026583044,0.0
bg,50,0.0009612266728258306,0.0009603027161092788,0.9612266728258305,32,32,64,0.030038333525807204,0,0.0,4,0.0007276770689151218,0.0
bg,50,0.0009552956993905753,0.0009543831095173011,0.9552956993905752,29,29,58,0.03294123101346811,0,0.0,4,0.000792687150787185,0.0
bg,50,0.0005463257712552263,0.0005460272994068887,0.5463257712552263,19,19,38,0.028753987960801385,0,0.0,4,0.0006214762764513726,0.0
bg,50,0.0006604370298424058,0.0006600008527720187,0.6604370298424058,30,30,60,0.022014567661413527,0,0.0,4,0.0006537652161326498,0.0
bg,50,0.0013012967279525363,0.001299603354778356,1.3012967279525363,27,27,54,0.048196175109353194,0,0.0,4,0.0015769506529215908,0.0
bg,50,0.0008773879855581938,0.0008766181758809923,0.8773879855581939,26,26,52,0.033745691752238224,0,0.0,4,0.0005977787434817059,0.0
bg,50,0.0004629734723397263,0.000462759127903636,0.4629734723397263,23,23,46,0.020129281406075058,0,0.0,4,0.00045074171098948164,0.0
bg,50,0.0010489898106930734,0.0010478894310701355,1.0489898106930733,27,27,54,0.03885147447011383,0,0.0,4,0.0010149672038969279,0.0
bg,50,0.0007172423257617897,0.0007167278892079256,0.7172423257617897,18,18,36,0.03984679587565498,0,0.0,4,0.0005563465705423881,0.0
bg,50,0.0007863576584569572,0.0007857393000899433,0.7863576584569572,20,20,40,0.03931788292284786,0,0.0,4,0.0009790086765010483,0.0
bg,50,0.0004407198304195994,0.00044052559645067427,0.4407198304195994,15,15,30,0.02938132202797329,0,0.0,4,0.00041103170175631356,0.0
bg,50,0.0008935650899040936,0.0009748193943932089,0.8935650899040937,16,16,32,0.055847818119005854,0,0.0,4,0.000849601552138318,0.0
bg,50,0.0008436421335587792,0.0008429304015092634,0.8436421335587792,26,26,52,0.03244777436764535,0,0.0,4,0.0008987592235770759,0.0
bg,50,0.00028345931967052704,0.000283378970484619,0.28345931967052707,15,15,30,0.018897287978035138,0,0.0,4,0.00022937982174149108,0.0
bg,50,0.0003585222550014766,0.00035839371679414523,0.3585222550014766,15,15,30,0.023901483666765106,0,0.0,4,0.0003112689408569277,0.0
bg,50,0.0008802401749257669,0.0008794653521602137,0.8802401749257669,27,27,54,0.03260148796021359,0,0.0,4,0.0007877428945081049,0.0
bg,50,0.0012121909464247818,0.0012107215395341874,1.2121909464247818,35,35,70,0.03463402704070805,0,0.0,4,0.001209649205600473,0.0
bg,50,0.0009092401751538883,0.0009084134574577744,0.9092401751538883,23,23,46,0.039532181528429924,0,0.0,4,0.000743339248023518,0.0
bg,50,0.00131186463336115,0.001310143644544886,1.3118646333611501,21,21,42,0.062469744445769054,0,0.0,4,0.0012068554275938693,0.0
bg,50,0.0008265755242624433,0.0008258922971651336,0.8265755242624433,23,23,46,0.03593806627228014,0,0.0,4,0.0008669312194182367,0.0
bg,50,0.0010851761161319474,0.001083998508928924,1.0851761161319473,26,26,52,0.04173754292815182,0,0.0,4,0.0013879743712955789,0.0
bg,50,0.0007615623490867023,0.0007609823718751558,0.7615623490867023,21,21,42,0.03626487376603344,0,0.0,4,0.0008866675790915773,0.0
bg,50,0.0006915537482981904,0.0006910755017114051,0.6915537482981904,23,23,46,0.030067554273834365,0,0.0,4,0.0007981544037113166,0.0
bg,50,0.0006468963425521394,0.0006464778676741321,0.6468963425521395,21,21,42,0.03080458774057807,0,0.0,4,0.0005474073729214399,0.0
bg,50,0.0003828608867123009,0.00038271430425372685,0.3828608867123009,14,14,28,0.02734720619373578,0,0.0,4,0.000343180717449775,0.0
bg,50,0.0009464778690895841,0.0009455820487329076,0.9464778690895841,24,24,48,0.03943657787873267,0,0.0,4,0.0010605689873197657,0.0
bg,50,0.0006131560164094196,0.0006127800561089605,0.6131560164094196,19,19,38,0.032271369284706294,0,0.0,4,0.0006855258147219911,0.0
bg,50,0.0008204873616353971,0.0008198141621247937,0.8204873616353971,28,28,56,0.02930312005840704,0,0.0,4,0.0007700979146081981,0.0
bg,50,0.0008530831179660581,0.0008523553671598993,0.8530831179660581,25,25,50,0.03412332471864232,0,0.0,4,0.0007997225392373382,0.0
bg,50,0.0007085720510444702,0.0007080699766929489,0.7085720510444702,32,32,64,0.022142876595139693,0,0.0,4,0.0008333467631521374,0.0
bg,50,0.0013264628165079832,0.0013247033129044053,1.3264628165079833,30,30,60,0.04421542721693277,0,0.0,4,0.0011617620649856503,0.0
bg,50,0.0005537184125555541,0.000553411808475151,0.5537184125555541,21,21,42,0.026367543455026385,0,0.0,4,0.0005616057919532881,0.0
bg,50,0.0005479975305704769,0.0005476972292769658,0.547997530570477,22,22,44,0.02490897866229441,0,0.0,4,0.00046104082231124516,0.0
bg,50,0.0006021251808968647,0.0006017626261633945,0.6021251808968646,27,27,54,0.022300932625809802,0,0.0,4,0.0006023142189883214,0.0
bg,50,0.0010473359825951363,0.0010462390699346978,1.0473359825951363,30,30,60,0.03491119941983788,0,0.0,4,0.001300597627921381,0.0
bg,50,0.0008763731235825816,0.0008756050937308436,0.8763731235825816,26,26,52,0.03370665859933006,0,0.0,4,0.0007604149819355276,0.0
bg,50,0.0004536105460233344,0.00045340478349587085,0.4536105460233344,20,20,40,0.02268052730116672,0,0.0,4,0.0004460731328295164,0.0
bg,50,0.0008851113317065896,0.0008843279096370741,0.8851113317065895,24,24,48,0.036879638821107896,0,0.0,4,0.0008795033186537529,0.0
bg,50,0.0006711961564112663,0.000670745652130885,0.6711961564112663,26,26,52,0.025815236785048705,0,0.0,4,0.0005643700221599524,0.0
bg,50,0.0009673673900294002,0.000966431590362108,0.9673673900294002,32,32,64,0.030230230938418756,0,0.0,4,0.0011452268141838732,0.0
bg,50,0.0008251588261828604,0.0008244779390944329,0.8251588261828604,25,25,50,0.03300635304731442,0,0.0,4,0.0008396268044909819,0.0
bg,50,0.0007138165633983041,0.0007133070293121222,0.713816563398304,27,27,54,0.02643765049623348,0,0.0,4,0.0006229859243369023,0.0
bg,50,0.0011911720142362015,0.001189753123468702,1.1911720142362014,29,29,58,0.04107489704262764,0,0.0,4,0.001316735216989775,0.0
bg,50,0.000628234631125153,0.0006278399523734082,0.628234631125153,17,17,34,0.03695497830147959,0,0.0,4,0.0007223219640576038,0.0
bg,50,0.0009056909164700641,0.0009048706404338878,0.9056909164700642,29,29,58,0.03123072125758842,0,0.0,4,0.0007981338888863847,0.0
bg,50,0.000778278151219169,0.0007776724343385039,0.778278151219169,29,29,58,0.026837177628247208,0,0.0,4,0.0008710775225349544,0.0
bg,50,0.0007130728229811751,0.0007125643501303006,0.7130728229811751,26,26,52,0.027425877806968275,0,0.0,4,0.0007349664285361735,0.0
bg,50,0.0005879293221368939,0.0005875836612490657,0.587929322136894,20,20,40,0.0293964661068447,0,0.0,4,0.0005597737701973995,0.0
bg,50,0.0006696050363723813,0.0006691566654676461,0.6696050363723813,27,27,54,0.02480018653231042,0,0.0,4,0.0007188594415461441,0.0
bg,50,0.0007686341186715425,0.0007680433202631564,0.7686341186715424,25,25,50,0.030745364746861695,0,0.0,4,0.0007967796455346691,0.0
bg,50,0.0004195550463022215,0.00041937901986534385,0.4195550463022215,14,14,28,0.029968217593015822,0,0.0,4,0.00043071572531511783,0.0
bg,50,0.0005606863465896126,0.0005603719774103607,0.5606863465896126,20,20,40,0.02803431732948063,0,0.0,4,0.00061257151242912,0.0
bg,50,0.0008885319637200246,0.0008887879424772574,0.8885319637200246,28,28,56,0.03173328441857231,2,0.002,4,0.0009259029580923891,2.360545557138381
bg,50,0.0007458513816259114,0.0007452950873424381,0.7458513816259114,28,28,56,0.026637549343782548,1,0.001,4,0.0006064006491814822,1.2500920842265895
bg,50,0.0008501698394731391,0.0008494470507171894,0.8501698394731392,30,30,60,0.02833899464910464,0,0.0,4,0.0011165131401320706,0.0
bg,50,0.0007290776736266196,0.0007285461193724389,0.7290776736266196,24,24,48,0.03037823640110915,0,0.0,4,0.0007715159451722765,0.0
bg,50,0.00040287318730848653,0.0004027108805034345,0.40287318730848654,11,11,22,0.036624835209862414,0,0.0,4,0.0003915542512510861,0.0
bg,50,0.0005818631443640072,0.0005815245796452381,0.5818631443640072,24,24,48,0.024244297681833633,0,0.0,4,0.0006033814120627309,0.0
bg,50,0.0007720622559642827,0.000771466175837198,0.7720622559642827,23,23,46,0.03356792417236012,0,0.0,4,0.0009310579178238174,0.0
bg,50,0.0009605556810277918,0.0009596330138114371,0.9605556810277918,31,31,62,0.030985667129928767,0,0.0,4,0.00092335885576213,0.0
bg,50,0.0008613688459825149,0.0008606268896936857,0.8613688459825148,19,19,38,0.04533520242013236,0,0.0,4,0.0008437823220303024,0.0
bg,50,0.0009156053522494858,0.0009147670190884179,0.9156053522494858,23,23,46,0.03980892835867329,0,0.0,4,0.0008711681708665049,0.0
bg,50,0.001039208471774284,0.0010381285175264765,1.039208471774284,26,26,52,0.03996955660670323,0,0.0,4,0.0009168515433271875,0.0
bg,50,0.0007746016693402025,0.0007740016615940579,0.7746016693402025,24,24,48,0.03227506955584177,0,0.0,4,0.0008090901168316616,0.0
bg,50,0.0007016275628434414,0.0007011352816064999,0.7016275628434414,25,25,50,0.028065102513737658,0,0.0,4,0.0007884408420242285,0.0
bg,50,0.0010267615476880962,0.0010257073084122851,1.0267615476880962,26,26,52,0.03949082875723447,0,0.0,4,0.0010601502986769084,0.0
bg,50,0.0004885248827104683,0.000488286226149441,0.48852488271046823,21,21,42,0.02326308965287944,0,0.0,4,0.0005313694741203516,0.0
bg,50,0.0004272067723916422,0.0004270242667652649,0.4272067723916422,26,26,52,0.016431029707370853,0,0.0,4,0.0004308784255125714,0.0
bg,50,0.0008634286629254575,0.0008626831538694964,0.8634286629254575,25,25,50,0.0345371465170183,0,0.0,4,0.0008496208349638724,0.0
bg,50,0.0008552412838621626,0.0008545098462085403,0.8552412838621626,24,24,48,0.035635053494256774,0,0.0,4,0.000984291905651281,0.0
bg,50,0.0005839858613764761,0.0005836448218901886,0.5839858613764761,20,20,40,0.029199293068823805,0,0.0,4,0.000571204516820114,0.0
bg,50,0.0006597200373607563,0.000659284806833061,0.6597200373607564,31,31,62,0.021281291527766335,0,0.0,4,0.0005628342141551783,0.0
bg,50,0.0009455791129427329,0.0009446849930838994,0.9455791129427329,23,23,46,0.04111213534533621,0,0.0,4,0.0008642292539784196,0.0
bg,50,0.000923091056738997,0.0009222389596399653,0.9230910567389969,25,25,50,0.03692364226955988,0,0.0,4,0.0012033895781691766,0.0
bg,50,0.0010177358297632608,0.0010167000435440771,1.0177358297632608,27,27,54,0.037693919620861514,0,0.0,4,0.001045903000430949,0.0
bg,50,0.0009648202126149421,0.0009638893345722717,0.9648202126149421,30,30,60,0.0321606737538314,0,0.0,4,0.0010327231787792006,0.0
bg,50,0.0006820595373251521,0.000681594332112696,0.6820595373251521,25,25,50,0.027282381493006085,0,0.0,4,0.000696435877638105,0.0
bg,50,0.0008350662985494211,0.0008343689628264481,0.835066298549421,26,26,52,0.032117934559593116,0,0.0,4,0.0008867572900858202,0.0
bg,50,0.000800958458194458,0.0008003169237427046,0.800958458194458,23,23,46,0.03482428079106339,0,0.0,4,0.0005142936204690913,0.0
bg,50,0.0008743693423451679,0.0008736048205983348,0.8743693423451679,25,25,50,0.03497477369380672,0,0.0,4,0.0009809203750428797,0.0
bg,50,0.0010718393743567951,0.0010706905347123733,1.071839374356795,30,30,60,0.035727979145226504,0,0.0,4,0.0014586271405650018,0.0
bg,50,0.0005249787753137944,0.0005247031725992645,0.5249787753137944,17,17,34,0.030881104430223204,0,0.0,4,0.0005949352560508491,0.0
bg,50,0.000685778759085892,0.0006853084665794786,0.6857787590858919,26,26,52,0.02637610611868815,0,0.0,4,0.0005772502069692579,0.0
bg,50,0.0012925060471012237,0.0012908354752194306,1.2925060471012237,32,32,64,0.04039081397191324,0,0.0,4,0.0011753838159584253,0.0
bg,50,0.0009299361297556974,0.0009290713485502723,0.9299361297556974,30,30,60,0.03099787099185658,0,0.0,4,0.0008403323072507418,0.0
bg,50,0.0013045765664056574,0.0013028746463880424,1.3045765664056574,30,30,60,0.04348588554685525,0,0.0,4,0.0013978338165556068,0.0
bg,50,0.000583459848841386,0.000583119423446176,0.583459848841386,23,23,46,0.02536781951484287,0,0.0,4,0.0005742989729432805,0.0
bg,50,0.0010522316839247452,0.0010511244924080903,1.0522316839247452,30,30,60,0.035074389464158175,0,0.0,4,0.001304744304319349,0.0
bg,50,0.0011609494244024354,0.001159601620836415,1.1609494244024354,29,29,58,0.04003273877249777,0,0.0,4,0.0011402809357992751,0.0
bg,50,0.0011364594084696052,0.0011351678684825063,1.1364594084696051,25,25,50,0.045458376338784204,0,0.0,4,0.001268200042908619,0.0
bg,50,0.0010032692957362972,0.0010022627464565301,1.0032692957362972,23,23,46,0.0436204041624477,0,0.0,4,0.0009362645419208344,0.0
bg,50,0.0006173644063866633,0.0006169832675763898,0.6173644063866632,17,17,34,0.036315553316862544,0,0.0,4,0.0007395077421192889,0.0
bg,50,0.001009045613544124,0.0010080274404939112,1.009045613544124,30,30,60,0.03363485378480413,0,0.0,4,0.0008189180804130432,0.0
bg,50,0.0005911137994647646,0.0005907643839408469,0.5911137994647646,24,24,48,0.024629741644365193,0,0.0,4,0.0004360083556442118,0.0
bg,50,0.0008977788961530422,0.0008969728892066643,0.8977788961530422,30,30,60,0.029925963205101404,0,0.0,4,0.000958780636120201,0.0
bg,50,0.0006014538944753963,0.0006010921476882165,0.6014538944753962,22,22,44,0.027338813385245284,0,0.0,4,0.0006081154790952888,0.0
bg,50,0.000946837504477049,0.0009459410032171648,0.946837504477049,31,31,62,0.030543145305711256,0,0.0,4,0.0008081209384342381,0.0
bg,50,0.0010560945639431956,0.0010549792282152051,1.0560945639431956,35,35,70,0.030174130398377016,0,0.0,4,0.001049309707551775,0.0
bg,50,0.0009044660058184135,0.0009036479470627324,0.9044660058184135,24,24,48,0.03768608357576723,0,0.0,4,0.0010347367556677906,0.0
bg,50,0.0006134679274587924,0.0006130915845607718,0.6134679274587924,23,23,46,0.026672518585164888,0,0.0,4,0.0006401527468279616,0.0
bg,50,0.000831929822286014,0.0008312377150568052,0.8319298222860141,27,27,54,0.030812215640222743,0,0.0,4,0.0007556236282003484,0.0
bg,50,0.0006154295713408686,0.0006150508177835878,0.6154295713408686,17,17,34,0.03620173949063933,0,0.0,4,0.0006009484550125033,0.0
bg,50,0.0011500924278933127,0.0011487697153006152,1.1500924278933127,30,30,60,0.03833641426311042,0,0.0,4,0.0011773044146365756,0.0
bg,50,0.0007469100196972444,0.0007463521451197201,0.7469100196972445,22,22,44,0.03395045544078384,0,0.0,4,0.0006850870179803151,0.0
bg,50,0.0016914638718229255,0.0016886028217932435,1.6914638718229256,39,39,78,0.04337086850828014,0,0.0,4,0.0020689840185067463,0.0
bg,50,0.0004407736531931121,0.00044057937177976314,0.4407736531931121,18,18,36,0.02448742517739512,0,0.0,4,0.00031732749924299255,0.0
bg,50,0.0008509389537235386,0.0008502148566205743,0.8509389537235386,20,20,40,0.04254694768617693,0,0.0,4,0.0008312026020431083,0.0
bg,50,0.0004989014651162016,0.0004986525624443066,0.4989014651162016,18,18,36,0.0277167480620112,0,0.0,4,0.0005781820021652701,0.0
bg,50,0.0008869510350328582,0.0008861643528943122,0.8869510350328582,29,29,58,0.030584518449408904,0,0.0,4,0.000819454910124222,0.0
bg,50,0.0006287813993949172,0.0006283860333466921,0.6287813993949172,23,23,46,0.027338321712822487,0,0.0,4,0.0007497481951421607,0.0
bg,50,0.00042356315000627374,0.0004233837442642305,0.42356315000627376,21,21,42,0.02016967380982256,0,0.0,4,0.0003454840035166921,0.0
bg,50,0.0007143129915752553,0.0007138027485253221,0.7143129915752553,22,22,44,0.03246877234432979,0,0.0,4,0.0007565126332855326,0.0
bg,50,0.0009776049253940773,0.0009766492140039224,0.9776049253940773,28,28,56,0.034914461621217044,0,0.0,4,0.0006538318714018316,0.0
bg,50,0.0008237864443551502,0.0008231078202492469,0.8237864443551501,24,24,48,0.03432443518146459,0,0.0,4,0.0009586671002082164,0.0
bg,50,0.0009214598479821525,0.0009206107597307093,0.9214598479821525,27,27,54,0.0341281425178575,0,0.0,4,0.0009436627028926953,0.0
bg,50,0.001031863759972671,0.001030799017153526,1.031863759972671,32,32,64,0.03224574249914597,0,0.0,4,0.0011241758672281778,0.0
bg,50,0.0007154496790511757,0.0007149378108079214,0.7154496790511757,14,14,28,0.05110354850365541,0,0.0,4,0.0007905468567777006,0.0
bg,50,0.0010615882756960478,0.0010604613060289526,1.0615882756960477,29,29,58,0.03660649226538096,0,0.0,4,0.0013794856391483431,0.0
bg,50,0.0006524442172302614,0.0006520185337736642,0.6524442172302614,31,31,62,0.021046587652589075,0,0.0,4,0.0007640233392305761,0.0
bg,50,0.0008001324431867562,0.0007994922312601164,0.8001324431867562,26,26,52,0.030774324737952163,0,0.0,4,0.0008281023349361895,0.0
bg,50,0.0007750992256174018,0.0007744984468078492,0.7750992256174019,27,27,54,0.028707378726570438,0,0.0,4,0.0006407123890934524,0.0
bg,50,0.000323749523741923,0.0003236447099877999,0.323749523741923,22,22,44,0.014715887442814683,0,0.0,4,0.0003317300003313705,0.0
bg,50,0.001095306278639569,0.0010941065827955421,1.095306278639569,32,32,64,0.034228321207486534,0,0.0,4,0.001214285021732321,0.0
bg,50,0.0007404565369905498,0.0007399082611073779,0.7404565369905498,23,23,46,0.03219376247784999,0,0.0,4,0.0008213950064713125,0.0
bg,50,0.0005828430824399362,0.0005825033763811881,0.5828430824399362,18,18,36,0.03238017124666312,0,0.0,4,0.0006770613487805565,0.0
bg,50,0.0008262982692380518,0.0008256155004083059,0.8262982692380518,25,25,50,0.03305193076952207,0,0.0,4,0.0007907149147112627,0.0
bg,50,0.001001708812590092,0.0010007053920448711,1.001708812590092,30,30,60,0.033390293753003064,0,0.0,4,0.0010940644657967387,0.0
bg,50,0.0004491596920915271,0.0004489579476625274,0.44915969209152706,23,23,46,0.019528682264849002,0,0.0,4,0.0004901600082774913,0.0
bg,50,0.0007075958696817466,0.000707095177766956,0.7075958696817466,24,24,48,0.02948316123673944,0,0.0,4,0.0006683643013844384,0.0
bg,50,0.0007173578489621448,0.0007168432466786773,0.7173578489621448,19,19,38,0.037755676261165515,0,0.0,4,0.0006660924348040496,0.0
bg,50,0.0009864667494071178,0.000985493632759432,0.9864667494071178,27,27,54,0.036535805533596956,0,0.0,4,0.0009335540825224434,0.0
bg,50,0.0009327247684477839,0.0009318547929541082,0.932724768447784,35,35,70,0.026649279098508113,0,0.0,4,0.0010317057672306208,0.0
bg,50,0.0011861122409523438,0.0011942466917504776,1.186112240952344,32,32,64,0.03706600752976075,0,0.0,4,0.0015169463249742393,0.0
bg,50,0.0009880867067675182,0.0009871103914274278,0.9880867067675183,28,28,56,0.0352888109559828,0,0.0,4,0.0008295821865016093,0.0
bg,50,0.0008932807608464443,0.0008924828103287457,0.8932807608464444,29,29,58,0.030802784856773943,0,0.0,4,0.0008413264633088116,0.0
bg,50,0.0012843819235225382,0.001282732286597067,1.2843819235225382,33,33,66,0.03892066434916783,0,0.0,4,0.0012676385396630555,0.0
bg,50,0.0004506934440302928,0.00045049031944980087,0.45069344403029277,20,20,40,0.022534672201514637,0,0.0,4,0.0003213824555042045,0.0
bg,50,0.0005330029308435913,0.0005327188387193035,0.5330029308435913,24,24,48,0.022208455451816305,0,0.0,4,0.0005565747706999104,0.0
bg,50,0.0009060555472815305,0.000905234610626771,0.9060555472815306,31,31,62,0.029227598299404214,0,0.0,4,0.0008509806955141638,0.0
bg,50,0.000991882624224118,0.0009908987930838805,0.9918826242241181,32,32,64,0.03099633200700369,0,0.0,4,0.0009432875390125946,0.0
bg,50,0.001038354579333447,0.0010372763991010245,1.038354579333447,26,26,52,0.039936714589747964,0,0.0,4,0.0009991878478584188,0.0
bg,50,0.0010280748647692945,0.0010270179268417243,1.0280748647692945,32,32,64,0.032127339524040455,0,0.0,4,0.0009182700941195965,0.0
bg,50,0.0011286518473328005,0.0011273779923403127,1.1286518473328004,39,39,78,0.028939790957251292,0,0.0,4,0.0010059688841291775,0.0
bg,50,0.0007932388923471904,0.0007926096644068583,0.7932388923471905,30,30,60,0.026441296411573015,0,0.0,4,0.0006405025734789107,0.0
bg,50,0.0005811632285983564,0.0005808254779000815,0.5811632285983563,21,21,42,0.027674439457064586,0,0.0,4,0.0005524742470237713,0.0
bg,50,0.0007169505423194948,0.0007164365242393626,0.7169505423194948,25,25,50,0.028678021692779793,0,0.0,4,0.0006683790928680665,0.0
bg,50,0.0009073246618037274,0.0009065014237618104,0.9073246618037274,24,24,48,0.03780519424182197,0,0.0,4,0.0010394193987260435,0.0
bg,50,0.0006479982805017456,0.0006475783787302124,0.6479982805017457,23,23,46,0.028173838282684594,0,0.0,4,0.0006977918345191279,0.0
bg,50,0.0006545542754214769,0.0006541258341220042,0.6545542754214768,16,16,32,0.0409096422138423,0,0.0,4,0.0006163664232962687,0.0
bg,50,0.0009311111884827739,0.0009302442204374562,0.9311111884827739,39,39,78,0.02387464585853266,0,0.0,4,0.0008984270079182842,0.0
bg,50,0.0007544741684246609,0.0007539049371538409,0.754474168424661,25,25,50,0.03017896673698644,0,0.0,4,0.0007522493328073941,0.0
bg,50,0.000503967012044809,0.0005037130292955796,0.503967012044809,24,24,48,0.02099862550186704,0,0.0,4,0.0005658582885680746,0.0
bg,50,0.0006887368438625856,0.0006882624854224917,0.6887368438625856,16,16,32,0.0430460527414116,0,0.0,4,0.000576724820062057,0.0
bg,50,0.0005748124298529334,0.0005744820205234201,0.5748124298529333,17,17,34,0.03381249587370196,0,0.0,4,0.0004687820836430486,0.0
bg,50,0.0004948890424703905,0.0004946441273060333,0.49488904247039045,20,20,40,0.02474445212351952,0,0.0,4,0.0005745564328955503,0.0
bg,50,0.0009279967955515005,0.0009271356174989464,0.9279967955515005,26,26,52,0.03569218444428848,0,0.0,4,0.0012076028325651424,0.0
bg,50,0.0006956958225625804,0.0006952118298850493,0.6956958225625804,23,23,46,0.030247644459242627,0,0.0,4,0.0005849376858310822,0.0
bg,50,0.0011097820162556608,0.0011085504001320562,1.1097820162556609,24,24,48,0.04624091734398587,0,0.0,4,0.0010578202741988011,0.0
bg,50,0.0004777094533075319,0.0004774812469857525,0.4777094533075319,19,19,38,0.025142602805659574,0,0.0,4,0.0004603036758327761,0.0
bg,50,0.0008111344100685045,0.000810476471037307,0.8111344100685045,25,25,50,0.03244537640274018,0,0.0,4,0.0007666712752457358,0.0
bg,50,0.0007470925559969608,0.0007465344087097349,0.7470925559969608,22,22,44,0.0339587525453164,0,0.0,4,0.0007394514445003891,0.0
bg,50,0.0009896396566748322,0.0009886602700247685,0.9896396566748322,18,18,36,0.05497998092637957,0,0.0,4,0.001073957842425851,0.0
bg,50,0.0008330789451008229,0.0008323849245720525,0.8330789451008229,25,25,50,0.033323157804032916,0,0.0,4,0.0007380964127815502,0.0
bg,50,0.0009313198520637514,0.0009304524953969032,0.9313198520637513,21,21,42,0.04434856438398816,0,0.0,4,0.0011225896977105322,0.0
bg,50,0.0010454196610524917,0.0010443267587847765,1.0454196610524917,23,23,46,0.04545302874141268,0,0.0,4,0.0007323009104395133,0.0
bg,50,0.000519389853618426,0.0005191200877983842,0.519389853618426,20,20,40,0.025969492680921302,0,0.0,4,0.00031060551595460737,0.0
bg,50,0.0006158397857228124,0.0006154605270811334,0.6158397857228124,22,22,44,0.027992717532855108,0,0.0,4,0.00046625187882149923,0.0
bg,50,0.0007847800798920872,0.0007841642001182918,0.7847800798920872,20,20,40,0.03923900399460436,0,0.0,4,0.000834442873229076,0.0
bg,50,0.0006526456667558565,0.0006522197203895214,0.6526456667558564,24,24,48,0.027193569448160686,0,0.0,4,0.0005215453027194114,0.0
bg,50,0.0010421406550781764,0.0010410545979332095,1.0421406550781764,33,33,66,0.03158001985085383,0,0.0,4,0.0010426354109465507,0.0
bg,50,0.0006270531119916072,0.0006266599163863488,0.6270531119916072,20,20,40,0.03135265559958036,0,0.0,4,0.0005486762929924257,0.0
bg,50,0.0006095287110225201,0.0006091571857729594,0.60952871102252,25,25,50,0.0243811484409008,0,0.0,4,0.0007294767246053665,0.0
bg,50,0.0005394610021101159,0.0005391699839373182,0.5394610021101158,22,22,44,0.0245209546413689,0,0.0,4,0.00042378883009466865,0.0
bg,50,0.000718886515478978,0.0007183697176568405,0.7188865154789781,19,19,38,0.03783613239363043,0,0.0,4,0.0008379483289992093,0.0
bg,50,0.0005116694858045427,0.0005114076801418392,0.5116694858045427,18,18,36,0.02842608254469682,0,0.0,4,0.00045679110825088375,0.0
bg,50,0.000550898495574323,0.000550595006421897,0.550898495574323,24,24,48,0.022954103982263458,0,0.0,4,0.0004587985945257696,0.0
bg,50,0.000537242655600906,0.0005369540259299088,0.537242655600906,18,18,36,0.029846814200050333,0,0.0,4,0.0005778124585748902,0.0
bg,50,0.0005504543731458895,0.0005501513731289739,0.5504543731458895,20,20,40,0.027522718657294477,0,0.0,4,0.000794165432351067,0.0
bg,50,0.0004128739677239706,0.00041270350281074643,0.41287396772397056,17,17,34,0.024286703983762974,0,0.0,4,0.0003384182116983397,0.0
bg,50,0.0009402108875005144,0.0009393268909875399,0.9402108875005144,31,31,62,0.030329383467758528,0,0.0,4,0.0009514242511047123,0.0
bg,50,0.0005746348078801304,0.000574304602717703,0.5746348078801304,21,21,42,0.02736356228000621,0,0.0,4,0.00065049123723101,0.0
bg,50,0.0006755734274729619,0.0006751170280170544,0.6755734274729619,27,27,54,0.025021238054554144,0,0.0,4,0.000713762409266109,0.0
bg,50,0.0006877566771170805,0.0006872836678701613,0.6877566771170804,22,22,44,0.031261667141685476,0,0.0,4,0.0006296123222853853,0.0
bg,50,0.000701168859671494,0.000700677221901721,0.701168859671494,25,25,50,0.02804675438685976,0,0.0,4,0.0007914838659795666,0.0
bg,50,0.0007547953807071223,0.0007542256646403857,0.7547953807071224,25,25,50,0.030191815228284895,0,0.0,4,0.0007901568159616849,0.0
bg,50,0.0007558632626867841,0.0007552919334149048,0.755863262686784,27,27,54,0.027994935655066076,0,0.0,4,0.00083304403203665,0.0
bg,50,0.00040861881503673203,0.00040845184570072993,0.40861881503673203,12,12,24,0.03405156791972767,0,0.0,4,0.00034172062316281156,0.0
bg,50,0.0009900582895889017,0.0010033097695182867,0.9900582895889016,27,27,54,0.03666882554032969,3,0.003,4,0.001099858946978675,3.1091887615233986
bg,50,0.0005564527126343251,0.000556143073012927,0.556452712634325,20,20,40,0.027822635631716254,0,0.0,4,0.0005785782823898918,0.0
bg,50,0.0006136682192156115,0.0006132916305323362,0.6136682192156115,24,24,48,0.025569509133983814,0,0.0,4,0.0005727719980231422,0.0
bg,50,0.0007796056559778908,0.0007789978709990578,0.7796056559778908,25,25,50,0.031184226239115632,0,0.0,4,0.0007975940620687089,0.0
bg,50,0.0005048127944822589,0.0005045579585247859,0.5048127944822589,21,21,42,0.024038704499155187,0,0.0,4,0.000636791009512594,0.0
bg,50,0.0004419132240191459,0.00044171793672158295,0.4419132240191459,17,17,34,0.025994895530537993,0,0.0,4,0.00045114493498733734,0.0
bg,50,0.0009214756611498558,0.0009206265437557642,0.9214756611498558,24,24,48,0.038394819214577325,0,0.0,4,0.0008947778118943449,0.0
bg,50,0.0009747838068551684,0.0009738336033850614,0.9747838068551684,31,31,62,0.03144463893081188,0,0.0,4,0.0010975629417134764,0.0
bg,50,0.0006588427112365097,0.0006584086375183602,0.6588427112365096,26,26,52,0.025340104278327294,0,0.0,4,0.0005700368175055061,0.0
bg,50,0.0010920763249621288,0.001157934015035564,1.0920763249621288,28,28,56,0.0390027258915046,0,0.0,4,0.0010241781794886674,0.0
bg,50,0.0007783569302437105,0.0007777510907328522,0.7783569302437106,24,24,48,0.03243153876015461,0,0.0,4,0.0006995585478062063,0.0
bg,50,0.0009518880605834923,0.000950981969703611,0.9518880605834923,30,30,60,0.03172960201944974,0,0.0,4,0.001039482777352961,0.0
bg,50,0.0008724693490025217,0.0008717081462375726,0.8724693490025217,29,29,58,0.030085149965604196,0,0.0,4,0.0009294649656704947,0.0
bg,50,0.0008788117588835079,0.000878039448775956,0.8788117588835078,28,28,56,0.03138613424583957,0,0.0,4,0.0009875874439174732,0.0
bg,50,0.0008311888795677688,0.0008304980046142517,0.8311888795677689,25,25,50,0.033247555182710754,0,0.0,4,0.0008299125757802679,0.0
bg,50,0.0007621576341275081,0.0007615767498682492,0.762157634127508,29,29,58,0.02628129772853476,0,0.0,4,0.0006912289850097159,0.0
bg,50,0.0008455702561406966,0.0008448552670826266,0.8455702561406966,20,20,40,0.04227851280703483,0,0.0,4,0.0009014475603240165,0.0
bg,50,0.0007595906523574918,0.0007590136743983427,0.7595906523574918,25,25,50,0.030383626094299673,0,0.0,4,0.0005306039922855759,0.0
bg,50,0.0010696696342021904,0.0010685254410758563,1.0696696342021905,28,28,56,0.03820248693579252,0,0.0,4,0.0008742653491055879,0.0
bg,50,0.0012532278580751992,0.0012516572780109432,1.2532278580751992,35,35,70,0.03580651023071998,0,0.0,4,0.0011733487848948224,0.0
bg,50,0.0008444058965985448,0.0008436928752803347,0.8444058965985448,22,22,44,0.038382086209024766,0,0.0,4,0.0007857441798758962,0.0
bg,50,0.0008055219492128174,0.0008048730836021538,0.8055219492128174,24,24,48,0.033563414550534056,0,0.0,4,0.000749178997526471,0.0
bg,50,0.0005552484238273436,0.0005549401230151809,0.5552484238273436,23,23,46,0.02414123581858016,0,0.0,4,0.00044773244745142205,0.0
bg,50,0.0007090908416007924,0.0007085880317791502,0.7090908416007924,23,23,46,0.0308300365913388,0,0.0,4,0.000665848159422455,0.0
bg,50,0.0005019812824870371,0.0005017292972790698,0.5019812824870371,24,24,48,0.020915886770293213,0,0.0,4,0.0005420446249803288,0.0
bg,50,0.0010073849555996758,0.0010063701311509073,1.007384955599676,29,29,58,0.03473741226205779,0,0.0,4,0.000815308914427399,0.0
bg,50,0.0007128458359315033,0.0007123376867456985,0.7128458359315033,25,25,50,0.028513833437260133,0,0.0,4,0.000798478053631507,0.0
bg,50,0.0009266282996207096,0.0009257696596150514,0.9266282996207096,25,25,50,0.03706513198482839,0,0.0,4,0.0007470155664008703,0.0
bg,50,0.0009579472825782745,0.0009570296195820754,0.9579472825782744,28,28,56,0.034212402949224084,0,0.0,4,0.0007423863554185645,0.0
bg,50,0.0006638568349037782,0.0006634161290065296,0.6638568349037781,21,21,42,0.03161223023351324,0,0.0,4,0.0007422118813604111,0.0
bg,50,0.0008375983301825514,0.0008368967592198267,0.8375983301825514,26,26,52,0.03221532039163659,0,0.0,4,0.0005064017978921307,0.0
bg,50,0.0005030079287619386,0.0005027549117855413,0.5030079287619387,17,17,34,0.029588701691878744,0,0.0,4,0.0005362530470155553,0.0
bg,50,0.0006469685378700624,0.0006465499695810688,0.6469685378700625,20,20,40,0.032348426893503125,0,0.0,4,0.000695104790582984,0.0
bg,50,0.0005399039834170338,0.0005396124871057243,0.5399039834170338,20,20,40,0.02699519917085169,0,0.0,4,0.0004023265835231795,0.0
bg,50,0.0008166102476615054,0.0008159433953649194,0.8166102476615054,28,28,56,0.02916465170219662,0,0.0,4,0.00082282802987534,0.0
bg,50,0.0012659382286415023,0.0012643356290427663,1.2659382286415024,30,30,60,0.042197940954716746,0,0.0,4,0.001049910393636477,0.0
bg,50,0.001090266936953256,0.0010890782549594427,1.090266936953256,29,29,58,0.0375954116190778,0,0.0,4,0.000985809654844434,0.0
bg,50,0.0012390552603020063,0.0012375200023639244,1.2390552603020062,28,28,56,0.044251973582214506,0,0.0,4,0.0012687565951040056,0.0
bg,50,0.0004945294723493703,0.0004942849129503481,0.4945294723493703,24,24,48,0.02060539468122376,0,0.0,4,0.0005450926684631264,0.0
bg,50,0.000887720408129109,0.0008869323606061001,0.887720408129109,26,26,52,0.03414309262035035,0,0.0,4,0.000984469126024599,0.0
bg,50,0.0007303342080709214,0.0007298008200154429,0.7303342080709214,17,17,34,0.04296083576887773,0,0.0,4,0.0007667847690659758,0.0
bg,50,0.0006414295821719893,0.0006410181502631041,0.6414295821719893,23,23,46,0.02788824270312997,0,0.0,4,0.0006294149615400563,0.0
bg,50,0.0008232149329269162,0.0008225372501011225,0.8232149329269163,27,27,54,0.03048944196025616,0,0.0,4,0.0007994633213443254,0.0
bg,50,0.0006916724012983764,0.0006911939905876586,0.6916724012983764,25,25,50,0.027666896051935053,0,0.0,4,0.0006447721424241533,0.0
bg,50,0.0008059858772022332,0.0008053362639679837,0.8059858772022332,27,27,54,0.0298513287852679,0,0.0,4,0.0008406420214705332,0.0
bg,50,0.0008954250903513818,0.0008946233042589511,0.8954250903513818,26,26,52,0.034439426551976224,0,0.0,4,0.0006240005417711294,0.0
bg,50,0.0007153601585380524,0.000714848418381629,0.7153601585380525,22,22,44,0.032516370842638746,0,0.0,4,0.000599841174305866,0.0
bg,50,0.0007393709147734171,0.0007388242454238042,0.7393709147734171,18,18,36,0.04107616193185651,0,0.0,4,0.0008362974694500322,0.0
bg,50,0.0011208043603959156,0.0011195481579816331,1.1208043603959155,26,26,52,0.04310786001522752,0,0.0,4,0.001355271698641302,0.0
bg,50,0.0007909812562895411,0.0007903556049417397,0.7909812562895411,22,22,44,0.03595369346770641,0,0.0,4,0.0009887189036824635,0.0
bg,50,0.0007145612479108224,0.0007140506501338066,0.7145612479108223,20,20,40,0.03572806239554112,0,0.0,4,0.0007952598141076694,0.0
bg,50,0.0005988870898501162,0.000598528424103727,0.5988870898501162,19,19,38,0.031520373150006116,0,0.0,4,0.0005325887195285947,0.0
bg,50,0.000529346839772547,0.0005290666316957697,0.5293468397725469,22,22,44,0.024061219989661223,0,0.0,4,0.000529607742955158,0.0
bg,50,0.0005676576666437718,0.0005706403076626242,0.5676576666437718,23,23,46,0.0246807681149466,3,0.003,4,0.0006267857371330055,3.5049006552862383
bg,50,0.0006579582971493406,0.0006575253880285527,0.6579582971493405,18,18,36,0.03655323873051892,0,0.0,4,0.0006653463475933029,0.0
bg,50,0.00038371582515302725,0.00038356858731855434,0.38371582515302727,21,21,42,0.018272182150144155,0,0.0,4,0.0003879378546421306,0.0
bg,50,0.0004980190228044741,0.0004977709998573989,0.4980190228044741,18,18,36,0.027667723489137448,0,0.0,4,0.0004561100681825651,0.0
bg,50,0.0012742399932438744,0.0012726163056834925,1.2742399932438744,30,30,60,0.04247466644146248,0,0.0,4,0.0014778177870597125,0.0
bg,50,0.0005872203693814057,0.0005868755416191893,0.5872203693814058,23,23,46,0.025531320407887206,0,0.0,4,0.0004286688662516569,0.0
bg,50,0.0005031225362026657,0.0005028694039162307,0.5031225362026657,24,24,48,0.020963439008444402,0,0.0,4,0.0005488377398772779,0.0
bg,50,0.0009052145921237468,0.0009043951786659529,0.9052145921237469,24,24,48,0.03771727467182279,0,0.0,4,0.0007527481451294019,0.0
bg,50,0.000674168355356315,0.0006737138523849511,0.6741683553563149,25,25,50,0.026966734214252597,0,0.0,4,0.0008195647134605152,0.0
bg,50,0.0012366841669796996,0.0012351547792508414,1.2366841669796997,36,36,72,0.03435233797165833,0,0.0,4,0.0013537270994087806,0.0
bg,50,0.0007373197943274476,0.0007367761538483407,0.7373197943274477,23,23,46,0.032057382362062944,0,0.0,4,0.0009284061985037273,0.0
bg,50,0.0012455818541144623,0.001244030379959163,1.2455818541144623,30,30,60,0.041519395137148744,0,0.0,4,0.0011165446410551893,0.0
bg,50,0.0008966841833038827,0.0008958801407792955,0.8966841833038828,26,26,52,0.03448785320399549,0,0.0,4,0.000966193542479044,0.0
bg,50,0.0008169831687306833,0.0008163157072326938,0.8169831687306832,35,35,70,0.023342376249448092,0,0.0,4,0.0007838755241962974,0.0
bg,50,0.0007772604934756479,0.0007766563596009301,0.777260493475648,22,22,44,0.03533002243071127,0,0.0,4,0.000727841517206665,0.0
bg,50,0.0011624152567641347,0.0011610640475349767,1.1624152567641346,35,35,70,0.03321186447897528,0,0.0,4,0.0012707522320560488,0.0
bg,50,0.0008024708587878564,0.0008018268993086527,0.8024708587878564,26,26,52,0.03086426379953294,0,0.0,4,0.0007629222942413667,0.0
bg,50,0.0007533718598111429,0.0007528042906519875,0.753371859811143,26,26,52,0.028975840761967037,0,0.0,4,0.0008916593941719898,0.0
bg,50,0.0005895720347267428,0.0005892244395426109,0.5895720347267428,24,24,48,0.024565501446947618,0,0.0,4,0.000492906532141379,0.0
bg,50,0.0008056678476301706,0.0008050187469494658,0.8056678476301706,28,28,56,0.028773851701077522,0,0.0,4,0.0007938760111677009,0.0
bg,50,0.00048363050541376393,0.0004833966069479971,0.48363050541376396,18,18,36,0.026868361411875777,0,0.0,4,0.00045242160048725746,0.0
bg,50,0.0010413465705394315,0.0010402621678594572,1.0413465705394316,30,30,60,0.03471155235131439,0,0.0,4,0.000921104625410072,0.0
bg,50,0.0012116040106111257,0.0012101360263325968,1.2116040106111257,26,26,52,0.046600154254274065,0,0.0,4,0.001046306503521471,0.0
bg,50,0.0006129066481167662,0.0006125309935574605,0.6129066481167662,16,16,32,0.03830666550729789,0,0.0,4,0.0005426842513263897,0.0
bg,50,0.0015646671066667217,0.0015772211323293302,1.5646671066667217,32,32,64,0.04889584708333505,0,0.0,4,0.0015272757487533367,0.0
bg,50,0.0008719492673567721,0.0008711889718319283,0.8719492673567721,27,27,54,0.032294417309510076,0,0.0,4,0.0010417857330606369,0.0
bg,50,0.0007877626929178803,0.000787142122857527,0.7877626929178803,23,23,46,0.034250551865994794,0,0.0,4,0.0007033256664078453,0.0
bg,50,0.0007840740413602489,0.000783459269257914,0.7840740413602489,17,17,34,0.04612200243295582,0,0.0,4,0.0008595239565411567,0.0
bg,50,0.0002573629688982919,0.00025729673320053177,0.2573629688982919,13,13,26,0.019797151453714763,0,0.0,4,0.00024782575013598346,0.0
bg,50,0.0006458548967740825,0.0006454377682263954,0.6458548967740825,24,24,48,0.026910620698920102,0,0.0,4,0.0007340448500936852,0.0
bg,50,0.0010616283154623867,0.0010605012607821948,1.0616283154623867,28,28,56,0.037915296980799526,0,0.0,4,0.0011459514199512874,0.0
bg,50,0.0005457418396439237,0.0005454440054883858,0.5457418396439238,21,21,42,0.025987706649710656,0,0.0,4,0.0004720308733154978,0.0
bg,50,0.0007981600354164344,0.0007975229759742984,0.7981600354164344,26,26,52,0.030698462900632092,0,0.0,4,0.0011035863651794704,0.0
bg,50,0.0006108606835160088,0.0006104875327413433,0.6108606835160089,28,28,56,0.0218164529827146,0,0.0,4,0.0006913230910557942,0.0
bg,50,0.0005629306884315426,0.0005626137974715647,0.5629306884315426,22,22,44,0.025587758565070118,0,0.0,4,0.0005151498033272819,0.0
bg,50,0.000607185920656832,0.0006068172459145882,0.607185920656832,19,19,38,0.03195715371878063,0,0.0,4,0.0006154950143877374,0.0
bg,50,0.0007521083464802523,0.0007515426795154071,0.7521083464802523,22,22,44,0.03418674302182965,0,0.0,4,0.0006566154691457797,0.0
bg,50,0.0009321382535496667,0.0009312693718259361,0.9321382535496667,30,30,60,0.031071275118322226,0,0.0,4,0.0010718516671855646,0.0
bg,50,0.0011207023971503815,0.001119446423287403,1.1207023971503816,30,30,60,0.03735674657167939,0,0.0,4,0.0010327382917764963,0.0
bg,50,0.0010210081700648673,0.001019965712381528,1.0210081700648672,29,29,58,0.03520717827809887,0,0.0,4,0.0010582679846456774,0.0
bg,50,0.000816244447229181,0.0008155781922315487,0.816244447229181,27,27,54,0.030231275823303,0,0.0,4,0.0006646998284112896,0.0
bg,50,0.0007304685306915033,0.0007299349464171727,0.7304685306915033,28,28,56,0.02608816181041083,0,0.0,4,0.0007205562085475355,0.0
bg,50,0.0007479171966675526,0.0007473578165344816,0.7479171966675526,22,22,44,0.03399623621216148,0,0.0,4,0.0007547765686214652,0.0
bg,50,0.0009300929582539137,0.0009292278853429202,0.9300929582539137,29,29,58,0.03207217097427289,0,0.0,4,0.00094973093496832,0.0
bg,50,0.0005371276315242,0.0005368391254316531,0.5371276315242,21,21,42,0.025577506263057142,0,0.0,4,0.00048056895081357285,0.0
bg,50,0.0008651744510084427,0.000864425924177765,0.8651744510084427,21,21,42,0.041198783381354416,0,0.0,4,0.0010657188697294456,0.0
bg,50,0.0007261057988982955,0.0007255785692671016,0.7261057988982955,25,25,50,0.02904423195593182,0,0.0,4,0.0008004056007969512,0.0
bg,50,0.0011172521767029541,0.0011160039242766064,1.1172521767029542,29,29,58,0.03852593712768808,0,0.0,4,0.0013283291467938202,0.0
bg,50,0.0010287581877424401,0.0010276998443335932,1.02875818774244,34,34,68,0.03025759375713059,0,0.0,4,0.0010131406656563979,0.0
bg,50,0.0005707645023552317,0.0005704387302380829,0.5707645023552317,23,23,46,0.024815847928488333,0,0.0,4,0.0006904196221390391,0.0
bg,50,0.0009969473369104555,0.000995953432917883,0.9969473369104556,34,34,68,0.02932198049736634,0,0.0,4,0.0010748244297957368,0.0
bg,50,0.0006648553011131569,0.0006644132685417385,0.6648553011131568,23,23,46,0.028906752222311167,0,0.0,4,0.0007192074405745365,0.0
bg,50,0.0011268157021419826,0.0011255459885153886,1.1268157021419825,31,31,62,0.03634889361748331,0,0.0,4,0.0012141547298489387,0.0
bg,50,0.0007634054796153151,0.0007628226916890085,0.7634054796153151,21,21,42,0.036352641886443576,0,0.0,4,0.0008223063538710641,0.0
bg,50,0.00046917511563588385,0.0004689549903467518,0.4691751156358839,20,20,40,0.023458755781794193,0,0.0,4,0.00041786169223903986,0.0
bg,50,0.0006938498639733801,0.0006933684363396443,0.6938498639733801,21,21,42,0.0330404697130181,0,0.0,4,0.0007565467612967994,0.0
bg,50,0.0007298568321811558,0.0007293241411856742,0.7298568321811558,23,23,46,0.031732905747006775,0,0.0,4,0.0005546092156523612,0.0
bg,50,0.000770170454510799,0.0007695772919817978,0.770170454510799,30,30,60,0.025672348483693302,0,0.0,4,0.0005469160012542643,0.0
bg,50,0.0005759259427493273,0.0005755942520577957,0.5759259427493273,23,23,46,0.025040258380405533,0,0.0,4,0.00039985530775755546,0.0
bg,50,0.0008422946625607466,0.0008415852022621683,0.8422946625607466,26,26,52,0.03239594856002871,0,0.0,4,0.0006426271347286752,0.0
bg,50,0.00077516932168108,0.0007745684342038045,0.77516932168108,27,27,54,0.028709974877077035,0,0.0,4,0.0008507661020937086,0.0
bg,50,0.000879603431833118,0.0008788297296358255,0.8796034318331181,27,27,54,0.03257790488270808,0,0.0,4,0.0009716338001759872,0.0
bg,50,0.0008699434578823606,0.0008691866562624482,0.8699434578823606,31,31,62,0.028062692189753567,0,0.0,4,0.0006286349648246607,0.0
bg,50,0.001061195249390253,0.0010600691140329247,1.061195249390253,26,26,52,0.04081520189962511,0,0.0,4,0.0012970861291188543,0.0
bg,50,0.0007456921810970982,0.0007451361242681489,0.7456921810970982,19,19,38,0.03924695689984727,0,0.0,4,0.0006069706737296004,0.0
bg,50,0.0009929319377338715,0.0009919460239008995,0.9929319377338715,26,26,52,0.03818968991284121,0,0.0,4,0.0009872783069480476,0.0
bg,50,0.000758981401688132,0.0007584053489200235,0.758981401688132,17,17,34,0.044645964805184235,0,0.0,4,0.0006559431323729113,0.0
bg,50,0.0004590573375244222,0.0004588466038852873,0.45905733752442224,21,21,42,0.021859873215448678,0,0.0,4,0.00034005369896731506,0.0
bg,50,0.0007152981233162556,0.000714786471911036,0.7152981233162556,21,21,42,0.03406181539601218,0,0.0,4,0.0007315530652330223,0.0
bg,50,0.000704138927465408,0.0007036431158362357,0.704138927465408,23,23,46,0.030614735976756867,0,0.0,4,0.0006036518871040609,0.0
bg,50,0.0008096130769239665,0.0008089576035896402,0.8096130769239664,24,24,48,0.03373387820516527,0,0.0,4,0.0008088056545487289,0.0
bg,50,0.0007817871677344356,0.0007811759765588015,0.7817871677344357,23,23,46,0.03399074642323634,0,0.0,4,0.0010525757036114337,0.0
bg,50,0.0005518592117588579,0.0005515546631692548,0.5518592117588579,21,21,42,0.026279010083755137,0,0.0,4,0.0006080571734632725,0.0
bg,50,0.0007439383002977599,0.0007433848561031103,0.74393830029776,30,30,60,0.024797943343258667,0,0.0,4,0.000576471594259394,0.0
bg,50,0.0008326548112561909,0.0008319614972214828,0.8326548112561909,30,30,60,0.027755160375206363,0,0.0,4,0.0009360104360510314,0.0
bg,50,0.0007049162863871903,0.0007044193794163764,0.7049162863871903,18,18,36,0.03916201591039946,0,0.0,4,0.000625405702238983,0.0
bg,50,0.0007268747307662977,0.0007263463838920712,0.7268747307662977,24,24,48,0.030286447115262405,0,0.0,4,0.0009235889316011074,0.0
bg,50,0.0009752498876610786,0.0009742987753176956,0.9752498876610787,28,28,56,0.03483035313075281,0,0.0,4,0.0009395132393987479,0.0
bg,50,0.0005476988416777004,0.0005473988676565255,0.5476988416777004,20,20,40,0.027384942083885023,0,0.0,4,0.00046020389282216484,0.0
bg,50,0.001319490555663613,0.0013177495003371276,1.319490555663613,37,37,74,0.03566190690982738,0,0.0,4,0.0013213415052174785,0.0
bg,50,0.0003624171167601418,0.00036228577059362104,0.36241711676014177,13,13,26,0.027878239750780135,0,0.0,4,0.00032952890283665184,0.0
bg,50,0.001218115353593257,0.001216631548578597,1.218115353593257,38,38,76,0.03205566719982255,0,0.0,4,0.0010942304639228874,0.0
bg,50,0.0014409042798242107,0.0014388280746805947,1.4409042798242107,31,31,62,0.04648078322013583,0,0.0,4,0.001564073036261658,0.0
bg,50,0.0008506865044947744,0.0008499628369658448,0.8506865044947745,23,23,46,0.03698636976064237,0,0.0,4,0.0009931565754930354,0.0
bg,50,0.0010552794609052327,0.0010541658461646242,1.0552794609052327,26,26,52,0.04058767157327818,0,0.0,4,0.001298127212230803,0.0
bg,50,0.000554605694747071,0.0005542981072704251,0.554605694747071,19,19,38,0.02918977340774058,0,0.0,4,0.0005370558845995666,0.0
bg,50,0.0014150656347361723,0.0014130632239855614,1.4150656347361723,28,28,56,0.050538058383434725,0,0.0,4,0.001245026059570663,0.0
bg,50,0.00044242859824585425,0.0004422328551813084,0.44242859824585423,22,22,44,0.02011039082935701,0,0.0,4,0.0004781018460482354,0.0
bg,50,0.001104157015987596,0.0011029378532716413,1.104157015987596,33,33,66,0.033459303514775635,0,0.0,4,0.0010476853849623316,0.0
bg,50,0.0010059024173212378,0.0010048905776480653,1.0059024173212379,27,27,54,0.037255645085971775,0,0.0,4,0.0010602283142053524,0.0
bg,50,0.0011649121767674019,0.0011635551563878208,1.1649121767674018,35,35,70,0.03328320505049719,0,0.0,4,0.0011168844290880618,0.0
bg,50,0.0005656278955597145,0.0005653079606434791,0.5656278955597145,26,26,52,0.021754919059989018,0,0.0,4,0.0005948171584104024,0.0
