ligand_type,r_max,time_weighted_mean_b,time_weighted_variance,total_bound_time,n_binding_events,n_unbinding_events,binding_unbinding_events,mean_bound_dwell_time,total_signal,signal_rate,ratio,time_weighted_variance_observed,total_signal_observed
ag,50,1.6582610877189958,1.1262194732249475,1658.261087718996,1680,1677,3357,0.9888259318539032,2389,2.389,1.0,1.4368280834503804,2621.374018390753
ag,50,1.6041847148067718,1.129872429927178,1604.1847148067718,1563,1560,3123,1.028323535132546,2113,2.113,1.0,1.295533158529604,2521.674634807878
ag,50,0.6543660264965733,0.4248185461293636,654.3660264965732,668,667,1335,0.981058510489615,287,0.287,1.0,0.455022100586706,294.30816372755385
ag,50,2.6487127700984767,1.6819818799429496,2648.7127700984765,2609,2607,5216,1.0160002953964238,6066,6.066,1.0,1.5303367301218245,5995.965253055456
ag,50,1.0068978500759258,0.6522696331827414,1006.8978500759258,1007,1007,2014,0.999898560154842,847,0.847,1.0,0.735900798992406,769.1049176410734
ag,50,0.6591682581524225,0.4473547692036922,659.1682581524225,647,647,1294,1.0188071996173451,335,0.335,1.0,0.3894619721404352,341.459894034358
ag,50,0.699526548957814,0.4763063116043321,699.5265489578139,647,646,1293,1.0828584349192163,327,0.327,1.0,0.4936075944126419,338.800564820326
ag,50,0.670115961150309,0.4520847967665798,670.115961150309,667,666,1333,1.0061801218473108,308,0.308,1.0,0.3976277643645126,303.5353227989475
ag,50,2.3167072194048677,1.5230069783526552,2316.707219404868,2330,2326,4656,0.9960048234758676,4743,4.743,1.0,1.6590512628590557,5353.585998706939
ag,50,1.6578241296418954,1.0197152285496396,1657.8241296418953,1607,1605,3212,1.0329122303064768,2344,2.344,1.0,0.9330293914484372,2238.4415034793055
ag,50,0.6783261447895058,0.4533390653522715,678.3261447895059,710,709,1419,0.9567364524534638,323,0.323,1.0,0.5036673887379591,385.95145161684025
ag,50,2.289022496465088,1.5016831322958262,2289.022496465088,2238,2235,4473,1.024171139357981,4512,4.512,1.0,1.6711380354777774,5223.682037152623
ag,50,2.273323912368528,1.487037174957121,2273.323912368528,2237,2232,4469,1.0185142976561503,4459,4.459,1.0,1.601383564618104,4635.090795274825
ag,50,2.2144203995465763,1.3970680387907837,2214.4203995465764,2264,2262,4526,0.9789656938755864,4613,4.613,1.0,1.4878921404372596,4158.47140573401
ag,50,1.2677178372427989,0.8479883054712946,1267.7178372427989,1330,1328,2658,0.95460680515271,1515,1.515,1.0,0.7275826449719027,1227.9244251790062
ag,50,0.6831883145622365,0.4607880423713548,683.1883145622365,693,692,1385,0.9872663505234632,386,0.386,1.0,0.4701490784147895,392.69902555776343
ag,50,1.5877899177252193,1.0750267847280848,1587.7899177252193,1608,1607,3215,0.9880459973399,2288,2.288,1.0,1.0380974059673158,1967.524366786908
ag,50,1.2724598328551702,0.8470786418665366,1272.45983285517,1256,1255,2511,1.013912217414478,1333,1.333,1.0,0.847914917281386,1174.744800983047
ag,50,1.0223865524718947,0.710052195747701,1022.3865524718948,979,978,1957,1.0453850229773975,855,0.855,1.0,0.6168418805134305,819.2471805852163
ag,50,1.0140191785039807,0.682593665902555,1014.0191785039808,991,990,1981,1.0242617964686676,797,0.797,1.0,0.6043554457119297,817.4052940761787
ag,50,0.956844922514302,0.6758335989737225,956.844922514302,998,998,1996,0.9587624474091202,724,0.724,1.0,0.6494761633571239,516.811982743572
ag,50,0.6356459134757511,0.41927907326742,635.6459134757511,666,665,1331,0.9558585165048888,378,0.378,1.0,0.4746564921643811,334.426448267995
ag,50,0.9826808605273378,0.663589621479227,982.6808605273378,944,944,1888,1.040975487846756,778,0.778,1.0,0.5760451573368665,722.1288405140173
ag,50,0.3395765086802765,0.2242643034327906,339.57650868027656,342,342,684,0.992913768070984,67,0.067,1.0,0.2856657671977923,93.63471408770675
ag,50,1.5872351619332683,1.0503628255323094,1587.2351619332685,1584,1581,3165,1.0039438089394488,2321,2.321,1.0,0.9141918172238014,1861.950054790839
ag,50,1.3332181127765772,0.905947692268494,1333.2181127765773,1355,1352,2707,0.9861080715803088,1507,1.507,1.0,0.9290856813346507,1702.2508881962613
ag,50,0.6799113318851683,0.4558069697183009,679.9113318851682,686,686,1372,0.9911243905031608,381,0.381,1.0,0.4046577447591282,439.2302124729765
ag,50,0.3635190693329396,0.231372955564253,363.5190693329397,342,342,684,1.062921255359473,59,0.059,1.0,0.1986147410875994,62.637340691900626
ag,50,1.6064449985198122,1.119410069371397,1606.444998519812,1649,1647,3296,0.9753764411170688,2307,2.307,1.0,1.3120309274069517,2053.896144112871
ag,50,2.2479252679752753,1.4474944044035225,2247.9252679752753,2260,2257,4517,0.9959792946279464,4329,4.329,1.0,1.4399383486442623,5640.259999351026
ag,50,1.7179434972038894,1.0597401778562072,1717.9434972038894,1680,1680,3360,1.022585415002315,2582,2.582,1.0,1.1163525429883474,2213.6707187187617
ag,50,3.222543254684129,2.2008293651109327,3222.543254684129,3219,3215,6434,1.0023462689530729,9326,9.326,1.0,2.491424558188624,8635.111647058551
ag,50,0.99486948477355,0.6804132486099522,994.86948477355,992,991,1983,1.0039046264112514,812,0.812,1.0,0.6508600662288144,992.0757178635956
ag,50,2.6508879080003,1.7024959900854424,2650.8879080003,2545,2540,5085,1.0436566566930314,6047,6.047,1.0,1.870216128267243,5725.664454709729
ag,50,1.599018451345341,1.0720105989236397,1599.018451345341,1683,1683,3366,0.9501000899259304,2271,2.271,1.0,1.0321528647414664,2166.8253297867723
ag,50,2.5832287197926735,1.6490031052385004,2583.2287197926735,2533,2530,5063,1.0210390196808985,5786,5.786,1.0,1.8917507547796255,5470.522225103328
ag,50,1.6488837354411097,1.0999518372939752,1648.8837354411096,1596,1595,3191,1.0337829062326709,2230,2.23,1.0,1.1366246838553888,2163.7392994996644
ag,50,1.0112562905992573,0.6668294813337652,1011.2562905992572,1008,1007,2015,1.0042267036735424,912,0.912,1.0,0.7245049747948622,853.0000488559787
ag,50,1.8592943359318497,1.2623471167212346,1859.2943359318497,1943,1941,3884,0.957905376574884,3191,3.191,1.0,1.784148819121126,3390.0831168613186
ag,50,1.625886945625517,1.0934784900565109,1625.886945625517,1642,1641,3283,0.99079033858959,2262,2.262,1.0,1.0745226711536613,2091.5065950482635
ag,50,1.8682764575495212,1.2425634863114146,1868.2764575495212,1899,1896,3795,0.9853778784543888,3332,3.332,1.0,1.4440856096255776,2809.859952833375
ag,50,1.6389448195014462,1.0359961647583211,1638.9448195014463,1626,1626,3252,1.0079611436048257,2332,2.332,1.0,1.019544120319767,2633.080567219974
ag,50,0.642118971627396,0.4233793359084535,642.1189716273959,673,672,1345,0.9555341839693392,319,0.319,1.0,0.3412209626908867,342.7759949004611
ag,50,2.221338692601783,1.387553566182332,2221.338692601783,2318,2316,4634,0.9591272420560376,4697,4.697,1.0,1.2231627113924624,4498.223512478085
ag,50,2.2801578216477827,1.4467786762863897,2280.157821647783,2322,2320,4642,0.9828266472619752,4512,4.512,1.0,1.337012245248113,4754.913792201143
ag,50,1.9925575258508956,1.2554573900911437,1992.5575258508957,1961,1959,3920,1.0171299264169962,3316,3.316,1.0,1.587966009555566,3038.696933565132
ag,50,1.995725009167706,1.2836591448376466,1995.725009167706,1959,1958,3917,1.019267113977378,3404,3.404,1.0,1.445092979436121,3723.713910999203
ag,50,3.448139131485954,2.2240356445991094,3448.139131485954,3473,3467,6940,0.9945598879394156,10646,10.646,1.0,1.8903463370238145,12560.85733798905
ag,50,2.24656880262128,1.447160970151113,2246.56880262128,2237,2235,4472,1.0051761980408411,4364,4.364,1.0,1.3790104306647988,5522.137236296817
ag,50,2.9357411904492263,2.000642224441241,2935.7411904492265,2908,2907,5815,1.0098868904194105,7636,7.636,1.0,1.8122464976666623,7086.844300310011
ag,50,2.6203783445528783,1.6208626595986604,2620.3783445528784,2618,2615,5233,1.0020567283185002,5968,5.968,1.0,2.072772773258498,5864.399719537273
ag,50,1.8844226450618793,1.2545221431051092,1884.4226450618792,1978,1974,3952,0.9546214007405672,3399,3.399,1.0,1.4408244843245566,3936.548024954652
ag,50,1.6123802992127056,1.092598258447927,1612.3802992127055,1615,1612,3227,1.000235917625748,2259,2.259,1.0,1.2520188612896042,2457.567608074318
ag,50,1.2506647794055274,0.8659358829453602,1250.6647794055275,1291,1290,2581,0.9695075809345174,1429,1.429,1.0,1.0335943638920768,1719.2919904858193
ag,50,1.9414785374773371,1.2935729348610927,1941.478537477337,1979,1976,3955,0.9825296242294216,3548,3.548,1.0,1.2221972312552147,3559.1297918648975
ag,50,2.5583053162978904,1.7349001803322186,2558.3053162978904,2534,2530,5064,1.0111878720545022,5626,5.626,1.0,1.4333436454691495,5457.911882342747
ag,50,2.306313570454205,1.5581290705092334,2306.313570454205,2278,2275,4553,1.0137642067930572,5013,5.013,1.0,1.3011730033120186,4700.913272868397
ag,50,1.9591478672139688,1.3052576128649322,1959.1478672139688,1899,1898,3797,1.032217000639604,3268,3.268,1.0,1.4106980165431129,3920.4729821911983
ag,50,1.001331347440608,0.6740316022372598,1001.331347440608,977,974,1951,1.0280609316638685,837,0.837,1.0,0.6165447772806878,888.4343821330474
ag,50,1.8994159291420123,1.3472393903008482,1899.4159291420124,1997,1995,3992,0.9520881850335902,3385,3.385,1.0,1.5193651195196574,3724.121981394858
ag,50,1.9071946365450865,1.2579461482642007,1907.1946365450865,1897,1893,3790,1.0074984873455288,3105,3.105,1.0,1.370545577633973,2601.6760464587273
ag,50,2.5395246760978103,1.7067633153288204,2539.5246760978102,2652,2648,5300,0.9590349985263634,5745,5.745,1.0,1.2141832340399736,5682.41627276677
ag,50,2.205526140361461,1.5613949728983076,2205.5261403614604,2243,2242,4485,0.9837315523467708,4280,4.28,1.0,1.342660862250827,4814.986972398283
ag,50,1.2959887786867437,0.8151630016609661,1295.9887786867437,1301,1298,2599,0.998450522871143,1526,1.526,1.0,0.8940916020617841,1641.6120605873818
ag,50,1.614328437069232,1.0754601551541103,1614.3284370692322,1571,1568,3139,1.0295461971104798,2287,2.287,1.0,0.7386488657864237,2457.304805760449
ag,50,1.629117521241339,1.117203160642532,1629.1175212413389,1615,1613,3228,1.009992263633812,2292,2.292,1.0,1.168826153494312,2877.0816525733526
ag,50,0.6791716469188825,0.447336272253971,679.1716469188825,653,652,1305,1.0416743050903106,379,0.379,1.0,0.4241993244395749,401.40830407035327
ag,50,1.020752021614579,0.6989821289587991,1020.7520216145788,1019,1017,2036,1.0036893034558296,811,0.811,1.0,0.7690135055664562,927.8515181551462
ag,50,2.29461440443322,1.4772489754125029,2294.61440443322,2262,2259,4521,1.0157655619447632,4615,4.615,1.0,1.4560183601656334,5225.62998069552
ag,50,0.6409213948372244,0.4195782147064373,640.9213948372244,644,644,1288,0.995219557200659,281,0.281,1.0,0.3537973581230803,314.11454300831576
ag,50,1.6356343523951529,1.0403228068631334,1635.634352395153,1608,1607,3215,1.0178185142471394,2386,2.386,1.0,1.2526002361080302,2308.707477560048
ag,50,0.6910067745477042,0.4173606297767052,691.0067745477043,674,673,1347,1.0267559800114476,370,0.37,1.0,0.2941692659110541,288.5054121642932
ag,50,1.2473699210990208,0.8303433852936725,1247.3699210990208,1327,1327,2654,0.9399924047468128,1390,1.39,1.0,0.8911116022614592,825.3069462701498
ag,50,3.1743181182039844,2.13567809710209,3174.3181182039843,3251,3247,6498,0.9776156816150244,8989,8.989,1.0,2.459724670440373,7950.035729400168
ag,50,2.8728838828520455,2.0194019499979956,2872.8838828520456,2889,2885,5774,0.995800306014574,7177,7.177,1.0,2.160704106008996,8943.10470739742
ag,50,1.257882065388488,0.8468305154033186,1257.8820653884882,1329,1329,2658,0.9464876338513832,1408,1.408,1.0,0.7239581724043185,1136.720970050201
ag,50,2.896085934933427,1.8593770516666457,2896.085934933427,2967,2964,5931,0.977087022582128,7952,7.952,1.0,1.6550531667366175,8177.363779938939
ag,50,1.2864100533772522,0.8735669430673015,1286.4100533772523,1314,1313,2627,0.9797487078273056,1520,1.52,1.0,1.0999614542314204,1329.7017889765532
ag,50,1.298666770580342,0.8814356917555963,1298.666770580342,1341,1339,2680,0.9698780960271411,1559,1.559,1.0,0.8072871080004957,1883.461078336274
ag,50,2.2803799454531064,1.557214793711305,2280.3799454531063,2224,2221,4445,1.0267356800779408,4371,4.371,1.0,2.012343223252852,4983.630916713939
ag,50,1.901257327190316,1.2870519448431563,1901.257327190316,1929,1928,3857,0.986129319082114,3205,3.205,1.0,1.0957636863326696,3631.1801112769112
ag,50,2.378067941718226,1.5514762681023653,2378.0679417182264,2294,2292,4586,1.0375514579922454,5147,5.147,1.0,1.2891593815425824,3607.5731274244463
ag,50,2.543399407805135,1.694452314605831,2543.399407805135,2615,2613,5228,0.9733637228492672,5789,5.789,1.0,1.1015097152339646,6477.708798120547
ag,50,1.905738980430625,1.234812671974157,1905.7389804306251,1931,1929,3860,0.9879414102802618,3108,3.108,1.0,1.2885769733777006,2451.812674915379
ag,50,0.6271636891421466,0.4292550785667833,627.1636891421466,665,665,1330,0.9431032919430776,327,0.327,1.0,0.5394513527699497,470.7749796054912
ag,50,1.380390182673315,0.9380891925419824,1380.390182673315,1295,1295,2590,1.0659383649986989,1411,1.411,1.0,1.019442417825962,1927.6110537393988
ag,50,1.6670325629959062,1.137427977793995,1667.032562995906,1607,1604,3211,1.039297109099692,2382,2.382,1.0,1.0168666516015208,2370.3486640369492
ag,50,1.6968445142597224,1.1457230803772953,1696.8445142597225,1668,1665,3333,1.0191258343902236,2597,2.597,1.0,0.9947906457135196,1835.7093154179656
ag,50,2.8503288698237776,1.7806006276276762,2850.3288698237775,2911,2909,5820,0.9798311687259462,7251,7.251,1.0,1.7820581700529547,8242.881240296343
ag,50,1.9563098079016328,1.2429630749937954,1956.309807901633,1997,1995,3992,0.9806064200008184,3514,3.514,1.0,1.1126111476466374,2970.393220145455
ag,50,1.2986286434455814,0.8390726780126582,1298.6286434455817,1332,1330,2662,0.9764125138688584,1461,1.461,1.0,0.9691848276736612,1431.4195260588474
ag,50,1.947183891412591,1.2718841966852827,1947.183891412591,1968,1965,3933,0.9909332780725654,3275,3.275,1.0,1.564384753205846,3519.102926788805
ag,50,1.3015798232023152,0.9015134734699976,1301.5798232023153,1358,1358,2716,0.9584534780576696,1584,1.584,1.0,0.6866996683348422,2066.5526632436686
ag,50,2.6356625281398274,1.6351570415766583,2635.6625281398274,2589,2587,5176,1.0188104090219663,5833,5.833,1.0,1.4339158216041032,5529.004930776974
ag,50,3.503728661118229,2.2007695221211763,3503.728661118229,3494,3487,6981,1.0047974365122538,10898,10.898,1.0,2.8591562948409104,7712.332809116943
ag,50,1.2982722297196252,0.8731007723865182,1298.272229719625,1309,1308,2617,0.9925628667581232,1382,1.382,1.0,0.7748589476690146,1200.9553817671615
ag,50,2.234016724184947,1.451910573648568,2234.016724184947,2305,2301,4606,0.9708894933441752,4534,4.534,1.0,1.3723823691605046,4977.154106717601
ag,50,1.9802266396603423,1.2363539190690631,1980.2266396603425,1930,1926,3856,1.028155056936834,3141,3.141,1.0,0.9552034650739,3085.3647673938367
ag,50,1.3320745168129915,0.8783829334208476,1332.0745168129915,1365,1364,2729,0.976594220537384,1543,1.543,1.0,1.030055410083669,1815.214670514539
ag,50,1.3483522873027456,0.8445990178344432,1348.3522873027457,1307,1305,2612,1.033220143527008,1628,1.628,1.0,0.9109872732224578,1434.86295281485
ag,50,1.361871766767042,0.8572890735799115,1361.871766767042,1343,1341,2684,1.0155643301767652,1528,1.528,1.0,0.9447549422913162,1485.5028549890023
ag,50,2.8533202067291588,1.8244194100132975,2853.3202067291586,2889,2886,5775,0.9886764403080938,7235,7.235,1.0,1.995607327862983,4785.713795792133
ag,50,1.6453232843406114,1.170001550612525,1645.3232843406113,1661,1661,3322,0.990561880999766,2228,2.228,1.0,1.116540508404429,2221.79703702135
ag,50,1.9482383529290168,1.2745825235300918,1948.2383529290169,1936,1933,3869,1.0078832658711934,3101,3.101,1.0,1.3264705363657845,3180.2457216818925
ag,50,1.0004073646673457,0.6714287445212206,1000.4073646673456,940,938,1878,1.066532371713588,813,0.813,1.0,0.6483114991512905,676.3093337749661
ag,50,1.3059101395285386,0.839911634330625,1305.9101395285386,1348,1347,2695,0.969495278046428,1509,1.509,1.0,0.9279498788959192,1229.46230092461
ag,50,2.658556824973798,1.751397801577958,2658.556824973798,2588,2588,5176,1.0272630699280518,6095,6.095,1.0,1.3770596127814394,7097.421437611718
ag,50,0.7454211182522482,0.465651482303265,745.4211182522482,665,665,1330,1.1209340124093958,419,0.419,1.0,0.4331189521260101,399.7948346967419
ag,50,1.3314232528337229,0.8888671177016577,1331.423252833723,1341,1339,2680,0.9943414883000172,1468,1.468,1.0,0.7518604497956709,1341.9823885082074
ag,50,1.8526457504671052,1.2731764941691737,1852.6457504671052,1891,1887,3778,0.981794250380024,3084,3.084,1.0,1.0465769242543452,2807.955213489418
ag,50,0.9793457698902318,0.6453606751677208,979.3457698902318,996,995,1991,0.9842671054173184,852,0.852,1.0,0.6559147611098816,1090.672813665371
ag,50,0.3202197297924247,0.2176790544440912,320.2197297924247,319,319,638,1.0038236043649678,61,0.061,1.0,0.2405870923961695,61.64283680752876
ag,50,0.9924500994420088,0.6552255340611439,992.4500994420088,994,991,1985,1.0014632688617648,798,0.798,1.0,0.7612446624452748,739.5147778190059
ag,50,0.9733094186978244,0.6536817902010542,973.3094186978244,1001,1001,2002,0.9723370816162082,765,0.765,1.0,0.4690639820622473,779.6875686682395
ag,50,1.96857588737198,1.2791906672334412,1968.57588737198,1928,1925,3853,1.0226368246088209,3150,3.15,1.0,1.4875990448535137,2548.2615321327426
ag,50,0.6576445600413033,0.4276307442756978,657.6445600413033,659,658,1317,0.9994598176919502,345,0.345,1.0,0.3935841806011703,290.116330614623
ag,50,2.560143522722461,1.7281819636737683,2560.143522722461,2565,2561,5126,0.9996655692004924,5758,5.758,1.0,1.4249329690425658,5729.456877070417
ag,50,1.3510378531370346,0.8874875418256176,1351.0378531370343,1330,1328,2658,1.0173477809766829,1462,1.462,1.0,1.0323414091091063,1564.644394680022
ag,50,1.3370771925874751,0.9301439939431368,1337.077192587475,1327,1327,2654,1.0075939657780522,1656,1.656,1.0,0.97812892195978,1829.1045237431983
ag,50,0.9687282874033706,0.6447240132085414,968.7282874033706,991,990,1981,0.9785134216195662,725,0.725,1.0,0.5771213038220706,839.2996676292294
ag,50,1.045386883277393,0.6124473012116862,1045.3868832773928,998,996,1994,1.0495852241740893,826,0.826,1.0,0.566443417052058,849.6981608306963
ag,50,2.283456896177793,1.5259007039376178,2283.4568961777927,2264,2261,4525,1.0099322849083558,4581,4.581,1.0,1.7758891286956449,4964.259121062583
ag,50,2.610341992298803,1.756309943165577,2610.3419922988032,2557,2552,5109,1.0228612822487473,5807,5.807,1.0,2.239678809635787,6649.103580240664
ag,50,1.013871251022181,0.6592599857100488,1013.871251022181,964,963,1927,1.0528258058381943,899,0.899,1.0,0.6252675501005388,803.316734698841
ag,50,2.324878860511464,1.5042716531718512,2324.8788605114637,2324,2323,4647,1.0008088077965835,4811,4.811,1.0,1.879432374698194,4280.3785658061715
ag,50,0.6550839196140216,0.4286944294333406,655.0839196140216,696,696,1392,0.9412125281810656,387,0.387,1.0,0.5840467766341854,364.1308986490096
ag,50,2.2563493039210925,1.4848086130799163,2256.3493039210925,2206,2204,4410,1.0237519527772652,4647,4.647,1.0,1.8373366973549592,4480.206836733689
ag,50,2.0685443305312217,1.4494422928929016,2068.5443305312215,1966,1965,3931,1.05269431579197,3631,3.631,1.0,1.6093146568504992,2426.0030482123057
ag,50,0.9903852873119748,0.635661889674423,990.3852873119748,1005,1005,2010,0.985457997325348,809,0.809,1.0,0.6719436075436379,761.5760682168407
ag,50,1.0079238216006412,0.6880998384240221,1007.9238216006412,991,991,1982,1.0170775192741084,821,0.821,1.0,0.741167066667764,1001.0898989811316
ag,50,2.861216133039056,1.9271779229403407,2861.216133039056,2846,2844,5690,1.0060534926297664,7267,7.267,1.0,1.44234487796343,8501.298867650763
ag,50,0.3664253337179925,0.2321578085276503,366.42533371799254,340,340,680,1.0777215697588016,61,0.061,1.0,0.2538122039770693,65.1682890407568
ag,50,1.271805211437178,0.893741205714881,1271.805211437178,1335,1334,2669,0.9533772199678996,1463,1.463,1.0,0.899213916277965,1504.8675836303598
ag,50,2.5789231535440367,1.7216569260341752,2578.9231535440367,2551,2551,5102,1.0109459637569724,6109,6.109,1.0,1.6819475482480868,5355.7282720445655
ag,50,2.3514532237075456,1.496873412925892,2351.4532237075455,2255,2254,4509,1.0432356804381302,4647,4.647,1.0,1.6580133640305177,3831.169106326121
ag,50,1.9878544903415671,1.3115018158711045,1987.854490341567,1947,1943,3890,1.0230851725895866,3525,3.525,1.0,1.1897917984768676,3338.785707546647
ag,50,1.351240042753414,0.8038133646492961,1351.240042753414,1372,1371,2743,0.9855871938391058,1611,1.611,1.0,0.6924468636689223,1756.811495778535
ag,50,0.6505149595786217,0.4445787153017315,650.5149595786218,661,660,1321,0.9856287266342754,364,0.364,1.0,0.5635243523778183,461.34128421550383
ag,50,1.9772661260187716,1.275233148585826,1977.2661260187715,1918,1917,3835,1.0314377287526195,3209,3.209,1.0,0.9576294782909396,3504.586599185446
ag,50,1.3000971316651704,0.8644805735019192,1300.0971316651703,1325,1324,2649,0.9819464740673493,1590,1.59,1.0,0.821609740002024,1656.6699903317883
ag,50,1.2348028992421216,0.8411798072814659,1234.8028992421216,1304,1302,2606,0.9483893235346555,1443,1.443,1.0,0.9362545306339451,1325.1660104874531
ag,50,2.2534734463046866,1.470494149840086,2253.4734463046866,2315,2314,4629,0.9738433216528464,4549,4.549,1.0,0.9217745446109464,4394.230652419591
ag,50,1.6481499902340948,1.0312584604294197,1648.1499902340947,1641,1640,3281,1.0049695062403017,2309,2.309,1.0,1.087903312586256,2504.2293506571764
ag,50,1.6530147473365708,1.0883304740386257,1653.0147473365707,1655,1652,3307,1.0006142538356966,2335,2.335,1.0,1.0199804975255389,2640.994212660632
ag,50,1.6705339953525384,1.0952300298408968,1670.5339953525383,1633,1630,3263,1.0248674818113732,2513,2.513,1.0,1.165359392538074,2137.2392181468967
ag,50,0.9439949876466136,0.6244734206879323,943.9949876466136,968,966,1934,0.9772204841062252,800,0.8,1.0,0.4301909352729858,780.7302608038858
ag,50,2.3177689876362524,1.5464479207255066,2317.7689876362524,2253,2251,4504,1.029661922539428,4564,4.564,1.0,1.2614728272862672,3814.72272828488
ag,50,1.726593738712248,1.0824853713593745,1726.5937387122478,1676,1675,3351,1.0308022320670136,2613,2.613,1.0,0.9228755583457374,2408.5456604475617
ag,50,0.6836725915746418,0.46240455460372,683.6725915746417,658,656,1314,1.0421838286198808,326,0.326,1.0,0.6056032573451475,358.5322239483615
ag,50,1.993807371097453,1.3189111914846985,1993.8073710974531,2000,1998,3998,0.9979015871358624,3552,3.552,1.0,1.3488297480033928,3410.5455917045283
ag,50,1.660840466245564,1.1024011645093124,1660.840466245564,1669,1668,3337,0.9957077135764772,2497,2.497,1.0,1.0182025795156524,2075.9066822845925
ag,50,1.3898928078322927,0.8895817554725922,1389.8928078322926,1312,1311,2623,1.0601775803449982,1618,1.618,1.0,0.9397872375777842,1331.519250226131
ag,50,2.3352244052512816,1.5917588618862133,2335.2244052512815,2288,2286,4574,1.0215329856742263,4820,4.82,1.0,1.5863083844587067,4875.763600223124
ag,50,0.9534518874580498,0.6447656857129795,953.4518874580498,961,960,1921,0.9931790494354684,715,0.715,1.0,0.7051652983987299,725.1510181359827
ag,50,2.3089724623420005,1.531574946780515,2308.9724623420007,2278,2276,4554,1.0144870221186295,4674,4.674,1.0,1.7204740656555435,5087.265018121053
ag,50,2.3835225457023936,1.603843266441109,2383.5225457023935,2302,2302,4604,1.035413790487573,4806,4.806,1.0,1.898891414329415,5808.684436052493
ag,50,0.9666257489203472,0.6176331525630134,966.6257489203472,994,993,1987,0.9734398277143476,772,0.772,1.0,0.5967408347223003,937.7226699539063
ag,50,1.5972104979330035,1.0755589369449865,1597.2104979330036,1624,1623,3247,0.9841099802421464,2330,2.33,1.0,1.1541027523506384,1838.3176669989832
ag,50,2.7929699927985157,1.853520706287558,2792.9699927985157,2778,2776,5554,1.0061131097977365,7059,7.059,1.0,2.162330856500113,7546.886703923702
ag,50,0.0,0.0,0.0,0,0,0,,0,0.0,1.0,0.0,0.0
ag,50,1.9751478982061508,1.2510204124709103,1975.1478982061508,1953,1953,3906,1.0113404496703282,3575,3.575,1.0,1.582902068058886,4227.302516083793
ag,50,1.97043670111652,1.2195522453299723,1970.43670111652,1966,1962,3928,1.004300051537472,3388,3.388,1.0,1.486696715469944,3553.078041843412
ag,50,0.6457459256728582,0.4413510640356751,645.7459256728581,643,643,1286,1.004270490937571,318,0.318,1.0,0.4067646884443597,340.8982851354063
ag,50,1.6666651645340045,1.0868685473747022,1666.6651645340044,1614,1612,3226,1.0339113923908216,2431,2.431,1.0,1.056065483637154,2094.4991392513875
ag,50,3.4702557899951336,2.2365754004530323,3470.2557899951335,3523,3519,7042,0.9861482779184808,10940,10.94,1.0,2.004718298037276,11587.329767615516
ag,50,1.3543037157380435,0.8980424999486375,1354.3037157380436,1383,1383,2766,0.97925069829215,1662,1.662,1.0,0.6578180027263704,1894.8431161793972
ag,50,1.3816255361386125,0.9256374743961936,1381.6255361386125,1313,1312,2625,1.0530682440080887,1651,1.651,1.0,0.9432570753744765,1646.529003593629
ag,50,0.9735699028949424,0.6379023566104367,973.5699028949424,974,971,1945,1.0026466559165217,819,0.819,1.0,0.6003806509515838,917.3466218836288
ag,50,1.2711905425470271,0.8065681163547633,1271.1905425470272,1352,1349,2701,0.9423206393973516,1427,1.427,1.0,0.9744531243040392,1666.4042256790185
ag,50,1.3074297711967606,0.8451410172913463,1307.4297711967606,1356,1356,2712,0.9641812471952512,1460,1.46,1.0,0.8754516501369513,1539.6919038969563
ag,50,0.9760096841395354,0.654837394190119,976.0096841395354,975,974,1949,1.0020633307387428,758,0.758,1.0,0.641690495064576,790.3862558100109
ag,50,1.5986999616949589,1.026865638094023,1598.6999616949588,1596,1595,3191,1.002319725200601,2198,2.198,1.0,0.88918521596165,2293.666590299643
ag,50,1.7170679498230224,1.123789709726052,1717.0679498230224,1670,1669,3339,1.0288004492648426,2444,2.444,1.0,1.1043889887771778,2245.96295843741
ag,50,1.3097519171722485,0.915063064152548,1309.7519171722486,1332,1329,2661,0.9855168676992088,1427,1.427,1.0,1.0299575764027522,1303.1432582917628
ag,50,0.9908293176929288,0.6320035563701051,990.8293176929288,1036,1034,2070,0.9582488565695636,836,0.836,1.0,0.7158846160023751,1012.3001280435584
ag,50,2.5787255293935285,1.5871207954957272,2578.7255293935286,2600,2600,5200,0.9918175113052032,5800,5.8,1.0,1.780691102844301,6453.459081334468
ag,50,1.0472562276706616,0.6960390920532809,1047.2562276706617,1016,1015,2031,1.0317795346508982,945,0.945,1.0,0.5547594027653717,1088.4242834751974
ag,50,1.7103949879244926,1.1301910931009926,1710.3949879244926,1645,1643,3288,1.0410194692175854,2510,2.51,1.0,1.110891965174329,2292.4070752864504
ag,50,1.9076421315791412,1.245570840161084,1907.6421315791413,1924,1923,3847,0.992013588964712,3315,3.315,1.0,0.9096946052637848,3407.71509756064
ag,50,1.9202269519061408,1.332179528079514,1920.2269519061408,1930,1927,3857,0.996485185213358,3301,3.301,1.0,1.5989129370773576,3607.169274156732
ag,50,1.695860549124075,1.0522322831229758,1695.860549124075,1633,1629,3262,1.0410439221142265,2571,2.571,1.0,1.0751911618314334,2594.037789077597
ag,50,2.2532658153979073,1.5085647905989648,2253.2658153979073,2249,2246,4495,1.0032350024033423,4452,4.452,1.0,1.377664840003798,4379.279848604871
ag,50,1.3509033714776515,0.8325147098214115,1350.9033714776515,1288,1284,2572,1.0521054294997283,1528,1.528,1.0,0.8340228351283496,1720.72417842463
ag,50,1.6890306382000917,1.0836030906104497,1689.0306382000915,1655,1653,3308,1.021797119298301,2371,2.371,1.0,1.1195980889987405,1308.385346094823
ag,50,2.901228724656195,1.905274540900726,2901.228724656195,2902,2899,5801,1.0007687908438063,7610,7.61,1.0,1.9154640934380889,7823.763143627474
ag,50,2.8559660859927405,1.860193444429786,2855.9660859927403,2881,2879,5760,0.9919993351833069,7104,7.104,1.0,1.875966935568228,6117.037883339721
ag,50,1.9863420138686376,1.2499799117706456,1986.342013868638,1977,1975,3952,1.0057427918322217,3486,3.486,1.0,1.179178472384569,2634.8432272967966
ag,50,2.240050165011019,1.3890626807519124,2240.050165011019,2242,2240,4482,1.0000223950942049,4509,4.509,1.0,1.5144421070247278,4749.352259348102
ag,50,1.6801228185908066,1.0455645494166717,1680.122818590807,1641,1640,3281,1.0244651332870771,2575,2.575,1.0,1.1773684560397122,2141.1089296131095
ag,50,2.046916563298017,1.253714187987527,2046.916563298017,1967,1965,3932,1.041687818472273,3469,3.469,1.0,1.0127106860330917,2921.924313893605
ag,50,1.3063192107357064,0.9022328173580884,1306.3192107357063,1309,1308,2617,0.9987149929172068,1433,1.433,1.0,0.7570763514118123,1337.1931800630218
ag,50,0.6508168402894872,0.4372086322801338,650.8168402894871,632,632,1264,1.0297734814707076,297,0.297,1.0,0.4454745851035417,284.9482347508372
ag,50,1.258589797743388,0.8293408094025966,1258.589797743388,1323,1322,2645,0.9520346427710952,1426,1.426,1.0,0.7470869895432257,1638.471989465275
ag,50,2.2934637702063565,1.4441930683083193,2293.4637702063565,2232,2229,4461,1.028920489101102,4478,4.478,1.0,1.1168399216082512,5018.083794969448
ag,50,2.5781120379463216,1.655400794782235,2578.1120379463214,2537,2535,5072,1.0170067210833615,5743,5.743,1.0,1.3453264716535358,6327.456989996232
ag,50,1.5686611226288778,1.0294266400841254,1568.6611226288778,1640,1638,3278,0.957668573033503,2275,2.275,1.0,0.9383085605314496,2632.6195294560757
ag,50,1.2774075831702822,0.8687743445922178,1277.4075831702824,1333,1331,2664,0.9597352240197464,1509,1.509,1.0,0.8425143163074479,1392.5219349814708
ag,50,3.2186355526789505,2.1400209793749307,3218.6355526789507,3155,3153,6308,1.0208168578112753,8952,8.952,1.0,2.0862960669391293,9962.756934497516
ag,50,0.9936037463474088,0.7049468727733129,993.6037463474088,1018,1018,2036,0.9760351142901856,823,0.823,1.0,0.7196639160568352,1005.195336060248
ag,50,4.140070639941023,2.7059356828064605,4140.070639941024,4103,4098,8201,1.0102661395658916,14910,14.91,1.0,2.4904988987934376,16599.120253342346
ag,50,4.017936708295882,2.6449007596773635,4017.936708295882,4053,4046,8099,0.9930639417439154,14046,14.046,1.0,2.1872731806559993,14861.138092656804
ag,50,1.2665370956200823,0.8958234652939369,1266.5370956200825,1312,1310,2622,0.9668222103970092,1408,1.408,1.0,0.7750084241393858,1403.5659750372556
ag,50,0.960954353571191,0.6716874504395198,960.954353571191,1020,1019,2039,0.9430366570865466,797,0.797,1.0,0.6422054715275104,781.9028361908676
ag,50,1.385473833871048,0.8528602958007923,1385.473833871048,1350,1350,2700,1.026276913978554,1569,1.569,1.0,0.9239193286902072,1632.6551408768864
ag,50,2.312340060004695,1.4779610687739366,2312.340060004695,2264,2261,4525,1.0227067934563003,4778,4.778,1.0,1.2434372177114652,4106.421469688859
ag,50,0.7000672457961226,0.463961463734538,700.0672457961225,667,666,1333,1.0511520207148983,400,0.4,1.0,0.5290627342000033,344.848067237083
ag,50,1.6353542778302377,1.0608648638358582,1635.3542778302376,1666,1666,3332,0.9816052087816552,2306,2.306,1.0,1.0457366090219613,2268.4562895401614
ag,50,1.6308363599595417,1.050133481004928,1630.8363599595416,1659,1658,3317,0.9836166224122688,2284,2.284,1.0,0.8482095327916269,2642.8130898069053
ag,50,1.9196090049185657,1.243201320306888,1919.6090049185657,2000,1997,3997,0.9612463720173088,3408,3.408,1.0,1.1916627936252169,4104.780174213716
ag,50,1.3719138051709792,0.9509725234421658,1371.9138051709792,1295,1294,2589,1.0602115959590257,1550,1.55,1.0,0.976941803699674,1728.2715572185068
ag,50,2.305542389948037,1.4846453204661685,2305.542389948037,2322,2322,4644,0.9929123126391202,4779,4.779,1.0,1.436659358039161,4151.505906843845
ag,50,1.9363090860815697,1.2542842788505455,1936.3090860815696,1932,1929,3861,1.0037890544746344,3144,3.144,1.0,1.045013898794059,2870.6182086090957
ag,50,1.63345636972688,1.1277551517323774,1633.45636972688,1641,1640,3281,0.9960099815407804,2473,2.473,1.0,1.3337508047091344,1979.6485349888312
ag,50,1.9747195856103907,1.317260763857744,1974.7195856103908,1970,1969,3939,1.0029048174760746,3582,3.582,1.0,1.4003668920176473,3087.5694290347446
ag,50,1.0286357839910754,0.6947278705767826,1028.6357839910754,986,985,1971,1.0443002883158126,819,0.819,1.0,0.7406082319368149,941.8885029273836
ag,50,1.5843447263501858,1.071775968416328,1584.3447263501855,1618,1614,3232,0.981626224504452,2140,2.14,1.0,1.013655895775969,1990.1497816081187
ag,50,1.660559437961408,1.1096328026536424,1660.559437961408,1657,1654,3311,1.003965802878723,2306,2.306,1.0,0.9878256425467874,2248.5913929561857
ag,50,1.9951077435144755,1.255357211944643,1995.1077435144755,2031,2030,4061,0.9828116963125496,3500,3.5,1.0,1.2138498370853454,3738.0779580911258
ag,50,1.6187954347829123,1.079703057947652,1618.7954347829125,1645,1643,3288,0.9852680674272136,2333,2.333,1.0,1.0717752291159148,2363.593671096545
ag,50,1.6241172827463408,1.124950611148804,1624.1172827463408,1668,1664,3332,0.9760320208812144,2363,2.363,1.0,1.0701025221293343,1993.1315634492216
ag,50,2.63616179125225,1.818538298603708,2636.1617912522497,2602,2599,5201,1.0142984960570411,6073,6.073,1.0,1.895073034729986,4888.3943943615195
ag,50,0.9942680238821264,0.6977889592840293,994.2680238821264,1025,1024,2049,0.9709648670723888,893,0.893,1.0,0.7523561765187072,1100.8416155212458
ag,50,1.6954919355193503,1.070487818805447,1695.4919355193506,1671,1670,3341,1.0152646320475154,2309,2.309,1.0,0.9472388599514444,2526.259951845296
ag,50,1.3197558821553388,0.8556528945299515,1319.755882155339,1259,1257,2516,1.049925125024136,1425,1.425,1.0,1.0637252605104373,1317.7138568531736
ag,50,1.998182054148635,1.2852944689815926,1998.182054148635,2014,2013,4027,0.9926388743907776,3721,3.721,1.0,1.1446017981265009,3657.7636714353184
ag,50,1.6206463195553895,1.085277131178095,1620.6463195553897,1589,1587,3176,1.02120120954971,2271,2.271,1.0,0.9844285684294132,3087.963431351994
ag,50,0.9509357594095582,0.6320884747634022,950.9357594095582,939,937,1876,1.0148727421660173,678,0.678,1.0,0.788849991323716,568.2881108595689
ag,50,0.3567430601285397,0.2294774491786647,356.7430601285397,320,320,640,1.1148220629016865,65,0.065,1.0,0.2254427275367301,53.887538279073944
ag,50,1.946612192090868,1.285658339448074,1946.612192090868,1961,1958,3919,0.9941839591883904,3301,3.301,1.0,1.3834495658165895,4081.253314993846
ag,50,0.9785716645457492,0.6439336346234932,978.5716645457492,1008,1005,2013,0.9737031488017406,870,0.87,1.0,0.6264228172889509,948.900776458944
ag,50,2.2114259549561157,1.5300125287563695,2211.4259549561157,2226,2224,4450,0.9943462027680376,4234,4.234,1.0,1.7892136653009572,4132.332662499924
ag,50,2.223818541651365,1.485984847484513,2223.818541651365,2274,2272,4546,0.9787933722057064,4823,4.823,1.0,1.2238121302181053,4676.62434361051
ag,50,3.001272643256302,1.911458368797351,3001.272643256302,2919,2917,5836,1.0288901759534803,7642,7.642,1.0,2.183034109506486,6068.702947421245
ag,50,1.9436241166024129,1.301724392842318,1943.6241166024129,1913,1912,3825,1.0165398099385003,3205,3.205,1.0,1.1647249071391088,2872.117208420757
ag,50,0.9895092690420848,0.6808142406887424,989.509269042085,974,974,1948,1.0159232741705184,788,0.788,1.0,0.7094797210447841,547.1167895659211
ag,50,2.5567760022386885,1.6996889338104817,2556.7760022386883,2502,2500,5002,1.0227104008954753,5681,5.681,1.0,1.8518321689060349,6298.361895354075
ag,50,1.270110745206083,0.8792686572287343,1270.1107452060828,1327,1327,2654,0.9571294236669804,1493,1.493,1.0,1.129707500267945,1364.6935846567137
ag,50,1.6127715974051875,0.9953905360926838,1612.7715974051875,1595,1594,3189,1.0117764099154252,2264,2.264,1.0,0.9428820324869052,2190.967692704999
ag,50,2.0257322453634017,1.253026651354001,2025.7322453634015,1950,1947,3897,1.0404377223232673,3426,3.426,1.0,1.1497407583177597,3849.159754562525
ag,50,1.9225721351092253,1.2223275570987342,1922.5721351092252,1948,1945,3893,0.9884689640664396,3242,3.242,1.0,1.033833105723939,3641.5484232245726
ag,50,2.297127989355184,1.544118370632224,2297.127989355184,2260,2258,4518,1.0173286046745722,4751,4.751,1.0,1.5151407337758642,4426.286613602368
ag,50,1.341255653955551,0.8674575365394738,1341.2556539555508,1282,1279,2561,1.0486752571974596,1589,1.589,1.0,0.7895130846807572,1477.3972660836278
ag,50,2.2305696576206664,1.5680334671282243,2230.5696576206665,2255,2253,4508,0.990044233298121,4419,4.419,1.0,1.749948647756232,2937.6742135855256
ag,50,2.233907598932332,1.480313413003643,2233.907598932332,2332,2329,4661,0.9591702872186912,5022,5.022,1.0,1.4774798624046448,4925.113643357645
ag,50,1.284945155707226,0.8795332375473206,1284.945155707226,1364,1362,2726,0.9434252244546446,1447,1.447,1.0,0.91242487777446,1437.1564719228847
ag,50,0.9935509241937616,0.6826133556325631,993.5509241937616,996,994,1990,0.9995482134746092,900,0.9,1.0,0.6499897318863183,797.1651452560614
ag,50,1.8837036607485536,1.2024172236201274,1883.7036607485536,1880,1878,3758,1.003037093050348,3088,3.088,1.0,1.061288578667112,2898.302799938249
ag,50,0.9838223872266262,0.6887032876660417,983.8223872266262,1003,1003,2006,0.9808797479826782,807,0.807,1.0,0.6135937950209268,732.5647891265771
ag,50,0.6554772401344434,0.4194827754039141,655.4772401344434,639,639,1278,1.0257859783011634,357,0.357,1.0,0.3207558512560261,362.70884491493933
ag,50,1.3011278499861865,0.8847206853295165,1301.1278499861864,1344,1342,2686,0.9695438524487232,1456,1.456,1.0,0.8104267952589512,1245.805807744346
ag,50,2.2539997245869836,1.4906588194417254,2253.9997245869836,2307,2307,4614,0.9770263218842582,4489,4.489,1.0,1.401119389419949,4143.369349746334
ag,50,2.1877852708139107,1.475827116396344,2187.7852708139108,2273,2272,4545,0.962933657928658,4207,4.207,1.0,1.10381874659463,3842.0150692883144
ag,50,2.5920764986807487,1.7870474679499575,2592.076498680749,2606,2604,5210,0.995421082442684,5842,5.842,1.0,1.1412745079879325,5641.799721615129
ag,50,1.5931259502604715,1.0593538159780973,1593.1259502604717,1636,1636,3272,0.9737933681298726,2283,2.283,1.0,0.943032117639316,2334.749306233802
ag,50,2.229883431140521,1.4279509360241271,2229.883431140521,2286,2284,4570,0.9763062307970758,4660,4.66,1.0,1.418402765751859,4646.65259777466
ag,50,1.6270813573086689,1.065525020915352,1627.0813573086689,1634,1632,3266,0.9969861258018804,2351,2.351,1.0,1.1416833569702478,2416.532885659406
ag,50,2.522440433620587,1.7009035985345142,2522.440433620587,2506,2502,5008,1.0081696377380445,5805,5.805,1.0,1.2871778928556934,7287.474769817717
ag,50,1.6510757961792542,1.0489405156981115,1651.0757961792542,1646,1646,3292,1.003083715783265,2326,2.326,1.0,1.066584797922688,2426.6502824884988
ag,50,1.266238352214345,0.8362613077498061,1266.238352214345,1326,1324,2650,0.9563733778053966,1482,1.482,1.0,0.5969730829549059,1653.043438135826
ag,50,1.0080828370315045,0.6624230726471797,1008.0828370315044,1002,1001,2003,1.007075761270234,882,0.882,1.0,0.7187525030255301,752.3674042271173
ag,50,2.259308842114486,1.5070654741422984,2259.308842114486,2338,2335,4673,0.9675840865586663,4648,4.648,1.0,1.911676393364239,5807.395436803742
ag,50,2.2936083023531655,1.4538658807633325,2293.6083023531655,2298,2294,4592,0.9998292512437512,4844,4.844,1.0,1.5060369869672856,5747.211250714012
ag,50,1.99025707443609,1.314938593429379,1990.25707443609,1954,1952,3906,1.0195989110840626,3480,3.48,1.0,1.1926712704722988,3720.87804250888
ag,50,2.2078417239921846,1.422369100836103,2207.8417239921846,2285,2280,4565,0.9683516333299056,4456,4.456,1.0,1.4033449495677022,4194.0328344873815
ag,50,0.6535551676128607,0.435327472082034,653.5551676128607,677,676,1353,0.9667975852261254,329,0.329,1.0,0.4743753272323872,323.50256213074596
ag,50,2.277687836593119,1.4352059424218568,2277.687836593119,2286,2283,4569,0.997673165393394,4832,4.832,1.0,1.3351826400168936,5350.859899043558
ag,50,0.3269181111837217,0.2200426597637894,326.9181111837217,315,315,630,1.0378352735991163,97,0.097,1.0,0.250990313224272,95.73373861219564
ag,50,1.0064454606400377,0.6600971451851981,1006.4454606400376,1010,1010,2020,0.9964806540990472,851,0.851,1.0,0.7650993171783376,988.7221418327714
ag,50,1.306622270894477,0.9223941433317284,1306.622270894477,1339,1337,2676,0.9772791854109776,1513,1.513,1.0,0.9187331415398086,1607.4516896109262
ag,50,1.6102566882164462,1.0400705194142117,1610.2566882164465,1680,1678,3358,0.9596285388655816,2415,2.415,1.0,0.9923551395476158,2383.812964020312
ag,50,2.606471388895923,1.7021597918355915,2606.471388895923,2586,2584,5170,1.0086963579318589,5904,5.904,1.0,1.3047333159331584,4302.165785518803
ag,50,2.2804899528451896,1.465512926498187,2280.4899528451897,2226,2223,4449,1.025861427280787,4367,4.367,1.0,1.4273186301135026,5003.6776583921255
ag,50,3.810298170189496,2.6700274925749574,3810.298170189496,3785,3780,7565,1.0080153889390202,12420,12.42,1.0,1.9704488047518591,11459.671421589324
ag,50,0.653690046639847,0.4289394873191799,653.690046639847,686,685,1371,0.9542920388902876,330,0.33,1.0,0.3564289632151302,325.49190061811936
ag,50,1.6472357463204634,1.0874215762357928,1647.2357463204637,1627,1626,3253,1.013060114588231,2326,2.326,1.0,0.9508388664450396,2368.373414054646
ag,50,1.9805401186740408,1.3086142999511734,1980.5401186740407,1988,1988,3976,0.9962475446046484,3457,3.457,1.0,1.2352998735604792,3380.460894066931
ag,50,1.9200931582182763,1.294872596866024,1920.0931582182768,1956,1956,3912,0.9816427189254991,3420,3.42,1.0,1.2414024147163658,3340.6441830375816
ag,50,1.7076195412061193,1.077985908859247,1707.6195412061193,1645,1643,3288,1.03933021375905,2567,2.567,1.0,0.9673619212551254,2853.471628450853
ag,50,0.3320380178386133,0.221788772548418,332.0380178386133,319,318,637,1.0441447101843186,41,0.041,1.0,0.215003029196514,37.523037985309394
ag,50,2.590766007665164,1.6226442237489522,2590.766007665164,2574,2572,5146,1.0072962704763468,5773,5.773,1.0,1.2274355324606467,7178.549333173826
ag,50,1.317855204888464,0.8717653067279804,1317.855204888464,1319,1318,2637,0.9998901402795628,1411,1.411,1.0,0.8424266444343871,1614.0490559326845
ag,50,1.3233667032127727,0.8945633053823726,1323.3667032127728,1321,1321,2642,1.001791599706868,1482,1.482,1.0,0.7624410701213702,1383.0111280271608
ag,50,2.2437385231621394,1.507763814305786,2243.7385231621392,2257,2256,4513,0.994564948210168,4496,4.496,1.0,1.5119855080443578,4635.34131904926
ag,50,1.0100130411717274,0.6547864864071119,1010.0130411717274,968,966,1934,1.045562154422078,764,0.764,1.0,0.6628091728926596,935.3706634579772
ag,50,1.590191079450536,0.9837651719404265,1590.191079450536,1649,1646,3295,0.966094215948078,2173,2.173,1.0,0.8632614078627566,1579.7805980331566
ag,50,1.244535122858765,0.8433011394763348,1244.5351228587651,1266,1264,2530,0.9846005718819344,1384,1.384,1.0,0.6446036698466544,1636.0737816396029
ag,50,1.6062385226499436,1.0334515775930109,1606.2385226499437,1616,1615,3231,0.994574936625352,2295,2.295,1.0,0.9202937600318593,2596.539872834706
ag,50,0.991305069295058,0.6601231841500369,991.3050692950582,1008,1007,2015,0.984414170104328,827,0.827,1.0,0.6666252087758684,811.3016372193773
ag,50,1.307729697871634,0.8841991666130093,1307.729697871634,1316,1314,2630,0.9952280805720198,1577,1.577,1.0,1.088905600828931,1667.4209248286118
ag,50,1.3554164801315685,0.8396005538695872,1355.4164801315685,1361,1360,2721,0.996629764802624,1590,1.59,1.0,0.9826763757008588,1128.9566948992865
ag,50,1.0170836695091745,0.6957782179497408,1017.0836695091746,1015,1013,2028,1.0040312630890174,854,0.854,1.0,0.729533077548828,687.6311866757611
ag,50,0.3349189212571655,0.2227482374411021,334.91892125716555,345,345,690,0.9707794819048275,72,0.072,1.0,0.1965032580512451,50.93191062064856
ag,50,1.2497965369665107,0.8495820536458836,1249.7965369665108,1256,1255,2511,0.9958538143159448,1452,1.452,1.0,1.0273602411129827,1693.4575475236966
ag,50,2.902599242904311,1.855021576950804,2902.599242904311,2910,2908,5818,0.9981427932958428,7561,7.561,1.0,1.6732562311290706,7074.167509633932
ag,50,1.3214653804116951,0.8439334968172757,1321.4653804116952,1348,1348,2696,0.9803155641036314,1447,1.447,1.0,0.546339768156101,1293.129827034693
ag,50,1.331962107537694,0.8469544567916304,1331.962107537694,1300,1300,2600,1.024586236567457,1584,1.584,1.0,0.815622089570764,1483.7218991512923
ag,50,1.319244473202631,0.8741895656804634,1319.2444732026308,1309,1308,2617,1.008596692050941,1409,1.409,1.0,0.8118182385798962,1656.8039232835386
ag,50,1.3474971150139667,0.9088944008531046,1347.4971150139668,1337,1335,2672,1.0093611348419227,1430,1.43,1.0,0.9182701199702594,1440.3741933889016
ag,50,2.2707872305698453,1.5190844654768114,2270.787230569845,2322,2320,4642,0.978787599383554,4743,4.743,1.0,1.837232801967246,5344.1881635796
ag,50,1.6067811998522044,1.0595961376221477,1606.7811998522045,1625,1625,3250,0.9887884306782796,2307,2.307,1.0,1.167352147092412,1960.504088520083
ag,50,1.6351816648907216,1.0871052422045415,1635.1816648907215,1629,1627,3256,1.0050286815554528,2308,2.308,1.0,0.9966878578588328,2350.9169950184823
ag,50,1.605749981383649,1.0793221141791989,1605.7499813836491,1596,1596,3192,1.0061090108920108,2261,2.261,1.0,1.529141932951443,2692.425892110782
ag,50,2.2872905759750415,1.494545999636759,2287.2905759750415,2265,2263,4528,1.0107337940676278,4952,4.952,1.0,1.3671908552571452,6040.630815103024
ag,50,1.6295992917108404,1.1143352112300036,1629.5992917108404,1659,1658,3317,0.9828705016350062,2567,2.567,1.0,1.3298188840312373,2805.215652333324
ag,50,2.622462619680911,1.6909875618848391,2622.4626196809113,2598,2594,5192,1.010972482529264,5970,5.97,1.0,1.4772134203776572,5408.568334419619
ag,50,1.377170905238801,0.8924521612124693,1377.170905238801,1370,1369,2739,1.00596852099255,1633,1.633,1.0,0.9488486220120697,1531.3105416952774
ag,50,1.0277770670688535,0.6670220102645223,1027.7770670688535,1022,1022,2044,1.0056527075037704,817,0.817,1.0,0.4215943565269608,916.1666200590738
ag,50,0.9908320972479578,0.6582741867030246,990.8320972479578,989,989,1978,1.0018524744670958,838,0.838,1.0,0.6205745599337558,764.4549936903064
ag,50,1.6366908460895442,1.0696870392041942,1636.6908460895445,1636,1635,3271,1.0010341566296908,2511,2.511,1.0,0.9008504989912548,1970.4537666200515
ag,50,1.673302072709789,1.1055006411547,1673.302072709789,1661,1659,3320,1.0086208997647914,2487,2.487,1.0,1.1039385936392223,2765.0779291531826
ag,50,1.340170363177346,0.840984754969329,1340.170363177346,1338,1336,2674,1.0031215293243607,1593,1.593,1.0,0.8834146005500465,2082.757174687674
ag,50,1.3221305917121833,0.8726285017217481,1322.130591712183,1353,1352,2705,0.9779072423906682,1481,1.481,1.0,0.9403303049815922,1469.03463840798
ag,50,2.8289422177958587,1.9328544056390815,2828.9422177958586,2877,2875,5752,0.9839799018420378,7106,7.106,1.0,1.5408910614530185,6976.597428818888
ag,50,1.6153614139072652,1.1019092366866066,1615.3614139072652,1600,1598,3198,1.0108644642723812,2216,2.216,1.0,1.1889198562761192,1716.5562202792314
ag,50,2.2385875724661735,1.4577909737564678,2238.5875724661732,2224,2222,4446,1.0074651541251904,4404,4.404,1.0,1.3769042055991296,4861.834111486105
ag,50,1.9660768250021723,1.3452528828669186,1966.076825002172,1916,1913,3829,1.0277453345541936,3361,3.361,1.0,1.494880545205534,3443.3865443680675
ag,50,1.65262611441296,1.1566222214026451,1652.62611441296,1612,1611,3223,1.0258386805791184,2366,2.366,1.0,1.0490573201173938,2661.908008144148
ag,50,1.731968375291733,1.1031849521373152,1731.968375291733,1658,1654,3312,1.0471392837313984,2582,2.582,1.0,0.9548086797735776,3160.1760935909865
ag,50,0.6514701125569754,0.4338145864785008,651.4701125569754,661,659,1320,0.9885737671577776,353,0.353,1.0,0.4850779928906563,365.5119878245688
ag,50,0.6869913045879332,0.4500061242652493,686.9913045879332,648,648,1296,1.060171766339403,358,0.358,1.0,0.4876347242491293,361.2022827841425
ag,50,2.3045112038215967,1.4947537789175618,2304.5112038215966,2263,2263,4526,1.018343439603003,4917,4.917,1.0,1.1020411177010538,5385.427622904894
ag,50,1.2893121598828463,0.816643547676555,1289.3121598828463,1323,1322,2645,0.9752739484741652,1463,1.463,1.0,0.7721610896346641,1675.509522409738
ag,50,1.6830767132047335,1.0844802358715784,1683.0767132047338,1666,1663,3329,1.0120725876155945,2469,2.469,1.0,1.1215380572077265,1998.0539717026309
ag,50,2.2532820083649576,1.5005255735983547,2253.2820083649576,2253,2250,4503,1.0014586703844257,4406,4.406,1.0,1.3988704209695286,4922.377912219413
ag,50,2.5920346164311097,1.612007282214383,2592.0346164311095,2566,2561,5127,1.0121181633858296,5724,5.724,1.0,1.8024146173099125,5938.027043964294
ag,50,0.9571821376834078,0.6574378551549106,957.1821376834076,983,982,1965,0.974727227783511,731,0.731,1.0,0.5872673497373224,710.448068573995
ag,50,1.6299095069883929,1.029755395671676,1629.9095069883926,1618,1616,3234,1.0086073681858865,2535,2.535,1.0,1.1243096611841588,2268.8937300854755
ag,50,0.6163744076083019,0.4341645598307425,616.3744076083019,643,643,1286,0.9585916136987588,336,0.336,1.0,0.3970378382790327,361.42464131303745
ag,50,0.661048151560205,0.439213047961109,661.048151560205,692,691,1383,0.9566543437919032,347,0.347,1.0,0.4502526346386776,382.41328635889533
ag,50,2.8662059130504423,1.8731353496163037,2866.205913050442,2855,2853,5708,1.0046287813005406,7212,7.212,1.0,1.611752727330968,6541.435148939699
ag,50,3.206548596186283,2.0853999644712853,3206.5485961862832,3197,3195,6392,1.0036145840958632,9248,9.248,1.0,2.318906781502483,9646.299516840843
ag,50,1.9166967334304872,1.227087657258224,1916.6967334304873,1982,1978,3960,0.969007448650398,3055,3.055,1.0,0.7946505925688689,3022.895166961772
ag,50,1.9719495267047715,1.2736206565946115,1971.9495267047716,2014,2012,4026,0.9800941981634054,3619,3.619,1.0,0.8477280162938136,2958.17607536865
ag,50,1.5909034191291231,1.1086196291127348,1590.9034191291232,1558,1556,3114,1.0224315032963518,2125,2.125,1.0,0.9405529373117404,2407.743007075513
ag,50,0.6726063642674938,0.4337170636764277,672.6063642674937,672,670,1342,1.0038900959216324,392,0.392,1.0,0.466519258204112,392.73590187939465
ag,50,1.956585387597149,1.235926502006747,1956.585387597149,1952,1951,3903,1.002862833212275,3337,3.337,1.0,1.660472332033975,2970.6848172403907
ag,50,1.9092943829142537,1.3697592792134838,1909.2943829142537,1960,1957,3917,0.9756230878458118,3223,3.223,1.0,1.33806946523216,3199.8213129225846
ag,50,0.6226487835347607,0.4066116119767644,622.6487835347607,642,640,1282,0.9728887242730636,329,0.329,1.0,0.3957058175102544,376.8947492606261
ag,50,1.0172511239951287,0.6480384125431743,1017.2511239951286,985,984,1969,1.0337917926779765,823,0.823,1.0,0.6798384089296031,884.814668923557
ag,50,2.2674126908914314,1.4556379821103314,2267.4126908914313,2273,2271,4544,0.9984203834836772,4608,4.608,1.0,1.1839029960050584,4416.570514152271
ag,50,2.59405983366215,1.6793497552740388,2594.05983366215,2614,2612,5226,0.9931316361646824,5977,5.977,1.0,1.8401550398448896,5710.654612220269
ag,50,1.264271974016141,0.8673938522263865,1264.271974016141,1310,1309,2619,0.9658303850390688,1531,1.531,1.0,0.7733689688882751,1540.104121943565
ag,50,2.576529807839487,1.64377766759043,2576.529807839487,2594,2594,5188,0.993265153369116,6202,6.202,1.0,1.403291353273879,7239.841287993672
ag,50,1.63275205012755,1.0735566328720296,1632.75205012755,1640,1638,3278,0.9967961233989926,2343,2.343,1.0,1.0529568853200202,2302.7823383179607
ag,50,2.2389072380515507,1.490383365768,2238.907238051551,2262,2260,4522,0.9906669194918366,4495,4.495,1.0,1.0456571838130475,4408.322700534178
ag,50,1.674283986234541,1.052830719505022,1674.283986234541,1700,1698,3398,0.9860329718695766,2475,2.475,1.0,0.892702887257327,3055.0058441443616
ag,50,1.3172346845345029,0.8739942694598255,1317.2346845345028,1349,1346,2695,0.9786290375442072,1652,1.652,1.0,0.6864149322452516,1588.085628001483
ag,50,2.321605242032283,1.4636335600121788,2321.605242032283,2267,2262,4529,1.0263506817118846,4679,4.679,1.0,1.4823407116230378,4855.132658560123
ag,50,4.393470442335636,2.83364633387725,4393.470442335636,4367,4365,8732,1.0065224381066749,16928,16.928,1.0,2.6285722305395183,18114.05420926752
ag,50,1.956098800653545,1.3622552719843832,1956.098800653545,1983,1979,3962,0.9884278932054296,3464,3.464,1.0,1.300379187863738,3196.680917803729
ag,50,0.9785019120682804,0.6536375539107178,978.5019120682804,946,944,1890,1.036548635665551,774,0.774,1.0,0.7488910509952567,787.4335032811977
ag,50,1.911418714048992,1.3270165834527856,1911.418714048992,1940,1939,3879,0.9857755100819968,3372,3.372,1.0,1.2802560029379637,3465.653838672325
ag,50,1.0112874312108842,0.6862469653841601,1011.2874312108842,949,947,1896,1.0678853550273328,798,0.798,1.0,0.5516408347998243,868.0213282056731
ag,50,1.9747246530298297,1.2557709612713452,1974.7246530298296,1987,1984,3971,0.995324925922293,3452,3.452,1.0,1.1803278582370234,3207.8235306980337
ag,50,1.6076010607585254,1.119699957044725,1607.6010607585254,1558,1555,3113,1.0338270487193089,2162,2.162,1.0,0.9707906750841012,2239.069382680153
ag,50,1.011638685304063,0.6579915285300465,1011.6386853040632,999,998,1997,1.0136660173387406,806,0.806,1.0,0.6688621303670845,741.1850357562447
ag,50,0.9390032874090316,0.6602305679341478,939.0032874090316,1014,1013,2027,0.9269528997127656,802,0.802,1.0,0.7614945223593735,811.8765053022443
ag,50,1.253332695555902,0.8626581132907611,1253.332695555902,1286,1286,2572,0.9745977414898148,1567,1.567,1.0,0.751080826411499,1488.2774553713268
ag,50,0.6602650886667714,0.4439194668245521,660.2650886667714,652,650,1302,1.015792444102725,304,0.304,1.0,0.5254814200693627,268.0857830728684
ag,50,2.305967242135747,1.558340605925757,2305.967242135747,2283,2281,4564,1.0109457440314542,4665,4.665,1.0,1.2670402058386754,3827.8590900513327
ag,50,2.8568887298935204,1.875101215571266,2856.8887298935206,2850,2847,5697,1.0034733859829716,7288,7.288,1.0,2.070535581574411,5692.373241840748
ag,50,2.327809926213903,1.504145640903797,2327.809926213903,2274,2272,4546,1.0245642280871052,4609,4.609,1.0,1.6616862684116924,3015.3389430115085
ag,50,1.9499535278107216,1.3201598300576027,1949.953527810722,1997,1995,3992,0.9774203146920912,3285,3.285,1.0,1.1966951285881395,3196.4495563151304
ag,50,1.311881683066622,0.8612615613234209,1311.881683066622,1328,1328,2656,0.9878627131525768,1498,1.498,1.0,1.0160845503473717,1413.8445964714165
ag,50,0.995357636324653,0.6837797441873119,995.3576363246532,987,987,1974,1.008467716640986,840,0.84,1.0,0.6460720576515643,938.9006423283308
ag,50,1.8848499794502664,1.32204650874338,1884.849979450266,1890,1888,3778,0.9983315569122172,3168,3.168,1.0,0.9702252873510075,2532.2882932058696
ag,50,1.6676163513931523,1.0502072426568838,1667.6163513931524,1644,1640,3284,1.0168392386543612,2495,2.495,1.0,1.23300623233643,2366.441653681166
ag,50,1.6076789548418229,1.0811405451745133,1607.6789548418228,1618,1617,3235,0.9942355935942008,2287,2.287,1.0,1.0567430315433506,1925.005198015974
ag,50,1.9348045044316655,1.299816860212488,1934.8045044316657,1944,1943,3887,0.9957820403662716,3334,3.334,1.0,1.2059305505698126,1780.417961819419
ag,50,0.9767849073577284,0.6371095313667939,976.7849073577283,999,998,1997,0.9787423921420124,739,0.739,1.0,0.5193242480954396,759.6771872798527
ag,50,3.2359844514284055,2.080262135126727,3235.9844514284055,3247,3244,6491,0.997529115730088,9250,9.25,1.0,1.9426686338552932,11262.805483384887
ag,50,2.851960569611067,1.8677540916294573,2851.9605696110666,2889,2885,5774,0.988547857750803,7152,7.152,1.0,1.5254020670787145,6407.978064151242
ag,50,1.9023762571127203,1.3049016812636494,1902.3762571127204,1939,1935,3874,0.9831401845543776,3163,3.163,1.0,1.3641441752083652,3492.215739463226
ag,50,2.013345127444917,1.3050621257859216,2013.3451274449171,1968,1968,3936,1.0230412232951815,3625,3.625,1.0,1.5163800665233933,3885.537904844664
ag,50,1.9553840628855377,1.2985807839568493,1955.3840628855376,2003,2003,4006,0.976227689907907,3471,3.471,1.0,1.0453433936176983,4348.13096613148
ag,50,1.3650615747934798,0.8868294711986304,1365.0615747934798,1377,1374,2751,0.9934945959195632,1656,1.656,1.0,0.6436654674901096,1728.3165102417877
ag,50,0.6685832128207639,0.4353846760656144,668.583212820764,652,651,1303,1.0270095435034776,309,0.309,1.0,0.3827929137361891,327.66360064740843
ag,50,1.6524126425254566,1.108419179371961,1652.4126425254567,1653,1651,3304,1.000855628422445,2476,2.476,1.0,0.7678565232989865,2546.9170490241245
ag,50,2.318092735401616,1.5919183780086492,2318.092735401616,2333,2332,4665,0.994036335935513,4669,4.669,1.0,1.63011209328115,4631.518322851032
ag,50,1.0024485153521585,0.6540377116786439,1002.4485153521586,1013,1013,2026,0.9895839243357932,900,0.9,1.0,0.6882406268922803,1022.7312885293512
ag,50,2.2153317785992,1.4686205731187958,2215.3317785992003,2288,2287,4575,0.9686627803232184,4581,4.581,1.0,1.4755800556420555,5586.7903496130475
ag,50,1.2618446740005895,0.8861941615356405,1261.8446740005895,1347,1346,2693,0.937477469539814,1468,1.468,1.0,0.8220858450081208,1407.7065583266683
ag,50,2.340690472704908,1.5401877939394777,2340.690472704908,2245,2242,4487,1.0440189441145888,4769,4.769,1.0,1.4375636061515524,5347.050699643808
ag,50,1.033454906261431,0.6746909946449968,1033.4549062614312,986,986,1972,1.0481287081758937,981,0.981,1.0,0.6431597733844702,1013.9698086494848
ag,50,1.3265895284857476,0.889217540798858,1326.5895284857477,1283,1281,2564,1.0355890152113565,1453,1.453,1.0,0.9287103528933458,1465.8802447476762
ag,50,1.288406814824364,0.8556163058666922,1288.406814824364,1343,1342,2685,0.9600646906291834,1489,1.489,1.0,0.7669459979826142,1563.1652062594103
ag,50,2.2542468114577563,1.4769472812140911,2254.2468114577564,2297,2295,4592,0.9822426193715714,4686,4.686,1.0,1.2809846892056609,4530.754173920204
ag,50,1.2964320711446171,0.8614145553390776,1296.432071144617,1313,1313,2626,0.9873816231109044,1524,1.524,1.0,0.9783957175764864,1691.8062079056845
ag,50,1.0361921212216718,0.6802543558619017,1036.192121221672,1009,1008,2017,1.0279683742278491,867,0.867,1.0,0.813839041557739,929.4341989213324
ag,50,2.8507484808115633,1.819305710602818,2850.7484808115632,2943,2938,5881,0.9703024100788166,7414,7.414,1.0,1.659994306605587,6396.154106705053
ag,50,1.3326814348223937,0.8883987721328961,1332.6814348223936,1296,1293,2589,1.0306894314171644,1461,1.461,1.0,1.043657601608391,1328.518418870946
ag,50,1.032373428545698,0.6674998192859101,1032.373428545698,995,994,1989,1.0386050588990927,965,0.965,1.0,0.752873107016023,986.0382991729784
ag,50,3.946909088769917,2.5257419713039626,3946.9090887699167,3832,3830,7662,1.030524566258464,13249,13.249,1.0,2.9025976005394334,11066.393179896697
ag,50,3.6242471663012648,2.2259955355920593,3624.2471663012648,3590,3586,7176,1.010665690546923,11504,11.504,1.0,2.2167154516809657,10600.174440880575
ag,50,2.016131411334262,1.25709196304815,2016.131411334262,1920,1917,3837,1.0517117430017016,3363,3.363,1.0,0.8443578037668135,2136.982173332402
ag,50,1.0154467775672409,0.6568184965176367,1015.4467775672408,1015,1014,2029,1.001426802334557,864,0.864,1.0,0.7774111392821278,913.151651133007
ag,50,1.6493964118342317,1.122578775846567,1649.3964118342317,1613,1613,3226,1.0225644214719354,2387,2.387,1.0,1.2940541219259631,2417.7547403634167
ag,50,2.3068454684651023,1.6410528581566348,2306.8454684651024,2270,2268,4538,1.0171276315983695,4596,4.596,1.0,1.6155032981052957,4887.696570714941
ag,50,1.2846798713959529,0.8981090099836144,1284.679871395953,1285,1284,2569,1.0005294948566612,1387,1.387,1.0,0.7528806309037491,1043.0412532691616
ag,50,0.976425138804361,0.6506963562830369,976.425138804361,954,953,1907,1.024580418472572,796,0.796,1.0,0.6846567200497834,828.5275880784601
ag,50,1.63183756352179,1.0937137157069106,1631.83756352179,1624,1621,3245,1.0066857270338,2230,2.23,1.0,1.5891209578013723,2639.798873837095
ag,50,2.896805669646532,1.901203606032384,2896.805669646532,2920,2919,5839,0.9923965980289592,7823,7.823,1.0,2.246805853380439,8234.67622146346
ag,50,1.7059231623647235,1.1401327088688231,1705.9231623647236,1639,1636,3275,1.0427403192938407,2533,2.533,1.0,0.9393706833318718,2386.5505124752885
ag,50,0.6658879263643053,0.4473804714776443,665.8879263643053,705,704,1409,0.9458635317674792,389,0.389,1.0,0.4259242878907188,294.47542268488274
ag,50,1.7004186552874816,1.058627032522931,1700.4186552874817,1596,1595,3191,1.0660932008071986,2540,2.54,1.0,1.060441976980374,3062.273388778468
ag,50,0.6810457822711544,0.4497576436330942,681.0457822711544,684,684,1368,0.9956809682326818,380,0.38,1.0,0.3755797157189218,336.1277068680019
ag,50,1.7116980894965468,1.1199504531334417,1711.6980894965468,1661,1658,3319,1.03238726748887,2351,2.351,1.0,1.2745679828362604,1966.740554239288
ag,50,2.5526644244425745,1.6337476163020648,2552.6644244425743,2615,2613,5228,0.9769094620905374,6030,6.03,1.0,1.740848741198178,5611.732783311699
ag,50,0.6675469275410403,0.414810562947309,667.5469275410403,639,639,1278,1.0446743779984982,351,0.351,1.0,0.4574424326308197,298.2715712818683
ag,50,1.652219444553502,1.0732078410395909,1652.219444553502,1647,1647,3294,1.0031690616596856,2378,2.378,1.0,1.1098110601173112,2496.491760072035
ag,50,1.9642405711412867,1.2974964601156316,1964.2405711412864,1978,1976,3954,0.994048872035064,3554,3.554,1.0,1.449205020839467,3467.1374298197243
ag,50,2.33470668494897,1.5990696213737323,2334.70668494897,2280,2278,4558,1.0248931891786524,4590,4.59,1.0,1.8614231386906803,4302.563704636084
ag,50,1.2698025612614716,0.8525135161818448,1269.8025612614715,1296,1295,2591,0.9805425183486266,1414,1.414,1.0,0.836173066342221,1241.4075913015593
ag,50,1.9219235393009615,1.26493552164495,1921.9235393009617,1951,1948,3899,0.9866137265405348,3298,3.298,1.0,1.4336033600859277,3284.1242169051156
ag,50,1.9163400260167105,1.2950502468871674,1916.3400260167105,1906,1904,3810,1.0064811061012136,3168,3.168,1.0,1.3690362847671569,3171.515653040497
ag,50,1.9414543747750903,1.252984297476426,1941.4543747750904,1973,1971,3944,0.9850098299214056,3463,3.463,1.0,1.2948496053477698,3057.2149356951973
ag,50,1.612613584566262,1.1265766983803691,1612.6135845662618,1626,1623,3249,0.9936004834049672,2260,2.26,1.0,1.3405574518370449,2332.4111670187235
ag,50,1.6491432050741683,1.0593718110025316,1649.1432050741682,1645,1644,3289,1.0031284702397616,2303,2.303,1.0,1.1695868265972849,2433.4622371660885
ag,50,0.9956324160889936,0.6815194616447511,995.6324160889936,1023,1023,2046,0.9732477185620662,814,0.814,1.0,0.7329996502479516,803.7128006742354
ag,50,2.8679448031972634,1.8449541426692824,2867.9448031972634,2821,2820,5641,1.017001703261441,7409,7.409,1.0,1.7317644236874536,8928.844315266586
ag,50,2.218845029487815,1.5092232152223888,2218.845029487815,2288,2286,4574,0.970623372479359,4612,4.612,1.0,1.1781453818968928,4507.119412600613
ag,50,0.7149207962934652,0.4728932270504609,714.9207962934652,672,671,1343,1.0654557321810212,340,0.34,1.0,0.4471230994614504,332.064364807374
ag,50,1.02621898542625,0.6340192116456398,1026.21898542625,1013,1012,2025,1.0140503808559782,861,0.861,1.0,0.6111933379844513,1133.436918292903
ag,50,1.306566942987988,0.8693762514525194,1306.566942987988,1310,1307,2617,0.9996686633419954,1507,1.507,1.0,0.9829815634367703,1488.34281076015
ag,50,4.042766393551003,2.562152519573064,4042.7663935510022,4116,4109,8225,0.9838808453519112,14776,14.776,1.0,2.1891653454603555,13357.052442473185
ag,50,1.6759516628511866,1.0879029093418862,1675.9516628511865,1631,1631,3262,1.0275607988051418,2455,2.455,1.0,0.9864844234719924,2320.1280358631043
ag,50,1.323691514674811,0.8406651849268381,1323.6915146748108,1288,1286,2574,1.029309109389433,1489,1.489,1.0,0.9769242092698306,1541.861577413757
ag,50,3.5416242307082273,2.2887001423323645,3541.6242307082275,3495,3493,6988,1.0139204783018114,11162,11.162,1.0,2.1094761679717973,11946.621527980817
ag,50,1.291495394662104,0.8948440243582847,1291.495394662104,1289,1288,2577,1.0027138157314472,1383,1.383,1.0,0.7564486967305847,1058.0320549064445
ag,50,1.228808348901373,0.8686719294887276,1228.808348901373,1336,1334,2670,0.921145688831614,1355,1.355,1.0,0.6772133296055767,1164.4122483353062
ag,50,1.290267927841277,0.9168495622789662,1290.267927841277,1337,1337,2674,0.9650470664482252,1465,1.465,1.0,1.0566737016400891,1335.5476398333403
ag,50,1.7078322575533635,1.0965724015631009,1707.8322575533634,1688,1687,3375,1.012348700387293,2479,2.479,1.0,1.0634695312436075,1776.5916037098914
ag,50,1.6314290591679272,1.0413212619876715,1631.429059167927,1646,1644,3290,0.9923534423162576,2241,2.241,1.0,0.7646196959077658,1940.857693887024
ag,50,1.016711790027658,0.6840194290998968,1016.711790027658,1005,1005,2010,1.01165352241558,794,0.794,1.0,0.897115544968472,802.9283997345923
ag,50,1.6625015088402888,1.0384283345181449,1662.5015088402888,1634,1632,3266,1.0186896500246867,2372,2.372,1.0,0.8485924877742623,2082.5958919003665
ag,50,2.309971708819615,1.4999321767723433,2309.9717088196153,2210,2209,4419,1.045709238940523,4524,4.524,1.0,1.1647371595133251,5471.993697661823
ag,50,1.3891287726213968,0.907182427616524,1389.1287726213968,1378,1374,2752,1.011010751543957,1498,1.498,1.0,1.000342369447303,1503.7245272933465
ag,50,0.6606939519007631,0.444289657854148,660.6939519007631,635,633,1268,1.0437503189585515,314,0.314,1.0,0.4145472071724737,324.43392831896836
ag,50,2.274167243267756,1.534078007527114,2274.167243267756,2296,2296,4592,0.990490959611392,4553,4.553,1.0,1.3835104152628408,5087.547739416236
ag,50,1.2804192581049991,0.8869924941807937,1280.4192581049992,1313,1310,2623,0.9774192809961826,1471,1.471,1.0,0.7938305347696819,1575.326124953909
ag,50,2.2730285836203437,1.5027589443881306,2273.028583620344,2216,2214,4430,1.0266615102169574,4350,4.35,1.0,1.9073400316611964,3863.338797256939
ag,50,1.6764073570949742,1.0595537024241355,1676.4073570949745,1710,1708,3418,0.9815031364724672,2391,2.391,1.0,0.9799908590728614,2632.8548609527497
ag,50,1.3335611246246413,0.87582799068614,1333.5611246246413,1348,1347,2695,0.9900231066255688,1443,1.443,1.0,0.9488672239306628,1019.5461755551256
ag,50,2.2740621642278573,1.4627143867241297,2274.0621642278575,2272,2269,4541,1.0022310111184916,4628,4.628,1.0,1.3300980389831816,4764.885798075819
ag,50,2.9086999733581513,1.8114613019255144,2908.6999733581515,2907,2904,5811,1.0016184481260852,7484,7.484,1.0,1.6501165693579205,8862.716742036175
ag,50,1.0025087907843393,0.6561138323024583,1002.5087907843392,1049,1047,2096,0.9575060083900088,847,0.847,1.0,0.627256549957545,984.5529872602524
ag,50,2.6083610279413905,1.6836921193317922,2608.3610279413906,2556,2554,5110,1.0212846624672631,6092,6.092,1.0,1.2185069244853657,5260.187584331631
ag,50,0.6424357694066598,0.4168289824195601,642.4357694066598,681,679,1360,0.9461498813058318,309,0.309,1.0,0.339769160742009,281.9577493183012
ag,50,0.9288796607410548,0.6298491684175119,928.8796607410547,994,993,1987,0.935427654321304,739,0.739,1.0,0.7396144729976708,709.1913411214031
ag,50,1.3634301695307545,0.93020328340908,1363.4301695307545,1325,1324,2649,1.029781094811748,1497,1.497,1.0,1.0325051700225203,1380.328404520023
ag,50,1.901703718000056,1.3076513974883337,1901.7037180000557,1907,1904,3811,0.9987939695378444,3232,3.232,1.0,0.9565065684847558,3646.311549396781
ag,50,1.3544128046844457,0.8884066529157832,1354.4128046844455,1335,1333,2668,1.016063619418189,1620,1.62,1.0,1.2519908645614106,1804.6716121519785
ag,50,2.9485972320454596,1.8103324216727048,2948.59723204546,2891,2885,5776,1.022044101228929,7781,7.781,1.0,1.5911868682489885,6413.928107898492
ag,50,1.295074417321439,0.8553072642264501,1295.0744173214391,1330,1330,2660,0.9737401633995784,1533,1.533,1.0,1.09435912447666,1654.404541536718
ag,50,1.9580353014806615,1.3370864504830235,1958.0353014806617,1929,1926,3855,1.0166330744967091,3370,3.37,1.0,1.317107658974924,2402.2872362298344
ag,50,2.2464586472403463,1.5874573834523655,2246.458647240346,2336,2332,4668,0.9633184593655,4710,4.71,1.0,1.321993838540978,5523.024429087413
ag,50,0.7050283845816514,0.4243633929019563,705.0283845816514,662,662,1324,1.0649975597910142,324,0.324,1.0,0.4108220488774542,320.5115130586762
ag,50,1.602712537854022,1.0819358737757163,1602.712537854022,1596,1593,3189,1.0060970105800515,2229,2.229,1.0,1.0130529642917805,2424.830483826868
ag,50,1.6947145382360838,1.12445559162307,1694.714538236084,1674,1674,3348,1.012374276126693,2402,2.402,1.0,1.2994359369823592,2919.067990021478
ag,50,1.2589736169475172,0.8617949613968597,1258.9736169475173,1345,1343,2688,0.93743381753352,1430,1.43,1.0,1.0347475460787166,1655.8687538889235
ag,50,1.277444856464927,0.8580099432171295,1277.444856464927,1325,1324,2649,0.9648375048828752,1468,1.468,1.0,0.8383814824119764,1313.2624074439625
ag,50,0.6314584314889747,0.4452619432431234,631.4584314889747,623,622,1245,1.0152064814935284,330,0.33,1.0,0.5023016363899534,310.9081442050603
ag,50,2.5821106110165455,1.702368356315776,2582.1106110165456,2559,2558,5117,1.0094255711558036,6204,6.204,1.0,1.351280827436985,5886.18295994751
ag,50,0.9542521112871428,0.6178983086032123,954.2521112871428,1004,1003,2007,0.9513979175345392,810,0.81,1.0,0.6946435590548516,775.0058568371452
ag,50,0.9877452303642243,0.6519278764643515,987.7452303642244,991,990,1981,0.997722454913358,801,0.801,1.0,0.789271537407206,953.6203631709998
ag,50,1.337039935514269,0.8385932590920037,1337.039935514269,1282,1281,2563,1.0437470222593823,1618,1.618,1.0,0.8622347306274403,1683.9557536401708
ag,50,0.3234170648453062,0.2188184670121532,323.4170648453062,323,323,646,1.0012912224312884,46,0.046,1.0,0.226872735919115,41.81205088807132
ag,50,0.6951297690034415,0.4624141854513452,695.1297690034414,657,656,1313,1.059649038115002,364,0.364,1.0,0.4683885810485905,443.2654821896445
ag,50,1.647965412398749,1.142811138924124,1647.965412398749,1636,1636,3272,1.0073138217596267,2276,2.276,1.0,1.3155760695713046,1908.8199742143715
ag,50,1.923081158667725,1.2137919163946342,1923.081158667725,1912,1911,3823,1.0063219040647435,3150,3.15,1.0,1.0952698745886569,3209.4150025909285
ag,50,0.9794014368542006,0.6908369847084406,979.4014368542006,996,995,1991,0.9843230521147744,841,0.841,1.0,0.815991589269263,638.7643640819625
ag,50,1.666862925474979,1.1285785496565977,1666.862925474979,1665,1665,3330,1.0011188741591466,2447,2.447,1.0,1.0439417719789803,2786.6808829383176
ag,50,1.2979683459920763,0.8349279842480094,1297.9683459920764,1300,1299,2599,0.9992058090778108,1532,1.532,1.0,1.054150416862874,1535.2462201584706
ag,50,1.2803133437401837,0.8492550938699303,1280.3133437401837,1334,1333,2667,0.9604751265867844,1512,1.512,1.0,0.9285779570306936,1725.9934703041656
ag,50,0.6322113570243219,0.4286031339500193,632.2113570243218,661,660,1321,0.9578959954913968,323,0.323,1.0,0.5148603613167874,343.18875425719085
ag,50,2.850975440602031,1.8462170479265976,2850.975440602031,2946,2943,5889,0.968731036562022,7370,7.37,1.0,2.125881375581072,6148.801629323994
ag,50,2.303217867883786,1.4473585059538725,2303.217867883786,2231,2228,4459,1.0337602638616634,4473,4.473,1.0,1.1621221152570655,3859.513133441939
ag,50,1.8988222350533095,1.2288863910028565,1898.8222350533097,1986,1983,3969,0.9575502950344476,3261,3.261,1.0,1.2695488394883276,3422.9835705319147
ag,50,1.5986209528893691,1.0566902835628396,1598.6209528893692,1660,1659,3319,0.9636051554486854,2321,2.321,1.0,1.2650343889219158,2255.029209449232
ag,50,0.9908272124901428,0.6489297878886341,990.8272124901428,1007,1006,2013,0.9849177062526272,878,0.878,1.0,0.6583992306812724,910.8166763618092
ag,50,1.725042994755032,1.1372204405133608,1725.042994755032,1683,1681,3364,1.0262004727870506,2513,2.513,1.0,0.8975762334536299,2844.965461640977
ag,50,2.615733496431183,1.6751011450895703,2615.733496431183,2603,2599,5202,1.0064384364875656,5868,5.868,1.0,1.415446600029166,5156.673829620722
ag,50,1.2606003517507247,0.8410962331644716,1260.6003517507247,1315,1313,2628,0.9600916616532555,1596,1.596,1.0,0.8639768419095143,1805.864545802148
ag,50,1.9607516982676307,1.2760427643852783,1960.751698267631,1955,1954,3909,1.003455321528982,3733,3.733,1.0,1.5620107222354935,3465.8287310949195
ag,50,1.6016972761607475,1.072824941011233,1601.6972761607476,1666,1662,3328,0.9637167726598964,2376,2.376,1.0,1.5512720855273268,2911.603745767494
ag,50,1.9346409061989256,1.3852892952912763,1934.6409061989257,1912,1911,3823,1.0123709608576272,3284,3.284,1.0,1.468388868039591,3214.1079781985736
ag,50,0.9855835086632736,0.6515527541019942,985.5835086632736,1019,1018,2037,0.9681566882743357,954,0.954,1.0,0.5496391643049857,1096.439988302547
ag,50,2.3074767407520875,1.4592748147734635,2307.4767407520876,2294,2293,4587,1.0063134499572994,4652,4.652,1.0,1.5325811593973095,5009.095925730713
ag,50,1.0026700180273185,0.6533673117842203,1002.6700180273184,985,984,1969,1.0189735955562178,881,0.881,1.0,0.4827504161779382,796.7073895737209
ag,50,1.648565202359073,1.1074819908332691,1648.5652023590728,1719,1718,3437,0.9595839361810669,2629,2.629,1.0,0.8726790252774306,2359.237312512625
ag,50,1.9381757881745352,1.2509153889477116,1938.1757881745352,1935,1933,3868,1.002677593468461,3404,3.404,1.0,1.2750803463961005,2878.684455892796
ag,50,1.0422832554941446,0.6794968593666333,1042.283255494145,996,994,1990,1.0485747037164432,939,0.939,1.0,0.6907738272965086,1207.7135697713927
ag,50,1.6243943153854796,1.059927876468049,1624.3943153854796,1580,1577,3157,1.0300534656851488,2354,2.354,1.0,1.0009552265309225,2463.349746916723
ag,50,1.3241891520854203,0.8567341327213869,1324.1891520854206,1313,1311,2624,1.010060375351198,1441,1.441,1.0,0.8507714404401491,1663.2348533980924
ag,50,1.322279960041267,0.8527979306229266,1322.2799600412668,1336,1334,2670,0.9912143628495254,1464,1.464,1.0,1.0035342224645576,1444.296169888127
ag,50,0.3197886137397138,0.2175238562621459,319.7886137397138,310,309,619,1.0349146075718894,84,0.084,1.0,0.2545216678802364,95.35343181308548
ag,50,0.9557959657819944,0.6477370695970358,955.7959657819944,971,971,1942,0.9843418803110138,772,0.772,1.0,0.7900747646548264,540.8862771921725
ag,50,0.9724707237121678,0.6242530014557499,972.4707237121678,999,999,1998,0.9734441678800478,792,0.792,1.0,0.4773063523698386,612.0542498525044
ag,50,1.026554782917244,0.6801184249806851,1026.5547829172442,1041,1040,2081,0.9870719066511964,939,0.939,1.0,0.7048447291812554,759.6543619094924
ag,50,0.9152736763741044,0.6201415032428754,915.2736763741044,963,961,1924,0.9524179774964664,721,0.721,1.0,0.6609310005749973,579.1986807253012
nag,50,1.9662525561134416,1.3030780636825374,1966.2525561134416,2008,2005,4013,0.9806745915777764,3576,3.576,1.0,1.42423045890737,4114.7415906505175
nag,50,0.6474227967800137,0.4210637220793153,647.4227967800136,679,679,1358,0.9534945460677668,354,0.354,1.0,0.5115571695210902,333.23440405020284
nag,50,1.3075939997836663,0.8668936826869126,1307.5939997836665,1340,1337,2677,0.9780059833834454,1518,1.518,1.0,0.8421061357349428,1447.2925815886215
nag,50,2.4959174210402235,1.5634079662720857,2495.9174210402234,2586,2583,5169,0.966286264436788,5679,5.679,1.0,1.2518400904032791,4288.414651858155
nag,50,0.3070761959147506,0.2127804058172763,307.07619591475066,316,316,632,0.9717601136542744,52,0.052,1.0,0.2203402672267551,53.88918279180626
nag,50,0.979280420816355,0.626481150945146,979.280420816355,1042,1042,2084,0.9398084652748128,896,0.896,1.0,0.583090247845784,863.2932466946168
nag,50,1.358365786079042,0.8493576253427002,1358.365786079042,1355,1355,2710,1.0024839749660823,1647,1.647,1.0,1.0301208518830092,1357.3189774193656
nag,50,1.5922758320680754,1.0203187660531197,1592.2758320680755,1553,1551,3104,1.0266123997859933,2199,2.199,1.0,1.0375284020433375,2403.465073940816
nag,50,1.2965706020608716,0.9035056907521856,1296.5706020608716,1316,1316,2632,0.985236019803094,1421,1.421,1.0,0.8696813064359681,1586.158284755023
nag,50,1.6263187906912,1.079927126013309,1626.3187906912,1665,1663,3328,0.977942748461335,2346,2.346,1.0,1.0971890606756154,2486.930938137683
nag,50,1.002030511831645,0.6802657320160592,1002.0305118316452,1007,1006,2013,0.9960541867113768,850,0.85,1.0,0.7445379177577669,848.9284549690108
nag,50,1.672331917605552,1.1444712079619013,1672.331917605552,1592,1590,3182,1.0517810802550642,2244,2.244,1.0,1.2842571352740872,2388.0552963361406
nag,50,1.6345097381658502,1.1480908597216697,1634.5097381658502,1631,1629,3260,1.0033822824836405,2323,2.323,1.0,1.147065097194161,2299.1185285571823
nag,50,1.3351617855160265,0.8739132984825578,1335.1617855160262,1344,1343,2687,0.994163652655269,1517,1.517,1.0,0.8962002050595655,1461.0017441844493
nag,50,1.9238487208235255,1.282260389137296,1923.8487208235256,1921,1918,3839,1.003049385205175,3266,3.266,1.0,1.3253432832482874,3843.123604121973
nag,50,0.6789167833365136,0.4437755031015513,678.9167833365136,678,677,1355,1.0028312900096212,353,0.353,1.0,0.4551644442485754,353.48370452027615
nag,50,1.9566240010934677,1.2665772712821626,1956.6240010934675,1908,1905,3813,1.027099213172424,3558,3.558,1.0,1.2474690719588255,3437.00467382213
nag,50,1.3234484702120364,0.838502104730329,1323.4484702120365,1298,1298,2596,1.0196059092542653,1290,1.29,1.0,0.7740690349335433,756.4930168797249
nag,50,1.937998999190992,1.3675516016175238,1937.998999190992,1953,1951,3904,0.993336237412092,3294,3.294,1.0,1.3153944559881128,4552.475649986728
nag,50,1.6345181355029572,1.072065271324629,1634.5181355029572,1680,1679,3359,0.9735069300196292,2336,2.336,1.0,1.0626930637492906,2669.3104735138545
nag,50,1.6464774665604562,1.0972575307304446,1646.4774665604562,1625,1624,3249,1.0138408045323006,2329,2.329,1.0,1.0255144089271535,1948.741953139704
nag,50,1.6085806132582623,1.062672782952472,1608.5806132582625,1628,1625,3253,0.9898957620050846,2215,2.215,1.0,1.371255632809501,1845.5278612325276
nag,50,1.5798120310361248,1.0457510116629174,1579.8120310361248,1649,1647,3296,0.9592058476236338,2291,2.291,1.0,1.0348426309717216,2148.1522138288074
nag,50,1.9331291957799004,1.301784102253546,1933.1291957799003,1951,1947,3898,0.9928758067693376,3500,3.5,1.0,1.474865141434998,2286.4982188238223
nag,50,1.353225049932361,0.8526553524071366,1353.2250499323611,1350,1349,2699,1.0031319866066428,1654,1.654,1.0,0.9534151205366314,1597.5378217965697
nag,50,0.6650154286658978,0.4586728433774868,665.0154286658978,648,647,1295,1.0278445574434278,323,0.323,1.0,0.4847231374292583,286.21358185092464
nag,50,1.9990278041827576,1.1995369249503542,1999.0278041827576,1997,1996,3993,1.0015169359633056,3434,3.434,1.0,1.0744058498548583,3836.513742249081
nag,50,1.6567749973151686,1.0961334072688018,1656.7749973151683,1659,1657,3316,0.9998642108118097,2386,2.386,1.0,0.9003863408849604,2577.8563328840637
nag,50,0.3236373584769821,0.2188962186750235,323.6373584769821,333,332,665,0.9748113207138016,67,0.067,1.0,0.1806236446334352,58.656727439080704
nag,50,1.6442451867818235,1.0371005995417677,1644.2451867818238,1642,1641,3283,1.001977566594652,2418,2.418,1.0,1.0610661174915514,2014.1119837504436
nag,50,1.2830902983695012,0.9058268500393952,1283.0902983695012,1328,1328,2656,0.9661824535914918,1496,1.496,1.0,0.9371651470274616,1122.1087277999695
nag,50,1.6918585882013757,1.072110092216751,1691.8585882013754,1682,1680,3362,1.0070586834531996,2452,2.452,1.0,1.0739230002577027,1811.4052526351347
nag,50,1.6032608559763093,1.0875855866059172,1603.2608559763094,1567,1565,3132,1.0244478312947665,2173,2.173,1.0,1.2895052835334595,2017.7242751310744
nag,50,1.3678657742848763,0.9101193612318508,1367.8657742848764,1329,1327,2656,1.030795609860495,1576,1.576,1.0,0.9588798694979246,1470.3257616640913
nag,50,1.3244961684609542,0.8592346437684553,1324.496168460954,1275,1275,2550,1.0388205242831012,1494,1.494,1.0,0.841307767250468,1330.9652489966722
nag,50,2.208933047359368,1.4927994570454115,2208.933047359368,2319,2317,4636,0.9533591054636892,4482,4.482,1.0,1.504750976281276,5998.44648036614
nag,50,1.3216068087877295,0.8647676472543601,1321.6068087877295,1301,1299,2600,1.0174032400213469,1471,1.471,1.0,1.0728060903460113,1326.5283046844777
nag,50,1.6597041974654294,1.1046794292782405,1659.7041974654294,1614,1613,3227,1.028954865136658,2516,2.516,1.0,0.911193733124435,1895.9516288854752
nag,50,0.6934138441720146,0.4519727663618422,693.4138441720146,657,657,1314,1.0554244203531424,332,0.332,1.0,0.3307371154761148,279.80716220261723
nag,50,2.89688243025059,1.861086523777933,2896.88243025059,2844,2839,5683,1.0203883163968264,7306,7.306,1.0,1.4589317192604854,8481.024213629627
nag,50,1.9837666338014093,1.3155053529852927,1983.7666338014092,1953,1951,3904,1.0167947892370113,3367,3.367,1.0,1.3538128658262245,2470.0361244664336
nag,50,1.2765207981559417,0.8530394575779522,1276.5207981559415,1317,1316,2633,0.9700006065014756,1346,1.346,1.0,0.7754146877710413,1263.9882032427538
nag,50,1.3645538154982195,0.945407556066213,1364.5538154982196,1325,1321,2646,1.032970337243164,1559,1.559,1.0,1.1349894275786832,1251.2419910445726
nag,50,1.9351944685672364,1.274136299317362,1935.1944685672363,1940,1939,3879,0.998037374196615,3270,3.27,1.0,1.0801845749658512,3444.1972673160103
nag,50,2.97137791748782,1.9643945130164864,2971.37791748782,2838,2836,5674,1.047735513923773,7438,7.438,1.0,1.912867033080106,7463.060310078037
nag,50,1.9635318344215735,1.261718186983379,1963.5318344215736,1960,1959,3919,1.0023133406950349,3284,3.284,1.0,1.3272968367361475,3790.70869593762
nag,50,2.2310287992481195,1.4358687996539148,2231.0287992481194,2285,2283,4568,0.977235566906754,4695,4.695,1.0,1.1835522475390623,4285.428406511678
nag,50,0.9649008943157678,0.6490364446940552,964.9008943157678,932,932,1864,1.0353013887508238,715,0.715,1.0,0.6266263912365011,655.6711202508613
nag,50,2.5863789660002077,1.7704690139819554,2586.3789660002076,2569,2566,5135,1.0079419197194883,5906,5.906,1.0,2.141363759700982,3940.380151810216
nag,50,1.9169482563783584,1.251357642221844,1916.948256378358,1992,1992,3984,0.9623234218766858,3220,3.22,1.0,1.1406996034645558,3032.8016312100335
nag,50,1.9885117608109584,1.2678137627801285,1988.5117608109583,1966,1965,3931,1.0119652726773325,3447,3.447,1.0,0.9553197481676632,3391.574209752368
nag,50,3.267008417762232,2.0724667440203217,3267.008417762232,3161,3159,6320,1.0341906988800988,9543,9.543,1.0,2.577841244168677,7404.522296339245
nag,50,1.6609584874957266,1.0537033324996483,1660.9584874957266,1637,1635,3272,1.0158767507619122,2520,2.52,1.0,1.4521611033031012,2526.031778612762
nag,50,1.6550167899561143,1.0871042159030089,1655.0167899561145,1667,1665,3332,0.9940040780517204,2374,2.374,1.0,1.1167295590591195,2683.4359078292846
nag,50,0.3558488951827331,0.2292204589799613,355.8488951827331,337,337,674,1.0559314397113742,59,0.059,1.0,0.2480994807059789,54.34677346710394
nag,50,2.3297066841403704,1.4719866379304904,2329.7066841403703,2317,2315,4632,1.006352779326294,4753,4.753,1.0,1.2383270433097195,4994.521058555481
nag,50,1.7115595528367182,1.0962599491029017,1711.5595528367182,1633,1629,3262,1.050681125129968,2483,2.483,1.0,0.9514110110156015,1990.0923341314012
nag,50,1.404570734731547,0.923356860027164,1404.570734731547,1330,1328,2658,1.0576586857918275,1604,1.604,1.0,0.7739627412199723,1360.6901716905832
nag,50,2.3661796484753324,1.5590462877746307,2366.179648475332,2309,2305,4614,1.026542146843962,4818,4.818,1.0,1.517982422373262,5462.874397481821
nag,50,0.9501954670183438,0.6487658468441727,950.1954670183438,986,983,1969,0.9666281454917028,808,0.808,1.0,0.4850013581736252,895.0087125316174
nag,50,0.0,0.0,0.0,0,0,0,,0,0.0,1.0,0.0,0.0
nag,50,2.3086481813785023,1.490831443237651,2308.648181378502,2291,2288,4579,1.0090245547982963,4508,4.508,1.0,1.4851062351103017,3989.7612970149335
nag,50,1.3645761187217114,0.9038812281732056,1364.5761187217113,1346,1344,2690,1.0153096121441303,1610,1.61,1.0,1.0361602686006528,1567.9320329312122
nag,50,2.008956026720586,1.3719039994465436,2008.956026720586,1942,1939,3881,1.0360784047037577,3488,3.488,1.0,1.501522678798244,3673.244845052701
nag,50,1.6699097599917898,1.0444678224750692,1669.9097599917898,1653,1651,3304,1.011453519074373,2338,2.338,1.0,0.9285065696523916,2354.5583985650906
nag,50,1.6097818583033991,1.1500677623227316,1609.781858303399,1573,1571,3144,1.0246860969467848,2206,2.206,1.0,1.075150232941596,2472.090522385542
nag,50,2.255944693425119,1.5456625141477014,2255.944693425119,2277,2274,4551,0.9920601114446436,4594,4.594,1.0,1.9420361591755335,4662.285734253447
nag,50,0.9930287975947688,0.6739727062168318,993.0287975947688,1016,1015,2031,0.97835349516726,863,0.863,1.0,0.680075074350763,1004.5397564531148
nag,50,0.3373905786535072,0.2235581760893587,337.3905786535072,347,347,694,0.9723071430936808,70,0.07,1.0,0.2046701252331959,78.02720529005036
nag,50,2.007935370376226,1.3060239535457052,2007.9353703762256,1882,1877,3759,1.06975778922548,3317,3.317,1.0,1.0467633342242832,2616.045550225997
nag,50,1.6638204797219127,1.0335297641371075,1663.8204797219128,1712,1708,3420,0.9741337703289888,2503,2.503,1.0,1.1405734471780011,2237.4732809532256
nag,50,2.0204416713125206,1.3331598375111444,2020.4416713125208,1931,1929,3860,1.0474036657918715,3332,3.332,1.0,1.7100582819627783,3547.0206255493017
nag,50,2.318051836162098,1.4692676968002234,2318.051836162098,2305,2305,4610,1.0056624018056823,4543,4.543,1.0,1.0597609281521256,4587.762761995424
nag,50,0.3290074899035574,0.220761561490918,329.00748990355737,324,323,647,1.018599039949094,66,0.066,1.0,0.2032873544173729,71.73947004719219
nag,50,1.9356318987786656,1.193060224455401,1935.6318987786651,1933,1931,3864,1.0023987047015357,3395,3.395,1.0,1.0836564287138777,3223.800148806186
nag,50,1.2987262873862284,0.9179622460458832,1298.7262873862285,1267,1266,2533,1.0258501480143984,1334,1.334,1.0,1.2453767164782794,1309.245858976762
nag,50,2.5555976773383815,1.590290687171165,2555.5976773383813,2619,2617,5236,0.976537133105992,5788,5.788,1.0,1.6520346471200795,6338.597285576488
nag,50,3.788003641104042,2.440749486480202,3788.003641104042,3817,3814,7631,0.9931839646313692,12786,12.786,1.0,2.08791457219201,15035.613282155518
nag,50,1.9775358088167203,1.3633493414629811,1977.5358088167204,1911,1909,3820,1.0359014189715663,3390,3.39,1.0,1.3601277624650845,3317.137320981912
nag,50,1.3085359072533078,0.8715533896475393,1308.535907253308,1323,1322,2645,0.9898153610085536,1409,1.409,1.0,1.0515317354679443,1626.6408037126969
nag,50,1.0207922888312082,0.6803252893034916,1020.7922888312082,1050,1050,2100,0.9721831322201984,912,0.912,1.0,0.5848024248391033,857.5314274207566
nag,50,1.8978880908456568,1.2775743843785787,1897.8880908456567,1930,1928,3858,0.9843817898577056,3299,3.299,1.0,1.4999009264472922,3074.736466424764
nag,50,0.6919255927764701,0.4500564971989793,691.9255927764701,669,669,1338,1.0342684495911365,302,0.302,1.0,0.5117595529095934,310.1457982790998
nag,50,0.0,0.0,0.0,0,0,0,,0,0.0,1.0,0.0,0.0
nag,50,1.9406105306384105,1.285866720309655,1940.6105306384104,1961,1957,3918,0.9916252072756312,3441,3.441,1.0,1.127649357509621,3250.475346523498
nag,50,1.9617136706172735,1.2823468527965396,1961.7136706172737,1948,1947,3895,1.0075570984166786,3399,3.399,1.0,1.1386351859822197,2482.304036779032
nag,50,2.6286408207918193,1.792240754400905,2628.6408207918194,2628,2625,5253,1.0013869793492645,6219,6.219,1.0,2.0453031605412137,5662.348474777447
nag,50,1.589553612113411,1.0743900231210863,1589.553612113411,1633,1631,3264,0.9745883581320728,2301,2.301,1.0,1.2409268914679092,2623.593171432465
nag,50,1.9512826710138875,1.2697815856937829,1951.2826710138877,1989,1988,3977,0.9815305186186558,3361,3.361,1.0,1.0339599924946985,2828.3027874659224
nag,50,0.3490935420494977,0.2272272409488332,349.0935420494977,339,338,677,1.0328211303239578,83,0.083,1.0,0.172382818574966,73.60756875984067
nag,50,1.3190736444597282,0.8583030356969111,1319.0736444597285,1313,1311,2624,1.0061583863155823,1494,1.494,1.0,0.9902408969032076,1560.944112965269
nag,50,1.6260347075433987,1.0350694204094772,1626.0347075433988,1641,1638,3279,0.9926951816504266,2307,2.307,1.0,1.1333324808935656,2600.2085053181063
nag,50,3.4432144279552728,2.3100348846202587,3443.2144279552726,3431,3428,6859,1.004438281200488,10545,10.545,1.0,2.148729007794711,11540.056426467463
nag,50,2.16543312721921,1.5176630296492697,2165.43312721921,2221,2219,4440,0.9758599041096032,4149,4.149,1.0,2.115684641275508,3810.821083469127
nag,50,2.615102036320583,1.7575814722121417,2615.102036320583,2591,2589,5180,1.0100818989264515,5802,5.802,1.0,1.7812356999310044,5582.956936566701
nag,50,1.9699674577636463,1.3645075385539012,1969.9674577636465,1925,1922,3847,1.0249570539873292,3150,3.15,1.0,1.320955027471222,3511.2581432949664
nag,50,1.2621349929753714,0.8416027073160997,1262.1349929753717,1290,1289,2579,0.9791582567691012,1379,1.379,1.0,0.8537753335334672,1121.1623208253886
nag,50,2.33436641003915,1.5388386902804976,2334.3664100391497,2333,2332,4665,1.0010147555914022,4902,4.902,1.0,1.0926968696448556,5805.15797874652
nag,50,1.9034406700685305,1.230382187274964,1903.4406700685304,1942,1940,3882,0.9811549845714072,3327,3.327,1.0,1.338048981239484,4008.8162473925313
nag,50,2.2431331817463853,1.4448337192511054,2243.133181746385,2247,2245,4492,0.9991684551208844,4528,4.528,1.0,1.7502328170677268,4440.08925144511
nag,50,1.6102264352097488,1.05255465661899,1610.2264352097488,1642,1640,3282,0.9818453873230176,2369,2.369,1.0,1.082150994740939,2358.774474876486
nag,50,1.2897256888191009,0.8108593307817376,1289.7256888191007,1324,1323,2647,0.9748493490696152,1483,1.483,1.0,0.7456647585402556,1525.3584675331397
nag,50,2.914777547282345,1.8975560031375625,2914.777547282345,2959,2958,5917,0.9853879470190484,7814,7.814,1.0,1.931759691056379,5375.640744261812
nag,50,2.283661975059981,1.524434427962152,2283.661975059981,2232,2231,4463,1.0236046504078804,4344,4.344,1.0,1.8841387067433288,4347.864607448313
nag,50,2.319153316824742,1.5383885544945828,2319.153316824742,2287,2283,4570,1.0158358812197732,4602,4.602,1.0,1.45245039750905,4195.684524247119
nag,50,0.6416995934932452,0.426333056998641,641.6995934932453,679,679,1358,0.945065675247784,367,0.367,1.0,0.3512396211742286,329.0899153542204
nag,50,1.0469625899851962,0.655885747058984,1046.9625899851962,1022,1021,2043,1.0254285896035222,830,0.83,1.0,0.5973014921497413,893.4831939550002
nag,50,1.6512526538792265,1.066005743215635,1651.2526538792265,1668,1667,3335,0.9905534816312096,2436,2.436,1.0,1.1596939107561648,2618.144527738625
nag,50,1.6425047421237986,1.1131538404560983,1642.504742123799,1593,1592,3185,1.0317240842486173,2285,2.285,1.0,1.0242286160439324,2077.283930491393
nag,50,1.9126395704754136,1.2071904540624303,1912.6395704754136,1901,1898,3799,1.0077131562041168,3210,3.21,1.0,0.9860711538572128,3527.2923713988102
nag,50,1.3281737582891433,0.854539297886585,1328.1737582891433,1318,1318,2636,1.00771908823152,1572,1.572,1.0,0.7679586415429229,1601.929044547038
nag,50,1.58179047004342,1.112794129057705,1581.79047004342,1661,1659,3320,0.9534601989411816,2278,2.278,1.0,0.9074980409739476,2205.546714002021
nag,50,1.295760371792057,0.9046761781071502,1295.760371792057,1304,1302,2606,0.9952076588264648,1338,1.338,1.0,1.1208996122397552,1443.9759586717064
nag,50,0.6519843039910971,0.4439532442657658,651.9843039910971,660,659,1319,0.9893540273006026,326,0.326,1.0,0.6196122477172201,348.0950465152302
nag,50,1.6428345504889488,1.1172575275312555,1642.8345504889487,1658,1654,3312,0.9932494259304404,2256,2.256,1.0,1.2331473319438455,1655.6041782381924
nag,50,1.9210244985196296,1.3373852112137543,1921.024498519629,1909,1906,3815,1.0078827379431423,3219,3.219,1.0,1.1973620394000803,2765.9868651008346
nag,50,1.8735964809374368,1.2221940080481168,1873.5964809374368,1924,1920,3844,0.9758315004882482,3327,3.327,1.0,1.1459415070717371,3216.3038380712296
nag,50,0.3252529955183789,0.2194634844247003,325.25299551837895,327,326,653,0.9977085752097514,76,0.076,1.0,0.2058389361351022,77.36559432223972
nag,50,1.8760876072939732,1.2969529884456286,1876.0876072939732,1933,1930,3863,0.972066117768898,3276,3.276,1.0,1.1587993149892064,3588.3544256372065
nag,50,1.2958862290610396,0.8848867155614327,1295.8862290610396,1294,1293,2587,1.0022321957161946,1472,1.472,1.0,1.0083025942203276,1529.0664889907289
nag,50,1.3010123450905136,0.8696282900298506,1301.0123450905137,1293,1292,2585,1.0069754992960631,1479,1.479,1.0,0.9574784798888482,1551.3500245110308
nag,50,0.6483842359702696,0.4423899920061367,648.3842359702696,624,623,1247,1.0407451620710588,306,0.306,1.0,0.5274395624224879,245.51003233424305
nag,50,0.3585200790787862,0.2299834319761271,358.52007907878624,351,350,701,1.0243430830822464,80,0.08,1.0,0.2345495411077779,99.1200190115562
nag,50,2.2884757550852126,1.4843026650274322,2288.4757550852128,2295,2295,4590,0.9971571917582628,4908,4.908,1.0,1.7174755147230127,4653.101128597031
nag,50,0.9924060551580336,0.662455249204113,992.4060551580336,1023,1021,2044,0.9719941774319624,872,0.872,1.0,0.8715087250590392,1016.7518285809788
nag,50,1.6472140659722092,1.0668338181125128,1647.2140659722093,1601,1599,3200,1.030152636630525,2177,2.177,1.0,1.0365939176042254,2036.6751148077697
nag,50,1.3161453815709114,0.8684486766490497,1316.1453815709117,1360,1360,2720,0.9677539570374348,1625,1.625,1.0,0.834946089874321,1706.5324757581504
nag,50,0.6660558209035516,0.4423361471351663,666.0558209035516,682,681,1363,0.9780555373033064,399,0.399,1.0,0.4661488010673201,435.3155320218925
nag,50,1.3156834751773046,0.8486510430260673,1315.6834751773044,1318,1315,2633,1.0005197529865433,1454,1.454,1.0,0.9600322929633708,1569.3943890959292
nag,50,1.2996825942377956,0.9032525247825176,1299.6825942377957,1297,1296,2593,1.0028415078995336,1440,1.44,1.0,0.8913325712314433,1157.2756896976682
nag,50,1.896712746760446,1.2130831386574883,1896.712746760446,1980,1976,3956,0.959874871842331,3309,3.309,1.0,1.1711514969559325,3317.79656731377
nag,50,2.281671229732574,1.4245537042224814,2281.671229732574,2351,2348,4699,0.971750949630568,4669,4.669,1.0,1.3698967793107577,4800.812700915944
nag,50,0.3294394264366473,0.2209090907457401,329.43942643664735,339,338,677,0.9746728592800218,48,0.048,1.0,0.2611278530597144,46.08260431208663
nag,50,0.9654968767705968,0.6695442913797264,965.4968767705968,1006,1005,2011,0.9606934097219868,803,0.803,1.0,0.6050830048491087,681.7874521318057
nag,50,1.008949882413667,0.6476194301345607,1008.9498824136666,974,972,1946,1.038014282318587,819,0.819,1.0,0.5750710783201309,744.7012439623268
nag,50,1.5908594432379732,1.0663400600742856,1590.8594432379732,1621,1619,3240,0.982618556663356,2292,2.292,1.0,0.9860626789008936,2747.949785448184
nag,50,0.962950259398574,0.6347703891264349,962.9502593985742,1023,1022,2045,0.942221388844006,904,0.904,1.0,0.6730466212008882,816.8747377203522
nag,50,1.6213904845637657,1.1777696156215056,1621.3904845637658,1637,1634,3271,0.9922830382887184,2283,2.283,1.0,1.2690883584244597,2326.146049485515
nag,50,1.9289436183223605,1.2527105335410933,1928.9436183223604,2002,2001,4003,0.9639898142540532,3418,3.418,1.0,1.2754266429715269,3537.2735710732472
nag,50,0.3324996043676729,0.2219436174630139,332.4996043676729,343,343,686,0.969386601655023,78,0.078,1.0,0.1949507439687793,71.10908980952794
nag,50,1.9397304130059505,1.2171580807503866,1939.7304130059504,1989,1987,3976,0.9762105752420484,3606,3.606,1.0,1.3260989175813391,3645.3527270727777
nag,50,1.7047495266122528,1.1184141229354445,1704.7495266122528,1657,1655,3312,1.0300601369258324,2446,2.446,1.0,1.2599505827112711,2129.2747538814597
nag,50,1.0101864999575567,0.6321475400183431,1010.1864999575566,966,964,1930,1.0479113070099135,757,0.757,1.0,0.6048716366997285,846.6742521780427
nag,50,1.619475189021597,1.0646675638619083,1619.475189021597,1627,1626,3253,0.9959872011202934,2351,2.351,1.0,1.148210352561454,2710.631698696423
nag,50,0.3260724972383041,0.2197492237830802,326.07249723830415,313,312,625,1.0451041578150777,72,0.072,1.0,0.2076545767375254,81.0467664764778
nag,50,1.2548354428855395,0.8675962741672927,1254.8354428855396,1341,1341,2682,0.9357460424202384,1317,1.317,1.0,1.214331564638994,1241.689448615338
nag,50,1.9026276179320725,1.2796060953882722,1902.6276179320728,1940,1936,3876,0.9827621993450788,3234,3.234,1.0,1.156053768705824,2572.868187564044
nag,50,1.6733354873969168,1.142355362468484,1673.3354873969167,1667,1665,3332,1.0050062987368868,2442,2.442,1.0,1.060252307349219,2894.1986626214034
nag,50,2.1780662235970687,1.4475565177433494,2178.0662235970685,2254,2251,4505,0.967599388537125,4282,4.282,1.0,1.4589080683259332,4672.099824808121
nag,50,0.9840410003385034,0.6609004660702426,984.0410003385034,1021,1019,2040,0.9656928364460288,880,0.88,1.0,0.7045220055136671,881.0045109311585
nag,50,2.2052206422160197,1.394919706758406,2205.22064221602,2237,2235,4472,0.9866759025575031,4519,4.519,1.0,1.278197484757002,3808.848006189649
nag,50,0.9374124384526332,0.6236838368504312,937.4124384526332,1012,1010,2022,0.9281311271808248,799,0.799,1.0,0.6196607807936442,857.6950758597685
nag,50,2.9572580465442835,1.947701186865681,2957.2580465442834,2907,2902,5809,1.0190413668312486,7653,7.653,1.0,1.6915917539034206,7046.012660500665
nag,50,2.5515309957407424,1.7196864368639158,2551.5309957407426,2545,2542,5087,1.0037494082379004,5604,5.604,1.0,1.7472193747769726,4456.458160400671
nag,50,3.5255639457856023,2.2304542801425766,3525.5639457856023,3496,3489,6985,1.0104797780984816,10583,10.583,1.0,1.7289640389566368,13297.309266443888
nag,50,0.325565853893382,0.219572728672055,325.56585389338204,322,322,644,1.01107408041423,58,0.058,1.0,0.2007867831125246,64.87980853047856
nag,50,3.150696122108033,2.098482266913003,3150.696122108033,3193,3193,6386,0.986751056093966,8799,8.799,1.0,2.0765161762259505,7070.04837756889
nag,50,1.0021960386040558,0.6709905484880166,1002.1960386040558,992,991,1983,1.0112977180666558,742,0.742,1.0,0.7650196479547671,838.0625390306972
nag,50,0.6721373518701363,0.4404417686654469,672.1373518701364,676,675,1351,0.9957590398076096,354,0.354,1.0,0.3449035136134429,295.45479647567373
nag,50,1.6845034899556537,1.1018476002548154,1684.5034899556538,1652,1650,3302,1.0209112060337295,2454,2.454,1.0,1.3558937640671318,1777.7731591467034
nag,50,2.279895264118385,1.515388596722561,2279.895264118385,2252,2250,4502,1.0132867840526156,4431,4.431,1.0,1.469070294871195,3331.614753726935
nag,50,2.0117467945104415,1.3091254445204317,2011.7467945104413,1960,1956,3916,1.0285004061914322,3398,3.398,1.0,1.228114852769634,3567.434753531102
nag,50,1.2969241490407393,0.888204852205326,1296.9241490407392,1347,1345,2692,0.9642558728927428,1428,1.428,1.0,0.9414949454430908,1534.394949393589
nag,50,1.9509489895097232,1.2878763689262744,1950.948989509723,1934,1933,3867,1.009285561050038,3345,3.345,1.0,1.247801823527599,3057.696847976073
nag,50,1.660142775430587,1.0517322527367023,1660.142775430587,1653,1652,3305,1.0049290408175466,2392,2.392,1.0,1.0352780439363307,2471.616296388093
nag,50,1.9680537764963335,1.2372771723651528,1968.0537764963335,1957,1955,3912,1.0066771235275362,3442,3.442,1.0,1.412223537583554,3433.953865425384
nag,50,1.966617067163421,1.312129713202003,1966.617067163421,1964,1963,3927,1.0018426220903829,3358,3.358,1.0,1.1071023395473274,3523.9903598715327
nag,50,1.005546987961606,0.6484302968493085,1005.5469879616062,996,996,1992,1.0095853292787211,751,0.751,1.0,0.6836709749682023,921.7100303281744
nag,50,1.9035307505979624,1.34509166906638,1903.5307505979629,1985,1983,3968,0.9599247355511662,3255,3.255,1.0,1.5364856587355873,3002.065010150597
nag,50,1.976712326167862,1.3051546576277877,1976.712326167862,1912,1910,3822,1.0349279194596137,3462,3.462,1.0,1.0886399344050932,2983.2526630739344
nag,50,3.747693446789443,2.473078188029273,3747.693446789443,3827,3823,7650,0.9803017124743508,12822,12.822,1.0,2.718131548809237,13538.92123274892
nag,50,0.9550406046489656,0.650903358431298,955.0406046489654,983,982,1965,0.9725464405793944,738,0.738,1.0,0.4338254331283918,638.1241311509817
nag,50,1.9720047111263008,1.1932914836598605,1972.004711126301,1970,1967,3937,1.0025443371257248,3263,3.263,1.0,1.1828768294215373,3602.7358640301613
nag,50,1.961467063742483,1.2122266888935715,1961.4670637424829,1976,1975,3951,0.9931478803759408,3498,3.498,1.0,1.5811855706961304,3177.541204298016
nag,50,2.190883973899293,1.4348040265864463,2190.8839738992933,2300,2296,4596,0.9542177586669396,4476,4.476,1.0,1.6992687947057197,4531.814241383751
nag,50,0.3381600735852991,0.2238078382180842,338.1600735852991,344,344,688,0.9830234697247066,59,0.059,1.0,0.2533666371256214,49.04122731324062
nag,50,1.29276374408991,0.8669731109087072,1292.76374408991,1358,1356,2714,0.9533655929866592,1558,1.558,1.0,1.1089915161777082,1929.1689201095155
nag,50,1.6261375588010218,1.0916976784666677,1626.137558801022,1602,1600,3202,1.0163359742506386,2354,2.354,1.0,1.1307453710585806,2258.5690491621795
nag,50,3.2289279458330173,2.0105365626906013,3228.9279458330175,3273,3271,6544,0.987137861764909,9156,9.156,1.0,2.1066376886888,9580.858262765623
nag,50,1.67775976486153,1.1142589901782702,1677.75976486153,1629,1628,3257,1.030564966131161,2373,2.373,1.0,1.3229837215035791,2536.4322469962676
nag,50,0.659789259831393,0.4379196176502246,659.789259831393,646,644,1290,1.0245174842102376,338,0.338,1.0,0.4486035062219754,333.38673283767747
nag,50,0.9110921526196052,0.6207251087244547,911.092152619605,973,972,1945,0.9373376055757252,758,0.758,1.0,0.6478040855340214,669.9892572739727
nag,50,0.9447935386601782,0.66156897895919,944.7935386601782,969,967,1936,0.9770357173321388,783,0.783,1.0,0.7309178020519868,709.4024420642954
nag,50,0.6477251716468367,0.4160861982705492,647.7251716468368,656,654,1310,0.9904054612336952,312,0.312,1.0,0.3709265142071385,381.6146676315827
nag,50,0.6942488931053709,0.4368014858020327,694.2488931053708,714,713,1427,0.9737011123497488,361,0.361,1.0,0.4283239384511526,367.2487542530964
nag,50,0.979824077179718,0.6492857952017532,979.824077179718,974,972,1946,1.0080494621190514,824,0.824,1.0,0.6788692237426476,731.9288913088831
nag,50,0.3509779780862024,0.2277924369847236,350.9779780862025,340,340,680,1.032288170841772,102,0.102,1.0,0.2542678759807164,96.089068518639
nag,50,2.517669189090686,1.6418012777633824,2517.669189090686,2563,2562,5125,0.9826967951173636,5730,5.73,1.0,1.4644745816028435,6063.3077059192
nag,50,2.190125004837813,1.4280307974716562,2190.125004837813,2159,2157,4316,1.015356979526107,4072,4.072,1.0,1.1748706076496396,4262.561717671323
nag,50,2.0383158324172626,1.3479960022460546,2038.3158324172628,1971,1968,3939,1.0357295896429182,3446,3.446,1.0,1.384942723161233,3912.9849050251064
nag,50,1.023419171946495,0.6679625456730047,1023.419171946495,984,983,1967,1.0411181810239014,888,0.888,1.0,0.7349305451470534,917.3942815408462
nag,50,1.68826885513728,1.0512695146058149,1688.26885513728,1702,1700,3402,0.9930993265513413,2461,2.461,1.0,0.7295168070835546,2705.5866138941024
nag,50,1.5453017312951545,1.0464696834360738,1545.3017312951545,1572,1572,3144,0.983016368508368,2258,2.258,1.0,1.2557016582275975,1975.7242262353393
nag,50,1.3244438458441468,0.8972887199340681,1324.4438458441468,1337,1335,2672,0.992092768422582,1504,1.504,1.0,1.109189652862692,1373.1549525627618
nag,50,0.3472093505972825,0.2266550174550958,347.20935059728254,339,338,677,1.0272465994002442,67,0.067,1.0,0.2595655295463222,76.32539435463467
nag,50,2.898741026217855,1.8155656754261909,2898.7410262178546,2816,2811,5627,1.0312134564987032,7465,7.465,1.0,2.6457794935784205,6163.175480959569
nag,50,1.8952515376429129,1.2112782864350953,1895.2515376429128,1969,1968,3937,0.963034317907984,3164,3.164,1.0,1.166004286138946,3160.279181874355
nag,50,2.830872490273729,1.9722322266031196,2830.872490273729,2881,2880,5761,0.9829418369006004,7148,7.148,1.0,2.000928032791415,5599.465418817326
nag,50,2.226714143882438,1.534121176831592,2226.714143882438,2214,2211,4425,1.007107256391876,4345,4.345,1.0,1.3134952673058595,4738.277371885642
nag,50,1.3265956842439466,0.8289746789169465,1326.5956842439466,1338,1337,2675,0.9922181632340664,1482,1.482,1.0,0.5883852414899894,1656.0068247477095
nag,50,0.6452120265753442,0.4419111198483494,645.2120265753441,641,640,1281,1.0081437915239753,320,0.32,1.0,0.483194956887684,295.6128429000641
nag,50,0.6756278323082043,0.4365739777265238,675.6278323082043,663,662,1325,1.0205858494081637,366,0.366,1.0,0.5302699297734972,373.2225671133762
nag,50,2.298194722188604,1.4179681176490933,2298.194722188604,2256,2254,4510,1.019607241432389,4843,4.843,1.0,1.065625412261592,5097.234646548458
nag,50,1.6434548291784536,1.0326147580534175,1643.4548291784536,1641,1638,3279,1.0033301765436224,2389,2.389,1.0,0.7923670443036906,2595.63607715638
nag,50,1.9763374453542364,1.246212025734059,1976.3374453542365,1962,1960,3922,1.0083354313031818,3397,3.397,1.0,1.2521378697812937,4077.767457505965
nag,50,0.3502261483204049,0.2275677933530586,350.22614832040495,331,331,662,1.0580850402429152,65,0.065,1.0,0.2791133703609382,76.39037095858852
nag,50,0.9991199331131276,0.6560947335245995,999.1199331131278,999,997,1996,1.0021263120492756,854,0.854,1.0,0.6310342171309626,944.6173127481866
nag,50,2.6074298144672157,1.6886807397685384,2607.4298144672157,2605,2602,5207,1.002086784960498,6036,6.036,1.0,1.6323922333844731,7962.363783738183
nag,50,0.3070157689935652,0.2127570865828549,307.0157689935652,329,328,657,0.9360236859559914,46,0.046,1.0,0.3107138245432159,44.66524141011935
nag,50,1.016672384521966,0.6631042461934258,1016.672384521966,963,963,1926,1.0557345633665276,874,0.874,1.0,0.6796770028591635,885.5510022401081
nag,50,1.6475780462503495,1.0704711013959531,1647.5780462503496,1642,1640,3282,1.0046207599087498,2410,2.41,1.0,0.8347152362562145,2131.13052518513
nag,50,1.9917661476896351,1.3397140079532144,1991.766147689635,1982,1979,3961,1.0064508073216951,3352,3.352,1.0,1.5294265604290629,2844.8410722099443
nag,50,2.2266133687305603,1.444445057624992,2226.61336873056,2294,2292,4586,0.971471801365864,4899,4.899,1.0,1.2366353904828469,6350.575332517485
nag,50,1.8928600468032049,1.2345323972726885,1892.8600468032048,1894,1893,3787,0.9999260680418408,3203,3.203,1.0,1.110246181946144,3111.114564189004
nag,50,2.2264077267268787,1.4834466852961403,2226.4077267268785,2246,2243,4489,0.9926026423213904,4364,4.364,1.0,1.0370089629862536,4985.223897271374
nag,50,0.3291081928228888,0.220795990239741,329.1081928228888,348,348,696,0.9457131977669218,88,0.088,1.0,0.1881053023149988,94.55352305237967
nag,50,1.3626840421399948,0.8252120799434742,1362.6840421399947,1326,1325,2651,1.0284407865207508,1641,1.641,1.0,0.8961778595464491,1738.6588475436315
nag,50,1.2644811631152575,0.8488857105370424,1264.4811631152577,1336,1334,2670,0.9478869288720072,1456,1.456,1.0,0.7717927983595756,1067.0224565165029
nag,50,0.7047095561790002,0.4414795989532737,704.7095561790002,685,685,1370,1.0287730747138688,403,0.403,1.0,0.340600886025782,446.6837011618136
nag,50,1.6174849911532256,1.0132995520325043,1617.4849911532256,1625,1624,3249,0.9959882950450896,2350,2.35,1.0,1.0161875417261204,2758.5090137430934
nag,50,3.1594092108143297,2.1715451232122533,3159.4092108143295,3218,3216,6434,0.98240336157162,8974,8.974,1.0,2.472139348209802,9628.647833159206
nag,50,2.5721136172457326,1.7703796124104996,2572.1136172457327,2588,2585,5173,0.995014938973204,5914,5.914,1.0,1.947392053205886,7279.427831268485
nag,50,0.6708238725850681,0.4400431435222315,670.8238725850681,693,693,1386,0.9679998161400694,367,0.367,1.0,0.3967054447721468,391.368072891966
nag,50,0.3990376375196867,0.2398066013623938,399.0376375196867,352,352,704,1.1336296520445646,84,0.084,1.0,0.2054557627599521,58.26339873870021
nag,50,1.3601153749434007,0.8784147028591591,1360.1153749434006,1389,1388,2777,0.9799102124952456,1606,1.606,1.0,0.8883809262288028,1463.9968688820677
nag,50,1.9647602561637336,1.2879950556047317,1964.7602561637336,1921,1917,3838,1.0249140616399235,3396,3.396,1.0,1.5704925447426474,3715.164156197685
nag,50,1.3019336722244934,0.8192833361775245,1301.9336722244934,1356,1353,2709,0.962256963950106,1500,1.5,1.0,0.7025751986375813,1424.138446965652
nag,50,3.8470392163566713,2.352538151192907,3847.039216356671,3773,3770,7543,1.0204348053996477,13305,13.305,1.0,2.5242174052022963,13327.206153121617
nag,50,1.6563605322013268,1.1145856111612915,1656.3605322013268,1644,1642,3286,1.0087457565172515,2357,2.357,1.0,0.9449446387499962,2526.6137759780186
nag,50,1.7018689330655143,1.1662562244699324,1701.8689330655145,1668,1665,3333,1.0221435033426511,2567,2.567,1.0,1.1281241290257569,3067.6825773373166
nag,50,2.621130092549025,1.7557086260331487,2621.130092549025,2593,2592,5185,1.0112384616315684,6044,6.044,1.0,1.7988616966511437,6136.26171270571
nag,50,1.9505730360996645,1.3498259051778363,1950.5730360996645,1900,1899,3799,1.027157996892925,3054,3.054,1.0,1.4612957355566845,3403.4285181579394
nag,50,1.6655312824286554,1.0790817613197097,1665.5312824286557,1700,1698,3398,0.9808782582029772,2582,2.582,1.0,1.037181770941963,1963.30088940893
nag,50,1.9892028216819184,1.271072611758668,1989.2028216819187,2010,2005,4015,0.9921211080707824,3479,3.479,1.0,1.6514387111399813,3701.7961847546767
nag,50,2.5976152656387055,1.6083985482884604,2597.6152656387053,2576,2573,5149,1.00956675695247,6229,6.229,1.0,1.6220182641963985,5379.398411611012
nag,50,1.978770946888574,1.2741435890762436,1978.770946888574,1904,1900,3804,1.0414583930992496,3292,3.292,1.0,1.4984420807561136,3786.872881012539
nag,50,2.045440678550703,1.3172766880512932,2045.440678550703,1942,1940,3882,1.0543508652323212,3326,3.326,1.0,1.771480310926148,3523.481249430085
nag,50,1.6391123934771732,1.0427461089217032,1639.112393477173,1600,1599,3199,1.0250859246261246,2181,2.181,1.0,1.1222936699992254,2344.644640344245
nag,50,0.9729844539792272,0.6380303009686001,972.9844539792272,1001,1001,2002,0.9720124415376896,843,0.843,1.0,0.7304283628243934,753.4992888004869
nag,50,1.3185511476027392,0.899774028823935,1318.551147602739,1332,1331,2663,0.9906469929396988,1445,1.445,1.0,0.8246811414114551,1556.85847376655
nag,50,2.0071548730607702,1.300787691139672,2007.1548730607703,1928,1926,3854,1.042136486532072,3362,3.362,1.0,1.3335168472714332,3470.6219778095515
nag,50,1.976640670737141,1.3097805410728671,1976.640670737141,1927,1923,3850,1.027894264553895,3388,3.388,1.0,1.3373704131206727,3838.303356497798
nag,50,2.9181490605417784,1.863929473495084,2918.1490605417785,2934,2933,5867,0.9949366043442818,7447,7.447,1.0,1.6452479532341202,8607.55833543552
nag,50,1.7190337132224114,1.0664502366825932,1719.0337132224113,1628,1628,3256,1.0559175142643804,2463,2.463,1.0,0.7105718649037147,2756.491617128984
nag,50,1.6279823458046652,1.0903591588820554,1627.982345804665,1619,1617,3236,1.0067918032187169,2390,2.39,1.0,0.9893706097743232,2118.8298427469563
nag,50,2.923281046997825,1.794804577964174,2923.281046997825,2871,2869,5740,1.018919849075575,7335,7.335,1.0,1.897867025836432,8722.982077665083
nag,50,2.024758985463712,1.3417951808229354,2024.7589854637115,1924,1921,3845,1.0540130064881372,3432,3.432,1.0,1.3134750223072378,4335.250680694407
nag,50,0.6805666779942486,0.4303029941142575,680.5666779942486,691,691,1382,0.984901125896163,327,0.327,1.0,0.3958816197575115,250.99858673901437
nag,50,1.3172979969562395,0.8292997354578477,1317.2979969562398,1273,1271,2544,1.036426433482486,1449,1.449,1.0,0.9235661154707998,1207.7562547352231
nag,50,1.949547458943407,1.3086228437212886,1949.547458943407,1906,1905,3811,1.0233844928836782,3446,3.446,1.0,1.2882780869011747,3592.980399774368
nag,50,1.995223989115014,1.2774918991103714,1995.223989115014,1976,1973,3949,1.0112640593588516,3329,3.329,1.0,1.3616280169604549,2888.379249833254
nag,50,1.8767044586823107,1.2419666787486177,1876.7044586823108,1902,1899,3801,0.9882593252671464,3160,3.16,1.0,1.0333811910741404,3156.155342917052
nag,50,1.0126288377223305,0.6843035457414971,1012.6288377223306,972,972,1944,1.0417992157637146,799,0.799,1.0,0.9430375276270496,917.1201837855394
nag,50,2.6290704528955686,1.7822562123127,2629.0704528955685,2588,2585,5173,1.0170485311008002,5863,5.863,1.0,1.7541551855657689,5125.846264511682
nag,50,2.819106090181276,1.9290732313539063,2819.1060901812757,2900,2897,5797,0.9731122161481794,7400,7.4,1.0,2.1903171838569424,5654.041143349124
nag,50,0.6471248403328702,0.4594681057944885,647.1248403328702,641,640,1281,1.0111325630201098,365,0.365,1.0,0.4795870081287236,392.9825645608802
nag,50,2.593077596103895,1.6763053037746958,2593.0775961038953,2610,2609,5219,0.993897123842045,6103,6.103,1.0,2.0199555053729847,5258.473931434907
nag,50,0.6420221946372842,0.4327254290182025,642.0221946372842,647,647,1294,0.9923063286511348,331,0.331,1.0,0.4496670294686884,334.9362137185107
nag,50,1.6387226459412632,1.0745679958745458,1638.7226459412632,1633,1632,3265,1.0041192683463622,2449,2.449,1.0,1.0165539873746736,2378.911655193589
nag,50,0.9592065619136896,0.6643258442839949,959.2065619136896,1034,1033,2067,0.9285639515137364,774,0.774,1.0,0.562323901502428,752.210426360746
nag,50,1.2834140787727824,0.8557397839329469,1283.4140787727824,1326,1325,2651,0.968614399073798,1442,1.442,1.0,0.9596118245462576,1327.2709113533288
nag,50,1.3222940437367192,0.8382130371467279,1322.2940437367192,1309,1308,2617,1.0109281679944335,1472,1.472,1.0,0.9478754491574668,2002.8308178526245
nag,50,1.9428692300434336,1.3342504947834923,1942.8692300434336,1983,1982,3965,0.9802569273680292,3411,3.411,1.0,1.407985877260722,3179.2018455288026
nag,50,0.9787094822472708,0.6702308103057689,978.7094822472708,978,977,1955,1.0017497259439825,869,0.869,1.0,0.7902841711137296,719.3173002396164
nag,50,2.553685593980568,1.7153747760478475,2553.685593980568,2674,2672,5346,0.9557206564298534,6208,6.208,1.0,1.9036105454677323,7207.67829437393
nag,50,1.015679102285603,0.6780667382563293,1015.6791022856032,1017,1016,2033,0.9996841557929166,882,0.882,1.0,0.7806829514834208,796.5724280451783
nag,50,2.290537290861826,1.5422901656713193,2290.5372908618256,2295,2292,4587,0.9993618197477424,4787,4.787,1.0,1.694856209131335,5082.476070918208
nag,50,2.021189708284417,1.3714565768416962,2021.189708284417,1930,1929,3859,1.047791450639926,3507,3.507,1.0,1.330555857377625,4071.134001421831
nag,50,0.9828092753736274,0.6708413639129385,982.8092753736274,975,973,1948,1.0100814752041392,788,0.788,1.0,0.8298105745625864,710.9944260971985
nag,50,1.397689130844846,0.9224785889239197,1397.689130844846,1326,1325,2651,1.0548597213923363,1662,1.662,1.0,0.7849485627207757,1416.3578197749714
nag,50,2.594003169904123,1.7711170986257108,2594.003169904123,2534,2532,5066,1.0244878238167945,5847,5.847,1.0,2.028414656206833,7276.593692399949
nag,50,0.9807335589760566,0.6477255525936264,980.7335589760568,1031,1029,2060,0.9530938376832426,875,0.875,1.0,0.778918003068255,828.8117648041167
nag,50,0.6726808282204992,0.4393299779649807,672.6808282204993,660,659,1319,1.0207599821251885,365,0.365,1.0,0.5043328865705378,432.0900469284992
nag,50,0.6436109061777707,0.4487760850884645,643.6109061777707,676,676,1352,0.9520871393162288,330,0.33,1.0,0.412887326408637,333.5021292584758
nag,50,1.0073637839153264,0.6525752012821053,1007.3637839153264,984,984,1968,1.0237436828407789,906,0.906,1.0,0.8177464077615287,995.1097228501668
nag,50,1.650058922190261,1.07832643210228,1650.058922190261,1645,1642,3287,1.004907991589684,2496,2.496,1.0,1.3041012770588345,3242.803812360964
nag,50,2.3289217795054085,1.4911887235085015,2328.9217795054083,2245,2241,4486,1.0392332795651085,4652,4.652,1.0,1.7798099066225777,4783.064353531432
nag,50,2.271560341422151,1.4919762389324125,2271.560341422151,2345,2343,4688,0.9695093219898212,4559,4.559,1.0,1.2877690276912095,4046.384457434299
nag,50,1.690433485371001,1.1081143310079935,1690.433485371001,1647,1646,3293,1.0269948270783724,2499,2.499,1.0,1.0823038973911443,1234.2779322965405
nag,50,1.2874335168430904,0.83196570645616,1287.4335168430905,1305,1305,2610,0.9865390933663528,1441,1.441,1.0,0.9599952078512384,1596.733688727345
nag,50,0.6675881646664298,0.4497774518266496,667.5881646664297,703,702,1405,0.9509802915476208,376,0.376,1.0,0.3818996838751414,310.94292695456465
nag,50,1.277167636857229,0.868529075744338,1277.167636857229,1330,1329,2659,0.9609989743094272,1493,1.493,1.0,0.8745078892705486,1494.276979234407
nag,50,1.66503913102405,1.1184907078579995,1665.03913102405,1632,1632,3264,1.020244565578462,2362,2.362,1.0,1.004791300198458,1883.4963841087504
nag,50,2.597563490665435,1.654231543609011,2597.563490665435,2608,2605,5213,0.997145293921472,6203,6.203,1.0,1.6924342219654402,5648.814426901444
nag,50,1.280640634450856,0.8714385796864954,1280.6406344508562,1297,1295,2592,0.988911686834638,1434,1.434,1.0,1.0609546257527198,1323.687092594459
nag,50,2.872273264129613,1.845918460409891,2872.273264129613,2908,2904,5812,0.9890748154716298,7560,7.56,1.0,2.1906784867448765,8182.049569502192
nag,50,1.9621382320138103,1.258474775869046,1962.1382320138105,1925,1923,3848,1.0203526947549717,3424,3.424,1.0,1.0716613381968687,3541.772768599885
nag,50,1.6317690189589686,1.0425359672850385,1631.769018958969,1681,1678,3359,0.9724487598086822,2314,2.314,1.0,1.265303006772492,2060.0126487893867
nag,50,1.6611682773320948,1.0812168790067846,1661.168277332095,1678,1677,3355,0.990559497514666,2396,2.396,1.0,1.1611306586963337,2426.4135346505295
nag,50,0.6742686717264171,0.4532932604317349,674.2686717264171,696,696,1392,0.968776827193128,352,0.352,1.0,0.5430876811614809,290.40298290321766
nag,50,2.849785730886359,1.8238975689707584,2849.7857308863586,2958,2955,5913,0.9643944943777863,7619,7.619,1.0,2.2188150082391203,7832.3082513375475
nag,50,1.656413352581548,1.060709057072455,1656.413352581548,1666,1665,3331,0.994842854403332,2363,2.363,1.0,0.9859296819256176,2252.898236523547
nag,50,1.3626229093457225,0.8689775086665208,1362.6229093457223,1322,1319,2641,1.0330727136813669,1593,1.593,1.0,0.641439454750859,1518.4752395002376
nag,50,1.5833771654032889,1.0653222409818968,1583.377165403289,1654,1652,3306,0.9584607538760828,2482,2.482,1.0,1.1719811265286189,2260.75008885053
nag,50,1.2960902024488228,0.8455870963070963,1296.0902024488228,1328,1328,2656,0.9759715379885714,1372,1.372,1.0,0.712282395186198,1724.2010991618026
nag,50,1.675227386071892,1.0823819130544827,1675.227386071892,1626,1625,3251,1.030909160659626,2373,2.373,1.0,1.061289606790353,2152.80099126484
nag,50,1.2879936136456178,0.8427036831237706,1287.993613645618,1314,1314,2628,0.9802082295628752,1355,1.355,1.0,0.8966400913950371,1200.8911728150906
nag,50,0.9597938363950048,0.6554730904332039,959.793836395005,1007,1005,2012,0.955018742681597,793,0.793,1.0,0.7080475283796134,775.4901388282718
nag,50,2.5037737567646516,1.761518771780914,2503.773756764652,2514,2513,5027,0.9963285940169724,5749,5.749,1.0,1.920135493884368,4666.441423127239
nag,50,2.205730519946345,1.3664742822833305,2205.730519946345,2241,2239,4480,0.9851409200296316,4419,4.419,1.0,0.9963334361786976,4631.01413318232
nag,50,1.30888272295885,0.909473060637939,1308.88272295885,1301,1299,2600,1.007607946850539,1553,1.553,1.0,0.9504115598273518,1887.0632282245565
nag,50,2.2966234142179536,1.423107447912498,2296.6234142179537,2228,2225,4453,1.032190298524923,4651,4.651,1.0,1.3740106181563323,5929.773008642922
nag,50,1.005941155906835,0.6576069259493488,1005.9411559068348,966,965,1931,1.0424260682972382,720,0.72,1.0,0.7431450153672173,932.0213653085644
nag,50,2.6087543433993385,1.6908817764437662,2608.7543433993387,2591,2588,5179,1.008019452627256,6187,6.187,1.0,1.4693631943501646,6809.703048939874
nag,50,0.9749515362894138,0.6465814595662509,974.9515362894138,952,952,1904,1.024108756606527,745,0.745,1.0,0.5663301256605162,759.5453217401258
nag,50,1.662222401867612,1.036678477773512,1662.222401867612,1645,1645,3290,1.0104695452082748,2443,2.443,1.0,0.8864077509292903,2113.443691999931
nag,50,2.63858111285254,1.645708093743232,2638.58111285254,2513,2513,5026,1.049972587685054,5815,5.815,1.0,1.7169427831565045,7208.302675227459
nag,50,0.6511885690964037,0.4450480547055872,651.1885690964036,680,680,1360,0.9576302486711818,348,0.348,1.0,0.4419690147182379,319.56309365230504
nag,50,1.5954399782490531,1.0450530602161017,1595.4399782490532,1645,1644,3289,0.97046227387412,2440,2.44,1.0,1.205395552607335,2370.697199263414
nag,50,2.006550771874158,1.3251224840002087,2006.5507718741585,1940,1937,3877,1.0359064387579546,3493,3.493,1.0,1.2579719287664226,2958.490756934036
nag,50,0.9972473002339312,0.6465060464531638,997.2473002339312,986,986,1972,1.0114069982088552,863,0.863,1.0,0.702191858190613,709.4396876812349
nag,50,1.3156933939067947,0.8908612386979592,1315.6933939067949,1371,1371,2742,0.9596596600341316,1570,1.57,1.0,0.7259525900984335,1597.770025083364
nag,50,1.6589767326161875,1.0966495093103426,1658.9767326161875,1645,1642,3287,1.010339057622526,2384,2.384,1.0,1.3040427511902422,2362.0555846872476
nag,50,1.8641749328861843,1.2344685232289818,1864.1749328861845,1890,1887,3777,0.9879040449847292,3210,3.21,1.0,1.247314827830975,3673.62455865369
nag,50,2.527391603378368,1.651568284134774,2527.391603378368,2597,2596,5193,0.9735714959084624,5794,5.794,1.0,1.2141041073511478,5784.632271263287
nag,50,2.0140398007971014,1.2571811056136333,2014.0398007971016,1970,1968,3938,1.0233942077221043,3389,3.389,1.0,1.426447682441923,3876.630766753083
nag,50,1.6188140680615557,1.1383553215833555,1618.8140680615556,1633,1631,3264,0.9925285518464474,2352,2.352,1.0,1.2244662987577184,2495.0446780323273
nag,50,2.276930261943641,1.509581112506824,2276.930261943641,2321,2320,4641,0.981435457734328,4790,4.79,1.0,1.5266649967336012,5222.477049533897
nag,50,2.2029703284566566,1.505860782995288,2202.9703284566567,2209,2206,4415,0.99862662214717,4480,4.48,1.0,1.0945124289437358,5507.448476761521
nag,50,1.8685864850046656,1.2078557804236292,1868.5864850046655,1962,1960,3922,0.9533604515329926,3044,3.044,1.0,1.0735824653504016,2757.602400188201
nag,50,2.343731425576784,1.5775548387009055,2343.731425576784,2285,2282,4567,1.0270514573079683,4799,4.799,1.0,2.337054579325642,4688.446762760408
nag,50,2.0071643232296883,1.2814869249955032,2007.1643232296883,1932,1931,3863,1.039442943153645,3442,3.442,1.0,1.2371505424622642,3984.850817978584
nag,50,1.3224464134825828,0.8767891892572122,1322.4464134825828,1342,1341,2683,0.9861643650131116,1524,1.524,1.0,0.9857141089314992,1509.072090014302
nag,50,1.2835016200586276,0.8636492471912978,1283.5016200586276,1333,1332,2665,0.9635898048488196,1497,1.497,1.0,0.9377268315476126,1554.3069929174617
nag,50,1.24121666185711,0.8339619864808431,1241.2166618571098,1369,1369,2738,0.9066593585515776,1437,1.437,1.0,0.8230771742159785,1774.1529314534655
nag,50,1.891055136838132,1.3151334608400802,1891.055136838132,1908,1905,3813,0.9926798618572872,3051,3.051,1.0,1.2301500569537307,3326.6813205822336
nag,50,1.5772282212523372,1.0676270302441426,1577.228221252337,1608,1607,3215,0.9814736908850884,2355,2.355,1.0,0.8900443587522303,2143.40522079744
nag,50,0.9855641088434002,0.6826050694868975,985.5641088434002,977,976,1953,1.009799291847746,817,0.817,1.0,0.5937361786067167,896.9584054843605
nag,50,2.2595025999525387,1.5127941458897385,2259.5025999525387,2228,2228,4456,1.0141394075190928,4357,4.357,1.0,1.3547360225238418,4706.983990290035
nag,50,1.01939297700264,0.6709035518987525,1019.39297700264,995,993,1988,1.0265790302141389,827,0.827,1.0,0.5462268642021532,697.5053918384053
nag,50,1.3321891083068822,0.8770411531677482,1332.1891083068822,1353,1352,2705,0.985346973599765,1722,1.722,1.0,0.9669543663206184,1607.0323071953353
nag,50,2.002723304364115,1.3363310119876877,2002.723304364115,2004,2001,4005,1.0008612215712718,3490,3.49,1.0,1.3122982699338674,4353.055875250705
nag,50,1.3218648684037848,0.8640715716178531,1321.8648684037848,1326,1325,2651,0.9976338629462528,1527,1.527,1.0,0.9886676912301704,1584.7157386876827
nag,50,1.6504707987838956,1.0593031257254062,1650.4707987838956,1603,1601,3204,1.0308999367794476,2337,2.337,1.0,1.229150219725994,1879.7656871853496
nag,50,0.3079718220745158,0.2131251788826185,307.9718220745158,341,340,681,0.9057994766897524,65,0.065,1.0,0.2253496199028291,73.35204613272374
nag,50,1.629926931791803,1.055308606768343,1629.926931791803,1668,1666,3334,0.9783474980743117,2379,2.379,1.0,1.007953174525675,2206.1220506049112
nag,50,1.9519624627594323,1.3115912288424925,1951.9624627594324,2033,2032,4065,0.960611448208382,3531,3.531,1.0,0.9767735974378496,3564.881878957181
nag,50,1.9398601559514823,1.2134680944970282,1939.8601559514825,1969,1966,3935,0.9867040467708456,3160,3.16,1.0,1.253399276035699,2493.8388100970133
nag,50,0.638971591578074,0.4239699326784126,638.971591578074,668,668,1336,0.956544298769572,323,0.323,1.0,0.4147356392748244,284.6010310981398
nag,50,0.9814638526101096,0.631476064843467,981.4638526101096,997,996,1993,0.9854054745081422,812,0.812,1.0,0.4387638101558449,802.119504219203
nag,50,1.326830452117023,0.8369929492445329,1326.830452117023,1372,1370,2742,0.968489381107316,1634,1.634,1.0,0.6648032604703572,1631.5720480594591
nag,50,3.147382581980439,2.072069855834968,3147.3825819804388,3215,3209,6424,0.98079856091631,8859,8.859,1.0,1.6807506289220224,7343.870608309634
nag,50,0.9721368362959384,0.6644481926781503,972.1368362959385,977,977,1954,0.9950223503540824,817,0.817,1.0,0.7052059265346066,800.1052306897757
nag,50,1.983816679098916,1.2169690404469056,1983.816679098916,1965,1963,3928,1.010604523229198,3485,3.485,1.0,1.2854679846662078,3474.1788996445125
nag,50,2.018891041051696,1.3082850385927056,2018.891041051696,1952,1950,3902,1.0353287390008696,3395,3.395,1.0,1.43299203689693,3916.9635667716134
nag,50,1.6334961827137922,1.019191796786039,1633.4961827137922,1592,1590,3182,1.027356089757102,2271,2.271,1.0,0.8809950926369244,2807.5598608426526
nag,50,1.3706049855444773,0.9099893669415788,1370.6049855444774,1340,1340,2680,1.0228395414511025,1682,1.682,1.0,1.052994217380526,1583.23928674668
nag,50,2.2960669830794824,1.5465233974450343,2296.0669830794823,2254,2253,4507,1.0191153941764235,4521,4.521,1.0,1.3668975299337836,4851.445800353757
nag,50,0.9733682100165992,0.6386992284462265,973.3682100165992,953,952,1905,1.022445598756932,722,0.722,1.0,0.7176972914417208,590.2743206207224
nag,50,2.532358591213995,1.5934890526138956,2532.358591213995,2604,2601,5205,0.973609608309879,5754,5.754,1.0,1.707971740836312,6654.14077564115
nag,50,2.2785711659584216,1.557139211586501,2278.5711659584217,2325,2323,4648,0.980874371914947,4606,4.606,1.0,1.2453811415330849,5068.922871529755
nag,50,1.280703677623657,0.8422239023996912,1280.7036776236573,1277,1277,2554,1.0029002957115565,1392,1.392,1.0,0.659199370886905,1433.687034368815
nag,50,1.2866301888362246,0.8840309149435642,1286.6301888362243,1327,1327,2654,0.9695781377816312,1448,1.448,1.0,0.8491981659133606,1533.9101728622109
nag,50,2.0029220884216254,1.293566661448435,2002.9220884216256,1962,1960,3922,1.0218990247049111,3328,3.328,1.0,1.3151021157284508,3423.645001141819
nag,50,1.2832995000653122,0.8845885879315853,1283.2995000653125,1285,1284,2569,0.9994544393032028,1424,1.424,1.0,1.154862141844314,1527.139318779511
nag,50,0.9830844335089112,0.6568334469607707,983.0844335089112,991,989,1980,0.9940186385327716,849,0.849,1.0,0.5417144941879376,826.3739568429808
nag,50,1.045996470562371,0.6473311329519691,1045.996470562371,1002,1001,2003,1.0449515190433278,912,0.912,1.0,0.6406736056976245,792.4413089935042
nag,50,1.6295434470925707,1.1572018863531648,1629.543447092571,1643,1640,3283,0.993624053105226,2251,2.251,1.0,1.0326220988524708,2538.1036918438845
nag,50,0.9670743817707372,0.6721741252470792,967.0743817707372,950,949,1899,1.0190457131409243,775,0.775,1.0,0.7282016200665186,623.5122770904803
nag,50,1.3023014565470936,0.885594746819515,1302.3014565470935,1318,1316,2634,0.9895907724521988,1450,1.45,1.0,0.8096840049885563,1734.1650590000684
nag,50,2.265467779832429,1.5179661001648714,2265.467779832429,2273,2270,4543,0.9980034272389556,4667,4.667,1.0,1.3189452216590951,5111.18081259275
nag,50,2.324500512545833,1.5544660074949384,2324.500512545833,2271,2269,4540,1.0244603404785513,4742,4.742,1.0,1.5200355063374646,4825.443513781103
nag,50,1.9462708275450376,1.2492921855219905,1946.2708275450375,1925,1925,3850,1.0110497805428766,3262,3.262,1.0,1.2838407863059746,3427.5451229299415
nag,50,1.6039866497837163,0.976507622413473,1603.9866497837163,1641,1641,3282,0.9774446372844098,2249,2.249,1.0,0.938362864273181,2296.5460696987097
nag,50,1.9513690886401232,1.1971391567471406,1951.3690886401232,1981,1978,3959,0.9865364452174538,3289,3.289,1.0,1.444986088785964,3771.4751827259392
nag,50,1.8677904269149577,1.2806352821189426,1867.7904269149576,1906,1901,3807,0.9825304718121818,3196,3.196,1.0,1.250153581400118,2729.7944307199377
nag,50,1.3551365956499717,0.8517532490618032,1355.1365956499717,1346,1345,2691,1.0075365023419864,1581,1.581,1.0,0.8180096389359363,1414.9001149251983
nag,50,1.9813523922799336,1.2096048343582018,1981.3523922799336,1949,1945,3894,1.0186901759794005,3546,3.546,1.0,1.1810823114189066,3527.3074586401553
nag,50,1.9177350478629545,1.256608700643305,1917.7350478629544,1961,1959,3920,0.978935705902478,3222,3.222,1.0,1.2771269988484963,3086.7475802699746
nag,50,0.6678705746406172,0.4448423058947453,667.8705746406172,662,661,1323,1.0103942127694665,387,0.387,1.0,0.4811037345128288,425.1449628486012
nag,50,1.3531698442501712,0.9155433839796364,1353.169844250171,1323,1322,2645,1.0235777944403714,1589,1.589,1.0,1.0213785848009498,1833.928874896602
nag,50,0.6519459472358053,0.4381934691356884,651.9459472358053,686,686,1372,0.9503585236673546,339,0.339,1.0,0.4773305697551475,363.92323582983965
nag,50,1.61189345797679,1.0583339306844353,1611.8934579767902,1662,1660,3322,0.9710201554077048,2340,2.34,1.0,0.81710992189203,1951.417300760713
nag,50,2.665904144233558,1.773133002241501,2665.9041442335574,2632,2628,5260,1.0144231903476246,6471,6.471,1.0,2.0779827979621635,8320.512238958416
nag,50,1.0153748621448822,0.6879850243662187,1015.3748621448822,975,975,1950,1.041410115020392,828,0.828,1.0,0.7155588838836672,926.2742653306728
nag,50,1.0112188581591253,0.6511707383287646,1011.2188581591254,999,998,1997,1.0132453488568391,848,0.848,1.0,0.7189039952237035,856.5927513659327
nag,50,1.959598348950008,1.38135533919089,1959.598348950008,1923,1921,3844,1.0200928417230652,3281,3.281,1.0,1.437613319643616,3445.197732118156
nag,50,1.0110665987111938,0.6409877373112703,1011.0665987111938,995,995,1990,1.0161473353881345,913,0.913,1.0,0.4637649301459851,1206.8651727896702
nag,50,1.6726187572344084,1.0731767692918974,1672.6187572344083,1620,1620,3240,1.0324807143422274,2378,2.378,1.0,1.1735179735648968,2706.445468605319
nag,50,2.9261540971527182,1.8421346334917723,2926.1540971527184,2875,2873,5748,1.018501252054549,7797,7.797,1.0,1.7078018612735155,7625.11554951023
nag,50,2.3027904603649674,1.4321376511301696,2302.790460364967,2215,2212,4427,1.041044511919063,4518,4.518,1.0,1.188667547142486,4735.938101424196
nag,50,2.8814937378235976,1.9582031398187505,2881.4937378235977,2854,2851,5705,1.0106958042173264,7195,7.195,1.0,2.21935133100343,7928.400071388856
nag,50,0.6421822800988837,0.4343615922008488,642.1822800988837,671,669,1340,0.9599137221209024,353,0.353,1.0,0.416311110256691,274.02374346033287
nag,50,0.9894692741086912,0.6851527162346119,989.4692741086913,1025,1025,2050,0.965335877179211,836,0.836,1.0,0.7146847357477362,948.6393118550002
nag,50,1.6076246964427563,1.055937054830075,1607.6246964427564,1618,1616,3234,0.9948172626502204,2272,2.272,1.0,0.9728011968524526,2202.2044581626183
nag,50,1.9453857084977872,1.256655823297452,1945.3857084977872,2018,2017,4035,0.9644946497262208,3356,3.356,1.0,1.327282434217077,2796.2928401761833
nag,50,2.226592982867113,1.502211639650824,2226.5929828671133,2263,2260,4523,0.985218134011997,4290,4.29,1.0,1.467997974868419,4241.877673350885
nag,50,1.603973032281984,1.037713218943372,1603.9730322819842,1638,1637,3275,0.979824699011597,2329,2.329,1.0,1.3744528481188651,2549.099104856579
nag,50,1.2896120119534766,0.8224936752185651,1289.612011953477,1336,1334,2670,0.9667256461420364,1537,1.537,1.0,0.7457442850271551,1548.3145614537675
nag,50,0.9913132308586594,0.636188805845318,991.3132308586594,981,980,1961,1.011544113121081,824,0.824,1.0,0.6016214757598549,748.3133297209971
nag,50,0.6455399205585043,0.4500656859199938,645.5399205585043,663,662,1325,0.975135831659372,306,0.306,1.0,0.4778125305913949,271.8075798224026
nag,50,0.637090868984777,0.4353272498580098,637.090868984777,660,659,1319,0.9667539741802382,330,0.33,1.0,0.4879839480653823,223.5329168343248
nag,50,1.6973724719658518,1.0666804434512382,1697.372471965852,1663,1659,3322,1.023129880630411,2458,2.458,1.0,1.1767224270901333,2438.991911931255
nag,50,1.751898308458475,1.120935683091037,1751.898308458475,1630,1630,3260,1.0747842383180828,2426,2.426,1.0,1.3576903253565182,2476.990932600075
nag,50,1.935284518227831,1.2999631587647853,1935.2845182278313,1988,1985,3973,0.97495441724324,3386,3.386,1.0,1.202671087986399,3257.1555099819448
nag,50,1.2833649967687242,0.8519923161655513,1283.3649967687245,1291,1290,2581,0.994856586642422,1355,1.355,1.0,0.6493208408667498,1333.0521526016908
nag,50,1.632996131501114,1.064822468428956,1632.9961315011142,1571,1571,3142,1.0394628462769664,2213,2.213,1.0,0.922892927080642,2451.574371130678
nag,50,1.8963460938679573,1.211834217163699,1896.3460938679573,1912,1909,3821,0.993371447809302,3275,3.275,1.0,1.131533608305384,3925.325152095518
nag,50,1.6039202188325177,1.0749336563255998,1603.9202188325178,1696,1696,3392,0.9457076761984184,2402,2.402,1.0,0.966351487091562,2818.5135834287144
nag,50,2.2889843911278436,1.4248438793967255,2288.9843911278435,2293,2292,4585,0.998684289322794,4759,4.759,1.0,1.8316237621717757,3318.372315203993
nag,50,1.5616467133459526,1.087301074508854,1561.6467133459523,1600,1598,3198,0.9772507592903332,2106,2.106,1.0,1.0981268666064696,1175.1329054332182
nag,50,1.336204444819841,0.9127026776481084,1336.2044448198408,1339,1337,2676,0.9994049699475248,1523,1.523,1.0,0.9226938555764196,1313.7514211054213
nag,50,1.6315401778094227,1.0830001458111236,1631.5401778094226,1614,1612,3226,1.012121698392942,2394,2.394,1.0,0.985410705957452,2063.2876072466374
nag,50,1.5769607716235114,1.038605753490866,1576.9607716235114,1623,1623,3246,0.9716332542350656,2308,2.308,1.0,1.1032791900388723,2614.9711135288135
nag,50,1.6479171587524,1.1139000246844644,1647.9171587524,1677,1675,3352,0.9838311395536716,2385,2.385,1.0,1.2478920852916433,2642.016290538488
nag,50,1.2775359387110856,0.8615932134010613,1277.5359387110857,1317,1315,2632,0.9715102195521564,1330,1.33,1.0,0.7064114135508034,1293.7059777348622
nag,50,1.3070472272780125,0.8620027193332994,1307.0472272780123,1293,1291,2584,1.0124300753509003,1364,1.364,1.0,0.7957269808558982,1393.431042764022
nag,50,1.6583321333496344,1.10812746488608,1658.3321333496344,1632,1631,3263,1.0167578990494386,2499,2.499,1.0,1.277916210077239,2987.6731988536594
nag,50,1.67303178651419,1.0832452304178983,1673.03178651419,1671,1670,3341,1.001815441026461,2547,2.547,1.0,1.0808976294123005,2928.766488359546
nag,50,1.6799621841134416,1.113819212018031,1679.9621841134417,1662,1662,3324,1.0108075716687372,2491,2.491,1.0,0.9702051806757288,2840.593889779916
nag,50,2.7110424025511506,1.8286849600244768,2711.04240255115,2851,2849,5700,0.9515768348722888,6638,6.638,1.0,1.9640527339328755,7145.93164517627
nag,50,1.5908331183036462,1.0112227284579325,1590.8331183036462,1559,1557,3116,1.0217296842027273,2159,2.159,1.0,0.8675256623625606,2381.6453056592172
nag,50,1.373186462287123,0.8290081266817888,1373.186462287123,1317,1316,2633,1.0434547585768412,1565,1.565,1.0,0.875704233235643,1850.414680376381
nag,50,1.318397330312127,0.8509894716132838,1318.397330312127,1323,1321,2644,0.9980297731355996,1518,1.518,1.0,0.692914236534559,1520.0945542164725
nag,50,0.6915652018289684,0.4545602127199679,691.5652018289684,662,661,1323,1.046240849968182,358,0.358,1.0,0.5198892054101858,302.6269641854548
nag,50,1.9404732772445383,1.2006239799395764,1940.4732772445384,1986,1983,3969,0.9785543506023896,3329,3.329,1.0,1.4934131385531235,3057.829710462051
nag,50,1.2811823750884868,0.8713818708158426,1281.1823750884869,1346,1344,2690,0.953260695750362,1460,1.46,1.0,0.8975853948684598,1204.6012254746238
nag,50,1.3391472776978153,0.8443452590690138,1339.1472776978153,1322,1319,2641,1.0152746608777978,1471,1.471,1.0,0.9799794431445984,1487.047631615279
nag,50,0.2997788758116088,0.2099115014287368,299.7788758116088,335,335,670,0.8948623158555488,47,0.047,1.0,0.220388149308196,42.773727489502946
nag,50,1.6701192224815975,1.0419012668464689,1670.1192224815975,1682,1681,3363,0.993527199572634,2542,2.542,1.0,0.8206944231980324,2279.1820303956547
nag,50,0.975374168789766,0.6585755852431345,975.374168789766,993,991,1984,0.9842322591218626,820,0.82,1.0,0.7847432313831083,789.8149533760982
nag,50,0.6424456163163331,0.4232150265963092,642.4456163163331,657,655,1312,0.9808330020096688,404,0.404,1.0,0.4022062528443637,508.59869353205823
nag,50,1.3411692511835505,0.8870644771289924,1341.1692511835504,1316,1314,2630,1.0206767512812407,1467,1.467,1.0,0.9065331961751248,1362.3356053173377
nag,50,1.9016973305047196,1.2280133598041456,1901.6973305047195,1913,1911,3824,0.9951320410804392,3104,3.104,1.0,0.9251854219067852,3602.794589636836
nag,50,1.374845573943353,0.853533343843068,1374.845573943353,1345,1342,2687,1.024475092357193,1493,1.493,1.0,0.901640930705084,1353.8058004056709
nag,50,1.9945849382650445,1.31665296762795,1994.5849382650445,2040,2038,4078,0.978697221916116,3562,3.562,1.0,1.6120353723030072,3254.724265023379
nag,50,0.9955327418889814,0.6383126981877907,995.5327418889816,1010,1010,2020,0.9856759820682984,808,0.808,1.0,0.5916711303129868,1010.9333429138331
nag,50,2.258796928738642,1.4796226023825574,2258.7969287386413,2320,2315,4635,0.975722215437858,4662,4.662,1.0,1.3799429637123268,4543.971170672293
nag,50,3.1654988421849923,2.044459095865677,3165.498842184993,3181,3177,6358,0.9963798684875644,9041,9.041,1.0,1.5971837804868176,9041.181276535166
nag,50,1.3405908924043677,0.8864824763373274,1340.5908924043674,1379,1376,2755,0.9742666369217786,1525,1.525,1.0,0.9407451471765548,1373.7725386623206
nag,50,0.6539862119136931,0.4447175752679052,653.9862119136931,652,650,1302,1.006132633713374,329,0.329,1.0,0.4197357052244759,306.49899982282216
nag,50,1.6497512481403915,1.083574277237232,1649.7512481403917,1598,1597,3195,1.0330314640829,2314,2.314,1.0,1.077694743505139,2002.0214073021496
nag,50,0.9613069592379644,0.6431877154697506,961.3069592379644,999,999,1998,0.9622692284664308,851,0.851,1.0,0.7446174654624992,917.087831932184
nag,50,1.0118047544586222,0.6671968806420386,1011.804754458622,977,975,1952,1.0377484661114074,793,0.793,1.0,0.7539030010180927,606.542030923109
nag,50,2.598809096511078,1.5975818420419396,2598.8090965110778,2606,2603,5209,0.9983899717676058,6154,6.154,1.0,1.7210341354326153,7375.350349679269
nag,50,1.9905782623662285,1.3524171334314867,1990.5782623662285,1904,1902,3806,1.0465711158602673,3329,3.329,1.0,1.4015103587695956,3809.6930242817975
nag,50,1.632206213521739,1.1360399467638005,1632.206213521739,1642,1640,3282,0.995247691171792,2240,2.24,1.0,1.1792200254119092,2250.5370825371565
nag,50,1.6535116579781772,1.1117237283438035,1653.5116579781773,1628,1627,3255,1.016294811295745,2275,2.275,1.0,0.8078084391095368,2284.044866483609
nag,50,2.260481670492033,1.5000786334557252,2260.481670492033,2239,2237,4476,1.0104969470237073,4633,4.633,1.0,1.4783822367416188,4176.135557616211
nag,50,0.6564822516746115,0.4202136010476057,656.4822516746115,648,647,1295,1.0146557212899714,299,0.299,1.0,0.3706858603391454,302.7069370213966
nag,50,2.213889239133328,1.341644275885624,2213.8892391333284,2245,2242,4487,0.987461748052332,4403,4.403,1.0,1.6172598558585305,4871.534285858381
nag,50,1.2887047206286126,0.8486805874236166,1288.704720628613,1289,1289,2578,0.9997709236839508,1457,1.457,1.0,0.8374735885006022,1364.1292238876715
nag,50,2.6344234083893094,1.804793473573196,2634.4234083893093,2575,2574,5149,1.0234745176337643,6010,6.01,1.0,1.479431125928823,6470.848943442062
nag,50,2.201577124675133,1.4397788960417637,2201.577124675133,2278,2277,4555,0.9668762075867952,4397,4.397,1.0,1.940830852863116,5437.387556393929
nag,50,1.6019933457769049,1.1761189764990032,1601.9933457769048,1632,1631,3263,0.9822154173984702,2333,2.333,1.0,1.4213707966130684,2732.29888483054
nag,50,1.3163358611394025,0.8839347516912988,1316.3358611394024,1306,1304,2610,1.0094600162111982,1471,1.471,1.0,0.7877603343490507,1079.651745385857
nag,50,2.640219701660683,1.7165007755374544,2640.219701660683,2565,2562,5127,1.030530718837113,6005,6.005,1.0,1.4998793552636331,5765.696155359692
nag,50,1.666403471520346,1.094812308218181,1666.403471520346,1623,1620,3243,1.0286441182224355,2358,2.358,1.0,1.1604254250059765,1914.9564803642625
nag,50,0.9750370297355168,0.6299614527842414,975.0370297355169,1003,1001,2004,0.9740629667687482,811,0.811,1.0,0.6985927609565947,670.5303092418794
nag,50,2.0099303552331023,1.3470821083828723,2009.930355233102,1954,1953,3907,1.0291502074926278,3443,3.443,1.0,1.60042252311798,3782.3403859383566
nag,50,1.277651544189991,0.8678366159536394,1277.651544189991,1331,1330,2661,0.9606402587894668,1460,1.46,1.0,0.77691137212345,1565.7412655725052
nag,50,0.6736117317159083,0.4519328805042403,673.6117317159083,679,679,1358,0.9920644060617204,368,0.368,1.0,0.4458992909185911,365.0029280836136
nag,50,0.9853096619809926,0.6581310403987695,985.3096619809926,975,973,1948,1.012651245612531,780,0.78,1.0,0.6514640482552865,1026.909608537443
nag,50,1.3015897447757727,0.8397152612866144,1301.5897447757727,1290,1288,2578,1.010551044080569,1319,1.319,1.0,0.9326815644691464,1306.949325666808
nag,50,0.9749919152097796,0.6383222071209045,974.9919152097796,963,962,1925,1.0135051093656753,704,0.704,1.0,0.7062919726371287,718.725346554067
nag,50,3.2790711973194857,2.0922777838999567,3279.0711973194857,3213,3209,6422,1.021835835873944,9057,9.057,1.0,2.4356974105502083,7324.200423152522
nag,50,1.292195504965406,0.8562796717933947,1292.195504965406,1329,1326,2655,0.9745064140010604,1373,1.373,1.0,0.8324302920472749,1156.9009864725317
nag,50,0.6655845845459256,0.4382985903659813,665.5845845459256,673,673,1346,0.9889815520741836,294,0.294,1.0,0.4366723482220327,306.3080216814768
nag,50,3.753983033254995,2.3589361603821373,3753.983033254995,3763,3760,7523,0.9983997428869668,12674,12.674,1.0,1.7826565303041435,13046.724877264633
nag,50,0.3342864853943685,0.2225390310770491,334.2864853943686,351,351,702,0.9523831492717052,92,0.092,1.0,0.2038305029528675,105.20669141891862
nag,50,2.6058605030996076,1.7048749821580087,2605.8605030996077,2516,2514,5030,1.036539579594116,5690,5.69,1.0,1.928952480511022,7553.50860443419
nag,50,2.276501641360171,1.4912510431011534,2276.5016413601707,2269,2265,4534,1.0050779873554838,4873,4.873,1.0,1.374374979893996,5373.116925905589
nag,50,0.9972849395195869,0.6520825310275387,997.2849395195868,976,976,1952,1.0218083396717077,897,0.897,1.0,0.6358101045942887,649.6553467654103
nag,50,1.9686885186598675,1.2773884100320745,1968.6885186598677,1941,1940,3881,1.0147878962164267,3252,3.252,1.0,0.8857976320039938,3303.168148362845
nag,50,1.0169452357244186,0.6364067417143162,1016.9452357244188,1035,1035,2070,0.9825557833086171,870,0.87,1.0,0.712837145716142,842.461733708572
nag,50,1.2924873154366867,0.8815975242494773,1292.487315436687,1287,1286,2573,1.0050445687688077,1511,1.511,1.0,0.879778941506246,1176.86543544927
nag,50,1.3005903569684567,0.8674678737705375,1300.5903569684567,1310,1309,2619,0.993575520984306,1474,1.474,1.0,0.7269357991499485,1680.9587397264625
nag,50,1.6546222851002983,1.0425274470846857,1654.6222851002983,1665,1664,3329,0.9943643540266216,2368,2.368,1.0,0.9491628802597706,2070.3759406263657
nag,50,1.928943042255579,1.203310802873592,1928.943042255579,1944,1941,3885,0.9937882752475936,3284,3.284,1.0,1.2790635346980723,3080.064347752141
nag,50,1.3622548353227404,0.9009660765656422,1362.2548353227403,1358,1357,2715,1.0038723915421814,1736,1.736,1.0,0.949442187520277,1151.0907278808306
nag,50,0.6599586454713544,0.4467612877523419,659.9586454713544,675,675,1350,0.977716511809414,334,0.334,1.0,0.5755475151132118,288.0355416571748
nag,50,1.3670313088613406,0.8605438316289846,1367.031308861341,1306,1304,2610,1.0483368932985742,1548,1.548,1.0,0.9910154003310868,1399.9669750839369
nag,50,1.345107549040881,0.897383120558472,1345.107549040881,1348,1347,2695,0.9985950623911514,1492,1.492,1.0,0.8531545808923535,1625.8059326985208
nag,50,2.2830062140249607,1.547379819676142,2283.0062140249606,2289,2286,4575,0.998690382338128,4842,4.842,1.0,1.6911183608225144,4487.714355978978
nag,50,1.354064712573251,0.9328991529150388,1354.064712573251,1356,1354,2710,1.0000477936286936,1472,1.472,1.0,0.9087208035632564,1553.6494801102538
nag,50,1.3052753065664446,0.8601916620816391,1305.275306566445,1272,1269,2541,1.0285857419751336,1431,1.431,1.0,0.7160972749302832,1586.5525604036288
nag,50,0.6911668887972064,0.4599942781594577,691.1668887972064,692,691,1383,1.0002415177962467,330,0.33,1.0,0.4155853095548155,247.37339447884685
nag,50,2.5943498943564856,1.7550335783346795,2594.3498943564855,2586,2583,5169,1.004394074470184,6061,6.061,1.0,2.073416498837359,6382.363804675994
nag,50,0.9700124275077548,0.6586975022435797,970.0124275077548,982,982,1964,0.9877926960364104,820,0.82,1.0,0.645356098775279,799.8419452287912
nag,50,1.2870509640478764,0.8574336540159776,1287.0509640478765,1327,1326,2653,0.9706266697193638,1486,1.486,1.0,0.8579251268257311,1058.432153419803
nag,50,0.9859861184684356,0.6793912209337438,985.9861184684356,980,980,1960,1.0061082841514648,770,0.77,1.0,0.7211258241452486,811.8320253039731
nag,50,1.6940356679307318,1.1136365851347114,1694.0356679307315,1649,1649,3298,1.027310896258782,2476,2.476,1.0,1.0785647758738643,2754.5072357655627
nag,50,2.5675566083795944,1.663558052987459,2567.5566083795943,2527,2524,5051,1.0172569763786032,5496,5.496,1.0,1.6378236803524062,5208.726324327304
nag,50,0.9764487204734787,0.675909716800031,976.4487204734788,1007,1007,2014,0.9696610928237128,815,0.815,1.0,0.854790428031201,910.9462010097304
nag,50,1.3102675462436864,0.8696456748464304,1310.2675462436864,1349,1347,2696,0.972730175385068,1570,1.57,1.0,0.6978079518031244,1662.973512718303
nag,50,2.636121035707037,1.836890218119502,2636.121035707037,2629,2626,5255,1.003854164397196,6225,6.225,1.0,2.1913366022468996,6224.60476631145
nag,50,1.3326175516677536,0.9259784235803906,1332.6175516677536,1323,1323,2646,1.0072695023943716,1556,1.556,1.0,0.8490270507169756,1062.2571297280836
nag,50,1.328218360546594,0.867812593068616,1328.218360546594,1344,1342,2686,0.9897305220168362,1471,1.471,1.0,0.8074107089577801,1614.1249758314148
nag,50,0.297865559403515,0.2091416679247461,297.8655594035151,321,321,642,0.9279300915997356,46,0.046,1.0,0.2251463195876392,41.764436366762745
nag,50,1.2760164256464126,0.872269389455972,1276.0164256464127,1331,1328,2659,0.960855742203624,1495,1.495,1.0,0.7721782432670159,1846.183158820614
nag,50,2.638924188163378,1.684557494185579,2638.924188163378,2578,2575,5153,1.0248249274420884,6031,6.031,1.0,1.939820456582394,6142.653766631843
nag,50,1.3245327465533985,0.9266388283129796,1324.5327465533985,1345,1345,2690,0.9847827111921178,1585,1.585,1.0,0.7945769025047063,1674.1184298622047
nag,50,1.6526018969831642,1.123597356114919,1652.601896983164,1632,1631,3263,1.01324457203137,2356,2.356,1.0,1.1011333183599623,2185.677908937459
nag,50,1.6500365189619923,1.151463966956512,1650.0365189619924,1644,1643,3287,1.00428272608764,2388,2.388,1.0,0.99888501438693,2542.368610070449
nag,50,1.653711523071902,1.1091011463227878,1653.711523071902,1631,1630,3261,1.0145469466698784,2398,2.398,1.0,0.9151919867642876,2473.9206359316163
nag,50,0.6611632408354806,0.4428911133377238,661.1632408354806,661,661,1322,1.0002469604167634,326,0.326,1.0,0.4992085812914137,366.4041184833063
nag,50,1.0341425507888198,0.6828002548728533,1034.1425507888198,1004,1004,2008,1.0300224609450397,940,0.94,1.0,0.6406627149693797,841.4934075280727
nag,50,1.3077516595864314,0.8379105847055969,1307.7516595864313,1313,1312,2625,0.9967619356603896,1526,1.526,1.0,0.5996768723962733,1497.731396919678
nag,50,2.536593186015374,1.6233185177107423,2536.593186015374,2574,2572,5146,0.9862337426187302,5820,5.82,1.0,1.39846198053577,5771.8360967764775
nag,50,2.2110607465611967,1.4200289616209958,2211.0607465611965,2230,2228,4458,0.9923971034834814,4491,4.491,1.0,1.4213067286807914,3931.5345189238674
bg,50,0.0010817000140832,0.0010805299391627,1.0817000140832604,31,31,62,0.0348935488413955,0,0.0,1.0,0.0010483985610323,0.0
bg,50,0.0004880491968659,0.0004878110048474,0.4880491968659797,15,15,30,0.0325366131243986,0,0.0,1.0,0.0005441172322103,0.0
bg,50,0.0005062822015492,0.0005060258798816,0.506282201549233,24,24,48,0.021095091731218,0,0.0,1.0,0.0005660123347386,0.0
bg,50,0.0009476960995174,0.0009467979716203,0.9476960995174296,32,32,64,0.0296155031099196,0,0.0,1.0,0.0007011768542458,0.0
bg,50,0.0006248150180795,0.0006244246242727,0.6248150180795875,22,22,44,0.0284006826399812,0,0.0,1.0,0.000641844728555,0.0
bg,50,0.000515554096395,0.0005152883003687,0.5155540963950642,19,19,38,0.027134426126056,0,0.0,1.0,0.0005139728665335,0.0
bg,50,0.0007452895324512,0.000744734075964,0.7452895324512241,21,21,42,0.0354899777357725,0,0.0,1.0,0.0006532334334262,0.0
bg,50,0.0008799635248397,0.0008791891890347,0.8799635248397806,19,19,38,0.0463138697284095,0,0.0,1.0,0.0008292195019696,0.0
bg,50,0.0004029846130433,0.0004028222164449,0.4029846130433157,19,19,38,0.0212097164759639,0,0.0,1.0,0.0004861475208937,0.0
bg,50,0.0006166537761676,0.0006162735142879,0.6166537761676238,16,16,32,0.0385408610104764,0,0.0,1.0,0.0008171038397318,0.0
bg,50,0.0008777218149735,0.000876951419389,0.8777218149735546,23,23,46,0.0381618180423284,0,0.0,1.0,0.0009179994008025,0.0
bg,50,0.0011767726811931,0.0011753878872499,1.1767726811931478,31,31,62,0.0379604090707467,0,0.0,1.0,0.0011465809564883,0.0
bg,50,0.000917907784041,0.000917065229341,0.91790778404102,23,23,46,0.03990903408874,0,0.0,1.0,0.0009324320808417,0.0
bg,50,0.000956995486069,0.0009560796457087,0.956995486069097,28,28,56,0.0341784102167534,0,0.0,1.0,0.0010812300629921,0.0
bg,50,0.0008573679527217,0.0008566328729154,0.8573679527217664,28,28,56,0.0306202840257773,0,0.0,1.0,0.0009109879881384,0.0
bg,50,0.0007989086550493,0.0007982704000102,0.7989086550493951,27,27,54,0.0295892094462738,0,0.0,1.0,0.0008325682522114,0.0
bg,50,0.0013195190203562,0.0013177778899111,1.3195190203562426,39,39,78,0.0338338210347754,0,0.0,1.0,0.0014852018039413,0.0
bg,50,0.0004737429816579,0.0004735185492453,0.4737429816579777,16,16,32,0.0296089363536236,0,0.0,1.0,0.0005674496399012,0.0
bg,50,0.0009317322995256,0.0009308641744477,0.9317322995256953,33,33,66,0.0282343121068392,0,0.0,1.0,0.0008622248021317,0.0
bg,50,0.0009243797387323,0.000923525260831,0.9243797387323908,31,31,62,0.0298187012494319,0,0.0,1.0,0.0010023518125408,0.0
bg,50,0.0010306139817026,0.0010295518165233,1.0306139817026647,29,29,58,0.0355384131621608,0,0.0,1.0,0.001432544269994,0.0
bg,50,0.0010537330085765,0.0010526226553232,1.0537330085765717,26,26,52,0.0405281926375604,0,0.0,1.0,0.0005977068225477,0.0
bg,50,0.0007771304832671,0.000776526551479,0.777130483267122,29,29,58,0.02679760287128,0,0.0,1.0,0.0008161246457724,0.0
bg,50,0.000432189128083,0.0004320023406406,0.4321891280830527,24,24,48,0.0180078803367938,0,0.0,1.0,0.0003286970506947,0.0
bg,50,0.0007801014515218,0.0007794928932471,0.780101451521837,24,24,48,0.0325042271467432,0,0.0,1.0,0.0006095820276563,0.0
bg,50,0.0010005653371024,0.0009995642061086,1.0005653371024597,24,24,48,0.0416902223792691,0,0.0,1.0,0.0010146468089547,0.0
bg,50,0.0004357205598419,0.0004355307074357,0.4357205598419718,17,17,34,0.0256306211671748,0,0.0,1.0,0.0003859881916956,0.0
bg,50,0.0008987931522394,0.0008979853231089,0.8987931522394561,23,23,46,0.0390779631408459,0,0.0,1.0,0.0010582314022015,0.0
bg,50,0.0008875658099921,0.000886778036925,0.887565809992136,28,28,56,0.0316987789282905,0,0.0,1.0,0.000799553472756,0.0
bg,50,0.0009578003026861,0.0009568829212662,0.9578003026861096,31,31,62,0.0308967839576164,0,0.0,1.0,0.0010486201344569,0.0
bg,50,0.0008118270711498,0.0008111680079564,0.8118270711498781,22,22,44,0.0369012305068126,0,0.0,1.0,0.0008527178672738,0.0
bg,50,0.0012280875780348,0.0012265793789355,1.228087578034831,27,27,54,0.0454847251124011,0,0.0,1.0,0.0009963119540772,0.0
bg,50,0.000761720609145,0.0007611403908586,0.7617206091450495,25,25,50,0.0304688243658019,0,0.0,1.0,0.0006413746177705,0.0
bg,50,0.0010666622618237,0.0010655244934429,1.0666622618237716,28,28,56,0.0380950807794204,0,0.0,1.0,0.001019106244343,0.0
bg,50,0.0007289253565141,0.0007283940243387,0.7289253565141252,20,20,40,0.0364462678257062,0,0.0,1.0,0.0007242542500314,0.0
bg,50,0.0005665849202506,0.0005662639017787,0.5665849202506337,25,25,50,0.0226633968100253,0,0.0,1.0,0.0006430230899993,0.0
bg,50,0.0011472453787525,0.0011459292067934,1.1472453787525367,29,29,58,0.0395601854742254,0,0.0,1.0,0.0009404425649537,0.0
bg,50,0.0009230977244601,0.0009222456150512,0.9230977244601456,29,29,58,0.031830956015867,0,0.0,1.0,0.000978737043748,0.0
bg,50,0.0009539661266376,0.0009530560752668,0.9539661266376216,32,32,64,0.0298114414574256,0,0.0,1.0,0.001157318043121,0.0
bg,50,0.0006671150511995,0.0006666700087079,0.6671150511995003,24,24,48,0.0277964604666458,0,0.0,1.0,0.0006497275498006,0.0
bg,50,0.0006830378545937,0.0006825713138829,0.6830378545937563,22,22,44,0.0310471752088071,0,0.0,1.0,0.0008406110536076,0.0
bg,50,0.0006958063845586,0.0006953222380338,0.6958063845586295,21,21,42,0.0331336373599347,0,0.0,1.0,0.0005716260702853,0.0
bg,50,0.0005254645737557,0.0005251884607374,0.5254645737557552,21,21,42,0.0250221225597978,0,0.0,1.0,0.0006674874967575,0.0
bg,50,0.0010567265594804,0.0011390737638047,1.056726559480417,32,32,64,0.033022704983763,0,0.0,1.0,0.0012286233956552,0.0
bg,50,0.001619474139473,0.0016432300802013,1.619474139473093,38,38,76,0.0426177405124498,3,0.003,1.0,0.0017208709716242,3.0939272687347747
bg,50,0.0008166558697924,0.0008159889429827,0.8166558697924016,25,25,50,0.032666234791696,0,0.0,1.0,0.0006811655067408,0.0
bg,50,0.000768202590961,0.0007676124557403,0.7682025909610957,16,16,32,0.0480126619350684,0,0.0,1.0,0.0008195489871908,0.0
bg,50,0.0010750864358472,0.0010739306250026,1.0750864358472398,31,31,62,0.0346802076079754,0,0.0,1.0,0.0012951129728282,0.0
bg,50,0.0010368998354985,0.0010358246742297,1.0368998354985797,30,30,60,0.0345633278499526,0,0.0,1.0,0.0007203697670018,0.0
bg,50,0.0010893437939666,0.0010881571240651,1.0893437939666484,31,31,62,0.0351401223860209,0,0.0,1.0,0.0010614230212399,0.0
bg,50,0.0009011159802437,0.0009003039702338,0.9011159802437474,21,21,42,0.0429102847735117,0,0.0,1.0,0.0006746101063333,0.0
bg,50,0.0007389325433176,0.000738386522014,0.7389325433176417,21,21,42,0.0351872639675067,0,0.0,1.0,0.0008914516046829,0.0
bg,50,0.0010038402659687,0.0010598157922504,1.0038402659687975,32,32,64,0.0313700083115249,1,0.001,1.0,0.0009857058453611,0.9035691286972392
bg,50,0.0005630395688149,0.0005627225552589,0.5630395688149719,23,23,46,0.0244799812528248,0,0.0,1.0,0.0004546840315777,0.0
bg,50,0.0008656968665678,0.000864947435503,0.8656968665678626,28,28,56,0.0309177452345665,0,0.0,1.0,0.0009281912191631,0.0
bg,50,0.0006984229767416,0.0006979351820871,0.6984229767416252,23,23,46,0.0303662163800706,0,0.0,1.0,0.0006119166306929,0.0
bg,50,0.0005184040398893,0.0005181352971407,0.5184040398893615,21,21,42,0.0246859066613981,0,0.0,1.0,0.0004779158728106,0.0
bg,50,0.0009001157947372,0.0008993055862932,0.9001157947372107,34,34,68,0.0264739939628591,0,0.0,1.0,0.0009031073874676,0.0
bg,50,0.0007827237370841,0.0007821110806355,0.78272373708419,27,27,54,0.0289897680401551,0,0.0,1.0,0.0009159720135291,0.0
bg,50,0.000764215337385,0.0007636313123031,0.7642153373850533,20,20,40,0.0382107668692526,0,0.0,1.0,0.0008374382563185,0.0
bg,50,0.0004992950903107,0.0004990457947235,0.4992950903107314,21,21,42,0.0237759566814634,0,0.0,1.0,0.0004089062895618,0.0
bg,50,0.0018417460787388,0.0018383540501203,1.8417460787388733,34,34,68,0.0541690023158492,0,0.0,1.0,0.0016295236090339,0.0
bg,50,0.0009510709457325,0.0009501664097887,0.9510709457325994,21,21,42,0.0452890926539333,0,0.0,1.0,0.0011463770555124,0.0
bg,50,0.0009585000635582,0.0009575813411864,0.95850006355829,20,20,40,0.0479250031779145,0,0.0,1.0,0.0011645451923084,0.0
bg,50,0.0010333837054016,0.0010323158235191,1.0333837054016968,35,35,70,0.0295252487257627,0,0.0,1.0,0.0011323941119561,0.0
bg,50,0.0005110029788937,0.0005107418548492,0.511002978893714,17,17,34,0.0300589987584537,0,0.0,1.0,0.0005932114410649,0.0
bg,50,0.0005974053893266,0.0005970484961274,0.597405389326692,24,24,48,0.0248918912219455,0,0.0,1.0,0.0006103628075009,0.0
bg,50,0.0007164055888169,0.0007158923518492,0.7164055888169756,19,19,38,0.0377055573061566,0,0.0,1.0,0.0007559817502971,0.0
bg,50,0.0008235027732022,0.0008228246163847,0.8235027732022004,21,21,42,0.0392144177715333,0,0.0,1.0,0.0008358060979034,0.0
bg,50,0.0009186988712461,0.00091785486363,0.9186988712461072,26,26,52,0.0353345719710041,0,0.0,1.0,0.0008277199405728,0.0
bg,50,0.0009900826863229,0.0009891024225971,0.9900826863229204,24,24,48,0.041253445263455,0,0.0,1.0,0.0010958051489205,0.0
bg,50,0.00056305076338,0.0005627337372178,0.5630507633800157,21,21,42,0.026811941113334,0,0.0,1.0,0.0005213568909759,0.0
bg,50,0.0010392396463491,0.0010381596273065,1.0392396463491234,30,30,60,0.0346413215449707,0,0.0,1.0,0.0007562134616363,0.0
bg,50,0.0006769865039591,0.0006765281932326,0.6769865039591849,18,18,36,0.0376103613310658,0,0.0,1.0,0.0006806037674578,0.0
bg,50,0.0012045614625473,0.0012031104942302,1.2045614625473302,29,29,58,0.0415366021568044,0,0.0,1.0,0.0012959194519786,0.0
bg,50,0.000997034767697,0.000996040689369,0.997034767697036,32,32,64,0.0311573364905323,0,0.0,1.0,0.0011112070603469,0.0
bg,50,0.0007004131655036,0.0006999225869012,0.7004131655036332,25,25,50,0.0280165266201453,0,0.0,1.0,0.0005168977734627,0.0
bg,50,0.0010029290516485,0.0010019231849658,1.002929051648517,29,29,58,0.034583760401673,0,0.0,1.0,0.0006396067806498,0.0
bg,50,0.0009475526526019,0.0009466547965725,0.9475526526019742,32,32,64,0.0296110203938116,0,0.0,1.0,0.0007680403394038,0.0
bg,50,0.0007239292561734,0.0007234051826055,0.7239292561734878,24,24,48,0.0301637190072286,0,0.0,1.0,0.0007049969214761,0.0
bg,50,0.0007065500759795,0.0007060508629697,0.7065500759795693,28,28,56,0.0252339312849846,0,0.0,1.0,0.0005549421791376,0.0
bg,50,0.0008654980119999,0.0008647489251912,0.8654980119999891,26,26,52,0.0332883850769226,0,0.0,1.0,0.000923621483354,0.0
bg,50,0.0005916337185649,0.000591283688108,0.5916337185649958,24,24,48,0.0246514049402081,0,0.0,1.0,0.0006958701449926,0.0
bg,50,0.0005613075879952,0.0005609925217869,0.56130758799527,18,18,36,0.0311837548886261,0,0.0,1.0,0.000477928820127,0.0
bg,50,0.0009801231908937,0.0009791625494243,0.9801231908937068,31,31,62,0.0316168771256034,0,0.0,1.0,0.0008463831544507,0.0
bg,50,0.0003948044430408,0.0003946485724925,0.3948044430408117,14,14,28,0.0282003173600579,0,0.0,1.0,0.0004735507403533,0.0
bg,50,0.0010723474342724,0.0010711975052526,1.07234743427248,32,32,64,0.033510857321015,0,0.0,1.0,0.0008038179371503,0.0
bg,50,0.0005956201194359,0.0005952653561092,0.59562011943596,25,25,50,0.0238248047774384,0,0.0,1.0,0.0006489840609705,0.0
bg,50,0.0007093743165481,0.0007088711046271,0.7093743165481357,21,21,42,0.033779729359435,0,0.0,1.0,0.0007897827627134,0.0
bg,50,0.0007800905548531,0.0007794820135793,0.7800905548531674,19,19,38,0.0410573976238509,0,0.0,1.0,0.0006701350765073,0.0
bg,50,0.000881898848561,0.0008811211029819,0.8818988485610415,32,32,64,0.0275593390175325,0,0.0,1.0,0.0007012721027598,0.0
bg,50,0.0007171165479853,0.0007166022918419,0.7171165479853592,28,28,56,0.0256113052851914,0,0.0,1.0,0.0007269028930998,0.0
bg,50,0.0010827422204865,0.0010815698897704,1.0827422204865158,32,32,64,0.0338356943902036,0,0.0,1.0,0.0013615345242548,0.0
bg,50,0.0012801611896825,0.0012785223770109,1.2801611896825582,30,30,60,0.0426720396560852,0,0.0,1.0,0.0010769277252255,0.0
bg,50,0.0009360013630887,0.000935125264537,0.9360013630887428,28,28,56,0.0334286201103122,0,0.0,1.0,0.0007456964080745,0.0
bg,50,0.0008843159001375,0.0008835338855263,0.8843159001375902,30,30,60,0.029477196671253,0,0.0,1.0,0.0008204215873344,0.0
bg,50,0.0008210216150139,0.0008203475385216,0.82102161501399,26,26,52,0.031577754423615,0,0.0,1.0,0.0007491026005304,0.0
bg,50,0.0007555648368104,0.0007549939585878,0.7555648368104908,22,22,44,0.0343438562186586,0,0.0,1.0,0.0005615809464195,0.0
bg,50,0.0007546123560017,0.0007540429161938,0.7546123560017257,20,20,40,0.0377306178000862,0,0.0,1.0,0.0007794139088182,0.0
bg,50,0.000665502249556,0.0006650593563119,0.6655022495560985,24,24,48,0.0277292603981707,0,0.0,1.0,0.0007220602745885,0.0
bg,50,0.0008581470198761,0.0008574106035684,0.8581470198761565,22,22,44,0.0390066827216434,0,0.0,1.0,0.0007595597975022,0.0
bg,50,0.0011556053645146,0.0011542699407561,1.1556053645146136,27,27,54,0.0428001986857264,0,0.0,1.0,0.0011328900239682,0.0
bg,50,0.0014487864185584,0.0014466874364718,1.448786418558416,28,28,56,0.051742372091372,0,0.0,1.0,0.0018012670838536,0.0
bg,50,0.000821895161053,0.0008212196493973,0.8218951610530674,28,28,56,0.0293533986090381,0,0.0,1.0,0.0006044571179329,0.0
bg,50,0.0006019732671555,0.0006016108953411,0.601973267155536,22,22,44,0.0273624212343425,0,0.0,1.0,0.0005094104283926,0.0
bg,50,0.0007464880881199,0.0007459308436542,0.7464880881199107,24,24,48,0.0311036703383296,0,0.0,1.0,0.0006476101833016,0.0
bg,50,0.000861740702434,0.0008609981053958,0.8617407024340338,26,26,52,0.0331438731705397,0,0.0,1.0,0.0009682374000633,0.0
bg,50,0.0007667576726313,0.0007661697553027,0.7667576726313357,27,27,54,0.028398432319679,0,0.0,1.0,0.0006798631632145,0.0
bg,50,0.0011472244539348,0.0011459083299871,1.1472244539348369,30,30,60,0.0382408151311612,0,0.0,1.0,0.0011467928259551,0.0
bg,50,0.0007523565650292,0.0007517905246283,0.7523565650292809,31,31,62,0.0242695666138477,0,0.0,1.0,0.0004793549355608,0.0
bg,50,0.0007362062226212,0.0007356642230189,0.7362062226212016,21,21,42,0.0350574391724381,0,0.0,1.0,0.0007160580890139,0.0
bg,50,0.0008212940957145,0.0008206195717229,0.8212940957145989,27,27,54,0.0304182998412814,0,0.0,1.0,0.0010927666186125,0.0
bg,50,0.000743416076808,0.0007428634093448,0.7434160768080815,24,24,48,0.0309756698670033,0,0.0,1.0,0.0005879533620139,0.0
bg,50,0.000514272353756,0.0005140078777022,0.5142723537560769,21,21,42,0.0244891597026703,0,0.0,1.0,0.0005327345928009,0.0
bg,50,0.0010277307704515,0.001026674539915,1.0277307704515837,38,38,76,0.0270455465908311,0,0.0,1.0,0.0010131280247999,0.0
bg,50,0.0007454883628432,0.0007449326099441,0.7454883628432754,26,26,52,0.0286726293401259,0,0.0,1.0,0.0007504923874829,0.0
bg,50,0.0010732691212628,0.0010721172146562,1.073269121262868,31,31,62,0.0346215845568667,0,0.0,1.0,0.0012037401821444,0.0
bg,50,0.0007995873203841,0.0007989479805012,0.7995873203841768,23,23,46,0.0347646661036598,0,0.0,1.0,0.0008782511575033,0.0
bg,50,0.0008872104666815,0.0008864233242693,0.8872104666815375,26,26,52,0.0341234794877514,0,0.0,1.0,0.0007927487404151,0.0
bg,50,0.0008606671515112,0.0008599264035655,0.8606671515112261,24,24,48,0.0358611313129677,0,0.0,1.0,0.0008364242740359,0.0
bg,50,0.0009393195940548,0.000938437272755,0.9393195940548188,28,28,56,0.0335471283591006,0,0.0,1.0,0.0007105540000577,0.0
bg,50,0.000325618545867,0.0003255125184296,0.3256185458670302,15,15,30,0.021707903057802,0,0.0,1.0,0.0004258479950834,0.0
bg,50,0.0008386317141343,0.0008379284109824,0.8386317141343831,31,31,62,0.0270526359398188,0,0.0,1.0,0.0007736260721858,0.0
bg,50,0.000599202061436,0.0005988430183256,0.5992020614360882,19,19,38,0.0315369506018993,0,0.0,1.0,0.0007475964038901,0.0
bg,50,0.0014272822487503,0.0014252451141327,1.4272822487503305,37,37,74,0.038575195912171,0,0.0,1.0,0.001482418868165,0.0
bg,50,0.0008317442605923,0.0008310524620772,0.831744260592302,23,23,46,0.0361627939387957,0,0.0,1.0,0.0010783433722846,0.0
bg,50,0.0011943470092741,0.0011929205444955,1.1943470092741606,25,25,50,0.0477738803709664,0,0.0,1.0,0.0011732853821375,0.0
bg,50,0.0006133121178582,0.0006129359661043,0.6133121178582805,21,21,42,0.0292053389456324,0,0.0,1.0,0.0006453582486925,0.0
bg,50,0.0003154233971786,0.0003153239052591,0.3154233971786624,17,17,34,0.0185543174810977,0,0.0,1.0,0.0002365382156435,0.0
bg,50,0.0011024425968821,0.0011012272172026,1.1024425968821063,26,26,52,0.0424016383416194,0,0.0,1.0,0.0012161663317698,0.0
bg,50,0.0003804631711037,0.0003803184188791,0.3804631711037345,15,15,30,0.0253642114069156,0,0.0,1.0,0.0002961486832888,0.0
bg,50,0.0004651956508059,0.0004649792438124,0.4651956508059527,20,20,40,0.0232597825402976,0,0.0,1.0,0.0004722186942501,0.0
bg,50,0.0009720459276556,0.0010033931943799,0.9720459276556496,28,28,56,0.0347159259877017,1,0.001,1.0,0.0011617244954247,1.438132186714991
bg,50,0.0003623285330205,0.0003621972510547,0.3623285330205519,19,19,38,0.0190699227905553,0,0.0,1.0,0.0003305446728915,0.0
bg,50,0.0010038643880038,0.0010028566442943,1.0038643880038691,31,31,62,0.0323827221936732,0,0.0,1.0,0.0010245777198031,0.0
bg,50,0.0008517807397314,0.0008510552093028,0.8517807397314527,32,32,64,0.0266181481166078,0,0.0,1.0,0.0010264853473242,0.0
bg,50,0.0012704449192264,0.0012688308889336,1.2704449192264842,26,26,52,0.0488632661240955,0,0.0,1.0,0.0012646028325696,0.0
bg,50,0.0005433069934895,0.0005430118110003,0.5433069934895371,21,21,42,0.0258717615947398,0,0.0,1.0,0.0005140868185779,0.0
bg,50,0.000566864419034,0.0005665430837645,0.5668644190340757,22,22,44,0.0257665645015488,0,0.0,1.0,0.0007000052859152,0.0
bg,50,0.0004971540646214,0.0004969069024574,0.4971540646214052,23,23,46,0.0216153941139741,0,0.0,1.0,0.0003850655179104,0.0
bg,50,0.000758793257691,0.0007582174904831,0.7587932576910745,20,20,40,0.0379396628845537,0,0.0,1.0,0.0007190815996165,0.0
bg,50,0.0009604778083256,0.0009595552907053,0.9604778083256846,31,31,62,0.0309831551072801,0,0.0,1.0,0.0008617588660555,0.0
bg,50,0.0007333206192982,0.0007327828601675,0.7333206192982189,31,31,62,0.0236555038483296,0,0.0,1.0,0.0006611402407961,0.0
bg,50,0.0006983454916712,0.0006978578052455,0.6983454916712937,25,25,50,0.0279338196668517,0,0.0,1.0,0.0008791805378096,0.0
bg,50,0.0006741479641476,0.00067369348867,0.6741479641476147,18,18,36,0.0374526646748674,0,0.0,1.0,0.0007496112329866,0.0
bg,50,0.0006776254890965,0.000677166312793,0.6776254890965703,25,25,50,0.0271050195638628,0,0.0,1.0,0.0008304344732688,0.0
bg,50,0.0005878838381948,0.0005875382307876,0.5878838381948546,23,23,46,0.0255601668780371,0,0.0,1.0,0.0005542562112633,0.0
bg,50,0.0006692463054006,0.0006687984147834,0.6692463054006998,24,24,48,0.0278852627250291,0,0.0,1.0,0.0006102272848269,0.0
bg,50,0.0007846285335493,0.0007840128916137,0.7846285335493999,27,27,54,0.0290603160573851,0,0.0,1.0,0.0008099792517441,0.0
bg,50,0.0005803313344131,0.0005799945499554,0.5803313344131453,25,25,50,0.0232132533765258,0,0.0,1.0,0.0006415057480607,0.0
bg,50,0.0008520888919549,0.0008513628364751,0.8520888919549883,30,30,60,0.0284029630651662,0,0.0,1.0,0.0008713501392254,0.0
bg,50,0.0007448935843613,0.0007443387179093,0.744893584361364,22,22,44,0.0338587992891529,0,0.0,1.0,0.000640502409723,0.0
bg,50,0.0009540835931077,0.0009531733176051,0.9540835931077788,31,31,62,0.0307768901002509,0,0.0,1.0,0.0009995758982932,0.0
bg,50,0.0007433676514469,0.0007428150559816,0.743367651446901,23,23,46,0.0323203326716043,0,0.0,1.0,0.0009906188684801,0.0
bg,50,0.0009772503352508,0.0009762953170331,0.9772503352508508,25,25,50,0.039090013410034,0,0.0,1.0,0.0009019762891001,0.0
bg,50,0.0008256282043182,0.0008249465423864,0.8256282043182352,21,21,42,0.0393156287770588,0,0.0,1.0,0.0009795415307256,0.0
bg,50,0.000692503516064,0.0006920239549442,0.6925035160640469,24,24,48,0.0288543131693352,0,0.0,1.0,0.0008221878065757,0.0
bg,50,0.0006533684857522,0.000652941595374,0.6533684857522557,22,22,44,0.0296985675341934,0,0.0,1.0,0.0007425865654544,0.0
bg,50,0.0007369315039809,0.0007363884359394,0.7369315039809656,20,20,40,0.0368465751990482,0,0.0,1.0,0.0006577102725178,0.0
bg,50,0.00071829129183,0.0007177753494501,0.7182912918300435,23,23,46,0.0312300561665236,0,0.0,1.0,0.000546810277492,0.0
bg,50,0.0011995519574665,0.0011981130325678,1.1995519574665536,27,27,54,0.044427850276539,0,0.0,1.0,0.0009729025179382,0.0
bg,50,0.0007223574271321,0.0007218356268796,0.7223574271321835,24,24,48,0.0300982261305076,0,0.0,1.0,0.0006296691406782,0.0
bg,50,0.0005400313826437,0.0005397397487495,0.5400313826437451,21,21,42,0.0257157801258926,0,0.0,1.0,0.0004924672944182,0.0
bg,50,0.0007054465323758,0.0007049488775657,0.7054465323758308,28,28,56,0.0251945190134225,0,0.0,1.0,0.0007070096180751,0.0
bg,50,0.0010193594566694,0.0010183203629675,1.0193594566694983,26,26,52,0.0392061329488268,0,0.0,1.0,0.0009664756032629,0.0
bg,50,0.0007608261040305,0.0007602472476699,0.7608261040305706,23,23,46,0.0330793958274161,0,0.0,1.0,0.0007704822258054,0.0
bg,50,0.0010622554070301,0.0010611270204804,1.0622554070301715,26,26,52,0.0408559771934681,0,0.0,1.0,0.0011082534913367,0.0
bg,50,0.0012120752408537,0.0012106061144642,1.2120752408537214,36,36,72,0.0336687566903811,0,0.0,1.0,0.0013847489444927,0.0
bg,50,0.0007751693213044,0.0007745684338277,0.7751693213044035,20,20,40,0.0387584660652201,0,0.0,1.0,0.0007127969053839,0.0
bg,50,0.0007187711887371,0.0007182545567154,0.7187711887371862,19,19,38,0.037830062565115,0,0.0,1.0,0.0006577612868437,0.0
bg,50,0.0006755682222533,0.0006751118298303,0.6755682222533039,26,26,52,0.0259833931635886,0,0.0,1.0,0.0005506094436296,0.0
bg,50,0.0011424650350716,0.0011411598087152,1.1424650350716377,23,23,46,0.0496723928292016,0,0.0,1.0,0.000751272282072,0.0
bg,50,0.000361557401824,0.0003614266780691,0.3615574018240055,17,17,34,0.0212680824602356,0,0.0,1.0,0.0003304636054267,0.0
bg,50,0.0008154390842682,0.0008147741433681,0.8154390842682684,22,22,44,0.0370654129212849,0,0.0,1.0,0.0006322134070067,0.0
bg,50,0.0008308858804922,0.0008301955091458,0.8308858804922501,22,22,44,0.037767540022375,0,0.0,1.0,0.0006480348804536,0.0
bg,50,0.0008121448315593,0.0008114852523319,0.8121448315593476,35,35,70,0.0232041380445527,0,0.0,1.0,0.0006602580497376,0.0
bg,50,0.0007352383098175,0.0007346977344453,0.7352383098175608,24,24,48,0.0306349295757317,0,0.0,1.0,0.0007950600734583,0.0
bg,50,0.0007102423095242,0.000709737865386,0.7102423095242756,29,29,58,0.0244911141215267,0,0.0,1.0,0.0007123510850283,0.0
bg,50,0.000998496534138,0.0009974995388093,0.9984965341380344,21,21,42,0.047547454006573,0,0.0,1.0,0.0009227979455271,0.0
bg,50,0.0014174145233922,0.0014154054594611,1.4174145233922315,31,31,62,0.0457230491416848,0,0.0,1.0,0.0015062886811718,0.0
bg,50,0.0004128324223591,0.0004126619917501,0.4128324223591466,16,16,32,0.0258020263974466,0,0.0,1.0,0.0004624793672275,0.0
bg,50,0.0008839461381278,0.0008831647773527,0.8839461381278895,34,34,68,0.0259984158272908,0,0.0,1.0,0.0009346206303743,0.0
bg,50,0.0006050623072041,0.0006046962068085,0.6050623072041716,25,25,50,0.0242024922881668,0,0.0,1.0,0.0006167492644946,0.0
bg,50,0.0009533030578269,0.0009523942711069,0.953303057826984,32,32,64,0.0297907205570932,0,0.0,1.0,0.0009877425713634,0.0
bg,50,0.0005349650175837,0.0005346788300137,0.5349650175837581,19,19,38,0.0281560535570399,0,0.0,1.0,0.0005925531214792,0.0
bg,50,0.0010725832663269,0.0010714328314637,1.0725832663269674,32,32,64,0.0335182270727177,0,0.0,1.0,0.001101693916914,0.0
bg,50,0.0010595139750001,0.0010583914051369,1.0595139750001508,25,25,50,0.042380559000006,0,0.0,1.0,0.0009385213352123,0.0
bg,50,0.0006642789330787,0.0006638376665778,0.6642789330787711,24,24,48,0.0276782888782821,0,0.0,1.0,0.0005497468744382,0.0
bg,50,0.0008044927707674,0.0008038455621491,0.8044927707674159,24,24,48,0.033520532115309,0,0.0,1.0,0.0007403312648761,0.0
bg,50,0.0009367378179016,0.0009358603401621,0.936737817901652,29,29,58,0.0323013040655742,0,0.0,1.0,0.0009731089644589,0.0
bg,50,0.0006735070099503,0.0006730533982578,0.6735070099503417,22,22,44,0.0306139549977428,0,0.0,1.0,0.0006602424406627,0.0
bg,50,0.0006322979759873,0.0006318981752569,0.6322979759873997,21,21,42,0.0301094274279714,0,0.0,1.0,0.0005157018222131,0.0
bg,50,0.0010745534296297,0.0010733987645566,1.0745534296297308,34,34,68,0.0316045126361685,0,0.0,1.0,0.001089773199151,0.0
bg,50,0.0010653734568449,0.0010642384362424,1.065373456844977,32,32,64,0.0332929205264055,0,0.0,1.0,0.0011800598624839,0.0
bg,50,0.0004006612322599,0.0004005007028368,0.4006612322599068,13,13,26,0.0308200947892236,0,0.0,1.0,0.0003745224340632,0.0
bg,50,0.0008482314328839,0.0008475119363202,0.8482314328839493,30,30,60,0.0282743810961316,0,0.0,1.0,0.0008208316321563,0.0
bg,50,0.0006813489941534,0.0006808847577015,0.6813489941534208,30,30,60,0.0227116331384473,0,0.0,1.0,0.0006864314866726,0.0
bg,50,0.0009997455698983,0.0009987460786938,0.9997455698983516,24,24,48,0.0416560654124313,0,0.0,1.0,0.0007045778315659,0.0
bg,50,0.0006672372228856,0.000666792017374,0.667237222885646,21,21,42,0.0317732010897926,0,0.0,1.0,0.0005525855768367,0.0
bg,50,0.0009568458584043,0.0009559303044075,0.9568458584043428,26,26,52,0.0368017637847824,0,0.0,1.0,0.0010552010293737,0.0
bg,50,0.0011077909289105,0.0011065637281684,1.1077909289105818,32,32,64,0.0346184665284556,0,0.0,1.0,0.0013571381036632,0.0
bg,50,0.0005275232995684,0.0005272450187368,0.5275232995684718,24,24,48,0.0219801374820196,0,0.0,1.0,0.000444776767702,0.0
bg,50,0.0011645651474365,0.0011632089354539,1.1645651474365823,28,28,56,0.0415916124084493,0,0.0,1.0,0.001113465869146,0.0
bg,50,0.0006709545985163,0.000670504418443,0.6709545985163068,21,21,42,0.0319502189769669,0,0.0,1.0,0.0005936364393182,0.0
bg,50,0.0006509638812984,0.0006505401273237,0.6509638812984884,25,25,50,0.0260385552519395,0,0.0,1.0,0.0006405035474941,0.0
bg,50,0.0008782582139289,0.0008774868764386,0.878258213928973,23,23,46,0.0381851397360423,0,0.0,1.0,0.0010629176308582,0.0
bg,50,0.0007674911118732,0.0007669020692664,0.7674911118732055,22,22,44,0.0348859596306002,0,0.0,1.0,0.0007822063655394,0.0
bg,50,0.0008736016432935,0.0008728384634623,0.873601643293533,24,24,48,0.0364000684705638,0,0.0,1.0,0.0009442855098819,0.0
bg,50,0.0005920987680981,0.0005917481871469,0.592098768098122,22,22,44,0.0269135803680964,0,0.0,1.0,0.0006549570038845,0.0
bg,50,0.0004197616094061,0.0004195854095974,0.4197616094061516,19,19,38,0.0220927162845342,0,0.0,1.0,0.0004130916397031,0.0
bg,50,0.0007333432204595,0.0007328054281805,0.7333432204595027,28,28,56,0.026190829302125,0,0.0,1.0,0.0008035576868515,0.0
bg,50,0.0010487750215602,0.0010476750925143,1.0487750215602212,30,30,60,0.0349591673853407,0,0.0,1.0,0.0012769997436178,0.0
bg,50,0.0009277201069095,0.0009268594423128,0.9277201069095932,31,31,62,0.0299264550615997,0,0.0,1.0,0.0009067944984212,0.0
bg,50,0.0009403957021117,0.0009395113580352,0.940395702111779,33,33,66,0.0284968394579326,0,0.0,1.0,0.0009219423793029,0.0
bg,50,0.0005464934689106,0.000546194813799,0.5464934689106329,22,22,44,0.0248406122232105,0,0.0,1.0,0.0004745787134624,0.0
bg,50,0.0006566332673768,0.000656202100129,0.6566332673768827,24,24,48,0.0273597194740367,0,0.0,1.0,0.0006356377057671,0.0
bg,50,0.0011974122651204,0.0011959784689877,1.197412265120403,26,26,52,0.0460543178892462,0,0.0,1.0,0.0011089456202793,0.0
bg,50,0.0008028399598067,0.0008021954078056,0.8028399598067466,21,21,42,0.0382304742765117,0,0.0,1.0,0.0009870754234077,0.0
bg,50,0.0008413311673288,0.0008406233291957,0.841331167328832,21,21,42,0.0400633889204205,0,0.0,1.0,0.0008612243140271,0.0
bg,50,0.0005302701950463,0.0005299890085665,0.5302701950463504,17,17,34,0.0311923644144912,0,0.0,1.0,0.0005911752380328,0.0
bg,50,0.0005866229207719,0.0005862787943207,0.5866229207719709,32,32,64,0.018331966274124,0,0.0,1.0,0.0007117064968139,0.0
bg,50,0.0014149512686608,0.0014556296527356,1.414951268660836,36,36,72,0.0393042019072454,0,0.0,1.0,0.0011749104594447,0.0
bg,50,0.0004689714730012,0.0004687515387587,0.4689714730012149,16,16,32,0.0293107170625759,0,0.0,1.0,0.0004901968125209,0.0
bg,50,0.0009726316718646,0.0009716856594955,0.9726316718646472,24,24,48,0.0405263196610269,0,0.0,1.0,0.0011360221092588,0.0
bg,50,0.0005949622162754,0.0005946082362366,0.5949622162754622,23,23,46,0.0258679224467592,0,0.0,1.0,0.0005598135258897,0.0
bg,50,0.000928801140564,0.0009279384690053,0.9288011405640564,25,25,50,0.0371520456225622,0,0.0,1.0,0.0011525004709585,0.0
bg,50,0.0008583574354944,0.0008576206580073,0.8583574354944261,30,30,60,0.0286119145164808,0,0.0,1.0,0.0008268664070405,0.0
bg,50,0.0007262575547376,0.0007257301047018,0.7262575547376287,25,25,50,0.0290503021895051,0,0.0,1.0,0.0007578250414577,0.0
bg,50,0.0004861107549549,0.0004858744512888,0.4861107549549821,16,16,32,0.0303819221846863,0,0.0,1.0,0.0003517425365293,0.0
bg,50,0.0007404503047118,0.000739902038058,0.7404503047118105,25,25,50,0.0296180121884724,0,0.0,1.0,0.000766639885637,0.0
bg,50,0.0007321050724122,0.0007315690945751,0.7321050724122058,19,19,38,0.0385318459164318,0,0.0,1.0,0.0006666224999439,0.0
bg,50,0.0005939842359764,0.0005936314187038,0.5939842359764569,20,20,40,0.0296992117988228,0,0.0,1.0,0.0004760498148626,0.0
bg,50,0.0005349581452839,0.0005346719650667,0.534958145283932,22,22,44,0.0243162793310878,0,0.0,1.0,0.0005439438972291,0.0
bg,50,0.0003989114278547,0.0003987522975274,0.3989114278547294,17,17,34,0.0234653781091017,0,0.0,1.0,0.0003533298373911,0.0
bg,50,0.0008211085920179,0.000820434372698,0.8211085920179073,22,22,44,0.0373231178189957,0,0.0,1.0,0.0006733604018141,0.0
bg,50,0.0009397507634059,0.0009388676319086,0.939750763405968,29,29,58,0.0324051987381368,0,0.0,1.0,0.0009159092799965,0.0
bg,50,0.0008365654502775,0.0008358656085249,0.8365654502775328,21,21,42,0.0398364500132158,0,0.0,1.0,0.0010420433397512,0.0
bg,50,0.0007886858329083,0.0007880638075653,0.7886858329083726,30,30,60,0.0262895277636124,0,0.0,1.0,0.0007933556344339,0.0
bg,50,0.0006944964334367,0.0006940141081406,0.6944964334367114,26,26,52,0.0267114012860273,0,0.0,1.0,0.000529700476293,0.0
bg,50,0.0011679565564606,0.0011665924339428,1.167956556460631,25,25,50,0.0467182622584252,0,0.0,1.0,0.0010660722165639,0.0
bg,50,0.0007251884796597,0.0007246625813287,0.7251884796597636,17,17,34,0.042658145862339,0,0.0,1.0,0.000719538322424,0.0
bg,50,0.0007310725359604,0.0007305380689075,0.7310725359604167,23,23,46,0.0317857624330615,0,0.0,1.0,0.0007669242329376,0.0
bg,50,0.0005934388257666,0.0005930866561267,0.5934388257666416,22,22,44,0.0269744920803018,0,0.0,1.0,0.0005723464598412,0.0
bg,50,0.0006022081770422,0.0006018455223537,0.6022081770422076,18,18,36,0.0334560098356782,0,0.0,1.0,0.0006632697336243,0.0
bg,50,0.0009121298140012,0.0009112978332036,0.912129814001247,32,32,64,0.0285040566875389,0,0.0,1.0,0.0010161202947532,0.0
bg,50,0.0007076119864531,0.0007071112717297,0.7076119864531449,23,23,46,0.030765738541441,0,0.0,1.0,0.0006452566580804,0.0
bg,50,0.000587631271508,0.0005872859609967,0.587631271508009,23,23,46,0.0255491857177395,0,0.0,1.0,0.0006906750272317,0.0
bg,50,0.0012420136623596,0.0012404710644221,1.242013662359657,29,29,58,0.0428280573227467,0,0.0,1.0,0.0011924560826529,0.0
bg,50,0.0011408968556922,0.0011395952100569,1.1408968556922847,32,32,64,0.0356530267403839,0,0.0,1.0,0.0013506935563093,0.0
bg,50,0.0004861723511446,0.0004859359875896,0.4861723511446811,22,22,44,0.0220987432338491,0,0.0,1.0,0.0005078416281517,0.0
bg,50,0.0005976057929677,0.0005972486602839,0.5976057929677339,19,19,38,0.0314529364719859,0,0.0,1.0,0.0005173112870365,0.0
bg,50,0.0005621402984263,0.0005618242967112,0.5621402984263923,22,22,44,0.0255518317466541,0,0.0,1.0,0.0004840564184971,0.0
bg,50,0.0010796763631014,0.0010785106620523,1.0796763631014077,27,27,54,0.0399880134482002,0,0.0,1.0,0.0011435878495279,0.0
bg,50,0.0010449581678767,0.0011050073906461,1.0449581678767572,32,32,64,0.0326549427461486,0,0.0,1.0,0.0010526057974105,0.0
bg,50,0.0006179272045783,0.0006175453705481,0.617927204578308,20,20,40,0.0308963602289153,0,0.0,1.0,0.0005446418788789,0.0
bg,50,0.0006856373904068,0.0006851672917756,0.6856373904068143,21,21,42,0.0326493995431816,0,0.0,1.0,0.0005087425841525,0.0
bg,50,0.0004561562783421,0.0004559481997918,0.4561562783421564,21,21,42,0.0217217275401026,0,0.0,1.0,0.0004001867614268,0.0
bg,50,0.0009090296271365,0.0009082032922735,0.909029627136512,24,24,48,0.0378762344640213,0,0.0,1.0,0.0009879546553988,0.0
bg,50,0.000711105534404,0.0007105998633229,0.7111055344040054,20,20,40,0.0355552767202002,0,0.0,1.0,0.0010603054252803,0.0
bg,50,0.0008481758836044,0.0008474564812749,0.8481758836044957,27,27,54,0.0314139216149813,0,0.0,1.0,0.0009259454904088,0.0
bg,50,0.0007607484803383,0.000760169742088,0.7607484803383997,25,25,50,0.0304299392135359,0,0.0,1.0,0.0008804343777953,0.0
bg,50,0.0010497019397801,0.0010486000656177,1.0497019397801486,28,28,56,0.0374893549921481,0,0.0,1.0,0.0009796525468637,0.0
bg,50,0.0012382326945216,0.0012366994743158,1.2382326945216304,41,41,82,0.0302007974273568,0,0.0,1.0,0.0013599788389183,0.0
bg,50,0.0015029865274599,0.0015007275589582,1.502986527459953,37,37,74,0.0406212574989176,0,0.0,1.0,0.001438323307867,0.0
bg,50,0.0009868624435893,0.0009858885461067,0.986862443589315,36,36,72,0.0274128456552587,0,0.0,1.0,0.0007291209787891,0.0
bg,50,0.0006003650233055,0.0006000045851443,0.6003650233055815,26,26,52,0.02309096243483,0,0.0,1.0,0.000334463992526,0.0
bg,50,0.000522374774436,0.000522101899031,0.5223747744360194,19,19,38,0.0274934091808431,0,0.0,1.0,0.0005751472889259,0.0
bg,50,0.0007799533209726,0.0007793449937897,0.7799533209726626,28,28,56,0.0278554757490236,0,0.0,1.0,0.0007403811214975,0.0
bg,50,0.0008642919528047,0.0008635449522251,0.864291952804793,28,28,56,0.0308675697430283,0,0.0,1.0,0.000718917398362,0.0
bg,50,0.0010943429834023,0.0010931453968369,1.0943429834023064,24,24,48,0.0455976243084294,0,0.0,1.0,0.001055927651036,0.0
bg,50,0.0003797118289392,0.0003795676478662,0.3797118289392607,15,15,30,0.025314121929284,0,0.0,1.0,0.0003700717018756,0.0
bg,50,0.0007822102301609,0.0007815983773168,0.7822102301609846,21,21,42,0.0372481061981421,0,0.0,1.0,0.0007487880337217,0.0
bg,50,0.0006543028309477,0.0006538747187531,0.6543028309477457,25,25,50,0.0261721132379098,0,0.0,1.0,0.0006508183228624,0.0
bg,50,0.000578547237137,0.0005782125202314,0.5785472371370624,16,16,32,0.0361592023210664,0,0.0,1.0,0.0003886069685512,0.0
bg,50,0.0006694308518443,0.0006689827141789,0.6694308518443677,20,20,40,0.0334715425922183,0,0.0,1.0,0.000730243345833,0.0
bg,50,0.0011002141532992,0.0010990036821161,1.100214153299226,27,27,54,0.0407486723444157,0,0.0,1.0,0.0013023025766411,0.0
bg,50,0.0006703004186082,0.000669851115957,0.6703004186082495,18,18,36,0.0372389121449027,0,0.0,1.0,0.0005581412333208,0.0
bg,50,0.0005714604813289,0.0005711339142471,0.5714604813289137,16,16,32,0.0357162800830571,0,0.0,1.0,0.0005093572592176,0.0
bg,50,0.0007795539936829,0.0007789462892539,0.779553993682967,19,19,38,0.0410291575622614,0,0.0,1.0,0.0009200503679681,0.0
bg,50,0.0010039674158181,0.001002959465246,1.0039674158181242,25,25,50,0.0401586966327249,0,0.0,1.0,0.0011489008834892,0.0
bg,50,0.000576313608604,0.0005759814712285,0.5763136086040248,21,21,42,0.0274435051716202,0,0.0,1.0,0.0006768759221313,0.0
bg,50,0.0012815009707806,0.0012798587260424,1.281500970780602,29,29,58,0.0441896886476069,0,0.0,1.0,0.0015751027942434,0.0
bg,50,0.0006660587651079,0.0006656151308293,0.6660587651079024,24,24,48,0.0277524485461626,0,0.0,1.0,0.0007507032665325,0.0
bg,50,0.0008568413809095,0.0008561072037574,0.8568413809095006,27,27,54,0.0317348659596111,0,0.0,1.0,0.0008656791972025,0.0
bg,50,0.0007250061131251,0.0007244804792611,0.7250061131251897,19,19,38,0.0381582164802731,0,0.0,1.0,0.000704950220148,0.0
bg,50,0.0008491116031805,0.0008483906126658,0.8491116031805142,22,22,44,0.0385959819627506,0,0.0,1.0,0.0007790273910516,0.0
bg,50,0.0013314310157854,0.0013296583072356,1.33143101578543,32,32,64,0.0416072192432946,0,0.0,1.0,0.0015468108746599,0.0
bg,50,0.0012168671894642,0.0012153864237074,1.2168671894642031,29,29,58,0.0419609375677311,0,0.0,1.0,0.0009174609285353,0.0
bg,50,0.0007444831060069,0.0007439288509118,0.7444831060069497,25,25,50,0.0297793242402779,0,0.0,1.0,0.0006530662570425,0.0
bg,50,0.0011641083784243,0.0011627532301075,1.1641083784243054,30,30,60,0.0388036126141435,0,0.0,1.0,0.0011211731477935,0.0
bg,50,0.0003686334480558,0.0003684975574368,0.3686334480558457,15,15,30,0.024575563203723,0,0.0,1.0,0.0003252591427807,0.0
bg,50,0.0007461538777149,0.0007455971321056,0.7461538777149113,21,21,42,0.0355311370340433,0,0.0,1.0,0.0006524132578923,0.0
bg,50,0.0014416676912737,0.0014395892855416,1.4416676912737376,32,32,64,0.0450521153523043,0,0.0,1.0,0.0010807777826374,0.0
bg,50,0.000479990177049,0.000479759786479,0.4799901770490891,18,18,36,0.0266661209471716,0,0.0,1.0,0.0004855638154683,0.0
bg,50,0.0013245676237331,0.0013228131443432,1.3245676237331176,39,39,78,0.0339632724034132,0,0.0,1.0,0.0016010706297537,0.0
bg,50,0.0008190931670805,0.0008184222534641,0.819093167080517,28,28,56,0.0292533273957327,0,0.0,1.0,0.0008144947377274,0.0
bg,50,0.0003410194782875,0.0003409031840029,0.3410194782875209,13,13,26,0.0262322675605785,0,0.0,1.0,0.0003682403847572,0.0
bg,50,0.0007883386567184,0.0007877171788808,0.7883386567184907,21,21,42,0.0375399360342138,0,0.0,1.0,0.0008191777361288,0.0
bg,50,0.0008407147383999,0.0008400079371285,0.8407147383999529,22,22,44,0.0382143062909069,0,0.0,1.0,0.0008921853685935,0.0
bg,50,0.0010316469323581,0.001030582636965,1.0316469323581408,22,22,44,0.0468930423799154,0,0.0,1.0,0.0010369023221562,0.0
bg,50,0.0006994569485717,0.0006989677085488,0.6994569485717079,26,26,52,0.026902190329681,0,0.0,1.0,0.0006709027046342,0.0
bg,50,0.0009571343915043,0.0009562182852609,0.9571343915043188,27,27,54,0.0354494219075673,0,0.0,1.0,0.0010039815751,0.0
bg,50,0.0008516707746767,0.0008563991215967,0.8516707746767125,22,22,44,0.0387123079398505,1,0.001,1.0,0.0009171569076842,0.9162662681456172
bg,50,0.001099703818433,0.0010984944699448,1.0997038184330776,27,27,54,0.0407297710530769,0,0.0,1.0,0.0009369850750717,0.0
bg,50,0.0006609213914946,0.0006604845744089,0.6609213914946892,21,21,42,0.0314724472140328,0,0.0,1.0,0.0006645501804375,0.0
bg,50,0.0008718122324024,0.0008710521758338,0.871812232402462,30,30,60,0.0290604077467487,0,0.0,1.0,0.0008523690499741,0.0
bg,50,0.0011603411637959,0.0012177231314054,1.1603411637959002,22,22,44,0.0527427801725409,0,0.0,1.0,0.0012168678713719,0.0
bg,50,0.0011117870775605,0.0011105510070547,1.1117870775605496,28,28,56,0.0397066813414482,0,0.0,1.0,0.0010920620042752,0.0
bg,50,0.0009141170013223,0.0009132813914302,0.9141170013223938,27,27,54,0.0338561852341627,0,0.0,1.0,0.0008364753052989,0.0
bg,50,0.0012090316600031,0.0012075699024482,1.2090316600031272,30,30,60,0.0403010553334375,0,0.0,1.0,0.0010988177515675,0.0
bg,50,0.0012698394529814,0.001268226960745,1.269839452981442,27,27,54,0.0470310908511645,0,0.0,1.0,0.0010268336130559,0.0
bg,50,0.0007858492851531,0.0007852317260542,0.7858492851531969,23,23,46,0.034167360224052,0,0.0,1.0,0.0007652769086394,0.0
bg,50,0.0005757775460337,0.0005754460262512,0.5757775460337982,23,23,46,0.0250338063492955,0,0.0,1.0,0.000589912449136,0.0
bg,50,0.0005863793785121,0.0005860355377366,0.5863793785121629,17,17,34,0.0344929046183625,0,0.0,1.0,0.0004988893043492,0.0
bg,50,0.0006199908451709,0.0006196064565228,0.6199908451709675,23,23,46,0.0269561237030855,0,0.0,1.0,0.0006736639023544,0.0
bg,50,0.0006733194443182,0.0006728660852441,0.6733194443182953,22,22,44,0.0306054292871952,0,0.0,1.0,0.0005650483531973,0.0
bg,50,0.0006135332018664,0.0006131567788766,0.6135332018664457,25,25,50,0.0245413280746578,0,0.0,1.0,0.0005729683018768,0.0
bg,50,0.0008654824108637,0.0008647333510601,0.8654824108637058,27,27,54,0.0320549041060631,0,0.0,1.0,0.0008544103677447,0.0
bg,50,0.0004815513638241,0.0004813194721081,0.4815513638241597,21,21,42,0.0229310173249599,0,0.0,1.0,0.000438545306734,0.0
bg,50,0.0004322817616426,0.0004320948941211,0.432281761642642,17,17,34,0.0254283389201554,0,0.0,1.0,0.0004430078833409,0.0
bg,50,0.0009298891702851,0.000929024476416,0.9298891702851028,29,29,58,0.0320651438029345,0,0.0,1.0,0.0007958703952786,0.0
bg,50,0.0008107601231341,0.0008101027911568,0.8107601231341164,29,29,58,0.0279572456253143,0,0.0,1.0,0.0006411012810545,0.0
bg,50,0.0008159978029863,0.0008153319505719,0.8159978029863808,27,27,54,0.0302221408513474,0,0.0,1.0,0.0009850949276202,0.0
bg,50,0.000470948257584,0.0004707264653227,0.4709482575840957,20,20,40,0.0235474128792047,0,0.0,1.0,0.0005243751730469,0.0
bg,50,0.001402810865059,0.0014008429867358,1.40281086505901,26,26,52,0.0539542640407311,0,0.0,1.0,0.0013579193957239,0.0
bg,50,0.0010949156019622,0.0010937167617868,1.0949156019622477,36,36,72,0.030414322276729,0,0.0,1.0,0.0013775556548753,0.0
bg,50,0.0004547090498045,0.0004545022894845,0.4547090498045349,16,16,32,0.0284193156127834,0,0.0,1.0,0.0005296871065014,0.0
bg,50,0.000971540711307,0.0009705968199533,0.9715407113070582,26,26,52,0.0373669504348868,0,0.0,1.0,0.0010093415996379,0.0
bg,50,0.0011351413393597,0.0011338527934993,1.1351413393597127,29,29,58,0.0391428048055073,0,0.0,1.0,0.0013148364517097,0.0
bg,50,0.0007864277443903,0.0007858092757931,0.7864277443903269,25,25,50,0.031457109775613,0,0.0,1.0,0.0006118087844974,0.0
bg,50,0.0009220805651327,0.0009212303325641,0.9220805651327844,32,32,64,0.0288150176603995,0,0.0,1.0,0.000965405416804,0.0
bg,50,0.000959556279841,0.0009586355315868,0.9595562798410082,27,27,54,0.0355391214755929,0,0.0,1.0,0.0010695526517738,0.0
bg,50,0.0007089220311712,0.0007084194607249,0.7089220311712694,20,20,40,0.0354461015585634,0,0.0,1.0,0.0006756816756673,0.0
bg,50,0.0008568421419704,0.0008561079635142,0.8568421419704819,30,30,60,0.0285614047323494,0,0.0,1.0,0.0007908015040949,0.0
bg,50,0.0011211952581931,0.0011199381793861,1.121195258193186,33,33,66,0.033975613884642,0,0.0,1.0,0.0008289765281161,0.0
bg,50,0.0003995249246231,0.0003993653044577,0.3995249246231083,24,24,48,0.0166468718592961,0,0.0,1.0,0.0004305891364272,0.0
bg,50,0.0011901073810035,0.0011886910254252,1.190107381003557,34,34,68,0.0350031582648105,0,0.0,1.0,0.0015944299718022,0.0
bg,50,0.001045226266551,0.0010441337686028,1.045226266551098,32,32,64,0.0326633208297218,0,0.0,1.0,0.0008224719679066,0.0
bg,50,0.0008014393136911,0.0008007970087176,0.801439313691148,27,27,54,0.0296829375441165,0,0.0,1.0,0.0006688163781991,0.0
bg,50,0.000763378674914,0.0007627959279127,0.7633786749140876,21,21,42,0.0363513654720994,0,0.0,1.0,0.0006834536836344,0.0
bg,50,0.0005832718743204,0.000582931668241,0.583271874320431,17,17,34,0.034310110254143,0,0.0,1.0,0.0006079848206956,0.0
bg,50,0.0008739141397585,0.0008731504138348,0.8739141397585666,25,25,50,0.0349565655903426,0,0.0,1.0,0.0008162796732217,0.0
bg,50,0.0008478634589132,0.0008471445864683,0.8478634589132878,30,30,60,0.0282621152971095,0,0.0,1.0,0.0009084472156779,0.0
bg,50,0.0010243341559722,0.0010232848955091,1.024334155972273,29,29,58,0.0353218674473197,0,0.0,1.0,0.0011322452727752,0.0
bg,50,0.0005948267321192,0.000594472913278,0.5948267321192446,22,22,44,0.0270375787326929,0,0.0,1.0,0.000682390881071,0.0
bg,50,0.0008743031367588,0.0008735387307838,0.8743031367588276,26,26,52,0.0336270437214933,0,0.0,1.0,0.0007810824466707,0.0
bg,50,0.0006660571474669,0.0006656135153432,0.6660571474669368,22,22,44,0.0302753248848607,0,0.0,1.0,0.0006180116416472,0.0
bg,50,0.000930463521276,0.0009295977589116,0.9304635212760834,28,28,56,0.0332308400455744,0,0.0,1.0,0.0008741208301331,0.0
bg,50,0.0007413135047714,0.000740763959059,0.7413135047714516,27,27,54,0.0274560557322759,0,0.0,1.0,0.0006824266503029,0.0
bg,50,0.0008418661947515,0.0008411574560616,0.8418661947515176,25,25,50,0.0336746477900607,0,0.0,1.0,0.0009137546890519,0.0
bg,50,0.0010855540944781,0.0010843756667861,1.0855540944781872,26,26,52,0.0417520805568533,0,0.0,1.0,0.0013241232648938,0.0
bg,50,0.0011143607222833,0.001113118922464,1.1143607222833791,32,32,64,0.0348237725713556,0,0.0,1.0,0.0011540016627188,0.0
bg,50,0.0005690960117723,0.0005687721415017,0.5690960117723343,22,22,44,0.0258680005351061,0,0.0,1.0,0.0004256114178696,0.0
bg,50,0.0009215452994211,0.0009900597764755,0.9215452994211848,28,28,56,0.0329123321221851,0,0.0,1.0,0.0007783869160553,0.0
bg,50,0.0005756358101661,0.0005753044535802,0.5756358101661858,25,25,50,0.0230254324066474,0,0.0,1.0,0.0006220926703273,0.0
bg,50,0.0012671396815823,0.0012655340386097,1.267139681582364,30,30,60,0.0422379893860788,0,0.0,1.0,0.0015039186132396,0.0
bg,50,0.0008421656365152,0.0008414563935559,0.8421656365152614,29,29,58,0.0290401943625952,0,0.0,1.0,0.0007878482291189,0.0
bg,50,0.0009510080322788,0.0009501036160014,0.9510080322788852,30,30,60,0.0317002677426295,0,0.0,1.0,0.0008525056515752,0.0
bg,50,0.0007133055181865,0.0007127967134243,0.713305518186587,20,20,40,0.0356652759093293,0,0.0,1.0,0.0008071127395532,0.0
bg,50,0.0011656307544172,0.0011642720593616,1.1656307544172648,28,28,56,0.0416296698006166,0,0.0,1.0,0.0012053881793559,0.0
bg,50,0.0010556163837746,0.0010545020578249,1.055616383774673,30,30,60,0.0351872127924891,0,0.0,1.0,0.0008650160212397,0.0
bg,50,0.000497265574502,0.0004970183014504,0.4972655745020518,15,15,30,0.0331510383001367,0,0.0,1.0,0.0006093240310818,0.0
bg,50,0.0008949160073287,0.0008941151326685,0.8949160073287459,22,22,44,0.0406780003331248,0,0.0,1.0,0.0006620767361255,0.0
bg,50,0.0008697965187973,0.0008690399728132,0.8697965187973384,31,31,62,0.0280579522192689,0,0.0,1.0,0.0009527349434201,0.0
bg,50,0.0009328187403304,0.0009319485895281,0.9328187403304824,31,31,62,0.0300909271074349,0,0.0,1.0,0.0007196176268026,0.0
bg,50,0.0007977521656738,0.000797115757156,0.797752165673856,21,21,42,0.0379881983654217,0,0.0,1.0,0.0008721212044213,0.0
bg,50,0.0006785758683237,0.0006781154031147,0.6785758683237759,23,23,46,0.0295032986227728,0,0.0,1.0,0.0006089007500327,0.0
bg,50,0.000749989800094,0.0007494273153938,0.7499898000940526,22,22,44,0.0340904454588205,0,0.0,1.0,0.0006845972385097,0.0
bg,50,0.0010323980036362,0.0010313321579983,1.032398003636235,31,31,62,0.0333031614076204,0,0.0,1.0,0.0011655480526778,0.0
bg,50,0.0008545339959771,0.0008538037676268,0.8545339959771425,24,24,48,0.0356055831657142,0,0.0,1.0,0.0005779331926368,0.0
bg,50,0.0010193737621688,0.0010183346393018,1.0193737621688292,28,28,56,0.0364062057917439,0,0.0,1.0,0.0010522497149101,0.0
bg,50,0.0008449738586386,0.0008442598778168,0.844973858638653,25,25,50,0.0337989543455461,0,0.0,1.0,0.0008694810065104,0.0
bg,50,0.0006238645150881,0.0006234753081549,0.6238645150881652,20,20,40,0.0311932257544082,0,0.0,1.0,0.0006205609030035,0.0
bg,50,0.0011776418207296,0.0011762549804716,1.1776418207296122,36,36,72,0.0327122727980447,0,0.0,1.0,0.000915403591329,0.0
bg,50,0.000826984745281,0.0008263008415121,0.8269847452810275,25,25,50,0.0330793898112411,0,0.0,1.0,0.0010139549901733,0.0
bg,50,0.0008014128931673,0.000800770630542,0.8014128931673845,25,25,50,0.0320565157266953,0,0.0,1.0,0.0007259807768951,0.0
bg,50,0.0013358434260731,0.0013340589484141,1.3358434260731826,38,38,76,0.0351537743703469,0,0.0,1.0,0.0011844329569845,0.0
bg,50,0.0008214976013146,0.0008208227430056,0.8214976013146043,26,26,52,0.0315960615890232,0,0.0,1.0,0.0006627227189734,0.0
bg,50,0.0008688462270042,0.000868091333238,0.8688462270042105,21,21,42,0.0413736298573433,0,0.0,1.0,0.0006613774252223,0.0
bg,50,0.0005634207768832,0.0005631033339114,0.5634207768832624,29,29,58,0.0194283026511469,0,0.0,1.0,0.0005755617220489,0.0
bg,50,0.0010807023231407,0.0010795344056294,1.0807023231407076,28,28,56,0.0385965115407395,0,0.0,1.0,0.001013389309967,0.0
bg,50,0.0009283744121908,0.0009275125331416,0.9283744121908296,29,29,58,0.032012910765201,0,0.0,1.0,0.0008378613026496,0.0
bg,50,0.0004247464446685,0.0004245660351263,0.4247464446685711,14,14,28,0.0303390317620407,0,0.0,1.0,0.0003833968788719,0.0
bg,50,0.0009243830781143,0.0009235285940392,0.9243830781143458,26,26,52,0.0355531953120902,0,0.0,1.0,0.000655831467501,0.0
bg,50,0.0007968953997641,0.0007962603574859,0.7968953997641606,22,22,44,0.0362225181710982,0,0.0,1.0,0.0008661392793736,0.0
bg,50,0.00111979803574,0.0011185440880991,1.1197980357400257,23,23,46,0.0486868711191315,0,0.0,1.0,0.0009821852513306,0.0
bg,50,0.0008854767178729,0.000884692648855,0.8854767178729901,27,27,54,0.0327954339952959,0,0.0,1.0,0.0009768954764154,0.0
bg,50,0.0010343390033138,0.00103326914614,1.034339003313853,33,33,66,0.0313436061610258,0,0.0,1.0,0.0013601219147111,0.0
bg,50,0.0007559906922999,0.0007554191703731,0.7559906922999602,30,30,60,0.025199689743332,0,0.0,1.0,0.0009185502849396,0.0
bg,50,0.001189259784038,0.001187845445204,1.1892597840380033,31,31,62,0.0383632188399355,0,0.0,1.0,0.0012012828531371,0.0
bg,50,0.0013575744098185,0.0013557314015403,1.357574409818561,26,26,52,0.0522144003776369,0,0.0,1.0,0.0019088107997424,0.0
bg,50,0.0006177426743932,0.0006173610683814,0.6177426743932166,27,27,54,0.0228793583108598,0,0.0,1.0,0.0005411590495583,0.0
bg,50,0.0011670842535566,0.0011657221679017,1.1670842535566237,28,28,56,0.0416815804841651,0,0.0,1.0,0.001165723593955,0.0
bg,50,0.0007514862769453,0.0007509215453208,0.751486276945311,26,26,52,0.0289033183440504,0,0.0,1.0,0.000742194242588,0.0
bg,50,0.0008324575667408,0.0008440846453799,0.8324575667408354,29,29,58,0.0287054333358908,1,0.001,1.0,0.0008916263549013,1.1781027041058607
bg,50,0.000882109250888,0.0008813311341575,0.8821092508880284,23,23,46,0.0383525761255664,0,0.0,1.0,0.0010686320828256,0.0
bg,50,0.0006689895727303,0.0006685420256819,0.668989572730335,22,22,44,0.0304086169422879,0,0.0,1.0,0.0007902859703701,0.0
bg,50,0.0005441290791914,0.0005438330027365,0.5441290791914053,27,27,54,0.0201529288589409,0,0.0,1.0,0.0005255877867389,0.0
bg,50,0.0013589184688575,0.0013570718094525,1.358918468857567,36,36,72,0.0377477352460435,0,0.0,1.0,0.001850343764557,0.0
bg,50,0.0009997571472946,0.0009987576329411,0.9997571472946704,28,28,56,0.035705612403381,0,0.0,1.0,0.0011381549401285,0.0
bg,50,0.0006924189363474,0.0006919394923639,0.6924189363474105,25,25,50,0.0276967574538964,0,0.0,1.0,0.0007464731655257,0.0
bg,50,0.0005735291729167,0.0005732002372045,0.5735291729167216,23,23,46,0.0249360509963792,0,0.0,1.0,0.0005108667095155,0.0
bg,50,0.0007761162502208,0.000775513893787,0.7761162502208991,22,22,44,0.0352780113736772,0,0.0,1.0,0.0007467685780371,0.0
bg,50,0.0010601806794879,0.0010590566964147,1.0601806794879458,31,31,62,0.0341993767576756,0,0.0,1.0,0.0011663571902723,0.0
bg,50,0.0005553658919769,0.000555057460703,0.5553658919769813,22,22,44,0.0252439041807718,0,0.0,1.0,0.000589583081798,0.0
bg,50,0.0008599180739808,0.0008591786148869,0.8599180739808592,27,27,54,0.0318488175548466,0,0.0,1.0,0.0009820672482502,0.0
bg,50,0.0005867124991468,0.0005863682675901,0.5867124991468522,22,22,44,0.0266687499612205,2,0.002,1.0,0.0006151897270857,1.7437026647134557
bg,50,0.0010189316741211,0.0010178934523646,1.0189316741211911,39,39,78,0.0261264531825946,0,0.0,1.0,0.0010239315196815,0.0
bg,50,0.0007138772165836,0.0007133675959033,0.713877216583672,29,29,58,0.0246164557442645,0,0.0,1.0,0.0008498029494063,0.0
bg,50,0.0008142868583444,0.0008136237952567,0.8142868583444596,22,22,44,0.0370130390156572,0,0.0,1.0,0.0008835082128444,0.0
bg,50,0.0008315619730588,0.0008308704777438,0.8315619730588635,27,27,54,0.0307985915947727,0,0.0,1.0,0.0007693108642524,0.0
bg,50,0.0010123149215802,0.0010112901400798,1.0123149215802982,26,26,52,0.0389351892915499,0,0.0,1.0,0.0008912898631351,0.0
bg,50,0.0008152719028002,0.0008146072345247,0.8152719028002196,22,22,44,0.0370578137636463,0,0.0,1.0,0.0009428010782847,0.0
bg,50,0.0008105343580921,0.0008098773921465,0.810534358092152,26,26,52,0.0311743983881596,0,0.0,1.0,0.0008562117400839,0.0
bg,50,0.0012988224544535,0.0012971355146854,1.2988224544535996,35,35,70,0.0371092129843885,0,0.0,1.0,0.0012254082655154,0.0
bg,50,0.0007108113311115,0.0007103060783631,0.7108113311115574,18,18,36,0.0394895183950865,0,0.0,1.0,0.0007320404413603,0.0
bg,50,0.0011882179790479,0.0011868061170822,1.1882179790479557,27,27,54,0.0440080732980724,0,0.0,1.0,0.0011591808844801,0.0
bg,50,0.0008275444979129,0.0008268596680169,0.8275444979129816,23,23,46,0.0359801955614339,0,0.0,1.0,0.0006198643287673,0.0
bg,50,0.0004650313905422,0.000464815136348,0.4650313905422463,18,18,36,0.025835077252347,0,0.0,1.0,0.0004445406867072,0.0
bg,50,0.0006984589779982,0.0006979711330543,0.6984589779982997,22,22,44,0.031748135363559,0,0.0,1.0,0.0005544222291529,0.0
bg,50,0.0008331359230357,0.0008324418075694,0.833135923035746,28,28,56,0.0297548543941337,0,0.0,1.0,0.0008752373312071,0.0
bg,50,0.0010441411864894,0.001043050955672,1.044141186489412,27,27,54,0.0386718957959041,0,0.0,1.0,0.0012608959464215,0.0
bg,50,0.0003191448688576,0.0003190430154103,0.319144868857645,17,17,34,0.0187732275798614,0,0.0,1.0,0.0003524735426484,0.0
bg,50,0.0008581145191703,0.0008573781586423,0.8581145191703277,26,26,52,0.0330044045834741,0,0.0,1.0,0.0010915511416467,0.0
bg,50,0.0007457316400574,0.0007451755243784,0.7457316400574374,21,21,42,0.0355110304789255,0,0.0,1.0,0.0007380500450719,0.0
bg,50,0.0009779408337867,0.0009769844655123,0.9779408337867204,29,29,58,0.0337220977167834,0,0.0,1.0,0.0011545899530064,0.0
bg,50,0.0006893773600471,0.0006889021189026,0.689377360047166,21,21,42,0.0328274933355793,0,0.0,1.0,0.0005445414919405,0.0
bg,50,0.0009213913657923,0.0009205424037433,0.9213913657923172,29,29,58,0.031772116061804,1,0.001,1.0,0.0011156770883898,1.0840005682677194
bg,50,0.0008392645685899,0.0008385602035738,0.8392645685899254,29,29,58,0.0289401575375836,0,0.0,1.0,0.0008365046941047,0.0
bg,50,0.0004771689327992,0.0004769412426088,0.477168932799259,23,23,46,0.0207464753390982,0,0.0,1.0,0.0004751580777757,0.0
bg,50,0.000698211328873,0.0006977238298133,0.6982113288730885,36,36,72,0.0193947591353635,0,0.0,1.0,0.0007813434204275,0.0
bg,50,0.0016320819444955,0.001629418253022,1.6320819444955532,41,41,82,0.0398068766950134,0,0.0,1.0,0.0019258498201431,0.0
bg,50,0.0007037140076214,0.0007032187942169,0.7037140076214996,25,25,50,0.0281485603048599,0,0.0,1.0,0.0008477793985687,0.0
bg,50,0.001003289888267,0.0010022832976671,1.0032898882670196,28,28,56,0.0358317817238221,0,0.0,1.0,0.0012090294002521,0.0
bg,50,0.0013682097973024,0.001366337799253,1.3682097973024767,39,39,78,0.0350823024949353,0,0.0,1.0,0.0012700412094195,0.0
bg,50,0.0012007295371342,0.0011992877857129,1.200729537134258,24,24,48,0.050030397380594,0,0.0,1.0,0.0010146517266145,0.0
bg,50,0.0012867125115121,0.0012850568824248,1.28671251151213,34,34,68,0.0378444856327097,0,0.0,1.0,0.0011575493855904,0.0
bg,50,0.0007191254344707,0.0007186082930802,0.7191254344707443,24,24,48,0.0299635597696143,0,0.0,1.0,0.0007070561966422,0.0
bg,50,0.0010022083122767,0.0010012038907755,1.0022083122767924,23,23,46,0.043574274446817,0,0.0,1.0,0.0008582717650403,0.0
bg,50,0.0012729943700269,0.0012713738553607,1.2729943700269173,36,36,72,0.0353609547229699,0,0.0,1.0,0.001291615350672,0.0
bg,50,0.0008474879688567,0.0008467697329994,0.8474879688567949,27,27,54,0.0313884432909924,0,0.0,1.0,0.0007761924457927,0.0
bg,50,0.0009649584747624,0.0009640273299044,0.9649584747624828,26,26,52,0.0371137874908647,0,0.0,1.0,0.0009111674043642,0.0
bg,50,0.0008060441175732,0.0008053944104538,0.8060441175732862,23,23,46,0.0350453964162298,0,0.0,1.0,0.0008802231236195,0.0
bg,50,0.0009221034247894,0.0009212531500634,0.9221034247894372,25,25,50,0.0368841369915774,0,0.0,1.0,0.0009219779399279,0.0
bg,50,0.001150567388375,0.0011492435830599,1.1505673883750926,37,37,74,0.0310964159020295,0,0.0,1.0,0.0008892203573982,0.0
bg,50,0.0008947073296716,0.0008939068284658,0.8947073296716219,27,27,54,0.0331373085063563,0,0.0,1.0,0.0009534475967003,0.0
bg,50,0.0009973473130963,0.0009963526114334,0.9973473130963928,29,29,58,0.0343912866584963,0,0.0,1.0,0.000995731659849,0.0
bg,50,0.0007327683448151,0.0007322313953679,0.732768344815149,22,22,44,0.0333076520370522,0,0.0,1.0,0.0006212945963635,0.0
bg,50,0.0006616193426516,0.000661181602497,0.661619342651603,23,23,46,0.0287660583761566,0,0.0,1.0,0.0006592205908489,0.0
bg,50,0.0003701705611926,0.0003700335349482,0.3701705611926087,13,13,26,0.0284746585532775,0,0.0,1.0,0.0003223228271199,0.0
bg,50,0.0006103240705205,0.0006099515750494,0.6103240705205053,23,23,46,0.0265358291530654,0,0.0,1.0,0.0006049240943372,0.0
bg,50,0.0010126710526872,0.0010116455500262,1.0126710526872316,27,27,54,0.0375063352847122,0,0.0,1.0,0.0008989118137892,0.0
bg,50,0.0009546153682687,0.0009537040777674,0.9546153682687476,24,24,48,0.0397756403445311,0,0.0,1.0,0.0010404007827223,0.0
bg,50,0.0012962063891827,0.0012945262381793,1.2962063891827462,36,36,72,0.036005733032854,0,0.0,1.0,0.0012578863564357,0.0
bg,50,0.0009018876028241,0.000901074201576,0.9018876028241838,25,25,50,0.0360755041129673,0,0.0,1.0,0.0010756423544598,0.0
bg,50,0.0008904483423612,0.0008896554441107,0.8904483423612106,24,24,48,0.0371020142650504,0,0.0,1.0,0.0008086055682216,0.0
bg,50,0.0006692507721462,0.0006688028755502,0.6692507721462775,15,15,30,0.0446167181430851,0,0.0,1.0,0.000589396206555,0.0
bg,50,0.0008298913148054,0.000829202595211,0.8298913148054226,20,20,40,0.0414945657402711,0,0.0,1.0,0.0010722032353132,0.0
bg,50,0.0007017284798347,0.0007012360569753,0.7017284798347561,23,23,46,0.0305099339058589,0,0.0,1.0,0.0005096864957787,0.0
bg,50,0.0006733536000982,0.0006729001950274,0.6733536000982294,21,21,42,0.0320644571475347,0,0.0,1.0,0.000658823742282,0.0
bg,50,0.0011781636913395,0.0011767756216559,1.1781636913395888,34,34,68,0.0346518732746937,0,0.0,1.0,0.0010640369658158,0.0
bg,50,0.0007526379081757,0.0007520714443548,0.7526379081757071,24,24,48,0.0313599128406544,0,0.0,1.0,0.0008575439053949,0.0
bg,50,0.0006132388580007,0.0006128627961037,0.6132388580007486,23,23,46,0.0266625590435108,0,0.0,1.0,0.0006356797717427,0.0
bg,50,0.0010289345669212,0.0010278758605782,1.0289345669212793,25,25,50,0.0411573826768511,0,0.0,1.0,0.0009903603144533,0.0
bg,50,0.0012210698988002,0.0012195788871024,1.221069898800236,31,31,62,0.0393893515742011,0,0.0,1.0,0.0010126589116054,0.0
bg,50,0.0010128833759001,0.0010118574431669,1.0128833759001523,26,26,52,0.0389570529192366,0,0.0,1.0,0.0011128032253296,0.0
bg,50,0.0006619716309523,0.0006615334245121,0.6619716309523227,21,21,42,0.0315224586167772,0,0.0,1.0,0.0007526695582501,0.0
bg,50,0.0011630325140189,0.0011616798693902,1.16303251401893,30,30,60,0.0387677504672976,0,0.0,1.0,0.0012618978248177,0.0
bg,50,0.0008053003913124,0.0008046518825922,0.8053003913124925,24,24,48,0.0335541829713538,0,0.0,1.0,0.0008773099190724,0.0
bg,50,0.0010046833706283,0.0010036739819531,1.0046833706283689,26,26,52,0.0386416681010911,0,0.0,1.0,0.0010904811135554,0.0
bg,50,0.0004756181107545,0.0004753918981672,0.4756181107545103,19,19,38,0.0250325321449742,0,0.0,1.0,0.00059162917246,0.0
bg,50,0.0007622202765671,0.0007616392968171,0.7622202765671275,27,27,54,0.0282303806135973,0,0.0,1.0,0.000803847419523,0.0
bg,50,0.000676300528558,0.0006758431461531,0.6763005285580697,23,23,46,0.0294043708068725,0,0.0,1.0,0.0005188987143637,0.0
bg,50,0.000977060324718,0.0009761056778398,0.977060324718006,28,28,56,0.0348950115970716,0,0.0,1.0,0.0008062260380079,0.0
bg,50,0.0003917394773164,0.0003915860174983,0.3917394773164595,26,26,52,0.0150669029737099,0,0.0,1.0,0.0003480493127339,0.0
bg,50,0.0009471189034402,0.0009462218692229,0.947118903440213,29,29,58,0.0326592725324211,0,0.0,1.0,0.0009321436529823,0.0
bg,50,0.0009701768662666,0.0009692356231148,0.970176866266673,25,25,50,0.0388070746506669,0,0.0,1.0,0.0011170123451588,0.0
bg,50,0.0007157687332279,0.0007152564083484,0.7157687332279146,25,25,50,0.0286307493291165,0,0.0,1.0,0.000710387820101,0.0
bg,50,0.0007323419686509,0.0007318056438919,0.7323419686509851,23,23,46,0.0318409551587384,0,0.0,1.0,0.0006352552951612,0.0
bg,50,0.0006726867917856,0.0006722342842657,0.6726867917856367,27,27,54,0.0249143256216902,0,0.0,1.0,0.0006923751780833,0.0
bg,50,0.0009121358939184,0.0009113039020294,0.9121358939184177,24,24,48,0.0380056622466007,0,0.0,1.0,0.0007683515220482,0.0
bg,50,0.0006522008221133,0.000651775456201,0.6522008221133824,22,22,44,0.0296454919142446,0,0.0,1.0,0.0005977855872911,0.0
bg,50,0.0008292261700075,0.0008285385539665,0.8292261700075585,26,26,52,0.0318933142310599,0,0.0,1.0,0.0007837890364457,0.0
bg,50,0.0004368612990509,0.0004366704512563,0.4368612990509177,21,21,42,0.0208029190024246,0,0.0,1.0,0.0005307692276412,0.0
bg,50,0.000953172084326,0.0009522635473036,0.9531720843260274,24,24,48,0.0397155035135844,0,0.0,1.0,0.0009797309352201,0.0
bg,50,0.0005164722684904,0.0005162055248863,0.5164722684904319,21,21,42,0.0245939175471634,0,0.0,1.0,0.0004871007247236,0.0
bg,50,0.0008142936615224,0.0008136305873552,0.8142936615224627,24,24,48,0.0339289025634359,0,0.0,1.0,0.0007981119260164,0.0
bg,50,0.0008891547542,0.0008883641580231,0.8891547542000602,27,27,54,0.0329316575629651,0,0.0,1.0,0.001011747249867,0.0
bg,50,0.0008970475277569,0.0008962428334898,0.8970475277569321,27,27,54,0.033223982509516,0,0.0,1.0,0.0007671998955648,0.0
bg,50,0.0010124370119621,0.0010114119832589,1.0124370119621622,28,28,56,0.0361584647129343,0,0.0,1.0,0.0009089475137457,0.0
bg,50,0.0007193008561568,0.0007187834624351,0.7193008561568348,22,22,44,0.0326954934616743,0,0.0,1.0,0.000713038414584,0.0
bg,50,0.0005441629613045,0.0005438668479761,0.5441629613045791,18,18,36,0.0302312756280321,0,0.0,1.0,0.0005523151869744,0.0
bg,50,0.0008216709153143,0.0008209957722213,0.8216709153143995,23,23,46,0.0357248224049738,0,0.0,1.0,0.0010997430838559,0.0
bg,50,0.0007492975540972,0.0007487361072726,0.7492975540972608,23,23,46,0.0325781545259678,0,0.0,1.0,0.0007272026933566,0.0
bg,50,0.0006988620518999,0.0006983736437323,0.6988620518999422,20,20,40,0.0349431025949971,0,0.0,1.0,0.0005865493904977,0.0
bg,50,0.0008269656993719,0.000826281827104,0.826965699371975,29,29,58,0.0285160585990336,0,0.0,1.0,0.0008100092875266,0.0
bg,50,0.0006465822581336,0.0006461641895171,0.6465822581336713,24,24,48,0.0269409274222363,0,0.0,1.0,0.0007236736493482,0.0
bg,50,0.00114668509039,0.0011453702036935,1.1466850903900507,37,37,74,0.0309914889294608,0,0.0,1.0,0.0011144609433552,0.0
bg,50,0.000605487350457,0.0006051207355255,0.6054873504570839,22,22,44,0.0275221522935038,0,0.0,1.0,0.0006635763138291,0.0
bg,50,0.0009895465849682,0.0009885673825244,0.98954658496827,25,25,50,0.0395818633987308,0,0.0,1.0,0.0011164781529271,0.0
ag,50,2.0542100309684894,1.36768619630407,2054.2100309684893,1992,1989,3981,1.0327853348257865,3682,3.682,1.5,1.4112076711293846,4229.291384018184
ag,50,2.6528304873383255,1.6305212597031356,2652.8304873383254,2645,2641,5286,1.0044795484052729,6371,6.371,1.5,1.638245346182887,6383.143476631938
ag,50,1.6974232007928922,1.0676940156127106,1697.4232007928922,1662,1661,3323,1.0219284772985504,2462,2.462,1.5,1.037023115794634,2262.3484793536823
ag,50,1.3471874136034343,0.8598951062263557,1347.1874136034344,1339,1337,2676,1.0076196062852911,1603,1.603,1.5,0.7547972310621788,1902.740321631111
ag,50,2.646057886661026,1.7961596949802157,2646.057886661026,2603,2600,5203,1.0177145717927023,6520,6.52,1.5,1.9171738083167096,5243.601825807315
ag,50,1.281734034233683,0.8276119422016325,1281.734034233683,1296,1295,2591,0.989756010991261,1460,1.46,1.5,0.9178412874831228,1474.6909677961726
ag,50,1.644965491588201,1.129358196497622,1644.965491588201,1616,1615,3231,1.0185544839555425,2359,2.359,1.5,1.0797855344836,1696.082498397949
ag,50,2.975720472263569,1.875803304589727,2975.7204722635693,2906,2903,5809,1.0250501110105303,7852,7.852,1.5,2.3421743259619845,6899.744705731217
ag,50,1.9014289645744824,1.263675653523689,1901.4289645744825,1900,1900,3800,1.0007520866181487,3217,3.217,1.5,1.159923596255826,3946.912363250032
ag,50,1.2859898664471203,0.8472216708642626,1285.9898664471204,1293,1291,2584,0.9961191839249578,1464,1.464,1.5,0.7960546420103697,1636.7185824928122
ag,50,0.6368918237308305,0.4321309963226896,636.8918237308305,629,628,1257,1.0141589549853989,290,0.29,1.5,0.5241026188808685,262.11545974511654
ag,50,1.0016215777307151,0.6553374970346254,1001.6215777307152,1024,1023,2047,0.979102226520738,798,0.798,1.5,0.6119227109065561,932.364634167647
ag,50,3.496707343400151,2.3477501530524987,3496.7073434001513,3470,3467,6937,1.008568602076767,11076,11.076,1.5,2.47257650016848,12389.76644214546
ag,50,1.254483311423081,0.8298320113867339,1254.483311423081,1302,1301,2603,0.9642454353751584,1374,1.374,1.5,0.8239208831665645,1659.0558273729891
ag,50,1.963556418119309,1.2367444165135195,1963.556418119309,1970,1969,3939,0.9972353570946212,3346,3.346,1.5,1.316361378235409,3024.568151642952
ag,50,1.9777769228515485,1.2600372181998276,1977.7769228515483,1971,1968,3939,1.004967948603429,3528,3.528,1.5,1.4575439988398642,3021.5185544810834
ag,50,2.5879321643193265,1.615769436887838,2587.9321643193266,2638,2634,5272,0.982510312953427,6062,6.062,1.5,1.622436946908495,5715.905381289365
ag,50,1.3260389242980637,0.8833771124513992,1326.0389242980634,1271,1268,2539,1.0457720223170848,1484,1.484,1.5,0.8256445440200328,1389.4113865548436
ag,50,1.345985241435451,0.8875099430511519,1345.985241435451,1302,1301,2603,1.0345774338473874,1491,1.491,1.5,1.048278487403309,1827.2430919286553
ag,50,2.234737328683843,1.4470666810307429,2234.737328683843,2238,2235,4473,0.999882473684046,4419,4.419,1.5,1.7297173879000516,4645.277605019171
ag,50,1.99990911414663,1.3333264481104798,1999.90911414663,2003,1999,4002,1.0004547844655478,3307,3.307,1.5,1.251299389419671,3143.5803802419227
ag,50,1.2850720386391965,0.8649369344113786,1285.0720386391963,1311,1311,2622,0.9802227602129644,1377,1.377,1.5,0.8740832693229714,1241.8554778610446
ag,50,2.622471793837218,1.7285769468874892,2622.4717938372182,2550,2549,5099,1.0288237716113058,5944,5.944,1.5,1.6250976915037163,5566.892777451649
ag,50,0.6472886082047044,0.4377555177821622,647.2886082047044,644,643,1287,1.0066696861659477,332,0.332,1.5,0.4234869386967441,285.8531812017856
ag,50,2.5984861649839512,1.68574589022413,2598.4861649839513,2542,2540,5082,1.0230260492062802,5862,5.862,1.5,1.9899097998221904,5607.190318964144
ag,50,1.639671081762022,1.1378078485390803,1639.671081762022,1608,1606,3214,1.0209658043350074,2319,2.319,1.5,1.173932312819423,2122.314135075463
ag,50,2.236354344861678,1.502096799964269,2236.354344861678,2230,2226,4456,1.0046515475569082,4326,4.326,1.5,1.2871289950218954,3840.176179667867
ag,50,0.9720654526753072,0.6407944025576952,972.0654526753073,1043,1042,2085,0.9328843115885866,795,0.795,1.5,0.7077276742217217,625.8593799714561
ag,50,1.9521104602374848,1.3234058223429537,1952.1104602374849,1977,1976,3953,0.9879101519420468,3415,3.415,1.5,1.2473567432548565,3276.1125182315036
ag,50,0.6578304071514951,0.4467123572073077,657.8304071514951,683,681,1364,0.9659771030124744,365,0.365,1.5,0.4414912110849264,392.0468531590955
ag,50,1.9590961419266164,1.2909989964292072,1959.0961419266164,1888,1886,3774,1.0387572332590755,3291,3.291,1.5,1.194531516410705,3310.3339490768503
ag,50,0.6890472484832075,0.4339165492145899,689.0472484832076,651,650,1301,1.0600726899741657,301,0.301,1.5,0.4877678477590808,240.66853443523513
ag,50,2.3361406600183217,1.5057753213912028,2336.140660018322,2291,2290,4581,1.0201487598333283,4797,4.797,1.5,1.942811291436204,4557.686817506594
ag,50,1.3352477505870235,0.8711256628603042,1335.2477505870238,1316,1313,2629,1.016944212175951,1450,1.45,1.5,0.9585009219551036,1314.2778607284538
ag,50,1.3094388677735125,0.9056281775123828,1309.4388677735126,1290,1289,2579,1.015856375309164,1591,1.591,1.5,1.0366897462244316,1581.577877862347
ag,50,1.7373987410533016,1.0966289132610054,1737.3987410533016,1679,1677,3356,1.036015945768218,2675,2.675,1.5,1.2757071339321102,2324.8359037196788
ag,50,1.6509581646734617,1.093230443373734,1650.9581646734614,1582,1581,3163,1.044249313518951,2227,2.227,1.5,1.23145537176894,2195.1781270838715
ag,50,1.3269348027618604,0.9207814362408576,1326.9348027618605,1328,1327,2655,0.9999508686977092,1621,1.621,1.5,1.1306939263730944,1557.5906636277305
ag,50,0.967002074800338,0.6582211000236946,967.002074800338,975,973,1948,0.9938356369993196,791,0.791,1.5,0.5992748426182455,924.8688010625324
ag,50,1.3160559822056672,0.8436058858961157,1316.0559822056673,1323,1321,2644,0.996257367301792,1424,1.424,1.5,0.6578801248736339,1555.918090153202
ag,50,0.984049246159816,0.6309882349307279,984.049246159816,997,996,1993,0.988001251164474,780,0.78,1.5,0.5228614021702035,721.0629279219145
ag,50,1.6603211683777386,1.0543971949381612,1660.3211683777386,1625,1624,3249,1.0223652514641248,2306,2.306,1.5,1.0524000725037166,2611.6987127020698
ag,50,1.6210971501193538,1.073996584913169,1621.097150119354,1607,1605,3212,1.0100293770214044,2491,2.491,1.5,1.2481643555428092,2583.949819631675
ag,50,1.5995669807801791,1.0519596363342416,1599.5669807801794,1668,1667,3335,0.9595482788123452,2452,2.452,1.5,1.045009511122095,2583.319410140835
ag,50,0.6709251544509869,0.4227728917933312,670.9251544509868,640,639,1279,1.0499611180766617,377,0.377,1.5,0.4034540713393387,428.1619834194763
ag,50,0.988712848541511,0.6263778957329016,988.712848541511,985,984,1969,1.0047894802251127,786,0.786,1.5,0.58238913378359,711.5737714493937
ag,50,0.9402909968005256,0.6298255360906624,940.2909968005256,965,964,1929,0.975405598340794,766,0.766,1.5,0.6616019230214373,789.7800275070869
ag,50,2.2777742977602093,1.5048552047998718,2277.7742977602093,2262,2260,4522,1.0078647335222164,4683,4.683,1.5,1.7563135701116726,5725.920970593633
ag,50,0.329144248612136,0.2208083122176884,329.14424861213604,338,338,676,0.9737995521069114,63,0.063,1.5,0.2096877444771616,69.85756747819754
ag,50,1.703228305450601,1.1420473043974475,1703.228305450601,1694,1693,3387,1.0060415271415246,2456,2.456,1.5,1.4518313451962637,2714.36626350663
ag,50,1.6480314084919525,1.0419951691736806,1648.0314084919523,1686,1685,3371,0.9780601830812774,2616,2.616,1.5,1.142943122554836,1761.374172104189
ag,50,1.2709113737799418,0.8414885344765114,1270.911373779942,1284,1282,2566,0.9913505255693774,1453,1.453,1.5,0.7179788730926184,1553.0686133496915
ag,50,1.9225532076600855,1.24377095886494,1922.5532076600855,1913,1911,3824,1.0060456345683335,3262,3.262,1.5,1.399241641496724,2686.895419810174
ag,50,1.306444134962941,0.8080563934464134,1306.444134962941,1286,1285,2571,1.0166880427727167,1481,1.481,1.5,0.8242676889562602,1938.7519730294343
ag,50,1.945908696651686,1.3133540516447435,1945.908696651686,1936,1934,3870,1.0061575473897033,3230,3.23,1.5,1.29441453906175,3094.1626632156117
ag,50,2.3036771351251004,1.4620944269306904,2303.6771351251004,2234,2231,4465,1.0325760354662037,4539,4.539,1.5,1.3906348315671528,5320.97610526082
ag,50,2.5807954001254543,1.6660594357744922,2580.7954001254543,2575,2573,5148,1.003029693014168,6046,6.046,1.5,1.8968465825188272,6347.224164884472
ag,50,1.943371588014932,1.284221915956221,1943.371588014932,1962,1962,3924,0.9905053965417596,3399,3.399,1.5,1.2707283004799472,3250.8904066806417
ag,50,1.6907113258918571,1.035242953935786,1690.711325891857,1626,1625,3251,1.0404377390103736,2426,2.426,1.5,0.6557904549535145,1825.729996466868
ag,50,1.6366564666221688,1.119930158718869,1636.6564666221689,1671,1670,3341,0.980033812348604,2466,2.466,1.5,1.1664716010042615,2615.2688984871634
ag,50,1.256884006273541,0.8350583079904805,1256.8840062735408,1248,1246,2494,1.008735157522906,1413,1.413,1.5,1.0394877437955932,1102.8132062454729
ag,50,1.2953165707805605,0.8778091502656272,1295.3165707805606,1340,1340,2680,0.9666541572989258,1443,1.443,1.5,0.6733950097203418,1907.0662818437904
ag,50,1.9508807238027728,1.3118679141469511,1950.8807238027728,1956,1953,3909,0.9989148611381324,3330,3.33,1.5,1.2681940267549814,4846.700414108905
ag,50,2.5925921444407316,1.76138023551875,2592.592144440732,2552,2551,5103,1.0163042510547753,5833,5.833,1.5,1.7376072506974862,7356.993360233649
ag,50,1.9698145912607088,1.237155139444751,1969.8145912607088,2005,2004,4009,0.9829414128047448,3518,3.518,1.5,1.280400467373015,3139.0177159054033
ag,50,3.866261421534152,2.3892011773801034,3866.261421534152,3771,3770,7541,1.0255335335634357,13132,13.132,1.5,2.07782653504162,14600.460867977145
ag,50,2.1791387824370427,1.47061872148242,2179.1387824370427,2257,2254,4511,0.9667873923855558,4287,4.287,1.5,1.628601381463867,3492.4184370829985
ag,50,2.593805956378338,1.6621825503598515,2593.805956378338,2665,2660,5325,0.975115021194864,5966,5.966,1.5,1.5868646738614904,7085.437696320684
ag,50,1.369962509628638,0.8931221239343644,1369.962509628638,1319,1318,2637,1.0394252728593614,1665,1.665,1.5,0.8840849645986253,1910.508275618821
ag,50,1.0200894180544895,0.683916686120989,1020.0894180544898,1013,1012,2025,1.0079934961012744,793,0.793,1.5,0.7495228537813721,952.1115969975094
ag,50,0.954171834654738,0.6653584975151469,954.171834654738,1041,1040,2081,0.9174729179372482,779,0.779,1.5,0.7492890787575915,653.3726851377704
ag,50,0.9956345674748944,0.6902146157443715,995.6345674748944,1003,1002,2005,0.9936472729290362,818,0.818,1.5,0.6779122246322267,902.1905029617814
ag,50,1.9290938487318352,1.2732368069120052,1929.0938487318351,1967,1967,3934,0.9807289520751578,3516,3.516,1.5,1.1179868700146578,4239.850771388602
ag,50,1.6486183464808126,1.0722171758608583,1648.6183464808123,1623,1622,3245,1.0164108178056797,2490,2.49,1.5,1.2570565675691274,2646.3328655046644
ag,50,1.6888486081947995,1.0810641549800069,1688.8486081947997,1729,1728,3457,0.9773429445571756,2523,2.523,1.5,1.166269698598254,2521.0657023841745
ag,50,1.0265448578896852,0.6421746131256549,1026.544857889685,1033,1031,2064,0.99567881463597,813,0.813,1.5,0.5311858381995554,932.49366179028
ag,50,2.2723542812353954,1.4249744960863957,2272.3542812353953,2248,2245,4493,1.0121845350714456,4507,4.507,1.5,1.5601394695122488,5333.358380932559
ag,50,0.6895214706333477,0.4171718932409755,689.5214706333477,695,695,1390,0.9921172239328744,360,0.36,1.5,0.5726392681721382,372.32924692440974
ag,50,0.6386862287329736,0.4342241226967013,638.6862287329736,645,644,1289,0.991748802380394,329,0.329,1.5,0.492204694638151,373.8278386434056
ag,50,0.6592828975278775,0.4494202876319886,659.2828975278775,670,670,1340,0.984004324668474,349,0.349,1.5,0.4178223486137241,350.510848632835
ag,50,3.1596213462527465,2.178249583374705,3159.6213462527467,3264,3261,6525,0.9689117897125872,9122,9.122,1.5,2.149949305700331,9858.719952207004
ag,50,1.5589568521450503,1.0491587104041609,1558.9568521450506,1602,1601,3203,0.9737394454372584,2120,2.12,1.5,0.9260487079551672,2425.9700585476307
ag,50,3.558676980912375,2.1530557145564986,3558.6769809123753,3568,3563,7131,0.9987866912468076,11335,11.335,1.5,2.166853506938765,11032.524133175424
ag,50,1.9676730799162476,1.317346356937782,1967.6730799162476,1946,1945,3891,1.0116571104967853,3486,3.486,1.5,0.8996513765289722,2925.597718929832
ag,50,1.7153204332957357,1.0426800444655675,1715.3204332957357,1609,1606,3215,1.0680700082787893,2383,2.383,1.5,0.9416283911491544,2856.110446290659
ag,50,0.9897246198346306,0.6588828826630333,989.7246198346304,978,978,1956,1.0119883638390903,808,0.808,1.5,0.6052493130592844,437.24662688390293
ag,50,1.5905273831788884,1.0933330833772634,1590.5273831788884,1615,1614,3229,0.985456866901418,2200,2.2,1.5,0.8888999412753599,2104.269509826661
ag,50,1.2929685760246918,0.8715398443865429,1292.968576024692,1335,1335,2670,0.9685157872844132,1363,1.363,1.5,0.6024359276623433,1393.7575689469104
ag,50,1.0204027289632107,0.6736545625167377,1020.4027289632106,1059,1059,2118,0.9635530962825408,950,0.95,1.5,0.6276288747478979,1032.64695981906
ag,50,2.5300702942165354,1.6854604246690748,2530.0702942165353,2591,2587,5178,0.9779939289588464,5736,5.736,1.5,2.0298820663693147,6085.273751543177
ag,50,1.6798881288205654,1.0421402815103908,1679.8881288205653,1619,1619,3238,1.0376084798150496,2384,2.384,1.5,1.0717600255744166,2270.210190326236
ag,50,2.03547912107623,1.2597904427650275,2035.4791210762296,2020,2018,4038,1.0086616060833646,3786,3.786,1.5,1.1168599640118004,3719.6755250118385
ag,50,1.962308270093473,1.3258982776081798,1962.308270093473,1990,1989,3979,0.9865803268443808,3489,3.489,1.5,1.317053670927563,3060.2104317926705
ag,50,1.6143597453891971,1.0599017208516262,1614.359745389197,1646,1643,3289,0.9825683173397426,2349,2.349,1.5,1.049217112154999,2239.305079718228
ag,50,1.0018182889308458,0.633573336906583,1001.8182889308456,986,984,1970,1.018108017206144,808,0.808,1.5,0.5299249995162518,659.1536392424836
ag,50,1.00198400484411,0.6673040252634751,1001.98400484411,1016,1015,2031,0.9871763594523252,870,0.87,1.5,0.661198261871097,948.2051099834862
ag,50,0.6236421979691852,0.436149581186526,623.6421979691852,654,652,1306,0.9565064386030449,347,0.347,1.5,0.4893119685327733,244.612445736469
ag,50,2.2726245699847505,1.502009121466493,2272.6245699847505,2276,2276,4552,0.998516946390488,4478,4.478,1.5,1.4968060977937887,3779.498364025004
ag,50,1.941259031950328,1.3081158873037275,1941.259031950328,1941,1938,3879,1.001681647033193,3338,3.338,1.5,0.990311061818484,3214.2201130175627
ag,50,1.667140580416829,1.0771536808899758,1667.1405804168294,1655,1654,3309,1.0079447281842984,2440,2.44,1.5,1.1627955607998657,3128.303715845128
ag,50,1.852106176940861,1.2402056923784783,1852.1061769408611,1899,1897,3796,0.9763343051875916,3155,3.155,1.5,1.0559651418910412,4018.766111813433
ag,50,1.2584586368086192,0.8386777341619363,1258.4586368086193,1344,1344,2688,0.9363531523873656,1375,1.375,1.5,0.9034339041917956,1396.8891259023933
ag,50,2.858645175325192,1.8440489678627845,2858.645175325192,2892,2889,5781,0.9894929648062276,7352,7.352,1.5,2.010486381421499,6802.47535136715
ag,50,2.3205200261819847,1.435362165192036,2320.5200261819846,2257,2254,4511,1.0295119903203125,4447,4.447,1.5,1.1846150296068914,4578.445754279928
ag,50,1.6541924534081285,1.1009171015573265,1654.1924534081284,1621,1618,3239,1.0223686362225763,2274,2.274,1.5,1.080587874794202,2314.381050123497
ag,50,2.536589909827802,1.655002562035208,2536.589909827803,2516,2512,5028,1.009788976842278,5687,5.687,1.5,1.587936335591649,5095.837656347629
ag,50,0.977736171320802,0.6629552764458114,977.736171320802,968,967,1935,1.0111025556574995,828,0.828,1.5,0.6400001020900085,697.9965899069225
ag,50,2.245806272429885,1.4918073203762965,2245.8062724298848,2307,2304,4611,0.9747423057421376,4651,4.651,1.5,1.925792392307051,5540.798478466286
ag,50,1.700946855095697,1.05984782885749,1700.946855095697,1647,1647,3294,1.0327546175444426,2357,2.357,1.5,0.930643696371854,2553.3387079647846
ag,50,1.9345306495959544,1.3100778130078523,1934.5306495959544,1985,1982,3967,0.976049772752752,3507,3.507,1.5,0.950652655209049,3831.8003797783226
ag,50,0.6370091963336787,0.4246935162350239,637.0091963336787,654,653,1307,0.9755117861158938,344,0.344,1.5,0.4526006931494116,375.2359750623624
ag,50,0.6409173935951532,0.4276889455515252,640.9173935951532,659,658,1317,0.9740385920898984,332,0.332,1.5,0.3444176623672163,309.95934334970826
ag,50,1.024806483915047,0.6561488836967233,1024.806483915047,974,974,1948,1.0521627144918346,855,0.855,1.5,0.7995460416704588,816.9786189095657
ag,50,1.323140719199837,0.8767785042821863,1323.140719199837,1303,1301,2604,1.0170182315140943,1352,1.352,1.5,0.8887128323675184,1611.7630965339963
ag,50,2.273168456349144,1.4328807908509045,2273.168456349144,2244,2241,4485,1.0143545097497295,4512,4.512,1.5,1.31265586122166,4160.623744926532
ag,50,1.3010153289687028,0.9050990477775912,1301.0153289687028,1309,1309,2618,0.9939001749187952,1521,1.521,1.5,1.0329463193035515,1486.7620708924412
ag,50,0.7032966485416202,0.4519399843627411,703.2966485416202,690,689,1379,1.0207498527454577,359,0.359,1.5,0.382751382345083,371.3669203257939
ag,50,2.625136287328248,1.6184264237720245,2625.136287328248,2591,2588,5179,1.0143494155055053,6039,6.039,1.5,1.4924109069464313,7251.97841426327
ag,50,1.658174862633813,1.028416802295175,1658.174862633813,1619,1617,3236,1.0254637369411337,2443,2.443,1.5,1.003361112607273,2609.479686009884
ag,50,1.6725408122434573,1.0569411382211056,1672.5408122434574,1659,1657,3316,1.009378884878369,2280,2.28,1.5,1.0456897119816575,2720.076876687449
ag,50,2.5397198118256563,1.6415406493839464,2539.7198118256565,2569,2565,5134,0.9901441761503534,5609,5.609,1.5,1.3442717399176831,7208.944372659448
ag,50,2.208889741813564,1.4631052548736008,2208.889741813564,2210,2207,4417,1.0008562491225934,4202,4.202,1.5,1.2721799889954128,4174.235677804552
ag,50,2.656071603849975,1.7116803716677265,2656.0716038499754,2581,2578,5159,1.0302837873739237,5946,5.946,1.5,1.8974046241337967,4940.8425972225805
ag,50,1.3151275582068505,0.8391279286178246,1315.1275582068504,1316,1313,2629,1.0016203794416223,1451,1.451,1.5,0.7230934582456132,1556.5648367077958
ag,50,1.317053293649889,0.8654314644144244,1317.0532936498894,1328,1327,2655,0.992504365975802,1475,1.475,1.5,0.8909637140376266,1012.764851276679
ag,50,0.6339791837814069,0.4214911900496021,633.979183781407,648,648,1296,0.97836293793427,311,0.311,1.5,0.3427841430216896,261.11512089336935
ag,50,2.696434136710237,1.7836076379609267,2696.434136710237,2577,2573,5150,1.0479728475360424,6206,6.206,1.5,1.9529902946296465,5845.3386598032685
ag,50,1.928867989678326,1.294824390639234,1928.867989678326,1923,1919,3842,1.0051422562159074,3412,3.412,1.5,1.4442989970723397,3691.4268393655625
ag,50,2.3057124666704967,1.464147864894488,2305.7124666704967,2335,2332,4667,0.9887274728432662,4684,4.684,1.5,1.172268399183087,3574.2973502985283
ag,50,1.013093354200655,0.6715117645805321,1013.0933542006552,1031,1030,2061,0.983585780777335,912,0.912,1.5,0.7000410988182365,911.4137439653024
ag,50,1.9544049838330169,1.258685372790379,1954.4049838330168,1935,1932,3867,1.0115967825222654,3327,3.327,1.5,1.404316711331148,3213.7084783929326
ag,50,2.9158051142443093,1.7980482518450331,2915.805114244309,2903,2902,5805,1.004757103461168,7699,7.699,1.5,1.873798278243713,8282.740568287805
ag,50,0.6514459729254605,0.4360619062769816,651.4459729254605,647,646,1293,1.0084302986462237,293,0.293,1.5,0.3737227839317055,234.24030541147096
ag,50,1.6155301021796045,1.0772498853954626,1615.5301021796045,1640,1640,3280,0.9850793305973198,2478,2.478,1.5,1.132429067914315,2590.66936216156
ag,50,3.130561831052342,2.0327806027532884,3130.5618310523428,3206,3202,6408,0.977689516256197,8836,8.836,1.5,1.762571482991622,10279.236052172708
ag,50,1.9328160772357796,1.2492568583283754,1932.8160772357796,1939,1937,3876,0.9978399985729374,3278,3.278,1.5,1.5071266328457429,4366.096651415984
ag,50,0.9798392926025872,0.6767307324926237,979.8392926025872,999,999,1998,0.9808201127153025,832,0.832,1.5,0.603559019108484,757.635427035132
ag,50,1.360394749668161,0.8509539715704139,1360.394749668161,1291,1290,2581,1.0545695733861713,1530,1.53,1.5,0.8460897585729957,1390.083662513539
ag,50,2.266118460483999,1.3682134620660784,2266.118460483999,2278,2275,4553,0.9960960265863732,4560,4.56,1.5,1.4766161005926322,3997.399098770825
ag,50,1.355509088918689,0.8611855315289696,1355.509088918689,1358,1357,2715,0.9989013182893802,1578,1.578,1.5,0.8755733430272028,1594.5963733558192
ag,50,1.323092931821674,0.8772640674333578,1323.092931821674,1340,1340,2680,0.9873827849415476,1370,1.37,1.5,0.6470219629893815,1297.2794194584365
ag,50,0.9653074325659476,0.6762836922328397,965.3074325659476,968,968,1936,0.99721842207226,800,0.8,1.5,0.6975070978412561,844.7416449353593
ag,50,0.9730113902639156,0.6288981371224829,973.0113902639156,969,968,1937,1.0051770560577642,763,0.763,1.5,0.5503559324088277,843.1933810191383
ag,50,1.278321260259112,0.8554069603928498,1278.321260259112,1289,1288,2577,0.992485450511733,1319,1.319,1.5,0.839608145927542,1223.570938806301
ag,50,0.9412805301653308,0.641242553993226,941.2805301653308,981,980,1961,0.9604903369033988,836,0.836,1.5,0.5224202316050341,881.6774529275439
ag,50,1.6577169745414233,1.0989740798772214,1657.7169745414233,1618,1615,3233,1.026450139034937,2466,2.466,1.5,1.0897190262508658,2264.495656819158
ag,50,1.0347402912892738,0.6538367431629466,1034.7402912892735,1003,1003,2006,1.031645355223603,879,0.879,1.5,0.5797413281099912,853.0779846342232
ag,50,1.6152081272737435,1.1489287257441074,1615.2081272737437,1591,1589,3180,1.0164934721672394,2342,2.342,1.5,1.502091998164594,1884.933010657866
ag,50,2.326482449390465,1.5241477519342006,2326.482449390465,2244,2242,4486,1.0376817347861127,4634,4.634,1.5,1.253204443048357,4269.299541988515
ag,50,0.3354074215063375,0.2229092831048075,335.4074215063376,334,333,667,1.0072294940130258,63,0.063,1.5,0.2396343627769713,73.58758032595573
ag,50,2.0159512179514403,1.299965910273161,2015.9512179514404,1965,1962,3927,1.0274980723503773,3454,3.454,1.5,1.4310508024424586,3405.7134074274977
ag,50,0.6348195078682227,0.419222734758929,634.8195078682227,634,634,1268,1.0012925991612345,300,0.3,1.5,0.4258827470850827,244.5730473703848
ag,50,1.0125819923238304,0.6356049603046187,1012.5819923238304,1011,1010,2021,1.0025564280433965,901,0.901,1.5,0.5902239674531674,856.4656229194202
ag,50,1.0264262218292248,0.6834008211448495,1026.426221829225,1059,1058,2117,0.9701571094794188,926,0.926,1.5,0.70024939973187,863.247842002329
ag,50,1.9575156005857577,1.26069823560251,1957.5156005857575,1909,1908,3817,1.025951572634045,3385,3.385,1.5,1.4146160068497935,3274.7631510488495
ag,50,2.299341359733652,1.425998231238876,2299.3413597336516,2310,2308,4618,0.9962484227615476,4423,4.423,1.5,1.60113100629172,6502.972309241396
ag,50,1.9459097821836908,1.2774876391007792,1945.9097821836908,1946,1943,3889,1.0014975718907313,3241,3.241,1.5,1.5006536056799884,3375.409820870825
ag,50,2.8791751294969976,1.9540089762774508,2879.1751294969977,2960,2957,5917,0.9736811394984776,7679,7.679,1.5,1.9603226733979464,6514.642674162981
ag,50,1.311064498756822,0.9158477861438216,1311.064498756822,1319,1317,2636,0.995493165343069,1441,1.441,1.5,0.734658620217104,1279.6975337305955
ag,50,1.9398120382957416,1.322456067471398,1939.8120382957416,1936,1933,3869,1.0035240756832602,3275,3.275,1.5,1.3205966191836656,3873.448962843416
ag,50,1.981942569609526,1.3953863802955264,1981.942569609526,1978,1972,3950,1.0050418709987454,3414,3.414,1.5,1.4694691253077934,3510.933958816532
ag,50,0.6502617292465325,0.4384033883024268,650.2617292465325,667,667,1334,0.9749051412991492,384,0.384,1.5,0.4235987454090926,383.5769077077332
ag,50,0.943878081990238,0.621428225191933,943.878081990238,973,972,1945,0.9710679855866646,723,0.723,1.5,0.6478787474791939,531.9285653835138
ag,50,1.3281647233920415,0.858074372658216,1328.1647233920414,1325,1325,2650,1.0023884704845596,1506,1.506,1.5,0.8665628180481627,1332.806149332928
ag,50,2.5774310345573532,1.6497605457926352,2577.431034557353,2647,2644,5291,0.9748226303166994,5938,5.938,1.5,1.665933521167922,4039.047317990255
ag,50,0.9763216554782472,0.6454915264691832,976.3216554782472,949,947,1896,1.030962677379353,726,0.726,1.5,0.6786330795184308,653.751358766164
ag,50,1.3454189878505476,0.8986523586446108,1345.4189878505476,1340,1338,2678,1.0055448339690192,1562,1.562,1.5,1.0598790866189305,2012.435922661876
ag,50,0.9933885462720792,0.6534047224514411,993.3885462720792,1011,1011,2022,0.9825801644629862,878,0.878,1.5,0.7254612420770504,891.179458023368
ag,50,1.3447123313319267,0.9098998778431948,1344.7123313319266,1296,1295,2591,1.0383879006424144,1471,1.471,1.5,0.7664670368576773,1550.1838065401685
ag,50,1.6517638579802578,1.139042752621979,1651.763857980258,1651,1650,3301,1.0010690048365198,2265,2.265,1.5,1.2111492551930323,2125.0855178126494
ag,50,1.543404598215775,1.113001524217916,1543.404598215775,1629,1628,3257,0.9480372224912622,2252,2.252,1.5,0.8980991019986749,1755.302388731959
ag,50,0.7068919952315487,0.4315556711312462,706.8919952315487,663,663,1326,1.066202104421642,356,0.356,1.5,0.4583723238405277,312.7967403503632
ag,50,1.6463991085245495,1.1492703780312965,1646.3991085245495,1625,1625,3250,1.0131686821689536,2348,2.348,1.5,1.0530793708608692,2616.9335656943204
ag,50,0.998839283649096,0.6653806630894034,998.839283649096,973,971,1944,1.0286707349630235,853,0.853,1.5,0.7118334818425711,691.8956498340532
ag,50,1.866828242837788,1.287311993571699,1866.828242837788,1916,1916,3832,0.97433624365229,3190,3.19,1.5,1.0412547584299654,3414.4430492737592
ag,50,0.6759669669631659,0.4261270017698614,675.966966963166,654,654,1308,1.0335886345002538,380,0.38,1.5,0.4684971703213013,403.5318762107433
ag,50,1.296020229146877,0.8759247300210157,1296.020229146877,1307,1306,2613,0.9923585215519732,1387,1.387,1.5,0.8992707111121281,1307.4065266681534
ag,50,2.236768233396708,1.4877668712187424,2236.7682333967077,2232,2229,4461,1.0034850755480968,4410,4.41,1.5,1.3957835140610109,5239.882331049772
ag,50,2.19482680712984,1.4735177199815126,2194.82680712984,2261,2258,4519,0.9720225009432416,4254,4.254,1.5,1.6058667985616473,3529.260082313403
ag,50,1.35523861436396,0.917281258833232,1355.23861436396,1276,1274,2550,1.0637665732841128,1562,1.562,1.5,0.6565347039869788,1489.8120215665087
ag,50,1.338065988648849,0.8411353189501681,1338.065988648849,1287,1285,2572,1.0412964892208942,1546,1.546,1.5,0.7713803831676933,1699.0143582539008
ag,50,1.6408043420815952,1.1405147595839298,1640.8043420815952,1618,1614,3232,1.0166073990592288,2204,2.204,1.5,0.9877104086806868,2008.5282598026995
ag,50,3.217374847289029,2.0905559636689577,3217.3748472890293,3274,3274,6548,0.9827045959954274,9619,9.619,1.5,2.317213875999313,8111.486578648682
ag,50,2.3011669895725415,1.5095113521357826,2301.1669895725413,2275,2273,4548,1.0123919883733137,4812,4.812,1.5,1.1598527150409057,5699.389347983467
ag,50,0.6374952028346622,0.4468700395329421,637.4952028346622,669,668,1337,0.9543341359800332,326,0.326,1.5,0.6024307694188356,302.057759781727
ag,50,1.0221003775539508,0.6296793603653894,1022.1003775539508,991,988,1979,1.034514552180112,940,0.94,1.5,0.6730354611876136,1107.9514321972028
ag,50,2.254747178906277,1.5235211803261746,2254.747178906277,2274,2273,4547,0.9919697223520796,4317,4.317,1.5,1.134654216713665,5437.801358358205
ag,50,1.5960035748661776,1.079832982420309,1596.0035748661776,1628,1626,3254,0.98155201406284,2205,2.205,1.5,1.196480417808364,2482.854549816102
ag,50,3.2648748795122637,1.9933754407415176,3264.874879512264,3204,3202,6406,1.01963612726804,9337,9.337,1.5,1.311851036985922,9927.492141567533
ag,50,2.0128849339845347,1.3047035344843745,2012.8849339845349,2001,1999,4000,1.0069459399622485,3620,3.62,1.5,1.3024233260861495,2905.861042542553
ag,50,2.570117408521507,1.5675168609318662,2570.117408521507,2615,2612,5227,0.9839653171981269,6153,6.153,1.5,1.984252443315718,6152.884537204129
ag,50,2.5685021194912583,1.7364784680498124,2568.5021194912583,2554,2551,5105,1.006860885727659,5878,5.878,1.5,1.968661363879046,7264.047588569229
ag,50,1.854246449402995,1.2546034812488187,1854.246449402995,1930,1928,3858,0.9617460837152464,3166,3.166,1.5,1.0440900443209642,3998.189013883296
ag,50,1.8902010694162763,1.244887385669925,1890.2010694162768,1958,1953,3911,0.9678448896140688,3250,3.25,1.5,1.58131692451139,4000.6162716691674
ag,50,0.3518277592005364,0.2280449870564658,351.8277592005364,331,330,661,1.06614472485011,62,0.062,1.5,0.1413553677881206,48.799695176269026
ag,50,0.9925756237884962,0.6656478751145622,992.5756237884962,966,965,1931,1.028575775946628,941,0.941,1.5,0.7299598560717026,925.048462802068
ag,50,1.9186467296644103,1.2963889924367271,1918.6467296644105,1916,1913,3829,1.0029517666829115,3369,3.369,1.5,1.0754911612155902,2440.7658691903403
ag,50,1.2472244534646135,0.8734471102242513,1247.2244534646138,1304,1304,2608,0.9564604704483236,1301,1.301,1.5,0.8746773191997036,1350.7168667572746
ag,50,1.9501897994063344,1.241992431772858,1950.1897994063347,2007,2006,4013,0.9721783646093394,3274,3.274,1.5,1.5299046962900338,3042.3729149947467
ag,50,2.2587486476496546,1.5451360876981195,2258.7486476496547,2280,2280,4560,0.9906792314252872,4537,4.537,1.5,1.8958393159906255,3632.3361446677663
ag,50,1.313381697112846,0.8811303736821373,1313.381697112846,1350,1350,2700,0.9728753311947008,1545,1.545,1.5,0.973575793325017,2039.0097586007496
ag,50,1.3480702767556758,0.9027499080237416,1348.070276755676,1326,1326,2652,1.016644250946965,1444,1.444,1.5,1.021800183096412,1270.7545800869093
ag,50,1.004262527582659,0.6715782361469657,1004.2625275826592,1003,1002,2005,1.00225801155954,824,0.824,1.5,0.518379338319501,669.5713794554542
ag,50,1.9807993621336055,1.2714061377188908,1980.7993621336057,1936,1934,3870,1.0241982224062076,3395,3.395,1.5,1.0916227886273784,2972.112388529342
ag,50,1.6065370211311676,1.0978471622395267,1606.5370211311676,1669,1668,3337,0.96315169132564,2262,2.262,1.5,1.0761655690463836,2680.5993601245277
ag,50,1.6067179335022546,1.041532776998215,1606.7179335022545,1665,1663,3328,0.9661563039700868,2284,2.284,1.5,1.069988391461968,2612.229340445327
ag,50,0.3488065945389844,0.2271405541451009,348.8065945389844,345,345,690,1.011033607359375,56,0.056,1.5,0.238753341652686,46.49557305480596
ag,50,2.2969028071333226,1.5146317700371386,2296.9028071333228,2235,2231,4466,1.0295395818616415,4371,4.371,1.5,1.6893913199336257,4059.7973033654457
ag,50,1.0113317478928845,0.6462718740081118,1011.3317478928842,1007,1007,2014,1.0043016364378194,884,0.884,1.5,0.5346982834369702,785.4854713435248
ag,50,0.9884745851609,0.6286132433599586,988.4745851609,958,958,1916,1.0318106316919624,827,0.827,1.5,0.6802872562751038,777.1369978352966
ag,50,1.3228309723194154,0.8598810626207929,1322.8309723194154,1287,1287,2574,1.0278406933328792,1470,1.47,1.5,0.8375408542732032,1493.494724665628
ag,50,0.652931338995406,0.4225170307741216,652.931338995406,626,625,1251,1.0446901423926496,330,0.33,1.5,0.3631873919091303,287.3923456061177
ag,50,0.6606646097336192,0.4411194792804633,660.6646097336192,644,644,1288,1.0258767231888497,307,0.307,1.5,0.3840556270977654,262.152322887938
ag,50,2.2487987387445516,1.4057087932412882,2248.798738744551,2191,2189,4380,1.0273178340541578,4623,4.623,1.5,1.2915925433166122,4399.074756431695
ag,50,0.6209927401501568,0.4304908551306099,620.9927401501568,655,654,1309,0.949530183715836,319,0.319,1.5,0.4532925827762058,377.265909527044
ag,50,1.6396811997177885,1.1352491705417291,1639.6811997177886,1626,1625,3251,1.009034584441716,2370,2.37,1.5,1.0035261647473075,2027.3799735958828
ag,50,1.6207097382549756,1.088903166316927,1620.7097382549755,1620,1618,3238,1.0016747455222346,2253,2.253,1.5,1.048317299059417,2463.1607287199768
ag,50,1.0198237080026795,0.6169778963803904,1019.8237080026796,985,984,1969,1.0364062073197964,799,0.799,1.5,0.7166290350047954,893.4864324515515
ag,50,1.715235941724281,1.0812171246846156,1715.235941724281,1639,1637,3276,1.047792267394185,2498,2.498,1.5,1.2377019834603065,1822.1611177370285
ag,50,1.978457634033606,1.3027312737217591,1978.457634033606,1974,1974,3948,1.002258173269304,3558,3.558,1.5,0.8505359033848522,3651.224352591919
ag,50,0.6625022024025841,0.4546430850948255,662.5022024025841,682,682,1364,0.9714108539627332,337,0.337,1.5,0.4037253315375936,273.5153428852272
ag,50,1.3192966098602232,0.8126890566947504,1319.2966098602233,1273,1271,2544,1.0379989062629609,1535,1.535,1.5,0.6356838344222646,1094.7951142106467
ag,50,2.926337133599872,1.794968925544826,2926.337133599872,2890,2888,5778,1.013274630747878,7309,7.309,1.5,1.827199127333416,7862.535069497479
ag,50,1.9830080855568712,1.2091835162620268,1983.0080855568713,1974,1973,3947,1.0050725218230467,3662,3.662,1.5,1.1461428559959126,3322.214878171593
ag,50,1.9746575719483723,1.33030192582921,1974.6575719483728,1941,1938,3879,1.0189151558041138,3272,3.272,1.5,1.2730946805939622,2128.6824037996575
ag,50,1.3595759981068936,0.8759645785696701,1359.5759981068936,1338,1338,2676,1.016125559123239,1673,1.673,1.5,0.7077978965929508,1376.435484417407
ag,50,0.9865375567657414,0.6168712760308709,986.5375567657414,997,997,1994,0.9895060749907136,811,0.811,1.5,0.7317237811815602,844.9735604309003
ag,50,1.6152287368816398,1.0935495232639778,1615.22873688164,1571,1570,3141,1.028808112663465,2209,2.209,1.5,0.9784064545678336,1911.682254099329
ag,50,1.7360486498259542,1.1301617575666365,1736.0486498259545,1682,1680,3362,1.033362291563068,2562,2.562,1.5,1.3965348434834628,2709.939166561121
ag,50,2.1901200724830896,1.4967995356282229,2190.1200724830896,2245,2241,4486,0.9772958824110172,4414,4.414,1.5,1.131141475838277,4540.82410469807
ag,50,1.6649079298426517,1.0997742493736866,1664.9079298426514,1665,1665,3330,0.999944702608199,2534,2.534,1.5,1.138161888443181,2296.7443034545267
ag,50,2.6268431879865504,1.7485177298946932,2626.84318798655,2639,2637,5276,0.9961483458424536,6119,6.119,1.5,1.387101850072586,6219.770445115517
ag,50,0.2964221251465278,0.208556048870144,296.42212514652783,300,300,600,0.9880737504884262,62,0.062,1.5,0.1633460133116309,43.3093398883385
ag,50,1.6196717415868351,1.0228054020412656,1619.6717415868352,1622,1618,3240,1.0010332148249907,2358,2.358,1.5,0.8888073117412775,3020.309857621002
ag,50,1.324456455893936,0.8847314264241138,1324.456455893936,1304,1302,2606,1.0172476619769093,1498,1.498,1.5,0.83015901778233,1550.0304115789168
ag,50,1.9658327319321804,1.3658941170659338,1965.8327319321804,1964,1962,3926,1.0019534821264937,3140,3.14,1.5,1.4146968618933746,4096.7672092626135
ag,50,0.9832308804736593,0.6395640118614717,983.2308804736592,982,982,1964,1.0012534424375348,826,0.826,1.5,0.6678901633028486,803.5927491019654
ag,50,1.9615602047023488,1.3055004833754944,1961.5602047023483,1936,1934,3870,1.014250364375568,3393,3.393,1.5,1.4306092176511416,2835.7241947605257
ag,50,0.9490442158882824,0.6773128594022096,949.0442158882825,974,973,1947,0.9753794613445862,817,0.817,1.5,0.7456240528419977,840.4908539080676
ag,50,2.456678375289457,1.6887319275871933,2456.678375289457,2541,2535,5076,0.9691038955776952,5692,5.692,1.5,1.1174351033484895,5082.286756170356
ag,50,3.2221019300245675,2.113928031756257,3222.1019300245675,3223,3221,6444,1.0003421080486083,9574,9.574,1.5,1.7574639876273324,9721.34014961777
ag,50,1.2666547203094465,0.8278987220941834,1266.6547203094465,1355,1353,2708,0.9361823505613056,1459,1.459,1.5,1.0733397409618548,1284.7091739463892
ag,50,2.265231100451828,1.4479549514978731,2265.2311004518283,2257,2254,4511,1.0049827419928252,4647,4.647,1.5,1.5071885603330413,3781.2282191374434
ag,50,1.617871347013729,1.0073203262745556,1617.8713470137288,1657,1656,3313,0.9769754510952467,2300,2.3,1.5,0.8550964345947003,2089.9389218211227
ag,50,1.6513508669820165,1.061729252990334,1651.3508669820162,1669,1668,3337,0.9900185053849018,2300,2.3,1.5,0.9713997185245944,2315.7830036277396
ag,50,0.642727539601828,0.4368176938713813,642.7275396018281,658,657,1315,0.9782763159845176,371,0.371,1.5,0.3297508885728398,353.4289340981407
ag,50,0.9424330554789592,0.6145290565020687,942.4330554789592,966,965,1931,0.97661456526317,785,0.785,1.5,0.7846627598946769,810.6535826080849
ag,50,1.2441655488936876,0.8207890120440083,1244.1655488936876,1293,1293,2586,0.962231669678026,1356,1.356,1.5,0.8637677102860115,1391.5643351599467
ag,50,3.83214501266496,2.4840244378233547,3832.14501266496,3821,3818,7639,1.0037048225942795,13552,13.552,1.5,2.4398095797466013,15101.287204906715
ag,50,2.024746539813304,1.29670797585064,2024.7465398133036,1981,1980,3961,1.0225992625319715,3509,3.509,1.5,1.0015068876006523,4092.283940318149
ag,50,1.2804914968380752,0.8749976914304776,1280.4914968380751,1322,1321,2643,0.9693349711113364,1576,1.576,1.5,0.9048540103270264,1725.019327899891
ag,50,1.9365336242093905,1.1885084023685089,1936.5336242093904,1991,1988,3979,0.974111480990639,3416,3.416,1.5,1.1293445684564891,3237.38015302508
ag,50,0.970121366198512,0.6286314367305685,970.121366198512,993,993,1986,0.9769600868061552,806,0.806,1.5,0.4500584001249081,987.689985595123
ag,50,2.2861802739102797,1.4106172907396062,2286.1802739102795,2260,2259,4519,1.0120319937628506,4498,4.498,1.5,1.418703754838836,4472.512027301522
ag,50,2.8902883508672916,1.9921086597806543,2890.2883508672917,2863,2858,5721,1.011297533543489,7483,7.483,1.5,1.6011560222363952,8548.54987181201
ag,50,0.6902510861296461,0.4502850335943477,690.2510861296462,663,663,1326,1.0411026940115329,350,0.35,1.5,0.472335915964356,379.74934857491735
ag,50,0.6629810581764034,0.4471447864072217,662.9810581764034,660,658,1318,1.0075699972285763,309,0.309,1.5,0.4359012424601243,393.98395223058566
ag,50,1.6669068471228377,1.105082958148173,1666.9068471228377,1691,1688,3379,0.987504056352392,2499,2.499,1.5,1.1198535702886936,2260.4135962125247
ag,50,1.6704214441399912,1.0710053495375251,1670.421444139991,1691,1691,3382,0.9878305405913608,2541,2.541,1.5,0.9746750346586652,2371.523284157554
ag,50,2.251581543533104,1.5863673322998268,2251.581543533104,2272,2271,4543,0.9914493806838856,4310,4.31,1.5,1.7059105742929948,2992.7856288512385
ag,50,1.011008156586511,0.6676144948275804,1011.008156586511,1001,1000,2001,1.011008156586511,870,0.87,1.5,0.7208350718258318,868.2342649147595
ag,50,1.3313010636512086,0.9162493944353912,1331.3010636512086,1310,1308,2618,1.0178142688464895,1430,1.43,1.5,0.8114723909440935,1672.9461160233116
ag,50,1.000933690562396,0.6685690872429189,1000.933690562396,990,989,1979,1.012066421195547,778,0.778,1.5,0.6336592416352442,927.8873347782384
ag,50,1.6298862857154477,1.1070905950588754,1629.8862857154477,1617,1615,3232,1.00921751437489,2395,2.395,1.5,1.295580330603732,2201.068182989266
ag,50,1.6619031461992266,1.0546070832009122,1661.9031461992267,1651,1650,3301,1.0072140279995314,2384,2.384,1.5,0.8877515923840489,1984.3908753668472
ag,50,1.2611765754874724,0.877565986659265,1261.1765754874723,1352,1350,2702,0.9342048707314612,1426,1.426,1.5,0.7912987928809792,1539.5771153919452
ag,50,0.670757109246126,0.4568546719567358,670.757109246126,683,683,1366,0.9820748305214144,310,0.31,1.5,0.4437220849070383,238.31359026478697
ag,50,0.6485447935524673,0.4380197083395838,648.5447935524674,685,685,1370,0.9467807205145508,376,0.376,1.5,0.4335795460065691,339.40542780736325
ag,50,1.6432522844785362,1.0913669949729796,1643.2522844785362,1626,1624,3250,1.011854854974468,2329,2.329,1.5,1.1654319280947405,2082.8880636774848
ag,50,1.6345089952620846,1.1179393957041484,1634.508995262085,1701,1699,3400,0.9620417864991668,2463,2.463,1.5,1.129663360114962,3154.6087388488645
ag,50,1.345688053102987,0.8233092166729825,1345.6880531029867,1329,1327,2656,1.0140829337626125,1448,1.448,1.5,0.8740569037690197,1362.9314054431366
ag,50,1.2692764919258253,0.8671591552892166,1269.2764919258252,1288,1286,2574,0.9869957168941098,1487,1.487,1.5,0.853847902939795,1603.1517354617806
ag,50,0.9840587712696336,0.6568317460666765,984.0587712696334,1012,1011,2023,0.9733519003656116,797,0.797,1.5,0.6780007674030146,1006.0330480282356
ag,50,2.6660238345612113,1.6761641821442637,2666.023834561211,2552,2548,5100,1.046320186248513,6002,6.002,1.5,1.63329839572247,5662.119291619432
ag,50,2.5796576487600404,1.6652442441152322,2579.6576487600405,2572,2571,5143,1.003367424644123,5784,5.784,1.5,1.741562330501607,4705.609944873491
ag,50,2.2497209293788245,1.460301130259851,2249.7209293788246,2325,2324,4649,0.968038265653539,4566,4.566,1.5,1.4584821444584728,4936.265165486546
ag,50,1.2703710109490405,0.8498681897246605,1270.3710109490405,1294,1292,2586,0.9832592964001862,1403,1.403,1.5,0.7716877592213407,1218.895199538541
ag,50,2.703384964817143,1.6844318332745474,2703.384964817142,2596,2592,5188,1.0429725944510582,6277,6.277,1.5,1.6115183296302913,7652.988201666588
ag,50,1.6654908182158334,1.1154555980429264,1665.4908182158335,1670,1668,3338,0.9984956943740008,2231,2.231,1.5,1.1023670899521478,2086.2887655972577
ag,50,1.977278579424652,1.3279620039136977,1977.278579424652,1950,1946,3896,1.016073267946892,3481,3.481,1.5,1.5250851068283815,3723.685440745263
ag,50,2.211328426421256,1.372577099991326,2211.328426421256,2268,2265,4533,0.9763039410248372,4407,4.407,1.5,0.9743175079658768,3635.281297583758
ag,50,1.60993039072475,1.0614260788594474,1609.93039072475,1695,1692,3387,0.9514955027924054,2374,2.374,1.5,1.0980596494243482,3384.6543195815925
ag,50,1.9225350061682709,1.2985810507664606,1922.535006168271,1969,1967,3936,0.9773945125410628,3390,3.39,1.5,1.185314332414632,3647.787422622472
ag,50,0.9436478245665976,0.6545528476776823,943.6478245665976,1016,1015,2031,0.9297022902133968,827,0.827,1.5,0.6988878413740401,780.4828719397293
ag,50,2.5112736378152256,1.6263983387798435,2511.273637815226,2604,2600,5204,0.9658744760827792,5961,5.961,1.5,1.2882694788728992,5349.848043079703
ag,50,4.159066963535718,2.8129626962364744,4159.066963535718,4112,4109,8221,1.012184707601781,14912,14.912,1.5,2.5317403603364155,10648.928065593444
ag,50,1.663984028410081,1.0890151177871823,1663.984028410081,1640,1638,3278,1.0158632652076196,2585,2.585,1.5,0.8450525992509162,2444.13355121277
ag,50,1.6734572210739496,1.0803856966490342,1673.4572210739495,1604,1601,3205,1.0452574772479386,2289,2.289,1.5,1.029560018958378,1848.295478538711
ag,50,1.9586471799930267,1.280648942763701,1958.6471799930268,1891,1890,3781,1.0363212592555695,3394,3.394,1.5,1.1919758301029664,2633.4020203500795
ag,50,1.90887374618691,1.2100993109031783,1908.87374618691,1933,1931,3864,0.988541556803164,3296,3.296,1.5,1.3005811714774766,3657.3199368069872
ag,50,1.6416573864494688,1.0931600405953454,1641.6573864494687,1604,1602,3206,1.0247549228773214,2212,2.212,1.5,0.8696331648536795,2649.8917040354913
ag,50,1.6091870477808417,1.0653760030395447,1609.1870477808416,1621,1620,3241,0.993325338136322,2281,2.281,1.5,1.1792162161981126,1901.8982548814515
ag,50,1.6810654293585034,1.0718789636278638,1681.0654293585037,1621,1619,3240,1.038335657417235,2522,2.522,1.5,0.8924462310725908,2473.6774702514795
ag,50,1.627714982210342,1.0728154872612707,1627.714982210342,1591,1590,3181,1.0237201145976993,2360,2.36,1.5,1.1326622750166733,2794.7119864152883
ag,50,1.2982688746694304,0.8621038528904971,1298.2688746694305,1313,1312,2625,0.9895342032541392,1427,1.427,1.5,0.9053623226645992,1454.7591147898518
ag,50,2.659282776447972,1.6987793174570998,2659.2827764479716,2554,2552,5106,1.0420387055046911,6229,6.229,1.5,1.5970399472938142,6313.336371464619
ag,50,0.963645076827291,0.6550146485155224,963.645076827291,959,959,1918,1.0048436671817425,809,0.809,1.5,0.69831010977762,868.4892398518389
ag,50,2.6029846173100006,1.8215083556082008,2602.9846173100004,2575,2573,5148,1.01165356288768,5820,5.82,1.5,1.8843191197640672,5081.856100424163
ag,50,2.536959505394661,1.6178747623608205,2536.9595053946614,2497,2495,4992,1.0168174370319285,5667,5.667,1.5,1.6623596216318606,6453.3631298483
ag,50,2.9696897301743257,1.8764249191677125,2969.6897301743256,2883,2882,5765,1.0304266933290511,7907,7.907,1.5,2.021652258098313,8245.453501591304
ag,50,3.407694006398489,2.233619307518823,3407.694006398489,3416,3413,6829,0.9984453578665364,10116,10.116,1.5,2.593350573512933,8557.582884122181
ag,50,1.5976173094583936,1.0323694436238706,1597.6173094583935,1606,1606,3212,0.9947803919417146,2211,2.211,1.5,1.193721593254441,2326.4538058695734
ag,50,0.6581558918214888,0.4551652964795443,658.1558918214888,691,690,1381,0.9538491185818678,334,0.334,1.5,0.6701446390411926,264.3919638406976
ag,50,1.6435751114566013,1.071869071616425,1643.5751114566012,1705,1704,3409,0.9645393846576298,2436,2.436,1.5,1.04459129680691,2737.8105559874048
ag,50,1.923293694639877,1.2272607114787657,1923.293694639877,1958,1954,3912,0.9842854117911346,3358,3.358,1.5,1.1320136179840117,2916.259445492341
ag,50,1.9495261393202667,1.2872893878996434,1949.5261393202668,1922,1920,3842,1.015378197562639,3418,3.418,1.5,1.016048798168192,3797.81335811908
ag,50,1.0346517935505726,0.6885186115109653,1034.6517935505726,1052,1050,2102,0.9853826605243547,991,0.991,1.5,0.6567422123335585,989.5581811872248
ag,50,1.2901112338610798,0.8499653806863227,1290.11123386108,1322,1320,2642,0.977356995349303,1447,1.447,1.5,0.6553378574718337,1632.9403523658198
ag,50,0.9455889575259236,0.6285710541181316,945.5889575259235,972,972,1944,0.9728281456028022,826,0.826,1.5,0.5434697845458107,875.0084531239889
ag,50,1.3247213443819856,0.8642015902751299,1324.7213443819855,1330,1327,2657,0.9982828518326944,1562,1.562,1.5,0.8487231031427998,1683.3741204245696
ag,50,1.051778624778396,0.6487915385161361,1051.778624778396,1018,1017,2035,1.034197271168531,902,0.902,1.5,0.572889561736335,941.496022473586
ag,50,1.0026692852401506,0.6636048350589205,1002.6692852401508,986,985,1971,1.017938360649899,774,0.774,1.5,0.6284624444156266,745.4238096989229
ag,50,0.9884947315291192,0.6226277377207852,988.4947315291192,977,975,1952,1.013840750286276,772,0.772,1.5,0.5525938131934184,492.2557595033136
ag,50,0.9932483010981408,0.6462704598763189,993.2483010981408,948,947,1895,1.0488366431870546,828,0.828,1.5,0.7049179448414058,1003.490442135895
ag,50,1.941493617490322,1.3085616235402602,1941.493617490322,1903,1902,3805,1.0207642573555846,3287,3.287,1.5,1.6000120540980551,2721.5197866834797
ag,50,1.584223852757894,1.070024530824583,1584.223852757894,1590,1588,3178,0.9976220735251222,2234,2.234,1.5,1.1128466978231804,2125.1151848423174
ag,50,1.2787624740828254,0.8437525010803876,1278.7624740828253,1323,1323,2646,0.966562716615892,1421,1.421,1.5,0.8606590697900464,1891.7590213155008
ag,50,0.6843493756245784,0.4465051889995519,684.3493756245784,700,700,1400,0.9776419651779692,351,0.351,1.5,0.3423878516852683,348.18626542730584
ag,50,1.595904250280063,1.0815935041291873,1595.904250280063,1609,1609,3218,0.9918609386451605,2178,2.178,1.5,1.1244028540780189,2439.921644317757
ag,50,1.9282317592884124,1.3239943411874977,1928.2317592884124,1932,1931,3863,0.9985664211747344,3292,3.292,1.5,1.3077709441288528,3325.506239062299
ag,50,1.6546944467787663,1.0717037080476417,1654.6944467787666,1659,1658,3317,0.9980063008315844,2449,2.449,1.5,1.105989110380327,2381.9342525145457
ag,50,2.198771113263984,1.5338983945161269,2198.7711132639843,2243,2241,4484,0.9811562308183776,4384,4.384,1.5,1.2701390528775445,4116.116100912299
ag,50,1.9663908002139303,1.276838652207102,1966.3908002139303,1959,1958,3917,1.0042853933676867,3496,3.496,1.5,1.560555229666559,3253.522128525275
ag,50,1.3295822363998069,0.90115416037043,1329.5822363998068,1329,1328,2657,1.0011914430721436,1426,1.426,1.5,0.9602655271639696,1744.353449156158
ag,50,0.9863487346812017,0.6332921394872195,986.3487346812016,973,972,1945,1.0147620727172857,756,0.756,1.5,0.6258064720998536,819.7113281011609
ag,50,1.3431892648419208,0.9053537036123614,1343.1892648419207,1367,1366,2733,0.9833010723586536,1595,1.595,1.5,0.9099448335379664,1524.874539453186
ag,50,1.6291423771106772,1.1004031676322017,1629.1423771106772,1585,1584,3169,1.0284989754486598,2335,2.335,1.5,1.1027912185877673,2351.6136610695116
ag,50,2.2301646056352555,1.4347619541299497,2230.1646056352556,2338,2333,4671,0.9559213911852787,4400,4.4,1.5,1.3368234136155468,4017.5798398685433
ag,50,1.6548073282000333,1.0905794014357266,1654.8073282000332,1639,1638,3277,1.0102608841270044,2374,2.374,1.5,1.1173497803285404,2816.3337685647043
ag,50,1.303273848368823,0.8518110372108044,1303.273848368823,1336,1333,2669,0.9776998112294248,1455,1.455,1.5,0.8572649437224555,1825.03335672126
ag,50,1.6267448794291668,1.0701736645675417,1626.7448794291668,1670,1668,3338,0.9752667142860711,2280,2.28,1.5,1.1546139899164298,1461.1698830531582
ag,50,2.2569942676125354,1.519494848160812,2256.9942676125356,2244,2243,4487,1.006239084981068,4518,4.518,1.5,1.6260041869278248,3592.7574770469614
ag,50,1.9611005635225771,1.2571507952879006,1961.1005635225777,1904,1899,3803,1.0327017185479608,3318,3.318,1.5,0.946780366144788,3379.1193913672496
ag,50,2.22568078160954,1.4473295687729064,2225.6807816095397,2276,2275,4551,0.978321222685512,4630,4.63,1.5,1.4180523439833166,5783.578794725012
ag,50,0.980144520500576,0.6510842493396921,980.1445205005758,1003,1001,2004,0.9791653551454303,758,0.758,1.5,0.5862325180590527,681.535583574498
ag,50,1.9755272212313255,1.313902339267477,1975.5272212313257,1984,1984,3968,0.995729446185144,3503,3.503,1.5,1.325012858255698,3552.9176348488327
ag,50,2.5985073282769493,1.6170409617835535,2598.5073282769495,2599,2597,5196,1.000580411350385,6207,6.207,1.5,1.8504469023762184,5030.122262321632
ag,50,1.6414873728947197,1.098316802940548,1641.4873728947198,1653,1651,3304,0.9942382634129132,2379,2.379,1.5,1.0796604103154008,2003.8200892093207
ag,50,1.351713380664425,0.8964394877050824,1351.7133806644251,1305,1304,2609,1.036590015846952,1549,1.549,1.5,0.9541965249062432,1359.9153837761903
ag,50,1.582881966992948,1.1108908673587934,1582.881966992948,1643,1640,3283,0.965171931093261,2304,2.304,1.5,1.0132448278281436,2719.4481071631235
ag,50,0.3235052269608138,0.2188495950898461,323.50522696081384,334,334,668,0.968578523834772,84,0.084,1.5,0.2318174572450387,92.3140406178564
ag,50,1.2956806138148744,0.8634207457276857,1295.6806138148745,1296,1294,2590,1.0012987742000576,1583,1.583,1.5,1.0215923475772464,1772.027795274713
ag,50,2.609843494259343,1.6632444631906145,2609.843494259343,2657,2656,5313,0.9826217975374032,6129,6.129,1.5,1.6997405875649272,6033.946836903871
ag,50,1.9173358213981335,1.2225680120429347,1917.3358213981337,1992,1991,3983,0.9630014170759084,3591,3.591,1.5,1.0052699358017831,3339.649620945824
ag,50,1.9563218660394193,1.2461778141428086,1956.321866039419,2021,2019,4040,0.9689558524217036,3399,3.399,1.5,1.3297793038044503,3561.8092920556937
ag,50,1.6468465860785877,1.0845745567633536,1646.8465860785875,1671,1670,3341,0.9861356802865794,2435,2.435,1.5,1.0491899118450718,2889.301665857429
ag,50,1.3803206315464185,0.8898751418132247,1380.3206315464183,1335,1331,2666,1.0370553204706374,1482,1.482,1.5,0.9417295130525672,1210.0980522009256
ag,50,0.0,0.0,0.0,0,0,0,,0,0.0,1.5,0.0,0.0
ag,50,0.3209371143565076,0.2179364829850255,320.9371143565076,328,328,656,0.9784668120625232,63,0.063,1.5,0.1687530875284854,68.20958470132521
ag,50,0.6740983110505113,0.4467259760434419,674.0983110505114,641,641,1282,1.051635430656024,333,0.333,1.5,0.4472412503883441,333.6980774601247
ag,50,1.978713761163616,1.3573767084858814,1978.713761163616,1940,1938,3878,1.0210081326953642,3298,3.298,1.5,1.0455332513828623,3137.9155105704012
ag,50,1.0161397864204718,0.608093469761316,1016.139786420472,1018,1017,2035,0.9991541656051838,847,0.847,1.5,0.579187340505194,507.3626637318162
ag,50,1.294081479714318,0.897766850222146,1294.0814797143178,1337,1334,2671,0.9700760717498634,1525,1.525,1.5,0.8657451452060774,1527.957843407508
ag,50,2.2822768364147334,1.5314382417159929,2282.276836414733,2222,2221,4443,1.0275897507495422,4550,4.55,1.5,1.4789763274133765,3874.032016139998
ag,50,0.3297100815688789,0.2210013436807221,329.71008156887893,317,316,633,1.0433863340787308,73,0.073,1.5,0.2192307303090125,73.87498297307545
ag,50,0.3388853508228699,0.2240420698205303,338.8853508228699,342,342,684,0.9908928386633624,85,0.085,1.5,0.2096931891024679,68.7799417008504
ag,50,1.2803412964264962,0.8979801945237339,1280.3412964264962,1318,1318,2636,0.9714273872735176,1323,1.323,1.5,1.0754183337463843,1351.9441468781656
ag,50,2.5323596021184653,1.731745922707708,2532.3596021184653,2557,2556,5113,0.990751018043218,5874,5.874,1.5,1.419818670538201,5837.600834738104
ag,50,1.6296630894106654,1.0562682877195515,1629.6630894106654,1654,1652,3306,0.9864788676820008,2316,2.316,1.5,1.112175376444687,2967.1918597739714
ag,50,2.546259265196135,1.6962759657595696,2546.259265196135,2559,2556,5115,0.9961890708905068,5721,5.721,1.5,1.3324078252185052,5811.654051354098
ag,50,1.886803320899116,1.2881259357410928,1886.803320899116,1930,1929,3859,0.9781251015547516,2935,2.935,1.5,1.066141695455842,2593.2330054606336
ag,50,1.8887948312482836,1.32333278464424,1888.7948312482836,1930,1927,3857,0.9801737577832296,3216,3.216,1.5,1.15039983623968,3702.859662036185
ag,50,1.008160991515986,0.6760904284377782,1008.160991515986,1007,1007,2014,1.0011529210685066,801,0.801,1.5,0.6707097519443975,813.555939919443
ag,50,2.648533891139823,1.7689263047560262,2648.533891139823,2576,2573,5149,1.0293563510065382,6016,6.016,1.5,1.148273336877451,6209.819332007856
ag,50,1.377980471700942,0.9118902993003564,1377.980471700942,1307,1305,2612,1.05592373310417,1515,1.515,1.5,0.7407042253797155,1671.9003564074017
ag,50,1.308979220450199,0.9010047458454972,1308.9792204501991,1345,1343,2688,0.9746680718169762,1446,1.446,1.5,1.0470655199677044,1485.807361186661
ag,50,0.9348146728224948,0.6552755097516249,934.8146728224948,983,983,1966,0.9509813558723244,788,0.788,1.5,0.8093201646950061,807.1032765563574
ag,50,1.9619762325974244,1.3572067235906984,1961.9762325974243,1928,1925,3853,1.0192084325181423,3259,3.259,1.5,1.1619906727300418,3498.787241512234
ag,50,1.3509890588214597,0.8561528745149967,1350.9890588214594,1318,1317,2635,1.0258079413982228,1589,1.589,1.5,0.8005482535919793,1264.1141081920705
ag,50,1.282223227288008,0.8704701136616471,1282.2232272880078,1284,1283,2567,0.9993945653063194,1340,1.34,1.5,0.8639172525319119,1540.2754559839948
ag,50,1.3092204566043797,0.8586403549995991,1309.2204566043797,1334,1332,2666,0.9828982406939788,1541,1.541,1.5,0.7394010135601757,1266.4821925919746
ag,50,2.2606585658929563,1.5581486823753743,2260.658565892956,2284,2282,4566,0.990647925457036,4614,4.614,1.5,1.4126417820397688,4438.0020001112425
ag,50,0.7008296129495232,0.4369028217804515,700.8296129495232,668,667,1335,1.0507190598943377,344,0.344,1.5,0.3368201968389691,318.53081253294704
ag,50,2.0137765091787325,1.3040348574724532,2013.7765091787323,1948,1946,3894,1.0348286275327503,3450,3.45,1.5,1.4326821060149568,3558.243229312998
ag,50,3.5517076514436634,2.3294851719576792,3551.7076514436635,3541,3538,7079,1.003874406852364,11015,11.015,1.5,2.361880278436593,10886.691672870333
ag,50,2.51066242317721,1.718517947771242,2510.6624231772103,2620,2619,5239,0.9586339912856856,5915,5.915,1.5,1.517867950059737,7016.845177215744
ag,50,2.6246123707179603,1.724476260048717,2624.6123707179604,2544,2543,5087,1.032092949554841,6004,6.004,1.5,1.750766501706244,5346.731117823204
ag,50,1.2887428388264912,0.8819947484191091,1288.7428388264912,1343,1342,2685,0.9603150810927654,1497,1.497,1.5,0.8330196323385117,1485.8623141572134
ag,50,2.2824252338072664,1.47436820583833,2282.4252338072665,2260,2257,4517,1.0112650570701225,4709,4.709,1.5,1.771191354735861,4441.608775022237
ag,50,1.886800999079222,1.292639932255908,1886.800999079222,1952,1952,3904,0.9665988724791096,3349,3.349,1.5,0.9977843165541486,3012.2590846710877
ag,50,0.948544901563389,0.6595434785183072,948.544901563389,938,938,1876,1.01124189932131,730,0.73,1.5,0.5653103813435986,751.7302814194143
ag,50,1.4007833096548676,0.8513691970923826,1400.7833096548677,1301,1300,2601,1.0775256228114367,1487,1.487,1.5,1.0172702385214512,1599.7593133480675
ag,50,2.8426537027505483,1.8598151817707036,2842.6537027505483,2889,2887,5776,0.9846393151196912,6947,6.947,1.5,1.718249797578214,6702.517821498086
ag,50,0.6613324268294182,0.4273839926911068,661.3324268294182,675,675,1350,0.97975174345099,359,0.359,1.5,0.4366755913337417,405.3915877071239
ag,50,0.9666421446200568,0.6255639675402408,966.6421446200568,971,970,1941,0.9965382934227388,760,0.76,1.5,0.6793196266159638,1030.4256412091806
ag,50,2.588968018842086,1.7204671404452223,2588.968018842086,2631,2630,5261,0.9843984862517438,5980,5.98,1.5,1.877341216788119,6082.227306933556
ag,50,2.902910514725175,1.8072360596289232,2902.910514725175,2919,2916,5835,0.9955111504544496,7577,7.577,1.5,2.460251846551075,7839.208918526657
ag,50,0.3471964784510898,0.2266510838022517,347.1964784510899,345,345,690,1.0063666042060575,63,0.063,1.5,0.2812317214107677,52.489246782172515
ag,50,2.260675515273706,1.4302282788495213,2260.675515273706,2328,2325,4653,0.9723335549564328,4908,4.908,1.5,1.389816299896187,4662.974079816044
ag,50,1.6030811815380623,1.040018781206376,1603.0811815380623,1615,1615,3230,0.992619926648955,2339,2.339,1.5,0.7789259402472714,1901.904594804606
ag,50,0.9766245710363808,0.6678106337017632,976.6245710363808,1007,1005,2012,0.971765742324757,840,0.84,1.5,0.6199945393038108,811.5802104711883
ag,50,1.617002187597352,1.0214563399979852,1617.0021875973518,1636,1633,3269,0.9902034216762718,2360,2.36,1.5,1.0976507109324734,2267.5683559542167
ag,50,0.6514196392632263,0.4332997263931318,651.4196392632264,661,661,1322,0.985506262122884,333,0.333,1.5,0.5257878904380762,450.4977024345088
ag,50,3.397597630398197,2.235718496903559,3397.597630398197,3398,3392,6790,1.0016502448107891,9973,9.973,1.5,2.931657111848293,10555.622964382312
ag,50,2.6607111265514702,1.8044199631166848,2660.7111265514704,2583,2578,5161,1.0320834470719435,6110,6.11,1.5,2.3177579950643445,5074.07946489646
ag,50,2.8938387255941356,1.7970778865392485,2893.8387255941357,2895,2891,5786,1.000981918226958,7387,7.387,1.5,1.896064860054875,8275.657719128123
ag,50,2.2674598049231873,1.5511299251498067,2267.459804923187,2261,2258,4519,1.0041894618791796,4522,4.522,1.5,1.5494989026385309,4603.310308066642
ag,50,1.3462188309043903,0.9358870369472866,1346.2188309043904,1339,1339,2678,1.0053912105335254,1618,1.618,1.5,0.8516180713982595,1783.6872229127453
ag,50,1.9752537943299784,1.283856631999355,1975.2537943299783,1904,1902,3806,1.0385140874500411,3392,3.392,1.5,1.354517902143398,3480.3160243820366
ag,50,1.010304594186199,0.6574058979544571,1010.304594186199,986,985,1971,1.0256899433362423,785,0.785,1.5,0.8036424357962012,620.2691721799496
ag,50,2.29741174068543,1.5432230599142995,2297.4117406854302,2323,2319,4642,0.9906907031847478,4641,4.641,1.5,1.4420975933712876,3851.827468964513
ag,50,1.9267238828844435,1.263776083836454,1926.723882884444,1976,1975,3951,0.9755563963971868,3387,3.387,1.5,1.3307580701785984,3464.0862938193163
ag,50,1.0290812197232082,0.6572365009067918,1029.0812197232085,1005,1003,2008,1.0260032100929295,837,0.837,1.5,0.4751634848502568,954.0829829238164
ag,50,0.9841095997312056,0.6568768245314678,984.1095997312055,1028,1026,2054,0.9591711498354832,843,0.843,1.5,0.7495333332684552,635.0013605107304
ag,50,1.708840900188246,1.0893209040824772,1708.840900188246,1694,1693,3387,1.009356704186796,2599,2.599,1.5,1.3792099861565588,2334.2310522607895
ag,50,2.5678918953252534,1.6463865824106547,2567.8918953252532,2581,2579,5160,0.9956928636391056,5907,5.907,1.5,1.33076290193696,7388.446358016848
ag,50,1.0154663698807334,0.6757422643507629,1015.4663698807332,1021,1018,2039,0.9975111688415847,818,0.818,1.5,0.7220686399826742,850.724363418046
ag,50,0.9458725924648498,0.6330040502983438,945.8725924648496,996,996,1992,0.9496712775751504,839,0.839,1.5,0.6677609670974813,895.6569607545376
ag,50,0.9891440011298208,0.6762845871093697,989.1440011298208,993,992,1985,0.9971209688808678,757,0.757,1.5,0.6892869746133142,791.3289058303584
ag,50,2.5804645658447263,1.637914138401597,2580.464565844726,2575,2572,5147,1.0032910442631129,6124,6.124,1.5,1.4743293789563665,6206.810747103798
ag,50,1.299984382104621,0.906468496465302,1299.984382104621,1332,1331,2663,0.976697507216094,1537,1.537,1.5,0.7800156387766958,1627.5983709882553
ag,50,2.236530552926598,1.5360889129313204,2236.530552926598,2210,2209,4419,1.0124629030903567,4386,4.386,1.5,1.2429532329787338,5030.625730557833
ag,50,0.3050463036271945,0.21199305627058,305.04630362719456,330,330,660,0.924382738264226,62,0.062,1.5,0.21764014630319,69.12321176776281
ag,50,1.6512578383587484,1.070900102496364,1651.2578383587484,1633,1631,3264,1.012420501752758,2104,2.104,1.5,0.8866693778916186,2399.4834540848815
ag,50,1.684424828998581,1.088180911771964,1684.424828998581,1650,1649,3299,1.0214826130979873,2399,2.399,1.5,1.3398770250361751,2730.104966600585
ag,50,1.3290512972269155,0.8366171675977507,1329.0512972269155,1333,1332,2665,0.997786259179366,1485,1.485,1.5,0.7434615758712764,1871.6774939638608
ag,50,2.275845547019718,1.5466234030356745,2275.8455470197177,2275,2274,4549,1.0008115862004037,4594,4.594,1.5,1.3836917390615986,3368.6126787661506
ag,50,2.279034087201382,1.5382561585913703,2279.0340872013817,2311,2307,4618,0.9878778011276036,4530,4.53,1.5,1.416228295676338,4568.743713161021
ag,50,2.0517759232437287,1.338097641703708,2051.775923243729,1973,1971,3944,1.0409822035736829,3564,3.564,1.5,1.16128188093146,3970.8536549140354
ag,50,2.9950587179883197,1.8925519357506524,2995.0587179883196,2868,2863,5731,1.046125993010241,7584,7.584,1.5,1.594585149879188,8788.230827337931
ag,50,0.7013525426887631,0.4590425390393268,701.3525426887632,668,668,1336,1.0499289561209029,369,0.369,1.5,0.5104192538317949,356.38933302729174
ag,50,1.8513014710169975,1.28138617808337,1851.3014710169975,1973,1970,3943,0.939746939602537,3257,3.257,1.5,1.2415810720619884,3225.195938241978
ag,50,1.948001190041792,1.2614243842105808,1948.001190041792,1922,1918,3840,1.0156419134733017,3556,3.556,1.5,0.9219668070792711,3176.9771054335656
ag,50,1.0103652442799216,0.6191517991866129,1010.3652442799216,992,991,1983,1.0195411143087,857,0.857,1.5,0.5807709327461109,586.1427536996396
ag,50,0.8949081129760138,0.6272919318085038,894.9081129760139,986,984,1970,0.909459464406518,646,0.646,1.5,0.6534564136172286,821.0519037624356
ag,50,3.7656784185248977,2.4155120326902697,3765.6784185248976,3829,3825,7654,0.9844910898104308,13147,13.147,1.5,2.733643717099075,14897.864991227078
ag,50,1.9228607927682675,1.2096821917691798,1922.8607927682676,1923,1922,3845,1.000447863042803,3442,3.442,1.5,1.3154235956048397,3364.7537435101267
ag,50,2.632152300540336,1.6493910267285414,2632.152300540336,2547,2542,5089,1.0354651064281415,5885,5.885,1.5,1.8427961702067883,5261.296485929742
ag,50,0.3363344499642106,0.2232135877314825,336.33444996421065,324,324,648,1.0380692900129955,65,0.065,1.5,0.2805344107720159,74.11957334036673
ag,50,1.9679218790490651,1.2843386451086454,1967.9218790490656,1912,1908,3820,1.0314055969858833,3389,3.389,1.5,1.2283049193618727,3535.7925252488553
ag,50,2.798703251558842,1.831506931819954,2798.703251558842,2928,2926,5854,0.9564946177576356,7454,7.454,1.5,1.6421387108274264,6318.116146674
ag,50,0.0,0.0,0.0,0,0,0,,0,0.0,1.5,0.0,0.0
ag,50,2.6061143133733924,1.734169983600646,2606.114313373392,2595,2592,5187,1.0054453369496112,6035,6.035,1.5,1.772818296957856,5774.641914478326
ag,50,0.3331886832143591,0.2221739845922405,333.1886832143591,346,346,692,0.9629730728738702,91,0.091,1.5,0.1631059702756081,114.61307799112627
ag,50,2.292239766809836,1.517370589907991,2292.239766809836,2254,2253,4507,1.0174166741277568,4550,4.55,1.5,1.428023927430642,4472.997536370663
ag,50,3.501677184792682,2.325274349199578,3501.677184792682,3514,3511,7025,0.9973446837917066,10818,10.818,1.5,2.13743357161826,12343.38531155376
ag,50,1.2697307180979007,0.7928818631349637,1269.7307180979008,1295,1293,2588,0.9820036489542928,1426,1.426,1.5,0.5644641284268255,1362.7423999994776
ag,50,1.2689193083663934,0.8523366238905364,1268.9193083663934,1323,1322,2645,0.9598481908974232,1365,1.365,1.5,0.7961204531955466,1489.9856582093466
ag,50,1.0021537667307403,0.6606205557662129,1002.1537667307406,983,983,1966,1.019485011933612,868,0.868,1.5,0.6878811088294686,953.0073330298188
ag,50,1.5474029119485784,1.007422491308838,1547.4029119485783,1583,1582,3165,0.9781307913707828,2157,2.157,1.5,1.0921846773897408,2316.1192758820625
ag,50,0.6622604543391784,0.4502521360698156,662.2604543391783,635,635,1270,1.0429298493530368,337,0.337,1.5,0.4164909455808364,325.2080624489145
ag,50,1.6979949634050835,1.1107421666089194,1697.9949634050836,1648,1646,3294,1.0315886776458587,2404,2.404,1.5,1.2909682781985226,2411.4128838605566
ag,50,0.6570710122856677,0.4428459398867159,657.0710122856676,643,642,1285,1.023475097018174,377,0.377,1.5,0.6423451148343006,372.6191457800628
ag,50,1.6500348058042025,1.1287583186908106,1650.0348058042025,1591,1591,3182,1.0371054719071038,2367,2.367,1.5,1.097985583036845,2320.912299935831
ag,50,2.8766809387075,1.975332599103523,2876.6809387075,2926,2924,5850,0.983817010501881,7569,7.569,1.5,2.0121095515288845,6146.7994037632325
ag,50,1.276096023721094,0.829832827072401,1276.0960237210938,1288,1287,2575,0.991527601958892,1316,1.316,1.5,0.6379500972155752,1502.9875669027947
ag,50,1.9682182729811368,1.3788168213859704,1968.2182729811368,1965,1963,3928,1.0026583153240636,3300,3.3,1.5,1.2080434528987076,3539.4856415240574
ag,50,0.3707778086549433,0.2333016252639815,370.7778086549433,344,344,688,1.077842467020184,76,0.076,1.5,0.2477898874648908,91.149114789647
ag,50,0.6750611783002686,0.4415657764020162,675.0611783002686,692,692,1384,0.9755219339599256,344,0.344,1.5,0.4742049599782057,425.6801215742908
ag,50,2.603624473858822,1.6201675375245268,2603.624473858822,2553,2551,5104,1.0206289587843285,6036,6.036,1.5,1.8868781237131016,5702.91762518331
ag,50,3.4961972864502213,2.3403056700279565,3496.1972864502213,3498,3493,6991,1.000915341096542,10775,10.775,1.5,2.828088376102411,11979.764978394218
ag,50,2.206610957042751,1.4626305537023687,2206.6109570427507,2239,2238,4477,0.985974511636618,4082,4.082,1.5,1.230618516589583,2860.0228725235484
ag,50,2.2895596680681827,1.446517034431275,2289.559668068183,2321,2317,4638,0.988156956438577,4701,4.701,1.5,1.4337076629170613,4751.2150077812985
ag,50,1.3193392212765425,0.8099347583770868,1319.3392212765425,1312,1312,2624,1.0055939186559013,1560,1.56,1.5,0.8729984665303064,1361.4339350484215
ag,50,0.9887512173732812,0.6623217560469181,988.7512173732812,980,979,1959,1.0099603854681114,757,0.757,1.5,0.5819066230398222,822.4544766491042
ag,50,0.928133454599709,0.6386364044015577,928.133454599709,993,991,1984,0.936562517255004,805,0.805,1.5,0.5335653092077134,717.0744461508564
ag,50,0.6522531705418925,0.4146639277326086,652.2531705418925,667,666,1333,0.9793591149277664,353,0.353,1.5,0.5393531293856387,312.5235717031619
ag,50,1.314814463310955,0.8730803484256708,1314.814463310955,1341,1340,2681,0.9812048233663844,1606,1.606,1.5,0.909633765497867,1547.8499477199305
ag,50,1.327698541444162,0.8451709871299311,1327.698541444162,1317,1315,2632,1.0096566855088684,1543,1.543,1.5,0.9986918294032668,1851.2735603251883
ag,50,1.6880383063235698,1.1501375418476978,1688.0383063235697,1710,1710,3420,0.9871569042827892,2490,2.49,1.5,1.4577385367185842,2898.603960179462
ag,50,1.3917788171605734,0.9231178993768836,1391.7788171605737,1307,1304,2611,1.0673150438347956,1574,1.574,1.5,0.754877697038887,1857.6676552414003
ag,50,1.915629643172632,1.317575933244132,1915.629643172632,1979,1979,3958,0.9679785968532754,3345,3.345,1.5,1.4678322135370938,3722.91744955606
ag,50,1.2977473148094207,0.8427116026989823,1297.747314809421,1360,1359,2719,0.9549281198008982,1412,1.412,1.5,0.7479897139904446,1580.3402347973897
ag,50,1.307978766797256,0.8559724135399799,1307.978766797256,1310,1308,2618,0.9999837666645688,1404,1.404,1.5,0.7946480846581945,1479.0056045170347
ag,50,1.9686859546573945,1.340501908262548,1968.6859546573944,1971,1967,3938,1.0008571198054876,3471,3.471,1.5,1.5434280101574849,3304.674969480583
ag,50,1.8563750355957576,1.297012572528017,1856.3750355957577,1952,1950,3902,0.9519871977414142,3024,3.024,1.5,1.5329165733380867,4158.942126383728
ag,50,0.6474817975907513,0.4243189135668589,647.4817975907513,660,659,1319,0.9825216958888486,337,0.337,1.5,0.5066861565535868,328.4585249553586
ag,50,2.2498883773198965,1.5380876975387108,2249.8883773198963,2252,2248,4500,1.0008400254981746,4333,4.333,1.5,1.3002666647941086,3968.3429489162377
ag,50,1.0306997922559475,0.7028974745054731,1030.6997922559476,987,986,1973,1.0453344749046125,929,0.929,1.5,0.6365333784674352,1018.5687938986885
ag,50,1.3447387121307062,0.8641010801234333,1344.738712130706,1325,1322,2647,1.0172002361049213,1549,1.549,1.5,1.0023556958207662,1448.9194034804814
ag,50,1.972957366602777,1.3551046273154626,1972.9573666027773,1926,1925,3851,1.0249129177157283,3379,3.379,1.5,0.9302469954565624,2834.7063562502835
ag,50,0.9874109796596804,0.6201805590368613,987.4109796596804,1024,1024,2048,0.9642685348239066,874,0.874,1.5,0.6920859826173404,906.2427216802004
ag,50,1.96800992089997,1.2659754239384349,1968.00992089997,1962,1961,3923,1.0035746664456755,3540,3.54,1.5,1.0716818653095277,4404.747738993144
ag,50,3.24825194900811,2.148070850434894,3248.25194900811,3264,3260,6524,0.9963963033767208,8969,8.969,1.5,1.8468770414077735,8701.663792071355
ag,50,1.3231978909915902,0.8974382543840795,1323.1978909915902,1370,1368,2738,0.9672499203154898,1545,1.545,1.5,1.0415529131614427,1625.2094539747577
ag,50,3.561426135600411,2.3126614881354506,3561.426135600411,3488,3486,6974,1.0216368719450404,10997,10.997,1.5,2.1159031737361698,11314.608370735872
ag,50,0.6559063459834394,0.4330454099811446,655.9063459834395,660,660,1320,0.9937974939143022,308,0.308,1.5,0.5026533884425415,332.21286963701164
ag,50,0.9898870931516246,0.6550962141690828,989.8870931516246,974,972,1946,1.0184023592094904,746,0.746,1.5,0.6678656681728823,765.6224166549533
ag,50,0.649684934112095,0.4314849116031174,649.684934112095,661,661,1322,0.9828818972951512,306,0.306,1.5,0.358793042739275,269.25863022854554
ag,50,1.3193058876552552,0.8959357453606122,1319.3058876552552,1313,1312,2625,1.0055685119323592,1560,1.56,1.5,0.9063405749498198,1854.0240153105633
ag,50,1.6198232006853237,1.0753353459132735,1619.8232006853234,1647,1643,3290,0.9858936096684866,2492,2.492,1.5,1.0041185852088597,2241.429592307202
ag,50,1.28629638056074,0.8480261695490023,1286.29638056074,1300,1299,2599,0.990220462325435,1390,1.39,1.5,0.8619190332505855,1256.0086687133194
ag,50,1.3262968433868385,0.9030173770614824,1326.2968433868384,1275,1274,2549,1.0410493276191823,1556,1.556,1.5,0.8998109498289337,1793.2815621651732
ag,50,0.676077637167132,0.4177279894185337,676.077637167132,657,655,1312,1.032179598728446,334,0.334,1.5,0.4069494120871688,393.3109999470323
ag,50,1.6487011436954804,1.11710402359217,1648.7011436954804,1625,1624,3249,1.0152100638518968,2224,2.224,1.5,1.5305743272300945,2058.866431114879
ag,50,1.5693334942956658,1.0757460042948894,1569.3334942956658,1625,1623,3248,0.9669337611187095,2249,2.249,1.5,1.0437807547180178,2342.2235750812893
ag,50,2.256177760870227,1.4877412854641752,2256.177760870227,2253,2251,4504,1.0023002047402163,4451,4.451,1.5,1.7215900734135394,5880.089255063704
ag,50,0.9985126420303592,0.6450579712868777,998.5126420303592,964,963,1927,1.0368770945278911,806,0.806,1.5,0.7190875139444535,651.6491251080579
ag,50,1.6083879850913128,1.0461217519783113,1608.3879850913129,1644,1643,3287,0.9789336488687236,2358,2.358,1.5,1.0808504560234369,2390.0812237955774
ag,50,1.9755590565226744,1.2295662220371997,1975.5590565226744,1951,1948,3899,1.014147359611229,3488,3.488,1.5,1.361091127821643,3361.438214072986
ag,50,0.3505251858713398,0.2276572799412025,350.52518587133983,369,368,737,0.9525140920416844,76,0.076,1.5,0.2321412841748449,68.01766456993266
ag,50,0.6613746541682031,0.4224651189633737,661.374654168203,667,667,1334,0.991566198153228,320,0.32,1.5,0.3946842694947392,336.5135900837728
ag,50,2.2262128866566537,1.568457418193212,2226.2128866566536,2290,2289,4579,0.972570068438905,4748,4.748,1.5,1.369168238136062,4856.42402473724
ag,50,1.9441534206542788,1.267039741166727,1944.1534206542788,2011,2009,4020,0.9677219615003876,3402,3.402,1.5,1.289725333163803,4082.426764866148
ag,50,0.6640236499869108,0.4727309406657898,664.0236499869108,684,683,1367,0.9722161786045546,373,0.373,1.5,0.4676584112935393,346.1204815187765
ag,50,2.9232672860026345,1.9474273047640047,2923.2672860026346,2922,2917,5839,1.002148538225106,7783,7.783,1.5,1.7155954681247838,8289.996122744353
ag,50,2.696411322302989,1.7963464984326036,2696.411322302989,2607,2602,5209,1.0362841361656376,6150,6.15,1.5,2.160303635273815,6729.881658536505
ag,50,1.2914530043465031,0.8659116756553009,1291.4530043465031,1330,1327,2657,0.9732125126951796,1445,1.445,1.5,0.7698129233988947,1230.2722673995374
ag,50,1.6363011759662895,1.0310752747533656,1636.3011759662895,1655,1654,3309,0.9892993808744192,2306,2.306,1.5,0.9856943952365184,2042.677087351296
ag,50,1.624079332171681,1.050221425891143,1624.0793321716812,1577,1576,3153,1.0305071904642646,2343,2.343,1.5,0.8875089353904103,2444.2363215119844
nag,50,0.9724207990111648,0.7371439804382441,972.4207990111648,1478,1477,2955,0.6583756255999761,1224,1.224,1.5,0.7239953311427707,1196.122148938338
nag,50,1.4524954151352427,1.0696303083681078,1452.4954151352426,2178,2176,4354,0.6675070841614167,2770,2.77,1.5,1.1531245964899683,2873.8322383735926
nag,50,1.748144372955103,1.283805528465091,1748.1443729551029,2603,2601,5204,0.6721047185525194,4251,4.251,1.5,1.2395271583969143,4246.208042642727
nag,50,1.264295522515721,0.921096806151534,1264.2955225157211,1820,1819,3639,0.6950497649894014,2011,2.011,1.5,1.326694215648616,1872.6367910124857
nag,50,1.4277996408006162,1.0664724619440815,1427.799640800616,2175,2175,4350,0.6564596049658005,2724,2.724,1.5,1.1084840552395363,2453.4452537711986
nag,50,1.2265489854972398,0.920656355060952,1226.5489854972398,1858,1856,3714,0.6608561344273921,2024,2.024,1.5,0.8073620432000566,2340.605793126895
nag,50,1.1745331870063709,0.943659417964252,1174.5331870063706,1781,1781,3562,0.6594796108963338,1801,1.801,1.5,0.896513950148291,1690.530188342712
nag,50,1.943616638110572,1.480186809410406,1943.616638110572,2920,2919,5839,0.6658501672184214,5049,5.049,1.5,1.7042398258731053,5004.634034844629
nag,50,1.6129513890430758,1.257753116941796,1612.9513890430758,2492,2490,4982,0.6477716421859742,3530,3.53,1.5,1.368286627677727,3546.3684986621065
nag,50,1.2577257202476404,0.9112474648540284,1257.7257202476403,1843,1841,3684,0.6831752961692777,2058,2.058,1.5,1.0281083005832916,1598.4528156968222
nag,50,1.276688637735754,0.8963171917753641,1276.688637735754,1831,1830,3661,0.6976440643364776,2083,2.083,1.5,0.791290887385291,2048.315977905902
nag,50,1.7191464812631112,1.3157540155201142,1719.1464812631111,2578,2577,5155,0.667111556563101,3991,3.991,1.5,1.0372358679688054,3338.261535225918
nag,50,0.7124506821245356,0.5279387330000124,712.4506821245355,1096,1095,2191,0.650639892351174,608,0.608,1.5,0.4790056411461457,590.1128653869282
nag,50,0.2468744664726542,0.1859274642764965,246.8744664726542,370,370,740,0.6672282877639303,47,0.047,1.5,0.1820292064652566,51.94366099391507
nag,50,1.4635876487585937,1.0235425269510876,1463.5876487585936,2234,2233,4467,0.6554355793813674,2777,2.777,1.5,0.7760624306171776,3311.278013531159
nag,50,1.0486173197348478,0.7710470688193027,1048.6173197348478,1494,1491,2985,0.7032980011635465,1294,1.294,1.5,0.6882569782816941,1130.2155632660017
nag,50,2.8834832268260944,2.0596333682332615,2883.4832268260943,4257,4255,8512,0.6776693835078953,11067,11.067,1.5,1.953011982693815,9976.371134799889
nag,50,0.9876853812918772,0.7222145647696994,987.6853812918772,1473,1472,2945,0.6709819166385036,1306,1.306,1.5,0.730131039131253,1528.7749503336668
nag,50,1.2230971189451594,0.9226786340830462,1223.0971189451593,1805,1804,3609,0.6779917510782479,1845,1.845,1.5,0.8568409884585485,1931.774242476953
nag,50,1.4565167582026757,1.1011869486023218,1456.5167582026754,2180,2178,4358,0.6687404766770778,2846,2.846,1.5,1.15567751041311,2542.2173768279786
nag,50,2.0658218793373706,1.469951884810481,2065.821879337371,3035,3032,6067,0.6813396699661514,5458,5.458,1.5,1.2906757671258806,4143.243565976945
nag,50,1.5054927179961268,1.1365571321744914,1505.4927179961269,2218,2217,4435,0.6790675317979824,2998,2.998,1.5,1.0636486846465874,3070.0890171640344
nag,50,1.9262057110844495,1.435885764116339,1926.2057110844496,2911,2909,5820,0.6621539054948262,4801,4.801,1.5,1.387066625964363,4417.167135590847
nag,50,0.7678169229947223,0.5627767140179526,767.8169229947223,1133,1131,2264,0.6788832210386581,699,0.699,1.5,0.5168912901402156,790.7471674192969
nag,50,1.4601111690532116,1.1082237043797891,1460.1111690532116,2194,2194,4388,0.6655019002065686,2950,2.95,1.5,1.1932865534384225,2135.222796129309
nag,50,1.7323152486240243,1.302509223774891,1732.3152486240242,2505,2504,5009,0.6918191887476135,3777,3.777,1.5,1.0797320143307207,3828.2465653185127
nag,50,1.226763160810005,0.9212214217307926,1226.7631608100048,1829,1826,3655,0.6718308657228942,1990,1.99,1.5,0.9497229266738748,2124.7263590898538
nag,50,0.9786688940210656,0.7046809182264557,978.6688940210656,1471,1470,2941,0.6657611523952828,1277,1.277,1.5,0.6982699252880066,1111.8386473595974
nag,50,0.7685924586190204,0.5893022724025048,768.5924586190204,1111,1110,2221,0.6924256383955139,707,0.707,1.5,0.4558791492380933,774.5917831782405
nag,50,1.495063750161758,1.0986165293675765,1495.063750161758,2194,2193,4387,0.6817436161248326,2782,2.782,1.5,0.9535866079696488,3321.6966743327107
nag,50,0.9793208474670666,0.723957216952215,979.3208474670666,1453,1452,2905,0.67446339357236,1238,1.238,1.5,1.0170077960187127,1360.6606670866418
nag,50,2.341806081382127,1.773828924564285,2341.806081382126,3615,3613,7228,0.648161107495745,7529,7.529,1.5,2.0979892590620706,10237.529486793335
nag,50,1.6872122050013627,1.21368600719098,1687.2122050013627,2560,2560,5120,0.6590672675786573,3789,3.789,1.5,1.381694962749871,4641.2505666811
nag,50,2.929651457491226,2.1484643143732827,2929.651457491226,4353,4352,8705,0.6731735885779472,11376,11.376,1.5,2.0693286773209643,10022.278189895287
nag,50,1.2353073769918954,0.9389064961319944,1235.3073769918954,1838,1838,3676,0.6720932410184415,1986,1.986,1.5,0.6997200878756069,1594.3040781778311
nag,50,1.9310858590959457,1.3670718667683148,1931.0858590959456,2912,2910,5822,0.6636033880054795,5112,5.112,1.5,1.2189050143317797,4750.741973625947
nag,50,1.9514101082714792,1.3691799508590374,1951.4101082714792,2934,2931,5865,0.6657830461519888,5151,5.151,1.5,1.87330595319218,4222.052410578684
nag,50,1.455628313800652,1.064530274735167,1455.628313800652,2183,2183,4366,0.6668017928541695,2782,2.782,1.5,0.7824138453569423,2192.882418347067
nag,50,1.7116305964167566,1.2189142790274794,1711.6305964167566,2504,2502,5006,0.6841049546030202,3880,3.88,1.5,1.053576102579559,3338.614376443567
nag,50,0.4973432006662838,0.3749083428101961,497.3432006662838,752,752,1504,0.661360639183888,266,0.266,1.5,0.4414518745941174,272.6419103343545
nag,50,1.2517112588080477,0.9158316154350438,1251.7112588080477,1887,1886,3773,0.6636857151686361,2205,2.205,1.5,0.6273917780343938,2639.358660764927
nag,50,1.17566518833034,0.8914739031539545,1175.66518833034,1798,1797,3595,0.654237723055281,1992,1.992,1.5,1.0696865968927922,1692.038653627522
nag,50,1.5388461945693326,1.080415805266658,1538.8461945693325,2256,2255,4511,0.6824151638888393,3115,3.115,1.5,0.9625337771156762,3526.7986142689306
nag,50,0.230797773373697,0.1775301611794406,230.79777337369703,358,358,716,0.6446865178036231,36,0.036,1.5,0.1809898814542855,37.77385319668057
nag,50,1.241482023726939,0.9485863012819098,1241.4820237269391,1833,1831,3664,0.6780349665357396,2002,2.002,1.5,0.9148699402226432,1466.9888608916442
nag,50,1.239555450075778,0.9354774150552608,1239.555450075778,1876,1875,3751,0.6610962400404149,2186,2.186,1.5,0.7055172136436116,2225.991945756066
nag,50,1.8860439252147865,1.331567650979374,1886.0439252147864,2839,2838,5677,0.6645679792863941,4706,4.706,1.5,1.4719018010956584,3128.93826097937
nag,50,1.2315845755275376,0.8981903527677174,1231.5845755275377,1835,1834,3669,0.6715292123923324,2121,2.121,1.5,1.0630908095380525,1926.525676537863
nag,50,0.7396829737528414,0.575799503021636,739.6829737528415,1101,1101,2202,0.6718283140352783,660,0.66,1.5,0.5828727782536456,777.9327850641449
nag,50,2.164483753435015,1.6877123644981176,2164.4837534350154,3323,3322,6645,0.6515604314975965,6720,6.72,1.5,1.37756407823096,7265.6761171903745
nag,50,1.1810765661165952,0.9042662494491964,1181.0765661165951,1780,1780,3560,0.6635261607396602,2020,2.02,1.5,1.0647047339726483,2148.230351449245
nag,50,2.148001537527458,1.5816846438204752,2148.001537527458,3244,3242,6486,0.6625544532780561,6486,6.486,1.5,1.4648674875697218,6484.924421072057
nag,50,1.176755681989221,0.912101284087001,1176.755681989221,1786,1785,3571,0.6592468806662303,1895,1.895,1.5,0.888808403228179,1684.8141230068145
nag,50,1.236042449710313,0.8781400625187007,1236.0424497103131,1801,1800,3601,0.6866902498390628,1980,1.98,1.5,0.7870634128829617,2373.989309031973
nag,50,1.695250135860499,1.2600845140252366,1695.250135860499,2542,2541,5083,0.6671586524441161,3828,3.828,1.5,1.402700788641838,3944.255389210251
nag,50,2.154305052722954,1.6331950685834855,2154.305052722954,3246,3243,6489,0.6642938799639081,6301,6.301,1.5,1.8063964907395669,6435.6906074022645
nag,50,1.0323749489482603,0.8003082696159176,1032.3749489482605,1526,1525,3051,0.6769671796382036,1294,1.294,1.5,0.6315982416967236,1331.0342518380112
nag,50,1.2197872237655336,0.8905912962299394,1219.7872237655336,1851,1851,3702,0.6589882354216821,2044,2.044,1.5,0.6913357989237923,2232.445738139207
nag,50,0.262910365429894,0.1937885051794136,262.91036542989406,396,396,792,0.6639150642169042,58,0.058,1.5,0.1699235376196094,60.09105983517257
nag,50,0.7510979299860306,0.5301679685041673,751.0979299860306,1127,1126,2253,0.667049671390791,659,0.659,1.5,0.6068130037540552,635.5248304629588
nag,50,1.213141917307875,0.9136828722987348,1213.141917307875,1818,1817,3635,0.6676620348419785,2016,2.016,1.5,1.024433652569103,2208.209088379633
nag,50,2.849579385448127,2.07240970507163,2849.579385448127,4272,4270,8542,0.6673488022126761,10718,10.718,1.5,2.2159804382935175,9427.66964328719
nag,50,0.5306778383982553,0.3973280864302079,530.6778383982553,743,743,1486,0.7142366600245698,280,0.28,1.5,0.3375358794132098,350.25602053986256
nag,50,1.4784801114881576,1.046631293754699,1478.4801114881575,2161,2161,4322,0.6841647901379722,2834,2.834,1.5,1.0748000251594398,2972.1871483348195
nag,50,1.246390201939015,0.9144517404413404,1246.390201939015,1887,1886,3773,0.6608643700631045,2086,2.086,1.5,0.8287441938172517,2132.132345281968
nag,50,0.7690967566605912,0.5464194397349939,769.0967566605912,1118,1117,2235,0.6885378304929196,724,0.724,1.5,0.6912976518741137,524.5958735863762
nag,50,0.7433242747407228,0.5752838183562006,743.3242747407228,1125,1123,2248,0.6619094165099936,658,0.658,1.5,0.6295178415336619,530.3303491217202
nag,50,0.2648302766931598,0.1946952012397842,264.8302766931598,374,374,748,0.7081023440993578,52,0.052,1.5,0.1995986484420276,54.9193055889453
nag,50,1.6662649689108884,1.2212978642379255,1666.2649689108885,2571,2570,5141,0.6483521279808905,3714,3.714,1.5,1.274391109190255,4052.033445233605
nag,50,1.1981724128737574,0.8877658241525663,1198.1724128737574,1822,1819,3641,0.6586984127948089,1863,1.863,1.5,0.5837354828544388,1192.8401950145258
nag,50,0.2489673844261061,0.1869826259181295,248.96738442610615,374,374,748,0.6656881936526903,54,0.054,1.5,0.1920095014186095,53.08526510715446
nag,50,1.238295588580672,0.9210149760650428,1238.2955885806718,1853,1852,3705,0.6686261277433433,2116,2.116,1.5,0.9770726410922098,2446.7094567109257
nag,50,0.4817294175127091,0.3525672243330207,481.7294175127091,758,757,1515,0.6363664696336977,277,0.277,1.5,0.3915645782699536,311.696227250266
nag,50,1.1911241204083691,0.9363565453733464,1191.1241204083694,1835,1832,3667,0.650176921620289,2008,2.008,1.5,1.047543833321059,1760.3800056789885
nag,50,0.2543245780120758,0.1896435870310554,254.3245780120758,397,396,793,0.6422337828587773,67,0.067,1.5,0.2474761696059056,71.04389412178142
nag,50,0.7469808663311978,0.5326280578496149,746.9808663311977,1104,1104,2208,0.6766131035608675,636,0.636,1.5,0.4734176290181949,717.4324321451409
nag,50,0.9754292100425628,0.7428837460660034,975.4292100425628,1480,1480,2960,0.6590737905692992,1290,1.29,1.5,0.784920880111338,1568.6544183606538
nag,50,1.2436115446975182,0.9138878833141236,1243.6115446975182,1842,1842,3684,0.6751419895209111,1907,1.907,1.5,1.0914036091860002,2027.368777746059
nag,50,1.2406826934238384,0.9372925713904332,1240.6826934238384,1845,1842,3687,0.6735519508272738,1991,1.991,1.5,1.2237618712457432,1991.1813134794772
nag,50,1.467821621905162,1.0753433473261376,1467.821621905162,2192,2189,4381,0.6705443681613348,2867,2.867,1.5,1.1480545646293503,3046.7149424995946
nag,50,1.736757479476409,1.2568749479858825,1736.757479476409,2564,2564,5128,0.6773625114962594,3972,3.972,1.5,1.463717928061356,3873.9051573259894
nag,50,0.9705702273866044,0.7109574328122432,970.5702273866044,1475,1475,2950,0.6580137134824436,1281,1.281,1.5,0.6796017256218715,1310.0383339158982
nag,50,1.2161343123469548,0.8743008340623712,1216.1343123469549,1813,1813,3626,0.6707856107815526,2022,2.022,1.5,0.901043919772192,2513.903638147422
nag,50,1.5481933580590137,1.088327527567532,1548.1933580590137,2272,2270,4542,0.6820235057528694,3077,3.077,1.5,1.170257392481724,2891.4716463486584
nag,50,2.149068693429244,1.608698700266039,2149.068693429244,3221,3218,6439,0.6678274373614804,6353,6.353,1.5,1.933594174209292,6115.479345131875
nag,50,0.7171976070461205,0.523083300128028,717.1976070461204,1045,1043,2088,0.6876295369569707,595,0.595,1.5,0.5706065923835035,525.992516460833
nag,50,1.1978362663114703,0.905559704079806,1197.8362663114704,1843,1841,3684,0.6506443597563663,2045,2.045,1.5,1.084861533387196,2384.092477044452
nag,50,0.946849127086545,0.7489449510540124,946.849127086545,1480,1479,2959,0.6401954882261968,1271,1.271,1.5,0.6109952883284641,1362.90508391852
nag,50,1.451830341510135,1.0798275991121882,1451.830341510135,2204,2202,4406,0.6593234975068732,2898,2.898,1.5,0.7340614359911481,3134.1448570736593
nag,50,1.4800563697518525,1.0499902783689443,1480.0563697518526,2171,2171,4342,0.6817394609635433,2876,2.876,1.5,1.2520407716862554,2568.7547703002465
nag,50,0.9998476838234742,0.7307736173913879,999.8476838234742,1430,1429,2859,0.6996834736343417,1292,1.292,1.5,0.6463817889080111,1203.1672090897632
nag,50,0.74391884070993,0.5342876259187515,743.91884070993,1113,1111,2224,0.6695939160305401,701,0.701,1.5,0.5646214394560533,693.7960637492943
nag,50,1.4371505930328723,1.0786053455280613,1437.1505930328726,2236,2233,4469,0.6435963246900459,2969,2.969,1.5,1.4699518953891046,2520.681990173719
nag,50,0.5201435416275758,0.3789003709092147,520.1435416275758,767,765,1532,0.6799261982059814,287,0.287,1.5,0.3470631986284501,267.5994849446446
nag,50,0.7340366149096318,0.5584221335841345,734.0366149096318,1113,1113,2226,0.6595117833869109,706,0.706,1.5,0.3953035434345444,742.1756432084248
nag,50,1.690301809665231,1.2214702006073304,1690.3018096652308,2552,2552,5104,0.6623439693045575,3956,3.956,1.5,1.2581750769688995,3190.2099214121577
nag,50,0.4988451170437519,0.3814855294420892,498.84511704375194,780,780,1560,0.6395450218509641,349,0.349,1.5,0.3241671686719354,346.1398018153154
nag,50,1.2182175455652926,0.9051849592344966,1218.2175455652923,1795,1794,3589,0.6790510287431955,1905,1.905,1.5,1.033650691187789,1721.0266361843503
nag,50,1.4400275004536989,1.072070700589406,1440.0275004536986,2128,2127,4255,0.6770228022819458,2755,2.755,1.5,0.966783306333041,2298.472296849471
nag,50,1.4613376179748228,1.064114645209179,1461.3376179748227,2174,2174,4348,0.6721884167317492,2796,2.796,1.5,1.0486256885048084,3121.3107234820577
nag,50,0.4969344283241606,0.3694780619235348,496.93442832416065,741,741,1482,0.6706267588720116,285,0.285,1.5,0.4336385717146921,254.9710094741686
nag,50,0.0,0.0,0.0,0,0,0,,0,0.0,1.5,0.0,0.0
nag,50,0.9360344368376166,0.6994415952731483,936.0344368376166,1425,1424,2849,0.6573275539590004,1167,1.167,1.5,0.726025477922158,1006.5716676374016
nag,50,1.5026595113998993,1.10735635368114,1502.6595113998992,2248,2247,4495,0.6687403255006227,2975,2.975,1.5,1.0316908560175204,2695.5917003696563
nag,50,0.6890253390467183,0.512772708416949,689.0253390467183,1061,1061,2122,0.6494112526359267,657,0.657,1.5,0.6075169259869313,556.5919241638904
nag,50,0.7635979686200612,0.5675545450857712,763.5979686200612,1113,1113,2226,0.6860718496137118,655,0.655,1.5,0.528985354093931,614.9013928811153
nag,50,1.6605305673876196,1.2078687726439987,1660.5305673876196,2573,2573,5146,0.6453674960698094,3769,3.769,1.5,1.1547559403813377,4255.740442416818
nag,50,0.7597008835650028,0.5470623554972336,759.7008835650028,1119,1119,2238,0.6789105304423617,648,0.648,1.5,0.4615923870763351,711.3924510508677
nag,50,2.1656564004244796,1.486837642940728,2165.6564004244797,3227,3226,6453,0.6713132053392683,6118,6.118,1.5,1.2048382815297478,4583.002706171549
nag,50,0.4900025436425817,0.3760114780960152,490.0025436425817,759,758,1517,0.6464413504519547,286,0.286,1.5,0.3668640155973869,269.36722765913686
nag,50,0.7469838178100067,0.571613681913239,746.9838178100067,1098,1098,2196,0.6803131309745052,645,0.645,1.5,0.739484514730785,593.2684492908926
nag,50,0.5178555448175868,0.3862565145102888,517.8555448175867,748,747,1495,0.6932470479485766,306,0.306,1.5,0.4285726702000222,381.2280035866276
nag,50,0.9983830515231108,0.7633599638147461,998.3830515231108,1489,1489,2978,0.6705057431317063,1317,1.317,1.5,0.856203016545473,1269.5261651833755
nag,50,2.2351834317726187,1.5833623024675871,2235.183431772619,3309,3306,6615,0.6760990416735084,6654,6.654,1.5,1.749213561272362,7620.488588694536
nag,50,0.4881262527523368,0.3586804215788532,488.1262527523368,715,715,1430,0.682694059793478,251,0.251,1.5,0.3341598187427838,188.42448136939635
nag,50,1.4366466670972988,1.0175719412999988,1436.6466670972989,2167,2166,4333,0.6632717761298702,2686,2.686,1.5,0.97492996317811,2639.20737328887
nag,50,1.520561869834438,1.0814867538470463,1520.561869834438,2170,2168,4338,0.7013661761228958,2770,2.77,1.5,1.1457943876114876,2570.785379627484
nag,50,0.7547938939553913,0.5411957282383112,754.7938939553914,1128,1127,2255,0.6697372617172949,718,0.718,1.5,0.592380357161948,751.0378288768948
nag,50,1.9592798609458384,1.4932772644469885,1959.2798609458384,2961,2960,5921,0.6619188719411615,5509,5.509,1.5,1.6230697316681075,4983.073481096862
nag,50,0.7032226807474264,0.546608738625335,703.2226807474265,1075,1074,2149,0.6547697213663188,613,0.613,1.5,0.6688774801500234,588.4469526762027
nag,50,2.382646520638142,1.7384911876268918,2382.646520638142,3634,3634,7268,0.6556539682548548,7821,7.821,1.5,1.4946306583690163,10918.35404581131
nag,50,1.6594974556258386,1.197200775770813,1659.4974556258387,2545,2544,5089,0.6523181822428611,3662,3.662,1.5,0.9138490353045944,3208.990113725576
nag,50,2.4089992567693517,1.7190708407963944,2408.9992567693516,3656,3652,7308,0.6596383507035465,7813,7.813,1.5,1.9822572152246305,7745.443411303693
nag,50,1.6357387028207349,1.218625311790604,1635.738702820735,2539,2537,5076,0.6447531347342275,3707,3.707,1.5,1.25175722069299,3216.887048672949
nag,50,0.7843456683116078,0.5854444843400421,784.3456683116078,1116,1116,2232,0.7028186992039497,746,0.746,1.5,0.5797746863998487,686.4680335140288
nag,50,1.1991424704738611,0.8679146799541964,1199.142470473861,1819,1818,3637,0.6595943181924429,1886,1.886,1.5,0.9543852918763768,2392.7124696932738
nag,50,1.4705396086674731,1.1081744939739546,1470.5396086674732,2258,2257,4515,0.6515461270126155,3097,3.097,1.5,0.7599175088041958,2385.1014092795185
nag,50,0.5016085448965965,0.3667719981652868,501.6085448965964,724,724,1448,0.6928294819013763,285,0.285,1.5,0.4902783562612729,284.1184346269848
nag,50,0.6982722266364588,0.5161470096764751,698.2722266364589,1094,1093,2187,0.6388583958247566,647,0.647,1.5,0.5114325454414808,623.307056294762
nag,50,1.01626927706947,0.7710798887650138,1016.26927706947,1469,1468,2937,0.6922815238892848,1314,1.314,1.5,0.75251524071386,1181.9586757624356
nag,50,1.479411977293958,1.0915337660606732,1479.411977293958,2159,2157,4316,0.6858655434835225,2716,2.716,1.5,0.7034277888386316,3058.932473126427
nag,50,1.0108030876497758,0.747648270714028,1010.8030876497758,1528,1528,3056,0.6615203453205338,1304,1.304,1.5,0.6425396612198713,1145.7189033645868
nag,50,1.6182183536902155,1.2176222916449282,1618.2183536902155,2491,2488,4979,0.6504093061455851,3445,3.445,1.5,1.287116730833863,2599.9978391673335
nag,50,1.5113844801179852,1.0906738260240858,1511.3844801179853,2249,2249,4498,0.6720251134361873,3033,3.033,1.5,1.0900559213145575,2933.579313375013
nag,50,0.9655901971615034,0.7013328530524131,965.5901971615034,1462,1461,2923,0.6609104703364157,1167,1.167,1.5,0.6988422592286028,1389.4983342943758
nag,50,0.7557039317275329,0.5899546163499771,755.7039317275329,1142,1141,2283,0.6623172057208877,648,0.648,1.5,0.3623584655490193,580.5655021155089
nag,50,0.9899385145815134,0.7356490291687228,989.9385145815132,1428,1427,2855,0.6937200522645504,1256,1.256,1.5,0.7672865725011712,1320.2608755112844
nag,50,1.2037534040337632,0.8350089209628994,1203.7534040337632,1819,1819,3638,0.6617665772588033,1862,1.862,1.5,0.7838097886267487,1317.2618751807877
nag,50,0.9860009943388698,0.7401737440869527,986.0009943388698,1515,1515,3030,0.6508257388375378,1297,1.297,1.5,0.8293936149015974,1637.8709042462965
nag,50,1.257763139733845,0.9478081218913303,1257.7631397338446,1837,1836,3673,0.6850561763256234,1981,1.981,1.5,0.6610358265404842,2306.99742806078
nag,50,0.9668154238685652,0.7368117300136411,966.8154238685652,1468,1466,2934,0.6594921035938371,1189,1.189,1.5,0.4603020981196483,1351.9311469999543
nag,50,1.7571401074129611,1.2412136850363318,1757.1401074129612,2619,2618,5237,0.6711765116168683,3982,3.982,1.5,1.5818797086149985,4661.46866809908
nag,50,0.9424064051310652,0.6853741088014885,942.4064051310652,1515,1514,3029,0.6224612979729623,1280,1.28,1.5,0.7054939896678885,1000.8050808440636
nag,50,1.4340875531033266,1.105409342158037,1434.0875531033266,2286,2286,4572,0.6273348876217527,2997,2.997,1.5,1.1833333491023337,2804.2156214387105
nag,50,1.459658657261373,1.054511726509395,1459.658657261373,2194,2191,4385,0.6662065984762086,3033,3.033,1.5,0.8938495176091529,1922.6969369636497
nag,50,0.9492367726566522,0.6837193953903634,949.2367726566522,1403,1403,2806,0.6765764594844278,1020,1.02,1.5,0.8166620237839781,962.6899865705972
nag,50,0.4948893850816919,0.3625731341981923,494.889385081692,766,766,1532,0.6460696933181357,269,0.269,1.5,0.3879683060709677,367.5776909369987
nag,50,1.0187984585662306,0.7340123417652208,1018.7984585662308,1458,1457,2915,0.6992439660715378,1293,1.293,1.5,0.6664334966786202,1280.2675100886804
nag,50,0.965058669064324,0.703296558063983,965.058669064324,1495,1494,2989,0.6459562711273923,1200,1.2,1.5,0.5123870612324501,1243.032836049068
nag,50,1.4857811373362453,1.0937771715922668,1485.7811373362454,2197,2194,4391,0.6772019769080425,2856,2.856,1.5,1.2200096442098354,2193.68907045255
nag,50,1.4679315297483368,1.1092989145713297,1467.9315297483367,2227,2225,4452,0.6597445077520615,2790,2.79,1.5,0.9950575853148824,2873.450337475807
nag,50,1.2181138830074296,0.8942440370476521,1218.1138830074296,1841,1840,3681,0.6620184146779509,1851,1.851,1.5,1.050552163846214,2157.8224936438014
nag,50,1.7244317913121854,1.3251247359178555,1724.4317913121854,2545,2543,5088,0.678109237637509,3786,3.786,1.5,1.325032366002098,4240.859474255629
nag,50,2.1867906863352164,1.5787818524801014,2186.7906863352164,3280,3278,6558,0.667111252695307,6532,6.532,1.5,1.5584733301626834,7521.086827190094
nag,50,1.234202598646533,0.9911120763603888,1234.202598646533,1878,1878,3756,0.6571898821334041,2049,2.049,1.5,0.999758624620715,1639.112118858594
nag,50,1.2265636195894636,0.93430453891804,1226.5636195894635,1805,1802,3607,0.6806679353992583,1879,1.879,1.5,1.058097819983648,2042.0745922359529
nag,50,0.7329920112204552,0.5605946913551634,732.9920112204552,1137,1135,2272,0.6458079394012821,652,0.652,1.5,0.5707725474283413,669.5559567484933
nag,50,0.488647860492284,0.3761771896143137,488.647860492284,741,739,1480,0.6612284986363789,272,0.272,1.5,0.3677900569607993,322.68089581064845
nag,50,1.209580110228791,0.9126056923084288,1209.580110228791,1807,1807,3614,0.6693857831924688,1971,1.971,1.5,0.9757717801097254,1782.3249701982716
nag,50,1.2260245614188257,0.9043729761002848,1226.0245614188257,1829,1828,3657,0.6706917732050469,1920,1.92,1.5,1.0970491634850703,2335.1703254507834
nag,50,2.4075669157986983,1.7991901149014002,2407.566915798698,3612,3606,7218,0.6676558280085131,7844,7.844,1.5,1.6918323459992808,8876.542586732465
nag,50,1.188064581054434,0.8799028463867313,1188.0645810544338,1794,1793,3587,0.6626127055518315,1738,1.738,1.5,1.0122445207406183,1654.8084672765974
nag,50,1.010651469740058,0.747954143269955,1010.651469740058,1461,1459,2920,0.6927014871419178,1256,1.256,1.5,0.665641831235711,1362.7846601788096
nag,50,1.849717202276558,1.4483483836705715,1849.717202276558,2866,2863,5729,0.6460765638409214,4745,4.745,1.5,1.524764185324599,4496.719399631017
nag,50,1.185071017083736,0.8783100228004354,1185.071017083736,1847,1845,3692,0.6423149144085291,1897,1.897,1.5,0.8733554226967384,1627.193990750888
nag,50,1.2753200800737652,0.9214022417248976,1275.3200800737652,1860,1858,3718,0.6863940151096691,2086,2.086,1.5,0.789902262050537,1769.7011686917815
nag,50,1.7322483644729338,1.2732790834094656,1732.248364472934,2631,2629,5260,0.6589001005983012,4324,4.324,1.5,1.2720547680785144,5090.3194885988805
nag,50,0.7726285229198445,0.5887024929063854,772.6285229198445,1159,1159,2318,0.666633755754827,729,0.729,1.5,0.5204470900769204,736.158222364246
nag,50,1.9430527997905152,1.387810984821358,1943.052799790515,2922,2921,5843,0.665201232382922,5139,5.139,1.5,1.4186013929672474,4096.016207643106
nag,50,0.7535403464601463,0.532229422337087,753.5403464601463,1106,1105,2211,0.6819369651223044,606,0.606,1.5,0.538215986056798,687.6238416724553
nag,50,0.9810580889811242,0.7617013217831453,981.0580889811242,1477,1477,2954,0.6642234861077347,1273,1.273,1.5,0.7712428507471235,1019.3264367870318
nag,50,2.213035221448995,1.6730722734217685,2213.035221448995,3235,3231,6466,0.684938168198389,6243,6.243,1.5,1.811209315713237,7333.389986320001
nag,50,0.5250009924040436,0.3954257406632829,525.0009924040436,746,744,1490,0.7056464951667253,322,0.322,1.5,0.4018559168308723,363.81143679208674
nag,50,1.764561251025957,1.2520155102861517,1764.561251025957,2577,2572,5149,0.6860658052200456,3837,3.837,1.5,1.2555577809132454,3381.5556189856297
nag,50,1.232471342274232,0.8581618303896068,1232.471342274232,1852,1851,3703,0.665840811601422,2008,2.008,1.5,0.7592586279529256,1099.4380528722347
nag,50,0.9841883322338628,0.7118368110480892,984.188332233863,1516,1515,3031,0.6496292622005696,1325,1.325,1.5,0.8809260794737812,1317.1968268802327
nag,50,0.7280937601873119,0.5433707725267813,728.0937601873119,1140,1139,2279,0.6392394733865776,715,0.715,1.5,0.5223636622308272,648.9031275707964
nag,50,1.7136398128245112,1.3761554608496285,1713.6398128245112,2610,2609,5219,0.6568186327422427,4048,4.048,1.5,0.9986342885808708,3436.200486887411
nag,50,1.2310955781511714,0.8887778807135515,1231.0955781511714,1847,1847,3694,0.6665379416086472,1965,1.965,1.5,0.9479651828866338,1897.2986035668769
nag,50,1.491104408869248,1.0644992516991552,1491.104408869248,2196,2194,4390,0.6796282629303774,2911,2.911,1.5,1.1400968882754507,2318.2246500432657
nag,50,1.4368424954195151,1.0423518460402097,1436.8424954195152,2187,2184,4371,0.657894915485126,2631,2.631,1.5,1.228538688168802,2535.22649878131
nag,50,0.990682390571048,0.7596977074296642,990.682390571048,1491,1491,2982,0.6644415765064038,1232,1.232,1.5,0.8154971166377074,1113.3853219364148
nag,50,0.4809874024904351,0.3788055586380201,480.9874024904351,750,749,1499,0.6421727670099268,265,0.265,1.5,0.3607601015916362,297.2154951599198
nag,50,2.1686219049788256,1.663817795532467,2168.6219049788256,3307,3307,6614,0.6557671318351453,6271,6.271,1.5,1.3596237855313278,4931.770861068169
nag,50,1.4244560385576437,1.036075319145566,1424.4560385576435,2191,2191,4382,0.6501396798528725,2570,2.57,1.5,1.2435899039381448,2647.7326323916946
nag,50,1.2120618252926554,0.9175365377043112,1212.0618252926554,1888,1887,3775,0.6423221119727903,1987,1.987,1.5,1.0147341939268577,2025.860281049591
nag,50,0.4808968274002013,0.353425577848752,480.89682740020135,741,741,1482,0.6489835727398129,260,0.26,1.5,0.3462183196315829,314.8152120552261
nag,50,1.4813563534513032,1.0546224163382183,1481.3563534513032,2205,2204,4409,0.6721217574642937,3065,3.065,1.5,0.8745280931832289,3491.6192928837186
nag,50,1.530131952902555,1.130021872648758,1530.131952902555,2210,2207,4417,0.6933085423210489,3105,3.105,1.5,1.4104117585119276,2839.007063809194
nag,50,1.2150782583631854,0.8705620634693587,1215.0782583631851,1858,1856,3714,0.6546757857560266,2005,2.005,1.5,0.8797133420953793,1677.5892602037388
nag,50,1.0149954653846416,0.7472244478412295,1014.9954653846416,1503,1502,3005,0.6757626267540889,1281,1.281,1.5,0.8584394983778421,1040.9801407637308
nag,50,0.7405874662558896,0.5611582419900514,740.5874662558896,1087,1087,2174,0.6813132164267613,635,0.635,1.5,0.4931694863243983,644.4896774133277
nag,50,1.0318720208572694,0.758253586179356,1031.8720208572693,1493,1492,2985,0.6916032311375799,1333,1.333,1.5,0.8681405043907674,1419.6745809337683
nag,50,1.7327418114664832,1.2453076261743574,1732.7418114664831,2518,2516,5034,0.688689114255359,3802,3.802,1.5,1.1716166714512866,4518.096940436035
nag,50,1.0219843841403626,0.7569907104592997,1021.9843841403626,1514,1514,3028,0.6750227107928419,1387,1.387,1.5,0.9140820045854592,1292.4175847282727
nag,50,1.6928315331110222,1.2757980028277394,1692.8315331110225,2562,2562,5124,0.6607461097232717,3904,3.904,1.5,1.5008888224958143,3277.7206030852612
nag,50,1.1911683748038897,0.8575172131411967,1191.1683748038895,1777,1776,3553,0.6707029137409287,1888,1.888,1.5,0.8182273969856957,2441.51366644381
nag,50,1.9309582656265003,1.474235940473598,1930.9582656265004,2950,2949,5899,0.6547840846478469,4980,4.98,1.5,1.1945809110235532,3879.157367062384
nag,50,1.6811534667377317,1.270438387366571,1681.1534667377314,2541,2539,5080,0.6621321255367197,3703,3.703,1.5,1.3321372931760778,3825.81462136818
nag,50,1.6989459220774366,1.2434368852131057,1698.9459220774363,2550,2547,5097,0.6670380534265554,3731,3.731,1.5,1.3924312294144174,3747.033504648254
nag,50,1.032535128558676,0.7733442206083608,1032.5351285586762,1484,1483,2967,0.6962475580301256,1326,1.326,1.5,0.8778936369653585,991.6236645566544
nag,50,2.6411537399261205,1.89829495618662,2641.1537399261206,4042,4037,8079,0.6542367450894527,9763,9.763,1.5,1.8131237229388255,9030.337334992351
nag,50,1.919231265586206,1.4481926306361317,1919.231265586206,2903,2901,5804,0.6615757551141697,4996,4.996,1.5,1.5564769656226454,4787.957624593617
nag,50,0.7210300977114072,0.5248672512324295,721.0300977114073,1127,1126,2253,0.6403464455696335,682,0.682,1.5,0.5465422566123093,680.064418102044
nag,50,1.253352254869821,0.9199492825936958,1253.352254869821,1873,1871,3744,0.6698836209886804,2016,2.016,1.5,0.6623150481003351,2474.62783314348
nag,50,1.4770912477454632,1.107200919586813,1477.091247745463,2170,2169,4339,0.6810010363049622,2821,2.821,1.5,0.8350939647547144,1614.3339762981236
nag,50,2.188931097642049,1.6128023709108874,2188.931097642049,3365,3362,6727,0.6510800409405261,6703,6.703,1.5,2.0401299225913183,4981.358707918841
nag,50,1.4312051341498435,1.042100479127968,1431.2051341498438,2161,2160,4321,0.6625949695138166,2779,2.779,1.5,1.2993183007819715,3114.910682050418
nag,50,0.9831319151945154,0.7011623284899529,983.1319151945154,1509,1508,3017,0.6519442408451693,1301,1.301,1.5,0.6526903721200275,920.792028677104
nag,50,1.4087062638791503,1.0841297624981836,1408.7062638791504,2160,2158,4318,0.6527832548096155,2641,2.641,1.5,1.1405579635164451,2807.7388980703295
nag,50,1.218635250252341,0.8700283322705655,1218.635250252341,1887,1886,3773,0.6461480648209655,2054,2.054,1.5,1.0242452989354236,2354.6626743879947
nag,50,1.931187126661327,1.3887673910857654,1931.187126661327,2915,2912,5827,0.6631823923974337,5112,5.112,1.5,1.418636909710416,3886.555223901015
nag,50,0.5192911740169568,0.3664442911107793,519.2911740169568,746,746,1492,0.6961007694597277,283,0.283,1.5,0.383365995022252,363.2009190572431
nag,50,1.4351264500592107,1.0929779850821129,1435.1264500592106,2255,2255,4510,0.6364197117779204,2929,2.929,1.5,1.2808179652421483,3405.0354651434195
nag,50,0.989929779814546,0.7084736572272133,989.929779814546,1483,1483,2966,0.6675183950199232,1411,1.411,1.5,0.6395441787030907,1407.7969064226334
nag,50,1.6503959534809751,1.3048122842136562,1650.395953480975,2516,2514,5030,0.6564820817346759,3827,3.827,1.5,0.8190722253111375,3805.0724337551937
nag,50,1.4977623625977885,1.0947048357068034,1497.7623625977883,2215,2214,4429,0.6764960987343218,2919,2.919,1.5,0.9136738902665024,3451.7545699468556
nag,50,1.692842863677363,1.285375960971777,1692.8428636773629,2560,2558,5118,0.6617837621881794,3807,3.807,1.5,1.2387590115714686,3345.9517461582964
nag,50,0.9858037940250072,0.730180035369739,985.8037940250072,1477,1477,2954,0.667436556550445,1369,1.369,1.5,0.8424055925567225,1111.8375290697063
nag,50,0.4845337122687222,0.3694952261773569,484.5337122687223,745,745,1490,0.6503808218372111,248,0.248,1.5,0.3967475787746942,279.60201967283075
nag,50,0.9774124664529328,0.76589546037397,977.4124664529328,1525,1524,3049,0.6413467627643916,1334,1.334,1.5,0.91402704793994,1314.057177813527
nag,50,0.7446158289080121,0.5720143616516291,744.6158289080122,1125,1123,2248,0.6630595092680429,613,0.613,1.5,0.4696038029475178,421.3018244846155
nag,50,0.9852374787524032,0.7337843461660888,985.2374787524031,1503,1502,3005,0.6559503853211739,1278,1.278,1.5,0.61518524252536,1138.2455539351715
nag,50,1.255589081723658,0.9415492076142378,1255.5890817236582,1930,1929,3859,0.6509015457354371,2241,2.241,1.5,0.950126333169979,1938.3060803186224
nag,50,0.4777157573695357,0.3568091498764906,477.7157573695357,727,726,1453,0.6580106850820051,260,0.26,1.5,0.3678542319553453,255.53386899866817
nag,50,0.0,0.0,0.0,0,0,0,,0,0.0,1.5,0.0,0.0
nag,50,1.7190500801719046,1.281748767353733,1719.0500801719047,2650,2649,5299,0.648943027622463,4169,4.169,1.5,1.2218791277435752,4070.883694194036
nag,50,1.2448485355881016,0.9576137139923504,1244.8485355881016,1838,1838,3676,0.6772842957497832,2075,2.075,1.5,0.7665123962102861,2301.0838754797755
nag,50,1.4047745056166925,1.077913003494422,1404.7745056166923,2211,2211,4422,0.6353570807854783,2653,2.653,1.5,0.8507069782650333,2872.354464539097
nag,50,0.5077571807345777,0.3724342871689557,507.7571807345777,758,758,1516,0.6698643545311052,285,0.285,1.5,0.3487811384367846,323.6428000644137
nag,50,1.4506059567585234,1.1170528020733783,1450.6059567585237,2213,2212,4425,0.6557893113736544,2886,2.886,1.5,1.2949746875660566,2809.8111534920704
nag,50,1.9344705395193968,1.419795711727894,1934.4705395193969,2933,2932,5865,0.6597784923326728,5044,5.044,1.5,1.7799765408430817,6294.677389404403
nag,50,1.0388308113235727,0.7401153496785685,1038.8308113235728,1519,1518,3037,0.6843417729404301,1285,1.285,1.5,0.7957474468102199,1443.2552555907434
nag,50,1.4900813281969338,1.0975006794527091,1490.0813281969338,2196,2196,4392,0.678543409925744,3100,3.1,1.5,1.0539741001206466,2976.431548296624
nag,50,0.5311867595245772,0.384464438581642,531.1867595245772,778,778,1556,0.6827593310084539,366,0.366,1.5,0.3732332398920863,415.8961120361929
nag,50,1.2347733838553614,0.923691398458502,1234.773383855361,1844,1841,3685,0.6707079760213804,1996,1.996,1.5,1.1706280965287736,2443.6128884561867
nag,50,1.2459303544729528,0.8473855502639311,1245.9303544729528,1871,1870,3741,0.6662729168304561,2036,2.036,1.5,0.7267475187930404,1430.5214621970536
nag,50,1.7097522011588062,1.261910726838569,1709.7522011588062,2628,2627,5255,0.6508382950737748,4017,4.017,1.5,1.259159661157773,4004.3326782635345
nag,50,0.9871731349536002,0.7426913278613195,987.1731349536002,1500,1499,2999,0.658554459608806,1260,1.26,1.5,0.7336651607209848,1671.7129321605664
nag,50,1.7338615779465454,1.3476475702950983,1733.8615779465454,2587,2585,5172,0.670739488567329,4122,4.122,1.5,1.4338492346753475,4076.706642256619
nag,50,0.2623122174367575,0.1935045180201687,262.31221743675746,412,412,824,0.6366801394096055,55,0.055,1.5,0.2128680107791067,40.635799026401706
nag,50,1.2503882819049943,0.9386773740775518,1250.3882819049943,1880,1880,3760,0.6651001499494652,2027,2.027,1.5,0.9226387048287468,1721.5907050758333
nag,50,1.2236452579116892,0.9274892544837026,1223.6452579116892,1872,1869,3741,0.6547058629811071,1996,1.996,1.5,0.8520830611381748,2000.2265723762944
nag,50,0.7306892639004807,0.5538053269791668,730.6892639004807,1121,1120,2241,0.652401128482572,688,0.688,1.5,0.5071948739836925,706.1404267240537
nag,50,1.994180318686107,1.4601827676067465,1994.1803186861064,2925,2919,5844,0.683172428463894,5287,5.287,1.5,1.332586198302033,3623.973901249414
nag,50,0.4810098459477096,0.3552524330303437,481.0098459477096,711,710,1421,0.6774786562643798,272,0.272,1.5,0.2499315901484345,248.41012222719505
nag,50,1.7240922181979477,1.2358722766897163,1724.0922181979477,2536,2535,5071,0.680115273450867,3804,3.804,1.5,1.3052583840813656,3296.3757768161117
nag,50,0.2760984409820958,0.1998680918693519,276.09844098209584,381,381,762,0.7246678240999891,42,0.042,1.5,0.2269677654556883,52.24317589774828
nag,50,1.215193511213521,0.9071639500692604,1215.193511213521,1796,1795,3591,0.6769880285312095,1840,1.84,1.5,0.7566205044184136,1671.3978581654042
nag,50,0.2723829443031478,0.198190475955896,272.3829443031478,409,409,818,0.6659729689563515,45,0.045,1.5,0.2209081956821165,51.36568591074772
nag,50,1.636445185610462,1.3025201338404837,1636.445185610462,2598,2596,5194,0.6303717972305324,3805,3.805,1.5,1.3675398040054167,3514.9592573181
nag,50,1.6722017020517947,1.2247902026698547,1672.2017020517949,2601,2598,5199,0.643649615878289,3959,3.959,1.5,1.151351692472876,3707.066245902908
nag,50,0.7367929240107265,0.5653293815448802,736.7929240107264,1115,1115,2230,0.6608008287091717,616,0.616,1.5,0.5608923049948835,572.9623334012111
nag,50,0.237584016368435,0.1811378515346782,237.58401636843507,363,363,726,0.6545014225025759,44,0.044,1.5,0.1809243650883724,49.180791678116925
nag,50,1.6807880363052337,1.230865141624277,1680.7880363052336,2582,2581,5163,0.6512158218927677,4088,4.088,1.5,1.0386728796817457,3795.689812304774
nag,50,1.7049366896768885,1.3063497711027554,1704.9366896768884,2575,2573,5148,0.6626259967652112,3881,3.881,1.5,1.3343187603887847,4558.608867681272
nag,50,0.9638299606369104,0.7224238124019893,963.8299606369104,1424,1421,2845,0.6782758343679877,1222,1.222,1.5,0.924198808027893,1294.9444880248184
nag,50,2.1708463825266864,1.582661966671345,2170.8463825266863,3289,3286,6575,0.660634930775011,6477,6.477,1.5,1.3147479215433644,7542.452923463604
nag,50,1.4357713168676964,1.042088345793696,1435.7713168676964,2138,2137,4275,0.6718630401814208,2621,2.621,1.5,1.0892563637313226,2113.3565984591637
nag,50,2.209402929013668,1.5636525904864895,2209.402929013668,3246,3243,6489,0.6812836660541685,6407,6.407,1.5,1.4506948325473503,7185.25403232201
nag,50,0.7500051920491893,0.5840002583190976,750.0051920491893,1122,1122,2244,0.6684538253557837,687,0.687,1.5,0.6301163551638913,787.658335645934
nag,50,1.7858439902159462,1.2645275073805278,1785.8439902159462,2570,2568,5138,0.6954221145700725,4117,4.117,1.5,1.388673935750356,4231.486916114676
nag,50,1.2154072234476776,0.8958698075946209,1215.4072234476776,1825,1824,3649,0.666341679521753,1854,1.854,1.5,0.9285033643528176,1982.4996585078495
nag,50,0.4807046983929545,0.3744112472147989,480.70469839295447,708,707,1415,0.679921779905169,245,0.245,1.5,0.2834629419505148,299.4629402417419
nag,50,1.1967925843501126,0.900501666565013,1196.7925843501123,1848,1845,3693,0.648668067398435,2033,2.033,1.5,0.647016965504673,1622.8125640869323
nag,50,1.241002700173394,0.940118470707478,1241.002700173394,1814,1812,3626,0.6848800773583852,2039,2.039,1.5,0.758099890763269,1917.6724145461485
nag,50,0.975899243354709,0.7116323178138086,975.899243354709,1452,1450,2902,0.6730339609342821,1251,1.251,1.5,0.7999849933866274,1322.973589696476
nag,50,1.672238065035791,1.2026127555462818,1672.2380650357911,2598,2597,5195,0.6439114613152834,3913,3.913,1.5,1.1008428490212443,4224.912538099878
nag,50,1.0270181385122203,0.7354310232568564,1027.0181385122205,1473,1473,2946,0.6972288788270334,1286,1.286,1.5,0.7392578206488511,1119.39662540217
nag,50,0.994647414584663,0.7308732786763186,994.647414584663,1478,1477,2955,0.6734241127858247,1345,1.345,1.5,0.7017583392394537,1505.2340566621256
nag,50,1.225684783059244,0.8835259862823542,1225.6847830592442,1920,1920,3840,0.6383774911766896,2143,2.143,1.5,0.6952464158501902,2124.981400091893
nag,50,2.884233800813145,2.1298475503391052,2884.233800813145,4286,4283,8569,0.6734143826320675,11171,11.171,1.5,3.059891890910948,10249.896726589595
nag,50,0.9560794329890594,0.7410188991352946,956.0794329890592,1477,1477,2954,0.6473117352667971,1152,1.152,1.5,0.8337978809178396,1121.0587133556785
nag,50,0.7372197301187112,0.5604647760479632,737.2197301187113,1082,1080,2162,0.682610861221029,696,0.696,1.5,0.5287746265314974,645.2704757663861
nag,50,2.889466267324894,1.9822513341792587,2889.466267324894,4256,4254,8510,0.6792351357134213,11164,11.164,1.5,1.7517256162348414,9780.448401281985
nag,50,0.964491378321388,0.7135829352050674,964.491378321388,1482,1481,2963,0.6512433344506332,1168,1.168,1.5,0.5617782367511542,970.6266455334307
nag,50,0.7400594564908183,0.5403730408180693,740.0594564908183,1120,1119,2239,0.6613578699649851,704,0.704,1.5,0.6203153137545317,778.3286112179732
nag,50,0.255833351348582,0.190382647686335,255.83335134858203,373,373,746,0.6858802985216677,54,0.054,1.5,0.2045313742974442,67.92160443261295
nag,50,0.9312899591718192,0.7450180519201421,931.2899591718192,1450,1449,2899,0.6427121871441126,1130,1.13,1.5,0.921451655894862,1417.359705447753
nag,50,1.4758468892481549,1.0435311390519335,1475.8468892481546,2168,2167,4335,0.6810553249876118,2715,2.715,1.5,1.2534548071160652,2451.143454242335
nag,50,1.7264923966465848,1.266909004016434,1726.492396646585,2566,2566,5132,0.6728341374304696,3908,3.908,1.5,1.5172504852402784,4846.827237020836
nag,50,1.2853529327216495,1.0125916775481594,1285.3529327216495,1841,1840,3681,0.6985613764791575,2045,2.045,1.5,0.9487581109809526,1925.633005607058
nag,50,1.456142370506869,1.1108709044040277,1456.142370506869,2274,2272,4546,0.6409077334977417,3016,3.016,1.5,1.4667197215585246,3861.159785698701
nag,50,1.1694812459294812,0.8774069502047512,1169.4812459294812,1817,1817,3634,0.6436330467415967,1936,1.936,1.5,0.8860572153067675,2445.328481953917
nag,50,1.2155173837291404,0.9434670085919395,1215.5173837291404,1859,1858,3717,0.6542074185840369,1959,1.959,1.5,0.8038118656329287,1473.1838549182369
nag,50,0.9250960048691268,0.6958647878004729,925.0960048691268,1457,1455,2912,0.6358048143430425,1119,1.119,1.5,0.8641001913323071,952.3387465566004
nag,50,0.974812185112315,0.7290303137482909,974.8121851123152,1478,1478,2956,0.659548163134178,1215,1.215,1.5,0.8240578592726026,806.343672955731
nag,50,0.954660337590229,0.6926334929687309,954.6603375902288,1487,1485,2972,0.6428689142021743,1225,1.225,1.5,0.6548086798145143,1108.4718092320295
nag,50,0.2531635271426962,0.1890717556673655,253.16352714269624,386,386,772,0.6558640599551716,58,0.058,1.5,0.1905650578496721,42.34551803546442
nag,50,0.4997362065102776,0.3783844095577908,499.73620651027767,751,751,1502,0.6654277050736054,305,0.305,1.5,0.4539245230576599,316.18034417485836
nag,50,1.2306620029016042,0.8918641265806773,1230.6620029016042,1855,1852,3707,0.6645043212211685,2004,2.004,1.5,0.9817128389148758,2137.5459924513657
nag,50,0.5207700944538723,0.3760762694360176,520.7700944538724,727,726,1453,0.7173141796885295,233,0.233,1.5,0.3837179344112582,223.1185917938647
nag,50,1.909073198447524,1.3878683840632642,1909.073198447524,2867,2866,5733,0.6661106763599176,4935,4.935,1.5,1.452805827772428,5000.53325484563
nag,50,0.9999471464455864,0.7456566824960887,999.9471464455864,1502,1502,3004,0.6657437726002573,1358,1.358,1.5,0.881741518082227,1413.0312326101623
nag,50,1.0131550741515007,0.7545838857246191,1013.1550741515008,1503,1501,3004,0.6749867249510332,1414,1.414,1.5,0.7513927714125266,1549.882774372311
nag,50,0.7634317477830925,0.5760536667188944,763.4317477830925,1140,1139,2279,0.6702649234267714,737,0.737,1.5,0.575866858700563,702.9248475951051
nag,50,0.7219601104244913,0.5530793090349557,721.9601104244913,1090,1089,2179,0.6629569425385595,698,0.698,1.5,0.5812887090449385,524.8575943749859
nag,50,1.4895439601564362,1.1011217681573109,1489.5439601564362,2260,2258,4518,0.659674030184427,2880,2.88,1.5,1.1014982295452571,2995.93278625915
nag,50,0.9966272650403748,0.7541617984089376,996.6272650403748,1527,1526,3053,0.6530978145742954,1274,1.274,1.5,0.787638106905518,1214.2883685533209
nag,50,0.4840307005783208,0.3623967625841185,484.0307005783209,740,740,1480,0.6540955413220553,296,0.296,1.5,0.3478343137709733,281.508446836556
nag,50,0.5354414310095832,0.3857128085174067,535.4414310095832,736,734,1470,0.7294842384326746,300,0.3,1.5,0.3070239790821009,303.0044851505909
nag,50,0.7445962646427793,0.5365652746679502,744.5962646427793,1084,1083,2167,0.6875311769554748,648,0.648,1.5,0.6192213879606808,799.6854299651719
nag,50,1.7879271274998436,1.2992228431495338,1787.9271274998437,2584,2584,5168,0.6919222629643358,4231,4.231,1.5,1.2462397806644558,3894.7656464548136
nag,50,0.4796631170926186,0.3649543173659179,479.6631170926186,755,755,1510,0.6353153868776406,243,0.243,1.5,0.4248780552802777,236.26031752343292
nag,50,1.4672923846891683,1.116578883319762,1467.2923846891683,2226,2226,4452,0.6591609994111268,2755,2.755,1.5,1.6877313485382304,1993.8084210641875
nag,50,0.7035826021088079,0.53988998821842,703.5826021088078,1085,1085,2170,0.6484632277500533,575,0.575,1.5,0.5580355213749322,536.983915966559
nag,50,0.7473834400237263,0.5787937040993458,747.3834400237263,1107,1107,2214,0.675143125586022,737,0.737,1.5,0.4218286152837814,810.3273948313166
nag,50,1.9762638505559185,1.4176675325056198,1976.2638505559185,2904,2902,5806,0.681000637682949,5217,5.217,1.5,1.5049901243890618,4171.006519454751
nag,50,1.495329740837866,1.0576824795891344,1495.329740837866,2241,2239,4480,0.6678560700481759,2824,2.824,1.5,1.2681104631030102,3708.273849526152
nag,50,1.0225869342653866,0.7351131686010317,1022.5869342653866,1504,1503,3007,0.6803638950534842,1338,1.338,1.5,0.823936402501442,1649.4595473647546
nag,50,0.4796089925847509,0.3544884127204117,479.6089925847509,726,726,1452,0.6606184470864338,274,0.274,1.5,0.3914917966393458,258.4989802830231
nag,50,1.2770566214790624,0.9341688893184482,1277.0566214790624,1841,1841,3682,0.6936755141113864,2090,2.09,1.5,0.9514453947723276,1308.3412412369285
nag,50,1.247792114369417,0.8941981598338092,1247.792114369417,1909,1907,3816,0.6543220316567473,2050,2.05,1.5,1.06709460160597,1953.8724940779537
nag,50,0.9669248024599152,0.7357438496560922,966.9248024599152,1468,1466,2934,0.6595667138198604,1124,1.124,1.5,0.8354168306666715,1099.1139598111342
nag,50,0.9712587763090856,0.7085421193535099,971.2587763090858,1442,1441,2883,0.6740171938300387,1177,1.177,1.5,0.6468517307253141,1012.7080196928996
nag,50,1.71816797690298,1.2809776080848445,1718.1679769029802,2628,2625,5253,0.6545401816773257,4171,4.171,1.5,1.2352010701331355,4055.216707660926
nag,50,1.4831770252042489,1.1446946971732928,1483.1770252042488,2196,2192,4388,0.6766318545639821,2869,2.869,1.5,1.3162511377678645,2917.3952445093273
nag,50,1.1790822256043711,0.8751884688229896,1179.0822256043712,1812,1809,3621,0.6517867471555396,1806,1.806,1.5,0.5917100942425527,2038.506226696792
nag,50,1.4476350143353185,1.0909139332601387,1447.6350143353184,2223,2221,4444,0.6517942432846998,2988,2.988,1.5,1.0080906607002826,2919.36030407889
nag,50,0.7595148093652607,0.5507967594365378,759.5148093652607,1097,1096,2193,0.6929879647493254,682,0.682,1.5,0.7144418001590974,826.1058592662273
nag,50,1.5136353643813465,1.135633773371756,1513.6353643813463,2217,2214,4431,0.6836654762336705,3060,3.06,1.5,0.9098609605077276,2966.7636439619123
nag,50,1.6924043809374325,1.288739036667583,1692.4043809374325,2536,2535,5071,0.6676151404092436,3815,3.815,1.5,1.1216710722979213,5071.213577497909
nag,50,2.2505514490269154,1.646321413065547,2250.551449026915,3336,3334,6670,0.6750304286223501,6472,6.472,1.5,1.8177543797217817,4868.818475903115
nag,50,0.997089549031587,0.7349083547223049,997.089549031587,1490,1489,2979,0.6696370376303472,1264,1.264,1.5,0.7427534836023578,1507.4551161455372
nag,50,1.650129081974695,1.2133989259447546,1650.129081974695,2545,2544,5089,0.6486356454303046,3738,3.738,1.5,1.1119970262255756,3393.63011971807
nag,50,1.4763138528026123,1.056015093934885,1476.3138528026125,2178,2177,4355,0.6781414114848932,2854,2.854,1.5,0.9946178934763942,3507.755130520628
nag,50,1.4886028984137811,1.081010570605031,1488.602898413781,2200,2197,4397,0.6775616287727725,2913,2.913,1.5,1.1061010438184171,3042.6293513535174
nag,50,1.4926935796696037,1.0742540324219183,1492.6935796696034,2241,2240,4481,0.6663810623525015,2846,2.846,1.5,0.8736174281648268,3834.811782681736
nag,50,0.9837512875955446,0.7204921089262752,983.7512875955448,1444,1443,2887,0.6817403240440365,1307,1.307,1.5,0.9455460558181796,1475.476756403216
nag,50,0.236633234698919,0.1806379469348453,236.63323469891904,349,349,698,0.6780321911143812,63,0.063,1.5,0.1575827733658383,47.79669574705373
nag,50,2.1706210579339147,1.551885417232616,2170.6210579339145,3273,3271,6544,0.6635955542445474,6265,6.265,1.5,1.4024152800709908,7219.441814586054
nag,50,1.5242528128832518,1.133532527475224,1524.252812883252,2248,2247,4495,0.6783501614967743,3063,3.063,1.5,1.4655745801080229,3304.758410614287
nag,50,1.5109952117571366,1.1307608893789824,1510.9952117571363,2266,2263,4529,0.6676956304715583,3157,3.157,1.5,0.8157204937310797,3019.3199148653557
nag,50,1.967312518782379,1.4631299270503706,1967.312518782379,2926,2924,5850,0.6728154988995824,5233,5.233,1.5,1.5258643825213365,4914.994552585408
nag,50,0.5039552587879164,0.3754125118932387,503.9552587879163,737,737,1474,0.6837927527651511,290,0.29,1.5,0.3481715863943501,241.88105231536656
nag,50,0.7604666968666731,0.5695402559866601,760.4666968666731,1131,1131,2262,0.6723843473622221,707,0.707,1.5,0.5119725010313878,737.8673038965393
nag,50,1.9420580789913324,1.3765523099416923,1942.0580789913324,2983,2979,5962,0.6519161057372717,5173,5.173,1.5,1.3704256591439836,4753.043962390989
nag,50,1.6683771665790152,1.2498763166325484,1668.3771665790152,2601,2599,5200,0.641930421923438,3836,3.836,1.5,1.2959689130109184,3903.04424817025
nag,50,0.7627947093298851,0.5658228952879742,762.7947093298851,1160,1160,2320,0.6575816459740389,711,0.711,1.5,0.5680244204020299,702.1769738571816
nag,50,1.720538877232119,1.256670938825006,1720.5388772321191,2542,2538,5080,0.677911299145831,4000,4.0,1.5,1.2320228823378852,3173.4939653328556
nag,50,1.7622617127806262,1.264672070707326,1762.261712780626,2601,2599,5200,0.6780537563603795,4037,4.037,1.5,1.0227693079119184,3767.770788748729
nag,50,1.516460239853132,1.123637975155552,1516.460239853132,2273,2270,4543,0.6680441585256088,2983,2.983,1.5,1.059594179213283,3348.760290533807
nag,50,1.2508487499283123,0.9249790459857802,1250.8487499283126,1824,1824,3648,0.6857723409694696,1862,1.862,1.5,0.968549091930478,2078.563883442742
nag,50,1.9620468261343484,1.4616471351162512,1962.0468261343483,2953,2953,5906,0.6644249326563998,5152,5.152,1.5,1.4225539666896798,5815.088751443171
nag,50,0.4862178603064032,0.3675645995867739,486.2178603064032,740,739,1479,0.6579402710506133,265,0.265,1.5,0.4393655375970245,298.8046715849262
nag,50,1.980257694427116,1.4536684111036575,1980.257694427116,2880,2879,5759,0.6878283065047294,5237,5.237,1.5,1.5622590042521478,3735.6563540863262
nag,50,0.7719732684176893,0.5675833669271115,771.9732684176893,1133,1132,2265,0.6819551841145665,736,0.736,1.5,0.3756020721986688,654.8849514673483
nag,50,1.4242871114698104,1.052758330653332,1424.2871114698105,2230,2229,4459,0.638980310215258,2840,2.84,1.5,0.9985384626954676,3369.4232604213603
nag,50,1.4247072504627905,1.1494890238527986,1424.7072504627904,2198,2195,4393,0.6490693623976266,2665,2.665,1.5,1.3724174190518603,2642.721490920933
nag,50,1.7265397118755987,1.254978054860656,1726.5397118755986,2557,2556,5113,0.6754850202956176,3824,3.824,1.5,1.2073063813353595,3993.0872909510936
nag,50,0.9950553036627404,0.756213438880001,995.0553036627404,1460,1460,2920,0.6815447285361236,1265,1.265,1.5,0.7488392709277208,924.8534966636404
nag,50,0.5181926497362601,0.3810546734944853,518.1926497362601,781,780,1561,0.6643495509439232,349,0.349,1.5,0.3163926013137728,285.7170549265145
nag,50,0.7277403606897378,0.5595808359361795,727.7403606897378,1094,1093,2187,0.6658191772092752,624,0.624,1.5,0.6500772478181792,716.9212348616225
nag,50,1.9331993067533004,1.3787761756241586,1933.1993067533003,2895,2892,5787,0.6684644905785962,5072,5.072,1.5,1.455658893975829,5337.749581787072
nag,50,1.4491229974520088,1.0515030298534311,1449.1229974520088,2250,2247,4497,0.6449145516030301,2903,2.903,1.5,0.7868319786171624,2823.971438272879
nag,50,1.4597807039818471,1.090806818766607,1459.7807039818474,2184,2183,4367,0.6687039413567785,2830,2.83,1.5,1.1678551824887105,2770.113130771103
nag,50,0.998260912208748,0.7093010705262941,998.260912208748,1467,1465,2932,0.6814067660127974,1240,1.24,1.5,0.7465134973741941,1265.373786466741
nag,50,1.010996061027468,0.7441647972957303,1010.996061027468,1532,1532,3064,0.6599190998873812,1304,1.304,1.5,0.6863272445160673,1460.9765525491878
nag,50,0.9925533538499706,0.689056486203736,992.5533538499706,1449,1447,2896,0.6859387379751006,1243,1.243,1.5,0.6430395188807315,1075.8465057584528
nag,50,0.7234613840597228,0.5699836579177181,723.4613840597228,1069,1068,2137,0.6773982996813884,681,0.681,1.5,0.6076588977849059,754.6035320090065
nag,50,2.177104963719835,1.7314714291461442,2177.104963719835,3275,3272,6547,0.6653743776649862,6515,6.515,1.5,1.5983907211326844,6127.859326794207
nag,50,1.247766785468351,0.9263810059880192,1247.766785468351,1881,1880,3761,0.6637057369512505,2082,2.082,1.5,0.8356678290966766,2110.2193044572036
nag,50,1.4694488101911607,1.0685811065424755,1469.4488101911606,2185,2180,4365,0.6740590872436517,2875,2.875,1.5,1.1721367612536235,3248.645425116409
nag,50,2.020991882617629,1.5148808374893934,2020.991882617629,2975,2972,5947,0.6800107276640743,5361,5.361,1.5,1.2945704522990364,5863.863578416529
nag,50,0.7219281436263937,0.5493239214147754,721.9281436263936,1104,1102,2206,0.655107208372408,677,0.677,1.5,0.5386009515329516,547.3245142696126
nag,50,1.9703735193019731,1.534530223760482,1970.3735193019731,2911,2908,5819,0.6775699860048051,4991,4.991,1.5,1.404679063348346,5653.790492585447
nag,50,0.9678638604937084,0.7187761007912346,967.8638604937084,1488,1487,2975,0.6508835645552847,1229,1.229,1.5,0.6160171887150553,1146.2275480905728
nag,50,1.4477841387272703,1.075391603761961,1447.7841387272706,2270,2268,4538,0.6383527948532939,2909,2.909,1.5,1.21870298786804,2701.8418873329624
nag,50,0.9942886849816458,0.7552544233371742,994.2886849816458,1515,1515,3030,0.6562961617040567,1264,1.264,1.5,0.6673838531578054,1368.5517045145343
nag,50,1.0453717125851774,0.7455809572985899,1045.3717125851774,1515,1514,3029,0.6904700875727724,1371,1.371,1.5,0.7054776983292032,1632.7773610876238
nag,50,2.643756450339106,1.9055398281032785,2643.756450339106,3981,3976,7957,0.6649286846929341,9201,9.201,1.5,2.045828548720666,9832.160560276308
nag,50,1.2345780724054316,0.9311060614153098,1234.5780724054316,1905,1905,3810,0.6480724789529825,1923,1.923,1.5,1.0522453444480089,1487.6447822117998
nag,50,0.7163879169759636,0.5064808105598505,716.3879169759635,1095,1093,2188,0.6554326779286034,645,0.645,1.5,0.490506505789492,677.2243637934137
nag,50,1.5125574718312085,1.093488882241557,1512.5574718312082,2172,2170,4342,0.6970310930097734,2933,2.933,1.5,0.9955205152839856,1825.74011620078
nag,50,0.9856149107587452,0.7219128202495678,985.6149107587452,1510,1510,3020,0.6527251064627452,1320,1.32,1.5,0.8177360473811595,1124.762439422872
nag,50,0.7292764054366787,0.5637927326865416,729.2764054366787,1091,1091,2182,0.6684476676779824,651,0.651,1.5,0.4662918956658149,620.4755320193665
nag,50,0.4874868136938994,0.3748087032680991,487.4868136938994,753,753,1506,0.6473928468710484,310,0.31,1.5,0.283533759857801,284.07745526956484
nag,50,0.9782535601703164,0.7503791711923673,978.2535601703164,1482,1482,2964,0.6600901215724133,1131,1.131,1.5,0.8414680300722356,1247.0248540561695
nag,50,2.593070719380693,1.9046443732718812,2593.070719380693,3960,3956,7916,0.6554779371538657,9313,9.313,1.5,1.8198936267276944,10669.32818100939
nag,50,1.2154831378770934,0.9230306891233095,1215.4831378770934,1835,1833,3668,0.6631113681817203,1869,1.869,1.5,0.8910584340418259,2474.3326264078005
nag,50,1.4324724549490206,1.089234044458433,1432.4724549490206,2205,2205,4410,0.6496473718589663,2936,2.936,1.5,1.243542309977904,2067.8999508687066
nag,50,1.243141745263016,0.9294231533318764,1243.141745263016,1829,1829,3658,0.679683841040468,2064,2.064,1.5,0.9414437984840583,2030.916378689847
nag,50,2.677765223711888,1.874410257310596,2677.765223711888,4025,4024,8049,0.665448614242517,9623,9.623,1.5,1.996704874345268,8996.041241070992
nag,50,1.665346805592707,1.2414477890866455,1665.346805592707,2505,2504,5009,0.6650746028724868,3712,3.712,1.5,1.35288872421905,2615.689020188778
nag,50,1.0063958328495155,0.7174852508907578,1006.3958328495156,1494,1493,2987,0.6740762443734197,1401,1.401,1.5,0.719396422545095,1435.8097538913623
nag,50,1.2140629330199533,0.8757137662365676,1214.062933019953,1806,1805,3611,0.6726110432243508,1897,1.897,1.5,0.842409388388623,1575.6104262429192
nag,50,1.7061940248383958,1.27159666075424,1706.1940248383958,2613,2610,5223,0.6537141857618375,4080,4.08,1.5,1.3687009859602155,3918.536332334216
nag,50,1.1720716374434148,0.8978237378047299,1172.0716374434148,1807,1806,3613,0.6489876176320126,1889,1.889,1.5,1.1046362968017047,1389.6969634122888
nag,50,1.2488016973587728,0.8980532553101499,1248.8016973587728,1873,1871,3744,0.6674514683905787,2035,2.035,1.5,0.853514815760703,2171.705004620031
nag,50,1.0009612564945518,0.7414636041445881,1000.9612564945518,1481,1481,2962,0.6758685053980769,1320,1.32,1.5,0.8254114391297908,1594.617023931332
nag,50,2.421177337677702,1.8980041045231892,2421.177337677702,3686,3684,7370,0.6572142610417214,7922,7.922,1.5,1.9179407921840987,8006.484819352386
nag,50,1.4746139069439337,1.0829911599676438,1474.6139069439334,2243,2240,4483,0.6583097798856846,2732,2.732,1.5,0.9647643449790514,2468.656565340669
nag,50,1.2824910389888773,0.9792487413377068,1282.491038988877,1836,1835,3671,0.6989051983590612,1942,1.942,1.5,1.2382226072371387,2273.7235890665415
nag,50,0.937615237909716,0.7100800320262738,937.615237909716,1474,1473,2947,0.6365344452883339,1290,1.29,1.5,0.664877601800704,971.1402681073828
nag,50,2.11308436717043,1.5403499359178177,2113.0843671704297,3275,3272,6547,0.6458081806755592,6147,6.147,1.5,0.8219535139052064,5718.510624001527
nag,50,1.257421320470628,0.9335441681121346,1257.421320470628,1846,1845,3691,0.6815291709867902,1940,1.94,1.5,0.7478889078439442,1800.8003089837562
nag,50,1.5037038005105587,1.122435356235772,1503.7038005105587,2222,2220,4442,0.6773440542840354,2888,2.888,1.5,1.1897866277439362,2604.7678254219686
nag,50,0.734536797021421,0.5330699491198228,734.5367970214211,1141,1140,2281,0.6443305237030009,698,0.698,1.5,0.5150872609142813,707.9539389228314
nag,50,0.996874753073075,0.7378255310164957,996.874753073075,1482,1482,2964,0.6726550290641532,1218,1.218,1.5,0.8067979182757706,1267.1723490956329
nag,50,0.7142767120323084,0.5467136990126912,714.2767120323084,1101,1100,2201,0.6493424654839167,659,0.659,1.5,0.5395278908745452,743.0701144375902
nag,50,1.6997809941011466,1.326330865999949,1699.7809941011467,2584,2582,5166,0.6583195174675239,4008,4.008,1.5,1.6564593107361905,3000.2390483899
nag,50,0.7451583957759622,0.5924859415228734,745.1583957759622,1129,1127,2256,0.6611875738917145,725,0.725,1.5,0.5239941009304361,681.2605629370287
nag,50,0.9987932765360248,0.7520437727600509,998.7932765360248,1523,1523,3046,0.655806484921881,1291,1.291,1.5,0.876814514698012,986.94109846884
nag,50,2.145980123254811,1.580367803823756,2145.980123254811,3239,3238,6477,0.6627486483183481,6247,6.247,1.5,1.458957693070307,6026.8365174433375
nag,50,0.733100358232512,0.5519265640646146,733.100358232512,1096,1095,2191,0.6694980440479562,641,0.641,1.5,0.4698568962914716,815.1637676117515
nag,50,0.7458768080479522,0.5583769204830258,745.8768080479522,1077,1077,2154,0.6925504252998628,650,0.65,1.5,0.4898843975525043,534.1865662602744
nag,50,2.1200090662617375,1.5023198835045268,2120.0090662617376,3220,3217,6437,0.6590018856890698,5882,5.882,1.5,1.5088926824715976,5431.798550060622
nag,50,1.749601826354589,1.3345039819095668,1749.6018263545889,2600,2600,5200,0.6729237793671495,3956,3.956,1.5,1.339820808348786,5052.402800903614
nag,50,1.2141173891228043,0.9279428551108596,1214.1173891228043,1864,1863,3727,0.6517001551920583,2050,2.05,1.5,1.1327113757966725,1793.9872936315635
nag,50,0.752045310545282,0.5746872256513437,752.0453105452821,1123,1121,2244,0.6708700361688511,686,0.686,1.5,0.7326912370900451,674.2394943192187
nag,50,0.2410909409406306,0.182966099136992,241.09094094063067,365,365,730,0.6605231258647416,50,0.05,1.5,0.1805405168263208,50.04587095929084
nag,50,0.4543728505178211,0.3517911321219725,454.3728505178211,743,743,1486,0.6115381568207552,262,0.262,1.5,0.3410863199713977,317.6987998454832
nag,50,1.50673227725991,1.1056286425536623,1506.73227725991,2230,2228,4458,0.6762712195960099,2914,2.914,1.5,1.1419251033131803,2691.7325958526085
nag,50,1.4819144868570175,1.1402126096799106,1481.9144868570174,2214,2212,4426,0.6699432580727926,2925,2.925,1.5,1.4795656207633094,3053.46429888446
nag,50,0.7643795372022724,0.5515542683239232,764.3795372022723,1125,1125,2250,0.679448477513131,737,0.737,1.5,0.6541873969489281,644.748395278047
nag,50,0.9426362273176168,0.7033042342001722,942.6362273176168,1438,1436,2874,0.6564319131738279,1093,1.093,1.5,0.6715994442967799,910.0569316914834
nag,50,0.7340501062944204,0.5410403614922648,734.0501062944204,1110,1108,2218,0.6625000959335924,666,0.666,1.5,0.5623455648487041,639.6988377305371
nag,50,1.443758245933572,1.1022465009096971,1443.758245933572,2217,2213,4430,0.6523986651303986,2726,2.726,1.5,1.1420117691973508,2489.81891377566
nag,50,0.2505683334908609,0.1877838437424736,250.56833349086097,375,374,749,0.6699688061252967,43,0.043,1.5,0.1842707632891863,41.527728809969624
nag,50,1.2642170359521765,0.8978218990748807,1264.2170359521765,1845,1844,3689,0.6855840758959743,2053,2.053,1.5,0.8131168456285668,1542.911338462294
nag,50,1.4827088402061426,1.074587557015371,1482.708840206143,2192,2191,4383,0.6767269923350719,3126,3.126,1.5,0.8741940408019732,3886.279741896069
nag,50,1.230985578009731,0.8848240002385769,1230.985578009731,1813,1812,3625,0.6793518642437809,1917,1.917,1.5,0.9393196767198936,2158.629169404665
nag,50,1.247183367601861,0.9029381113363104,1247.1833676018614,1872,1871,3743,0.6665865139507543,2280,2.28,1.5,0.8222143634213332,2786.8952958540367
nag,50,1.1864966799007808,0.904210438209962,1186.4966799007807,1869,1869,3738,0.6348296842700806,1920,1.92,1.5,0.8319525370358413,1570.361073492795
nag,50,1.6822194557069166,1.2960634014019825,1682.2194557069165,2534,2532,5066,0.6643836712902513,3789,3.789,1.5,1.3884640495529248,4102.907660104163
nag,50,0.7676384027332438,0.5682877872931144,767.6384027332438,1188,1187,2375,0.6467046358325558,757,0.757,1.5,0.6551693370321102,678.8159463042427
nag,50,0.9686407284299046,0.745242816977136,968.6407284299046,1493,1493,2986,0.6487881637172838,1263,1.263,1.5,0.5694578132234049,1135.301439320887
nag,50,1.0007232693742507,0.722520553777068,1000.7232693742508,1537,1536,3073,0.6515125451655278,1364,1.364,1.5,0.8284940620330076,1809.659589266202
nag,50,1.0182380058893914,0.7934121045843019,1018.2380058893914,1540,1539,3079,0.6616231357305987,1375,1.375,1.5,0.9952946282522716,1420.3775022691157
nag,50,1.4926533150176893,1.1370871993649023,1492.6533150176892,2232,2231,4463,0.6690512393624783,2783,2.783,1.5,1.229788700776305,2513.222886113225
nag,50,1.259770843327013,0.8969842492175283,1259.770843327013,1859,1859,3718,0.6776604859209322,1982,1.982,1.5,0.7263812122110301,1960.21111188861
nag,50,1.1885461263231143,0.9133295885643744,1188.5461263231143,1842,1842,3684,0.6452476255825812,1826,1.826,1.5,0.8218369269399688,1919.9233926629545
nag,50,0.939053351744356,0.6932156307453197,939.053351744356,1447,1446,2893,0.6494144894497621,1135,1.135,1.5,0.6029956927906999,1206.698393233564
nag,50,1.4345160004320805,1.0490889157223235,1434.5160004320803,2226,2226,4452,0.644436657876047,2960,2.96,1.5,1.1172651139254806,2974.930836385136
nag,50,1.4953974097095752,1.0560036996277635,1495.3974097095752,2248,2248,4496,0.6652123708672487,3027,3.027,1.5,1.2409309572006395,3212.440685012959
nag,50,2.2124175405834037,1.6249707839455176,2212.4175405834035,3252,3252,6504,0.6803251969813664,6778,6.778,1.5,1.494346499633243,6425.946113223309
nag,50,1.2284904908422425,0.9375499496718754,1228.4904908422425,1843,1842,3685,0.6669329483399795,1961,1.961,1.5,0.6971668950279425,1904.7322911607296
nag,50,2.4794259803555105,1.858994992363006,2479.4259803555105,3655,3652,7307,0.6789227766581354,7869,7.869,1.5,2.2353880164862874,7167.920982945618
nag,50,0.5089336980311624,0.3942244795776727,508.9336980311624,733,732,1465,0.69526461479667,256,0.256,1.5,0.4513588832715361,263.59105907719254
nag,50,0.801942230998384,0.5884581477519307,801.942230998384,1174,1174,2348,0.6830853756374651,768,0.768,1.5,0.5840951727063426,703.613130536814
nag,50,1.221621213272745,0.917704065840104,1221.621213272745,1831,1829,3660,0.6679175578309159,1878,1.878,1.5,1.0347099103136246,2019.9111671634305
nag,50,1.477548594065471,1.0959330050890723,1477.5485940654708,2227,2225,4452,0.6640667838496498,2867,2.867,1.5,0.9301760799101162,2842.6287323266724
nag,50,0.962514499767442,0.726822918949697,962.514499767442,1485,1484,2969,0.6485946763931549,1236,1.236,1.5,0.9180060055332022,925.7139872831726
nag,50,2.708917433691146,1.9821137752175793,2708.917433691146,3977,3974,7951,0.6816601493938466,9821,9.821,1.5,1.31469115819793,9497.992345194158
nag,50,1.2311268979587804,0.9093003760613162,1231.1268979587803,1850,1849,3699,0.6658339091177827,1945,1.945,1.5,0.9754055334745548,1694.0933421767916
nag,50,0.7122466708610296,0.5377171189489324,712.2466708610295,1133,1133,2266,0.6286378383592494,722,0.722,1.5,0.4416176140336852,629.4575497786886
nag,50,1.528361505773162,1.1181590245914723,1528.361505773162,2240,2238,4478,0.6829139882811269,3024,3.024,1.5,0.9886928665099248,2860.626829758038
nag,50,1.0003775387239089,0.7289645484782155,1000.3775387239089,1524,1523,3047,0.6568467096020413,1363,1.363,1.5,0.6992445681685702,1309.1908715482564
nag,50,0.4851273457219244,0.3623067771327854,485.1273457219244,759,758,1517,0.6400096909260216,294,0.294,1.5,0.3912583942472363,283.3441381192151
nag,50,1.006998498219643,0.746064609708772,1006.9984982196428,1457,1456,2913,0.6916198476783262,1350,1.35,1.5,0.6895180859577048,1267.821321326173
nag,50,1.4927698008096113,1.0860664366548518,1492.7698008096113,2261,2260,4521,0.6605176109777041,2934,2.934,1.5,1.1092172836195413,3317.9563368849026
nag,50,1.0043750816423231,0.763058292739678,1004.3750816423232,1492,1491,2983,0.6736251385931075,1323,1.323,1.5,0.6832098427790466,1251.7958718545303
nag,50,2.609174614257581,1.9396150294631511,2609.174614257581,4021,4020,8041,0.649048411506861,9194,9.194,1.5,1.838612285545584,8682.123693328556
nag,50,1.4606433374819707,1.1459136442325442,1460.6433374819708,2172,2172,4344,0.6724877244392131,2799,2.799,1.5,0.9448723587279608,1943.9450711499624
nag,50,0.4893594170463824,0.3660444645844835,489.3594170463825,744,744,1488,0.6577411519440625,275,0.275,1.5,0.4089604551586417,246.0390322409758
nag,50,1.2906735385682255,0.9611901946693058,1290.6735385682257,1868,1865,3733,0.692050154728271,2026,2.026,1.5,0.7148867627904283,2089.7897921143644
nag,50,0.7517214207281654,0.5479821872954782,751.7214207281654,1145,1145,2290,0.6565252582778737,721,0.721,1.5,0.597620143323372,716.3388700632148
nag,50,0.4898068831305429,0.3597996330605158,489.806883130543,744,744,1488,0.6583425848528803,266,0.266,1.5,0.3280191495982778,296.07890177024905
nag,50,0.265425638603926,0.194974868975624,265.42563860392596,394,394,788,0.6736691335125025,72,0.072,1.5,0.1935595449341379,81.45567446031677
nag,50,1.669119641281865,1.2191646014244122,1669.119641281865,2575,2572,5147,0.6489578698607562,3840,3.84,1.5,1.5926292563021922,3256.6256855754723
nag,50,1.9024789024076545,1.3441103481888248,1902.4789024076545,2881,2879,5760,0.6608124009752187,4897,4.897,1.5,1.120071236494515,5272.102118059934
nag,50,0.2380923793899916,0.1814043982664039,238.09237938999163,388,388,776,0.6136401530669887,39,0.039,1.5,0.1488618732900394,39.85646106300496
nag,50,0.7188382872760319,0.5706638730996044,718.8382872760319,1099,1099,2198,0.6540839738635413,689,0.689,1.5,0.4803840330582514,768.9090525655662
nag,50,0.7480314784977563,0.5879490679923628,748.0314784977563,1114,1114,2228,0.6714824762098351,660,0.66,1.5,0.6187793254395823,618.2734882476166
nag,50,0.4936363698949224,0.3727461198929093,493.6363698949224,741,741,1482,0.6661759377799223,262,0.262,1.5,0.3927366690918553,295.23006857489736
nag,50,0.7031077698770752,0.5298963827043522,703.1077698770753,1116,1115,2231,0.6305899281408747,580,0.58,1.5,0.558968676304964,604.7409610828971
nag,50,1.500173067502247,1.1088210368733582,1500.1730675022472,2203,2202,4405,0.6812775056776781,3026,3.026,1.5,0.9675230884847752,3226.008772579628
nag,50,1.7292497666437343,1.283833550177726,1729.2497666437343,2581,2579,5160,0.6705117358060234,3847,3.847,1.5,1.352344950734308,3343.114184175766
nag,50,0.7684737415920827,0.5731312125112923,768.4737415920827,1146,1146,2292,0.6705704551414334,680,0.68,1.5,0.7320815215872434,855.5976652463783
nag,50,2.194237006493763,1.5657855600601045,2194.237006493763,3348,3347,6695,0.6555832107839149,6383,6.383,1.5,1.5246542610968097,7664.06757534861
nag,50,0.4864443383797063,0.3645907562294062,486.4443383797063,789,789,1578,0.6165327482632527,284,0.284,1.5,0.4243929123748511,296.03077774941005
nag,50,1.6578646629735645,1.26744349573514,1657.8646629735645,2579,2579,5158,0.6428323625333713,3763,3.763,1.5,1.08546998834301,4311.137462045575
nag,50,1.2393370573787152,0.8984693323522087,1239.3370573787151,1879,1879,3758,0.659572675560785,1954,1.954,1.5,0.9782995452071108,1834.2485926921397
nag,50,1.7549473048742603,1.2709384506795018,1754.9473048742605,2597,2594,5191,0.6765409810617812,4217,4.217,1.5,1.341924207001784,3394.3689888789795
nag,50,1.9329541114438988,1.3948762080198345,1932.954111443899,2929,2927,5856,0.6603874654745128,4825,4.825,1.5,1.3117749932203713,4234.781445802765
nag,50,1.2533799035337712,0.935117705186339,1253.379903533771,1871,1870,3741,0.67025663290576,2004,2.004,1.5,0.7001953247189939,2170.7712111185465
nag,50,1.2257281273954714,0.9015870299629912,1225.7281273954711,1785,1781,3566,0.6882246644556268,1776,1.776,1.5,0.9291940639259028,2542.990523082057
nag,50,0.7328739266087898,0.5677600811475915,732.8739266087898,1146,1146,2292,0.6395060441612477,703,0.703,1.5,0.5544879011856984,741.5302091230828
nag,50,0.2439801468351591,0.1844538347854533,243.98014683515913,387,387,774,0.630439655904804,54,0.054,1.5,0.136691080869462,56.53731091647682
nag,50,0.979202199406574,0.755369764818959,979.202199406574,1449,1447,2896,0.6767119553604519,1192,1.192,1.5,0.9320867982807794,1273.7581904199358
nag,50,1.0485258584442156,0.78848154211825,1048.5258584442156,1491,1489,2980,0.7041812346838251,1274,1.274,1.5,0.6104280603218347,966.3901748089352
nag,50,0.7227120526610631,0.5468866871533417,722.7120526610631,1089,1088,2177,0.6642574013428889,636,0.636,1.5,0.6098930158898832,395.27913902182064
nag,50,0.9795092439318076,0.7269504838335158,979.5092439318078,1478,1478,2956,0.6627261460972989,1293,1.293,1.5,0.7872817077385815,1544.138733283766
nag,50,1.6901581449951413,1.262857844178724,1690.1581449951414,2542,2541,5083,0.6651547205805357,3715,3.715,1.5,1.2424725340457876,3404.808457934283
nag,50,1.0175728138530418,0.7561861870182716,1017.5728138530416,1521,1518,3039,0.6703378220375769,1298,1.298,1.5,0.8881556969755917,1438.2701827723822
nag,50,0.7351612901254367,0.5525753488141715,735.1612901254367,1128,1128,2256,0.6517387323807063,705,0.705,1.5,0.5159338283815934,903.4167486823592
nag,50,1.71227718675083,1.314860466006337,1712.27718675083,2604,2602,5206,0.6580619472524327,3904,3.904,1.5,1.64599860687543,4101.343353176182
nag,50,0.9898536685350876,0.7321818350883055,989.8536685350876,1500,1499,2999,0.6603426741394848,1259,1.259,1.5,0.8420030969555075,1093.042148374568
nag,50,1.4557414777688322,1.0854896922536748,1455.7414777688325,2202,2202,4404,0.6610996720112772,2879,2.879,1.5,1.226012209355103,2866.4381883271785
nag,50,1.2144716180697102,0.9124966744674416,1214.47161806971,1884,1883,3767,0.6449663399201859,2025,2.025,1.5,0.9346914461844013,2459.6576869207374
nag,50,1.2617612448206352,0.9250491614981068,1261.7612448206353,1881,1880,3761,0.6711495983088486,2156,2.156,1.5,0.9222550014822508,2468.5422943345743
nag,50,1.2410664105574098,0.9121067105475048,1241.06641055741,1841,1840,3681,0.6744926144333749,2098,2.098,1.5,0.9236372219754964,1749.8337767807218
nag,50,1.6601379359640842,1.2435466375012645,1660.137935964084,2573,2573,5146,0.6452148993253339,3764,3.764,1.5,1.5401548286742013,4359.038461296517
nag,50,0.9846940697818636,0.73306321785423,984.6940697818636,1505,1504,3009,0.6547168017166647,1335,1.335,1.5,0.6441124495477694,1468.7788692417944
nag,50,1.0132249138417282,0.7404089616409398,1013.2249138417284,1499,1497,2996,0.6768369497940736,1267,1.267,1.5,0.6540133053496965,1067.8047262768296
nag,50,0.9990087132732725,0.7323611360848152,999.0087132732724,1496,1496,2992,0.6677865730436313,1399,1.399,1.5,0.7383227906969978,1169.5272128018466
nag,50,1.480734623196902,1.0750290677265273,1480.7346231969018,2255,2252,4507,0.6575198149186953,2970,2.97,1.5,1.0256489586146451,2983.674682687019
nag,50,0.2200503121261226,0.1716281722593186,220.05031212612263,358,358,716,0.6146656763299516,34,0.034,1.5,0.1361916326263531,41.949958256266655
nag,50,1.2437373128293092,0.983232078380279,1243.7373128293093,1858,1856,3714,0.6701170866537227,2205,2.205,1.5,0.7662989571537429,2479.3409281584645
nag,50,1.2389551905144869,0.935678868989408,1238.9551905144867,1807,1807,3614,0.6856420534114481,2014,2.014,1.5,0.9896085858560713,2062.2806035437525
bg,50,0.0009950744165189,0.0009940842434245,0.9950744165189852,29,29,58,0.0343129109144477,0,0.0,1.5,0.001131936754604,0.0
bg,50,0.00092992314031,0.0009290583832631,0.9299231403100414,27,27,54,0.0344415977892607,0,0.0,1.5,0.0009094070572615,0.0
bg,50,0.0006082142557846,0.0006078443312037,0.6082142557846737,24,24,48,0.0253422606576947,0,0.0,1.5,0.0005158471341152,0.0
bg,50,0.0009503915629198,0.0009494883187969,0.9503915629198064,21,21,42,0.0452567410914193,0,0.0,1.5,0.0009389924573562,0.0
bg,50,0.00064255621586,0.0006421433373695,0.6425562158600684,28,28,56,0.0229484362807167,0,0.0,1.5,0.000708241755329,0.0
bg,50,0.0008806672485811,0.0008798916737783,0.8806672485811156,30,30,60,0.0293555749527038,0,0.0,1.5,0.000933739388071,0.0
bg,50,0.0010491492139865,0.0010480484999133,1.049149213986567,24,24,48,0.0437145505827736,0,0.0,1.5,0.0012366480881391,0.0
bg,50,0.0005976301581969,0.0005972729963909,0.5976301581969098,23,23,46,0.0259839199216047,0,0.0,1.5,0.0006078478597861,0.0
bg,50,0.0006718419170356,0.0006713905454741,0.6718419170356071,21,21,42,0.0319924722397908,0,0.0,1.5,0.0005647289832336,0.0
bg,50,0.0009055115458096,0.00090469159465,0.9055115458096852,27,27,54,0.0335374646596179,0,0.0,1.5,0.0008712544859176,0.0
bg,50,0.0010981130235805,0.001096907171368,1.0981130235805665,35,35,70,0.0313746578165876,0,0.0,1.5,0.0010304922590262,0.0
bg,50,0.0010522817410832,0.0010511744442205,1.0522817410832097,27,27,54,0.0389733978178966,0,0.0,1.5,0.0010898417975568,0.0
bg,50,0.0009868982685925,0.0009859243003999,0.9868982685925438,32,32,64,0.0308405708935169,0,0.0,1.5,0.0008171657522234,0.0
bg,50,0.0006974795804514,0.0006969931026862,0.6974795804514073,17,17,34,0.0410282106147886,0,0.0,1.5,0.0006660175287209,0.0
bg,50,0.0011673800932691,0.001166017316987,1.1673800932691858,33,33,66,0.0353751543414904,0,0.0,1.5,0.0011267363410652,0.0
bg,50,0.0009035908226071,0.0009027743462324,0.903590822607157,26,26,52,0.0347534931771983,0,0.0,1.5,0.0009255555010918,0.0
bg,50,0.0007030960150524,0.000702601671046,0.7030960150524663,24,24,48,0.0292956672938527,0,0.0,1.5,0.0006137647290112,0.0
bg,50,0.0006668293783509,0.0006663847169311,0.6668293783509766,23,23,46,0.0289925816674337,0,0.0,1.5,0.00058957740243,0.0
bg,50,0.0008084718200161,0.0008078181933323,0.8084718200161061,28,28,56,0.0288739935720037,0,0.0,1.5,0.0007450860141174,0.0
bg,50,0.0008039831673804,0.000803336778447,0.8039831673804869,29,29,58,0.0277235574958788,0,0.0,1.5,0.0008686834405892,0.0
bg,50,0.000842805198561,0.0008420948779583,0.8428051985610381,28,28,56,0.0301001856628942,0,0.0,1.5,0.0009077207283053,0.0
bg,50,0.0004836884207299,0.0004834544662415,0.4836884207299334,20,20,40,0.0241844210364966,0,0.0,1.5,0.0004436245558227,0.0
bg,50,0.0007495699582475,0.0007490081031252,0.7495699582475179,20,20,40,0.0374784979123759,0,0.0,1.5,0.0006350028378612,0.0
bg,50,0.0009199369365883,0.000919090652621,0.9199369365883784,24,24,48,0.0383307056911824,0,0.0,1.5,0.0007819307012047,0.0
bg,50,0.0005625573870831,0.0005622409162694,0.5625573870831673,19,19,38,0.029608283530693,0,0.0,1.5,0.000493623077632,0.0
bg,50,0.0006931296891523,0.0006926492603863,0.6931296891523075,24,24,48,0.0288804037146794,0,0.0,1.5,0.0007547705465362,0.0
bg,50,0.0009818232338813,0.0009808592570187,0.981823233881336,19,19,38,0.0516749070463861,0,0.0,1.5,0.0007803492796452,0.0
bg,50,0.0006241647003047,0.0006237751187315,0.6241647003047035,23,23,46,0.0271375956654218,0,0.0,1.5,0.0007388816935696,0.0
bg,50,0.0010999638868145,0.0010987539662622,1.0999638868145816,28,28,56,0.0392844245290922,0,0.0,1.5,0.0012824566615119,0.0
bg,50,0.000922785334945,0.0009219338021706,0.922785334945047,14,14,28,0.0659132382103605,0,0.0,1.5,0.0008105382789883,0.0
bg,50,0.0006363948046041,0.0006359898062568,0.6363948046041514,24,24,48,0.0265164501918396,0,0.0,1.5,0.0006949538253026,0.0
bg,50,0.0009375382756778,0.0009366592976595,0.9375382756778718,24,24,48,0.0390640948199113,0,0.0,1.5,0.0007995704535811,0.0
bg,50,0.0005124161678279,0.0005121535974989,0.5124161678279577,16,16,32,0.0320260104892473,0,0.0,1.5,0.0004730592164572,0.0
bg,50,0.000983183753164,0.0009822171028715,0.983183753164044,38,38,76,0.0258732566622116,0,0.0,1.5,0.0010629858903892,0.0
bg,50,0.0012852726570679,0.0012836207312649,1.285272657067992,31,31,62,0.0414604082925158,0,0.0,1.5,0.0014655865051337,0.0
bg,50,0.0012898762040698,0.001288212423448,1.2898762040698326,34,34,68,0.0379375354138186,0,0.0,1.5,0.0009245685025762,0.0
bg,50,0.000787340057987,0.0007867201536201,0.787340057987052,20,20,40,0.0393670028993526,0,0.0,1.5,0.0007544949723884,0.0
bg,50,0.0009773940161164,0.0009764387170537,0.9773940161164552,32,32,64,0.0305435630036392,0,0.0,1.5,0.0010190815005563,0.0
bg,50,0.0007682358851934,0.0007676456988181,0.7682358851934481,23,23,46,0.033401560225802,0,0.0,1.5,0.0007194029841001,0.0
bg,50,0.0007133963279046,0.0007128873935839,0.7133963279046063,27,27,54,0.0264220862186891,0,0.0,1.5,0.0006972232141973,0.0
bg,50,0.0004083639660647,0.0004081972049359,0.4083639660647478,19,19,38,0.0214928403191972,0,0.0,1.5,0.0003794000562498,0.0
bg,50,0.0012582169622273,0.0012566338523033,1.258216962227392,24,24,48,0.0524257067594746,0,0.0,1.5,0.0011804912606648,0.0
bg,50,0.0008723291811453,0.000871568222945,0.8723291811453215,32,32,64,0.0272602869107912,0,0.0,1.5,0.0007403474933445,0.0
bg,50,0.0013593044356042,0.0013574567270556,1.3593044356042707,36,36,72,0.037758456544563,0,0.0,1.5,0.0009812245408747,0.0
bg,50,0.0009544969882334,0.0009535859237329,0.9544969882334726,30,30,60,0.031816566274449,0,0.0,1.5,0.0010849392772169,0.0
bg,50,0.0011319407338717,0.0011306594440467,1.131940733871705,30,30,60,0.0377313577957234,0,0.0,1.5,0.0011410469707705,0.0
bg,50,0.0008081390102552,0.0008074859215953,0.8081390102552746,21,21,42,0.0384828100121559,0,0.0,1.5,0.0009013393287789,0.0
bg,50,0.0014657213724036,0.0014635730332621,1.4657213724036708,30,30,60,0.0488573790801223,0,0.0,1.5,0.001433751062063,0.0
bg,50,0.0005822998771161,0.0005819608039692,0.5822998771161103,19,19,38,0.0306473619534794,0,0.0,1.5,0.0005814178692918,0.0
bg,50,0.0009496753024793,0.0009487734192991,0.9496753024793136,24,24,48,0.0395698042699714,0,0.0,1.5,0.0010814638097646,0.0
bg,50,0.0011041921222405,0.0011029728819977,1.1041921222405424,27,27,54,0.0408960045274275,0,0.0,1.5,0.0010268315269683,0.0
bg,50,0.0010439768284498,0.0010428869408315,1.043976828449857,25,25,50,0.0417590731379942,0,0.0,1.5,0.0010749411278573,0.0
bg,50,0.0007502015007423,0.0007739676070179,0.7502015007423068,24,24,48,0.0312583958642627,1,0.001,1.5,0.0007353189300701,0.6380843160698623
bg,50,0.000550020615103,0.000549718092426,0.5500206151030795,23,23,46,0.0239139397870904,0,0.0,1.5,0.0005909415265451,0.0
bg,50,0.0004387466692816,0.0004385541706418,0.4387466692816728,19,19,38,0.0230919299621933,0,0.0,1.5,0.000392785001941,0.0
bg,50,0.0006805581814199,0.0006800950219816,0.6805581814199826,24,24,48,0.0283565908924992,0,0.0,1.5,0.0006406814788655,0.0
bg,50,0.0007151072145109,0.0007145958361826,0.7151072145109438,27,27,54,0.0264854523892942,0,0.0,1.5,0.0004998578174649,0.0
bg,50,0.0008717808814974,0.0008710208795921,0.8717808814974504,22,22,44,0.0396264037044295,0,0.0,1.5,0.0008886991029579,0.0
bg,50,0.0006177296439029,0.0006173480539899,0.6177296439029201,20,20,40,0.030886482195146,0,0.0,1.5,0.0007491694129741,0.0
bg,50,0.0004615643189087,0.0004613512772882,0.4615643189087279,21,21,42,0.021979253281368,0,0.0,1.5,0.0005108480752213,0.0
bg,50,0.0008826876043167,0.0008819084669099,0.8826876043167431,21,21,42,0.042032743062702,0,0.0,1.5,0.0009330347073394,0.0
bg,50,0.0005626573290338,0.0005623407457639,0.5626573290338577,23,23,46,0.0244633621319068,0,0.0,1.5,0.0004862220504539,0.0
bg,50,0.0010206869803987,0.0010196451784868,1.0206869803987877,29,29,58,0.0351961027723719,0,0.0,1.5,0.0009908192155245,0.0
bg,50,0.0007361418077601,0.0007355999029989,0.7361418077601065,23,23,46,0.0320061655547872,0,0.0,1.5,0.000921704002036,0.0
bg,50,0.0003352774069908,0.0003351649960512,0.3352774069908468,21,21,42,0.0159655908090879,0,0.0,1.5,0.0003493267360122,0.0
bg,50,0.0006716788879541,0.0006712277354255,0.6716788879541049,23,23,46,0.029203429911048,0,0.0,1.5,0.0005389866368594,0.0
bg,50,0.0007793935313069,0.0007787860770303,0.7793935313069511,21,21,42,0.0371139776812833,0,0.0,1.5,0.000620953404769,0.0
bg,50,0.0003931071819308,0.0003929526486743,0.3931071819308176,15,15,30,0.0262071454620545,0,0.0,1.5,0.0003899639935611,0.0
bg,50,0.0007692598147509,0.0007686680540884,0.7692598147509955,28,28,56,0.0274735648125355,0,0.0,1.5,0.0006925458008658,0.0
bg,50,0.0007019090267041,0.0007014163504224,0.701909026704179,27,27,54,0.0259966306186732,0,0.0,1.5,0.0006244737828063,0.0
bg,50,0.0011863200870852,0.0011849127317362,1.1863200870852495,34,34,68,0.0348917672672132,0,0.0,1.5,0.0010219075936334,0.0
bg,50,0.0007968478732663,0.0007962129067332,0.7968478732663744,25,25,50,0.0318739149306549,0,0.0,1.5,0.0008893445026162,0.0
bg,50,0.0011268213480418,0.0011255516216913,1.1268213480418012,37,37,74,0.0304546310281567,0,0.0,1.5,0.0010135723974738,0.0
bg,50,0.0009436746493564,0.0009427841275126,0.9436746493564954,35,35,70,0.026962132838757,0,0.0,1.5,0.0007699220386546,0.0
bg,50,0.0009323814233348,0.0009315120882162,0.9323814233348032,19,19,38,0.0490727064913054,0,0.0,1.5,0.0008180839964782,0.0
bg,50,0.0003628129629982,0.0003626813297521,0.3628129629982908,14,14,28,0.025915211642735,0,0.0,1.5,0.0003752121474434,0.0
bg,50,0.000537385904595,0.0005370971209846,0.5373859045950837,21,21,42,0.0255898049807182,0,0.0,1.5,0.0004694214363482,0.0
bg,50,0.0005971116712639,0.0005967551289159,0.5971116712639528,21,21,42,0.0284338891078072,0,0.0,1.5,0.000517125163935,0.0
bg,50,0.0013913656940458,0.0013894297955512,1.3913656940458612,33,33,66,0.0421625967892685,0,0.0,1.5,0.001471090449311,0.0
bg,50,0.0010719614056669,0.0010708123044117,1.0719614056669968,26,26,52,0.041229284833346,0,0.0,1.5,0.0011028623533122,0.0
bg,50,0.0007115624243288,0.0007110561032451,0.7115624243288607,25,25,50,0.0284624969731544,0,0.0,1.5,0.0008371457698833,0.0
bg,50,0.0008812624139902,0.0008804857905479,0.8812624139902354,23,23,46,0.0383157571300102,0,0.0,1.5,0.0006446743764665,0.0
bg,50,0.0011951718689148,0.0011937434331186,1.195171868914894,41,41,82,0.0291505333881681,0,0.0,1.5,0.001139970019448,0.0
bg,50,0.0007178307101162,0.0007173154291879,0.7178307101162993,24,24,48,0.0299096129215124,0,0.0,1.5,0.00070728641228,0.0
bg,50,0.000619483837217,0.0006191000769925,0.6194838372170963,26,26,52,0.0238263014314267,0,0.0,1.5,0.0005424871684838,0.0
bg,50,0.0011201935917504,0.0011189387580674,1.1201935917504429,33,33,66,0.033945260356074,0,0.0,1.5,0.0008996298440632,0.0
bg,50,0.0011071111982472,0.0011058855030419,1.1071111982472086,25,25,50,0.0442844479298883,0,0.0,1.5,0.0010440451316169,0.0
bg,50,0.0007048080375104,0.0007043112831407,0.7048080375104454,30,30,60,0.0234936012503481,0,0.0,1.5,0.0006231287707783,0.0
bg,50,0.0007418142315631,0.0007412639432089,0.7418142315631204,20,20,40,0.037090711578156,0,0.0,1.5,0.0009624235344473,0.0
bg,50,0.0007192317696191,0.0007187144752807,0.7192317696191779,27,27,54,0.0266382136895991,0,0.0,1.5,0.0007562567982391,0.0
bg,50,0.000680386886997,0.000679923960681,0.6803868869970557,21,21,42,0.0323993755712883,0,0.0,1.5,0.000690859168977,0.0
bg,50,0.0007664803970838,0.0007658929048846,0.7664803970838037,25,25,50,0.0306592158833521,0,0.0,1.5,0.000762796575475,0.0
bg,50,0.0008803779378848,0.0009152529277993,0.8803779378848233,25,25,50,0.0352151175153929,0,0.0,1.5,0.0008708419172029,0.0
bg,50,0.0004685024506176,0.0004682829560713,0.4685024506176205,20,20,40,0.023425122530881,0,0.0,1.5,0.0004478880139289,0.0
bg,50,0.0005377956979334,0.0005375064737207,0.5377956979334613,20,20,40,0.026889784896673,0,0.0,1.5,0.0004712572556158,0.0
bg,50,0.0004243258872333,0.0004241458347748,0.4243258872333868,18,18,36,0.0235736604018548,0,0.0,1.5,0.0004917610910036,0.0
bg,50,0.0006832525012508,0.0006827856672703,0.6832525012508199,24,24,48,0.0284688542187841,0,0.0,1.5,0.0006112794175284,0.0
bg,50,0.0013889606910189,0.0013870314792177,1.388960691018931,32,32,64,0.0434050215943415,0,0.0,1.5,0.0013784599336311,0.0
bg,50,0.0009197446424079,0.0009874933478482,0.9197446424079844,29,29,58,0.031715332496827,0,0.0,1.5,0.0010737174639502,0.0
bg,50,0.000773441941337,0.0007728437289003,0.773441941337019,26,26,52,0.0297477669745007,0,0.0,1.5,0.0008044662229797,0.0
bg,50,0.0007835642759693,0.0007829503029947,0.783564275969372,29,29,58,0.0270194577920473,0,0.0,1.5,0.0008549004042506,0.0
bg,50,0.0008729613493817,0.0008721992878641,0.8729613493817112,27,27,54,0.0323319018289522,0,0.0,1.5,0.000934970491856,0.0
bg,50,0.0005720513598972,0.0005717241171388,0.5720513598972322,16,16,32,0.035753209993577,0,0.0,1.5,0.0004185880290255,0.0
bg,50,0.0009679728704572,0.0009670358989793,0.967972870457274,27,27,54,0.0358508470539731,0,0.0,1.5,0.0009762908437597,0.0
bg,50,0.0005884781685804,0.0005881318620255,0.5884781685804157,25,25,50,0.0235391267432166,0,0.0,1.5,0.0004727101066526,0.0
bg,50,0.000886349341125,0.0008855637259704,0.8863493411250047,21,21,42,0.042207111482143,0,0.0,1.5,0.0011476013018111,0.0
bg,50,0.0009045062507439,0.0009036881191863,0.9045062507439496,18,18,36,0.0502503472635527,0,0.0,1.5,0.0009811319663043,0.0
bg,50,0.000510001895282,0.0005097417933488,0.5100018952820342,16,16,32,0.0318751184551271,0,0.0,1.5,0.0005284218912217,0.0
bg,50,0.0003986498241818,0.0003984909024994,0.3986498241818097,20,20,40,0.0199324912090904,0,0.0,1.5,0.0004219022641649,0.0
bg,50,0.0006615110694675,0.0006610734725724,0.6615110694675082,20,20,40,0.0330755534733754,0,0.0,1.5,0.0007000830090874,0.0
bg,50,0.0014483198426901,0.0014462222123233,1.4483198426901245,33,33,66,0.0438884800815189,0,0.0,1.5,0.0017717916511783,0.0
bg,50,0.0006963332711871,0.0006958483911625,0.6963332711871042,22,22,44,0.0316515123266865,0,0.0,1.5,0.0007755115805437,0.0
bg,50,0.0007189131605671,0.0007183963244347,0.7189131605671477,24,24,48,0.0299547150236311,0,0.0,1.5,0.0006329879092071,0.0
bg,50,0.0014204948051153,0.0014184769996239,1.4204948051153252,38,38,76,0.0373814422398769,0,0.0,1.5,0.0013277233261462,0.0
bg,50,0.0010131111212475,0.0010120847271035,1.0131111212475543,26,26,52,0.0389658123556751,0,0.0,1.5,0.0010729487103521,0.0
bg,50,0.0006301347189431,0.0006297376491791,0.6301347189431823,21,21,42,0.0300064151877705,0,0.0,1.5,0.0005416757164644,0.0
bg,50,0.0011865727446945,0.001185164789816,1.18657274469453,23,23,46,0.0515901193345447,0,0.0,1.5,0.0009055606756275,0.0
bg,50,0.0005270949443389,0.0005528367813419,0.5270949443389554,25,25,50,0.0210837977735582,0,0.0,1.5,0.0005441800670174,0.0
bg,50,0.0011024409909736,0.001101225614835,1.1024409909736228,30,30,60,0.036748033032454,0,0.0,1.5,0.0012574310108375,0.0
bg,50,0.000718391359592,0.0007178752734464,0.7183913595920135,19,19,38,0.0378100715574743,0,0.0,1.5,0.0008119872246782,0.0
bg,50,0.0008960599797148,0.0008952570562275,0.8960599797148188,29,29,58,0.0308986199901661,0,0.0,1.5,0.0006516088709469,0.0
bg,50,0.0009264876815818,0.0009256293021577,0.9264876815818256,25,25,50,0.037059507263273,0,0.0,1.5,0.0010439063218251,0.0
bg,50,0.0006087843232672,0.000608413704915,0.6087843232672583,17,17,34,0.0358108425451328,0,0.0,1.5,0.0007995876766296,0.0
bg,50,0.0009102986846991,0.0009094700410038,0.9102986846991712,23,23,46,0.0395782036825726,0,0.0,1.5,0.000724640367229,0.0
bg,50,0.0008275509492774,0.0008268661087038,0.8275509492774997,27,27,54,0.0306500351584259,0,0.0,1.5,0.0007089256973128,0.0
bg,50,0.0007646033707232,0.0007640187524087,0.7646033707232629,27,27,54,0.0283186433601208,0,0.0,1.5,0.0007680333245603,0.0
bg,50,0.0011450703555548,0.0011437591694356,1.1450703555548143,26,26,52,0.044041167521339,0,0.0,1.5,0.0009767986906313,0.0
bg,50,0.0006009922894259,0.0006006310976939,0.6009922894259354,23,23,46,0.026130099540258,0,0.0,1.5,0.0007232109913463,0.0
bg,50,0.000884341418403,0.0008835593586587,0.8843414184030465,30,30,60,0.0294780472801015,0,0.0,1.5,0.0009965237717291,0.0
bg,50,0.0009068390258417,0.0009060166688229,0.9068390258417304,25,25,50,0.0362735610336692,0,0.0,1.5,0.0009535931859173,0.0
bg,50,0.000784315046419,0.000783699896327,0.7843150464190529,24,24,48,0.0326797936007938,0,0.0,1.5,0.0007951779110409,0.0
bg,50,0.0006248296754895,0.0006244392633661,0.6248296754895293,25,25,50,0.0249931870195811,0,0.0,1.5,0.0007724900646661,0.0
bg,50,0.0007476853957006,0.0007471263622496,0.7476853957006142,21,21,42,0.035604066461934,0,0.0,1.5,0.0008734286467255,0.0
bg,50,0.0007124802696047,0.0007119726414701,0.7124802696047681,19,19,38,0.0374989615581456,0,0.0,1.5,0.0007516819832468,0.0
bg,50,0.0010479933476402,0.0010468950575835,1.0479933476402792,30,30,60,0.0349331115880093,0,0.0,1.5,0.0008623831536934,0.0
bg,50,0.0010363715971755,0.0010352975310881,1.0363715971755738,27,27,54,0.0383841332287249,0,0.0,1.5,0.001194602310096,0.0
bg,50,0.0007689636106516,0.0007683723056171,0.7689636106516247,28,28,56,0.0274629860947008,0,0.0,1.5,0.0008409218255968,0.0
bg,50,0.0011119117263173,0.0011106753786302,1.1119117263173592,23,23,46,0.0483439881007547,0,0.0,1.5,0.0007464437342291,0.0
bg,50,0.0007154617602957,0.0007149498747653,0.7154617602957671,23,23,46,0.0311070330563377,0,0.0,1.5,0.0005692999431431,0.0
bg,50,0.0008170760298647,0.0008931112236818,0.8170760298647934,25,25,50,0.0326830411945917,0,0.0,1.5,0.0011456260327272,0.0
bg,50,0.0006798602395086,0.0006793980295634,0.6798602395086846,20,20,40,0.0339930119754342,0,0.0,1.5,0.0005698787820901,0.0
bg,50,0.0006608798706892,0.0006604431084857,0.6608798706892571,25,25,50,0.0264351948275702,0,0.0,1.5,0.0007075996486505,0.0
bg,50,0.000791061992632,0.0007904362135558,0.7910619926320352,21,21,42,0.0376696186967635,0,0.0,1.5,0.0008464823060524,0.0
bg,50,0.0010974474847709,0.0010962430937891,1.0974474847709388,21,21,42,0.0522594040367113,0,0.0,1.5,0.0008863625370275,0.0
bg,50,0.0008301359373234,0.000829446811649,0.8301359373234671,27,27,54,0.0307457754564247,0,0.0,1.5,0.0007517498178979,0.0
bg,50,0.0006349633617566,0.0006345601832859,0.634963361756693,20,20,40,0.0317481680878346,0,0.0,1.5,0.0006227577233007,0.0
bg,50,0.0004985677779236,0.0004983192080944,0.4985677779236823,22,22,44,0.0226621717238037,0,0.0,1.5,0.0005300383076186,0.0
bg,50,0.000685126134064,0.0006846567362444,0.6851261340640562,24,24,48,0.028546922252669,0,0.0,1.5,0.0005172635374979,0.0
bg,50,0.0011190525403627,0.0011178002617746,1.119052540362766,30,30,60,0.0373017513454255,0,0.0,1.5,0.001274168042977,0.0
bg,50,0.0007836274275886,0.0007830133556433,0.7836274275886534,31,31,62,0.025278304115763,0,0.0,1.5,0.0009366786284063,0.0
bg,50,0.0005524579904899,0.0005521527806587,0.5524579904899838,21,21,42,0.0263075233566658,0,0.0,1.5,0.0005103125475647,0.0
bg,50,0.0005977185455342,0.0005973612780745,0.5977185455342564,26,26,52,0.0229891748282406,0,0.0,1.5,0.0003888708764713,0.0
bg,50,0.0007299540470192,0.0007294212141084,0.7299540470192021,21,21,42,0.0347597165247239,0,0.0,1.5,0.0009159784948462,0.0
bg,50,0.0004759035228067,0.0004756770386436,0.4759035228067034,20,20,40,0.0237951761403351,0,0.0,1.5,0.0006435308881653,0.0
bg,50,0.0007474207366545,0.0007468620988969,0.7474207366545791,25,25,50,0.0298968294661831,0,0.0,1.5,0.0009053091911779,0.0
bg,50,0.0005968933251569,0.0005965370435153,0.5968933251569197,21,21,42,0.028423491674139,0,0.0,1.5,0.0004997811488479,0.0
bg,50,0.0008506285117553,0.0008499049428903,0.850628511755378,27,27,54,0.0315047596946436,0,0.0,1.5,0.0008875289143022,0.0
bg,50,0.0009564124972188,0.000955497772354,0.9564124972188992,28,28,56,0.0341575891863892,0,0.0,1.5,0.0007134406839859,0.0
bg,50,0.0010661986772734,0.0010650618976539,1.0661986772734051,30,30,60,0.0355399559091135,0,0.0,1.5,0.0010222703044828,0.0
bg,50,0.000839152050569,0.000838447874405,0.8391520505690444,22,22,44,0.0381432750258656,0,0.0,1.5,0.0008479568627747,0.0
bg,50,0.0010145435484288,0.0010135142498171,1.0145435484288328,31,31,62,0.0327272112396397,0,0.0,1.5,0.000866183016265,0.0
bg,50,0.0006648221959564,0.0006643802074042,0.6648221959564515,23,23,46,0.0289053128676718,0,0.0,1.5,0.0007560410825802,0.0
bg,50,0.0010879607764199,0.0010867771177689,1.0879607764199406,27,27,54,0.0402948435711089,0,0.0,1.5,0.0012705778320086,0.0
bg,50,0.0009726387166012,0.0009716926905282,0.9726387166012956,32,32,64,0.0303949598937904,0,0.0,1.5,0.0008346470780468,0.0
bg,50,0.0004365701341573,0.0004363795406753,0.4365701341573924,19,19,38,0.022977375481968,0,0.0,1.5,0.0005105970188842,0.0
bg,50,0.0008463337776147,0.0008456174967516,0.8463337776147899,20,20,40,0.0423166888807394,0,0.0,1.5,0.0010883324370406,0.0
bg,50,0.0007405184392769,0.000739970071718,0.7405184392769915,24,24,48,0.0308549349698746,0,0.0,1.5,0.0007419357093157,0.0
bg,50,0.000684426132387,0.0006839576932563,0.6844261323870616,27,27,54,0.0253491160143356,0,0.0,1.5,0.0006338950650685,0.0
bg,50,0.0008904572615756,0.0008896643474409,0.8904572615756265,28,28,56,0.0318020450562723,0,0.0,1.5,0.0009404223928358,0.0
bg,50,0.0005954558648814,0.0005951012971944,0.5954558648814405,23,23,46,0.0258893854296278,0,0.0,1.5,0.0006681084619128,0.0
bg,50,0.0008159897915456,0.0008153239522057,0.8159897915456771,28,28,56,0.0291424925552027,0,0.0,1.5,0.000588341488323,0.0
bg,50,0.0007697922701968,0.0007691996900575,0.7697922701968167,27,27,54,0.0285108248221043,0,0.0,1.5,0.0008168439168919,0.0
bg,50,0.0008041783324794,0.0008035316296889,0.8041783324794025,29,29,58,0.0277302873268759,0,0.0,1.5,0.0007501443446966,0.0
bg,50,0.0010808456352791,0.0010796774079918,1.0808456352791764,33,33,66,0.0327528980387629,0,0.0,1.5,0.0010801426830604,0.0
bg,50,0.000898684790335,0.0008978771559826,0.8986847903350501,27,27,54,0.0332846218642611,0,0.0,1.5,0.0009331990639832,0.0
bg,50,0.0010495411124806,0.0010484395759338,1.049541112480625,33,33,66,0.0318042761357765,0,0.0,1.5,0.0009620753409661,0.0
bg,50,0.0008658038375517,0.0008650542212666,0.8658038375517982,23,23,46,0.0376436451109477,0,0.0,1.5,0.0009179180107933,0.0
bg,50,0.0008959685682709,0.0008951658085956,0.8959685682709804,24,24,48,0.0373320236779575,0,0.0,1.5,0.0009409389581298,0.0
bg,50,0.0006987990441839,0.0006983107240797,0.6987990441839429,19,19,38,0.0367788970623127,0,0.0,1.5,0.0007904887897671,0.0
bg,50,0.0009797444940011,0.0009787845947276,0.9797444940011744,23,23,46,0.0425975866957032,0,0.0,1.5,0.0011189379848539,0.0
bg,50,0.0008098905893989,0.0008092346666321,0.809890589398961,26,26,52,0.0311496380538061,0,0.0,1.5,0.0008070710464137,0.0
bg,50,0.000815149427527,0.0008144849589378,0.8151494275270181,25,25,50,0.0326059771010807,0,0.0,1.5,0.0005493588477994,0.0
bg,50,0.0007877400827306,0.0007871195482926,0.7877400827306227,25,25,50,0.0315096033092249,0,0.0,1.5,0.0007348300347694,0.0
bg,50,0.0006882283268369,0.000687754668607,0.6882283268369234,22,22,44,0.0312831057653147,0,0.0,1.5,0.0006761177289599,0.0
bg,50,0.0008391657741636,0.0008384615749671,0.8391657741636891,26,26,52,0.0322756066986034,0,0.0,1.5,0.0009898113789985,0.0
bg,50,0.0008054042048016,0.0008047555288685,0.8054042048016843,24,24,48,0.0335585085334035,0,0.0,1.5,0.0009636452334142,0.0
bg,50,0.0010448603214663,0.0010437685883749,1.0448603214663024,26,26,52,0.0401869354410116,0,0.0,1.5,0.0007820566051348,0.0
bg,50,0.0008264934798497,0.0008258103883775,0.826493479849745,23,23,46,0.0359344991239019,0,0.0,1.5,0.0007848614511615,0.0
bg,50,0.0009090075321803,0.0009081812374868,0.9090075321803824,24,24,48,0.0378753138408492,0,0.0,1.5,0.0007297558090873,0.0
bg,50,0.0006244013476786,0.0006240114706356,0.6244013476786172,20,20,40,0.0312200673839308,0,0.0,1.5,0.0003052848477659,0.0
bg,50,0.0005400725035196,0.0005397808252105,0.5400725035196015,25,25,50,0.021602900140784,0,0.0,1.5,0.0005491644201853,0.0
bg,50,0.0004422615432108,0.0004420659479382,0.4422615432108405,21,21,42,0.0210600734862305,0,0.0,1.5,0.0004731946230133,0.0
bg,50,0.0011684594451413,0.0011670941476664,1.1684594451413552,37,37,74,0.0315799850038204,0,0.0,1.5,0.0013475878577311,0.0
bg,50,0.0005043910427585,0.0005041366324345,0.5043910427585345,21,21,42,0.0240186210837397,0,0.0,1.5,0.0005460500794323,0.0
bg,50,0.0009327350097958,0.0009318650151973,0.93273500979587,30,30,60,0.0310911669931956,0,0.0,1.5,0.000826200166082,0.0
bg,50,0.0011940430942944,0.0011926173553834,1.1940430942944928,30,30,60,0.039801436476483,0,0.0,1.5,0.0009597044003372,0.0
bg,50,0.0005242167009648,0.0005239418978152,0.5242167009648071,21,21,42,0.0249627000459431,0,0.0,1.5,0.0004713270838628,0.0
bg,50,0.0007768927546906,0.0007762891923383,0.7768927546906355,26,26,52,0.0298804905650244,0,0.0,1.5,0.000667289953259,0.0
bg,50,0.0005563525459668,0.0005560430178114,0.5563525459668979,20,20,40,0.0278176272983448,0,0.0,1.5,0.000578714873009,0.0
bg,50,0.0008059882250982,0.0008053386080792,0.8059882250982895,22,22,44,0.0366358284135586,0,0.0,1.5,0.0006715245383718,0.0
bg,50,0.0008142954867394,0.0008136324095997,0.81429548673949,22,22,44,0.0370134312154313,0,0.0,1.5,0.0007994698745945,0.0
bg,50,0.0009677855356606,0.0009668489268176,0.9677855356606812,27,27,54,0.0358439087281733,0,0.0,1.5,0.0009814527238901,0.0
bg,50,0.0012584688776119,0.0013435883179837,1.2584688776119926,41,41,82,0.0306943628685851,0,0.0,1.5,0.0013948015466961,0.0
bg,50,0.0007957893594246,0.0007951560787201,0.7957893594246883,21,21,42,0.0378947314011756,0,0.0,1.5,0.0008423734536099,0.0
bg,50,0.0008938588351105,0.0008930598514934,0.8938588351105938,26,26,52,0.034379185965792,0,0.0,1.5,0.000863176884268,0.0
bg,50,0.0008601104621713,0.0008593706721642,0.8601104621713684,27,27,54,0.031855943043384,0,0.0,1.5,0.0008643468038733,0.0
bg,50,0.0008524506215937,0.0008517239495315,0.8524506215937819,26,26,52,0.0327865623689916,0,0.0,1.5,0.0006726623204696,0.0
bg,50,0.0008791782919317,0.0008784053374627,0.8791782919317441,29,29,58,0.0303164928252325,0,0.0,1.5,0.0009031537113718,0.0
bg,50,0.0006083133928673,0.0006079433476834,0.6083133928673554,21,21,42,0.028967304422255,0,0.0,1.5,0.0005713956987427,0.0
bg,50,0.0013163549082478,0.0013146221180033,1.3163549082478383,36,36,72,0.0365654141179955,0,0.0,1.5,0.0012587872198613,0.0
bg,50,0.0007149517373923,0.0007144405814055,0.7149517373923686,23,22,45,0.0324978062451076,0,0.0,1.5,0.0007617689310142,0.0
bg,50,0.0009087635265073,0.0009079376753602,0.9087635265073216,30,30,60,0.030292117550244,0,0.0,1.5,0.000896850786326,0.0
bg,50,0.000701356517367,0.0007008646164026,0.7013565173670742,26,26,52,0.0269752506679643,0,0.0,1.5,0.0007285966024094,0.0
bg,50,0.001223638539247,0.0012221412479723,1.2236385392470766,29,29,58,0.0421944323878302,0,0.0,1.5,0.0014148272263383,0.0
bg,50,0.0007820987151712,0.000781487036771,0.782098715171287,19,19,38,0.041163090272173,0,0.0,1.5,0.0005736199919443,0.0
bg,50,0.0009625858291532,0.0009616592576747,0.9625858291532524,25,25,50,0.0385034331661301,0,0.0,1.5,0.0011303824942009,0.0
bg,50,0.0010695399716893,0.0010683960559382,1.069539971689334,32,32,64,0.0334231241152916,0,0.0,1.5,0.0012383948178335,0.0
bg,50,0.0004613805696051,0.0004611676975751,0.4613805696051756,18,18,36,0.0256322538669542,0,0.0,1.5,0.0004488413725225,0.0
bg,50,0.0008385497132381,0.0008378465476166,0.8385497132381943,23,23,46,0.0364586831842693,0,0.0,1.5,0.0007368920090363,0.0
bg,50,0.0007811262682689,0.0007805161100219,0.7811262682689488,24,24,48,0.0325469278445395,0,0.0,1.5,0.0008681151087808,0.0
bg,50,0.0007262618710588,0.0007257344147534,0.7262618710588491,25,25,50,0.0290504748423539,0,0.0,1.5,0.0007688066882036,0.0
bg,50,0.0010563587958337,0.0010552429019282,1.0563587958337557,35,35,70,0.0301816798809644,0,0.0,1.5,0.0009231441338829,0.0
bg,50,0.0008975958852437,0.0008967902068705,0.8975958852437849,29,29,58,0.0309515822497856,0,0.0,1.5,0.0006876084887528,0.0
bg,50,0.0009456178486251,0.0009447236555095,0.9456178486251972,28,28,56,0.0337720660223284,0,0.0,1.5,0.0010533314564195,0.0
bg,50,0.0008201885471949,0.000819515837942,0.820188547194995,28,28,56,0.0292924481141069,0,0.0,1.5,0.0007265930027609,0.0
bg,50,0.0010823920521162,0.0010812204795617,1.0823920521162584,30,30,60,0.0360797350705419,0,0.0,1.5,0.0008276030855264,0.0
bg,50,0.0006977617186334,0.0006972748472174,0.6977617186334601,29,29,58,0.0240607489183951,0,0.0,1.5,0.0008681690028504,0.0
bg,50,0.0004061272860683,0.0004059623466958,0.4061272860683136,17,17,34,0.0238898403569596,0,0.0,1.5,0.0004056303640211,0.0
bg,50,0.0007292048435009,0.0007286731037971,0.7292048435009484,24,24,48,0.0303835351458728,0,0.0,1.5,0.0006033088891878,0.0
bg,50,0.0009320985259076,0.0009312297182456,0.9320985259076044,28,28,56,0.0332892330681287,0,0.0,1.5,0.000967662627849,0.0
bg,50,0.0007912463608776,0.000790620290074,0.791246360877679,24,24,48,0.0329685983699032,0,0.0,1.5,0.0007367271873267,0.0
bg,50,0.000283434082328,0.0002833537474489,0.2834340823280001,11,11,22,0.0257667347570909,0,0.0,1.5,0.0003604969837756,0.0
bg,50,0.0009206120761268,0.0009197645495321,0.920612076126865,24,24,48,0.038358836505286,0,0.0,1.5,0.0010504090201075,0.0
bg,50,0.0012995129218273,0.0012978241879933,1.2995129218273511,32,32,64,0.0406097788071047,0,0.0,1.5,0.0011408282772955,0.0
bg,50,0.0008638823911056,0.00086313609832,0.8638823911056832,34,34,68,0.0254083056207553,0,0.0,1.5,0.000833608142888,0.0
bg,50,0.0007888299227504,0.0007882076701034,0.7888299227504838,29,29,58,0.0272010318189822,0,0.0,1.5,0.0007231387244105,0.0
bg,50,0.0008019715670124,0.0008013284086181,0.8019715670124263,29,29,58,0.0276541919659457,0,0.0,1.5,0.0007231925521435,0.0
bg,50,0.0008470091052524,0.0008462916808281,0.8470091052524822,24,24,48,0.0352920460521867,0,0.0,1.5,0.000887179926315,0.0
bg,50,0.000705502767721,0.0007050050335657,0.7055027677210148,26,26,52,0.0271347218354236,0,0.0,1.5,0.0006440768155448,0.0
bg,50,0.0006621750686281,0.0006617365928066,0.6621750686281374,29,29,58,0.0228336230561426,0,0.0,1.5,0.0006916854909271,0.0
bg,50,0.0006914649491662,0.0006909868253903,0.6914649491662743,24,24,48,0.0288110395485947,0,0.0,1.5,0.0007838404302974,0.0
bg,50,0.001418324808349,0.001416313163087,1.418324808349066,23,23,46,0.0616662960151767,0,0.0,1.5,0.0014589686058299,0.0
bg,50,0.0012032689430259,0.0012018210868767,1.2032689430259549,34,34,68,0.0353902630301751,0,0.0,1.5,0.0014516811715099,0.0
bg,50,0.0004019254115743,0.0004017638675378,0.4019254115743322,17,17,34,0.0236426712690783,0,0.0,1.5,0.0004371240838499,0.0
bg,50,0.0006079794954262,0.0006076098563593,0.607979495426207,21,21,42,0.028951404544105,0,0.0,1.5,0.0006349494492349,0.0
bg,50,0.0005948064855184,0.0005944526907632,0.5948064855184185,29,29,58,0.0205105684661523,0,0.0,1.5,0.0005755276025664,0.0
bg,50,0.0009054954725257,0.000904675550475,0.9054954725258,25,25,50,0.036219818901032,0,0.0,1.5,0.0008323823109283,0.0
bg,50,0.0003643736169546,0.0003642408488219,0.3643736169546514,14,14,28,0.0260266869253322,0,0.0,1.5,0.0003819364490556,0.0
bg,50,0.0009019319573152,0.0009011184760596,0.90193195731527,20,20,40,0.0450965978657635,0,0.0,1.5,0.000982461269614,0.0
bg,50,0.0007981432141273,0.0007975061815371,0.7981432141273714,23,23,46,0.0347018788751031,0,0.0,1.5,0.0008005887725189,0.0
bg,50,0.0006992795053133,0.0006987905134867,0.699279505313342,23,23,46,0.030403456752754,0,0.0,1.5,0.0008438955083046,0.0
bg,50,0.0005540525455577,0.0005537455713345,0.5540525455577665,18,18,36,0.0307806969754314,0,0.0,1.5,0.0003932859387408,0.0
bg,50,0.0012385752009126,0.0012370411323843,1.2385752009126858,30,30,60,0.0412858400304228,0,0.0,1.5,0.001030106078158,0.0
bg,50,0.0012735241832916,0.0012719023194462,1.2735241832916682,29,29,58,0.0439146270100575,0,0.0,1.5,0.0010524320298835,0.0
bg,50,0.0006680095416767,0.000667563304929,0.668009541676799,28,28,56,0.0238574836313142,0,0.0,1.5,0.0006827365917492,0.0
bg,50,0.0010205389954278,0.0010194974955866,1.0205389954278417,29,29,58,0.0351909998423393,0,0.0,1.5,0.0012124403860888,0.0
bg,50,0.0007547201561087,0.0007541505535947,0.7547201561087888,27,27,54,0.0279525983743995,0,0.0,1.5,0.0007284933832364,0.0
bg,50,0.0008550887708704,0.0008543575940644,0.8550887708704806,35,35,70,0.0244311077391565,0,0.0,1.5,0.0008144959725768,0.0
bg,50,0.0006830403814914,0.0006825738373286,0.6830403814914234,16,16,32,0.0426900238432139,0,0.0,1.5,0.0008572223318887,0.0
bg,50,0.0007868945943362,0.0007862753912337,0.7868945943362959,29,29,58,0.0271342963564239,0,0.0,1.5,0.0006392589969022,0.0
bg,50,0.0011328205298461,0.0011315372474933,1.132820529846143,31,31,62,0.0365425977369723,0,0.0,1.5,0.0010412587477212,0.0
bg,50,0.0006214819208326,0.0006210956810547,0.621481920832629,24,24,48,0.0258950800346928,0,0.0,1.5,0.0004952580257363,0.0
bg,50,0.0004777041949619,0.000477475993664,0.4777041949619747,19,19,38,0.0251423260506302,0,0.0,1.5,0.0004470074258485,0.0
bg,50,0.000722278929234,0.0007217572423824,0.7222789292340792,19,19,38,0.0380146804860041,0,0.0,1.5,0.0007825162834475,0.0
bg,50,0.0009156865052439,0.000914848023468,0.9156865052439044,24,24,48,0.0381536043851626,0,0.0,1.5,0.0008602443627509,0.0
bg,50,0.0008061707990879,0.0008055208877306,0.8061707990879534,21,21,42,0.0383890856708549,0,0.0,1.5,0.0012050770930813,0.0
bg,50,0.0008165453884003,0.000815878642029,0.8165453884003284,24,24,48,0.0340227245166803,0,0.0,1.5,0.0006610939543964,0.0
bg,50,0.0008215922506043,0.0008209172367781,0.8215922506043736,20,20,40,0.0410796125302186,0,0.0,1.5,0.0007205037951966,0.0
bg,50,0.0011302615712731,0.0011289840800536,1.1302615712731896,30,30,60,0.0376753857091063,0,0.0,1.5,0.0011013702730447,0.0
bg,50,0.0007122776713614,0.0007117703318803,0.7122776713614627,25,25,50,0.0284911068544585,0,0.0,1.5,0.000791210741063,0.0
bg,50,0.0006361256431127,0.0006357209872789,0.6361256431127806,24,24,48,0.0265052351296991,0,0.0,1.5,0.0005888548243033,0.0
bg,50,0.0007400662401101,0.0007395185420704,0.740066240110167,16,16,32,0.0462541400068854,0,0.0,1.5,0.000762241254864,0.0
bg,50,0.0009413701875446,0.0009404840097146,0.9413701875446492,28,28,56,0.0336203638408803,0,0.0,1.5,0.0008230510700334,0.0
bg,50,0.0007903396065632,0.0007897149698695,0.7903396065632933,31,31,62,0.0254948260181707,0,0.0,1.5,0.0007272572907654,0.0
bg,50,0.0005817512701159,0.0005814128355757,0.5817512701159906,23,23,46,0.0252935334833039,0,0.0,1.5,0.000622998609648,0.0
bg,50,0.0008355130792521,0.0008348149971465,0.835513079252113,27,27,54,0.0309449288611893,0,0.0,1.5,0.000897220016844,0.0
bg,50,0.0007268678884279,0.0007263395515006,0.7268678884279156,26,26,52,0.0279564572472275,0,0.0,1.5,0.0005455477706936,0.0
bg,50,0.0011286256800535,0.0011273518841279,1.128625680053581,33,33,66,0.0342007781834418,0,0.0,1.5,0.0011589843090398,0.0
bg,50,0.0005418887204809,0.0005415950770955,0.5418887204809266,17,17,34,0.0318758070871133,0,0.0,1.5,0.0004843723026163,0.0
bg,50,0.0004790105316174,0.000478781080528,0.4790105316174706,22,22,44,0.0217732059826123,0,0.0,1.5,0.0005096858787203,0.0
bg,50,0.0004315272465286,0.0004344967880842,0.431527246528649,26,26,52,0.0165972017895634,0,0.0,1.5,0.0003644269611453,0.0
bg,50,0.0009881236652403,0.0009871472768625,0.988123665240332,27,27,54,0.0365971727866789,0,0.0,1.5,0.00085417729227,0.0
bg,50,0.0008221768197488,0.0008215008450259,0.822176819748833,24,24,48,0.0342573674895347,0,0.0,1.5,0.0006725925861188,0.0
bg,50,0.0006002080373594,0.0005998477876713,0.6002080373594794,23,23,46,0.0260960016243251,0,0.0,1.5,0.0006471021084382,0.0
bg,50,0.000729675437218,0.0007291430109744,0.7296754372180985,26,26,52,0.0280644398930037,0,0.0,1.5,0.0008420188380993,0.0
bg,50,0.0007959090767676,0.0007952756055091,0.7959090767676162,23,23,46,0.0346047424681572,0,0.0,1.5,0.0008267887259776,0.0
bg,50,0.0010871627246448,0.001085980801855,1.0871627246448945,29,29,58,0.0374883698153411,0,0.0,1.5,0.0012297240542675,0.0
bg,50,0.0008371914012779,0.0008364905118355,0.8371914012779271,23,23,46,0.0363996261425185,0,0.0,1.5,0.0009226454174356,0.0
bg,50,0.000726613123204,0.0007260851565731,0.726613123204011,22,22,44,0.0330278692365459,0,0.0,1.5,0.0008769836132317,0.0
bg,50,0.000797981750965,0.0007973449760901,0.7979817509650005,26,26,52,0.0306916058063461,0,0.0,1.5,0.0006297973208006,0.0
bg,50,0.0009461612988498,0.0009452660776464,0.9461612988498812,30,30,60,0.0315387099616627,0,0.0,1.5,0.0009259601684995,0.0
bg,50,0.0006976260327862,0.0006971393507046,0.6976260327862747,24,24,48,0.0290677513660947,0,0.0,1.5,0.0007459118763147,0.0
bg,50,0.0006404735181698,0.0006400633118423,0.6404735181698342,16,16,32,0.0400295948856146,0,0.0,1.5,0.0006032731892514,0.0
bg,50,0.0006285599991883,0.0006281649115158,0.6285599991883872,25,25,50,0.0251423999675354,0,0.0,1.5,0.000550651996432,0.0
bg,50,0.0005875654040954,0.0005872201709913,0.5875654040954821,19,19,38,0.0309244949523937,0,0.0,1.5,0.0006625355391034,0.0
bg,50,0.0010221610331328,0.0010211162199551,1.0221610331328037,39,39,78,0.0262092572598154,0,0.0,1.5,0.0010133027606722,0.0
bg,50,0.0005638775058789,0.0005635595480372,0.5638775058789207,17,17,34,0.0331692650517012,0,0.0,1.5,0.0005145612383773,0.0
bg,50,0.0009025736870115,0.0009017590477511,0.9025736870115892,26,26,52,0.0347143725773688,0,0.0,1.5,0.0008852202899862,0.0
bg,50,0.0010018066619818,0.0010008030453938,1.0018066619818438,24,24,48,0.0417419442492434,0,0.0,1.5,0.0010528846361125,0.0
bg,50,0.0010428994481831,0.001041811808924,1.0428994481831175,31,31,62,0.0336419176833263,0,0.0,1.5,0.0009375487872481,0.0
bg,50,0.0011879124618524,0.0011865013258353,1.1879124618524075,31,31,62,0.0383197568339486,0,0.0,1.5,0.0012315838915523,0.0
bg,50,0.0007992739862676,0.0007986351473625,0.7992739862676359,17,17,34,0.0470161168392727,0,0.0,1.5,0.0006890997671156,0.0
bg,50,0.0005212175563386,0.0005209458885976,0.5212175563386587,21,21,42,0.0248198836351742,0,0.0,1.5,0.0005887981131782,0.0
bg,50,0.0011445195742282,0.0011432096491724,1.1445195742282834,26,26,52,0.0440199836241647,0,0.0,1.5,0.001092008071682,0.0
bg,50,0.0008736142324989,0.0008728510306717,0.8736142324989249,28,28,56,0.031200508303533,0,0.0,1.5,0.0007299261307241,0.0
bg,50,0.0010937320771569,0.0010925358273003,1.0937320771569323,30,30,60,0.036457735905231,0,0.0,1.5,0.0011462865383308,0.0
bg,50,0.000849128860276,0.0008484078404546,0.8491288602760534,38,38,76,0.022345496323054,0,0.0,1.5,0.0009881845686576,0.0
bg,50,0.0010605670687776,0.0010594422662702,1.0605670687776438,24,24,48,0.0441902945324018,0,0.0,1.5,0.0011494670785553,0.0
bg,50,0.0007965628187192,0.000795928306395,0.7965628187192415,21,21,42,0.0379315627961543,0,0.0,1.5,0.0007378988671324,0.0
bg,50,0.0008041159908484,0.0008034693883217,0.8041159908484872,24,24,48,0.0335048329520203,0,0.0,1.5,0.0007254017604826,0.0
bg,50,0.000911910230535,0.0009110786502664,0.911910230535002,25,25,50,0.0364764092214,0,0.0,1.5,0.0007986004069785,0.0
bg,50,0.0010902007487986,0.0010890122111259,1.0902007487986407,30,30,60,0.0363400249599546,0,0.0,1.5,0.0009079435086238,0.0
bg,50,0.0006169282148637,0.0006165476144414,0.6169282148637407,21,21,42,0.0293775340411305,0,0.0,1.5,0.0006313334755258,0.0
bg,50,0.0009694370394125,0.0009684972312391,0.9694370394125826,26,26,52,0.037286039977407,0,0.0,1.5,0.0010943441525825,0.0
bg,50,0.0009301845136073,0.0009293192703779,0.93018451360731,30,30,60,0.031006150453577,0,0.0,1.5,0.0010957387023535,0.0
bg,50,0.0007379408141654,0.0007373962575202,0.7379408141654125,27,27,54,0.0273311412653856,0,0.0,1.5,0.0008728498793728,0.0
bg,50,0.0007939143513072,0.00079328405131,0.7939143513072473,27,27,54,0.0294042352336017,0,0.0,1.5,0.0006646790716099,0.0
bg,50,0.0008476425462466,0.0009036558044017,0.8476425462466772,26,26,52,0.0326016363941029,0,0.0,1.5,0.0010368121098232,0.0
bg,50,0.0012514022815875,0.0012498362739171,1.2514022815875223,34,34,68,0.0368059494584565,0,0.0,1.5,0.0011469134346303,0.0
bg,50,0.0008423113837909,0.0008416018953236,0.8423113837909071,24,24,48,0.0350963076579544,0,0.0,1.5,0.0007881835989783,0.0
bg,50,0.0012761882508391,0.0012745595943875,1.2761882508391589,24,24,48,0.0531745104516316,0,0.0,1.5,0.0015703360518804,0.0
bg,50,0.0006865615298365,0.0006860901631023,0.6865615298365526,21,21,42,0.0326934061826929,0,0.0,1.5,0.0008621324242673,0.0
bg,50,0.0010877154021184,0.0010865322773223,1.087715402118402,29,29,58,0.0375074276592552,0,0.0,1.5,0.001270044085186,0.0
bg,50,0.0011518510016094,0.0011505242408795,1.1518510016094812,36,36,72,0.0319958611558189,0,0.0,1.5,0.0012246536836344,0.0
bg,50,0.0001410208887947,0.0001410010019037,0.1410208887947988,11,11,22,0.0128200807995271,0,0.0,1.5,0.0001007469590425,0.0
bg,50,0.0008232286771687,0.0008225509717138,0.8232286771687853,29,29,58,0.0283871957644408,0,0.0,1.5,0.0009944479988169,0.0
bg,50,0.0007467178200097,0.000746160232507,0.746717820009744,33,33,66,0.022627812727568,0,0.0,1.5,0.0006737248497252,0.0
bg,50,0.0008486356431212,0.0008479154606664,0.8486356431212201,27,27,54,0.0314309497452303,0,0.0,1.5,0.0008914299347002,0.0
bg,50,0.0007301634175818,0.0007296302789654,0.7301634175818705,25,25,50,0.0292065367032748,0,0.0,1.5,0.0008182280640202,0.0
bg,50,0.0007917291622627,0.0007911023271964,0.79172916226279,23,23,46,0.0344230070549039,0,0.0,1.5,0.0006498061326936,0.0
bg,50,0.0007552538687698,0.0007546834603635,0.7552538687698345,23,23,46,0.0328371247291232,0,0.0,1.5,0.0006553147072607,0.0
bg,50,0.0003574616679555,0.0003573338891115,0.3574616679555973,19,19,38,0.018813771997663,0,0.0,1.5,0.0004086743461838,0.0
bg,50,0.0007724652609745,0.0007718685583951,0.7724652609745144,24,24,48,0.0321860525406047,0,0.0,1.5,0.0007084855097786,0.0
bg,50,0.0006386701868414,0.0006382622872339,0.6386701868414981,24,24,48,0.0266112577850624,0,0.0,1.5,0.0004807019643515,0.0
bg,50,0.0006641784844959,0.0006637373514366,0.6641784844959329,19,19,38,0.0349567623418912,0,0.0,1.5,0.0004462466264076,0.0
bg,50,0.001092192977153,0.0010910000916537,1.0921929771530507,29,29,58,0.037661826798381,0,0.0,1.5,0.0012234814525291,0.0
bg,50,0.000734458165307,0.0007339187365104,0.7344581653070321,24,24,48,0.0306024235544596,0,0.0,1.5,0.0008782326058506,0.0
bg,50,0.0008978698375674,0.0008970636673222,0.8978698375674696,25,25,50,0.0359147935026987,0,0.0,1.5,0.0007781638207047,0.0
bg,50,0.0004961576075877,0.0004959114352161,0.4961576075877616,16,16,32,0.0310098504742351,0,0.0,1.5,0.0005145021606158,0.0
bg,50,0.0008252898056086,0.0008246087023453,0.8252898056086408,26,26,52,0.0317419156003323,0,0.0,1.5,0.0009779366233202,0.0
bg,50,0.0006146052227678,0.0006142274831879,0.6146052227678283,21,21,42,0.0292669153698965,0,0.0,1.5,0.0005112293772864,0.0
bg,50,0.0008209376770974,0.0008202637384278,0.820937677097497,26,26,52,0.0315745260422114,0,0.0,1.5,0.0006925251152684,0.0
bg,50,0.0007859125571416,0.0007852948985941,0.7859125571416463,27,27,54,0.0291078724867276,0,0.0,1.5,0.0007603110204179,0.0
bg,50,0.0012836874250887,0.0012820395716834,1.2836874250887895,36,36,72,0.0356579840302441,0,0.0,1.5,0.001347603002862,0.0
bg,50,0.00076312276515,0.0007625404087953,0.7631227651500438,22,22,44,0.034687398415911,0,0.0,1.5,0.0007245352144077,0.0
bg,50,0.0012413939890314,0.0012398529299954,1.2413939890314722,31,31,62,0.040044967388112,0,0.0,1.5,0.0014051198638384,0.0
bg,50,0.0011009862152123,0.0010997740445662,1.100986215212334,29,29,58,0.0379650419038735,0,0.0,1.5,0.001196833207008,0.0
bg,50,0.000976662803205,0.0009757089329739,0.9766628032050946,27,27,54,0.0361726964150035,0,0.0,1.5,0.000876573341725,0.0
bg,50,0.0015527630016025,0.0015503519286633,1.552763001602509,32,32,64,0.0485238438000784,0,0.0,1.5,0.0015753774539486,0.0
bg,50,0.0008393011096198,0.0008385966832672,0.8393011096198952,30,30,60,0.0279767036539965,0,0.0,1.5,0.0007817029383784,0.0
bg,50,0.0006490921855193,0.000648670864854,0.6490921855193967,20,20,40,0.0324546092759698,0,0.0,1.5,0.0006353260818806,0.0
bg,50,0.0010395352256485,0.0010384545921632,1.0395352256485944,31,31,62,0.0335333943757611,0,0.0,1.5,0.0009335351950544,0.0
bg,50,0.0009230695684194,0.0009222175109912,0.9230695684194306,34,34,68,0.0271491049535126,0,0.0,1.5,0.0008961588831488,0.0
bg,50,0.0009587084801335,0.0009577893581836,0.9587084801335468,25,25,50,0.0383483392053418,0,0.0,1.5,0.0009652179762609,0.0
bg,50,0.0006819381877484,0.0006814731480565,0.6819381877484477,23,23,46,0.0296494864238455,0,0.0,1.5,0.0007184441677577,0.0
bg,50,0.00098830172036,0.0009873249800695,0.9883017203600096,26,26,52,0.0380116046292311,0,0.0,1.5,0.0009556452746228,0.0
bg,50,0.0004416422316018,0.0004414471837411,0.441642231601854,21,21,42,0.0210305824572311,0,0.0,1.5,0.000449400101935,0.0
bg,50,0.0011175600273564,0.0011163110869417,1.117560027356447,28,28,56,0.0399128581198731,0,0.0,1.5,0.0012993107094481,0.0
bg,50,0.0004393665487021,0.0004391735057379,0.439366548702111,17,17,34,0.0258450911001241,0,0.0,1.5,0.000376100462221,0.0
bg,50,0.0007623571061559,0.0007617759177986,0.762357106155946,26,26,52,0.029321427159844,0,0.0,1.5,0.0008969680028841,0.0
bg,50,0.000848361662131,0.0008476419446212,0.8483616621310048,18,18,36,0.0471312034517224,0,0.0,1.5,0.0009869652447057,0.0
bg,50,0.0006496620239688,0.0006492399632234,0.649662023968844,21,21,42,0.0309362868556592,0,0.0,1.5,0.00068640235937,0.0
bg,50,0.0009993604151821,0.0009983616939427,0.9993604151821742,26,26,52,0.0384369390454682,0,0.0,1.5,0.0008823705040848,0.0
bg,50,0.0005343180316863,0.0005340325359273,0.5343180316863467,19,19,38,0.0281220016677024,0,0.0,1.5,0.000528724267325,0.0
bg,50,0.0002856839940488,0.0002856023787044,0.2856839940488811,14,14,28,0.02040599957492,0,0.0,1.5,0.0003455904302528,0.0
bg,50,0.0010628711317967,0.0010617414367539,1.0628711317967223,31,31,62,0.0342861655418297,0,0.0,1.5,0.0010765698935239,0.0
bg,50,0.0008662390568385,0.0008654886867349,0.8662390568385518,27,27,54,0.0320829280310574,0,0.0,1.5,0.0009919921622176,0.0
bg,50,0.0007718716713375,0.0007712758854605,0.771871671337589,20,20,40,0.0385935835668794,0,0.0,1.5,0.000915388391308,0.0
bg,50,0.0008179031661054,0.0008172342005162,0.8179031661054097,23,23,46,0.0355610072219743,0,0.0,1.5,0.0007521834605246,0.0
bg,50,0.000863642767809,0.0008628968889786,0.8636427678090719,27,27,54,0.0319867691781137,0,0.0,1.5,0.0009565169649976,0.0
bg,50,0.0008313320388633,0.0008306409259045,0.8313320388633585,24,24,48,0.0346388349526399,0,0.0,1.5,0.0006990613866335,0.0
bg,50,0.0006134861545192,0.0006131097892575,0.6134861545192969,21,21,42,0.0292136264056808,0,0.0,1.5,0.0009001024613824,0.0
bg,50,0.0006383713117777,0.000637963793846,0.6383713117777639,18,18,36,0.0354650728765424,0,0.0,1.5,0.0004470055352236,0.0
bg,50,0.0009424147623998,0.0009415266168154,0.9424147623998422,24,24,48,0.03926728176666,0,0.0,1.5,0.0010626153596332,0.0
bg,50,0.0005795531750939,0.0005792172932111,0.5795531750939489,25,25,50,0.0231821270037579,0,0.0,1.5,0.0005622298790362,0.0
bg,50,0.0007629624513755,0.0007623803396733,0.7629624513755715,22,22,44,0.0346801114261623,0,0.0,1.5,0.0007763066801746,0.0
bg,50,0.0009101407501458,0.0009093123939607,0.9101407501458354,25,25,50,0.0364056300058334,0,0.0,1.5,0.0006613111411883,0.0
bg,50,0.0011884563173954,0.0011870438889771,1.18845631739548,29,29,58,0.040981252323982,0,0.0,1.5,0.0010718785114769,0.0
bg,50,0.0008648166626875,0.0008640687548275,0.8648166626875948,27,27,54,0.0320302467662072,0,0.0,1.5,0.0006862201354781,0.0
bg,50,0.0010006873042995,0.0009996859292185,1.0006873042995457,30,30,60,0.0333562434766515,0,0.0,1.5,0.0009323684467475,0.0
bg,50,0.0008459856084195,0.0008452699167699,0.845985608419582,24,24,48,0.0352494003508159,0,0.0,1.5,0.0008079906173861,0.0
bg,50,0.0008983385385419,0.0008975315264121,0.8983385385419371,22,22,44,0.0408335699337244,0,0.0,1.5,0.0009663691452423,0.0
bg,50,0.0007461229782676,0.0007455662787689,0.7461229782676568,26,26,52,0.0286970376256791,0,0.0,1.5,0.0006087836319839,0.0
bg,50,0.0005086087331526,0.0005083500503092,0.5086087331526628,21,21,42,0.0242194634834601,0,0.0,1.5,0.0005799888064512,0.0
bg,50,0.0004783786667472,0.0004781498205984,0.4783786667472434,21,21,42,0.0227799365117734,0,0.0,1.5,0.0006198319951483,0.0
bg,50,0.0011087305320123,0.0011075012486197,1.1087305320123733,30,30,60,0.0369576844004124,0,0.0,1.5,0.0010625464726928,0.0
bg,50,0.0006318148904503,0.0006314157003945,0.6318148904503325,25,25,50,0.0252725956180133,0,0.0,1.5,0.0009334812439545,0.0
bg,50,0.0008894747555568,0.000888683590216,0.889474755556833,27,27,54,0.0329435094650678,0,0.0,1.5,0.0011846255698745,0.0
bg,50,0.0012581695853312,0.0012565865946257,1.2581695853312511,33,33,66,0.0381263510706439,0,0.0,1.5,0.001220617080448,0.0
bg,50,0.000802497086405,0.0008018530848313,0.8024970864050731,24,24,48,0.0334373786002113,0,0.0,1.5,0.0008970617567498,0.0
bg,50,0.0011393739536386,0.0011405754230837,1.1393739536386749,22,22,44,0.0517897251653943,0,0.0,1.5,0.0008100373393015,0.0
bg,50,0.0012140321558457,0.0012125582817702,1.2140321558457252,34,34,68,0.0357068281131095,0,0.0,1.5,0.0009954458791678,0.0
bg,50,0.0006925348751868,0.0006920552706335,0.692534875186885,21,21,42,0.0329778511993754,0,0.0,1.5,0.0006691534093969,0.0
bg,50,0.0007200600555896,0.0007195415691059,0.7200600555896273,26,26,52,0.0276946175226779,0,0.0,1.5,0.0008240514100984,0.0
bg,50,0.0003921679267554,0.0003920141310726,0.3921679267554125,17,17,34,0.0230687015738478,0,0.0,1.5,0.0004521467328424,0.0
bg,50,0.0008865352021872,0.0008857492575225,0.8865352021872255,25,25,50,0.035461408087489,0,0.0,1.5,0.0008371482348011,0.0
bg,50,0.0004817871923971,0.0004815550734983,0.4817871923971566,15,15,30,0.0321191461598104,0,0.0,1.5,0.0004429699671535,0.0
bg,50,0.0012281367956049,0.0012266284756161,1.228136795604918,23,23,46,0.0533972519828225,0,0.0,1.5,0.0012048059983343,0.0
bg,50,0.0007924016353109,0.0007917737349592,0.7924016353109096,21,21,42,0.0377334112052814,0,0.0,1.5,0.0006835182984867,0.0
bg,50,0.0008102826026601,0.0008096260447639,0.8102826026601662,30,30,60,0.0270094200886722,0,0.0,1.5,0.0006173149099661,0.0
bg,50,0.0010354982368361,0.0010344259802376,1.0354982368361665,25,25,50,0.0414199294734466,0,0.0,1.5,0.001038930722015,0.0
bg,50,0.000733200002661,0.0007326624204171,0.7332000026610181,25,25,50,0.0293280001064407,0,0.0,1.5,0.0008139315528126,0.0
bg,50,0.0006065074722459,0.000606139620932,0.6065074722459585,21,21,42,0.0288813082021885,0,0.0,1.5,0.0005817873364491,0.0
bg,50,0.0016478975271154,0.0016451819608556,1.6478975271154752,40,40,80,0.0411974381778868,0,0.0,1.5,0.0016832856887087,0.0
bg,50,0.0008655188145728,0.0008647696917545,0.8655188145728872,24,24,48,0.0360632839405369,0,0.0,1.5,0.0008749052245438,0.0
bg,50,0.0011394820060577,0.0011381835868155,1.1394820060577011,27,27,54,0.0422030372613963,0,0.0,1.5,0.0011083169475653,0.0
bg,50,0.00107731074111,0.0010761501426771,1.0773107411100469,30,30,60,0.0359103580370015,0,0.0,1.5,0.0009378524981346,0.0
bg,50,0.0010184144432448,0.0010173772752666,1.0184144432448503,20,20,40,0.0509207221622425,0,0.0,1.5,0.0009334848826293,0.0
bg,50,0.001251960620078,0.0012503932146837,1.2519606200780071,31,31,62,0.0403858264541292,0,0.0,1.5,0.0014802183213318,0.0
bg,50,0.0010091193544428,0.0010081010325713,1.0091193544428947,29,29,58,0.0347972191187205,0,0.0,1.5,0.0007954136495806,0.0
bg,50,0.0012685264524549,0.0012669172930943,1.268526452454907,29,29,58,0.0437422914639623,0,0.0,1.5,0.0015100108535538,0.0
bg,50,0.0011661685721532,0.0011648086230146,1.1661685721532908,35,35,70,0.0333191020615225,0,0.0,1.5,0.0011326656177184,0.0
bg,50,0.0013490029240879,0.0013471831151987,1.3490029240879662,35,35,70,0.0385429406882276,0,0.0,1.5,0.0018009473992077,0.0
bg,50,0.0007378320258337,0.0007372876297354,0.7378320258337894,29,29,58,0.025442483649441,0,0.0,1.5,0.0007141857309605,0.0
bg,50,0.000903165704013,0.0009269347442512,0.9031657040130128,30,30,60,0.0301055234671004,1,0.001,1.5,0.0011379381135225,1.340926434190675
bg,50,0.0006372773886489,0.0006368712661788,0.637277388648954,25,25,50,0.0254910955459581,0,0.0,1.5,0.0007129266539082,0.0
bg,50,0.0009723832399875,0.0009714377108221,0.972383239987586,33,33,66,0.0294661587875026,0,0.0,1.5,0.000973708504905,0.0
bg,50,0.0008968823056203,0.0008960779077502,0.8968823056203976,24,24,48,0.0373700960675165,0,0.0,1.5,0.0010626270980827,0.0
bg,50,0.0010520875522257,0.0010509806640082,1.052087552225759,31,31,62,0.0339383081363147,0,0.0,1.5,0.0009733088843509,0.0
bg,50,0.0009329656861471,0.0009320952611755,0.9329656861471038,27,27,54,0.0345542846721149,0,0.0,1.5,0.0010901015347601,0.0
bg,50,0.0007579286128253,0.0007573541570432,0.7579286128253955,33,33,66,0.0229675337219816,0,0.0,1.5,0.0007674205592301,0.0
bg,50,0.0006404018844468,0.0006399917698732,0.6404018844468169,23,23,46,0.0278435601933398,0,0.0,1.5,0.0004289236381392,0.0
bg,50,0.0008820434000473,0.0008812653994877,0.8820434000473014,30,30,60,0.0294014466682433,0,0.0,1.5,0.0009946453561265,0.0
bg,50,0.0007178726475607,0.0007173573064226,0.7178726475607604,22,22,44,0.0326305748891254,0,0.0,1.5,0.0008411707108888,0.0
bg,50,0.0008118719127262,0.0008112127767236,0.8118719127262928,28,28,56,0.0289954254545104,0,0.0,1.5,0.0010125335125722,0.0
bg,50,0.000704790061618,0.0007042933325871,0.7047900616180769,21,21,42,0.0335614315056227,0,0.0,1.5,0.0007936863936843,0.0
bg,50,0.001047021552254,0.0010459252981231,1.0470215522540158,24,24,48,0.0436258980105839,0,0.0,1.5,0.0009411890078052,0.0
bg,50,0.0007228970847198,0.0007223745045248,0.7228970847198966,21,21,42,0.0344236707009474,0,0.0,1.5,0.0007885636445302,0.0
bg,50,0.0009789601821014,0.0009780018190632,0.9789601821014102,24,24,48,0.0407900075875587,0,0.0,1.5,0.0012461029933468,0.0
bg,50,0.000688554583462,0.0006880804760476,0.6885545834620785,22,22,44,0.0312979356119126,0,0.0,1.5,0.0008261954712035,0.0
bg,50,0.0003830579344945,0.0003829112011133,0.3830579344945519,17,17,34,0.0225328196761501,0,0.0,1.5,0.0003924129667479,0.0
bg,50,0.001051268231856,0.0010501630669607,1.0512682318560902,29,29,58,0.0362506286846927,0,0.0,1.5,0.0011369022796723,0.0
bg,50,0.0011761704423501,0.0011747870654406,1.1761704423501058,28,28,56,0.0420060872267894,0,0.0,1.5,0.0011947912788659,0.0
bg,50,0.0007556105352694,0.0007550395879884,0.7556105352694651,22,22,44,0.0343459334213393,0,0.0,1.5,0.0006804122997662,0.0
bg,50,0.000800787159781,0.0008001458997057,0.800787159781025,25,25,50,0.032031486391241,0,0.0,1.5,0.0008764766940235,0.0
bg,50,0.0009377207842644,0.0009368414639952,0.937720784264492,28,28,56,0.0334900280094461,0,0.0,1.5,0.0007340881275968,0.0
bg,50,0.000699716823624,0.0006992272199907,0.6997168236240157,27,27,54,0.0259154379120005,0,0.0,1.5,0.0006173686213456,0.0
bg,50,0.0008425499086255,0.0008418400182769,0.8425499086255215,28,28,56,0.0300910681651971,0,0.0,1.5,0.0007612010241577,0.0
bg,50,0.0010134037450017,0.0010123767578514,1.0134037450017883,27,27,54,0.0375334720371032,0,0.0,1.5,0.0011618599698185,0.0
bg,50,0.0009204240739286,0.0009195768934527,0.9204240739286184,33,33,66,0.0278916386038975,0,0.0,1.5,0.0007404095666456,0.0
bg,50,0.000844332700728,0.0008436198030185,0.8443327007280885,23,23,46,0.0367101174229603,0,0.0,1.5,0.0007125688275174,0.0
bg,50,0.0012519172451587,0.00125034994837,1.2519172451587377,31,31,62,0.040384427263185,0,0.0,1.5,0.0012279684070625,0.0
bg,50,0.0007760163049326,0.0007754141036271,0.7760163049326962,29,29,58,0.0267591829287136,0,0.0,1.5,0.000754162597492,0.0
bg,50,0.0007130299158871,0.0007125215042261,0.7130299158871267,23,23,46,0.0310013006907446,0,0.0,1.5,0.0008590367374224,0.0
bg,50,0.0006505177485861,0.0006500945752448,0.6505177485861253,18,18,36,0.0361398749214514,0,0.0,1.5,0.0007553158070251,0.0
bg,50,0.0007861681822546,0.0007855501218438,0.7861681822546416,29,29,58,0.0271092476639531,0,0.0,1.5,0.0008360987175316,0.0
bg,50,0.0008306638325292,0.0008299738301265,0.8306638325292468,24,24,48,0.0346109930220519,0,0.0,1.5,0.0009673597884513,0.0
bg,50,0.0006294156650464,0.000629019500967,0.6294156650464764,20,20,40,0.0314707832523238,0,0.0,1.5,0.000549559025348,0.0
bg,50,0.0009102040827329,0.0009093756112607,0.9102040827329744,22,22,44,0.0413729128514988,0,0.0,1.5,0.0010170803930733,0.0
bg,50,0.001393533895902,0.001391591959183,1.3935338959020358,34,34,68,0.0409862910559422,0,0.0,1.5,0.0009147725963756,0.0
bg,50,0.0006527172882081,0.0006522912483498,0.6527172882081516,23,23,46,0.0283790125307892,0,0.0,1.5,0.0006417895806815,0.0
bg,50,0.0008044976646497,0.0008038504481573,0.8044976646497304,31,31,62,0.0259515375693461,0,0.0,1.5,0.0007966604863119,0.0
bg,50,0.0005368252771862,0.000536537095808,0.5368252771862814,22,22,44,0.0244011489630127,0,0.0,1.5,0.0003863757823913,0.0
bg,50,0.0007670747882394,0.0007664863845086,0.7670747882394444,23,23,46,0.033351077749541,0,0.0,1.5,0.000931323120385,0.0
bg,50,0.000661497490044,0.0006610599111147,0.6614974900440842,21,21,42,0.0314998804782897,0,0.0,1.5,0.0007806557514932,0.0
bg,50,0.0007375161642335,0.0007369722341409,0.7375161642335044,27,27,54,0.0273154134901297,0,0.0,1.5,0.0009175520626357,0.0
bg,50,0.0010217166599068,0.0010206727549736,1.021716659906822,32,32,64,0.0319286456220881,0,0.0,1.5,0.0008631315806311,0.0
bg,50,0.0006355168939976,0.000635113012275,0.6355168939976035,27,27,54,0.0235376627406519,0,0.0,1.5,0.0006433602836038,0.0
bg,50,0.0006194935980014,0.0006191098256835,0.6194935980014762,20,20,40,0.0309746799000738,0,0.0,1.5,0.000672323652975,0.0
bg,50,0.0008501531351884,0.0008494303748351,0.8501531351884211,23,23,46,0.0369631797908009,0,0.0,1.5,0.0007667595552021,0.0
bg,50,0.0003899510464508,0.0003897989846321,0.3899510464508182,20,20,40,0.0194975523225409,0,0.0,1.5,0.0003328736427473,0.0
bg,50,0.0008196230545705,0.0008189512726189,0.8196230545705774,25,25,50,0.0327849221828231,0,0.0,1.5,0.0007858463577144,0.0
bg,50,0.0009766558467297,0.0009757019900868,0.97665584672977,32,32,64,0.0305204952103053,0,0.0,1.5,0.0009184117123177,0.0
bg,50,0.0007698381419524,0.0007692454911876,0.7698381419524445,28,28,56,0.0274942193554444,0,0.0,1.5,0.0008573966840967,0.0
bg,50,0.0006887412038113,0.0006882668393655,0.6887412038113778,27,27,54,0.0255089334744954,0,0.0,1.5,0.0005680125095192,0.0
bg,50,0.0015017461910882,0.0014994909494657,1.501746191088218,39,39,78,0.0385063125920055,0,0.0,1.5,0.0012936340295283,0.0
bg,50,0.0005769511379263,0.0005766182653107,0.5769511379263026,18,18,36,0.0320528409959057,0,0.0,1.5,0.0005881851038883,0.0
bg,50,0.0006675393196848,0.0006670937109415,0.6675393196848916,26,26,52,0.0256745892186496,0,0.0,1.5,0.0008511001836752,0.0
bg,50,0.0010898446314974,0.0010886568701766,1.0898446314974422,37,37,74,0.0294552603107416,0,0.0,1.5,0.0012140390476147,0.0
bg,50,0.0008424449009901,0.0008417351875789,0.8424449009901593,22,22,44,0.0382929500450072,0,0.0,1.5,0.0008573104457046,0.0
bg,50,0.0003589487387493,0.0003588198945522,0.3589487387493051,15,15,30,0.0239299159166203,0,0.0,1.5,0.0003624150779089,0.0
bg,50,0.0010871141087606,0.0010859322916752,1.087114108760673,27,27,54,0.0402634855096545,0,0.0,1.5,0.0012093004857664,0.0
bg,50,0.0009139145486261,0.0009130793088239,0.9139145486261652,32,32,64,0.0285598296445676,0,0.0,1.5,0.0007942091784593,0.0
bg,50,0.0012799179400147,0.0012782797500816,1.279917940014796,29,29,58,0.0441351013798205,0,0.0,1.5,0.0009476595997833,0.0
bg,50,0.0004243894164123,0.0004242093100355,0.4243894164123389,21,21,42,0.0202090198291589,0,0.0,1.5,0.0002815213986391,0.0
bg,50,0.0006637484623189,0.0006633079002977,0.6637484623189778,27,27,54,0.0245832763821843,0,0.0,1.5,0.0008377178173232,0.0
bg,50,0.000666698443701,0.0006662539568861,0.6666984437010228,26,26,52,0.0256422478346547,0,0.0,1.5,0.0006366840136511,0.0
bg,50,0.00094281835275,0.0009419294463037,0.9428183527500522,29,29,58,0.0325109776810362,0,0.0,1.5,0.0008870997462023,0.0
bg,50,0.0008565073080467,0.000855773703278,0.8565073080467638,26,26,52,0.0329425887710293,0,0.0,1.5,0.0009615012490744,0.0
bg,50,0.0012033565173634,0.0012019084504555,1.2033565173634742,30,30,60,0.0401118839121158,0,0.0,1.5,0.0011463736847176,0.0
bg,50,0.0013230943003699,0.0013213437218423,1.3230943003699736,30,30,60,0.0441031433456657,0,0.0,1.5,0.0014464630609893,0.0
bg,50,0.0010343350454466,0.0010332651964604,1.0343350454466955,28,28,56,0.0369405373373819,0,0.0,1.5,0.0009214756787616,0.0
bg,50,0.000975126929417,0.0009741760568886,0.9751269294170832,29,29,58,0.0336250665316235,0,0.0,1.5,0.0009124733423667,0.0
bg,50,0.001013059225384,0.0010796588283737,1.0130592253840265,29,29,58,0.0349330767373802,1,0.001,1.5,0.0010864875056984,0.9328425801728266
bg,50,0.0009865167649984,0.0009855435496708,0.9865167649984272,27,27,54,0.0365376579629047,0,0.0,1.5,0.001011354472144,0.0
bg,50,0.0005112917947693,0.0005618626143485,0.5112917947693916,18,18,36,0.0284050997094106,1,0.001,1.5,0.000615465689515,1.1811006186312736
bg,50,0.0012137400121572,0.0012122668473401,1.2137400121572313,36,36,72,0.0337150003377008,0,0.0,1.5,0.001229793540633,0.0
bg,50,0.0007792458665677,0.0007786386424471,0.7792458665677504,26,26,52,0.0299709948679904,0,0.0,1.5,0.000770103830854,0.0
bg,50,0.0005546338055536,0.0005543261868954,0.5546338055536779,22,22,44,0.0252106275251671,0,0.0,1.5,0.0006109039700286,0.0
bg,50,0.0005838146131451,0.0005834737736426,0.5838146131451651,15,15,30,0.0389209742096776,0,0.0,1.5,0.0005582393386605,0.0
bg,50,0.0006090915179844,0.0006087205255072,0.6090915179844956,22,22,44,0.0276859780902043,0,0.0,1.5,0.000544103760738,0.0
bg,50,0.0008991575707583,0.0008983490864212,0.8991575707583053,22,22,44,0.040870798670832,0,0.0,1.5,0.0012647055783881,0.0
bg,50,0.0006982600814433,0.000697772514302,0.6982600814433724,26,26,52,0.0268561569785912,0,0.0,1.5,0.0008022876182772,0.0
bg,50,0.0007135112829397,0.0007130021845888,0.7135112829397343,25,25,50,0.0285404513175893,0,0.0,1.5,0.0005953257770548,0.0
bg,50,0.0008695036446226,0.0008687476080346,0.8695036446226183,27,27,54,0.0322038386897266,0,0.0,1.5,0.0007223965200504,0.0
bg,50,0.0010546953999847,0.0010535830175979,1.0546953999847446,24,24,48,0.043945641666031,0,0.0,1.5,0.0011210600110083,0.0
bg,50,0.0006858484722672,0.0006853780841403,0.6858484722672427,24,24,48,0.0285770196778017,0,0.0,1.5,0.0006824246232274,0.0
bg,50,0.0008374395719807,0.000836738266944,0.8374395719807999,33,33,66,0.0253769567266909,0,0.0,1.5,0.0009706961245561,0.0
bg,50,0.0009678829273844,0.0009669461300232,0.9678829273844088,27,27,54,0.0358475158290521,0,0.0,1.5,0.0010869876751483,0.0
bg,50,0.0005417650320598,0.0005414715227098,0.5417650320598622,20,20,40,0.0270882516029931,1,0.001,1.5,0.0004720188336436,0.9625484723963846
ag,50,1.9836422015836317,1.3099716287705705,1983.6422015836315,1948,1948,3896,1.0182968180614125,3352,3.352,2.0,1.4302144909728487,2823.7356682543746
ag,50,0.6822170446726384,0.4570046150187356,682.2170446726384,684,683,1367,0.9988536525221644,360,0.36,2.0,0.477384692659445,371.2104722953048
ag,50,0.6602427670693511,0.4517896122153128,660.2427670693511,653,653,1306,1.0110915269055911,299,0.299,2.0,0.4919563011221553,307.7073003552817
ag,50,1.3259503419012757,0.8714482852228979,1325.9503419012758,1339,1338,2677,0.9909942764583526,1643,1.643,2.0,0.9156552258805908,1213.2400185346246
ag,50,0.6806831547483503,0.4427205274033182,680.6831547483503,700,700,1400,0.9724045067833575,353,0.353,2.0,0.5324731764716467,300.6198567249107
ag,50,1.949152250981289,1.350543872850308,1949.1522509812892,1958,1954,3912,0.9975190639617652,3420,3.42,2.0,1.474582691687362,3403.496852622702
ag,50,1.3004270693049935,0.8654749778810276,1300.4270693049934,1308,1306,2614,0.995732824888969,1521,1.521,2.0,0.9685812034462888,1658.072841572023
ag,50,1.888609388507399,1.2652950359692885,1888.609388507399,1936,1934,3870,0.9765301905415712,3168,3.168,2.0,1.198065933199168,3888.577192952308
ag,50,2.1669769012067652,1.481021243853622,2166.9769012067654,2191,2188,4379,0.9903916367489788,4179,4.179,2.0,1.3709913846591526,4022.19674938431
ag,50,0.6695239237290278,0.4353795532476811,669.5239237290278,648,648,1296,1.0332159316805984,331,0.331,2.0,0.5180170041561012,358.72759252701206
ag,50,2.2899192360193537,1.5431540311745762,2289.919236019354,2256,2255,4511,1.0154852487890704,4773,4.773,2.0,1.3901607020705455,5145.619301116867
ag,50,2.27494033503349,1.5133212891136658,2274.9403350334896,2268,2267,4535,1.003502573900966,4510,4.51,2.0,1.2625600577434175,4421.384929831958
ag,50,0.7014729859354208,0.4564717781438502,701.4729859354209,638,638,1276,1.0994874387702522,292,0.292,2.0,0.5727440747142891,318.6246264555537
ag,50,1.3188005308093993,0.8312392193668329,1318.800530809399,1389,1388,2777,0.9501444746465412,1621,1.621,2.0,0.6044745918928172,1455.9727878636122
ag,50,1.0036482899915196,0.6817260700851283,1003.6482899915196,1006,1006,2012,0.9976623160949498,893,0.893,2.0,0.7076830241504747,857.1200617493402
ag,50,1.7125493480017302,1.1392352479586114,1712.54934800173,1667,1666,3333,1.027940785115084,2463,2.463,2.0,1.2743275413873243,2411.8649592133656
ag,50,2.555441693995563,1.7440038153538733,2555.4416939955627,2625,2621,5246,0.9749872926347052,5859,5.859,2.0,2.1023167464097816,6007.009355421778
ag,50,2.5527204843147735,1.631571948762616,2552.7204843147733,2495,2493,4988,1.0239552684776467,5559,5.559,2.0,1.3338178695099243,5893.315126970706
ag,50,1.646120179597369,1.1047876121541824,1646.120179597369,1629,1629,3258,1.0105096252899748,2277,2.277,2.0,1.004813596557364,2884.7901307164093
ag,50,1.647583576198998,1.1493956424354357,1647.583576198998,1656,1656,3312,0.994917618477656,2301,2.301,2.0,1.439888994691143,2569.0045948057636
ag,50,2.3161651363689306,1.505699582002737,2316.1651363689307,2265,2263,4528,1.0234932109451749,4505,4.505,2.0,1.531977502304274,3613.536873959072
ag,50,0.9704630487713496,0.6372323198623576,970.4630487713496,979,977,1956,0.9933091594384336,734,0.734,2.0,0.60315533512733,699.2979480175121
ag,50,0.6825059554428451,0.4464991223858555,682.5059554428451,697,697,1394,0.9792051010657749,350,0.35,2.0,0.3398695326638826,327.45982996165037
ag,50,1.927156670746604,1.263473618201635,1927.156670746604,1972,1972,3944,0.9772599750236328,3459,3.459,2.0,1.4197123966501473,2679.9373765664095
ag,50,0.0,0.0,0.0,0,0,0,,0,0.0,2.0,0.0,0.0
ag,50,2.2561181063019276,1.5210359453380429,2256.1181063019276,2267,2266,4533,0.9956390583856696,4665,4.665,2.0,1.332361138027162,4083.9425722117217
ag,50,2.9328363396246715,1.852250540762694,2932.8363396246714,2960,2958,5918,0.991493015424162,7678,7.678,2.0,1.5509633633580535,5852.669582001432
ag,50,1.0192670856152497,0.6471251636345938,1019.2670856152496,1030,1028,2058,0.9915049470965464,854,0.854,2.0,0.6665581938249427,745.3837971452815
ag,50,1.3068099048092785,0.857669414319389,1306.8099048092786,1303,1300,2603,1.0052383883148297,1591,1.591,2.0,0.8852946318521734,1570.3632350865366
ag,50,1.6274103381512373,1.0190046817068867,1627.4103381512373,1621,1618,3239,1.0058160309958204,2363,2.363,2.0,0.981401275379229,1875.256934686324
ag,50,2.265566315093829,1.5108374303517496,2265.5663150938285,2278,2276,4554,0.9954157799182024,4575,4.575,2.0,1.4778456766757428,5162.198195840331
ag,50,1.2495176872938527,0.8502322398035445,1249.5176872938528,1299,1298,2597,0.9626484493789312,1420,1.42,2.0,1.011185475919594,1594.4581120657729
ag,50,1.2624873421237837,0.8257436792428354,1262.4873421237835,1294,1293,2587,0.9764016567082628,1524,1.524,2.0,0.7945720767431521,1411.2727781368797
ag,50,0.3643952505343815,0.2316113519223668,364.3952505343815,345,344,689,1.059288518995295,73,0.073,2.0,0.2522978891021447,88.45121770606674
ag,50,0.979229963857361,0.6866191177768864,979.2299638573612,958,957,1915,1.023228802358789,793,0.793,2.0,0.7185915336932318,541.5315934808538
ag,50,0.9945093306953522,0.6644068615161239,994.5093306953522,970,970,1940,1.0252673512323218,834,0.834,2.0,0.5720474167629217,707.0160791967131
ag,50,0.9474939009678016,0.6112285306219702,947.4939009678018,1011,1010,2021,0.9381127732354472,851,0.851,2.0,0.5566769496193202,839.6814444215976
ag,50,1.6780608137884063,1.0491055975068646,1678.0608137884064,1678,1676,3354,1.0012296024990492,2456,2.456,2.0,0.8827909174118883,3083.501046687497
ag,50,1.3110126068101449,0.8746043492099764,1311.012606810145,1271,1270,2541,1.0322933911890906,1451,1.451,2.0,0.972556944258382,1272.9697201345914
ag,50,1.6746504324811609,1.0736203213510935,1674.6504324811608,1653,1651,3304,1.0143249136772627,2492,2.492,2.0,1.286582650914409,2557.2978323699303
ag,50,1.592717657719204,1.0725109943383313,1592.717657719204,1682,1681,3363,0.947482247304702,2349,2.349,2.0,1.019570122696225,1885.0987014727748
ag,50,1.6344287204280872,1.07106238308668,1634.4287204280872,1600,1598,3198,1.0227964458248355,2158,2.158,2.0,1.0331099596065052,1968.4036252133888
ag,50,1.975843155213919,1.2650406331302804,1975.843155213919,1949,1947,3896,1.014814152652244,3440,3.44,2.0,1.0943394282337149,3998.572121281928
ag,50,0.6447015255471872,0.438179570931143,644.7015255471872,653,652,1305,0.9888060207778944,293,0.293,2.0,0.3813979183775369,296.0611817375113
ag,50,1.285071574523521,0.8429360674496251,1285.0715745235211,1343,1343,2686,0.9568663994962928,1457,1.457,2.0,0.7950351148175692,1043.2618494023338
ag,50,2.0373375943689815,1.3090066190787952,2037.3375943689816,1957,1955,3912,1.0421164165570238,3512,3.512,2.0,1.513731790707436,3621.247403546356
ag,50,1.3293963651134428,0.8437783897605193,1329.396365113443,1328,1328,2656,1.0010514797540986,1502,1.502,2.0,0.7592568053029688,1146.5928738288148
ag,50,1.2967989244355418,0.8623609341722186,1296.7989244355415,1307,1307,2614,0.9921950454747832,1494,1.494,2.0,0.890636098606017,1541.707488880217
ag,50,2.5873613505351067,1.7269158312172712,2587.361350535107,2619,2617,5236,0.9886745703229296,5984,5.984,2.0,1.4479364241278172,6449.492507595048
ag,50,0.983688933877084,0.6823189098593421,983.688933877084,1038,1038,2076,0.9476772002669404,766,0.766,2.0,0.5005554468498896,759.9328380123237
ag,50,1.3261659074666343,0.8830815542135715,1326.1659074666345,1320,1320,2640,1.0046711420201777,1572,1.572,2.0,1.0877414261657408,1755.4820091581714
ag,50,1.5678474157728888,1.0337455018161017,1567.8474157728888,1622,1620,3242,0.967807046773388,2227,2.227,2.0,1.251151617794166,2320.081326524581
ag,50,2.2603562099507144,1.4971200038126231,2260.3562099507144,2267,2263,4530,0.9988317321920964,4560,4.56,2.0,1.1380857685078518,4355.275325826432
ag,50,1.9073255319755311,1.3433689082630218,1907.3255319755312,1974,1973,3947,0.9667133968451757,3384,3.384,2.0,1.3223693544101278,3345.958630245795
ag,50,1.0134392272868316,0.641147862065976,1013.4392272868316,1033,1033,2066,0.9810641116039028,839,0.839,2.0,0.7151293491710838,865.4156921870057
ag,50,1.9515076811926884,1.357097711888895,1951.5076811926883,1974,1973,3947,0.9891067821554428,3363,3.363,2.0,1.1266619318218398,3757.9062367293
ag,50,0.6673604672529346,0.4509441977711499,667.3604672529347,669,668,1337,0.9990426156481058,324,0.324,2.0,0.5034028960787221,238.58050459234323
ag,50,2.5773913385654814,1.6378313116054892,2577.3913385654814,2540,2537,5077,1.0159209060171388,5791,5.791,2.0,1.1723596802356155,6128.392297042927
ag,50,0.6328235555576808,0.4481779351036737,632.8235555576807,682,681,1363,0.9292563224048176,327,0.327,2.0,0.3752043876374785,298.9174451458151
ag,50,1.625525903351499,1.0339293958446325,1625.525903351499,1620,1619,3239,1.0040308235648543,2409,2.409,2.0,1.161829375671554,1935.7720651689708
ag,50,0.6467368834025314,0.4453910600630182,646.7368834025315,637,637,1274,1.0152855312441624,376,0.376,2.0,0.4062783219131047,421.6784876963244
ag,50,0.6759042773620993,0.431063869882774,675.9042773620994,697,696,1393,0.9711268352903728,338,0.338,2.0,0.3525075042820763,322.15527615174994
ag,50,1.6081891167461655,1.0844911114695934,1608.1891167461656,1656,1654,3310,0.9723029726397616,2399,2.399,2.0,1.144201416722489,1814.9051733477704
ag,50,2.6691136069653516,1.7095126579969238,2669.1136069653517,2600,2597,5197,1.0277680427282834,6176,6.176,2.0,1.8855606552070736,4920.4296996840885
ag,50,1.6185731949982696,1.0183442510709133,1618.5731949982696,1645,1644,3289,0.9845335735999208,2451,2.451,2.0,1.179960228321398,2620.7948813094163
ag,50,1.9280434573827585,1.269365875016799,1928.0434573827583,1975,1971,3946,0.9782057115082488,3545,3.545,2.0,1.1696629154758171,3673.897836706048
ag,50,2.2927375581405447,1.5369713406326446,2292.7375581405445,2264,2264,4528,1.0126932677299223,4763,4.763,2.0,1.6678735393291588,5020.77050756501
ag,50,1.298634027895314,0.8326455947413332,1298.634027895314,1318,1316,2634,0.9868039725648282,1431,1.431,2.0,0.9081943363256054,1299.5477381496787
ag,50,2.6094935888486326,1.7158876803416847,2609.4935888486325,2572,2568,5140,1.0161579395828009,6089,6.089,2.0,1.5786378226457347,7645.997164318241
ag,50,1.3449227785179083,0.8545774756664457,1344.9227785179082,1336,1334,2670,1.0081879898934845,1480,1.48,2.0,0.8968401824825197,1687.276880277038
ag,50,3.41984534977733,2.2476094000448303,3419.84534977733,3496,3494,6990,0.9787765740633456,10867,10.867,2.0,2.178404369894577,12630.768217492268
ag,50,0.992237988538052,0.6343184317992002,992.237988538052,988,988,1976,1.0042894620830485,787,0.787,2.0,0.7289223911455412,790.2503682527929
ag,50,2.294982893411246,1.5049662646566488,2294.982893411246,2246,2245,4491,1.0222640950606887,4568,4.568,2.0,1.6996490466567489,5324.356541196991
ag,50,1.3144284720698092,0.8821658410785749,1314.4284720698092,1283,1283,2566,1.0244960811144266,1382,1.382,2.0,0.8848256117863991,1327.0085864376847
ag,50,2.0398514868591495,1.3645466595238631,2039.8514868591496,2026,2026,4052,1.0068368641950391,3783,3.783,2.0,1.4542148122457954,3353.9084199236627
ag,50,1.0201118255712898,0.6367244654831073,1020.1118255712896,984,982,1966,1.0388104130053868,843,0.843,2.0,0.5927117499063143,838.4177686940986
ag,50,1.3136688803144434,0.9062219344290696,1313.6688803144434,1301,1300,2601,1.0105145233188026,1527,1.527,2.0,0.7011050499571476,1426.1224878992102
ag,50,0.9416513116921472,0.6427638312517178,941.6513116921471,955,954,1909,0.9870558822768838,805,0.805,2.0,0.6167733407345958,604.3629438148466
ag,50,1.3142508085662368,0.8349125552919537,1314.2508085662369,1313,1312,2625,1.0017155553096315,1568,1.568,2.0,0.9715505003494104,1459.347277296711
ag,50,1.3329600703465112,0.8756737959058248,1332.9600703465112,1296,1293,2589,1.0309049267954455,1474,1.474,2.0,0.6388736158732932,1357.06453326537
ag,50,1.9485923142544797,1.343841134266331,1948.5923142544796,1938,1938,3876,1.005465590430588,3402,3.402,2.0,1.402971076518081,2584.605077824181
ag,50,2.211820171901498,1.418380852009758,2211.820171901498,2282,2278,4560,0.9709482756371808,4565,4.565,2.0,1.692221094838746,5348.969602422901
ag,50,1.7285745951667209,1.0874691972834072,1728.5745951667209,1659,1655,3314,1.044455948741221,2492,2.492,2.0,1.0246638389572154,2069.144684481792
ag,50,1.6319379578302031,1.084115298830597,1631.9379578302032,1639,1637,3276,0.9969077323336611,2359,2.359,2.0,0.818821050888227,2124.562774580281
ag,50,2.030961709548635,1.314681567000171,2030.961709548635,2033,2033,4066,0.9989973977120684,3635,3.635,2.0,1.0462177726864643,4085.705447520631
ag,50,0.9419454876366716,0.6298444995493055,941.9454876366716,992,991,1983,0.950499987524391,816,0.816,2.0,0.7353459231916047,934.6643905531964
ag,50,1.628416444936839,1.0667337552577696,1628.416444936839,1691,1690,3381,0.9635600265898456,2414,2.414,2.0,0.8396009658647364,2404.9953340687184
ag,50,0.940465637893912,0.6484169130107261,940.465637893912,957,956,1913,0.9837506672530462,714,0.714,2.0,0.8718817108328111,872.0848615822509
ag,50,2.2682066991995575,1.5456404400320012,2268.2066991995575,2293,2290,4583,0.9904832747596322,4625,4.625,2.0,1.4061132135943186,2541.7609365784915
ag,50,1.6023685951062672,1.0876564918730387,1602.368595106267,1649,1647,3296,0.9729013935071446,2205,2.205,2.0,1.206908440458947,2707.030706593436
ag,50,1.6277177429724357,1.115461471463972,1627.7177429724356,1672,1671,3343,0.9740979910068436,2339,2.339,2.0,1.0878936489726423,2164.5880162814924
ag,50,1.7044322583220626,1.0485446225269774,1704.4322583220626,1675,1674,3349,1.018179365783789,2307,2.307,2.0,1.1058495103597394,2719.648597404713
ag,50,1.29494166353915,0.8568058314619116,1294.94166353915,1310,1308,2618,0.9900165623387996,1507,1.507,2.0,0.9480743001517614,1779.018148916603
ag,50,1.6907634480878049,1.079412009885626,1690.7634480878046,1635,1632,3267,1.0360070147596845,2398,2.398,2.0,1.0917143707355208,2620.541089353333
ag,50,0.9886320833925328,0.6466445214011943,988.6320833925328,972,971,1943,1.0181586852652245,810,0.81,2.0,0.5557149584672255,809.5055935887763
ag,50,2.315872750910703,1.5344940892569825,2315.872750910703,2270,2267,4537,1.021558337410985,4713,4.713,2.0,1.6251473218694927,4156.605730632543
ag,50,1.069444142110069,0.6927753415851879,1069.4441421100694,979,979,1958,1.0923842105312251,896,0.896,2.0,0.7508022195157231,837.1242351289419
ag,50,1.6960539666377523,1.053131718182187,1696.0539666377526,1637,1635,3272,1.0373418756194206,2379,2.379,2.0,0.9538641206624842,1726.7353100343544
ag,50,2.5704514858923333,1.7305014015524305,2570.4514858923335,2590,2586,5176,0.9939874268725188,5502,5.502,2.0,1.5926553112456605,5600.1504044619105
ag,50,2.252783976068222,1.5765055207746073,2252.783976068222,2309,2308,4617,0.9760762461300788,4784,4.784,2.0,1.3629963710101929,4405.398206605459
ag,50,2.956882487998905,1.8743586281040143,2956.882487998905,2834,2831,5665,1.0444657322497015,7508,7.508,2.0,1.1793307327703595,6424.513364502502
ag,50,1.990310399424534,1.2789584340762332,1990.310399424534,1954,1952,3906,1.0196262292133882,3481,3.481,2.0,1.1305566150567223,2566.8266683679644
ag,50,1.2993165597742429,0.8341839484220003,1299.3165597742427,1322,1321,2643,0.9835855865058613,1379,1.379,2.0,0.9759143821680624,1633.2322077467843
ag,50,2.6558077643854348,1.7023496732087953,2655.807764385435,2639,2636,5275,1.0075143263981163,6103,6.103,2.0,2.0971585367999848,6766.063472327639
ag,50,1.6289107123320896,1.0604625389610964,1628.9107123320896,1616,1612,3228,1.0104905163350433,2419,2.419,2.0,1.0374997971183788,2494.6721557411847
ag,50,1.257889495343269,0.8450394376000986,1257.8894953432691,1316,1316,2632,0.9558430815678336,1489,1.489,2.0,0.7845799683366067,1675.2280504809369
ag,50,1.9299570342185848,1.2315565726963904,1929.9570342185848,1981,1980,3961,0.974725774857871,3267,3.267,2.0,1.248453857280686,3367.2587631063884
ag,50,0.9995098057047356,0.670584890339617,999.5098057047356,997,996,1993,1.0035239013099757,806,0.806,2.0,0.6259764843438737,603.2210377387631
ag,50,2.242333613242298,1.4730149002569783,2242.3336132422987,2246,2246,4492,0.998367592716963,4218,4.218,2.0,1.2932824288645373,3792.205323580501
ag,50,1.2595394703481102,0.8586300310739061,1259.5394703481102,1284,1281,2565,0.9832470494520766,1394,1.394,2.0,1.0254351183394654,1803.9530601649265
ag,50,1.025343924296868,0.6579407339908605,1025.343924296868,1020,1020,2040,1.0052391414675177,789,0.789,2.0,0.5998790695503649,873.132404885034
ag,50,1.5926615274796352,1.0680854549467054,1592.6615274796352,1613,1612,3225,0.98800342895759,2270,2.27,2.0,1.0691795613214925,1928.5393368932816
ag,50,2.6568461568715516,1.6842489778416303,2656.8461568715516,2575,2570,5145,1.033792278938347,6015,6.015,2.0,1.6941476957640764,5482.11494173874
ag,50,1.3014730380820512,0.8179925015566144,1301.473038082051,1333,1332,2665,0.9770818604219602,1496,1.496,2.0,0.982356209170745,1329.4809466324816
ag,50,1.9739877093547564,1.337112691094472,1973.9877093547564,1949,1945,3894,1.014903706609129,3426,3.426,2.0,1.383475528951284,3899.112310160215
ag,50,0.6643011491404468,0.4354987750853067,664.3011491404468,627,627,1254,1.059491465933727,320,0.32,2.0,0.4669960439775995,321.78339364319476
ag,50,1.6261172236772972,1.0780700414468614,1626.1172236772973,1631,1630,3261,0.9976179286363788,2223,2.223,2.0,0.923441541991548,1256.307178256378
ag,50,2.6299314111127767,1.645329890348139,2629.931411112777,2604,2602,5206,1.0107345930487228,6245,6.245,2.0,1.525661763299759,7715.232882589667
ag,50,2.9348023343471796,2.097255008647985,2934.8023343471796,2958,2953,5911,0.9938375666600676,7865,7.865,2.0,1.8587070314079928,8445.500597885772
ag,50,0.9954134020386256,0.6569188671348534,995.4134020386256,967,965,1932,1.031516478796503,837,0.837,2.0,0.6739063993894475,803.3720912269873
ag,50,0.6847348955755586,0.4476713867345626,684.7348955755585,685,685,1370,0.9996129862416911,429,0.429,2.0,0.3548730228707984,473.440227922782
ag,50,0.6551356238186168,0.4601447032430652,655.1356238186168,643,643,1286,1.0188734429527475,297,0.297,2.0,0.4435912709854804,323.74908611312026
ag,50,1.9661488896844612,1.217074136619558,1966.1488896844612,1947,1945,3892,1.010873465133399,3375,3.375,2.0,0.9884568809892827,3532.39588129865
ag,50,1.3881745545226691,0.9170710293033968,1388.174554522669,1342,1341,2683,1.035178638719365,1650,1.65,2.0,0.8774313419516642,1635.5159166372125
ag,50,1.2907246475136305,0.865886702672492,1290.7246475136303,1314,1313,2627,0.9830347658138844,1459,1.459,2.0,0.7909313188256725,1500.0143935913145
ag,50,3.5485180748950835,2.349183334481785,3548.5180748950834,3551,3551,7102,0.9993010630512766,11244,11.244,2.0,2.828784838913138,6760.311250861829
ag,50,2.253390131846112,1.5553983646758625,2253.3901318461117,2245,2243,4488,1.0046322478136922,4301,4.301,2.0,1.348085941392305,4627.502242769988
ag,50,0.6878450152880462,0.4417325532353417,687.8450152880462,686,685,1371,1.0041533069898485,347,0.347,2.0,0.417898910422605,372.06403164579297
ag,50,1.6923713657440953,1.0552487134543964,1692.371365744095,1652,1650,3302,1.025679615602482,2511,2.511,2.0,0.952818386945968,2792.198258696204
ag,50,2.0335634194668164,1.3434133453663948,2033.5634194668164,1931,1928,3859,1.054752810926772,3482,3.482,2.0,1.743192703702185,3140.680616170899
ag,50,1.331313710141807,0.8606167082036202,1331.3137101418072,1287,1287,2574,1.0344317872119717,1522,1.522,2.0,0.7240757683356178,1361.4213383582464
ag,50,1.6407212517876235,1.060095331727483,1640.7212517876235,1608,1607,3215,1.0209839774658518,2506,2.506,2.0,1.1987912312740403,2937.2201410033667
ag,50,0.6666684613093619,0.4357343712445413,666.6684613093619,670,669,1339,0.9965148898495692,345,0.345,2.0,0.5002025062005057,354.1289950721241
ag,50,1.6113033331236484,1.1283008223642617,1611.3033331236484,1630,1628,3258,0.9897440621152632,2370,2.37,2.0,1.1403123357004037,1363.032342141924
ag,50,2.5752798490826008,1.6962805867981712,2575.279849082601,2605,2602,5207,0.9897309181716376,6017,6.017,2.0,1.5262353640713968,5289.245568396006
ag,50,1.25656564931332,0.8370765803679635,1256.56564931332,1293,1290,2583,0.974081898692496,1345,1.345,2.0,0.777456511828418,1308.1349062181712
ag,50,2.204473982195008,1.484564636603112,2204.473982195008,2295,2290,4585,0.9626523939716192,4540,4.54,2.0,1.5602039272852797,4422.838797473394
ag,50,1.3372352414642306,0.8970130611419949,1337.2352414642305,1293,1292,2585,1.03501179679894,1621,1.621,2.0,1.0495609600302238,1846.094915816876
ag,50,2.599392241436219,1.675784155172509,2599.392241436219,2585,2583,5168,1.00634620264662,5986,5.986,2.0,1.5213753962663543,5735.52726556033
ag,50,0.3035210651675087,0.2113960281670896,303.5210651675087,309,309,618,0.982268819312326,48,0.048,2.0,0.1609696226086535,45.04724558143542
ag,50,0.6913747887392633,0.4476033924241436,691.3747887392633,680,679,1359,1.0182250202345555,350,0.35,2.0,0.4466855584455779,346.92868817738236
ag,50,2.5648963757371384,1.6568410752189906,2564.8963757371384,2589,2586,5175,0.991839279094021,6127,6.127,2.0,1.2624299799532708,7739.371148787928
ag,50,0.6330974964879778,0.4392071538628658,633.0974964879778,637,635,1272,0.9970039314771304,311,0.311,2.0,0.2749492967641039,347.8468955465853
ag,50,2.269078720804815,1.5564575989946237,2269.078720804815,2301,2298,4599,0.987414586947265,4583,4.583,2.0,1.8928279825410677,3887.2598625823857
ag,50,1.3230408398621885,0.8732666820010316,1323.0408398621885,1313,1311,2624,1.0091844697652086,1521,1.521,2.0,1.1533171277725682,1268.395068699482
ag,50,2.208933200652494,1.5453115593165954,2208.933200652494,2263,2261,4524,0.976971782685756,4421,4.421,2.0,1.809587237788193,5095.444257648883
ag,50,0.6473655857076187,0.4270114620330056,647.3655857076187,650,650,1300,0.995947054934798,345,0.345,2.0,0.4594586308898184,392.70253931698926
ag,50,1.629421956512155,1.059367769776688,1629.421956512155,1654,1653,3307,0.9857362108361496,2401,2.401,2.0,0.9671854355146228,2452.253576220921
ag,50,1.3246941653007205,0.9070173243887588,1324.6941653007202,1292,1288,2580,1.028489258773851,1446,1.446,2.0,0.891321585648863,1095.2509070978565
ag,50,0.9923931221072004,0.7082925377853865,992.3931221072004,1000,1000,2000,0.9923931221072004,774,0.774,2.0,0.812408861795107,695.199023808754
ag,50,2.0057482042204064,1.2890627792682177,2005.7482042204065,1950,1948,3898,1.0296448686963071,3443,3.443,2.0,1.3229991104805203,4858.474990341817
ag,50,1.543996116993445,1.062355070596535,1543.9961169934452,1630,1630,3260,0.9472368815910708,2221,2.221,2.0,0.9818814027571416,1959.5700471087132
ag,50,0.5929352554221777,0.4232325471795835,592.9352554221778,648,648,1296,0.9150235423181756,269,0.269,2.0,0.3779548443762607,283.99834807371036
ag,50,1.332422438091958,0.8998318356672271,1332.422438091958,1368,1367,2735,0.9747055143320832,1523,1.523,2.0,0.9785511133432344,1669.8576579185103
ag,50,1.670044699334045,1.1261205680500284,1670.044699334045,1669,1669,3338,1.0006259432798352,2445,2.445,2.0,0.8551586046036234,2990.462929943747
ag,50,1.278339270267025,0.8678118548412371,1278.339270267025,1322,1319,2641,0.9691730631289044,1288,1.288,2.0,0.898290698937532,1231.0094912991465
ag,50,1.328847005212513,0.8710973908597546,1328.847005212513,1365,1363,2728,0.9749427771184982,1661,1.661,2.0,0.6420051110786503,1738.9433151594728
ag,50,1.9638639696948117,1.2773731799153991,1963.8639696948112,2012,2009,4021,0.9775330859605832,3576,3.576,2.0,1.1131948996456371,4213.531204539492
ag,50,1.6524350448530032,1.1020312676207444,1652.435044853003,1631,1629,3260,1.0143861539920216,2460,2.46,2.0,0.9609350866959312,1662.767086159953
ag,50,2.2918067434976925,1.4426586963849064,2291.8067434976924,2198,2195,4393,1.0441032999989488,4499,4.499,2.0,1.1191137845532273,3565.411377312983
ag,50,2.269559390021585,1.4396623674329556,2269.559390021585,2310,2307,4617,0.9837708669361008,4750,4.75,2.0,1.3333598348332083,4368.87027242161
ag,50,3.2787156268675446,2.229973289399605,3278.7156268675444,3202,3200,6402,1.0245986333961077,9528,9.528,2.0,2.335981372908966,10339.3336389147
ag,50,1.3533815976684456,0.9436542605488404,1353.3815976684457,1356,1354,2710,0.999543277450846,1574,1.574,2.0,1.0240338420822614,1683.43325751856
ag,50,1.6327125833022378,1.054845091185523,1632.7125833022378,1674,1673,3347,0.9759190575626048,2403,2.403,2.0,0.9232341061270604,2842.8128362720618
ag,50,1.601338528354763,1.0535634423314486,1601.338528354763,1630,1630,3260,0.9824162750642718,2193,2.193,2.0,1.4664864417242478,2286.6323588006767
ag,50,1.3079494669570686,0.8191573464115487,1307.9494669570686,1340,1338,2678,0.977540707740709,1535,1.535,2.0,1.1167024419479905,1718.867220462908
ag,50,2.6223583197741323,1.708128883235991,2622.3583197741323,2554,2552,5106,1.0275698745196442,5679,5.679,2.0,1.6540563054169428,5201.194904728884
ag,50,2.2094610532291368,1.536388672900538,2209.4610532291367,2213,2210,4423,0.9997561326828672,4400,4.4,2.0,1.6831478749446742,3824.256901504157
ag,50,2.1942396159870845,1.4156406835264634,2194.239615987085,2277,2274,4551,0.9649250729934408,4488,4.488,2.0,1.2564055194826835,4905.699773730759
ag,50,2.083415766767131,1.4147005662831873,2083.415766767131,1937,1934,3871,1.0772573768185787,3572,3.572,2.0,1.6706686580022458,2802.83141677271
ag,50,1.029204646901711,0.6920367258553788,1029.2046469017114,978,975,1953,1.055594509642781,922,0.922,2.0,0.6910897191939595,901.784357619016
ag,50,1.6519719301931892,1.0886464176334858,1651.971930193189,1644,1644,3288,1.0048491059569278,2379,2.379,2.0,1.1287192838291866,2496.1350564877744
ag,50,1.6461139973029977,1.0707992498715926,1646.1139973029976,1633,1633,3266,1.0080306168420072,2369,2.369,2.0,1.1341988253331787,3113.493673200512
ag,50,0.9764670923555429,0.6766581672923736,976.4670923555428,1005,1003,2008,0.9735464529965532,720,0.72,2.0,0.6682731356607766,653.2056886846276
ag,50,1.310721261352094,0.8710833033546416,1310.721261352094,1324,1322,2646,0.9914684276490876,1372,1.372,2.0,0.706065979872827,1439.8455927527978
ag,50,0.6721282192300193,0.4628782446489472,672.1282192300193,696,694,1390,0.9684844657493074,393,0.393,2.0,0.4830485228229463,386.78868834907024
ag,50,1.9382342047513752,1.2969961981169311,1938.2342047513753,1945,1942,3887,0.9980608675341788,3449,3.449,2.0,1.1919887085472842,3873.202491672404
ag,50,1.6947563114452,1.150123975852162,1694.7563114452,1640,1637,3277,1.0352818029598043,2498,2.498,2.0,1.3965269587865945,2353.1480944491636
ag,50,1.0405717007875224,0.6877333737760266,1040.5717007875223,973,971,1944,1.0716495373712898,807,0.807,2.0,0.6840980134843911,788.6916603455539
ag,50,1.3356061159557997,0.8636822077213333,1335.6061159557994,1309,1308,2617,1.0211055932383788,1479,1.479,2.0,1.1446069248523738,1487.6348507391665
ag,50,3.269119303428229,2.0305459957082035,3269.119303428229,3197,3194,6391,1.0235188802217374,9457,9.457,2.0,1.7340579367652558,7946.746205462888
ag,50,1.3241976815815373,0.8303676615387858,1324.1976815815374,1319,1317,2636,1.0054652100087604,1552,1.552,2.0,0.824584712623757,1575.978050370474
ag,50,1.6242595661632135,1.078398356566261,1624.2595661632135,1588,1588,3176,1.022833479951646,2087,2.087,2.0,1.1208575489070849,2542.941461472368
ag,50,1.628723684560972,1.1646497258946436,1628.723684560972,1613,1612,3225,1.0103744941445236,2215,2.215,2.0,1.3148296572251783,1845.919461994616
ag,50,0.6665685875980866,0.4525149611894452,666.5685875980865,633,633,1266,1.0530309440728065,328,0.328,2.0,0.4673741881912632,410.4042949880272
ag,50,1.672609956604647,1.134367219161549,1672.609956604647,1619,1618,3237,1.0337515182970625,2435,2.435,2.0,1.0845305446611544,1923.937268962114
ag,50,3.425941437547417,2.4011304762110246,3425.941437547417,3462,3459,6921,0.990442739967452,10887,10.887,2.0,2.2975556971611955,10295.1541321872
ag,50,2.6005297609864177,1.7386270282787055,2600.529760986418,2590,2587,5177,1.005229903744267,6210,6.21,2.0,1.6181270423383156,6313.00582008758
ag,50,1.907259843840792,1.2500168316098912,1907.259843840792,1927,1925,3852,0.990784334462749,3204,3.204,2.0,1.1494005534092488,3144.262435276652
ag,50,1.2743987273394903,0.8294625319678762,1274.3987273394905,1329,1328,2657,0.9596375958881704,1453,1.453,2.0,0.7374483724752235,1341.48238974564
ag,50,1.6378997848943575,1.0389412940794422,1637.8997848943577,1599,1595,3194,1.0268964168616663,2432,2.432,2.0,0.9949872246881034,2169.560854611604
ag,50,1.3500869948868486,0.901083557242637,1350.0869948868483,1300,1300,2600,1.038528457605268,1479,1.479,2.0,0.8810954286517383,1244.181263325407
ag,50,1.2885118764799004,0.8450200220602972,1288.5118764799004,1301,1300,2601,0.9911629819076156,1421,1.421,2.0,1.0004116729085573,1715.9306254045348
ag,50,2.9076832142248343,1.8438039592025992,2907.6832142248345,2941,2940,5881,0.9890078959948416,7335,7.335,2.0,1.8667221333255817,8151.610973375268
ag,50,2.2353936302713135,1.445759325679313,2235.3936302713137,2286,2285,4571,0.9782904290027632,4513,4.513,2.0,1.201531688233022,3798.589669830688
ag,50,1.6761723371700614,1.089805667002282,1676.1723371700614,1662,1660,3322,1.0097423717891936,2448,2.448,2.0,0.8980850352301833,2609.2654814984417
ag,50,0.6695609657759052,0.4308388023206592,669.5609657759052,663,662,1325,1.011421398453029,368,0.368,2.0,0.4367985362832167,426.6890281962718
ag,50,1.294812027816593,0.9016656839687696,1294.8120278165934,1312,1311,2623,0.9876521951308874,1478,1.478,2.0,0.5388937964158896,1295.767856000749
ag,50,1.6581766457326017,1.1366297445759823,1658.1766457326016,1632,1631,3263,1.0166625663596576,2329,2.329,2.0,1.1988840106514975,2683.652656511002
ag,50,1.3220363114104148,0.8313515144198406,1322.0363114104148,1292,1292,2584,1.0232479190483086,1407,1.407,2.0,0.6197175223698521,1315.3648419045571
ag,50,1.3144996915873068,0.8838382486489025,1314.4996915873069,1307,1307,2614,1.0057380960882225,1507,1.507,2.0,0.8719358567838047,1829.5708749188384
ag,50,2.5997474723199065,1.7067795302810556,2599.7474723199066,2570,2569,5139,1.011968654075479,5906,5.906,2.0,1.7900459163389135,6877.492263650009
ag,50,3.503460166989195,2.243073771638132,3503.460166989195,3491,3486,6977,1.005008653754789,10565,10.565,2.0,1.9512572785216968,12114.991093268029
ag,50,2.86190432874517,1.8988003668360347,2861.90432874517,2888,2886,5774,0.991650841561043,7252,7.252,2.0,1.731463899490048,7979.327477285559
ag,50,0.9910126570248884,0.6250968736285158,991.0126570248884,970,969,1939,1.0227168803146425,897,0.897,2.0,0.5741410385674525,998.2750708708992
ag,50,1.3017354249972115,0.8364846667683985,1301.7354249972118,1323,1320,2643,0.9861632007554636,1451,1.451,2.0,0.7211092962538789,1720.0008545847074
ag,50,1.3386685451629796,0.8860978970654275,1338.6685451629796,1368,1367,2735,0.979274722138244,1574,1.574,2.0,1.0316193901696755,1376.4638101575308
ag,50,1.284197177984166,0.854892207940874,1284.197177984166,1280,1279,2559,1.004063469885978,1492,1.492,2.0,0.9835939090455562,1460.8390868904128
ag,50,1.3015185761409729,0.8734479038580198,1301.518576140973,1316,1316,2632,0.9889958785265752,1479,1.479,2.0,0.8838575260193963,1350.9833223962012
ag,50,3.1385477337444145,2.105084165191747,3138.5477337444145,3163,3161,6324,0.992897100203864,8541,8.541,2.0,2.490288921991292,6413.5787302571625
ag,50,2.3124037305308405,1.4176141350309726,2312.4037305308407,2290,2286,4576,1.011550188333701,4590,4.59,2.0,1.4386938640323814,3720.0889204856985
ag,50,2.6101754943065663,1.7034183394980924,2610.175494306566,2571,2570,5141,1.0156324880570295,6172,6.172,2.0,1.92832743198736,4786.433928648992
ag,50,1.3146099774866706,0.8981104681057026,1314.6099774866707,1292,1291,2583,1.018288131283246,1449,1.449,2.0,0.8570831853340656,1137.119210836385
ag,50,1.9277906041586228,1.2632749824773863,1927.7906041586227,1947,1943,3890,0.992172210066198,3306,3.306,2.0,1.185086127116478,4682.7578783367135
ag,50,0.9826734429298464,0.6558657054213854,982.6734429298464,977,977,1954,1.0058070040223606,787,0.787,2.0,0.7388868201287262,691.0530503366665
ag,50,1.9566765865954077,1.277032846422914,1956.6765865954076,1901,1899,3800,1.0303720835152226,3111,3.111,2.0,1.252528076384529,3099.5654044023513
ag,50,0.3545017213073619,0.2288302508974794,354.50172130736195,341,341,682,1.039594490637425,76,0.076,2.0,0.2298204294482396,67.90776331370655
ag,50,0.9799256278232196,0.6415968769680229,979.9256278232194,983,983,1966,0.9968724596370492,776,0.776,2.0,0.5164998506953863,627.2947089360388
ag,50,2.9973975523974947,1.9694028998162316,2997.3975523974946,2980,2978,5958,1.006513617326224,7965,7.965,2.0,1.6896679225633795,9616.386699899738
ag,50,1.939441033491928,1.342605785962022,1939.441033491928,1908,1905,3813,1.018079282672928,3207,3.207,2.0,1.3926179654176685,3595.593749300982
ag,50,4.0648493775552135,2.592310736364401,4064.849377555214,4098,4095,8193,0.9926372106361936,14190,14.19,2.0,3.442508614952512,10154.494328690806
ag,50,0.9932301757503028,0.6417238982561696,993.2301757503028,984,982,1966,1.0114360241856444,799,0.799,2.0,0.7626375759790576,789.0859233462011
ag,50,1.3745251811123986,0.9572288933933428,1374.5251811123987,1337,1334,2671,1.030378696486056,1482,1.482,2.0,1.1394150337587066,1304.220875715367
ag,50,2.2461780892760483,1.4851539378194505,2246.1780892760485,2216,2215,4431,1.0140758868063424,4327,4.327,2.0,1.6080841415333154,4273.456908307586
ag,50,2.5855912449613223,1.6316114094413678,2585.5912449613224,2603,2600,5203,0.9944581711389702,5820,5.82,2.0,1.4722650599304314,6072.655995639324
ag,50,2.03279647195005,1.4040885863383328,2032.79647195005,1994,1991,3985,1.0209927031391512,3587,3.587,2.0,1.5779941615791924,3089.724261278908
ag,50,0.3320782911558652,0.2218022996988656,332.0782911558652,315,315,630,1.054216797320207,67,0.067,2.0,0.2227801056338131,60.24814602809588
ag,50,0.9553765453057312,0.6174451743677644,955.3765453057312,975,973,1948,0.9818875080223344,740,0.74,2.0,0.4795911379145911,722.1636124045078
ag,50,1.339465637590276,0.8438576315929189,1339.465637590276,1318,1315,2633,1.018605047597168,1510,1.51,2.0,0.7144499958040225,1251.066044546938
ag,50,0.359441908203679,0.230243422830577,359.4419082036791,348,347,695,1.0358556432382682,78,0.078,2.0,0.2558159748587479,90.14987775877734
ag,50,1.3210260166379053,0.9005637620109964,1321.0260166379053,1360,1359,2719,0.9720574073862438,1478,1.478,2.0,0.9049465487972854,1575.5386101919748
ag,50,0.6905034508116739,0.4649827084806393,690.5034508116738,646,645,1291,1.070547985754533,310,0.31,2.0,0.5229620516748212,280.4123907588258
ag,50,1.5848214122487865,1.1339139128879725,1584.821412248786,1629,1628,3257,0.9734775259513428,2334,2.334,2.0,1.1234612415455965,2118.6979620380266
ag,50,1.6126256048670602,1.0951772100598818,1612.6256048670602,1594,1592,3186,1.012955781951671,2392,2.392,2.0,1.233494479257798,2026.9699778384424
ag,50,1.624064003295046,1.1424954866980452,1624.064003295046,1627,1624,3251,1.0000394108959645,2283,2.283,2.0,1.0211983157643638,1964.217755382409
ag,50,2.4844797482391767,1.767798065265441,2484.479748239177,2562,2560,5122,0.9704999016559284,5939,5.939,2.0,1.4364366680720564,7281.837344182126
ag,50,0.9891683412455482,0.638543993037781,989.1683412455482,975,973,1948,1.016617000252362,770,0.77,2.0,0.6647591529220105,737.3396494686725
ag,50,1.3227752813285396,0.8598832731218928,1322.7752813285397,1301,1299,2600,1.018302756988868,1526,1.526,2.0,0.9379493982799878,1297.3780745299316
ag,50,1.8396530113442735,1.2163416838679977,1839.6530113442736,1880,1877,3757,0.9801028296986009,2922,2.922,2.0,1.1112996256296324,2606.0181139292213
ag,50,1.584013775790545,1.0363616534515177,1584.013775790545,1612,1610,3222,0.9838594880686616,2237,2.237,2.0,1.104160783128986,2875.246605219374
ag,50,1.0204115804361158,0.7019174886388778,1020.411580436116,979,977,1956,1.0444335521352262,794,0.794,2.0,0.8045709313002647,584.8307131340896
ag,50,1.9502450135485003,1.2881461761564612,1950.2450135485003,1935,1933,3868,1.0089213727617694,3395,3.395,2.0,1.2445194385677902,3555.9686564971344
ag,50,1.631027444685555,1.0566355362772146,1631.027444685555,1641,1640,3281,0.994528929686314,2278,2.278,2.0,0.6046586509511997,2132.3057934465487
ag,50,2.2652545668209925,1.4916289113375207,2265.2545668209923,2268,2268,4536,0.9987894915436474,4782,4.782,2.0,1.6822907528439863,4872.69214748421
ag,50,2.3022517780322262,1.502611304068472,2302.2517780322264,2244,2240,4484,1.0277909723358154,4625,4.625,2.0,1.586352765768932,3557.9804217049123
ag,50,0.6896419970671491,0.4443758598659246,689.6419970671491,651,651,1302,1.059357906401151,355,0.355,2.0,0.5022726810959803,346.71704203232446
ag,50,1.911849580884962,1.2596493095776224,1911.849580884962,1944,1942,3886,0.9844745524639352,3234,3.234,2.0,1.3597503809027538,4031.879768168598
ag,50,1.3252366295843077,0.8351703103293749,1325.2366295843076,1357,1356,2713,0.9773131486609938,1575,1.575,2.0,0.9200778798734702,1471.290215528526
ag,50,1.2781290691097529,0.8484544416274618,1278.129069109753,1291,1290,2581,0.9907977279920565,1450,1.45,2.0,0.8719257532087981,1508.8636773399503
ag,50,1.3413835800316942,0.9317704857748266,1341.3835800316942,1282,1279,2561,1.0487752775853747,1501,1.501,2.0,0.8358664909348035,921.3153450908776
ag,50,1.3163372571355958,0.8473366868280243,1316.3372571355958,1312,1311,2623,1.0040711343520945,1415,1.415,2.0,0.7574634462657307,1315.4664769907406
ag,50,1.3094085165732543,0.8764290358297717,1309.4085165732545,1326,1325,2651,0.9882328426967958,1541,1.541,2.0,0.907285362049054,1699.233643009973
ag,50,1.943673111346557,1.258153149371814,1943.673111346557,1965,1961,3926,0.9911642587182852,3158,3.158,2.0,1.1233768984869006,2079.9078392937536
ag,50,3.2271755493928267,2.189763422469925,3227.1755493928267,3192,3187,6379,1.0126060713501182,8961,8.961,2.0,1.8283852405463856,9472.61116974544
ag,50,1.6863057845216076,1.0244733870920255,1686.3057845216076,1638,1637,3275,1.030119599585588,2418,2.418,2.0,1.065959668098717,2336.159257846403
ag,50,2.6359514747106187,1.7668921737602177,2635.951474710618,2528,2526,5054,1.0435278997270858,5692,5.692,2.0,1.196212573227709,5926.344701440127
ag,50,0.6475806455148183,0.4392330785997476,647.5806455148183,635,633,1268,1.0230341951260953,341,0.341,2.0,0.3905935951441186,399.18986079497387
ag,50,1.3727700208706832,0.8967093414522992,1372.7700208706833,1328,1328,2656,1.0337123651134663,1503,1.503,2.0,0.7546048002640462,1481.567754198064
ag,50,1.606802015669339,1.0485576678120447,1606.802015669339,1631,1629,3260,0.9863732447325592,2224,2.224,2.0,1.1884625481433788,1862.185849719114
ag,50,0.6606439117804708,0.4414104812088431,660.6439117804707,673,672,1345,0.9831010591971292,386,0.386,2.0,0.335855208348874,535.0513884289114
ag,50,1.9030538424736736,1.2972179159963826,1903.0538424736735,1950,1948,3898,0.976927023857122,3195,3.195,2.0,1.524626969312422,2982.851494719204
ag,50,2.267487869938152,1.411870417144021,2267.4878699381516,2309,2307,4616,0.9828729388548556,4527,4.527,2.0,1.2079221250098744,4850.721040028593
ag,50,1.266359933714282,0.8805275680942077,1266.359933714282,1313,1312,2625,0.9652133641114952,1413,1.413,2.0,0.8567569776343468,1532.0632091046568
ag,50,0.9738008703690934,0.6524358987190445,973.8008703690932,988,987,1975,0.9866270216505504,834,0.834,2.0,0.7550912025283617,793.0496720388826
ag,50,1.4144057988550651,0.8856306047616186,1414.4057988550653,1330,1329,2659,1.0642632045561062,1644,1.644,2.0,0.8656312921388366,1570.4281887892212
ag,50,1.901971494911113,1.3627189593933382,1901.971494911113,1886,1882,3768,1.0106118463927274,3254,3.254,2.0,1.0549842342329074,2973.6500386624766
ag,50,1.9752140485283125,1.27785583287261,1975.2140485283123,1985,1983,3968,0.9960736502916352,3473,3.473,2.0,1.255323207633655,3776.9205764133894
ag,50,1.6585905525939342,1.1172343593894971,1658.5905525939345,1618,1618,3236,1.0250868681050274,2266,2.266,2.0,1.2982489719092098,1472.9018173086022
ag,50,2.2906649158356935,1.647483112369889,2290.6649158356936,2234,2232,4466,1.026283564442515,4483,4.483,2.0,1.6842045113185706,3664.031584904437
ag,50,1.6765758440995104,1.09032828238738,1676.5758440995105,1691,1689,3380,0.9926440758434046,2572,2.572,2.0,1.121746478017536,2367.7122640849675
ag,50,1.9137708649505505,1.2942087341483968,1913.7708649505505,1940,1940,3880,0.9864798272940982,3124,3.124,2.0,1.5390069862874085,3160.7926150916865
ag,50,1.9273973327785092,1.307032591279625,1927.3973327785093,2018,2017,4035,0.9555762681103168,3374,3.374,2.0,1.4382047286108235,3169.469705018261
ag,50,1.5850361417645231,1.047390485507013,1585.036141764523,1617,1615,3232,0.9814465274083736,2090,2.09,2.0,1.0871478938204977,2125.7455809840553
ag,50,1.0242850999458917,0.68800955619253,1024.2850999458915,1032,1031,2063,0.9934870028573148,860,0.86,2.0,0.7050222920887124,656.7064317383123
ag,50,1.9653999815030616,1.2789557956425122,1965.3999815030616,1886,1884,3770,1.0432059349803935,3438,3.438,2.0,1.2118968068894105,3394.840723056332
ag,50,2.557982026869422,1.7058049610847503,2557.982026869422,2628,2626,5254,0.9740982585184396,5980,5.98,2.0,1.5935367937359524,5381.9533928879155
ag,50,3.503192398156968,2.3040498119835857,3503.192398156968,3499,3494,6993,1.0026309096041697,11005,11.005,2.0,2.2978449924365676,11328.030729610306
ag,50,0.9459046287423016,0.6514870704471133,945.9046287423016,982,981,1963,0.9642249018779834,804,0.804,2.0,0.4643009142326702,478.6041811732316
ag,50,0.3308334454151545,0.2213826768098925,330.83344541515453,329,329,658,1.005572782416883,60,0.06,2.0,0.2351245299037474,55.47352827326647
ag,50,0.683843217032743,0.4624330277149919,683.8432170327429,681,680,1361,1.0056517897540338,398,0.398,2.0,0.4230065763262378,425.0698977048185
ag,50,1.634492163444887,1.1156500529453524,1634.492163444887,1611,1609,3220,1.015843482563634,2476,2.476,2.0,1.1760392685693786,3021.283935670086
ag,50,2.6692335688267024,1.6767608983191244,2669.2335688267026,2580,2579,5159,1.0349878126509122,6032,6.032,2.0,1.5806915773216623,7704.215981997807
ag,50,0.6510979389669533,0.4381446951449719,651.0979389669534,662,661,1323,0.9850195748365408,393,0.393,2.0,0.3954207474387627,343.71546943631637
ag,50,2.641803295727993,1.7568488326939,2641.803295727993,2580,2579,5159,1.024351801367969,5909,5.909,2.0,1.8698009838473932,4483.308707668867
ag,50,0.660948659164822,0.4429823235810008,660.9486591648221,670,668,1338,0.9894441005461408,319,0.319,2.0,0.4476193853604838,345.32979297619
ag,50,1.437339015442866,0.9093836385076411,1437.339015442866,1330,1328,2658,1.0823335959660134,1670,1.67,2.0,0.6860061607519555,1877.4326763427284
ag,50,0.964684722347756,0.6712603036543701,964.684722347756,995,993,1988,0.971485118174981,846,0.846,2.0,0.8133962589927296,1026.6966417044707
ag,50,2.605963036447595,1.6037439410405718,2605.963036447595,2629,2628,5257,0.9916145496375932,6278,6.278,2.0,1.8891556313287536,6870.978863591682
ag,50,1.6173919249583617,1.0987733424694084,1617.3919249583614,1597,1594,3191,1.0146749842900635,2152,2.152,2.0,0.6933948927095719,2335.8646413585866
ag,50,1.689130685369241,1.0846932081148717,1689.1306853692408,1675,1673,3348,1.009641772486097,2502,2.502,2.0,1.0002670094345625,1948.9258805677264
ag,50,0.9139423590193072,0.646356439232525,913.9423590193072,966,965,1931,0.9470905274811476,777,0.777,2.0,0.6879723755444688,817.3593598847392
ag,50,0.657783480224454,0.4313231950598417,657.783480224454,674,673,1347,0.9773900151923536,340,0.34,2.0,0.428587508882888,318.36006653739764
ag,50,0.9619149064274408,0.6804592385404458,961.9149064274408,956,956,1912,1.0061871406144778,793,0.793,2.0,0.7871572479744267,711.6067806504072
ag,50,1.9574805930440575,1.2507439705612224,1957.4805930440575,1930,1930,3860,1.0142386492456257,3143,3.143,2.0,1.1939045179282364,3932.579403845195
ag,50,1.9604065178717016,1.287946218856742,1960.406517871702,1978,1976,3954,0.9921085616759624,3304,3.304,2.0,1.39066148418879,3818.376054065269
ag,50,1.9308441948973796,1.23120363072354,1930.8441948973796,1848,1844,3692,1.0470955503781885,3009,3.009,2.0,1.312393871349475,2538.0433106435544
ag,50,0.6417833070090436,0.4287028689356484,641.7833070090436,647,647,1294,0.9919371051144414,368,0.368,2.0,0.4181680032076893,370.30174497111415
ag,50,2.02248518618721,1.3085124405716624,2022.4851861872105,1932,1932,3864,1.046834982498556,3525,3.525,2.0,1.0870871791960612,3346.490403649953
ag,50,0.6586444459557315,0.4425573520077434,658.6444459557315,650,649,1299,1.014860471426397,371,0.371,2.0,0.4810993905367923,376.6368177809041
ag,50,1.379232368064584,0.9273398327917588,1379.232368064584,1376,1376,2752,1.0023491046980988,1668,1.668,2.0,0.8118118925189444,1143.1856443379804
ag,50,2.864790997015936,1.906789061562086,2864.790997015936,2885,2884,5769,0.9933394580499084,7419,7.419,2.0,1.5437561467051857,7495.932956827609
ag,50,2.826383544387491,1.8523865826213397,2826.383544387491,2908,2906,5814,0.9726027337878496,7004,7.004,2.0,1.2667772711706282,8463.149819616576
ag,50,3.4532969649700935,2.3738047934342306,3453.2969649700935,3452,3447,6899,1.0018267957557567,10346,10.346,2.0,2.5820638500671156,12387.651787645456
ag,50,1.2617205026632192,0.8620674165561559,1261.7205026632191,1326,1325,2651,0.9522418888024295,1475,1.475,2.0,0.5893036854819365,1387.9836280692336
ag,50,2.5138985047743043,1.7245317722110116,2513.8985047743045,2584,2582,5166,0.9736245177282356,5914,5.914,2.0,1.5111140054164984,5454.247645226282
ag,50,1.9817369862157783,1.290676787604243,1981.7369862157784,1938,1937,3875,1.0230960176643151,3312,3.312,2.0,1.0344170720936745,2433.0816860023683
ag,50,2.0504221682992503,1.3708302988370735,2050.42216829925,2037,2034,4071,1.0080738290556783,3606,3.606,2.0,1.4683348705812085,3470.977061284275
ag,50,1.308209972014322,0.8960814140435298,1308.209972014322,1281,1280,2561,1.022039040636189,1370,1.37,2.0,0.8291703415741595,1381.118099813426
ag,50,1.056710510699977,0.6410046196047012,1056.710510699977,983,983,1966,1.074985260122052,880,0.88,2.0,0.4624461519191764,907.626053332928
ag,50,2.1784332209501285,1.3867374107479349,2178.4332209501285,2231,2228,4459,0.9777527921679212,4403,4.403,2.0,1.4430474672049367,5008.074761082008
ag,50,1.3233712158987363,0.8769038510188866,1323.3712158987364,1298,1298,2596,1.0195463912933254,1596,1.596,2.0,0.9901132392413162,1507.6989482580714
ag,50,1.998364025437075,1.34395722800526,1998.3640254370748,1931,1929,3860,1.0359585409212415,3285,3.285,2.0,1.2442538601059503,2975.94187315106
ag,50,2.270394532636782,1.4287645896774597,2270.394532636781,2257,2253,4510,1.0077206092484603,4403,4.403,2.0,1.333493277676426,4761.782052317981
ag,50,2.26092034270745,1.5700305570164197,2260.92034270745,2256,2254,4510,1.0030702496483803,4451,4.451,2.0,2.0583102785394733,5493.060202286379
ag,50,1.0106015897740563,0.6682027066947274,1010.6015897740564,1011,1011,2022,0.9996059246034188,842,0.842,2.0,0.6149396678258582,736.5944789532276
ag,50,2.2661849575890103,1.4297416699243892,2266.18495758901,2251,2248,4499,1.0080893939452893,4659,4.659,2.0,1.5109401327656773,6606.328599541602
ag,50,1.9397046853008133,1.3087762309668678,1939.7046853008133,1939,1939,3878,1.0003634271793775,3137,3.137,2.0,1.0980158607175785,3408.1433792651515
ag,50,2.2451569227297123,1.422063058522902,2245.1569227297123,2235,2235,4470,1.0045444844428242,4335,4.335,2.0,1.5422455645980275,3892.196283843095
ag,50,2.6445519865372327,1.7115056979804404,2644.551986537233,2658,2656,5314,0.9956897539673316,6346,6.346,2.0,1.105678169809882,6817.003527855252
ag,50,2.309324379544128,1.489106321284478,2309.3243795441276,2300,2299,4599,1.0044908131988377,4671,4.671,2.0,1.557295550914804,2890.196282977914
ag,50,1.9262348635907751,1.3192533599964422,1926.2348635907751,1918,1916,3834,1.0053417868427843,3248,3.248,2.0,1.153798401198039,3580.035513883979
ag,50,2.547731476517295,1.6250336617926584,2547.731476517295,2565,2565,5130,0.9932676321704854,5842,5.842,2.0,1.4026167604185025,6398.081682347887
ag,50,0.3486893943199126,0.2271051006087251,348.68939431991265,366,366,732,0.9527032631691602,55,0.055,2.0,0.2688849877388299,57.81365956933378
ag,50,1.656090432296038,1.1387681639186722,1656.0904322960382,1675,1675,3350,0.988710705848381,2279,2.279,2.0,1.0010192322374396,1443.361373403366
ag,50,1.6240007447722695,1.0722277707366628,1624.0007447722696,1618,1617,3235,1.0043294649179155,2345,2.345,2.0,1.0921301924977358,2301.1714586770954
ag,50,1.0128906116365328,0.669282847921465,1012.8906116365328,1015,1014,2029,0.998905928635634,860,0.86,2.0,0.4209117537693322,562.1084955112831
ag,50,3.2172571122389164,2.052661869092638,3217.2571122389163,3266,3263,6529,0.985981339944504,9384,9.384,2.0,2.2254275107408907,9887.794855212764
ag,50,0.6841597556471324,0.4444728944486662,684.1597556471323,682,680,1362,1.006117287716371,349,0.349,2.0,0.4818739236348944,316.22228993871795
ag,50,2.0138660013351575,1.293467146225514,2013.8660013351573,1988,1986,3974,1.014031219201993,3524,3.524,2.0,1.5771564436930403,3125.1979048521393
ag,50,2.3185184513325714,1.4993800089442262,2318.518451332571,2289,2287,4576,1.0137815703246922,4657,4.657,2.0,1.4640809433396988,3820.545650986689
ag,50,1.6818079669209112,1.147335662959608,1681.8079669209112,1653,1652,3305,1.0180435635114475,2386,2.386,2.0,1.0829187318967808,2130.340145357924
ag,50,1.0089049148495304,0.6720049119049163,1008.9049148495304,1034,1033,2067,0.9766746513548212,912,0.912,2.0,0.6715053657506392,858.3761390936957
ag,50,0.3131820773457698,0.215099063775158,313.1820773457698,341,341,682,0.9184225142104686,86,0.086,2.0,0.2138833165274307,99.33855438433947
ag,50,1.9475646428031348,1.254912140269761,1947.5646428031348,1922,1921,3843,1.013828549090648,3532,3.532,2.0,0.9083294606272682,3537.7578186587457
ag,50,1.2963647608593156,0.8125677324692374,1296.3647608593155,1316,1315,2631,0.9858287154823692,1509,1.509,2.0,0.70747265387199,1210.830584835005
ag,50,1.342507835186269,0.8727401661526937,1342.507835186269,1313,1312,2625,1.023252923160266,1448,1.448,2.0,0.699789572407511,1410.9481977721102
ag,50,1.6436702171978552,1.086277517094148,1643.6702171978552,1609,1609,3218,1.0215476800483874,2240,2.24,2.0,1.355629743204283,2352.2997065501463
ag,50,2.182830427856685,1.5166979045714606,2182.8304278566848,2226,2222,4448,0.982371929728481,4533,4.533,2.0,1.6993217948052943,3044.105752832401
ag,50,1.8855923918869413,1.2737946528980502,1885.5923918869412,1956,1954,3910,0.9649909886831838,3284,3.284,2.0,1.164058749699682,3109.5407994396614
ag,50,2.578782997847001,1.7418015875873356,2578.782997847001,2650,2648,5298,0.9738606487337615,5981,5.981,2.0,1.733114968259556,5191.599776295287
ag,50,2.322010174817409,1.5481653748162036,2322.0101748174093,2278,2278,4556,1.0193196553193191,4577,4.577,2.0,1.7546441430145845,4461.118524508374
ag,50,2.55556328739676,1.751884433492776,2555.56328739676,2586,2583,5169,0.9893779664718392,5806,5.806,2.0,1.9544565639991855,7931.14095036883
ag,50,2.240965519736337,1.5105043756162837,2240.9655197363372,2202,2201,4403,1.018157891747541,4133,4.133,2.0,1.240480793754933,4995.420942944215
ag,50,1.278548237801318,0.8648106887320182,1278.548237801318,1296,1295,2591,0.9872959365261142,1487,1.487,2.0,0.7899718109871269,1641.0314452825592
ag,50,1.289009364488955,0.8626355889839757,1289.009364488955,1321,1320,2641,0.976522245824966,1522,1.522,2.0,0.9188962229269864,1314.7218550062685
ag,50,1.2927492656172703,0.8195495583508031,1292.7492656172706,1297,1296,2593,0.9974917172972768,1549,1.549,2.0,0.5213408964556562,1563.34026616363
ag,50,2.9732847006319663,1.945926313829832,2973.284700631966,2834,2834,5668,1.049147741930828,7468,7.468,2.0,1.7230795796822516,7066.836443853221
ag,50,2.255752579472115,1.5034219020003754,2255.752579472115,2257,2254,4511,1.0007775419130944,4384,4.384,2.0,1.3694594523542774,4128.649852030252
ag,50,0.6927619024779145,0.448479483413606,692.7619024779144,686,685,1371,1.0113312444933058,339,0.339,2.0,0.3661324922705336,305.07629347549965
ag,50,1.283927441928996,0.8477568052592143,1283.927441928996,1308,1307,2615,0.982346933381022,1318,1.318,2.0,0.9837635986135578,1426.1378582713787
ag,50,1.6633570492418883,1.088974655293622,1663.3570492418885,1594,1593,3187,1.0441663837048891,2361,2.361,2.0,1.0005634370537415,2593.538192547381
ag,50,0.9698427304564304,0.632367518147447,969.8427304564304,981,980,1961,0.9896354392412556,766,0.766,2.0,0.7239741673319064,779.9471520812856
ag,50,1.65524925537758,1.0312556999343163,1655.24925537758,1620,1619,3239,1.022389904495108,2499,2.499,2.0,0.8988668409796969,1885.55070043797
ag,50,0.6890871426731089,0.4625983217618478,689.0871426731089,658,658,1316,1.0472448976794968,351,0.351,2.0,0.490483757363154,391.8304918448391
ag,50,0.9434903503898436,0.6075469315162141,943.4903503898436,975,974,1949,0.9686759244248908,763,0.763,2.0,0.5300578495232607,699.8551784964417
ag,50,1.2624431734997514,0.8802619927241377,1262.4431734997515,1299,1298,2597,0.972606451078391,1500,1.5,2.0,1.0940816373000235,1392.5886682444163
ag,50,2.310634265942911,1.4723051391130977,2310.634265942911,2310,2308,4618,1.0011413630601869,4745,4.745,2.0,1.420780062092829,4844.599478782631
ag,50,0.9858061149531532,0.6104774533243581,985.8061149531532,975,973,1948,1.013161474771997,696,0.696,2.0,0.6497453098899914,648.2955108385413
ag,50,0.981888806879384,0.6332852444243179,981.888806879384,1026,1026,2052,0.9570066343853644,895,0.895,2.0,0.5874135533595072,916.5899140155786
ag,50,1.0144743962688898,0.6892276756964606,1014.4743962688898,998,996,1994,1.0185485906314156,964,0.964,2.0,0.6136551774318338,1005.1469976420308
ag,50,1.6977121473638228,1.0914653766061493,1697.7121473638229,1651,1651,3302,1.0282932449205469,2438,2.438,2.0,1.1409804964831958,2456.754204225642
ag,50,0.6497080463361572,0.4327629205085788,649.7080463361572,664,663,1327,0.979951804428593,324,0.324,2.0,0.352252336418466,325.4586594001026
ag,50,1.0037162500037171,0.7148750857159074,1003.716250003717,998,996,1994,1.0077472389595552,827,0.827,2.0,0.6406885205247496,896.660903540496
ag,50,1.9674285610099025,1.228524030211263,1967.4285610099023,1975,1973,3948,0.9971761586466814,3615,3.615,2.0,1.2072643531550988,3652.358157892893
ag,50,2.0033278381107276,1.2457791449509246,2003.3278381107275,2000,1999,3999,1.002165001556142,3569,3.569,2.0,1.1872533512689436,3247.7262986677974
ag,50,0.6707061576290034,0.4393234595630517,670.7061576290034,673,673,1346,0.996591616090644,313,0.313,2.0,0.4190239273914802,306.1672881028486
ag,50,1.66032821580706,1.073394234663634,1660.32821580706,1573,1573,3146,1.055516983984145,2167,2.167,2.0,1.222658129973324,2124.8555578126357
ag,50,0.6592188046210695,0.4566866327422407,659.2188046210695,667,666,1333,0.9898180249565608,339,0.339,2.0,0.4010234436989457,372.5641167978234
ag,50,0.9959551888002818,0.6425520947370734,995.9551888002818,1027,1026,2053,0.970716558284875,774,0.774,2.0,0.6742010920474725,752.957406108427
ag,50,1.3492386647794758,0.8720793375836888,1349.2386647794758,1284,1282,2566,1.0524482564582494,1405,1.405,2.0,0.894931214269824,1563.0231673334422
ag,50,1.3129823678493084,0.8829716359317376,1312.9823678493085,1365,1364,2729,0.962597043877792,1626,1.626,2.0,1.0425191316036089,1233.9349811450309
ag,50,1.612903298527272,1.024934435335745,1612.903298527272,1654,1653,3307,0.9757430723092996,2348,2.348,2.0,0.8808130223707061,2326.163748260496
ag,50,1.2764301526710626,0.8576917420574279,1276.4301526710626,1290,1288,2578,0.9910171992787752,1526,1.526,2.0,1.0146566106114645,1224.348965189552
ag,50,0.9854273001072568,0.6442655085363265,985.4273001072568,937,937,1874,1.051683351235066,746,0.746,2.0,0.6023147710512209,725.3949706598072
ag,50,1.8888147436119709,1.3378075827264582,1888.814743611971,1954,1954,3908,0.9666400939672318,3110,3.11,2.0,1.450359042596063,3947.7136043999826
ag,50,1.5884609018918374,1.074615421780366,1588.4609018918377,1626,1624,3250,0.9781163188989148,2250,2.25,2.0,1.0017266227096784,2847.538832601177
ag,50,3.2569524447382725,2.143844957311805,3256.9524447382723,3223,3218,6441,1.0121045508819988,9623,9.623,2.0,1.9898820815500575,6114.064203310913
ag,50,0.6376559309096876,0.4284289478046621,637.6559309096876,677,676,1353,0.9432780043042716,364,0.364,2.0,0.3908989125426541,294.88760048744905
ag,50,2.8564947999638526,1.9013512772063417,2856.4947999638525,2940,2939,5879,0.9719274583068568,7571,7.571,2.0,1.8987942348447444,7149.025922823475
ag,50,0.9731383386406464,0.6256915745557236,973.1383386406465,992,991,1983,0.9819761237544364,783,0.783,2.0,0.503707219542458,717.4347769599858
ag,50,0.9287598581960306,0.6280581707163236,928.7598581960306,1006,1005,2011,0.92413916238411,822,0.822,2.0,0.5469227522182716,1097.6054094264498
ag,50,1.2257138447912763,0.8468460481555418,1225.7138447912766,1300,1299,2599,0.943582636482892,1264,1.264,2.0,0.8474635454606055,1519.12895633421
ag,50,1.6269759847659804,1.0847116810470432,1626.9759847659805,1623,1621,3244,1.0036866038038128,2337,2.337,2.0,1.1072311424600216,2780.857368905097
ag,50,1.015125473981836,0.6659748325795367,1015.125473981836,995,994,1989,1.0212529919334363,844,0.844,2.0,0.7567626165965013,643.0292211046234
ag,50,1.609410842035267,1.0285536782919718,1609.410842035267,1648,1648,3296,0.9765842488078076,2307,2.307,2.0,0.8860486030534029,2320.292863822308
ag,50,1.283915052379696,0.8184172306135802,1283.915052379696,1303,1300,2603,0.987626963368997,1413,1.413,2.0,0.917618230005958,1350.3939159239728
ag,50,1.309220333159101,0.8430394677169394,1309.220333159101,1339,1337,2676,0.9792223883014968,1476,1.476,2.0,0.872800303314855,1515.3111833631935
ag,50,0.9775699639382058,0.634965045451619,977.569963938206,986,984,1970,0.9934654105063068,694,0.694,2.0,0.823002689134621,757.1955579667957
ag,50,3.257211056574141,2.0226157977973935,3257.211056574141,3203,3200,6403,1.017878455179419,9007,9.007,2.0,2.105234848845935,8773.093508759917
ag,50,0.667052350760812,0.4211743797396126,667.052350760812,663,662,1325,1.0076319497897464,339,0.339,2.0,0.3188947686480324,339.4985509853635
ag,50,0.7089646774468377,0.4299597335176155,708.9646774468376,682,682,1364,1.0395376502153044,350,0.35,2.0,0.5420486326626575,359.7353345194259
ag,50,1.268699558555029,0.8437364695909542,1268.699558555029,1309,1309,2618,0.9692128025630472,1439,1.439,2.0,0.9010932326798288,2004.818170806922
ag,50,2.5382674474903943,1.6923691259827378,2538.2674474903943,2636,2634,5270,0.9636550673843562,5767,5.767,2.0,1.5870129609726091,6001.917742070999
ag,50,1.2547209528334693,0.869260100390114,1254.7209528334693,1319,1316,2635,0.9534353744935176,1394,1.394,2.0,0.915474104388763,1333.0640453792682
ag,50,1.336209889383903,0.8779373565900245,1336.209889383903,1329,1328,2657,1.0061821456204088,1495,1.495,2.0,0.904166455856796,1475.432352004624
ag,50,1.3143851209388,0.8633934518952058,1314.3851209388,1297,1295,2592,1.0149692053581467,1493,1.493,2.0,0.8516474844661331,1487.1687893378285
ag,50,2.3211339524911474,1.5218090420550632,2321.1339524911473,2317,2314,4631,1.0030829526755174,4888,4.888,2.0,1.769822114221869,3693.107123856063
ag,50,0.9679629515885344,0.6695777890986128,967.9629515885346,1001,1001,2002,0.9669959556329016,796,0.796,2.0,0.732411856187063,775.8491657205057
ag,50,1.929150997970889,1.318752174825338,1929.150997970889,1911,1909,3820,1.0105557873079565,3363,3.363,2.0,1.3387949526582974,2858.8405098581184
ag,50,1.926708686048856,1.2414285400502527,1926.7086860488555,1967,1964,3931,0.9810125692713114,3388,3.388,2.0,1.3708278824287286,3385.1168966362325
ag,50,1.2735390552298795,0.8417881755705022,1273.5390552298795,1355,1355,2710,0.9398812215718668,1629,1.629,2.0,0.9764118115286444,2082.2299775138363
ag,50,1.308994033359208,0.8713838860719695,1308.994033359208,1294,1294,2588,1.01158735190047,1523,1.523,2.0,0.9938126416455456,1918.5686412001976
ag,50,0.0,0.0,0.0,0,0,0,,0,0.0,2.0,0.0,0.0
ag,50,1.8672308683067984,1.2831026034002249,1867.230868306798,1904,1901,3805,0.9822361222024188,3185,3.185,2.0,1.034304874666381,3757.128439973868
ag,50,1.9555024680707935,1.3291649903247589,1955.5024680707936,1923,1921,3844,1.0179606809322197,3364,3.364,2.0,1.4527052864864844,4274.446054661254
ag,50,1.613834739878342,1.1096472536496915,1613.834739878342,1668,1666,3334,0.9686883192547072,2362,2.362,2.0,1.0172822866829108,2566.136491190345
ag,50,1.968306140846979,1.3949368783432627,1968.3061408469791,1939,1937,3876,1.016162179064006,3158,3.158,2.0,1.1941979552871358,2337.727771252419
ag,50,1.2821186415459973,0.8860500680403456,1282.1186415459972,1298,1296,2594,0.9892890752669732,1606,1.606,2.0,0.7042753056663166,1720.873281836624
ag,50,1.269161364434352,0.8254085388399035,1269.161364434352,1301,1299,2600,0.977029533821672,1437,1.437,2.0,0.6627726642116895,1015.0065274609808
ag,50,0.6875345310392451,0.4253098422502597,687.5345310392452,701,701,1402,0.9807910571173256,345,0.345,2.0,0.5621137251794839,389.41973796899305
ag,50,1.910339143176468,1.273286539268658,1910.339143176468,2021,2018,4039,0.9466497240715898,3238,3.238,2.0,1.525632669248386,3980.972209632915
ag,50,2.627407894034571,1.657175957035669,2627.407894034571,2585,2582,5167,1.017586326117185,6047,6.047,2.0,1.5259632459784769,4458.519312115901
ag,50,1.0136754641562704,0.6674443139227979,1013.6754641562704,1005,1003,2008,1.0106435335556037,852,0.852,2.0,0.6162660669732013,770.2515199234284
ag,50,0.9655445540091404,0.641122462852077,965.5445540091404,998,996,1994,0.9694222429810648,800,0.8,2.0,0.7215400818159532,652.9611243758177
ag,50,1.6356897368214158,1.0467938796533465,1635.689736821416,1627,1624,3251,1.0071981138062909,2440,2.44,2.0,1.1855739239751446,2736.006269902432
ag,50,2.4915967406139323,1.6473228647980624,2491.5967406139325,2570,2569,5139,0.9698702766111064,5799,5.799,2.0,1.163897392184685,4720.107740989216
ag,50,0.6235630774685558,0.4181972093118052,623.5630774685558,652,651,1303,0.95785418965984,305,0.305,2.0,0.332657951278663,304.53584123485575
ag,50,1.3040166862869889,0.8907518354062861,1304.016686286989,1354,1353,2707,0.9637965161027264,1575,1.575,2.0,0.8944735481936626,1595.069192246381
ag,50,1.868286111276283,1.24543504716285,1868.286111276283,1966,1962,3928,0.9522355307218568,3221,3.221,2.0,0.9818562649590754,3355.2495797995944
ag,50,0.984394771485361,0.655665305471996,984.394771485361,990,990,1980,0.9943381530155162,802,0.802,2.0,0.4550064008699533,816.313641379886
ag,50,0.3498458625670123,0.2274537350117554,349.8458625670123,346,346,692,1.0111152097312497,59,0.059,2.0,0.2906994777591854,55.72486057932639
ag,50,0.934927407546195,0.6287080316822383,934.927407546195,967,965,1932,0.968836691757715,748,0.748,2.0,0.4924298708278454,383.9489441162468
ag,50,1.657441008266088,1.079284933099948,1657.441008266088,1593,1593,3186,1.0404526103365273,2414,2.414,2.0,1.1045614899153915,2247.603183323405
ag,50,0.6191592370129824,0.4213263539581431,619.1592370129823,632,632,1264,0.979682337045858,303,0.303,2.0,0.6399915262175591,332.60035374306807
ag,50,1.6682270753907529,1.142491272246121,1668.2270753907528,1601,1601,3202,1.0419906779455046,2300,2.3,2.0,1.206014412651999,1700.4450917890672
ag,50,2.225086056889147,1.5071443985145616,2225.0860568891467,2268,2265,4533,0.9823779500614334,4453,4.453,2.0,1.8453358185917448,5009.061341292981
ag,50,2.5402320509465826,1.6828498385818556,2540.2320509465826,2538,2534,5072,1.0024593729070963,5606,5.606,2.0,2.131326602088269,5312.960168940442
ag,50,1.261037041136983,0.7865489219163863,1261.037041136983,1368,1366,2734,0.9231603522232672,1474,1.474,2.0,0.6838915886306229,1479.4104412862118
ag,50,1.0757064455306042,0.7044605728779104,1075.7064455306042,971,970,1941,1.1089757170418602,890,0.89,2.0,0.7387084745251336,853.6071971763589
ag,50,1.6747069550852176,1.054739785471533,1674.7069550852175,1611,1608,3219,1.04148442480424,2238,2.238,2.0,1.055480301431898,2095.5138027824237
ag,50,3.5440740195966693,2.2014134377424117,3544.074019596669,3480,3474,6954,1.0201709900969111,11084,11.084,2.0,2.139199491064518,10882.221534894556
ag,50,2.6264892394624537,1.642412277903574,2626.4892394624535,2594,2594,5188,1.012524764634716,6213,6.213,2.0,1.6778530320490823,5742.8853043148365
ag,50,2.301890419055203,1.4343920410617252,2301.890419055203,2269,2265,4534,1.016287160730774,4534,4.534,2.0,1.4315089485061587,5581.484571582855
ag,50,2.5699976855757845,1.7571287300362124,2569.9976855757845,2572,2569,5141,1.0003883556153308,5945,5.945,2.0,1.6511506450666928,5524.755634510102
ag,50,2.2735395512060457,1.473894639136356,2273.539551206046,2244,2243,4487,1.0136154931814738,4426,4.426,2.0,1.155444235712752,4070.245007106591
ag,50,1.6626547572361476,1.075599437987966,1662.6547572361476,1638,1636,3274,1.0162926388974007,2349,2.349,2.0,1.2587674968672606,2255.6470489476924
ag,50,0.6792335207514292,0.4430856833745615,679.2335207514292,682,681,1363,0.9974060510299988,333,0.333,2.0,0.3687514726083541,326.5915301593974
ag,50,1.6720102106204575,1.0182269829814874,1672.0102106204577,1681,1680,3361,0.9952441729883676,2546,2.546,2.0,0.9808206762954668,2784.891552022222
ag,50,2.233989734650106,1.457931994102562,2233.9897346501057,2264,2261,4525,0.9880538410659468,4528,4.528,2.0,1.135029078851191,3637.624139306923
ag,50,1.6632173150490477,1.076637060266448,1663.2173150490476,1635,1634,3269,1.017880853763187,2357,2.357,2.0,1.3369237782508396,2152.3713152413393
ag,50,2.5554259417354768,1.6115157876660289,2555.425941735477,2570,2566,5136,0.9958791666934828,5640,5.64,2.0,1.7213455164963969,5450.814855353546
ag,50,0.6768992773948354,0.4502258875953614,676.8992773948354,694,693,1387,0.9767666340473816,346,0.346,2.0,0.4912438643747083,371.4458967710871
ag,50,1.9243199700898048,1.3039488726153248,1924.3199700898049,1961,1959,3920,0.982297075084127,3519,3.519,2.0,1.4108185156002444,2414.8982028454243
ag,50,2.595252689342227,1.7941856099013689,2595.2526893422273,2618,2615,5233,0.9924484471671996,6190,6.19,2.0,1.8058915489448355,4396.88945415021
ag,50,1.70597712255735,1.1246536497206825,1705.9771225573502,1691,1689,3380,1.0100515823311724,2585,2.585,2.0,0.7318065709269798,2227.8069164270287
ag,50,0.0,0.0,0.0,0,0,0,,0,0.0,2.0,0.0,0.0
ag,50,2.9224491457031267,1.7721570109526388,2922.4491457031268,2843,2839,5682,1.029393851956015,7248,7.248,2.0,1.5438988844694317,8508.343074605456
ag,50,3.205550168059469,2.031580362296513,3205.5501680594693,3267,3265,6532,0.98179178194777,8988,8.988,2.0,1.90219098394645,8802.184836688348
ag,50,0.6386091010430175,0.4373974123416911,638.6091010430175,689,688,1377,0.9282109026788046,397,0.397,2.0,0.4781654493838756,382.82100987701006
ag,50,0.6758847793199142,0.440865383315043,675.8847793199142,659,658,1317,1.02718051568376,339,0.339,2.0,0.4599903924743853,388.0447838676383
ag,50,1.328588029455687,0.8177097942557147,1328.588029455687,1305,1304,2609,1.0188558508095762,1505,1.505,2.0,0.9867311742373828,1448.6940925528816
ag,50,0.6575126211896749,0.4326564393756756,657.5126211896749,647,647,1294,1.0162482553163446,347,0.347,2.0,0.4701279501041914,299.019570224915
ag,50,1.9377131702640964,1.249240141732911,1937.7131702640963,1905,1904,3809,1.0177064969874456,3185,3.185,2.0,1.1168375161412816,4440.187123928586
ag,50,0.9913613200974124,0.6406617210870301,991.3613200974124,980,980,1960,1.01159318377287,829,0.829,2.0,0.6436334867414315,838.0305031502008
ag,50,1.0132046213856756,0.6531577347023612,1013.2046213856756,995,994,1989,1.0193205446535971,812,0.812,2.0,0.6376689648360717,704.8187683672186
ag,50,1.29299430344814,0.8431421295082967,1292.9943034481398,1362,1360,2722,0.9507311054765734,1465,1.465,2.0,0.9356726907601002,1809.9833787861744
ag,50,1.6025014130380748,1.071796343218802,1602.5014130380748,1621,1617,3238,0.9910336506110544,2286,2.286,2.0,1.0158046648587902,1885.5194161505397
ag,50,1.6682626591728578,1.1211228262525204,1668.262659172858,1628,1626,3254,1.0259917953092608,2346,2.346,2.0,0.9336348861233909,2169.9049650402685
ag,50,1.3389186466184086,0.8413788675468845,1338.9186466184087,1301,1300,2601,1.029937420475699,1534,1.534,2.0,0.696155353331214,1572.932401527034
ag,50,2.2199093493490745,1.56213644049302,2219.9093493490745,2255,2253,4508,0.9853126273187192,4490,4.49,2.0,1.3953141695419151,4950.2504009057375
ag,50,1.634616457585094,1.103862577882911,1634.616457585094,1618,1615,3233,1.0121464133653832,2164,2.164,2.0,1.0649166510701458,2038.6239983370176
ag,50,2.5287799321694133,1.7146586903128056,2528.7799321694133,2510,2507,5017,1.0086876474548916,5856,5.856,2.0,2.092373112908763,6929.984390199934
ag,50,0.979957928061294,0.6495629260429024,979.957928061294,975,973,1948,1.0071510052017412,845,0.845,2.0,0.5364935294765588,713.6127011259213
ag,50,0.9827353121794186,0.6403634649184583,982.7353121794184,975,974,1949,1.0089684929973497,811,0.811,2.0,0.5828915513388857,681.7676825974705
ag,50,1.3487775475871688,0.9093609323806,1348.7775475871688,1314,1313,2627,1.0272487034174933,1492,1.492,2.0,0.8302742089391283,1414.7584402615616
ag,50,1.271364742855647,0.848176323888948,1271.364742855647,1284,1283,2567,0.9909312103317592,1298,1.298,2.0,1.1089172524144997,987.2328035673512
ag,50,1.6728674029720698,1.0985588528107706,1672.8674029720698,1667,1666,3333,1.0041220906194896,2334,2.334,2.0,1.1754093527035954,2264.651544840432
ag,50,1.3363978427705687,0.9386119406171805,1336.3978427705688,1300,1299,2599,1.028789717298359,1550,1.55,2.0,1.1203430236730827,1480.3088539425428
ag,50,0.9374766663971704,0.6243732747160666,937.4766663971704,970,969,1939,0.96746817997644,630,0.63,2.0,0.634277817125891,606.8729723142781
ag,50,0.9888096581613832,0.6594787980824037,988.8096581613834,982,980,1962,1.0089894471034524,799,0.799,2.0,0.6635469363020129,791.0655842629973
ag,50,1.6773229902796711,1.1330663114689787,1677.322990279671,1674,1673,3347,1.002583975062565,2444,2.444,2.0,1.021671628312724,2166.702471733463
ag,50,0.6587843773465436,0.4526171965745602,658.7843773465436,658,658,1316,1.0011920628366924,313,0.313,2.0,0.446852462705563,337.9403618682634
ag,50,2.852855163828272,1.9181432465872512,2852.8551638282715,2916,2911,5827,0.9800258206211856,7452,7.452,2.0,2.050894065702467,8784.501934741711
ag,50,0.9633833478039404,0.6622282778381912,963.3833478039404,963,963,1926,1.0003980766396057,716,0.716,2.0,0.8688099194755362,692.0309879293278
ag,50,3.1344035268951593,2.1836646078552366,3134.4035268951593,3169,3167,6336,0.9897074603394884,8572,8.572,2.0,2.476627249546097,9423.79613204946
ag,50,2.6084584078414244,1.625823431182862,2608.458407841425,2571,2568,5139,1.0157548317139504,5913,5.913,2.0,1.3633239976039018,4029.4431983611535
ag,50,1.9424338262040035,1.2939323846866868,1942.4338262040037,1966,1964,3930,0.989019259778006,3265,3.265,2.0,1.3839876885910465,3609.587751031051
ag,50,1.287760002285886,0.8701588588708761,1287.760002285886,1348,1347,2695,0.9560207886309472,1408,1.408,2.0,1.0580117565928833,1342.4401767699044
ag,50,0.9790603892616732,0.635894560050172,979.0603892616732,982,981,1963,0.9980228228967108,768,0.768,2.0,0.6438860423448287,687.1328554717844
ag,50,0.6688557478244979,0.4467550691385365,668.8557478244978,670,670,1340,0.9982921609320864,348,0.348,2.0,0.5410800780600991,350.1910555219784
ag,50,1.9760376690464136,1.2892324545794225,1976.0376690464136,1947,1945,3892,1.0159576704608808,3249,3.249,2.0,0.833842608613041,2915.8602878201796
ag,50,1.9854971073277965,1.2927597003004658,1985.4971073277968,1958,1956,3914,1.0150803207197323,3442,3.442,2.0,0.938960036965149,3173.376342587482
ag,50,1.9534539192772824,1.2482940424349285,1953.4539192772825,1940,1939,3879,1.0074543162853442,3525,3.525,2.0,1.3991472271178047,2643.570268724608
ag,50,1.618558410235743,1.0539381103986842,1618.5584102357434,1652,1650,3302,0.9809444910519656,2287,2.287,2.0,0.7721796665082528,2371.8620548717586
ag,50,1.3311777806037586,0.8993277161909751,1331.1777806037585,1340,1339,2679,0.9941581632589682,1555,1.555,2.0,0.9427975056989456,1667.0903506978352
ag,50,0.9902334734588422,0.6312641554628822,990.233473458842,997,994,1991,0.9962107378861592,804,0.804,2.0,0.4949544629619027,761.9588063591393
ag,50,1.2381627691272905,0.814600145984054,1238.1627691272902,1281,1280,2561,0.9673146633806956,1418,1.418,2.0,0.7953890477185314,1571.7348776349725
ag,50,1.9195743525233844,1.230087084400119,1919.5743525233845,1918,1916,3834,1.0018655284568811,3337,3.337,2.0,1.50786523827542,3647.7952542908256
ag,50,1.9623831227701105,1.233520890455847,1962.3831227701105,1939,1938,3877,1.012581590696651,3498,3.498,2.0,0.9478731131364512,3155.66379317062
ag,50,1.3264371588302746,0.839345122144224,1326.4371588302745,1295,1294,2589,1.0250673561284964,1502,1.502,2.0,0.8407792106379163,1256.4654891276666
ag,50,1.6158800437534755,1.1114852308887395,1615.8800437534755,1604,1601,3205,1.0092942184593852,2300,2.3,2.0,1.037357217117035,2988.284203247967
ag,50,2.215815553119449,1.454771878437045,2215.8155531194484,2234,2230,4464,0.993639261488542,4483,4.483,2.0,1.478315989534623,5269.953934139234
ag,50,0.9554757512355428,0.6772626247782242,955.4757512355428,1006,1004,2010,0.9516690749357996,799,0.799,2.0,0.6601340377954635,796.6776130674898
ag,50,1.047804537567546,0.6684761709913739,1047.804537567546,998,997,1995,1.050957409796937,929,0.929,2.0,0.8172597570038677,998.2399025243146
ag,50,0.9920152877511385,0.6622206566021289,992.0152877511384,970,969,1939,1.0237515869464793,823,0.823,2.0,0.6550388269760208,643.7895054627334
ag,50,2.578620514641046,1.772569229360743,2578.620514641046,2610,2607,5217,0.9891141214580154,6025,6.025,2.0,1.772946492513146,6215.456191690522
ag,50,0.6803588871059266,0.4490011030372436,680.3588871059267,691,690,1381,0.986027372617285,348,0.348,2.0,0.4810379382779063,450.5045711768435
ag,50,1.0513090513398786,0.648842918064549,1051.3090513398786,994,993,1987,1.058720091983765,885,0.885,2.0,0.5755125402777137,769.0611384435276
ag,50,2.252267442890499,1.5102057117560022,2252.2674428904993,2240,2238,4478,1.0063750861887844,4584,4.584,2.0,1.5630243774794628,4667.049005102587
ag,50,2.252613228574818,1.3699186931667204,2252.613228574818,2250,2248,4498,1.0020521479425348,4474,4.474,2.0,1.5385580118591435,4350.364397560015
nag,50,1.525534751538907,1.172381308700295,1525.5347515389071,3105,3103,6208,0.4916322112597187,4241,4.241,2.0,1.0625191820110078,4120.937165512546
nag,50,0.9963280312776464,0.7572171823962003,996.3280312776463,2015,2013,4028,0.4949468610420499,1847,1.847,2.0,0.6743190651305451,2067.9523599304753
nag,50,0.830685477796696,0.6320384991381255,830.685477796696,1636,1635,3271,0.5080645124138813,1232,1.232,2.0,0.6278112151642415,1326.88816681427
nag,50,1.3747375109242883,1.08579712088006,1374.7375109242882,2833,2830,5663,0.4857729720580523,3538,3.538,2.0,0.91200795273473,4039.114040961653
nag,50,1.7726121924322196,1.4333421640149,1772.6121924322197,3468,3466,6934,0.5114287918154125,5445,5.445,2.0,1.5349167781080153,5190.709956480838
nag,50,0.9702566240291556,0.7855087584570395,970.2566240291554,1948,1948,3896,0.4980783490909422,1784,1.784,2.0,0.603270923085678,1861.846321816074
nag,50,0.6285110783476883,0.5017478456969012,628.5110783476882,1224,1224,2448,0.5134894430945165,659,0.659,2.0,0.7246577491479786,796.9239027757225
nag,50,0.5844710800199471,0.4409968742088442,584.4710800199471,1225,1225,2450,0.4771192489958751,579,0.579,2.0,0.2727591672561114,669.9932519486049
nag,50,0.972868457612429,0.7561671225265628,972.868457612429,1972,1971,3943,0.4935913026952963,1698,1.698,2.0,0.7729317701952966,1661.4430712676772
nag,50,0.3994471151766705,0.308929744970302,399.4471151766705,805,805,1610,0.4962075964927583,270,0.27,2.0,0.2830874756533825,245.4850394817759
nag,50,0.9786554016765164,0.754266770447838,978.6554016765164,1950,1947,3897,0.5026478693767419,1566,1.566,2.0,0.7086844878299693,2253.7439048627157
nag,50,0.978039024992941,0.7929638608215853,978.039024992941,2001,2000,4001,0.4890195124964705,1802,1.802,2.0,0.8360114072856147,1707.1292440101006
nag,50,0.9645344056530336,0.7597817168032854,964.5344056530334,1961,1959,3920,0.4923605950245193,1695,1.695,2.0,0.7658743728721973,1882.273593093323
nag,50,1.607459428715742,1.1894925403666723,1607.459428715742,3171,3169,6340,0.5072450074836674,4493,4.493,2.0,1.25095504638012,4923.040942221832
nag,50,1.1422031037850782,0.867067170588614,1142.2031037850782,2284,2283,4567,0.500307973624651,2465,2.465,2.0,0.7891103936246194,2669.4977142730845
nag,50,1.3580484487739872,1.1079230996364895,1358.0484487739873,2722,2721,5443,0.4990990256427737,3274,3.274,2.0,1.1634801760520048,2846.313142501156
nag,50,1.205473000041447,0.9471877005781107,1205.473000041447,2428,2427,4855,0.49669262465655,2485,2.485,2.0,0.9006748676374713,2688.930658430135
nag,50,1.0033956127233778,0.7839995710119827,1003.3956127233778,1993,1992,3985,0.5037126569896475,1813,1.813,2.0,0.7608705192069106,1654.109108747835
nag,50,0.408252384603773,0.3199477827653615,408.25238460377307,847,847,1694,0.4819980928025656,247,0.247,2.0,0.3029686984239992,219.12380526949423
nag,50,0.8027599990974887,0.6198970424962186,802.7599990974887,1625,1623,3248,0.494614910103197,1085,1.085,2.0,0.6889314930713697,942.5545463632308
nag,50,0.6003054171039954,0.4742513000134178,600.3054171039954,1214,1212,2426,0.4953014992607223,558,0.558,2.0,0.5011609972620981,613.2297571144458
nag,50,1.3926489803048627,1.0931702028374062,1392.6489803048628,2754,2753,5507,0.5058659572484064,3571,3.571,2.0,1.000954468767979,3546.8785896452705
nag,50,1.727623348467323,1.385298044759756,1727.6233484673228,3494,3490,6984,0.4950210167528145,5650,5.65,2.0,1.415852888378745,6424.607557859965
nag,50,0.974091954190505,0.7794475667442202,974.091954190505,2006,2004,4010,0.4860738294363798,1651,1.651,2.0,0.7259496395447557,1734.981053063314
nag,50,0.1803333294025859,0.1478132197091643,180.3333294025859,374,374,748,0.4821746775470211,45,0.045,2.0,0.1205543189817598,31.90681797988792
nag,50,1.9696333541152216,1.5275160255643694,1969.6333541152217,3908,3904,7812,0.5045167402959072,6854,6.854,2.0,1.7277331314665174,6641.645358283978
nag,50,0.9638583630701376,0.7464187661965288,963.8583630701376,1960,1959,3919,0.4920154992701059,1760,1.76,2.0,0.6758630842970726,1772.4726618688046
nag,50,1.4080389746975146,1.145271097388836,1408.0389746975145,2745,2745,5490,0.5129468031684934,3415,3.415,2.0,1.1254790408657096,3281.466705719633
nag,50,0.6243291827563958,0.4680460011329467,624.3291827563958,1246,1245,2491,0.5014692230975066,593,0.593,2.0,0.4676660327084874,479.2711523019416
nag,50,1.5388762755950476,1.258842765292191,1538.8762755950477,3147,3145,6292,0.4893088316677417,4464,4.464,2.0,1.0531429254218168,4413.661858801792
nag,50,2.1760234496302764,1.6330798682157162,2176.0234496302764,4274,4270,8544,0.5096073652529921,8417,8.417,2.0,1.635288786000345,7719.383530876303
nag,50,0.9897002727425892,0.7765911918402901,989.7002727425892,2024,2024,4048,0.4889823481929788,1798,1.798,2.0,0.9145525399832516,1641.4534936180871
nag,50,0.9943286522527855,0.7888484683760015,994.3286522527856,1972,1971,3943,0.5044792756229252,1763,1.763,2.0,0.8128712739167273,2241.852197444455
nag,50,0.987068614695799,0.75168616567635,987.0686146957988,1976,1976,3952,0.4995286511618416,1774,1.774,2.0,0.7167962301752582,1992.9500080217183
nag,50,1.2096133783147005,0.9443380637646436,1209.6133783147002,2427,2425,4852,0.4988096405421444,2576,2.576,2.0,1.1002793889236642,2726.2996541468347
nag,50,0.7498611094341647,0.6168240714704053,749.8611094341647,1550,1550,3100,0.4837813609252676,1057,1.057,2.0,0.4738281092600151,849.5514557990692
nag,50,1.4061794124641844,1.0884333805830104,1406.1794124641845,2755,2753,5508,0.5107807528021011,3488,3.488,2.0,1.4418554557143184,3509.1113110014926
nag,50,1.1674035664322835,0.9500332857141,1167.4035664322837,2435,2433,4868,0.4798206191665776,2442,2.442,2.0,0.9717009395567854,1907.0547476831107
nag,50,0.6165769397951841,0.4757445991517684,616.5769397951841,1211,1211,2422,0.5091469362470554,615,0.615,2.0,0.4385741038193324,664.9805014782003
nag,50,1.2950464818719023,1.0128408339765214,1295.0464818719024,2670,2669,5339,0.4852178650700271,3065,3.065,2.0,0.7633551223488232,2637.662390525773
nag,50,1.1568218979728448,0.8995204367699087,1156.821897972845,2365,2362,4727,0.4897637163305863,2467,2.467,2.0,1.0099132714579628,2123.9054278115273
nag,50,0.3955600394367861,0.3219898895919356,395.56003943678616,771,771,1542,0.5130480407740418,242,0.242,2.0,0.4068726905131792,273.42613806471917
nag,50,1.0990131568935868,0.8793159874962737,1099.0131568935867,2272,2271,4543,0.4839335785528783,2218,2.218,2.0,0.928697573657743,1943.2195478988608
nag,50,0.9938226912192716,0.7917219520835616,993.8226912192716,1967,1967,3934,0.505247936562924,1774,1.774,2.0,0.6297455212564053,1617.7057529803888
nag,50,1.4065135748250082,1.077164970102021,1406.5135748250082,2786,2785,5571,0.5050318042459634,3512,3.512,2.0,1.3328494813538332,2685.048921636957
nag,50,0.8092660734513403,0.6204707873787253,809.2660734513403,1622,1622,3244,0.4989309947295562,1032,1.032,2.0,0.6236428275256831,1357.835273313906
nag,50,1.563111684343495,1.2449474491332866,1563.1116843434947,3113,3112,6225,0.5022852456116629,4420,4.42,2.0,1.3003301403733376,4336.661530351614
nag,50,0.7500727414429214,0.5998948225396203,750.0727414429214,1568,1567,3135,0.4786679907102242,1016,1.016,2.0,0.5886280141030148,939.476782280018
nag,50,0.2054682785430158,0.1632510650555855,205.4682785430158,428,428,856,0.4800660713621864,50,0.05,2.0,0.1386530326926864,58.5425986444723
nag,50,0.7812104199076277,0.6276263347749825,781.2104199076277,1553,1552,3105,0.5033572293219251,1057,1.057,2.0,0.7563061848670535,918.2791470411952
nag,50,0.7820550018424609,0.5996872199995358,782.0550018424609,1618,1618,3236,0.4833467254897781,1084,1.084,2.0,0.538861273721863,1057.2547824977069
nag,50,0.7969636159281497,0.6141508110962821,796.9636159281497,1581,1581,3162,0.5040883086199556,1082,1.082,2.0,0.7388195758012773,937.6001405312414
nag,50,1.5338286165939388,1.2032688628833517,1533.8286165939387,3107,3105,6212,0.4939866720109303,4170,4.17,2.0,1.050728767051532,3242.2727027690553
nag,50,0.9979794598139218,0.8153109317063806,997.9794598139216,1982,1981,3963,0.5037755980888045,1772,1.772,2.0,0.7134139355128647,1813.5950143332084
nag,50,1.1495920365750776,0.916652557321495,1149.5920365750776,2408,2408,4816,0.4774053308036036,2471,2.471,2.0,1.0157893269054052,2864.7714426230377
nag,50,1.166125211899764,0.90271785387392,1166.125211899764,2324,2322,4646,0.5022072402669095,2418,2.418,2.0,1.1108674080682417,1861.4675117370105
nag,50,0.8281003820572304,0.6286306299481862,828.1003820572304,1565,1564,3129,0.5294759476069248,1124,1.124,2.0,0.5393262478223019,980.7829891719012
nag,50,1.1897300951458498,0.944993829388518,1189.73009514585,2379,2377,4756,0.500517499009613,2395,2.395,2.0,0.824025996886827,2605.3978895598225
nag,50,1.1765964017960704,0.9140387724253553,1176.5964017960705,2326,2324,4650,0.5062807236644021,2483,2.483,2.0,0.8235095300368165,2500.1710906274516
nag,50,0.7456104538150958,0.5949823703028292,745.6104538150959,1515,1514,3029,0.4924771821764173,971,0.971,2.0,0.6100347556578241,1000.9047418152284
nag,50,0.9930553694017616,0.7864791400680633,993.0553694017616,1939,1939,3878,0.5121482049519142,1724,1.724,2.0,0.6958365815898354,2154.068161138655
nag,50,1.3603897910381737,1.0926177853479742,1360.3897910381734,2707,2707,5414,0.5025451758545154,3072,3.072,2.0,1.0000846937217711,2639.276769424488
nag,50,0.3950740646361116,0.3214803876851843,395.0740646361116,792,792,1584,0.4988308896920601,293,0.293,2.0,0.3513583279478501,301.53437445876875
nag,50,0.3956177062375692,0.3217371080069191,395.6177062375693,812,811,1623,0.4878146809341175,249,0.249,2.0,0.3201338609404499,304.02474066166224
nag,50,1.2096525361718904,0.9518923942443982,1209.6525361718905,2383,2380,4763,0.5082573681394498,2633,2.633,2.0,0.9229841803946004,2974.242666708544
nag,50,1.4123507599551903,1.123502519314051,1412.3507599551906,2833,2832,5665,0.4987114265378498,3486,3.486,2.0,0.8089153089035392,3522.885513079964
nag,50,0.9720762595594826,0.7735775363375894,972.0762595594828,1953,1953,3906,0.4977348999280505,1685,1.685,2.0,0.7363496638388404,1580.3294390333438
nag,50,0.7725441728283031,0.6214577186191176,772.5441728283031,1626,1625,3251,0.4754117986635711,1032,1.032,2.0,0.4802847377024165,1022.3197200302944
nag,50,0.970726406293006,0.7613873086388693,970.726406293006,1947,1947,3894,0.4985754526415028,1689,1.689,2.0,0.7289892094500682,1330.9223740259165
nag,50,1.1882770429386142,0.9627584545176056,1188.2770429386142,2354,2350,4704,0.5056498055057933,2497,2.497,2.0,0.8805239923709242,2969.269591347452
nag,50,0.7874454314499965,0.6080804356128809,787.4454314499965,1575,1574,3149,0.5002829932973294,1021,1.021,2.0,0.6964160555992538,1171.7185509083622
nag,50,1.0149968616699492,0.8166831465294537,1014.9968616699492,1991,1990,3981,0.5100486742060045,1675,1.675,2.0,0.8775352167993685,1709.2391782091402
nag,50,1.449412105989664,1.107756975400466,1449.4121059896638,2850,2849,5699,0.5087441579465299,3694,3.694,2.0,1.207829141715711,3290.7767290398046
nag,50,1.32425588232392,1.0130233001184736,1324.25588232392,2721,2720,5441,0.4868587802661471,3283,3.283,2.0,1.224044342659093,3431.9037288680606
nag,50,1.1781625070631594,0.9132406278178594,1178.1625070631594,2359,2357,4716,0.4998568125002797,2372,2.372,2.0,0.9277816521482564,2709.472547177193
nag,50,0.6231564949955716,0.5176273424722491,623.1564949955716,1219,1218,2437,0.5116227380916023,663,0.663,2.0,0.5559595384688376,743.6967876564332
nag,50,1.6035253887373286,1.2376042402533491,1603.5253887373287,3167,3164,6331,0.5068032202077525,4499,4.499,2.0,1.5991932908756568,4532.153220808962
nag,50,0.9639666272967212,0.7777742521524408,963.9666272967212,1996,1996,3992,0.4829492120725057,1637,1.637,2.0,0.9019300636297776,1532.7614506008306
nag,50,0.8578617713684391,0.6496524753989222,857.8617713684391,1606,1605,3211,0.5344933154943546,1103,1.103,2.0,0.7441167169888409,1190.783454772185
nag,50,0.98310058080229,0.8017981222342329,983.10058080229,2000,2000,4000,0.491550290401145,1649,1.649,2.0,0.6516532584736743,1669.735343275956
nag,50,0.786664799222928,0.6161464692567663,786.664799222928,1562,1561,3123,0.5039492627949571,1098,1.098,2.0,0.5762539269025277,970.1883709520716
nag,50,1.5844839021739767,1.2404444629711409,1584.4839021739767,3213,3212,6425,0.493301339406593,4630,4.63,2.0,1.1835705705868522,3624.507773816283
nag,50,0.9805685511349418,0.8025054100323441,980.5685511349418,1997,1997,3994,0.4910208067776374,1661,1.661,2.0,0.7947132111390336,1685.2036718821612
nag,50,0.6006871882185201,0.4870290356714929,600.6871882185201,1175,1174,2349,0.5116585930311074,578,0.578,2.0,0.2993135659100635,501.9551228984064
nag,50,0.7851412541430725,0.6165144359555159,785.1412541430725,1635,1634,3269,0.4805026035147322,1054,1.054,2.0,0.8872162754900668,1325.5941308674026
nag,50,0.8039819681912693,0.621281424474314,803.9819681912693,1603,1603,3206,0.5015483270064063,1104,1.104,2.0,0.611715935262193,1151.8966738595152
nag,50,0.9920439400127938,0.7992167729124056,992.043940012794,2006,2004,4010,0.4950319061940089,1702,1.702,2.0,1.0808795388068162,1619.3646777632875
nag,50,1.5325992721444326,1.2840981692431983,1532.5992721444327,3165,3163,6328,0.4845397635613129,4537,4.537,2.0,1.0340847159622095,3798.414563428261
nag,50,0.563157988709853,0.442875732608576,563.157988709853,1161,1161,2322,0.4850628671058166,499,0.499,2.0,0.3454294121483196,432.2893124097139
nag,50,1.1588786235834172,0.8834249200304323,1158.8786235834173,2348,2346,4694,0.4939806579639459,2454,2.454,2.0,0.707330884456826,2624.84113945591
nag,50,0.9714312137305268,0.7478409365220829,971.4312137305268,1993,1992,3985,0.4876662719530757,1809,1.809,2.0,0.6633735806984934,1673.556103969385
nag,50,1.1532673189326503,0.8998881432046038,1153.2673189326504,2372,2372,4744,0.4862003874083686,2443,2.443,2.0,0.7644297301660546,2759.1627582425963
nag,50,0.8164592341915129,0.6396263412340002,816.4592341915129,1629,1628,3257,0.5015105861127229,1094,1.094,2.0,0.7892871600595885,1086.523803218487
nag,50,0.3939546251659696,0.3157214345024206,393.9546251659696,779,779,1558,0.5057183891732601,211,0.211,2.0,0.3046055477527892,185.37659826259952
nag,50,0.39367262759485,0.3256475004794326,393.6726275948501,782,782,1564,0.5034176823463555,209,0.209,2.0,0.408581878965847,243.99159857055523
nag,50,1.1907037874834567,0.9329848852853616,1190.7037874834568,2328,2327,4655,0.5116904974144636,2573,2.573,2.0,0.8886223355039082,2321.710048487051
nag,50,0.9867944691102974,0.7817255358465127,986.7944691102974,1962,1961,3923,0.5032098261653735,1769,1.769,2.0,0.5993091119101072,1844.5621411116545
nag,50,0.7557220766525198,0.6055708646593976,755.7220766525198,1567,1567,3134,0.4822731822926099,1064,1.064,2.0,0.5877556439411553,1286.4318223086923
nag,50,0.6099848108088438,0.4769534422922274,609.9848108088438,1230,1228,2458,0.4967303019615992,590,0.59,2.0,0.5587958086705057,589.6592586180203
nag,50,0.7808644903613292,0.6203261278577336,780.8644903613292,1546,1544,3090,0.5057412502340215,1042,1.042,2.0,0.6364867245679876,724.2249142873044
nag,50,0.397326347156643,0.3048589424517889,397.326347156643,830,830,1660,0.4787064423574012,252,0.252,2.0,0.3199914466689901,209.64310732602587
nag,50,1.4123446112577256,1.140758904114889,1412.3446112577255,2769,2767,5536,0.5104245071404863,3610,3.61,2.0,1.1721087020277263,4050.384882538986
nag,50,0.6078977537669109,0.4758007397063153,607.8977537669109,1223,1221,2444,0.4978687582038582,667,0.667,2.0,0.529594879195816,657.2776047128102
nag,50,1.0015332018157392,0.8004141111989798,1001.5332018157392,2028,2027,4055,0.4940963008464426,1797,1.797,2.0,0.8166717926323012,1933.5330338562333
nag,50,0.8015968246207247,0.645267448097539,801.5968246207246,1582,1581,3163,0.5070188644027354,1102,1.102,2.0,0.4300722038705024,1198.8009616551012
nag,50,0.817066586965798,0.6537290525468793,817.066586965798,1655,1654,3309,0.4939943089273265,1141,1.141,2.0,0.7134137119111814,1184.2565430415884
nag,50,0.7890958112630162,0.6305484717363999,789.0958112630162,1539,1537,3076,0.5134000073279221,980,0.98,2.0,0.6089517516650752,1113.0891340849014
nag,50,0.4051441056248598,0.3126825368675351,405.14410562485983,780,780,1560,0.5194155200318716,242,0.242,2.0,0.1976919346504407,251.19262113384863
nag,50,1.186278673230064,0.9565765460980038,1186.278673230064,2340,2338,4678,0.5073903649401471,2454,2.454,2.0,0.908996867650045,1750.3417987133148
nag,50,0.558582951965094,0.4273016849241361,558.582951965094,1135,1135,2270,0.4921435700132987,550,0.55,2.0,0.4117822676494916,475.0894973217254
nag,50,0.9921754952456522,0.7860271139198359,992.1754952456522,1940,1939,3879,0.5116944276666592,1654,1.654,2.0,0.6899536227906059,1320.0627873868627
nag,50,0.6484628475424995,0.4840530437762634,648.4628475424995,1229,1227,2456,0.5284945782742457,680,0.68,2.0,0.4630559460861164,707.7855911690383
nag,50,1.7388588219843868,1.3835538148945257,1738.8588219843869,3537,3535,7072,0.491897828001241,5400,5.4,2.0,1.202497377715184,5966.116515437652
nag,50,1.167264195139504,0.9435380990913504,1167.264195139504,2242,2241,4483,0.5208675569564944,2429,2.429,2.0,0.8647434135694436,3287.0755012716595
nag,50,0.6150657757407314,0.4970209981596761,615.0657757407314,1172,1171,2343,0.5252483140399072,614,0.614,2.0,0.4856079015282019,590.7757885829066
nag,50,1.5656096133045234,1.2517225917452697,1565.6096133045237,3188,3186,6374,0.4914028918093294,4486,4.486,2.0,1.0948008202789374,4242.641374510822
nag,50,1.5491234715630342,1.1839838151421391,1549.1234715630342,3167,3165,6332,0.4894544933848449,4207,4.207,2.0,1.222857227475003,4630.945017557092
nag,50,0.587398280221015,0.477367814833722,587.398280221015,1203,1203,2406,0.4882778721704198,612,0.612,2.0,0.4667456733499822,655.2532566249864
nag,50,1.2158068189147535,0.9645186091803746,1215.8068189147536,2380,2379,4759,0.5110579314479838,2571,2.571,2.0,0.9739008987390856,2445.1159008868676
nag,50,1.0327556348952185,0.8008671931538666,1032.7556348952185,2000,1997,3997,0.5171535477692631,1854,1.854,2.0,0.6716874589886178,1843.6708696280057
nag,50,0.7839545064990703,0.6034506210324025,783.9545064990702,1513,1511,3024,0.5188315727988553,981,0.981,2.0,0.4907580683435401,1079.219782510056
nag,50,1.1802322797873297,0.9160319708876418,1180.2322797873296,2327,2324,4651,0.507845215054789,2436,2.436,2.0,0.9645888971080622,1462.0536557192477
nag,50,1.783429205852729,1.4699535912571122,1783.429205852729,3518,3517,7035,0.5070882018347254,5589,5.589,2.0,1.4907198528469363,6871.8784383049315
nag,50,1.5893758503955164,1.2527851352542696,1589.3758503955164,3114,3114,6228,0.5103968691058177,4447,4.447,2.0,1.3679287774604394,4677.26564015509
nag,50,1.210456129738899,0.9443956878165788,1210.4561297388989,2400,2399,4799,0.5045669569566065,2797,2.797,2.0,0.8016277552873601,2685.6236172574154
nag,50,1.1817457250591628,0.8949063794195831,1181.7457250591629,2398,2397,4795,0.4930103150017367,2527,2.527,2.0,0.981183375539451,2473.4188248446794
nag,50,0.3942983934952569,0.3063556712379524,394.29839349525696,786,785,1571,0.5022909471277158,245,0.245,2.0,0.2797730699633686,299.1055900070963
nag,50,0.7984460998181792,0.6490767298134746,798.4460998181792,1576,1576,3152,0.5066282359252405,1046,1.046,2.0,0.5219236831441074,898.6774096208245
nag,50,1.3806854632013088,1.08417014858974,1380.6854632013087,2768,2768,5536,0.4988025517345768,3465,3.465,2.0,1.1974377114171006,3985.2205999573175
nag,50,1.3491106651542972,1.0640079312715205,1349.1106651542973,2743,2741,5484,0.492196521398868,3284,3.284,2.0,1.4182335696936792,2879.3696852516828
nag,50,0.5770669490670409,0.4609357395078965,577.0669490670409,1207,1206,2413,0.4784966410174469,590,0.59,2.0,0.4473468256522992,568.7771824830476
nag,50,1.1564894734380693,0.9073967236516328,1156.4894734380694,2321,2320,4641,0.4984868419991678,2365,2.365,2.0,1.0173683325854193,2018.7002046301616
nag,50,1.7890174681515851,1.4244036403665727,1789.017468151585,3531,3530,7061,0.5068038153403923,6019,6.019,2.0,1.1596425506940655,4578.236745573976
nag,50,1.139098001117273,0.903873373631231,1139.098001117273,2317,2317,4634,0.4916262413108645,2247,2.247,2.0,1.1580016771273265,1988.633371276857
nag,50,1.596779807502947,1.217321521371056,1596.7798075029466,3201,3200,6401,0.4989936898446708,4514,4.514,2.0,0.9424653203033178,4562.596638199539
nag,50,0.9650043488863794,0.7394574607603247,965.0043488863794,1948,1945,3893,0.496146194800195,1719,1.719,2.0,0.8570262317039056,1709.3516230751125
nag,50,1.002672985311252,0.7820195075778162,1002.672985311252,1964,1963,3927,0.5107860342899908,1778,1.778,2.0,0.5135782441673586,2102.7145905227826
nag,50,0.9549066119740064,0.7667367847003982,954.9066119740064,1940,1939,3879,0.4924737555306892,1599,1.599,2.0,0.8009681071279234,1447.8234633994646
nag,50,0.9868713027009908,0.7990684345156219,986.8713027009908,1945,1944,3889,0.5076498470684109,1588,1.588,2.0,0.8449295849045496,1441.343000885882
nag,50,0.5860434587728455,0.4818230133242407,586.0434587728455,1186,1186,2372,0.4941344509045914,573,0.573,2.0,0.4261842148808978,680.9380558638912
nag,50,0.6186988038446347,0.4926306351493292,618.6988038446348,1184,1183,2367,0.522991381102819,635,0.635,2.0,0.4245453596824471,634.0709924943677
nag,50,1.1619483850977463,0.933284880498051,1161.9483850977465,2399,2398,4797,0.4845489512501027,2505,2.505,2.0,0.839993463261265,1973.297251590681
nag,50,0.4007243163053712,0.3272418670272041,400.7243163053712,800,800,1600,0.500905395381714,237,0.237,2.0,0.366267134957263,189.80367213785505
nag,50,0.4066137229912668,0.3257852776452028,406.6137229912668,775,775,1550,0.5246628683758281,263,0.263,2.0,0.4544669931338048,256.32560791930695
nag,50,0.6004036973108395,0.4696295636143978,600.4036973108396,1178,1177,2355,0.5101135915979945,590,0.59,2.0,0.6300072618644239,715.8892354244515
nag,50,1.399692635486366,1.072087300629191,1399.6926354863658,2774,2772,5546,0.5049396231913297,3471,3.471,2.0,1.127413455089901,2650.45638292045
nag,50,2.1180621315638937,1.6719676027514765,2118.0621315638937,4206,4203,8409,0.5039405499795131,7879,7.879,2.0,1.5252918955177004,7387.204264363524
nag,50,1.2094768375682,0.9337676976718016,1209.4768375682002,2368,2368,4736,0.5107587996487332,2552,2.552,2.0,0.9879705266988896,2480.0258587509115
nag,50,1.1838531045046263,0.920415165281423,1183.8531045046263,2396,2394,4790,0.4945083978716066,2557,2.557,2.0,0.8322291896976663,2306.6664121132417
nag,50,1.23841464327233,0.9314616049450536,1238.41464327233,2385,2385,4770,0.5192514227556939,2702,2.702,2.0,0.902221260691807,2600.1906199533455
nag,50,1.570085533900781,1.2219307143085234,1570.085533900781,3097,3096,6193,0.5071335703813892,4463,4.463,2.0,1.0821543723348153,5536.012454724329
nag,50,0.3683893000031599,0.3002490992595873,368.3893000031599,773,772,1545,0.4771882124393263,214,0.214,2.0,0.3180773815295879,170.52285395289917
nag,50,0.9581852905427728,0.7537195577328273,958.1852905427728,1970,1969,3939,0.4866354954508749,1662,1.662,2.0,0.7310867538182351,1183.3724830838105
nag,50,0.9648324064387482,0.7838852960981192,964.8324064387482,2018,2016,4034,0.4785875031938235,1858,1.858,2.0,0.6259940383771622,1958.250250826594
nag,50,1.324179729799077,1.107382066802199,1324.179729799077,2733,2732,5465,0.4846924340406577,3229,3.229,2.0,1.3049200030689538,3793.028053098679
nag,50,1.3391600758694244,1.083635669197718,1339.1600758694244,2752,2749,5501,0.4871444437502453,3241,3.241,2.0,1.011624162939211,3788.692967124228
nag,50,1.3754112059269583,1.1486567556860303,1375.4112059269582,2716,2714,5430,0.5067837899509795,3328,3.328,2.0,1.1359898829666222,3119.379518030737
nag,50,0.9803375560392528,0.8060458954189795,980.3375560392526,1916,1914,3830,0.5121930804802782,1663,1.663,2.0,0.7002782968946376,1883.5594648127412
nag,50,0.581577186324173,0.4689870167214388,581.577186324173,1179,1179,2358,0.4932800562545996,620,0.62,2.0,0.4864490213929445,500.9344885021686
nag,50,0.5933899674727117,0.4881247135356911,593.3899674727116,1204,1204,2408,0.4928488101932821,573,0.573,2.0,0.5568854533667427,536.203143124233
nag,50,1.3516518248563616,1.103417941947555,1351.6518248563616,2787,2786,5573,0.4851585875292037,3467,3.467,2.0,1.0967859396236437,3104.3336028497138
nag,50,0.8256676935582224,0.6584377417681605,825.6676935582225,1561,1560,3121,0.5292741625373221,1032,1.032,2.0,0.6374140035007778,1136.1989298380845
nag,50,0.3901246771051206,0.3188773427991629,390.1246771051206,783,783,1566,0.4982435212070505,230,0.23,2.0,0.343175908148093,280.5795759499589
nag,50,1.0244363128216665,0.8012451123878739,1024.4363128216664,2014,2014,4028,0.5086575535360807,1834,1.834,2.0,0.7160019061912505,1599.3378369689544
nag,50,1.7645419710417691,1.3154116017324529,1764.541971041769,3612,3611,7223,0.4886574275939543,5772,5.772,2.0,1.282505526424941,5851.259233644215
nag,50,1.9207761679481237,1.4796203889480817,1920.7761679481237,3847,3843,7690,0.4998116492188716,6663,6.663,2.0,1.2843519178909852,9008.252487566426
nag,50,0.4171121701174546,0.3373764808386554,417.1121701174546,804,803,1607,0.5194423040067928,230,0.23,2.0,0.3500973048678909,199.14830178510215
nag,50,1.2019592019642389,0.9284303327138062,1201.959201964239,2369,2367,4736,0.5077985644124371,2405,2.405,2.0,0.9157063456857446,2192.962726133246
nag,50,1.6230593459456468,1.2379344043264664,1623.0593459456468,3168,3165,6333,0.5128149592245329,4587,4.587,2.0,1.4611972141886274,3860.247859547402
nag,50,1.5390291789476291,1.2401046184006006,1539.0291789476291,3186,3185,6371,0.483211673138973,4408,4.408,2.0,1.3841363651829708,4224.441665731251
nag,50,1.0067735798677386,0.817809891184087,1006.7735798677388,2011,2010,4021,0.5008823780436511,1766,1.766,2.0,0.7495300181505813,2035.716200637089
nag,50,0.9653204683862404,0.7658912695585501,965.3204683862403,1932,1930,3862,0.5001660457959796,1650,1.65,2.0,0.6276099079941736,1859.4632752639
nag,50,0.5652578887311622,0.446194843414659,565.2578887311622,1155,1155,2310,0.4894007694642097,493,0.493,2.0,0.3957083696704239,471.2968283362743
nag,50,0.7870326597554479,0.6304174312053678,787.0326597554479,1603,1603,3206,0.4909748345324066,1134,1.134,2.0,0.519000155587332,918.0002727310936
nag,50,1.190470712857848,0.9444554062024614,1190.470712857848,2347,2346,4693,0.5074470216785371,2416,2.416,2.0,0.9874510277723444,2553.2402806968335
nag,50,0.5630367978396102,0.447582636082002,563.0367978396102,1211,1211,2422,0.4649354234844015,574,0.574,2.0,0.431401185687376,602.9150972728307
nag,50,0.212003365842616,0.1670579387140179,212.003365842616,418,418,836,0.5071850857478852,49,0.049,2.0,0.164790974550063,46.49577102889577
nag,50,0.584623590528087,0.4831582784903097,584.623590528087,1155,1155,2310,0.5061676108468286,659,0.659,2.0,0.455817024883275,749.543166463362
nag,50,1.025590890598564,0.8010801266542215,1025.590890598564,1997,1995,3992,0.5140806469165735,1690,1.69,2.0,0.7419920070581039,1426.302605240278
nag,50,0.4020163039819395,0.3106187405027568,402.0163039819395,820,820,1640,0.4902637853438286,255,0.255,2.0,0.3114319138301675,161.44845292025707
nag,50,1.9980682207857816,1.534111899454515,1998.0682207857817,3877,3876,7753,0.5154974769829158,7127,7.127,2.0,1.1762370354450842,4760.535097437322
nag,50,0.996754258020707,0.8290958407701499,996.7542580207072,1943,1943,3886,0.5129975594548158,1749,1.749,2.0,0.8754619255637073,1713.362418982727
nag,50,1.0250074717627842,0.8122565593380984,1025.0074717627842,1988,1987,3975,0.5158568051146373,1892,1.892,2.0,0.899015398947051,1790.4341672418034
nag,50,0.3949448663358503,0.3193821351285313,394.9448663358503,802,802,1604,0.492449958024751,212,0.212,2.0,0.3203416583811049,203.0716776088035
nag,50,0.8074186182620261,0.6337515145254502,807.4186182620261,1597,1597,3194,0.5055846075529281,1124,1.124,2.0,0.7131425070190176,1241.195070182723
nag,50,0.756134970314396,0.6079596616264534,756.134970314396,1550,1550,3100,0.4878290131060619,973,0.973,2.0,0.5873791725386275,930.8980146348496
nag,50,1.3975265382540114,1.15121992353097,1397.5265382540117,2746,2744,5490,0.5093026742908205,3426,3.426,2.0,1.1007329447274108,3615.85738007522
nag,50,0.9798525116394946,0.7954454058511224,979.8525116394948,1996,1995,3991,0.491154141172679,1668,1.668,2.0,0.8830702396863099,2198.5423589893367
nag,50,0.7844944455630967,0.6415317758643457,784.4944455630966,1597,1597,3194,0.4912300848860968,1069,1.069,2.0,0.5570056619311309,737.000997563667
nag,50,1.368479957535084,1.091507342377412,1368.479957535084,2729,2727,5456,0.5018261670462354,3274,3.274,2.0,1.161772251018657,3510.9175930498973
nag,50,0.760879767504453,0.6350711288543702,760.879767504453,1594,1594,3188,0.4773398792374234,1001,1.001,2.0,0.5793113991286198,847.6498098858533
nag,50,0.611754936446399,0.481667413240267,611.754936446399,1222,1221,2443,0.5010277939773948,643,0.643,2.0,0.3291718305112128,665.3475945900416
nag,50,0.4035369705822595,0.3139481850048511,403.5369705822595,798,798,1596,0.5056854267948114,213,0.213,2.0,0.3315033512602346,231.70496757722273
nag,50,0.5603425856494123,0.4459669842946082,560.3425856494123,1176,1176,2352,0.4764817905182077,513,0.513,2.0,0.5383491405951103,564.895542779165
nag,50,0.785128843963166,0.6539877243107062,785.128843963166,1591,1589,3180,0.4941024820410107,991,0.991,2.0,0.6619996458402743,774.8237575962586
nag,50,1.385823935652687,1.1164576053132476,1385.823935652687,2740,2740,5480,0.505775158997331,3481,3.481,2.0,0.986636475240117,3147.999460048112
nag,50,1.1739630489731745,0.9123156873455002,1173.9630489731744,2306,2305,4611,0.5093115179927004,2482,2.482,2.0,1.081140958084967,2473.845097745918
nag,50,0.5883413737337316,0.4661500824827287,588.3413737337316,1152,1152,2304,0.5107129980327532,643,0.643,2.0,0.6009115241814157,814.832802598316
nag,50,0.4050762215058945,0.3122446694939624,405.0762215058945,813,812,1625,0.4988623417560277,221,0.221,2.0,0.2876096890616359,207.1393803787694
nag,50,1.3790360606076988,1.125552135120393,1379.0360606076988,2786,2785,5571,0.4951655513851701,3434,3.434,2.0,0.969640457676614,3465.4178612537853
nag,50,0.9534635665875092,0.7408165454435527,953.4635665875091,1937,1936,3873,0.4924915116671018,1670,1.67,2.0,0.7137907724789714,1615.5822833395423
nag,50,0.3676438636241354,0.2942505452075932,367.6438636241354,821,821,1642,0.4478000774959018,218,0.218,2.0,0.2825676184890989,265.9097044275837
nag,50,0.7443987504230721,0.60319631160276,744.3987504230721,1531,1531,3062,0.48621734188313,967,0.967,2.0,0.4866217506152906,993.5488513292656
nag,50,1.3787612919189338,1.078575816440996,1378.761291918934,2707,2706,5413,0.5095200635324959,3271,3.271,2.0,1.2088438785687108,3140.402426478876
nag,50,0.1897752937887001,0.1537606316561126,189.77529378870008,392,392,784,0.4841206474201532,31,0.031,2.0,0.1818768770563963,34.36715377000903
nag,50,1.3598330051341951,1.1076646914402406,1359.8330051341952,2803,2802,5605,0.4853079961221253,3498,3.498,2.0,0.7933954305322165,3223.2129554627027
nag,50,0.2016056219006339,0.1609607951186926,201.6056219006339,413,413,826,0.4881492055705422,39,0.039,2.0,0.1718524567559302,43.08935476247692
nag,50,1.1541507969473883,0.9012625999807462,1154.1507969473882,2364,2361,4725,0.4888398123453571,2390,2.39,2.0,0.9756559303441984,2437.7851198189883
nag,50,0.5864336864621245,0.4697993532403954,586.4336864621245,1182,1182,2364,0.4961367905770934,580,0.58,2.0,0.4725363633146084,678.9009437776236
nag,50,1.2134105524897465,0.9812400802212626,1213.4105524897464,2398,2398,4796,0.5060094047079843,2508,2.508,2.0,0.7672834262380419,2170.3842321509983
nag,50,0.3939812655146439,0.3188048184005542,393.9812655146439,795,794,1589,0.4961980673987959,187,0.187,2.0,0.2699481980810949,209.2383542065494
nag,50,0.7551663835195743,0.5937839213291,755.1663835195743,1568,1567,3135,0.4819185599997283,1074,1.074,2.0,0.5436596584160315,1153.8737623406196
nag,50,0.8114111207382043,0.6240995107678082,811.4111207382043,1602,1601,3203,0.5068151909670233,1142,1.142,2.0,0.6197227360014361,1018.6021280533112
nag,50,0.9914980056884918,0.7895074563426967,991.4980056884916,2021,2021,4042,0.4905977267137514,1662,1.662,2.0,0.8564411302222413,1487.2155397649728
nag,50,0.8115488804301604,0.6327678050999773,811.5488804301604,1564,1563,3127,0.519225131433244,1138,1.138,2.0,0.7499347560198466,1485.2063717309725
nag,50,0.7804731100334827,0.6142564303141484,780.4731100334827,1607,1607,3214,0.4856708836549364,1126,1.126,2.0,0.7184940984236771,1166.6826964716715
nag,50,0.8116069680655323,0.6462008063662139,811.6069680655323,1569,1568,3137,0.5176064847356712,1056,1.056,2.0,0.6209288741579109,771.2070505691527
nag,50,1.6205491124183804,1.2977716477757135,1620.5491124183804,3142,3141,6283,0.5159341332118371,4601,4.601,2.0,1.341141128536912,3121.4882557540855
nag,50,1.5886099121959332,1.254916642997676,1588.6099121959332,3119,3116,6235,0.5098234634775138,4437,4.437,2.0,1.361732272750798,5736.732479648455
nag,50,0.0,0.0,0.0,0,0,0,,0,0.0,2.0,0.0,0.0
nag,50,1.523377446407958,1.243168538729409,1523.377446407958,3117,3116,6233,0.488888782544274,4180,4.18,2.0,1.240961473481921,3393.7013292301135
nag,50,0.5640862906226192,0.4522306236875237,564.0862906226191,1134,1134,2268,0.497430591377971,558,0.558,2.0,0.4767769007545334,608.3826046828652
nag,50,0.9623052273541944,0.7773430117540719,962.3052273541946,1994,1994,3988,0.4826004149218629,1735,1.735,2.0,0.7022505565490011,1653.886083286846
nag,50,0.7709463788469147,0.6364420057589817,770.9463788469147,1551,1550,3101,0.4973847605463966,1029,1.029,2.0,0.439588618442215,1172.2193108165864
nag,50,0.1998333838383643,0.1599000025420732,199.83338383836428,388,388,776,0.5150344944287739,47,0.047,2.0,0.1531094301447426,40.881888662129505
nag,50,0.0,0.0,0.0,0,0,0,,0,0.0,2.0,0.0,0.0
nag,50,0.80545983575639,0.6319403319962755,805.45983575639,1558,1558,3116,0.516983206518864,1130,1.13,2.0,0.6403755483093416,1202.0044450716168
nag,50,1.196314871067104,0.9549887817742574,1196.314871067104,2377,2377,4754,0.5032877034358872,2658,2.658,2.0,0.907613923301294,2780.705662406195
nag,50,0.7468533900345735,0.6009602384254644,746.8533900345735,1528,1527,3055,0.4890984872525039,917,0.917,2.0,0.5483384903216466,987.020856561572
nag,50,1.0106282918741205,0.7804541570431556,1010.6282918741204,1937,1935,3872,0.5222885229323619,1730,1.73,2.0,0.7931870893664345,1819.5304071349904
nag,50,0.96316836304983,0.733927439947371,963.16836304983,2000,2000,4000,0.481584181524915,1707,1.707,2.0,0.715163341211856,1625.6451729041305
nag,50,0.5513024456452184,0.463538236826056,551.3024456452183,1125,1125,2250,0.4900466183513051,525,0.525,2.0,0.3728765444065261,666.0474869013935
nag,50,0.7964065220061939,0.6288664451311761,796.4065220061939,1623,1623,3246,0.4907002600161392,1099,1.099,2.0,0.6419227987815478,1450.2922580035208
nag,50,0.5764745942097318,0.4437201610608926,576.4745942097318,1145,1145,2290,0.503471261318543,548,0.548,2.0,0.429259256403008,519.0590404263431
nag,50,1.173254279464224,0.9452012478490412,1173.254279464224,2364,2364,4728,0.4963004566261523,2528,2.528,2.0,1.0738821587683205,2192.5154119862395
nag,50,1.0079685393320923,0.7985725739101622,1007.9685393320924,1993,1991,3984,0.50626245069417,1726,1.726,2.0,0.7945793617184942,1684.870185155052
nag,50,1.092712302240393,0.8915883457912721,1092.712302240393,2266,2266,4532,0.4822207865138539,2301,2.301,2.0,0.8648135145979844,2531.5750251730087
nag,50,0.5907812605509574,0.4537687366091532,590.7812605509573,1142,1142,2284,0.517321594177721,548,0.548,2.0,0.3599665338890274,508.09964186999593
nag,50,0.8150244623943892,0.6367509706961205,815.0244623943892,1550,1549,3099,0.5261616929595798,1060,1.06,2.0,0.708111088138651,1101.0506485210717
nag,50,1.9382434467285303,1.468939209065556,1938.2434467285304,3903,3902,7805,0.4967307654352974,6981,6.981,2.0,1.601855570369741,7175.677710390578
nag,50,1.55182369160972,1.1889515982784131,1551.8236916097198,3173,3172,6345,0.4892256278719167,4206,4.206,2.0,1.1590872482482657,3920.926977580104
nag,50,1.2095500549749711,0.9773792594607086,1209.550054974971,2433,2432,4865,0.4973478844469453,2723,2.723,2.0,1.119284598926902,2624.0585354091468
nag,50,0.3822670936004822,0.3088657772761201,382.2670936004822,755,754,1509,0.5069855352791541,230,0.23,2.0,0.2938509519755947,277.94576239496286
nag,50,1.529061240683926,1.2327560577377448,1529.061240683926,3135,3133,6268,0.4880501885362036,4404,4.404,2.0,1.2166500627982817,4879.175062507917
nag,50,0.0,0.0,0.0,0,0,0,,0,0.0,2.0,0.0,0.0
nag,50,0.992493387117456,0.8084852187802278,992.493387117456,1960,1958,3918,0.5068914132366986,1667,1.667,2.0,0.7161744722790557,1722.9164508061083
nag,50,0.9980677038739612,0.7882268691667645,998.0677038739612,2024,2023,4047,0.4933602095274152,1685,1.685,2.0,0.8278213562248435,1684.8400810270832
nag,50,0.9857040780008648,0.794922634169996,985.7040780008648,1977,1977,3954,0.4985857754177363,1923,1.923,2.0,0.8590725372562087,2015.258036991457
nag,50,0.8075348966504486,0.635815260406759,807.5348966504487,1578,1578,3156,0.5117458153678381,1139,1.139,2.0,0.5534271742147433,942.5710562401614
nag,50,0.3878372865651355,0.3206407432311412,387.8372865651355,810,809,1619,0.4794033208468918,191,0.191,2.0,0.2359599742748503,212.0565475420316
nag,50,0.5846975214726737,0.448576235108481,584.6975214726738,1204,1203,2407,0.4860328524294877,606,0.606,2.0,0.4565450895159357,468.2878296478489
nag,50,1.143424269332789,0.9503805837351276,1143.424269332789,2286,2285,4571,0.5004044942375444,2386,2.386,2.0,0.8754029145595086,2159.7379686209074
nag,50,0.989028707459199,0.7546698820416526,989.028707459199,2035,2034,4069,0.4862481354273348,1714,1.714,2.0,0.8318010375416498,2052.907439896825
nag,50,0.773612194427259,0.6241181956095138,773.612194427259,1514,1513,3027,0.5113101086763113,1010,1.01,2.0,0.5916779828642313,878.1132828870209
nag,50,1.0053614992834,0.7723903008178763,1005.3614992834,1927,1927,3854,0.5217236633541257,1636,1.636,2.0,0.912551464299792,1636.8930001592578
nag,50,1.181292912937752,0.9540311571316852,1181.292912937752,2329,2329,4658,0.507210353343818,2371,2.371,2.0,0.9435489650573634,2707.709401302314
nag,50,0.8156519635502417,0.6645733973644528,815.6519635502417,1596,1596,3192,0.5110601275377454,1082,1.082,2.0,0.8233102239197216,850.0501928876906
nag,50,0.5889258131445965,0.4538938796006888,588.9258131445964,1169,1169,2338,0.5037859821596206,561,0.561,2.0,0.3949929763929002,517.4650470116859
nag,50,1.0329854189782552,0.8211163499076546,1032.9854189782552,2039,2038,4077,0.5068623253082705,1928,1.928,2.0,0.7530838132196429,2202.914035355585
nag,50,0.5719588390850413,0.4617476804302484,571.9588390850413,1208,1208,2416,0.4734758601697361,522,0.522,2.0,0.6144671732656632,603.6309115452227
nag,50,0.8134259649840255,0.6627743666644474,813.4259649840255,1588,1588,3176,0.5122329754307465,1129,1.129,2.0,0.62355690179888,729.8772411977337
nag,50,0.58989096451323,0.4454848105597467,589.89096451323,1205,1205,2410,0.4895360701354605,604,0.604,2.0,0.5040223333968041,675.4059943807214
nag,50,0.9859809208376584,0.7638490742316055,985.9809208376583,1943,1941,3884,0.507975744893178,1693,1.693,2.0,0.8150009280628087,1693.1457894535065
nag,50,1.0100570417942285,0.7710320085721626,1010.0570417942286,1962,1960,3922,0.5153352254052187,1739,1.739,2.0,0.8127805742110441,1482.1615799088138
nag,50,1.4254131591651409,1.1232887306196169,1425.4131591651408,2780,2779,5559,0.5129230511569416,3580,3.58,2.0,1.0695786788787591,3559.372057217266
nag,50,1.627796511488835,1.2951001550241108,1627.796511488835,3226,3223,6449,0.5050563175578141,4688,4.688,2.0,1.1649043728829471,5060.951868113049
nag,50,0.8195661928158773,0.6236659078138989,819.5661928158772,1616,1615,3231,0.5074713268209766,1048,1.048,2.0,0.6098183026019832,1022.8328009820892
nag,50,0.9973271958638634,0.7691456538772272,997.3271958638634,1975,1973,3948,0.5054876816339906,1672,1.672,2.0,0.5607343190571122,1895.234275294408
nag,50,0.9892791490645976,0.8043079134119073,989.2791490645976,1963,1960,3923,0.5047342597268356,1680,1.68,2.0,1.0449373702467917,1724.6122239725046
nag,50,0.4029052557153993,0.3194738881240106,402.90525571539933,810,808,1618,0.4986451184596526,238,0.238,2.0,0.4000072308952847,292.62861466523873
nag,50,1.1406207382433222,0.8996781271777502,1140.6207382433222,2300,2298,4598,0.4963536719944831,2419,2.419,2.0,0.7610296417543213,2836.708138240554
nag,50,0.5874546321009316,0.4740730451747138,587.4546321009316,1176,1175,2351,0.4999613890220694,605,0.605,2.0,0.4774080616788577,504.9241223461148
nag,50,0.3841268752177929,0.3181200309479419,384.1268752177929,778,778,1556,0.4937363434676001,253,0.253,2.0,0.2249910273381034,243.4439267650182
nag,50,0.9899462287445632,0.7612608288948327,989.9462287445632,2051,2049,4100,0.4831362756196013,1797,1.797,2.0,0.9049997706476812,1720.5489709904214
nag,50,0.5850547052073741,0.4681000372817366,585.0547052073741,1142,1142,2284,0.512307097379487,543,0.543,2.0,0.4138743738245726,499.04003979602794
nag,50,0.7684115657567065,0.6088333667983723,768.4115657567065,1570,1569,3139,0.4897460584810111,1058,1.058,2.0,0.5735132364867784,1179.6775747989186
nag,50,0.9755188386699688,0.7804797750177911,975.5188386699688,1955,1954,3909,0.4992419849897486,1636,1.636,2.0,0.6876229885733007,1529.4083803820365
nag,50,0.977182649927796,0.7650785462213577,977.182649927796,2004,2003,4007,0.4878595356604073,1681,1.681,2.0,0.8141488757919068,1768.913317632655
nag,50,1.5788221744705868,1.2840330050553106,1578.8221744705868,3220,3219,6439,0.4904697652906452,4705,4.705,2.0,1.3081884216464374,3059.5470023974876
nag,50,1.4246487137812345,1.0778750123286651,1424.6487137812342,2805,2802,5607,0.5084399406785275,3548,3.548,2.0,0.8625578299447366,4413.180593252512
nag,50,1.9474386495974771,1.4932242256662476,1947.4386495974773,3888,3885,7773,0.5012712096776003,6881,6.881,2.0,1.6784984925396285,5782.7080550399405
nag,50,0.5778941925931516,0.4662403805883511,577.8941925931515,1208,1208,2416,0.4783892322790989,608,0.608,2.0,0.4908552935808122,753.2792485373172
nag,50,0.194359389775195,0.1565838173814088,194.35938977519504,384,383,767,0.5074657696480288,36,0.036,2.0,0.1366249329458772,37.90028337527862
nag,50,1.76068693326306,1.3740021598514445,1760.68693326306,3521,3521,7042,0.5000530909579836,5552,5.552,2.0,1.0689025780235812,6635.88564705353
nag,50,1.256143522473648,0.9467258649261882,1256.143522473648,2384,2384,4768,0.5269058399637785,2570,2.57,2.0,0.762527110584989,2527.808686676568
nag,50,1.1681968967276115,0.9226149738813528,1168.1968967276116,2320,2319,4639,0.5037502788821093,2346,2.346,2.0,0.6781382818405403,2267.698218211777
nag,50,1.3718505508871972,1.0360343640343077,1371.8505508871972,2725,2724,5449,0.503616208108369,3443,3.443,2.0,1.0970283928387787,3277.576335240059
nag,50,0.1978811944414532,0.158724227327877,197.8811944414532,406,405,811,0.4885955418307486,60,0.06,2.0,0.1710114559338117,55.75825161113896
nag,50,1.1358733083406882,0.8785452761979735,1135.8733083406885,2320,2318,4638,0.4900229975585368,2362,2.362,2.0,0.8659658803875162,2503.185940419303
nag,50,0.762477359387775,0.5825535922264302,762.4773593877751,1550,1549,3099,0.4922384502180601,1055,1.055,2.0,0.6769985569059761,1256.4275172273033
nag,50,1.0333606281374057,0.8202624085551797,1033.3606281374057,1953,1952,3905,0.529385567693343,1882,1.882,2.0,0.8471977649299526,1827.7060278621984
nag,50,0.5850148480474343,0.4555443392005764,585.0148480474343,1212,1211,2423,0.4830841024338846,606,0.606,2.0,0.4367930158720692,594.587187097193
nag,50,0.2206061096884406,0.1719390540565723,220.60610968844065,400,400,800,0.5515152742211016,51,0.051,2.0,0.1605119512895559,62.41242126385088
nag,50,1.5719548985175391,1.2107427272516638,1571.954898517539,3186,3183,6369,0.4938595345641027,4535,4.535,2.0,1.2876914087747953,5056.698171446965
nag,50,0.8481185017509881,0.625647145508359,848.1185017509881,1674,1673,3347,0.5069447111482296,1243,1.243,2.0,0.5585629732425111,1113.7070956981
nag,50,1.0181163678386969,0.8254600769527473,1018.1163678386968,2014,2013,4027,0.5057706745348717,1819,1.819,2.0,0.8998717118692613,1814.598393915374
nag,50,1.1698830333498813,0.9626259232429116,1169.883033349881,2362,2360,4722,0.4957131497245259,2443,2.443,2.0,0.8368972065726253,2275.9230070214194
nag,50,0.6095558830474384,0.4831374672994146,609.5558830474383,1217,1216,2433,0.5012795090850645,596,0.596,2.0,0.6069106822693661,557.7614618548773
nag,50,1.1616163474775671,0.9129193089935784,1161.6163474775672,2396,2394,4790,0.4852198611017406,2498,2.498,2.0,1.0460980603712444,2397.8591096584714
nag,50,0.984517075702746,0.7798562627334845,984.517075702746,1935,1934,3869,0.5090574331451634,1697,1.697,2.0,0.8150932049209951,1925.659740503898
nag,50,0.7386307134243666,0.6258716846543305,738.6307134243666,1538,1538,3076,0.4802540399378196,1002,1.002,2.0,0.6074200744049072,926.8755769998644
nag,50,0.6024076551494028,0.4876311945014171,602.4076551494028,1217,1216,2433,0.4954010321952325,595,0.595,2.0,0.5068307715113304,728.9569777159031
nag,50,0.600922381264502,0.47100898057764,600.9223812645021,1220,1219,2439,0.4929633972637424,612,0.612,2.0,0.3171841805850046,490.0399349609704
nag,50,1.3566334597692928,1.0270911336014077,1356.6334597692928,2671,2668,5339,0.5084833057606045,3354,3.354,2.0,0.9021846605021676,3360.8318325561054
nag,50,0.9840569121752571,0.750153739796411,984.0569121752573,1911,1911,3822,0.514943439128863,1541,1.541,2.0,0.9046151534403378,1709.358500541818
nag,50,0.4130072034445744,0.331465357707603,413.0072034445744,815,815,1630,0.5067573048399686,261,0.261,2.0,0.3237747756057876,301.6128248962539
nag,50,0.3989819955942569,0.3207567737714017,398.9819955942569,843,842,1685,0.4738503510620628,260,0.26,2.0,0.3234361919316492,289.94551259667503
nag,50,1.0125910083106406,0.809394890499165,1012.5910083106407,1929,1928,3857,0.5252028051403739,1737,1.737,2.0,0.5764267405819399,1442.5190387032867
nag,50,1.1664025385540913,0.9171995411566132,1166.4025385540913,2286,2285,4571,0.5104606295641537,2361,2.361,2.0,1.1549037691468484,2330.525517837681
nag,50,0.7844622158381876,0.591065265585266,784.4622158381876,1607,1607,3214,0.4881532145850576,1154,1.154,2.0,0.6493148670032494,1218.295194287214
nag,50,0.6169520580164853,0.4816675056564944,616.9520580164854,1169,1169,2338,0.5277605286710738,597,0.597,2.0,0.710638886127068,656.252753035057
nag,50,1.3573550489813615,1.0936043462894798,1357.3550489813615,2727,2726,5453,0.497929218261688,3333,3.333,2.0,1.01640595109679,4013.87350184231
nag,50,1.3639787087505209,1.0206760027629962,1363.9787087505208,2725,2723,5448,0.5009102859899085,3177,3.177,2.0,0.969960591843054,3540.2351980148123
nag,50,0.4154614922199412,0.3250622677389068,415.4614922199412,840,840,1680,0.494597014547549,265,0.265,2.0,0.344481744503074,251.33842306402508
nag,50,1.9092557119715563,1.4919059456972354,1909.2557119715568,3826,3825,7651,0.4991518201232828,6745,6.745,2.0,1.3634302779788203,6570.734868047158
nag,50,0.7912307494054565,0.636764821982423,791.2307494054564,1587,1587,3174,0.498570100444522,1066,1.066,2.0,0.5423842344238623,1120.2923936399357
nag,50,0.4350374260069687,0.3389400369464516,435.0374260069688,830,830,1660,0.5241414771168298,274,0.274,2.0,0.3266217192550455,307.2453507521319
nag,50,2.133113468162849,1.7252977062711774,2133.113468162849,4231,4230,8461,0.5042821437737232,8205,8.205,2.0,1.377653171779385,8522.472647565204
nag,50,0.3813036582760706,0.3089957760802317,381.3036582760707,782,780,1562,0.4888508439436803,216,0.216,2.0,0.2906783269347995,239.63954546352892
nag,50,1.0195883537932402,0.8054977083930768,1019.5883537932402,1960,1959,3919,0.5204636823855233,1627,1.627,2.0,0.8444235536045658,1359.4718759228367
nag,50,1.2463213912959086,0.9922454940620462,1246.3213912959086,2468,2467,4935,0.505197159017393,2798,2.798,2.0,1.0000108835840915,2160.0225754766007
nag,50,0.0,0.0,0.0,0,0,0,,0,0.0,2.0,0.0,0.0
nag,50,0.9878542621757124,0.7540768786140475,987.8542621757124,2000,2000,4000,0.4939271310878562,1659,1.659,2.0,0.8708284525829912,1304.2243840210626
nag,50,1.1982427737974772,0.9190433849169,1198.2427737974772,2386,2384,4770,0.5026186131700827,2624,2.624,2.0,0.6897603562816126,2532.6858069910413
nag,50,0.1956086801422372,0.1573459243952491,195.60868014223723,395,394,789,0.4964687313254752,45,0.045,2.0,0.16492628215592,48.29136226994177
nag,50,1.133723195634862,0.9051366415884776,1133.723195634862,2309,2307,4616,0.4914274796856792,2295,2.295,2.0,0.9380011671402998,2196.692885041442
nag,50,1.381681340646556,1.150515438013165,1381.681340646556,2794,2792,5586,0.4948715403461877,3542,3.542,2.0,0.882301647504975,3205.4722876775845
nag,50,1.2054422727273653,0.9079691348432511,1205.4422727273652,2279,2278,4557,0.5291669327161392,2610,2.61,2.0,0.8009372199188575,2204.5875924690645
nag,50,0.997019249944359,0.7938705770246773,997.019249944359,1918,1916,3834,0.5203649529980997,1628,1.628,2.0,0.9808533165562848,1634.2331606538005
nag,50,0.955259398737474,0.7720802323733192,955.2593987374742,1939,1937,3876,0.4931643772521807,1731,1.731,2.0,0.8236473034960299,1626.9843976572288
nag,50,0.9758476319167204,0.8219784214256933,975.8476319167204,1952,1952,3904,0.499921942580287,1615,1.615,2.0,1.0221497086208706,1275.28271095144
nag,50,0.9628085042268044,0.76775385370763,962.8085042268044,1873,1872,3745,0.5143207821724383,1639,1.639,2.0,0.7754609342599824,1971.297061641255
nag,50,1.3678418676968154,1.041848318054594,1367.8418676968154,2726,2725,5451,0.5019603184208496,3400,3.4,2.0,0.9545958901139128,3280.428541164848
nag,50,1.3380073999216342,1.0278372891227507,1338.0073999216345,2739,2738,5477,0.4886805697303266,3390,3.39,2.0,1.356152931085609,2155.284592076513
nag,50,0.7951465072687106,0.6183233363715216,795.1465072687106,1574,1573,3147,0.5054968259813799,1025,1.025,2.0,0.5352847317231316,930.9779089705612
nag,50,1.5648879646687106,1.2710269259530345,1564.8879646687103,3120,3116,6236,0.5022105149771214,4411,4.411,2.0,1.0820401099100403,4469.100874550716
nag,50,0.1776768858474727,0.1461078100830169,177.67688584747276,388,388,776,0.4579301181635896,43,0.043,2.0,0.1559329912344913,35.70953228745707
nag,50,0.4208637349539875,0.328416848325375,420.86373495398755,808,808,1616,0.5208709591014697,246,0.246,2.0,0.3666316699001656,202.48824706378537
nag,50,0.8233615751278228,0.6528496373258874,823.3615751278228,1579,1579,3158,0.5214449494159739,1063,1.063,2.0,0.7027908079619347,1098.9911810660233
nag,50,0.9860317871126516,0.7920103671551767,986.0317871126516,1993,1992,3985,0.4949958770645841,1635,1.635,2.0,0.7479161143445675,2001.9764131925804
nag,50,1.746067009162516,1.280046744339047,1746.067009162516,3490,3487,6977,0.5007361655183584,5505,5.505,2.0,1.2195588862497682,4542.674100009565
nag,50,0.6073789415821862,0.4724945521601854,607.3789415821861,1159,1158,2317,0.5245068580157047,577,0.577,2.0,0.417329374629823,555.3005194046682
nag,50,1.2367460080565826,0.9653500200097122,1236.7460080565827,2400,2398,4798,0.5157406205406934,2601,2.601,2.0,1.01654686386186,2150.223080055204
nag,50,1.387110120161928,1.0877870404070926,1387.110120161928,2801,2799,5600,0.4955734620085488,3375,3.375,2.0,1.1697017066828663,2903.2526513664043
nag,50,1.0032387612683713,0.8009871541443543,1003.2387612683711,2026,2025,4051,0.4954265487745043,1790,1.79,2.0,0.7225811728362842,2374.791888221738
nag,50,1.2578245320515469,0.9903117756121024,1257.8245320515466,2371,2371,4742,0.5305038093848784,2686,2.686,2.0,0.9213125437766012,2307.8787622810687
nag,50,1.944253997195348,1.5337660440358554,1944.253997195348,3834,3832,7666,0.5073731725457589,6705,6.705,2.0,1.744469296728751,8323.151454042529
nag,50,0.8148712372098156,0.6309879534856462,814.8712372098156,1589,1588,3177,0.5131430964797328,1077,1.077,2.0,0.6220832475903745,1061.7798287781543
nag,50,1.5647904170883489,1.2362059961126757,1564.790417088349,3126,3125,6251,0.5007329334682716,4424,4.424,2.0,1.1450017041284766,4756.015633686609
nag,50,1.1725214550205674,0.936729249364546,1172.5214550205674,2355,2355,4710,0.4978859681615997,2441,2.441,2.0,0.6478635121628498,2510.4300982541663
nag,50,1.9433265710482424,1.4421355440748806,1943.3265710482424,3880,3877,7757,0.5012449241806145,6779,6.779,2.0,1.5249332497545731,6603.3464722664
nag,50,1.1861409883666196,0.9597221488439772,1186.1409883666197,2373,2372,4745,0.5000594386031281,2444,2.444,2.0,0.9796087423167944,2329.0660897082525
nag,50,0.6644814084007848,0.5211540526148463,664.4814084007849,1210,1208,2418,0.5500673910602524,638,0.638,2.0,0.5290535515716,728.93889717888
nag,50,0.4096230311628754,0.3259101461831743,409.6230311628754,817,817,1634,0.5013745791467263,250,0.25,2.0,0.2028586826031178,319.56699796763496
nag,50,1.733190320760886,1.319940641670308,1733.190320760886,3450,3448,6898,0.5026654062531571,5487,5.487,2.0,1.8225554147929768,5931.80795287137
nag,50,1.1611920021642617,0.9218515925328498,1161.1920021642616,2343,2342,4685,0.495812127311811,2451,2.451,2.0,0.7881515280403227,3091.831552131732
nag,50,1.1759103104818351,0.9484799777747852,1175.910310481835,2348,2346,4694,0.5012405415523593,2400,2.4,2.0,1.2480341926842364,2313.226974853779
nag,50,0.9811302049619778,0.816623176975433,981.1302049619778,1950,1949,3899,0.5034018496469871,1605,1.605,2.0,0.6662991829224943,1276.4281903171604
nag,50,0.8019340556437397,0.6194450705147196,801.9340556437396,1596,1596,3192,0.5024649471452003,1088,1.088,2.0,0.7463262379821802,1229.3067767672758
nag,50,0.9618220593798462,0.78851094512927,961.8220593798462,1951,1950,3901,0.4932420817332544,1699,1.699,2.0,1.0104398862488968,1789.83348924663
nag,50,0.7905222183320024,0.6107231094876436,790.5222183320025,1538,1537,3075,0.51432805356669,1040,1.04,2.0,0.3177317267774774,938.9374485021368
nag,50,1.5952507136920704,1.306970023100147,1595.2507136920703,3207,3206,6413,0.4975828801285309,4528,4.528,2.0,1.1862138722843578,3425.701683347852
nag,50,1.3902767187845202,1.0428099321566295,1390.2767187845202,2738,2737,5475,0.5079564189932482,3270,3.27,2.0,1.055914010761668,2665.850184957413
nag,50,2.156519904233717,1.6752781553891805,2156.519904233717,4306,4304,8610,0.5010501636230755,8222,8.222,2.0,1.5984466737859002,8162.415081492816
nag,50,0.342250771891983,0.2845772425216744,342.25077189198305,724,724,1448,0.4727220606242859,159,0.159,2.0,0.3055005470773149,147.72183042573923
nag,50,0.9855847610947428,0.8214531048745535,985.5847610947428,1997,1996,3993,0.4937799404282278,1691,1.691,2.0,0.923139579007812,1570.1112770573266
nag,50,1.0169460601594915,0.801335768043845,1016.9460601594916,2031,2030,4061,0.5009586503248727,1878,1.878,2.0,0.6780622477943927,2075.1604242576955
nag,50,0.7731880837560575,0.6299286178311873,773.1880837560575,1582,1581,3163,0.48905002135108,984,0.984,2.0,0.6252369750526341,1141.0131207804257
nag,50,0.3772595628967349,0.3041575990305309,377.25956289673496,762,762,1524,0.4950912898907283,204,0.204,2.0,0.3921035317243645,184.53601409284403
nag,50,1.544011298784748,1.23566581482892,1544.011298784748,3125,3120,6245,0.4948754162771628,4421,4.421,2.0,1.7194365945981602,5068.868085962703
nag,50,0.591183689899078,0.4848161687986022,591.183689899078,1232,1232,2464,0.479856891151849,550,0.55,2.0,0.5996959064414833,579.6763613175015
nag,50,1.0146623367592191,0.7593653607967746,1014.6623367592192,1986,1984,3970,0.5114225487697678,1724,1.724,2.0,0.7302326439169773,1496.277474592384
nag,50,0.586469682893759,0.4607651853816078,586.469682893759,1138,1136,2274,0.5162585236740836,542,0.542,2.0,0.4373065794511051,722.2269290912008
nag,50,0.3799095220615314,0.3078921637692657,379.90952206153145,787,786,1573,0.4833454479154344,189,0.189,2.0,0.2288261403852421,240.75618782108677
nag,50,1.0387376358319194,0.8730381162963172,1038.7376358319193,2001,1999,4000,0.5196286322320757,1905,1.905,2.0,0.7312944410765899,1624.55654173404
nag,50,0.599016110768773,0.4970402420865267,599.016110768773,1132,1132,2264,0.5291661755907889,601,0.601,2.0,0.4956983491571267,691.6447306851038
nag,50,1.0310876834436946,0.7822253011931706,1031.0876834436947,1996,1996,3992,0.5165769957132739,1841,1.841,2.0,0.8919056770167484,1821.3491709422096
nag,50,1.7327542188492953,1.342229757201045,1732.7542188492953,3423,3419,6842,0.5068014679290129,5299,5.299,2.0,1.1542330540714436,5510.683915995568
nag,50,0.3794154178828232,0.3093510175532803,379.4154178828232,801,801,1602,0.4736771758836744,232,0.232,2.0,0.3332873819231524,234.21303199092887
nag,50,1.0174933982399004,0.7777880619273225,1017.4933982399004,2018,2015,4033,0.5049595028485858,1817,1.817,2.0,0.8576901657042965,1572.8791218306746
nag,50,0.8175620418371506,0.6429553445864004,817.5620418371507,1657,1656,3313,0.4936968851673615,1195,1.195,2.0,0.4385238115712158,1216.208696599842
nag,50,1.426152752220603,1.1103781313811092,1426.152752220603,2763,2762,5525,0.5163478465679229,3433,3.433,2.0,1.1316324489941976,2888.6312887086515
nag,50,1.5365379962138086,1.2072419355443094,1536.5379962138086,3078,3078,6156,0.4992001287244342,4324,4.324,2.0,1.0609145787732936,4805.944048806574
nag,50,0.788163907935955,0.6219790404833777,788.1639079359551,1573,1573,3146,0.5010577927119867,1184,1.184,2.0,0.6203364823966057,1309.0530034652816
nag,50,0.8011505172938825,0.6619245402546483,801.1505172938826,1547,1546,3093,0.5182086140322656,1143,1.143,2.0,0.5102940560885904,1087.9044870441144
nag,50,1.9562759002848091,1.5468074163564385,1956.275900284809,3912,3909,7821,0.5004543106382218,6848,6.848,2.0,1.505394875156616,6258.052035169598
nag,50,0.8440914081930944,0.6704955877018569,844.0914081930944,1614,1613,3227,0.5233052747632327,1225,1.225,2.0,0.5539811013060911,1218.222029113747
nag,50,0.3731057115485848,0.3011218596738654,373.1057115485849,762,762,1524,0.4896400414023423,201,0.201,2.0,0.2281085823152313,222.35548870057343
nag,50,0.6137065371527888,0.4815313709031891,613.7065371527888,1225,1224,2449,0.5013942296999908,620,0.62,2.0,0.5064839797313142,576.5295370246434
nag,50,1.3607387625543963,1.055205165394255,1360.7387625543963,2752,2751,5503,0.4946342284821506,3296,3.296,2.0,0.952378594577354,3216.988654096906
nag,50,0.7551838336436406,0.6124470095824104,755.1838336436406,1572,1571,3143,0.4807026312181034,965,0.965,2.0,0.5458064231092906,1088.249133312583
nag,50,0.6006064756616469,0.4768896365659605,600.606475661647,1159,1158,2317,0.5186584418494361,534,0.534,2.0,0.5755789844611473,624.2757935609137
nag,50,0.9982284362715588,0.740775717832315,998.2284362715586,1995,1994,3989,0.5006160663347836,1724,1.724,2.0,0.6469773198704925,1782.1944172342935
nag,50,0.381132847492926,0.3025455781817419,381.132847492926,772,772,1544,0.4936953983068989,232,0.232,2.0,0.2810947062548852,156.34503404939582
nag,50,1.001893053951562,0.7972279475424623,1001.893053951562,2035,2035,4070,0.4923307390425366,1912,1.912,2.0,0.6297207583268141,1707.5238224477328
nag,50,1.1419204019075395,0.8763899540337172,1141.9204019075396,2406,2403,4809,0.4752061597617726,2629,2.629,2.0,0.7329752643083965,3081.9017510821795
nag,50,1.1395215368355032,0.9164016769147334,1139.5215368355032,2322,2321,4643,0.4909614549054301,2299,2.299,2.0,0.8774516424075262,2473.910384716906
nag,50,1.571280879750738,1.2252592415769328,1571.280879750738,3130,3126,6256,0.5026490338294107,4367,4.367,2.0,1.1558978458309324,5133.053359369529
nag,50,0.8084568191485689,0.6641760725610193,808.4568191485689,1620,1620,3240,0.4990474192275116,1160,1.16,2.0,0.6126871048539099,935.508966194406
nag,50,1.2011282395324003,0.9375134521911596,1201.1282395324004,2378,2375,4753,0.5057382061189054,2488,2.488,2.0,1.0357300941942642,2729.625230611123
nag,50,0.6034347225831023,0.4734213483687033,603.4347225831023,1207,1207,2414,0.499945917633059,591,0.591,2.0,0.4210040143834858,581.1130466120682
nag,50,0.7821072312197653,0.6142585695659033,782.1072312197654,1571,1570,3141,0.4981574721145002,1014,1.014,2.0,0.6692125868220363,1001.2727488379984
nag,50,1.926635982469866,1.520036931996248,1926.635982469866,3868,3864,7732,0.4986117967054518,6367,6.367,2.0,1.099298607722168,6456.460793331034
nag,50,1.3724354569541015,1.073134386758814,1372.4354569541017,2763,2761,5524,0.4970791224027894,3267,3.267,2.0,1.24758603257061,3199.396433760533
nag,50,0.7697037414177473,0.6179778847457353,769.7037414177473,1564,1563,3127,0.4924528096082836,978,0.978,2.0,0.6095858529863418,922.584965559048
nag,50,0.4005409629827126,0.3209218420712524,400.5409629827126,839,839,1678,0.4774028164275478,291,0.291,2.0,0.3494820656473044,278.15655353626835
nag,50,1.5859273327114505,1.3187158252869429,1585.9273327114502,3190,3190,6380,0.4971559036713009,4868,4.868,2.0,1.250412868491794,6021.790344523145
nag,50,0.9850162688744216,0.7943144876603303,985.0162688744216,2035,2035,4070,0.4840374785623694,1782,1.782,2.0,0.7091601175910657,1853.3156534165696
nag,50,1.7768639905955996,1.4208430595009185,1776.8639905955995,3526,3524,7050,0.5042179314970487,5749,5.749,2.0,1.0849997365158472,7407.263038340009
nag,50,1.2084212574272415,0.9224128187355236,1208.4212574272417,2446,2444,4890,0.494444049683814,2627,2.627,2.0,1.0608382312209073,2181.2114819469825
nag,50,1.1344021922187777,0.8932714549767149,1134.4021922187776,2302,2300,4602,0.4932183444429467,2527,2.527,2.0,0.7155662564027363,1881.5245936987703
nag,50,0.8046074006635537,0.6486460034946171,804.6074006635538,1625,1624,3249,0.4954479068125331,1102,1.102,2.0,0.5837380876643203,1334.266048613704
nag,50,0.96533940532256,0.7945110201321963,965.33940532256,1997,1996,3993,0.4836369766145089,1732,1.732,2.0,0.898582678984215,1606.0045340489792
nag,50,1.1832920646676628,0.9981098627676448,1183.2920646676628,2372,2371,4743,0.4990687746384069,2470,2.47,2.0,0.7412470151600397,2733.0389874154057
nag,50,1.161168643060188,0.9297018163527132,1161.168643060188,2359,2358,4717,0.4924379317473232,2576,2.576,2.0,0.8393547707423564,2987.1018787021444
nag,50,0.1953616012093576,0.1571954459822735,195.3616012093576,390,390,780,0.5009271825880964,46,0.046,2.0,0.192421683458615,51.248294605754154
nag,50,0.9687174121521666,0.7867585269788572,968.7174121521664,1961,1960,3921,0.4942435776286564,1705,1.705,2.0,0.9281563831647068,1327.3701555081311
nag,50,0.9810539019755118,0.7833588884479638,981.0539019755116,1992,1990,3982,0.4929919105404581,1743,1.743,2.0,0.6903403095143175,1948.886419159945
nag,50,0.6169406962827949,0.495973482861308,616.9406962827949,1199,1199,2398,0.5145460352650499,595,0.595,2.0,0.5441816649078637,785.0309658386573
nag,50,1.0082012062350212,0.7925799340465027,1008.2012062350212,1967,1965,3932,0.5130794942671864,1816,1.816,2.0,0.8514209171512329,1695.4336339010638
nag,50,0.8170139522767074,0.6472800207791093,817.0139522767074,1622,1620,3242,0.5043296001708071,1050,1.05,2.0,0.5923870786209982,948.6853921237029
nag,50,1.1857359219422747,0.9657902506437476,1185.735921942275,2343,2342,4685,0.5062920247405102,2535,2.535,2.0,0.9113246164158764,2476.35058717531
nag,50,0.7606702976154531,0.5995237679280572,760.6702976154531,1532,1529,3061,0.4974952894803486,957,0.957,2.0,0.5910413016492867,1072.9484240695135
nag,50,1.206151335537106,0.9219868812045072,1206.1513355371058,2384,2384,4768,0.5059359628930813,2465,2.465,2.0,0.9111355002228454,2813.603531847522
nag,50,1.1820984288638834,0.9120233958390984,1182.098428863883,2388,2386,4774,0.4954310263469754,2600,2.6,2.0,0.852094510565303,3232.019393695509
nag,50,0.9995581154182916,0.7902030963590815,999.5581154182915,2009,2006,4015,0.4982842050938642,1707,1.707,2.0,0.6993621688085079,2007.4876261718964
nag,50,0.1817844461165143,0.1487388612666264,181.78444611651432,413,413,826,0.4401560438656521,47,0.047,2.0,0.1623696549664714,39.41507414497648
nag,50,1.1783272589941438,0.8960270623612357,1178.327258994144,2376,2375,4751,0.4961377932606922,2514,2.514,2.0,0.7858493317739867,2170.9836513945284
nag,50,1.5759149235615533,1.3218271344912695,1575.9149235615532,3099,3096,6195,0.5090164481787962,4568,4.568,2.0,1.004412767104856,5385.250385562747
nag,50,0.8509223766590797,0.6694280789563913,850.9223766590796,1579,1578,3157,0.5392410498473255,1158,1.158,2.0,0.6453489001790047,1229.672128738247
nag,50,1.2288663235748023,0.9519513464369362,1228.8663235748024,2336,2335,4671,0.5262810807600867,2467,2.467,2.0,1.1549424982053982,2489.85867756989
nag,50,0.975111613604894,0.7785760734485846,975.111613604894,1960,1957,3917,0.4982685813004057,1712,1.712,2.0,0.8492467813824438,1850.305436737871
nag,50,0.3909984462217488,0.3202535780539604,390.9984462217488,785,785,1570,0.4980871926391704,244,0.244,2.0,0.3618269502795149,254.9187330888559
nag,50,1.2442455028863713,0.9521404324078616,1244.2455028863712,2359,2358,4717,0.5276698485523202,2558,2.558,2.0,0.8588746389566132,2825.3161701657677
nag,50,1.023116882962272,0.8257847404237089,1023.116882962272,2025,2024,4049,0.5054925311078419,1918,1.918,2.0,0.9121154070788722,1621.8781559660836
nag,50,0.5953734481701233,0.4770520373256456,595.3734481701233,1183,1183,2366,0.5032742588082192,555,0.555,2.0,0.4232035074231272,585.2760453715297
nag,50,0.2216418605775812,0.1725167462172892,221.6418605775812,417,417,834,0.531515253183648,48,0.048,2.0,0.1400474355186226,52.099134677438514
nag,50,0.3858864870129911,0.3187389969287608,385.8864870129911,814,814,1628,0.474062023357483,248,0.248,2.0,0.4034237169485189,292.9544776753374
nag,50,0.6031879996425551,0.4634253091940623,603.187999642555,1231,1231,2462,0.4899983750142608,601,0.601,2.0,0.5444020752712951,661.5538970576545
nag,50,0.6010363391274482,0.4742530501256498,601.0363391274483,1189,1189,2378,0.5054973415706041,600,0.6,2.0,0.4184274942999898,859.7509509963744
nag,50,0.8054236038561742,0.6547795316585074,805.4236038561742,1645,1644,3289,0.489917033975775,1061,1.061,2.0,0.8904350478222225,1100.6576996220977
nag,50,1.0183359618227714,0.7695331275294237,1018.3359618227714,2004,2004,4008,0.5081516775562732,1729,1.729,2.0,0.6377778079509604,1372.8019899224546
nag,50,1.5563439213913748,1.208693811385856,1556.3439213913748,3154,3152,6306,0.4937639344515783,4280,4.28,2.0,1.003327184096419,4587.654857601264
nag,50,1.2101860960464206,0.9541292782529852,1210.1860960464203,2401,2401,4802,0.5040341924391589,2529,2.529,2.0,0.9997504040709128,2843.262542538333
nag,50,0.9846264047185068,0.7958084351808697,984.6264047185068,2032,2031,4063,0.4847988206393436,1795,1.795,2.0,0.7417616291132025,1917.042585441105
nag,50,0.6088529042710527,0.5121341763718491,608.8529042710527,1180,1178,2358,0.5168530596528461,599,0.599,2.0,0.6293880025639094,646.6455501919392
nag,50,1.2012320173917084,0.9523835466483964,1201.2320173917085,2407,2406,4813,0.499265177635789,2738,2.738,2.0,0.8382075785461018,3130.9289745677647
nag,50,1.7556274231696476,1.3933241818681017,1755.6274231696475,3557,3555,7112,0.4938473764190288,5635,5.635,2.0,1.3532056523318483,4471.689285323714
nag,50,0.3795600349329475,0.3078903132724001,379.5600349329475,739,739,1478,0.5136130377983051,225,0.225,2.0,0.1880458101342779,217.08981879613663
nag,50,0.8010275929906913,0.6462977713724297,801.0275929906912,1621,1620,3241,0.4944614771547477,1150,1.15,2.0,0.5708844887186478,1473.5607686421154
nag,50,1.3697314651629773,1.120348573274489,1369.7314651629772,2744,2743,5487,0.4993552552544576,3316,3.316,2.0,0.8038097386722536,3554.1220066796477
nag,50,1.5227608439625706,1.1968956582156531,1522.7608439625706,3091,3091,6182,0.492643430592873,4369,4.369,2.0,1.3482198604239433,4520.898348048677
nag,50,1.144502953000425,0.9432215406719412,1144.502953000425,2372,2370,4742,0.4829126383968037,2455,2.455,2.0,0.8995657777037895,1959.3316729405424
nag,50,0.8097101440616279,0.6362839701212998,809.710144061628,1611,1611,3222,0.5026133730984655,1159,1.159,2.0,0.4831599799101417,1161.7827691329333
nag,50,0.8449094961800656,0.6694524696023153,844.9094961800656,1618,1618,3236,0.5221937553646883,1169,1.169,2.0,0.5268295867641253,1379.1463386507378
nag,50,0.3927127871168944,0.3124569128325059,392.7127871168945,792,792,1584,0.4958494786829475,239,0.239,2.0,0.271387971597393,222.88277868971963
nag,50,0.5661262865357602,0.4533684471811999,566.1262865357603,1162,1161,2323,0.4876195405131441,539,0.539,2.0,0.4210185955192078,316.9064226178355
nag,50,1.133274958948826,0.9435447350555716,1133.274958948826,2296,2294,4590,0.4940169829768204,2310,2.31,2.0,0.7814845767566726,2191.011826561436
nag,50,0.5617998186024591,0.4524611429891715,561.7998186024591,1156,1156,2312,0.4859860022512622,520,0.52,2.0,0.3601705714956056,468.4463162622721
nag,50,0.8042047575913002,0.6277429157561487,804.2047575913002,1540,1538,3078,0.5228899594221718,1046,1.046,2.0,0.7211389357177646,728.2939235199615
nag,50,0.7948788753915172,0.6314024806197649,794.8788753915172,1554,1554,3108,0.5115050678195091,1031,1.031,2.0,0.7380861892481337,1009.435996456102
nag,50,0.8116715539066088,0.6131378690423964,811.6715539066088,1626,1626,3252,0.4991829974825392,1116,1.116,2.0,0.6637960093464422,959.719388527046
nag,50,1.6259455340325937,1.2758574522933623,1625.9455340325935,3185,3182,6367,0.5109822545671255,4698,4.698,2.0,1.1971113782457867,4172.929337750048
nag,50,0.1812648606970878,0.1484079109735531,181.26486069708787,411,411,822,0.4410337243238147,28,0.028,2.0,0.1340768632314102,27.388168779996786
nag,50,0.9893526737824894,0.7998616696918187,989.3526737824892,1967,1966,3933,0.5032312684549793,1822,1.822,2.0,0.7785673239334281,1706.3565140168098
nag,50,1.386488703746137,1.0929235030370168,1386.4887037461372,2774,2773,5547,0.4999959263419175,3373,3.373,2.0,1.4183016108569,3117.380716326008
nag,50,1.3316714212794305,1.0781823940001918,1331.6714212794302,2696,2696,5392,0.4939434055190765,3401,3.401,2.0,1.0509484421193245,3710.399818520677
nag,50,0.9777210967171324,0.7903353105242831,977.7210967171324,2038,2037,4075,0.4799809016775319,1922,1.922,2.0,0.7984586334986781,1975.1135602170395
nag,50,0.9882233803380956,0.7549856583591763,988.2233803380956,2038,2037,4075,0.4851366619234638,1837,1.837,2.0,0.7450809525480762,1826.6563577769132
nag,50,0.7411536064652938,0.5878912384118103,741.1536064652938,1502,1501,3003,0.4937732221620878,934,0.934,2.0,0.7687003735061966,879.4048121637828
nag,50,1.0919673795605194,0.8401519965946468,1091.9673795605197,2261,2260,4521,0.4831714068851856,2254,2.254,2.0,0.8530598822849489,2480.560006919643
nag,50,1.1893021094844367,0.917473623668103,1189.3021094844366,2340,2339,4679,0.5084660579240858,2495,2.495,2.0,0.7866699447664176,2332.926204840053
nag,50,1.530356518119139,1.2197896816804503,1530.356518119139,3177,3174,6351,0.4821539124508945,4429,4.429,2.0,1.4152114179937263,4612.170461960758
nag,50,0.5965120936363472,0.4583768602277924,596.5120936363471,1229,1229,2458,0.4853637865226584,597,0.597,2.0,0.561117103863711,448.0250392657628
nag,50,1.2119288706140894,0.941436472680716,1211.9288706140894,2446,2445,4891,0.4956764296990141,2810,2.81,2.0,0.935856903980726,2408.7115012687245
nag,50,0.6197101852774951,0.4821397555017671,619.7101852774952,1211,1210,2421,0.5121571779152853,555,0.555,2.0,0.5631030333112602,511.9466739278206
nag,50,0.9763389806505708,0.7583325901328157,976.3389806505706,1953,1952,3905,0.5001736581201693,1650,1.65,2.0,0.6933948681040474,1763.9774777397038
nag,50,1.399168261484499,1.065292706320485,1399.1682614844988,2731,2728,5459,0.512891591453262,3538,3.538,2.0,1.114837748648348,4702.878329399936
nag,50,0.5707068823796415,0.4585212588328466,570.7068823796415,1192,1191,2383,0.4791829407049886,594,0.594,2.0,0.4922111172462339,453.3939358466563
nag,50,0.5828214658313502,0.4834742079708723,582.8214658313502,1160,1160,2320,0.5024322981304743,595,0.595,2.0,0.4208637907631102,570.926452648481
nag,50,1.1917374218238914,0.9265329004181442,1191.7374218238915,2390,2390,4780,0.4986349045288249,2545,2.545,2.0,0.6267078833230115,1890.0438843908848
nag,50,0.9891843723151288,0.7564441255534731,989.1843723151288,2068,2067,4135,0.4785604123440392,1756,1.756,2.0,0.6683425465955174,1580.6082367768263
nag,50,0.76067962992385,0.6020961437596807,760.6796299238499,1565,1563,3128,0.4866792257990082,1074,1.074,2.0,0.6157388878685032,1149.395657477991
nag,50,0.1936860817147517,0.1561717834647382,193.6860817147517,400,400,800,0.4842152042868792,28,0.028,2.0,0.1512657143701212,23.791785989172368
nag,50,1.0113377438490003,0.8030500660043149,1011.3377438490004,2041,2040,4081,0.4957537960044119,1806,1.806,2.0,0.5126782483343092,2141.0841410636494
nag,50,0.5874476382375982,0.4823886375115334,587.4476382375982,1184,1183,2367,0.4965745040047322,552,0.552,2.0,0.4159467452054529,634.8504798240463
nag,50,0.8023015331847716,0.6280906978115341,802.3015331847716,1603,1603,3206,0.5005000207016667,1070,1.07,2.0,0.7528116035991956,1124.6289751267298
nag,50,1.1676597136834077,0.9365845443743336,1167.6597136834075,2312,2311,4623,0.5052616675393369,2313,2.313,2.0,0.9035388648358614,2631.1621660892893
nag,50,1.3985318021126123,1.119810826142054,1398.5318021126122,2806,2806,5612,0.4984076272675026,3734,3.734,2.0,1.1653479721736584,3507.2252245047744
nag,50,1.3801300290341074,1.0602294953922369,1380.130029034107,2742,2742,5484,0.5033296969489816,3392,3.392,2.0,0.8982027720131461,3839.837907012453
nag,50,0.97416642709997,0.7761263831530082,974.16642709997,1941,1941,3882,0.5018889371973055,1729,1.729,2.0,0.92400621073434,1819.821342908508
nag,50,0.6125779419752453,0.4899570250878968,612.5779419752453,1196,1194,2390,0.5130468525755822,594,0.594,2.0,0.5263050675755068,497.8235517863115
nag,50,0.5967877065422037,0.4620179940443236,596.7877065422038,1199,1198,2397,0.4981533443591016,577,0.577,2.0,0.480902143767096,502.8284430051931
nag,50,1.5345176227757924,1.235004429049145,1534.5176227757925,3154,3152,6306,0.4868393473273453,4200,4.2,2.0,1.5819286111512874,5125.219396239616
nag,50,1.014389882047185,0.7643467885492232,1014.389882047185,1991,1989,3980,0.5099999406974284,1875,1.875,2.0,0.7689926818457875,2019.294516257033
nag,50,0.63756107314743,0.5137060727614973,637.5610731474301,1256,1256,2512,0.5076123193848966,695,0.695,2.0,0.5208537931415523,781.4350043988006
nag,50,0.9552610735818544,0.7628777697526695,955.2610735818544,1972,1971,3943,0.4846580789354918,1675,1.675,2.0,0.8435356546713214,1396.348732552454
nag,50,0.996887440248052,0.7948692469944635,996.887440248052,1981,1980,3961,0.5034785051757839,1724,1.724,2.0,0.6337756471695669,1548.15011895331
nag,50,1.5542403485980012,1.1831245243770825,1554.2403485980012,3113,3111,6224,0.4995950975885571,4231,4.231,2.0,0.7472829401555606,4337.36203462175
nag,50,0.9573442440443706,0.7516935945880796,957.3442440443706,1904,1902,3806,0.5033355646920981,1590,1.59,2.0,0.8290499122708944,1482.9485426998804
bg,50,0.0009303165298616,0.0009294510410159,0.9303165298616703,22,22,44,0.0422871149937122,0,0.0,2.0,0.000970415753155,0.0
bg,50,0.0008001678262993,0.0007995275577491,0.8001678262993792,24,24,48,0.0333403260958074,0,0.0,2.0,0.0008043313289079,0.0
bg,50,0.0010064223877721,0.0010054095017495,1.0064223877721616,34,34,68,0.0296006584638871,0,0.0,2.0,0.0007795639393417,0.0
bg,50,0.0005710741895165,0.0005707480637866,0.5710741895165627,15,15,30,0.0380716126344375,0,0.0,2.0,0.0004238298166681,0.0
bg,50,0.0008475819114921,0.0008468635163954,0.847581911492127,25,25,50,0.033903276459685,0,0.0,2.0,0.0011028225454561,0.0
bg,50,0.0005123307848072,0.0005120683019741,0.5123307848072134,18,18,36,0.0284628213781785,0,0.0,2.0,0.0005786726660156,0.0
bg,50,0.001193801808883,0.0011923766461241,1.1938018088830633,31,31,62,0.0385097357704214,0,0.0,2.0,0.0008663111891606,0.0
bg,50,0.0010180160823425,0.0010169797255986,1.0180160823425697,25,25,50,0.0407206432937027,0,0.0,2.0,0.0009258046600404,0.0
bg,50,0.0005402308047766,0.0005399389554541,0.5402308047766127,21,21,42,0.0257252764179339,0,0.0,2.0,0.0005526472318466,0.0
bg,50,0.0008552009483899,0.0008544695797278,0.855200948389971,25,25,50,0.0342080379355988,0,0.0,2.0,0.0009274076366478,0.0
bg,50,0.0004151131553241,0.0004149408363923,0.4151131553241072,16,16,32,0.0259445722077567,0,0.0,2.0,0.0004615161906961,0.0
bg,50,0.0010003678700041,0.0009993671341288,1.000367870004176,33,33,66,0.0303141778789144,0,0.0,2.0,0.0009887015205299,0.0
bg,50,0.000584652936089,0.0005843111170333,0.5846529360890429,23,23,46,0.0254196928734366,0,0.0,2.0,0.000584221753782,0.0
bg,50,0.0007608234845971,0.0007602446322224,0.7608234845972,25,25,50,0.0304329393838879,0,0.0,2.0,0.0008403628415973,0.0
bg,50,0.0008313897147676,0.0008306985059098,0.8313897147676279,20,20,40,0.0415694857383813,0,0.0,2.0,0.0008812606191285,0.0
bg,50,0.0005715484287475,0.0005712217611411,0.571548428747576,24,24,48,0.0238145178644823,0,0.0,2.0,0.0005297024890286,0.0
bg,50,0.0008936327276509,0.0008928341481989,0.8936327276509246,32,32,64,0.0279260227390913,0,0.0,2.0,0.0005276606440131,0.0
bg,50,0.0009936257825661,0.0009926384903704,0.9936257825661814,29,29,58,0.0342629580195235,0,0.0,2.0,0.0009047776201616,0.0
bg,50,0.0006319157427097,0.0006315164252038,0.631915742709781,23,23,46,0.0274745975091209,0,0.0,2.0,0.0006458971363183,0.0
bg,50,0.0008547949862952,0.0008540643118267,0.8547949862952962,29,29,58,0.0294756891825964,0,0.0,2.0,0.0006809075318905,0.0
bg,50,0.0005134456677826,0.0005131820413288,0.5134456677826478,24,24,48,0.0213935694909436,0,0.0,2.0,0.000485257548669,0.0
bg,50,0.0007510420195619,0.0007504779554468,0.7510420195619503,23,23,46,0.0326540008505195,0,0.0,2.0,0.0005940895058989,0.0
bg,50,0.0010390244190866,0.0010379448473431,1.039024419086651,30,30,60,0.0346341473028883,0,0.0,2.0,0.0009186724907596,0.0
bg,50,0.0006340386163555,0.0006336366113885,0.6340386163555882,27,27,54,0.0234829117168736,0,0.0,2.0,0.000604978821694,0.0
bg,50,0.0015604554400193,0.0015781971801028,1.5604554400193322,38,38,76,0.041064616842614,0,0.0,2.0,0.0015987894304403,0.0
bg,50,0.0008946287088463,0.0008938283483196,0.8946287088463025,26,26,52,0.0344087964940885,0,0.0,2.0,0.0009089996634311,0.0
bg,50,0.0006371072670665,0.0006367013613967,0.637107267066547,21,21,42,0.0303384412888831,0,0.0,2.0,0.0007290793819404,0.0
bg,50,0.0006214042441132,0.0006210181008786,0.621404244113279,27,27,54,0.0230149720041955,0,0.0,2.0,0.0006123140810048,0.0
bg,50,0.00129622672502,0.0012945465212973,1.2962267250200483,29,29,58,0.0446974732765533,0,0.0,2.0,0.0014767607860031,0.0
bg,50,0.0006222701915774,0.0006218829713861,0.6222701915774493,23,23,46,0.0270552257207586,0,0.0,2.0,0.0005327694447682,0.0
bg,50,0.0004833956468092,0.0004831619754579,0.4833956468092708,22,22,44,0.0219725294004214,0,0.0,2.0,0.0005610684739238,0.0
bg,50,0.0012994519671606,0.0012977633917457,1.2994519671606717,32,32,64,0.0406078739737709,0,0.0,2.0,0.0012680021952181,0.0
bg,50,0.0008472745533835,0.0008465566792147,0.8472745533835847,19,19,38,0.0445933975465044,0,0.0,2.0,0.0009921535610125,0.0
bg,50,0.0008028533093629,0.0008022087359266,0.8028533093629839,28,28,56,0.0286733324772494,0,0.0,2.0,0.0008210489036731,0.0
bg,50,0.0004252753652951,0.0004250945061588,0.4252753652951639,16,16,32,0.0265797103309477,0,0.0,2.0,0.0004074060975647,0.0
bg,50,0.000682395971937,0.0006819303076745,0.6823959719370691,22,22,44,0.0310179987244122,0,0.0,2.0,0.0007694532146547,0.0
bg,50,0.0008381525486563,0.0008374500489615,0.8381525486563488,21,21,42,0.0399120261264928,0,0.0,2.0,0.0006656123832994,0.0
bg,50,0.0007841621727645,0.0007835472624513,0.784162172764546,24,24,48,0.0326734238651894,0,0.0,2.0,0.0008614075460978,0.0
bg,50,0.0006151870943996,0.0006148086392385,0.6151870943996158,19,19,38,0.0323782681262955,0,0.0,2.0,0.0007699396988318,0.0
bg,50,0.0004717907754621,0.0004715681889263,0.4717907754621393,18,18,36,0.0262105986367855,0,0.0,2.0,0.0004710994624117,0.0
bg,50,0.0008302490632201,0.0008295597497132,0.8302490632201849,29,29,58,0.0286292780420753,0,0.0,2.0,0.0007233590189431,0.0
bg,50,0.0010024912368541,0.0010014862481741,1.0024912368541408,26,26,52,0.0385573552636208,0,0.0,2.0,0.0006149334766367,0.0
bg,50,0.0012947845690629,0.0012931081019826,1.2947845690629831,37,37,74,0.0349941775422427,0,0.0,2.0,0.0013597297997419,0.0
bg,50,0.001117299364011,0.0011160510061422,1.1172993640110374,28,28,56,0.0399035487146799,0,0.0,2.0,0.0012740935409976,0.0
bg,50,0.0006720514621608,0.000671599808993,0.6720514621608018,25,25,50,0.026882058486432,0,0.0,2.0,0.0006047163368707,0.0
bg,50,0.0010332473408086,0.0010321797407413,1.033247340808643,28,28,56,0.0369016907431658,0,0.0,2.0,0.0011523688204466,0.0
bg,50,0.0005929583296561,0.0005926067300754,0.5929583296561418,16,16,32,0.0370598956035088,0,0.0,2.0,0.0006145463926379,0.0
bg,50,0.0010411834098098,0.001040099346917,1.0411834098098929,27,27,54,0.0385623485114775,0,0.0,2.0,0.0007747059979281,0.0
bg,50,0.0009173338174576,0.0009164923161249,0.9173338174576386,23,23,46,0.0398840790198973,0,0.0,2.0,0.0007524047223167,0.0
bg,50,0.0010104992412712,0.0010094781325546,1.0104992412712903,36,36,72,0.0280694233686469,0,0.0,2.0,0.0011399237791608,0.0
bg,50,0.0005688469416854,0.0005685233548423,0.5688469416854502,28,28,56,0.0203159622030517,0,0.0,2.0,0.0004302374681753,0.0
bg,50,0.0013155526913613,0.0013138220124776,1.3155526913613755,25,25,50,0.052622107654455,0,0.0,2.0,0.0012418872016265,0.0
bg,50,0.0009119899968141,0.0009111582710599,0.911989996814194,35,35,70,0.0260568570518341,0,0.0,2.0,0.001017571657605,0.0
bg,50,0.000685724623841,0.0006852544055813,0.6857246238410966,26,26,52,0.0263740239938883,0,0.0,2.0,0.0005846410489507,0.0
bg,50,0.001037531607424,0.0010364551355876,1.0375316074240075,37,37,74,0.0280413947952434,0,0.0,2.0,0.0010513172186415,0.0
bg,50,0.0007741759732551,0.0007735766248175,0.7741759732551614,25,25,50,0.0309670389302064,0,0.0,2.0,0.0007848675823184,0.0
bg,50,0.0004532662113524,0.000453060761094,0.4532662113524353,18,18,36,0.0251814561862464,0,0.0,2.0,0.0004737312199583,0.0
bg,50,0.0006828864086801,0.0006824200748329,0.6828864086801332,21,21,42,0.0325184004133396,0,0.0,2.0,0.0006159970584683,0.0
bg,50,0.0009715587638239,0.0009706148373923,0.9715587638239428,18,18,36,0.0539754868791079,0,0.0,2.0,0.0009188691680455,0.0
bg,50,0.000466065046299,0.0004658478296716,0.4660650462990574,22,22,44,0.0211847748317753,0,0.0,2.0,0.0004767191029993,0.0
bg,50,0.0005732819542914,0.0005729533020922,0.5732819542914154,23,23,46,0.0249253023604963,0,0.0,2.0,0.0006585390633873,0.0
bg,50,0.0010189542667819,0.0010179159989841,1.0189542667819609,26,26,52,0.0391905487223831,0,0.0,2.0,0.0006445041671559,0.0
bg,50,0.0008763289456732,0.0008755609932521,0.8763289456732153,23,23,46,0.0381012585075311,0,0.0,2.0,0.0008612690288013,0.0
bg,50,0.0006338940707528,0.0006334922490599,0.6338940707528415,21,21,42,0.0301854319406115,0,0.0,2.0,0.0005916234323658,0.0
bg,50,0.0005622948787845,0.0005619787032538,0.5622948787845559,23,23,46,0.0244476034254154,0,0.0,2.0,0.0005866621936162,0.0
bg,50,0.0007236773157814,0.000723153606924,0.7236773157814449,23,23,46,0.0314642311209323,0,0.0,2.0,0.0007260375199371,0.0
bg,50,0.0005414538437109,0.000541160671446,0.54145384371094,21,21,42,0.0257835163671876,0,0.0,2.0,0.0005969785257799,0.0
bg,50,0.0008888120330401,0.0008880220462101,0.888812033040189,26,26,52,0.0341850781938534,0,0.0,2.0,0.0010086590478694,0.0
bg,50,0.0006037174924725,0.0006033530176618,0.6037174924725832,23,23,46,0.0262485866292427,0,0.0,2.0,0.0006380465474985,0.0
bg,50,0.0008914632382897,0.0008906685315845,0.8914632382897416,23,23,46,0.0387592712299887,0,0.0,2.0,0.0010639607054678,0.0
bg,50,0.0011984000423641,0.0011969638797026,1.1984000423641703,23,23,46,0.0521043496680074,0,0.0,2.0,0.0013035426085289,0.0
bg,50,0.0006904787319961,0.0006900019711167,0.6904787319961159,27,27,54,0.0255732863702265,0,0.0,2.0,0.0009025933283988,0.0
bg,50,0.0005058159892037,0.0005055601393888,0.5058159892037768,20,20,40,0.0252907994601888,0,0.0,2.0,0.000624797049836,0.0
bg,50,0.0009823297588904,0.0009813647871352,0.9823297588904794,23,23,46,0.0427099895169773,0,0.0,2.0,0.0010501907806783,0.0
bg,50,0.0008393372740094,0.0008386327869499,0.8393372740094449,22,22,44,0.0381516942731565,0,0.0,2.0,0.0009587409122782,0.0
bg,50,0.0008663593497538,0.0008656087712309,0.86635934975385,18,18,36,0.048131074986325,0,0.0,2.0,0.0010052817767684,0.0
bg,50,0.0011633001465255,0.0011619468792946,1.1633001465255577,28,28,56,0.0415464338044841,0,0.0,2.0,0.0015226591270355,0.0
bg,50,0.0005798279842809,0.0005794917837896,0.5798279842809961,21,21,42,0.0276108563943331,0,0.0,2.0,0.0005233589991668,0.0
bg,50,0.0006338605794378,0.0006334588002036,0.6338605794378083,26,26,52,0.0243792530553003,0,0.0,2.0,0.0005879071882498,0.0
bg,50,0.0014344648556477,0.0014324071662256,1.434464855647784,44,44,88,0.032601473991995,0,0.0,2.0,0.0012037405164584,0.0
bg,50,0.0010332465486907,0.0010321789502603,1.0332465486907338,21,21,42,0.0492022166043206,0,0.0,2.0,0.0008751351059594,0.0
bg,50,0.0014665356748405,0.0014643849479549,1.4665356748405642,30,30,60,0.0488845224946854,0,0.0,2.0,0.0011424648279509,0.0
bg,50,0.0010036863402795,0.0010026789540098,1.0036863402795078,23,23,46,0.0436385365338916,0,0.0,2.0,0.0009557509350266,0.0
bg,50,0.0009125302924972,0.0009116975809625,0.9125302924972551,31,31,62,0.0294364610482985,0,0.0,2.0,0.0009705825852942,0.0
bg,50,0.0006064472972622,0.0006060795189379,0.6064472972622852,24,24,48,0.0252686373859285,0,0.0,2.0,0.0005900024109749,0.0
bg,50,0.0007973062451353,0.0007966705478868,0.7973062451353916,23,23,46,0.03466548891893,0,0.0,2.0,0.0008758262924945,0.0
bg,50,0.0009516670113707,0.0009507613412702,0.951667011370759,24,24,48,0.0396527921404482,0,0.0,2.0,0.0007415102652208,0.0
bg,50,0.0006346182288934,0.000634215488597,0.6346182288934585,27,27,54,0.0235043788479058,0,0.0,2.0,0.0005981960231238,0.0
bg,50,0.0006006576824278,0.0006002968927763,0.6006576824278511,22,22,44,0.0273026219285386,0,0.0,2.0,0.0006742421590409,0.0
bg,50,0.0004073243035275,0.0004071583904393,0.4073243035275542,20,20,40,0.0203662151763777,0,0.0,2.0,0.0003281653662599,0.0
bg,50,0.0007974145842118,0.0007967787141927,0.7974145842118929,31,31,62,0.0257230511036094,0,0.0,2.0,0.00097570013378,0.0
bg,50,0.0007797580015158,0.0007823010409171,0.7797580015158871,20,20,40,0.0389879000757943,1,0.001,2.0,0.0009687765118457,0.8276634065553123
bg,50,0.000710714054733,0.0007102089402654,0.7107140547330157,19,19,38,0.037406002880685,0,0.0,2.0,0.0007851758336775,0.0
bg,50,0.0007701342040568,0.0007695410973646,0.7701342040568946,27,27,54,0.0285234890391442,0,0.0,2.0,0.0006351013313706,0.0
bg,50,0.0008879830421826,0.0008871945282994,0.8879830421826043,22,22,44,0.0403628655537547,0,0.0,2.0,0.0008831233187622,0.0
bg,50,0.001030051112664,0.0010289901073693,1.0300511126640837,27,27,54,0.0381500412097808,0,0.0,2.0,0.0010223119021291,0.0
bg,50,0.0004746021040997,0.0004743768569425,0.4746021040997661,16,16,32,0.0296626315062353,0,0.0,2.0,0.0005468788795366,0.0
bg,50,0.0005802426176838,0.0005799059361884,0.5802426176838615,24,24,48,0.0241767757368275,0,0.0,2.0,0.0005965191019343,0.0
bg,50,0.000650400892595,0.0006499778712739,0.650400892595087,26,26,52,0.0250154189459648,0,0.0,2.0,0.0005090551419422,0.0
bg,50,0.0010380054317128,0.0010369279764366,1.03800543171287,30,30,60,0.0346001810570956,0,0.0,2.0,0.0011773286634806,0.0
bg,50,0.0006246568110944,0.0006242666149628,0.6246568110944892,29,29,58,0.021539890037741,0,0.0,2.0,0.0007330499356171,0.0
bg,50,0.0007999335199628,0.0007992936263265,0.7999335199628703,22,22,44,0.0363606145437668,0,0.0,2.0,0.0007570164643105,0.0
bg,50,0.0010558821222403,0.0010547672351842,1.055882122240309,31,31,62,0.0340607136206551,0,0.0,2.0,0.0011602438552197,0.0
bg,50,0.0008624277389815,0.0008616839573765,0.8624277389815589,20,20,40,0.0431213869490779,0,0.0,2.0,0.0007454371296641,0.0
bg,50,0.0011509344300765,0.0011496097800142,1.150934430076575,31,31,62,0.0371269170992443,0,0.0,2.0,0.0012059752597669,0.0
bg,50,0.0004891429032353,0.0004889036424556,0.4891429032353951,17,17,34,0.0287731119550232,0,0.0,2.0,0.0005078991220617,0.0
bg,50,0.0010999953357807,0.001098785346042,1.0999953357807897,28,28,56,0.0392855477064567,0,0.0,2.0,0.0010569579865811,0.0
bg,50,0.0008143081957197,0.000813645097882,0.8143081957197154,20,20,40,0.0407154097859857,0,0.0,2.0,0.0006847430155208,0.0
bg,50,0.0009241781728406,0.0009233240675454,0.924178172840648,27,27,54,0.0342288212163202,0,0.0,2.0,0.0010308526509105,0.0
bg,50,0.0006894781458291,0.0006890027657156,0.6894781458291899,26,26,52,0.0265183902241996,0,0.0,2.0,0.0007811672062819,0.0
bg,50,0.0008130640711557,0.0008124029979719,0.8130640711557362,19,19,38,0.0427928458503019,0,0.0,2.0,0.0008416508444062,0.0
bg,50,0.0010203220330306,0.0010192809759796,1.0203220330306912,28,28,56,0.0364400726082389,0,0.0,2.0,0.0009467068873397,0.0
bg,50,0.0010405645052977,0.001039481730808,1.0405645052977803,25,25,50,0.0416225802119112,0,0.0,2.0,0.0010495332720478,0.0
bg,50,0.0013517761223798,0.0013499488236947,1.3517761223798264,39,39,78,0.0346609262148673,0,0.0,2.0,0.0014490438403969,0.0
bg,50,0.0011007394674314,0.0011085951494886,1.100739467431424,31,31,62,0.0355077247558523,0,0.0,2.0,0.0010811382528455,0.0
bg,50,0.0008028257603977,0.0008021812311961,0.8028257603977131,30,30,60,0.0267608586799237,0,0.0,2.0,0.0009440723467394,0.0
bg,50,0.0012244450037551,0.0012229457381878,1.224445003755115,30,30,60,0.0408148334585038,0,0.0,2.0,0.0010906640674385,0.0
bg,50,0.0003811931462919,0.0003810478380771,0.3811931462919773,20,20,40,0.0190596573145988,0,0.0,2.0,0.000261901533622,0.0
bg,50,0.0012809777005421,0.0012793367966728,1.2809777005421203,28,28,56,0.04574920359079,0,0.0,2.0,0.0012147898300154,0.0
bg,50,0.0005205593418875,0.0005202883598591,0.5205593418875942,24,24,48,0.0216899725786497,0,0.0,2.0,0.0004677901900735,0.0
bg,50,0.0004435772288876,0.0004433804681297,0.4435772288876904,26,26,52,0.0170606626495265,0,0.0,2.0,0.0004881096978026,0.0
bg,50,0.0008570147220101,0.0008562802477764,0.8570147220101827,19,19,38,0.0451060380005359,0,0.0,2.0,0.0009231669936313,0.0
bg,50,0.0011774960963583,0.0011761095993014,1.177496096358368,28,28,56,0.0420534320127988,0,0.0,2.0,0.0011393318715826,0.0
bg,50,0.0009540152326449,0.0009531050875808,0.9540152326449808,26,26,52,0.0366928935632684,0,0.0,2.0,0.0011329813753639,0.0
bg,50,0.0004082342685269,0.0004080676133089,0.408234268526968,20,20,40,0.0204117134263484,0,0.0,2.0,0.0003352827289185,0.0
bg,50,0.0008001824783224,0.0007995421863238,0.8001824783224987,25,25,50,0.0320072991328999,0,0.0,2.0,0.0009061146719698,0.0
bg,50,0.0009090753263298,0.0009082489083808,0.909075326329825,24,24,48,0.037878138597076,0,0.0,2.0,0.0009135271767293,0.0
bg,50,0.0009097479627213,0.0009089203213656,0.9097479627213456,25,25,50,0.0363899185088538,0,0.0,2.0,0.0010266572545047,0.0
bg,50,0.0005620213781848,0.0005617055101553,0.562021378184852,20,20,40,0.0281010689092425,0,0.0,2.0,0.0006017858409876,0.0
bg,50,0.0007763198498607,0.0007757171773514,0.7763198498607693,24,24,48,0.0323466604108653,0,0.0,2.0,0.00106846169841,0.0
bg,50,0.0005290494345179,0.0005287695412137,0.5290494345179297,20,20,40,0.0264524717258964,0,0.0,2.0,0.0005507381883967,0.0
bg,50,0.0008036434717533,0.0008029976289236,0.8036434717533325,26,26,52,0.030909364298205,0,0.0,2.0,0.000733419216116,0.0
bg,50,0.000633475438125,0.0006330741469943,0.633475438125096,19,19,38,0.0333408125328997,0,0.0,2.0,0.0007100616861265,0.0
bg,50,0.0009504740685341,0.0009495706675791,0.9504740685341476,28,28,56,0.0339455024476481,0,0.0,2.0,0.0009609691033804,0.0
bg,50,0.0007305876928678,0.0007300539344908,0.7305876928678288,27,27,54,0.0270588034395492,0,0.0,2.0,0.0006865559713391,0.0
bg,50,0.0009350494774266,0.0009341751599014,0.9350494774266452,24,24,48,0.0389603948927768,0,0.0,2.0,0.0009272124043193,0.0
bg,50,0.0008261620333767,0.0008254794896713,0.8261620333767521,22,22,44,0.0375528196989432,0,0.0,2.0,0.0007453469462097,0.0
bg,50,0.0008217433461027,0.0008210680839759,0.8217433461027923,24,24,48,0.0342393060876163,0,0.0,2.0,0.0006542095540577,0.0
bg,50,0.0008152684423075,0.0008146037796745,0.8152684423075982,20,20,40,0.0407634221153799,0,0.0,2.0,0.0005463619449145,0.0
bg,50,0.000756202122589,0.000774843645943,0.7562021225890447,28,28,56,0.0270072186638944,0,0.0,2.0,0.0009083372070047,0.0
bg,50,0.0009140516322511,0.0009132161418646,0.9140516322511196,24,24,48,0.0380854846771299,0,0.0,2.0,0.0011198404865373,0.0
bg,50,0.0006616980181182,0.0006612601738511,0.6616980181182912,23,23,46,0.0287694790486213,0,0.0,2.0,0.000681974206232,0.0
bg,50,0.0005658163607421,0.000565496212588,0.5658163607421685,21,21,42,0.0269436362258175,0,0.0,2.0,0.0005019660730545,0.0
bg,50,0.0010082690974646,0.0010072524908917,1.008269097464627,30,30,60,0.0336089699154875,0,0.0,2.0,0.0009402477065807,0.0
bg,50,0.000904490621519,0.0009036725182346,0.9044906215190168,26,26,52,0.0347881008276544,0,0.0,2.0,0.0008574503355575,0.0
bg,50,0.0010952398675079,0.0010940403171406,1.095239867507999,27,27,54,0.0405644395373333,0,0.0,2.0,0.0010523847817301,0.0
bg,50,0.0009867114920165,0.000985737892448,0.986711492016551,34,34,68,0.0290209262357809,0,0.0,2.0,0.0008409202065933,0.0
bg,50,0.000454394920166,0.0004541884454225,0.4543949201660169,24,24,48,0.018933121673584,0,0.0,2.0,0.0005011002562916,0.0
bg,50,0.0008639748246945,0.0008632283721968,0.863974824694556,26,26,52,0.0332298009497906,0,0.0,2.0,0.0008872037689552,0.0
bg,50,0.0009869149642628,0.0009859409631161,0.986914964262848,31,31,62,0.0318359665891241,0,0.0,2.0,0.0009658117909151,0.0
bg,50,0.0008567219794621,0.000855988006912,0.8567219794621295,26,26,52,0.032950845363928,0,0.0,2.0,0.0009279666809248,0.0
bg,50,0.0009197861529425,0.0009189401463753,0.9197861529425372,24,24,48,0.0383244230392723,0,0.0,2.0,0.0008281873104447,0.0
bg,50,0.0006709744537614,0.0006705242470438,0.6709744537614171,25,25,50,0.0268389781504566,0,0.0,2.0,0.0004762540908849,0.0
bg,50,0.0007744749377609,0.0007738751263317,0.774474937760929,28,28,56,0.0276598192057474,0,0.0,2.0,0.000679087856311,0.0
bg,50,0.000734656554726,0.0007341168344726,0.7346565547260582,26,26,52,0.0282560213356176,0,0.0,2.0,0.0009331304694901,0.0
bg,50,0.0007224746643172,0.0007219526946766,0.7224746643172608,24,24,48,0.0301031110132192,0,0.0,2.0,0.0009029660324539,0.0
bg,50,0.0006896409141419,0.0006891653095515,0.6896409141419682,17,17,34,0.0405671125965863,0,0.0,2.0,0.000580533726417,0.0
bg,50,0.0008706529267406,0.0008698948902218,0.8706529267406631,23,23,46,0.037854475075681,0,0.0,2.0,0.0008228035269969,0.0
bg,50,0.0010036077413802,0.0010026005128817,1.003607741380275,30,30,60,0.0334535913793425,0,0.0,2.0,0.0009732965611003,0.0
bg,50,0.0006920213257881,0.0006915424322727,0.6920213257881258,24,24,48,0.0288342219078385,0,0.0,2.0,0.0009448716690943,0.0
bg,50,0.0007608398873917,0.0007602610100575,0.7608398873917626,19,19,38,0.0400442045995664,0,0.0,2.0,0.0008600453841561,0.0
bg,50,0.0007146279370741,0.0007141172439857,0.714627937074189,18,18,36,0.0397015520596771,0,0.0,2.0,0.0006581708875348,0.0
bg,50,0.0009178794465334,0.000917036943855,0.917879446533405,22,22,44,0.0417217930242456,0,0.0,2.0,0.000970314568986,0.0
bg,50,0.0007068298243901,0.0007063302159895,0.7068298243901481,23,23,46,0.0307317314952238,0,0.0,2.0,0.0005555538838646,0.0
bg,50,0.0007270820926958,0.0007265534443263,0.7270820926958379,26,26,52,0.0279646958729168,0,0.0,2.0,0.0005868769546466,0.0
bg,50,0.0006924010619836,0.0006919216427529,0.6924010619836025,24,24,48,0.0288500442493167,0,0.0,2.0,0.0006068263544313,0.0
bg,50,0.0006372181506166,0.0006368121036451,0.6372181506166434,22,22,44,0.0289644613916656,0,0.0,2.0,0.0005743675491423,0.0
bg,50,0.0010853952225805,0.0010842171397913,1.0853952225805488,25,25,50,0.0434158089032219,0,0.0,2.0,0.0009842513664033,0.0
bg,50,0.0007974869349731,0.0007968509495616,0.797486934973108,27,27,54,0.0295365531471521,0,0.0,2.0,0.0006536740387043,0.0
bg,50,0.0005846834811886,0.0005843416264155,0.5846834811886907,22,22,44,0.0265765218722132,0,0.0,2.0,0.0005166994979838,0.0
bg,50,0.000801455973831,0.000800813642153,0.8014559738310716,26,26,52,0.0308252297627335,0,0.0,2.0,0.0008128164088751,0.0
bg,50,0.0012055230777799,0.0012040697918888,1.2055230777799366,35,35,70,0.0344435165079981,0,0.0,2.0,0.00110513434016,0.0
bg,50,0.0006907482954158,0.0006902711622082,0.6907482954158954,21,21,42,0.0328927759721855,0,0.0,2.0,0.0006980702335234,0.0
bg,50,0.0006847740672215,0.0006843051516983,0.684774067221511,19,19,38,0.0360407403800795,0,0.0,2.0,0.0005972692151346,0.0
bg,50,0.0003007461097973,0.0003006556615748,0.3007461097973802,11,11,22,0.0273405554361254,0,0.0,2.0,0.0003091291692866,0.0
bg,50,0.0012643452945618,0.0012627467255379,1.2643452945618634,34,34,68,0.037186626310643,0,0.0,2.0,0.0012397150000413,0.0
bg,50,0.0006185755959944,0.0006181929602264,0.6185755959944146,22,22,44,0.0281170725452006,0,0.0,2.0,0.0006381152576254,0.0
bg,50,0.0005263668753874,0.0005260898132999,0.5263668753874953,18,18,36,0.0292426041881941,0,0.0,2.0,0.0004509520026143,0.0
bg,50,0.0011397617307111,0.0011384626739083,1.1397617307111716,34,34,68,0.0335224038444462,4,0.004,2.0,0.0012067526786564,3.891501993687731
bg,50,0.0007988155009701,0.0008397265150149,0.7988155009701767,31,31,62,0.0257682419667798,0,0.0,2.0,0.0007380049976428,0.0
bg,50,0.0006693856661257,0.0006689375889557,0.6693856661257627,23,23,46,0.0291037246141635,0,0.0,2.0,0.0006031179347321,0.0
bg,50,0.0016412311535959,0.0016385375138963,1.641231153595914,32,32,64,0.0512884735498723,0,0.0,2.0,0.0019079696949162,0.0
bg,50,0.0005225770419049,0.0005223039551402,0.5225770419049667,21,21,42,0.0248846210430936,0,0.0,2.0,0.0004483246219697,0.0
bg,50,0.0006235883190821,0.0006231994566904,0.6235883190821667,24,24,48,0.0259828466284236,0,0.0,2.0,0.0005905363247339,0.0
bg,50,0.0007750040710403,0.0007744034397302,0.775004071040371,23,23,46,0.0336958291756683,0,0.0,2.0,0.0008297797697869,0.0
bg,50,0.0004640806049252,0.0004638652341173,0.4640806049252077,22,22,44,0.0210945729511458,0,0.0,2.0,0.0004778674600606,0.0
bg,50,0.0008269632826713,0.0008262794144004,0.8269632826713806,22,22,44,0.0375892401214263,0,0.0,2.0,0.0009015145239678,0.0
bg,50,0.000856286650866,0.0008555534240375,0.8562866508660463,26,26,52,0.0329341019563863,0,0.0,2.0,0.0008679648709924,0.0
bg,50,0.0009853255426667,0.0009843546762417,0.9853255426667856,23,23,46,0.0428402409855124,0,0.0,2.0,0.0010704977208257,0.0
bg,50,0.0012995626690278,0.0012978738058971,1.2995626690278983,23,23,46,0.0565027247403434,0,0.0,2.0,0.0013046768722193,0.0
bg,50,0.0004597681560753,0.000459556769318,0.4597681560753415,23,23,46,0.0199899198293626,0,0.0,2.0,0.0005016714536908,0.0
bg,50,0.0005859642372918,0.0005856208832045,0.5859642372918916,18,18,36,0.0325535687384384,0,0.0,2.0,0.0005534068768857,0.0
bg,50,0.0006925247577123,0.0006920451671723,0.6925247577123805,29,29,58,0.0238801640590476,0,0.0,2.0,0.0005898043567373,0.0
bg,50,0.0006205638334192,0.0006201787339478,0.6205638334192045,25,25,50,0.0248225533367681,0,0.0,2.0,0.0006499388773383,0.0
bg,50,0.0012833867272879,0.0012817396457961,1.2833867272879762,30,30,60,0.0427795575762658,0,0.0,2.0,0.001205562960323,0.0
bg,50,0.0002654976177733,0.0002654271287883,0.2654976177733701,19,19,38,0.0139735588301773,0,0.0,2.0,0.0002922083514023,0.0
bg,50,0.0011113262843818,0.0011100912382714,1.1113262843818532,24,24,48,0.0463052618492438,0,0.0,2.0,0.0009188495884524,0.0
bg,50,0.0007127157276552,0.0007122077639468,0.712715727655258,27,27,54,0.0263968788020465,0,0.0,2.0,0.0006100588536909,0.0
bg,50,0.0007819666870599,0.0007813552151602,0.7819666870599526,17,17,34,0.0459980404152913,0,0.0,2.0,0.0006528492494488,0.0
bg,50,0.0005879256189263,0.0005875799623929,0.5879256189263042,19,19,38,0.0309434536277002,0,0.0,2.0,0.0005714218773001,0.0
bg,50,0.0005802626560401,0.0005799259512901,0.5802626560401336,17,17,34,0.0341330974141255,0,0.0,2.0,0.0005371430375447,0.0
bg,50,0.0012850350949286,0.0012833837797334,1.2850350949286629,21,21,42,0.0611921473775553,0,0.0,2.0,0.0015955080949719,0.0
bg,50,0.0011608019115807,0.0011594544505028,1.1608019115807409,28,28,56,0.0414572111278836,0,0.0,2.0,0.0012131270551086,0.0
bg,50,0.0008210846882225,0.0008204105081572,0.8210846882225056,23,23,46,0.0356993342705437,0,0.0,2.0,0.0010089117637246,0.0
bg,50,0.0004507434757342,0.0004505403060533,0.4507434757342992,19,19,38,0.023723340828121,0,0.0,2.0,0.0005909451973023,0.0
bg,50,0.0007368209744711,0.0007362780693227,0.736820974471172,30,30,60,0.024560699149039,0,0.0,2.0,0.0006763599791756,0.0
bg,50,0.001023727920562,0.0010226799017067,1.0237279205620595,31,31,62,0.0330234813084535,0,0.0,2.0,0.0009959399150464,0.0
bg,50,0.0009391413654485,0.0009382593789442,0.939141365448524,32,32,64,0.0293481676702663,0,0.0,2.0,0.0008929704126578,0.0
bg,50,0.0008900541432563,0.0008892619468784,0.8900541432563926,26,26,52,0.0342328516637074,0,0.0,2.0,0.0008744649665827,0.0
bg,50,0.0012512777601116,0.0012497120640786,1.2512777601116394,39,39,78,0.0320840451310676,0,0.0,2.0,0.0009719449205399,0.0
bg,50,0.0005322659157058,0.0005319826087008,0.5322659157058709,22,22,44,0.0241939052593577,0,0.0,2.0,0.0005526377189207,0.0
bg,50,0.0005938720700996,0.0005996600342119,0.5938720700996791,23,23,46,0.0258205247869425,0,0.0,2.0,0.000518927187533,0.0
bg,50,0.000664167973758,0.0006637268546606,0.6641679737580195,22,22,44,0.0301894533526372,0,0.0,2.0,0.0006170981540463,0.0
bg,50,0.0006495683996799,0.000649146460574,0.6495683996799073,21,21,42,0.030931828556186,0,0.0,2.0,0.0006533884729917,0.0
bg,50,0.000377398946274,0.0003772565163094,0.3773989462740559,15,15,30,0.0251599297516037,0,0.0,2.0,0.0003992498885885,0.0
bg,50,0.0014460285423953,0.0014439375438499,1.4460285423953811,34,34,68,0.0425302512469229,0,0.0,2.0,0.0013225192050729,0.0
bg,50,0.0008008901711195,0.0008002487460533,0.8008901711195264,26,26,52,0.0308034681199817,0,0.0,2.0,0.0009707341093406,0.0
bg,50,0.0007338535372743,0.0007333149962601,0.7338535372743422,19,19,38,0.0386238703828601,0,0.0,2.0,0.0008328461512634,0.0
bg,50,0.0004967221203678,0.000496475387503,0.4967221203678775,20,20,40,0.0248361060183938,0,0.0,2.0,0.0004575961293308,0.0
bg,50,0.000939116613742,0.0009382346737278,0.9391166137420086,22,22,44,0.0426871188064549,0,0.0,2.0,0.0008993147899192,0.0
bg,50,0.0009111803273376,0.0009103500777486,0.9111803273376218,25,25,50,0.0364472130935048,0,0.0,2.0,0.0009176207558102,0.0
bg,50,0.0007763476926438,0.0007757449769039,0.7763476926438386,19,19,38,0.0408604048759915,0,0.0,2.0,0.0005654731160199,0.0
bg,50,0.0007087572598265,0.0007082549229732,0.7087572598265979,27,27,54,0.0262502688824665,0,0.0,2.0,0.0006344644848988,0.0
bg,50,0.0004676907518197,0.0004674720171804,0.4676907518197879,17,17,34,0.0275112206952816,0,0.0,2.0,0.0005534941873275,0.0
bg,50,0.0016928218705333,0.001689956224648,1.6928218705333804,40,40,80,0.0423205467633345,1,0.001,2.0,0.0017137867423339,0.7945929087336366
bg,50,0.0004943413099067,0.0004940969365761,0.4943413099067868,17,17,34,0.0290789005827521,0,0.0,2.0,0.0005513552993235,0.0
bg,50,0.0003840889544249,0.0003839414300999,0.3840889544249108,13,13,26,0.0295453041865316,0,0.0,2.0,0.0004009994761649,0.0
bg,50,0.0008868239762724,0.0008943767468765,0.886823976272404,33,33,66,0.0268734538264364,1,0.001,2.0,0.001016117970792,1.044419568672286
bg,50,0.0004257543723061,0.0004255731055206,0.4257543723061996,15,15,30,0.0283836248204133,0,0.0,2.0,0.0003689050226548,0.0
bg,50,0.0010135699322626,0.001012542608255,1.0135699322626763,22,22,44,0.0460713605573943,0,0.0,2.0,0.0012380734108072,0.0
bg,50,0.0006854698282759,0.0006849999593904,0.6854698282759557,25,25,50,0.0274187931310382,0,0.0,2.0,0.000573769071525,0.0
bg,50,0.0004635413498574,0.0004633264792744,0.4635413498574792,17,17,34,0.0272671382269105,0,0.0,2.0,0.0004619348523694,0.0
bg,50,0.0007400711039761,0.0007395233987372,0.740071103976156,25,25,50,0.0296028441590462,0,0.0,2.0,0.0008435254716584,0.0
bg,50,0.0011870865582876,0.0011856773837907,1.1870865582876462,38,38,76,0.031239119954938,0,0.0,2.0,0.0008352002068756,0.0
bg,50,0.0010113335949904,0.00101031079935,1.011333594990422,36,36,72,0.028092599860845,0,0.0,2.0,0.0009419922559674,0.0
bg,50,0.00093330754829,0.0009324364853104,0.9333075482900988,28,28,56,0.0333324124389321,0,0.0,2.0,0.0008077333756121,0.0
bg,50,0.0009373983262154,0.0009365196105934,0.937398326215483,32,32,64,0.0292936976942338,0,0.0,2.0,0.0009784480818363,0.0
bg,50,0.0008343003898472,0.0008336043327067,0.8343003898472574,24,24,48,0.0347625162436357,0,0.0,2.0,0.000781227041687,0.0
bg,50,0.0007831470033197,0.0007825336840909,0.7831470033197387,22,22,44,0.0355975910599881,0,0.0,2.0,0.0010634315464074,0.0
bg,50,0.0011911636344158,0.0011897447636119,1.1911636344158705,35,35,70,0.0340332466975962,0,0.0,2.0,0.0009685350957636,0.0
bg,50,0.0010812885321132,0.0010801193472236,1.081288532113284,30,30,60,0.0360429510704427,0,0.0,2.0,0.0010046501978753,0.0
bg,50,0.0006903463950866,0.0006898698169414,0.6903463950866637,17,17,34,0.0406086114756861,0,0.0,2.0,0.0005892468159716,0.0
bg,50,0.0006886858596199,0.0006882115714066,0.688685859619909,20,20,40,0.0344342929809954,0,0.0,2.0,0.0006165100688377,0.0
bg,50,0.0009241860600618,0.0009233319401882,0.924186060061885,30,30,60,0.0308062020020628,0,0.0,2.0,0.0008508814656464,0.0
bg,50,0.0007835549779995,0.000782941019596,0.783554977999593,21,21,42,0.0373121418095044,0,0.0,2.0,0.0007514207356817,0.0
bg,50,0.0004552966160265,0.000455089321018,0.4552966160265868,23,23,46,0.0197955050446342,0,0.0,2.0,0.0006223695792756,0.0
bg,50,0.0009230770854373,0.0009222250141316,0.923077085437356,28,28,56,0.0329670387656198,0,0.0,2.0,0.0009041036397251,0.0
bg,50,0.0011166981321152,0.001115451117397,1.116698132115275,32,32,64,0.0348968166286023,0,0.0,2.0,0.0013983789281607,0.0
bg,50,0.0009074593747349,0.0009066358922181,0.9074593747349412,34,34,68,0.0266899816098512,0,0.0,2.0,0.0008597167685216,0.0
bg,50,0.0004978820143301,0.0004976341278299,0.4978820143301146,21,21,42,0.023708667349053,0,0.0,2.0,0.0005110889074027,0.0
bg,50,0.0007800373607167,0.0007794289024326,0.7800373607167523,28,28,56,0.0278584771684554,0,0.0,2.0,0.0007379516022307,0.0
bg,50,0.0010478787146593,0.0010467806648586,1.0478787146593191,31,31,62,0.0338025391825586,0,0.0,2.0,0.0012511465933758,0.0
bg,50,0.0008043414806353,0.0008036945154178,0.8043414806353546,23,23,46,0.0349713687232762,0,0.0,2.0,0.0008712523792435,0.0
bg,50,0.0006317310707054,0.0006313319865597,0.6317310707054418,19,19,38,0.033249003721339,0,0.0,2.0,0.000662987069994,0.0
bg,50,0.0010431288064251,0.0010420406887183,1.0431288064251154,26,26,52,0.0401203387086582,0,0.0,2.0,0.0011185848281653,0.0
bg,50,0.0006856704428537,0.0006852002988975,0.6856704428537626,17,17,34,0.040333555461986,0,0.0,2.0,0.0008439602568841,0.0
bg,50,0.000860518295511,0.0008597778037741,0.860518295511099,27,27,54,0.0318710479818925,0,0.0,2.0,0.0010152767538793,0.0
bg,50,0.000965448596808,0.000964516505815,0.9654485968080876,26,26,52,0.0371326383387726,0,0.0,2.0,0.0008058471666629,0.0
bg,50,0.0008320469383884,0.0008313546362807,0.8320469383884745,21,21,42,0.0396212827804035,0,0.0,2.0,0.0009389945709401,0.0
bg,50,0.001193083418711,0.001191659970667,1.1930834187110655,28,28,56,0.0426101220968237,0,0.0,2.0,0.0013142827916152,0.0
bg,50,0.0005662761106538,0.0005659554420203,0.566276110653888,24,24,48,0.023594837943912,0,0.0,2.0,0.0005938146614299,0.0
bg,50,0.000863447009945,0.000862701469206,0.8634470099450589,31,31,62,0.0278531293530664,0,0.0,2.0,0.0008489007030977,0.0
bg,50,0.0010271520465514,0.0010260970052246,1.0271520465514037,26,26,52,0.0395058479442847,0,0.0,2.0,0.0009586693766051,0.0
bg,50,0.000485384743892,0.0004851491455424,0.4853847438920269,16,16,32,0.0303365464932516,0,0.0,2.0,0.0004580300256222,0.0
bg,50,0.0009184384334335,0.0009175949042775,0.918438433433586,29,29,58,0.0316702908080546,0,0.0,2.0,0.001199742739973,0.0
bg,50,0.0009368615271307,0.0009359838176097,0.936861527130752,24,24,48,0.0390358969637813,0,0.0,2.0,0.0009204218469687,0.0
bg,50,0.0007842957430025,0.00078368062319,0.7842957430025095,26,26,52,0.0301652208847119,0,0.0,2.0,0.0006390243575454,0.0
bg,50,0.0006733086577435,0.0006728553131949,0.6733086577435898,26,26,52,0.0258964868362919,0,0.0,2.0,0.0006463709158056,0.0
bg,50,0.0007423053434054,0.0007417543261826,0.7423053434054907,19,19,38,0.0390687022844995,0,0.0,2.0,0.0007947560354671,0.0
bg,50,0.000774767682744,0.0007741674177818,0.7747676827440912,23,23,46,0.0336855514236561,0,0.0,2.0,0.0005855041697894,0.0
bg,50,0.0006938608505087,0.0006933794076288,0.6938608505087114,20,20,40,0.0346930425254355,0,0.0,2.0,0.0006529886088194,0.0
bg,50,0.0007489112807512,0.0007483504126448,0.7489112807512441,23,23,46,0.0325613600326627,0,0.0,2.0,0.0007823227969183,0.0
bg,50,0.0008189353128319,0.0008182646577853,0.8189353128319254,25,25,50,0.032757412513277,0,0.0,2.0,0.0009079143075428,0.0
bg,50,0.0006464898391441,0.000646071890032,0.6464898391441194,26,26,52,0.0248649938132353,0,0.0,2.0,0.0007569859562899,0.0
bg,50,0.0008376524008531,0.0008369507393085,0.837652400853159,22,22,44,0.038075109129689,0,0.0,2.0,0.0008462845486571,0.0
bg,50,0.0007887171502307,0.0007880950754876,0.788717150230724,25,25,50,0.0315486860092289,0,0.0,2.0,0.0007367485550758,0.0
bg,50,0.000375830538305,0.0003756892897114,0.3758305383050206,17,17,34,0.0221076787238247,0,0.0,2.0,0.0004402271160972,0.0
bg,50,0.0010701233904947,0.0010689782264238,1.0701233904947527,27,27,54,0.0396341996479538,0,0.0,2.0,0.0008977179448195,0.0
bg,50,0.0007875911741179,0.0007869708742603,0.7875911741179173,24,24,48,0.0328162989215798,0,0.0,2.0,0.000737012678623,0.0
bg,50,0.0009710033357793,0.0009700604883012,0.971003335779372,31,31,62,0.0313226882509474,0,0.0,2.0,0.0009225930522271,0.0
bg,50,0.0011387751118129,0.0011374783030577,1.1387751118129898,28,28,56,0.0406705397076067,0,0.0,2.0,0.0012122544340603,0.0
bg,50,0.0009245168439648,0.00092366211257,0.924516843964824,31,31,62,0.0298231239988652,0,0.0,2.0,0.0006797454690388,0.0
bg,50,0.0007725109459914,0.0007719141728297,0.7725109459914137,22,22,44,0.0351141339087006,0,0.0,2.0,0.000751429612264,0.0
bg,50,0.0008132640872227,0.0008126026887471,0.8132640872227626,20,20,40,0.0406632043611381,0,0.0,2.0,0.0009270233169721,0.0
bg,50,0.0008705751625811,0.0008698172614674,0.8705751625811793,28,28,56,0.0310919700921849,0,0.0,2.0,0.0007990316582619,0.0
bg,50,0.0004782318497181,0.000478003144016,0.4782318497181492,22,22,44,0.0217378113508249,0,0.0,2.0,0.0006158438889757,0.0
bg,50,0.000555926179923,0.0005556171260055,0.5559261799230395,20,20,40,0.0277963089961519,0,0.0,2.0,0.0004928043438041,0.0
bg,50,0.0005068644413147,0.0005066075297528,0.5068644413147254,16,16,32,0.0316790275821703,0,0.0,2.0,0.0005551949890558,0.0
bg,50,0.0009909461639431,0.0009899641896433,0.990946163943164,24,24,48,0.0412894234976318,0,0.0,2.0,0.0010655498218529,0.0
bg,50,0.0009997636376259,0.0009987641102948,0.9997636376259535,28,28,56,0.0357058442009269,0,0.0,2.0,0.0010082560879816,0.0
bg,50,0.0008746772872521,0.0008739122268952,0.8746772872521191,26,26,52,0.0336414341250815,0,0.0,2.0,0.0008452647151749,0.0
bg,50,0.00062968705327,0.0006292905474849,0.6296870532700138,23,23,46,0.0273776979682614,0,0.0,2.0,0.0005188443309166,0.0
bg,50,0.0008174904300045,0.0008168221394013,0.8174904300045469,31,31,62,0.0263706590324047,0,0.0,2.0,0.0010326910707554,0.0
bg,50,0.0008520147067506,0.0008512887776901,0.8520147067506443,23,23,46,0.0370441176848106,0,0.0,2.0,0.0009315224574731,0.0
bg,50,0.0006817001057975,0.0006812353907633,0.6817001057975816,20,20,40,0.034085005289879,0,0.0,2.0,0.0006058308049958,0.0
bg,50,0.0005635339223544,0.0005632163518728,0.5635339223544733,24,24,48,0.023480580098103,0,0.0,2.0,0.0005727567140079,0.0
bg,50,0.0008696302051471,0.0008688739484534,0.8696302051471534,28,28,56,0.0310582216123983,0,0.0,2.0,0.0007931315158919,0.0
bg,50,0.0008287592019956,0.0008280723601807,0.8287592019956662,17,17,34,0.0487505412938627,0,0.0,2.0,0.0009978841829604,0.0
bg,50,0.0005359992125764,0.0005357119174205,0.5359992125764137,21,21,42,0.0255237720274482,0,0.0,2.0,0.0004325286778177,0.0
bg,50,0.0010065343019332,0.0010270963863181,1.0065343019332786,27,27,54,0.037279048219751,0,0.0,2.0,0.001048107589938,0.0
bg,50,0.0006525829236313,0.000652157059159,0.6525829236313143,16,16,32,0.0407864327269571,0,0.0,2.0,0.0006163859488079,0.0
bg,50,0.0006593278939716,0.0006588931806998,0.6593278939716605,20,20,40,0.032966394698583,0,0.0,2.0,0.0005835715033889,0.0
bg,50,0.0008138084635244,0.0008131461793091,0.8138084635244809,24,24,48,0.0339086859801867,0,0.0,2.0,0.0004307585684977,0.0
bg,50,0.0006318789289026,0.0006314796579218,0.6318789289026157,25,25,50,0.0252751571561046,0,0.0,2.0,0.000712923388792,0.0
bg,50,0.0009152134895171,0.0009143758737857,0.9152134895171526,27,27,54,0.0338967959080426,0,0.0,2.0,0.0009474234010028,0.0
bg,50,0.0014316617912001,0.0014296121357157,1.4316617912001135,29,29,58,0.0493676479724177,0,0.0,2.0,0.0012811939568045,0.0
bg,50,0.0004984210798926,0.0004981726563198,0.4984210798926916,18,18,36,0.0276900599940384,0,0.0,2.0,0.0004176248272526,0.0
bg,50,0.0010595127264491,0.0010583901592316,1.0595127264491635,25,25,50,0.0423805090579665,0,0.0,2.0,0.0010342839341126,0.0
bg,50,0.000833751957161,0.0008330568148349,0.8337519571610379,23,23,46,0.0362500850939581,0,0.0,2.0,0.0008196516617038,0.0
bg,50,0.0008737601499442,0.0008729966931446,0.8737601499442906,26,26,52,0.0336061596132419,0,0.0,2.0,0.0009490602726823,0.0
bg,50,0.0007226529113608,0.0007221306841305,0.7226529113608855,26,26,52,0.0277943427446494,0,0.0,2.0,0.000800698042994,0.0
bg,50,0.0012410707265749,0.0012395304700266,1.241070726574975,28,28,56,0.0443239545205348,0,0.0,2.0,0.0012246056543698,0.0
bg,50,0.0005299029519647,0.0005296221548262,0.5299029519647647,20,20,40,0.0264951475982382,0,0.0,2.0,0.0005191652999564,0.0
bg,50,0.0009473239430972,0.000946426520444,0.9473239430972082,22,22,44,0.0430601792316912,0,0.0,2.0,0.0007271101235747,0.0
bg,50,0.0009158338703579,0.0009149951186798,0.9158338703579004,26,26,52,0.03522437962915,0,0.0,2.0,0.0009952881040799,0.0
bg,50,0.0004327733771189,0.000432586084323,0.4327733771189628,19,19,38,0.0227775461641559,0,0.0,2.0,0.0003966458651623,0.0
bg,50,0.0006668828682674,0.0006664381355074,0.666882868267475,19,19,38,0.0350990983298671,0,0.0,2.0,0.0005187500270531,0.0
bg,50,0.0010922049864401,0.0010910120747077,1.0922049864401089,32,32,64,0.0341314058262534,0,0.0,2.0,0.0011980546709306,0.0
bg,50,0.0009320267361303,0.0009311580622934,0.9320267361303074,25,25,50,0.0372810694452123,0,0.0,2.0,0.0011450068077112,0.0
bg,50,0.0010927229092867,0.0010915288659303,1.092722909286799,29,29,58,0.0376801003202344,0,0.0,2.0,0.0014713330273601,0.0
bg,50,0.0004959790375039,0.0004957330422983,0.4959790375039645,21,21,42,0.0236180494049506,0,0.0,2.0,0.0004084056270714,0.0
bg,50,0.0008887327273684,0.0008879428815077,0.8887327273684287,26,26,52,0.0341820279757087,0,0.0,2.0,0.000939622526402,0.0
bg,50,0.0005220792947439,0.0005218067279539,0.522079294743925,20,20,40,0.0261039647371962,0,0.0,2.0,0.0004762782432251,0.0
bg,50,0.000956481329257,0.0009555664727238,0.9564813292570448,26,26,52,0.0367877434329632,0,0.0,2.0,0.0009333025498417,0.0
bg,50,0.000807000988518,0.0008063497379225,0.8070009885180269,24,24,48,0.0336250411882511,0,0.0,2.0,0.000907750414561,0.0
bg,50,0.0008231870313006,0.0008225093944121,0.8231870313006198,26,26,52,0.0316610396654084,0,0.0,2.0,0.0007218440707596,0.0
bg,50,0.0007344784396996,0.0007339389811212,0.7344784396996538,20,20,40,0.0367239219849826,0,0.0,2.0,0.0006743426381495,0.0
bg,50,0.0010755467676027,0.0010743899667534,1.0755467676027468,27,27,54,0.0398350654667684,0,0.0,2.0,0.0012974514649024,0.0
bg,50,0.0006583780321795,0.0006579445705462,0.6583780321795274,22,22,44,0.0299262741899785,0,0.0,2.0,0.0007696306852212,0.0
bg,50,0.0007145963401795,0.0007140856922501,0.7145963401795541,27,27,54,0.0264665311177612,0,0.0,2.0,0.0007657430028799,0.0
bg,50,0.0004455476366256,0.0004453491239291,0.4455476366256334,19,19,38,0.0234498756118754,0,0.0,2.0,0.0004997042933356,0.0
bg,50,0.0009471998808083,0.0009463026931941,0.9471998808083556,29,29,58,0.0326620648554605,0,0.0,2.0,0.0007597281875007,0.0
bg,50,0.0007655202491618,0.0007649342279099,0.7655202491618311,26,26,52,0.0294430865062242,0,0.0,2.0,0.0009407582548928,0.0
bg,50,0.00050045528585,0.0005002048303569,0.5004552858500873,17,17,34,0.0294385462264757,0,0.0,2.0,0.0005075457723102,0.0
bg,50,0.0011347775575224,0.0011334898374173,1.134777557522444,24,24,48,0.0472823982301018,0,0.0,2.0,0.0009815046293073,0.0
bg,50,0.0007372999710227,0.0007367563597754,0.7372999710227433,20,20,40,0.0368649985511371,0,0.0,2.0,0.0007254039965634,0.0
bg,50,0.0009523287824204,0.0009514218523106,0.9523287824204658,30,30,60,0.0317442927473488,0,0.0,2.0,0.0010602108523686,0.0
bg,50,0.0007794040937402,0.0007787966229989,0.7794040937402897,16,16,32,0.0487127558587681,0,0.0,2.0,0.0006517685797183,0.0
bg,50,0.0008553464954723,0.000854614877845,0.8553464954723182,29,29,58,0.0294947067404247,0,0.0,2.0,0.0007828150238954,0.0
bg,50,0.0005415237585784,0.0005412305105973,0.5415237585784141,16,16,32,0.0338452349111508,0,0.0,2.0,0.0005155121474113,0.0
bg,50,0.000505409641462,0.0005051542025563,0.5054096414620162,17,17,34,0.0297299789095303,0,0.0,2.0,0.0003907519033774,0.0
bg,50,0.0007350308267045,0.0007344905563883,0.7350308267045307,30,30,60,0.0245010275568176,0,0.0,2.0,0.0005696368167557,0.0
bg,50,0.0007244724050813,0.0007239475448156,0.7244724050813716,25,25,50,0.0289788962032548,0,0.0,2.0,0.0007836488535756,0.0
bg,50,0.0009270537118772,0.0009261942832925,0.927053711877214,22,22,44,0.0421388050853279,0,0.0,2.0,0.0009751282171929,0.0
bg,50,0.0004839688058261,0.0004837345800211,0.4839688058261977,25,25,50,0.0193587522330479,0,0.0,2.0,0.0005264409630324,0.0
bg,50,0.0008080581860315,0.0008074052279995,0.8080581860315341,26,26,52,0.0310791610012128,0,0.0,2.0,0.0009534565858166,0.0
bg,50,0.0010742689314686,0.0010731148777315,1.0742689314686729,28,28,56,0.0383667475524526,0,0.0,2.0,0.0010767173257824,0.0
bg,50,0.0005683299188046,0.000568006919908,0.5683299188046345,24,24,48,0.0236804132835264,0,0.0,2.0,0.0005580678633523,0.0
bg,50,0.0005562263246939,0.0005559169369696,0.5562263246939543,20,20,40,0.0278113162346977,0,0.0,2.0,0.0005935481172839,0.0
bg,50,0.0008473291321342,0.000846611165476,0.8473291321342167,22,22,44,0.0385149605515553,0,0.0,2.0,0.0008930406782727,0.0
bg,50,0.0008869300395896,0.0008861433946945,0.8869300395896431,24,24,48,0.0369554183162351,0,0.0,2.0,0.0008322229018403,0.0
bg,50,0.0009349619322797,0.0009340877784649,0.9349619322797232,31,31,62,0.0301600623316039,0,0.0,2.0,0.000848404620457,0.0
bg,50,0.0010359854470743,0.0010349121812277,1.0359854470743386,25,25,50,0.0414394178829735,0,0.0,2.0,0.0008936810204497,0.0
bg,50,0.0008804576467327,0.000879682441065,0.8804576467327223,31,31,62,0.0284018595720233,0,0.0,2.0,0.0008470451443228,0.0
bg,50,0.000877671073993,0.0008769007674789,0.8776710739930706,22,22,44,0.0398941397269577,0,0.0,2.0,0.0007948707464867,0.0
bg,50,0.0010302012262795,0.0010291399117129,1.0302012262795444,23,23,46,0.044791357664328,0,0.0,2.0,0.0012473688249291,0.0
bg,50,0.0008137358401685,0.0008130736741509,0.813735840168528,20,20,40,0.0406867920084264,0,0.0,2.0,0.0007047410557394,0.0
bg,50,0.000610781840742,0.000610408786285,0.6107818407420638,26,26,52,0.0234916092593101,0,0.0,2.0,0.00067502428908,0.0
bg,50,0.0007211171433023,0.000720597133368,0.7211171433023678,31,31,62,0.0232618433323344,0,0.0,2.0,0.0007611451089683,0.0
bg,50,0.0004748289086917,0.0004746034461991,0.4748289086917197,26,26,52,0.0182626503342969,0,0.0,2.0,0.0005313602896721,0.0
bg,50,0.0005534528603761,0.0005531465503074,0.553452860376126,20,20,40,0.0276726430188062,0,0.0,2.0,0.0004693925994791,0.0
bg,50,0.0005383573029259,0.0005380674743403,0.5383573029259239,22,22,44,0.0244707864966329,0,0.0,2.0,0.0005907902531929,0.0
bg,50,0.0004900177164498,0.0004897775990874,0.4900177164498487,18,18,36,0.027223206469436,0,0.0,2.0,0.0004028560634216,0.0
bg,50,0.0011655203790439,0.00116416194129,1.1655203790439843,37,37,74,0.0315005507849725,0,0.0,2.0,0.0012747591884401,0.0
bg,50,0.0013960643899234,0.0013941153941426,1.396064389923481,34,34,68,0.0410607173506906,0,0.0,2.0,0.0014929095500688,0.0
bg,50,0.0002927875791277,0.0002927018545612,0.2927875791277827,13,13,26,0.0225221214713679,0,0.0,2.0,0.0003009802776886,0.0
bg,50,0.0012765112709058,0.001274881789881,1.276511270905809,38,38,76,0.0335924018659423,0,0.0,2.0,0.0014488259880508,0.0
bg,50,0.0006988037362522,0.0006983154095904,0.6988037362522874,27,27,54,0.0258816198611958,0,0.0,2.0,0.0006933289397602,0.0
bg,50,0.0012533166907068,0.0012517458879796,1.2533166907068107,29,29,58,0.0432178169209245,0,0.0,2.0,0.0010434454704101,0.0
bg,50,0.0004345161028491,0.0004343272986055,0.4345161028491802,23,23,46,0.0188920044717034,0,0.0,2.0,0.0003677872877738,0.0
bg,50,0.0008635412539936,0.0008627955504963,0.8635412539936738,25,25,50,0.0345416501597469,0,0.0,2.0,0.0007690879257452,0.0
bg,50,0.0009873364168259,0.0010032375579383,0.9873364168259472,28,28,56,0.0352620148866409,0,0.0,2.0,0.0009790474509767,0.0
bg,50,0.0005289545149631,0.0005286747220842,0.5289545149631714,20,20,40,0.0264477257481585,0,0.0,2.0,0.0005794959599822,0.0
bg,50,0.000605616825268,0.000605250053529,0.6056168252680578,17,17,34,0.0356245191334151,0,0.0,2.0,0.0005273097008743,0.0
bg,50,0.0008661325026028,0.0008653823170907,0.8661325026028521,26,26,52,0.0333127885616481,0,0.0,2.0,0.0010023755338777,0.0
bg,50,0.0004816522198087,0.0004814202309479,0.4816522198087511,18,18,36,0.0267584566560417,0,0.0,2.0,0.0005334624361405,0.0
bg,50,0.0011580983416302,0.0011567571498613,1.1580983416302004,26,26,52,0.0445422439088538,0,0.0,2.0,0.0014027520010214,0.0
bg,50,0.0003017853578887,0.0003016942834865,0.3017853578887823,13,13,26,0.0232142582991371,0,0.0,2.0,0.0002713087196437,0.0
bg,50,0.0010075950975827,0.001006579849702,1.0075950975827226,29,29,58,0.0347446585373352,0,0.0,2.0,0.0011501797131489,0.0
bg,50,0.000582571570208,0.0005822321805736,0.5825715702080707,20,20,40,0.0291285785104035,0,0.0,2.0,0.0006314356892195,0.0
bg,50,0.000684403986726,0.0006839355779089,0.6844039867260392,21,21,42,0.0325906660345732,0,0.0,2.0,0.0004932100274733,0.0
bg,50,0.0008015026034419,0.0008008601970186,0.8015026034419535,28,28,56,0.0286250929800697,0,0.0,2.0,0.0008969521883053,0.0
bg,50,0.0010336569665299,0.0010325885198055,1.0336569665299642,27,27,54,0.0382835913529616,0,0.0,2.0,0.0009841557763928,0.0
bg,50,0.0005047573549729,0.0005045025749855,0.5047573549729236,16,16,32,0.0315473346858077,0,0.0,2.0,0.0005372738093464,0.0
bg,50,0.0007908153642914,0.000790189975351,0.7908153642914435,23,23,46,0.0343832767083236,0,0.0,2.0,0.0006865872133569,0.0
bg,50,0.0007552028064823,0.0007546324752033,0.755202806482302,19,19,38,0.0397475161306474,0,0.0,2.0,0.0007873702541901,0.0
bg,50,0.0004176457616228,0.0004174713336406,0.4176457616228504,15,15,30,0.0278430507748566,0,0.0,2.0,0.0003463863097011,0.0
bg,50,0.0007422184895432,0.000741667601257,0.7422184895432764,24,24,48,0.0309257703976365,0,0.0,2.0,0.0009028065779184,0.0
bg,50,0.0010800075163993,0.0010788411001638,1.0800075163993483,33,33,66,0.0327275004969499,0,0.0,2.0,0.0010481631706586,0.0
bg,50,0.0006034443800343,0.0006030802349145,0.6034443800343183,18,18,36,0.0335246877796843,0,0.0,2.0,0.0006459694009242,0.0
bg,50,0.0007813037053249,0.000780693269845,0.7813037053249872,19,19,38,0.0411212476486835,0,0.0,2.0,0.0008485301036745,0.0
bg,50,0.0009690859454958,0.000968146817926,0.9690859454958272,24,24,48,0.0403785810623261,0,0.0,2.0,0.0008844132787588,0.0
bg,50,0.0012290628008069,0.0012275522054386,1.2290628008069762,33,33,66,0.037244327297181,0,0.0,2.0,0.0017041454528719,0.0
bg,50,0.0009772313156126,0.0009762763345684,0.97723131561267,25,25,50,0.0390892526245068,0,0.0,2.0,0.001144663460006,0.0
bg,50,0.0007845321282383,0.0007839166375781,0.7845321282383564,23,23,46,0.0341100925321024,0,0.0,2.0,0.0007908583373869,0.0
bg,50,0.0009921618111987,0.0009911774261391,0.99216181119872,21,21,42,0.0472458005332723,0,0.0,2.0,0.0008746907548923,0.0
bg,50,0.0004944220192933,0.0004941775661601,0.4944220192933457,17,17,34,0.0290836481937262,0,0.0,2.0,0.0004474336473865,0.0
bg,50,0.0006465453353193,0.0006461273144486,0.6465453353193151,25,25,50,0.0258618134127726,0,0.0,2.0,0.000584938439867,0.0
bg,50,0.0008827004788583,0.0008983923280578,0.882700478858311,27,27,54,0.0326926103280856,0,0.0,2.0,0.000864385146844,0.0
bg,50,0.000573466405075,0.0005731375413572,0.5734664050750098,19,19,38,0.0301824423723689,0,0.0,2.0,0.0004423574311768,0.0
bg,50,0.0008837847991028,0.0008830037235317,0.8837847991028855,24,24,48,0.0368243666292869,0,0.0,2.0,0.0010458867743407,0.0
bg,50,0.0007448663650255,0.0007443115391237,0.7448663650255316,26,26,52,0.0286487063471358,0,0.0,2.0,0.0006614005103809,0.0
bg,50,0.001015680017858,0.0010146484119593,1.0156800178580152,34,34,68,0.0298729417017063,0,0.0,2.0,0.0011783972456445,0.0
bg,50,0.0006890718746403,0.0006885970545919,0.6890718746403408,19,19,38,0.0362669407705442,0,0.0,2.0,0.0007793413931905,0.0
bg,50,0.0007804346005813,0.0007798255224156,0.7804346005813927,31,31,62,0.0251753096961739,0,0.0,2.0,0.0009011985658925,0.0
bg,50,0.0008298463549988,0.0008291577100259,0.8298463549988604,20,20,40,0.041492317749943,0,0.0,2.0,0.0006093870662995,0.0
bg,50,0.0007446886652595,0.0007441341040514,0.7446886652595714,23,23,46,0.0323777680547639,0,0.0,2.0,0.0007059754398888,0.0
bg,50,0.0007858661413229,0.0007852485557308,0.7858661413229084,22,22,44,0.0357211882419503,0,0.0,2.0,0.0008332395583733,0.0
bg,50,0.000779201080934,0.0007785939266095,0.7792010809340582,26,26,52,0.0299692723436176,0,0.0,2.0,0.0008786912228992,0.0
bg,50,0.0010751328589934,0.0010739769483289,1.075132858993486,26,26,52,0.0413512638074417,0,0.0,2.0,0.0013264912498053,0.0
bg,50,0.000679879729966,0.0006794174935188,0.6798797299660393,28,28,56,0.0242814189273585,0,0.0,2.0,0.000773896132111,0.0
bg,50,0.0007539255827149,0.0007533571789306,0.7539255827149276,28,28,56,0.0269259136683902,0,0.0,2.0,0.0007714820484471,0.0
bg,50,0.0011644274832699,0.0011630715919062,1.1644274832699963,25,25,50,0.0465770993307998,0,0.0,2.0,0.0012129365877946,0.0
bg,50,0.0010456393489639,0.0010445459873158,1.04563934896394,28,28,56,0.0373442624629978,0,0.0,2.0,0.000966225955876,0.0
bg,50,0.0004383913532085,0.0004381991662299,0.4383913532085017,15,15,30,0.0292260902139001,0,0.0,2.0,0.0004226625303262,0.0
bg,50,0.0008992377178618,0.0008984290893886,0.8992377178618653,31,31,62,0.0290076683181246,0,0.0,2.0,0.0009482121031662,0.0
bg,50,0.0004666979199825,0.000466480113034,0.4666979199825327,20,20,40,0.0233348959991266,0,0.0,2.0,0.0005128069922004,0.0
bg,50,0.0008755759157388,0.0008748092825546,0.8755759157388676,29,29,58,0.0301922729565126,0,0.0,2.0,0.0008286074190301,0.0
bg,50,0.0004838823770023,0.0004836482348475,0.4838823770023381,20,20,40,0.0241941188501169,0,0.0,2.0,0.0003795073273574,0.0
bg,50,0.0006175818757957,0.0006172004684224,0.6175818757957785,25,25,50,0.0247032750318311,0,0.0,2.0,0.0007717366168194,0.0
bg,50,0.0004774298715658,0.0004772019322836,0.4774298715658673,14,14,28,0.0341021336832762,0,0.0,2.0,0.0005777637745781,0.0
bg,50,0.0003672980424786,0.0003671631346266,0.367298042478609,9,9,18,0.0408108936087343,0,0.0,2.0,0.0003041173273561,0.0
bg,50,0.0010374095228049,0.0010363333042869,1.0374095228049107,24,24,48,0.0432253967835379,0,0.0,2.0,0.000897109158603,0.0
bg,50,0.0007582833438364,0.0007577083502069,0.7582833438364709,19,19,38,0.0399096496756037,0,0.0,2.0,0.0008303261111439,0.0
bg,50,0.0007427547472042,0.0007422030625897,0.742754747204204,25,25,50,0.0297101898881681,0,0.0,2.0,0.0008064901904234,0.0
bg,50,0.0009824223600024,0.000981457206309,0.982422360002488,29,29,58,0.033876633103534,0,0.0,2.0,0.0008490337068913,0.0
bg,50,0.0010788399174648,0.0010776760218973,1.078839917464833,30,30,60,0.0359613305821611,0,0.0,2.0,0.0010666651855484,0.0
bg,50,0.0004642576994342,0.0004640421642227,0.4642576994342704,19,19,38,0.0244346157596984,0,0.0,2.0,0.0004417711496463,0.0
bg,50,0.0007737457851116,0.0007731471025716,0.7737457851116147,24,24,48,0.0322394077129839,0,0.0,2.0,0.0007560263238352,0.0
bg,50,0.0005410151717366,0.0005407224743205,0.5410151717366176,23,23,46,0.0235223987711572,0,0.0,2.0,0.0006138858669691,0.0
bg,50,0.0005346105555502,0.0005343247471041,0.5346105555502696,20,20,40,0.0267305277775134,0,0.0,2.0,0.0005766067266168,0.0
bg,50,0.0008984538583424,0.0008976466390068,0.898453858342446,29,29,58,0.0309811675290498,0,0.0,2.0,0.0008887718484176,0.0
bg,50,0.0006092997776643,0.0006089285314452,0.6092997776643472,23,23,46,0.0264912946810585,0,0.0,2.0,0.0006082453259783,0.0
bg,50,0.0008948838979855,0.0008940830807946,0.8948838979855247,26,26,52,0.0344186114609817,0,0.0,2.0,0.0011276714308367,0.0
bg,50,0.0007071014455999,0.0007066014531456,0.7071014455999745,25,25,50,0.0282840578239989,0,0.0,2.0,0.0007785425597182,0.0
bg,50,0.0004998213419666,0.0004995715205927,0.4998213419666086,16,16,32,0.031238833872913,0,0.0,2.0,0.0003904459455269,0.0
bg,50,0.0006243325468918,0.0006239427557627,0.6243325468918925,20,20,40,0.0312166273445946,0,0.0,2.0,0.0005543441676025,0.0
bg,50,0.0009408275658813,0.0009399424093725,0.940827565881305,26,26,52,0.0361856756108194,0,0.0,2.0,0.000876602099762,0.0
bg,50,0.0006602679067892,0.0006598319530805,0.6602679067892723,20,20,40,0.0330133953394636,0,0.0,2.0,0.0006694227381525,0.0
bg,50,0.0003401930425726,0.0003400773112663,0.3401930425726078,16,16,32,0.0212620651607879,0,0.0,2.0,0.0003761332736161,0.0
bg,50,0.0006986464002234,0.0006981582934308,0.6986464002234367,29,29,58,0.0240912551801185,0,0.0,2.0,0.0005530252247305,0.0
bg,50,0.0006930981774543,0.0006926177923707,0.6930981774543348,22,22,44,0.0315044626115606,0,0.0,2.0,0.0004540855998809,0.0
bg,50,0.0007338042676956,0.0007332657989923,0.7338042676956746,26,26,52,0.0282232410652182,1,0.001,2.0,0.0009703743409211,0.8826775280331178
bg,50,0.0011950623426408,0.001193634168638,1.195062342640831,31,31,62,0.0385503981497042,0,0.0,2.0,0.0012703180865364,0.0
bg,50,0.0011606141998947,0.0011592671745737,1.1606141998947406,37,37,74,0.0313679513485065,0,0.0,2.0,0.0010626905129524,0.0
bg,50,0.0008555347353016,0.0008548027956183,0.855534735301644,31,31,62,0.0275978946871498,0,0.0,2.0,0.000797399520889,0.0
bg,50,0.0009456412025103,0.0009447469652264,0.9456412025103482,34,34,68,0.027812976544422,0,0.0,2.0,0.0009490659429964,0.0
bg,50,0.0012372176925019,0.0012356869848833,1.2372176925019684,30,30,60,0.0412405897500656,0,0.0,2.0,0.0015735644893084,0.0
bg,50,0.0006592631993643,0.0006588285713983,0.6592631993643892,21,21,42,0.0313934856840185,0,0.0,2.0,0.0007397601594225,0.0
bg,50,0.0007985055038503,0.0007978678928106,0.7985055038503557,21,21,42,0.0380240716119217,0,0.0,2.0,0.0005998308676311,0.0
bg,50,0.0008425408565061,0.0008418309814112,0.842540856506151,22,22,44,0.0382973116593704,0,0.0,2.0,0.0009782172322018,0.0
bg,50,0.0007364494103939,0.0007359070526598,0.7364494103939645,19,19,38,0.0387604952838928,0,0.0,2.0,0.0008270701751087,0.0
bg,50,0.0004901526222613,0.0004899123726682,0.4901526222613199,21,21,42,0.0233406010600628,0,0.0,2.0,0.0004397146700147,0.0
bg,50,0.0009284779393762,0.0009276158680922,0.928477939376208,34,34,68,0.0273081746875355,0,0.0,2.0,0.0009028122423649,0.0
bg,50,0.0009545690797164,0.0009536578775884,0.9545690797164488,29,29,58,0.0329161751626361,0,0.0,2.0,0.0010113675656963,0.0
bg,50,0.0008731511377677,0.0008723887448583,0.8731511377677306,30,30,60,0.029105037925591,0,0.0,2.0,0.0010490099526808,0.0
bg,50,0.0010604474544557,0.0010593229056521,1.0604474544557982,31,31,62,0.0342079824017999,0,0.0,2.0,0.0007980184116563,0.0
bg,50,0.0006908033537909,0.0006903261445173,0.6908033537909404,24,24,48,0.0287834730746225,0,0.0,2.0,0.0006274540898165,0.0
bg,50,0.0011294480684485,0.0011281724155092,1.1294480684485944,27,27,54,0.0418314099425405,0,0.0,2.0,0.0011144834983598,0.0
bg,50,0.0011009340631689,0.0011030172758144,1.100934063168924,28,28,56,0.0393190736846044,2,0.002,2.0,0.0012154800541231,1.9482953495055708
bg,50,0.0008731101727195,0.0008723478513458,0.8731101727195529,22,22,44,0.0396868260327069,0,0.0,2.0,0.0009509982478825,0.0
bg,50,0.0010537006188794,0.0010525903338851,1.0537006188794038,33,33,66,0.0319303217842243,0,0.0,2.0,0.0010075435498108,0.0
bg,50,0.0006072728148104,0.0006069040345388,0.6072728148104787,21,21,42,0.0289177530862132,0,0.0,2.0,0.0005802271162806,0.0
bg,50,0.000870792553142,0.0008700342734714,0.8707925531420986,22,22,44,0.0395814796882772,0,0.0,2.0,0.0009777639936299,0.0
bg,50,0.000919997019625,0.0009191506251089,0.9199970196250292,24,24,48,0.0383332091510428,0,0.0,2.0,0.000876794453509,0.0
bg,50,0.0006773270415466,0.0006768682696254,0.6773270415466115,23,23,46,0.0294490018063744,0,0.0,2.0,0.0008419335739371,0.0
bg,50,0.0009916794432897,0.0009906960151714,0.9916794432897404,26,26,52,0.0381415170496054,0,0.0,2.0,0.0008324950809853,0.0
bg,50,0.0006551297566519,0.0006547005616538,0.6551297566519096,22,22,44,0.0297786253023595,0,0.0,2.0,0.0006390319511289,0.0
bg,50,0.0002550606151431,0.0002549955592257,0.2550606151431651,15,15,30,0.0170040410095443,0,0.0,2.0,0.0002242459834767,0.0
bg,50,0.0009997650092433,0.0009987654791696,0.999765009243376,25,25,50,0.039990600369735,0,0.0,2.0,0.00066671564395,0.0
bg,50,0.0009734299967246,0.0009724824307661,0.9734299967246898,26,26,52,0.0374396152586419,0,0.0,2.0,0.0007993755202803,0.0
bg,50,0.0011432391309739,0.0011419321352633,1.1432391309739316,25,25,50,0.0457295652389572,0,0.0,2.0,0.001314013971525,0.0
bg,50,0.0007527214543462,0.0007521548647584,0.7527214543462506,24,24,48,0.0313633939310937,0,0.0,2.0,0.0004760365722356,0.0
bg,50,0.0010373497290778,0.0010362736346174,1.0373497290778566,29,29,58,0.0357706803130295,0,0.0,2.0,0.0010024394013188,0.0
bg,50,0.0008489558503115,0.0008482351242757,0.848955850311512,24,24,48,0.0353731604296463,0,0.0,2.0,0.0008938691547856,0.0
bg,50,0.0010643763033339,0.0010632434064188,1.0643763033339564,33,33,66,0.0322538273737562,0,0.0,2.0,0.0011473967182452,0.0
bg,50,0.0005624250344198,0.0005621087125004,0.5624250344198103,22,22,44,0.0255647742918095,0,0.0,2.0,0.0005375279202187,0.0
bg,50,0.0004787265307035,0.0004784973516123,0.478726530703554,17,17,34,0.0281603841590325,0,0.0,2.0,0.0004602731254178,0.0
bg,50,0.0003872622314459,0.00038711225941,0.3872622314459448,13,13,26,0.0297894024189188,0,0.0,2.0,0.0004920032990334,0.0
bg,50,0.0006776521005909,0.0006771928882214,0.6776521005909331,25,25,50,0.0271060840236373,0,0.0,2.0,0.0005346192441215,0.0
bg,50,0.0009292970530546,0.0009284334600418,0.9292970530546718,31,31,62,0.0299773242920861,0,0.0,2.0,0.0010310223424713,0.0
bg,50,0.0007301078331984,0.0007295747757503,0.7301078331984172,20,20,40,0.0365053916599208,0,0.0,2.0,0.0006922293054382,0.0
bg,50,0.0009554365633979,0.0009545237043712,0.9554365633979528,35,35,70,0.0272981875256557,0,0.0,2.0,0.0009298695511675,0.0
bg,50,0.0003990635728372,0.0003989043211021,0.3990635728372802,18,18,36,0.02217019849096,0,0.0,2.0,0.0004013466100605,0.0
bg,50,0.0010505882103702,0.0010494844747825,1.0505882103702788,28,28,56,0.0375210075132242,0,0.0,2.0,0.0011455835053487,0.0
bg,50,0.0007179661842821,0.0007174507088403,0.717966184282119,31,31,62,0.0231601994929715,0,0.0,2.0,0.0006956088651861,0.0
bg,50,0.0014217461741528,0.0014197248119691,1.421746174152844,39,39,78,0.0364550301064831,0,0.0,2.0,0.0013064110753058,0.0
bg,50,0.0010594734635106,0.0010583509794907,1.0594734635106242,34,34,68,0.0311609842209007,0,0.0,2.0,0.0011685790728361,0.0
bg,50,0.0006621706446605,0.0006617321746978,0.6621706446605025,26,26,52,0.0254681017177116,0,0.0,2.0,0.0006486163841452,0.0
bg,50,0.0010325984760695,0.0010315322164567,1.0325984760695377,26,26,52,0.0397153260026745,0,0.0,2.0,0.0011697217397924,0.0
bg,50,0.0004583240584776,0.000458113997535,0.458324058477622,24,24,48,0.0190968357699009,0,0.0,2.0,0.000367238208126,0.0
bg,50,0.0008741030189283,0.0008733389628406,0.8741030189283379,33,33,66,0.0264879702705556,0,0.0,2.0,0.000755688134119,0.0
bg,50,0.0008377242189556,0.0008370224370885,0.8377242189556142,21,21,42,0.0398916294740768,0,0.0,2.0,0.00100976999731,0.0
bg,50,0.0010343702684269,0.0010637142583178,1.0343702684269198,28,28,56,0.0369417953009614,0,0.0,2.0,0.0011153648555334,0.0
bg,50,0.000591391416029,0.0005910416722221,0.5913914160290545,25,25,50,0.0236556566411621,0,0.0,2.0,0.0004840431655956,0.0
bg,50,0.0009982022402851,0.0009972058325726,0.9982022402851384,28,28,56,0.0356500800101835,0,0.0,2.0,0.0008816357086196,0.0
bg,50,0.001130822614345,0.0011295438545599,1.1308226143450997,30,30,60,0.0376940871448366,0,0.0,2.0,0.0010483971701921,0.0
bg,50,0.0005748696474407,0.0005745391723291,0.5748696474407158,28,28,56,0.0205310588371684,0,0.0,2.0,0.0006158576473458,0.0
bg,50,0.0011211759139347,0.0011199188785047,1.1211759139347517,28,28,56,0.0400419969262411,0,0.0,2.0,0.0011432842408472,0.0
bg,50,0.0006228927576878,0.0006225047623002,0.622892757687822,19,19,38,0.0327838293519906,0,0.0,2.0,0.0005492112540396,0.0
ag,50,1.937199578416391,1.274235834225908,1937.199578416391,1938,1937,3875,1.0001030348045383,3437,3.437,2.5,1.3007685804838764,2342.1043892620696
ag,50,1.5944079933663762,1.03540576695573,1594.407993366376,1589,1588,3177,1.004035260306282,2204,2.204,2.5,1.0030469913841409,2436.962679315931
ag,50,3.234292379517812,2.1004994537074415,3234.292379517812,3243,3239,6482,0.9985465821296116,9252,9.252,2.5,2.2008037056419494,8375.787143346397
ag,50,0.3363454516948365,0.2232171888190329,336.3454516948365,334,334,668,1.0070223104635825,75,0.075,2.5,0.2689244873222447,64.60088424620434
ag,50,0.9806155603054028,0.6623217402067305,980.6155603054028,994,994,1988,0.9865347689189164,864,0.864,2.5,0.6680075122733676,881.9161459829916
ag,50,1.3285355173922748,0.8504888579869437,1328.5355173922749,1308,1307,2615,1.0164770599787871,1528,1.528,2.5,0.8320437878246336,1213.382366314599
ag,50,1.009617852097787,0.6571597027815701,1009.6178520977868,997,996,1993,1.0136725422668542,820,0.82,2.5,0.7394500300577381,783.468822980985
ag,50,1.030670351193999,0.6703344046818488,1030.670351193999,968,966,1934,1.066946533327121,851,0.851,2.5,0.54992431244845,918.711499110687
ag,50,0.6392877540410395,0.427371344596204,639.2877540410395,665,664,1329,0.9627827621099992,319,0.319,2.5,0.4939538422738342,422.94789692288754
ag,50,1.865176177473571,1.2669109158177252,1865.176177473571,1949,1948,3897,0.9574826373067612,3180,3.18,2.5,1.4103128328848131,3242.6363485540955
ag,50,2.194446764056596,1.4458690275938095,2194.446764056596,2219,2216,4435,0.9902738104948536,4181,4.181,2.5,1.5665249028121535,3812.372008340046
ag,50,0.9369891330346204,0.6350998547398485,936.9891330346204,952,952,1904,0.9842322825993912,742,0.742,2.5,0.4679154349782826,937.8030377269027
ag,50,2.307750336462117,1.5754338960243444,2307.7503364621166,2274,2274,4548,1.014841836614827,4574,4.574,2.5,1.7989024212918543,5648.144143771248
ag,50,1.2781453257349262,0.8481808911814801,1278.1453257349262,1292,1291,2583,0.9900428549457212,1411,1.411,2.5,1.0484571710868564,1307.849536933541
ag,50,2.0356066382058997,1.3139015789488928,2035.6066382059,1975,1972,3947,1.0322548875283468,3532,3.532,2.5,0.9844423794166244,3053.936189743641
ag,50,0.9943556692951374,0.6820147374579436,994.3556692951374,1025,1024,2049,0.9710504582960326,906,0.906,2.5,0.7403162618858787,913.6063959567032
ag,50,1.3232046338224062,0.8596800343978659,1323.204633822406,1258,1256,2514,1.0535068740624252,1477,1.477,2.5,0.9971892296398204,1727.3385057650507
ag,50,1.308469780222452,0.922942031371818,1308.4697802224518,1268,1268,2536,1.0319162304593468,1436,1.436,2.5,0.839625616888046,1375.9736213351537
ag,50,1.9454068304323997,1.2918749443205393,1945.4068304323996,1944,1942,3886,1.0017542896150358,3412,3.412,2.5,1.3158096915315525,2631.1004631789683
ag,50,2.2894145631560456,1.4374120087771218,2289.4145631560455,2255,2253,4508,1.016162700024876,4652,4.652,2.5,1.215236611519424,5139.0793265319
ag,50,1.862701488938454,1.190833866988206,1862.7014889384536,2010,2008,4018,0.9276401837342898,3234,3.234,2.5,1.324927594418979,3182.6553615942603
ag,50,2.2775983088848255,1.488144287230741,2277.5983088848257,2275,2274,4549,1.0015823697822452,4412,4.412,2.5,0.982088973186932,4307.675645702259
ag,50,0.6914682732560258,0.4512828258830557,691.4682732560258,688,687,1375,1.006504036762774,400,0.4,2.5,0.3451209212406994,412.9551257904878
ag,50,0.6410349784397903,0.4228171442974698,641.0349784397903,665,664,1329,0.9654141241563108,376,0.376,2.5,0.39624912820485,446.5315546164075
ag,50,1.3406112098806364,0.90158779197272,1340.6112098806364,1331,1330,2661,1.0079783532937114,1523,1.523,2.5,1.0197437139772425,1472.967147122541
ag,50,1.6783730451531889,1.086405352454502,1678.373045153189,1660,1656,3316,1.0135102929669015,2357,2.357,2.5,1.1056969644202972,2405.2765354421103
ag,50,1.9904573713274991,1.3069648645300709,1990.457371327499,2040,2037,4077,0.9771513850405004,3681,3.681,2.5,1.3519654696064998,2232.4820900541213
ag,50,0.6850076359159863,0.4500548966016532,685.0076359159864,677,676,1353,1.0133249052011633,435,0.435,2.5,0.4930941955038965,434.7143038376677
ag,50,1.9323646299364736,1.3189815325103451,1932.3646299364736,1949,1947,3896,0.9924831175842184,3344,3.344,2.5,1.2909872737454662,2241.3951861825462
ag,50,1.6733066466583877,1.0948453715626214,1673.3066466583878,1691,1688,3379,0.9912954067881444,2468,2.468,2.5,1.0918264472816668,3201.211918728832
ag,50,1.6650187083328838,1.055726307440569,1665.0187083328838,1617,1615,3232,1.0309713364290305,2426,2.426,2.5,0.991672951624642,2028.977401570284
ag,50,2.2608298481797062,1.5171137431215111,2260.829848179706,2276,2273,4549,0.994645775705986,4680,4.68,2.5,1.7763231410333975,4978.646756882153
ag,50,1.2854858536123084,0.8577795896923673,1285.4858536123083,1301,1300,2601,0.988835272009468,1464,1.464,2.5,1.0061365955001125,1701.8720350990463
ag,50,2.271967180124256,1.4217258813128115,2271.967180124256,2266,2263,4529,1.0039625188352876,4741,4.741,2.5,1.3228394923368776,6422.4698175083895
ag,50,0.9556626015674784,0.6338659845358104,955.6626015674784,991,991,1982,0.9643416766573952,747,0.747,2.5,0.6884226666534806,927.8738781084412
ag,50,1.5734933618402125,1.081757396972625,1573.4933618402122,1659,1658,3317,0.949030978190719,2262,2.262,2.5,1.047395483751678,2506.9084528674307
ag,50,2.3685804914798614,1.5364987887570905,2368.5804914798614,2338,2336,4674,1.0139471282019954,4833,4.833,2.5,1.7297316682439583,4502.009881836129
ag,50,0.6684843317890887,0.4339081868683099,668.4843317890887,649,649,1298,1.0300220828799518,332,0.332,2.5,0.4944705185691171,301.1352736265533
ag,50,1.3812840721760375,0.8751185669627178,1381.2840721760376,1296,1295,2591,1.0666286271629637,1608,1.608,2.5,0.9292019372630254,1358.144744427539
ag,50,1.3387974769264528,0.9469221560098704,1338.7974769264529,1322,1321,2643,1.013472730451516,1608,1.608,2.5,0.9922880565837195,1388.7529794973889
ag,50,1.0093209455449736,0.6634150718458923,1009.3209455449736,1016,1015,2031,0.9944048724581022,917,0.917,2.5,0.6009146450324792,1052.6996121825975
ag,50,1.6572617330096129,1.114455446566223,1657.2617330096127,1605,1603,3208,1.033850114166945,2301,2.301,2.5,1.1154855282084533,2683.414432072025
ag,50,1.9883878363790473,1.2847687444746347,1988.3878363790473,1976,1975,3951,1.0067786513311632,3435,3.435,2.5,1.4599385125886304,3697.08360092168
ag,50,1.685963184619467,1.0618987714686896,1685.963184619467,1667,1664,3331,1.0131990292184296,2508,2.508,2.5,0.9531521971555204,2635.638837707839
ag,50,1.933700738115202,1.2823707992624176,1933.700738115202,1977,1976,3953,0.9785934909489888,3173,3.173,2.5,1.211046616945449,3686.2373565437742
ag,50,0.7009629554177548,0.4670218302441009,700.9629554177548,686,684,1370,1.024799642423618,372,0.372,2.5,0.5069055697684602,353.9797366561598
ag,50,1.3180355838345772,0.881976464403959,1318.0355838345772,1290,1289,2579,1.022525666279734,1494,1.494,2.5,0.8593398269733507,1504.7553436983007
ag,50,0.7214277775255803,0.4775228252465656,721.4277775255803,686,686,1372,1.0516439905620705,385,0.385,2.5,0.3896898624267829,381.7006969288692
ag,50,1.5923979113146056,1.0647089377664989,1592.3979113146056,1629,1625,3254,0.9799371761936034,2340,2.34,2.5,0.9798795835157736,2147.949145485842
ag,50,1.67671521019803,1.0706860498829796,1676.71521019803,1694,1694,3388,0.9897964641074556,2533,2.533,2.5,0.7997841750591765,2161.9431650790493
ag,50,1.6378836952311835,1.0624634641332709,1637.8836952311835,1601,1599,3200,1.024317507961966,2397,2.397,2.5,1.011648900648104,1345.800886212696
ag,50,1.3571079955532224,0.9014714803065784,1357.1079955532225,1347,1345,2692,1.0090022271771169,1721,1.721,2.5,1.3018878255174224,1970.3308825296335
ag,50,0.9687179413606876,0.609223306216601,968.7179413606876,990,989,1979,0.9794923572908872,845,0.845,2.5,0.6264390358716468,861.7394898358409
ag,50,1.6841136394691816,1.0899763416230053,1684.1136394691816,1631,1630,3261,1.0331985518215838,2439,2.439,2.5,1.0280564903787954,2767.024088232979
ag,50,1.6220553306511811,1.057609970414059,1622.0553306511813,1630,1628,3258,0.9963484832009714,2230,2.23,2.5,0.9015470237039872,2666.1199845713227
ag,50,1.3370685765973662,0.9016668257912864,1337.0685765973662,1291,1289,2580,1.0372913705177396,1519,1.519,2.5,1.0446969521034242,1688.343799418025
ag,50,1.6589532511714036,1.1002293642239551,1658.9532511714035,1589,1589,3178,1.0440234431538096,2213,2.213,2.5,1.2631063287038833,2357.7945051245933
ag,50,1.5894476608303536,1.061753374674317,1589.4476608303537,1648,1648,3296,0.9644706679795836,2312,2.312,2.5,0.9745919023910422,2183.7616069078463
ag,50,1.6851536099154258,1.1195668990802254,1685.153609915426,1709,1708,3417,0.9866238933931064,2558,2.558,2.5,1.1477685197335985,2365.5027804089004
ag,50,2.220562141917321,1.4692577917004492,2220.5621419173212,2305,2304,4609,0.9637856518738374,4400,4.4,2.5,1.2084133012914426,4260.698905448621
ag,50,2.2729267962932025,1.530081928180142,2272.926796293202,2276,2273,4549,0.9999677942337012,4491,4.491,2.5,1.910520271673316,4749.373040458015
ag,50,1.94868710104192,1.2764238707538829,1948.68710104192,1917,1915,3832,1.0175911754788094,3393,3.393,2.5,1.39901921868576,3486.6489668284107
ag,50,2.592746339799436,1.7192971848583132,2592.746339799436,2582,2582,5164,1.0041620216109357,6089,6.089,2.5,1.637161947460593,6063.553457386514
ag,50,0.6741285135968607,0.4287841248931047,674.1285135968607,688,687,1375,0.9812642119313838,375,0.375,2.5,0.4071825809655119,286.84671352203594
ag,50,0.9979593866672152,0.6536403878164281,997.9593866672152,1017,1016,2033,0.982243490814188,831,0.831,2.5,0.7006695989309862,881.8444728814363
ag,50,2.249968020761812,1.5285359169265178,2249.968020761812,2294,2292,4586,0.9816614401229546,4796,4.796,2.5,1.45506139160674,4179.703652251862
ag,50,1.595217773117033,1.1457666921997067,1595.217773117033,1636,1636,3272,0.9750719884578442,2481,2.481,2.5,0.9638074825063798,2710.849008152434
ag,50,1.6148276435675746,1.0705654221492409,1614.8276435675746,1616,1615,3231,0.9998932777508202,2388,2.388,2.5,1.124141580036348,2298.285260934113
ag,50,1.3441838887107536,0.8835914002850211,1344.1838887107535,1310,1307,2617,1.0284498000847389,1518,1.518,2.5,0.9662702197016676,1751.8180545749087
ag,50,2.6526763157544364,1.6434306405273047,2652.6763157544365,2599,2597,5196,1.0214387045646656,6124,6.124,2.5,1.8689812901525904,7675.7616554700435
ag,50,1.332065655219717,0.881750407317432,1332.065655219717,1296,1295,2591,1.028622127582793,1464,1.464,2.5,0.7775757380095848,1311.9494470273007
ag,50,1.3534332054038316,0.923059017262569,1353.4332054038316,1333,1331,2664,1.016854399251564,1468,1.468,2.5,0.6732041069624107,1441.9960975027316
ag,50,1.347845383999056,0.9189477241930686,1347.845383999056,1339,1337,2676,1.0081117307397578,1551,1.551,2.5,0.9136480559270242,1844.3001545193272
ag,50,2.5341948309028175,1.6668079714899713,2534.1948309028176,2520,2518,5038,1.0064316246635494,5659,5.659,2.5,1.6408340536904475,5787.287732325394
ag,50,1.2590166001354604,0.8462101831006418,1259.0166001354603,1317,1316,2633,0.9566995441758817,1388,1.388,2.5,0.8063846436015067,1433.77477441114
ag,50,1.0117002998329565,0.6874280313117319,1011.7002998329564,1002,1001,2003,1.0106896102227336,880,0.88,2.5,0.5774437524157975,643.5983956114667
ag,50,2.799968013297298,1.8789326742762509,2799.968013297298,2877,2874,5751,0.9742407840282874,7423,7.423,2.5,2.086774850713379,8101.824551954971
ag,50,1.3006690336068545,0.8733262431185512,1300.6690336068543,1297,1296,2593,1.0036026493880048,1478,1.478,2.5,0.8044396774808172,1772.9884053408778
ag,50,1.3612688259109509,0.9505211152547772,1361.268825910951,1366,1365,2731,0.9972665391289016,1642,1.642,2.5,1.0751032111290326,1780.823252869842
ag,50,1.596922644295938,1.0228368246039337,1596.922644295938,1597,1594,3191,1.0018335284165232,2200,2.2,2.5,1.0439952782899793,1599.4562238446
ag,50,0.9949164013412036,0.6900468841444679,994.9164013412036,992,992,1984,1.0029399207068586,843,0.843,2.5,0.6121992129861424,1012.5253670379138
ag,50,0.99041979256316,0.69906680705477,990.41979256316,990,990,1980,1.0004240328920808,730,0.73,2.5,0.7751281037866109,888.868342747501
ag,50,1.6309005056451118,1.075449275717957,1630.9005056451117,1609,1608,3217,1.0142416079882537,2302,2.302,2.5,1.167879538894918,2478.240991148471
ag,50,1.31546347700033,0.9008444047556124,1315.46347700033,1328,1327,2655,0.9913063127357422,1394,1.394,2.5,0.826340718581607,1521.7339026805516
ag,50,2.911929020824342,1.9492784086199313,2911.929020824342,2833,2830,5663,1.02895018403687,7374,7.374,2.5,1.8738296798813885,5951.003769523149
ag,50,1.0061796079709933,0.6820549896006978,1006.1796079709932,992,991,1983,1.01531746515741,811,0.811,2.5,0.585971573629569,873.1270727579112
ag,50,1.618669306576556,1.084389024936361,1618.669306576556,1606,1601,3207,1.0110364188485672,2172,2.172,2.5,0.9627478662027829,2362.8125728277423
ag,50,0.9486206062207062,0.6838385652803755,948.6206062207062,995,994,1989,0.9543466863387386,718,0.718,2.5,0.717304873583735,567.045597291295
ag,50,0.9892144850109535,0.6493041376503602,989.2144850109536,983,982,1965,1.007346726080401,828,0.828,2.5,0.7014390332720637,983.6903011160076
ag,50,1.596579056934214,1.0329121527721643,1596.579056934214,1716,1716,3432,0.930407375835789,2371,2.371,2.5,1.078728997913486,2023.2382266703823
ag,50,1.5943757743318818,1.113873354146124,1594.3757743318818,1628,1626,3254,0.9805509067231744,2271,2.271,2.5,0.988309310458119,2486.599499173961
ag,50,1.0093956560066302,0.6641424989144192,1009.39565600663,1010,1009,2019,1.0003921268648466,836,0.836,2.5,0.7507577948841146,866.5514902853715
ag,50,1.98554599488848,1.3345942854955992,1985.54599488848,1969,1967,3936,1.0094285688299338,3413,3.413,2.5,1.2980569077673794,3300.440702167966
ag,50,1.6481581943443169,1.0913549160290952,1648.1581943443168,1669,1668,3337,0.988104433060142,2405,2.405,2.5,1.3847226930865388,2708.35287974404
ag,50,1.6038769320600543,1.1072450553932185,1603.8769320600543,1598,1596,3194,1.0049354210902597,2190,2.19,2.5,0.9132682272770476,1873.0987271508357
ag,50,1.267414664214911,0.8610401958244559,1267.4146642149108,1285,1282,2567,0.9886229830069508,1450,1.45,2.5,0.698558014645198,1347.766923015272
ag,50,1.6641148435246738,1.1263773561173511,1664.1148435246737,1666,1661,3327,1.0018752820738552,2448,2.448,2.5,1.0879771221877468,2747.619184563675
ag,50,2.22615128822275,1.4602269778727714,2226.15128822275,2322,2321,4643,0.9591345489973072,4804,4.804,2.5,1.09634829591535,5081.962901817426
ag,50,1.9199581417123792,1.3223348299237323,1919.9581417123795,1966,1963,3929,0.9780734292982066,3402,3.402,2.5,1.307907800883729,4438.861269035835
ag,50,2.351662995889883,1.4458146693608769,2351.662995889883,2275,2269,4544,1.036431465795453,4593,4.593,2.5,1.3198004734323672,4085.310351674095
ag,50,1.743490766938726,1.1082872453852426,1743.490766938726,1665,1663,3328,1.048400942236155,2512,2.512,2.5,0.8888952280154843,2812.1412949272963
ag,50,0.6951918906952538,0.4734466082925939,695.1918906952537,674,673,1347,1.0329745775560977,407,0.407,2.5,0.3397198649469592,320.9602983593788
ag,50,0.0,0.0,0.0,0,0,0,,0,0.0,2.5,0.0,0.0
ag,50,2.219292082632801,1.4704625523165302,2219.292082632801,2256,2254,4510,0.9846016338211184,4508,4.508,2.5,1.168016721487462,4564.264334105602
ag,50,1.3314115171984693,0.8723237238109203,1331.4115171984693,1315,1314,2629,1.0132507741236447,1494,1.494,2.5,0.8881079045864726,1680.2864590854613
ag,50,1.9699810919199272,1.3846648034838571,1969.9810919199272,1972,1971,3943,0.9994830501876852,3501,3.501,2.5,1.550752559828854,2218.8737678391394
ag,50,1.6275337966298185,1.014543881753762,1627.5337966298184,1635,1634,3269,0.9960427151957272,2276,2.276,2.5,1.1298947119823546,2129.1492692370493
ag,50,1.9283882831201968,1.3426006688303636,1928.3882831201968,1926,1923,3849,1.0028020193032745,3260,3.26,2.5,1.5116033702749998,3356.534687560955
ag,50,2.324523931662269,1.4890007754835315,2324.5239316622688,2316,2315,4631,1.0041140093573515,4824,4.824,2.5,1.9240014006070845,5245.190522458104
ag,50,1.854932786478055,1.2843450657488658,1854.9327864780548,1960,1958,3918,0.9473609736864428,3203,3.203,2.5,1.5046349689897054,3481.206588018105
ag,50,2.8601295332592627,1.8332218173705592,2860.129533259262,2871,2869,5740,0.9969081677446018,7237,7.237,2.5,1.7318931020565198,7463.261979281412
ag,50,1.3011942458578625,0.9240061121980044,1301.1942458578624,1326,1326,2652,0.981292794764602,1482,1.482,2.5,1.0667426946101664,1338.4937499644257
ag,50,2.3149558790608493,1.500570352739927,2314.9558790608494,2287,2283,4570,1.0139973189053215,4531,4.531,2.5,1.4732200952111238,4033.685947664837
ag,50,1.995196289584906,1.3177713895363243,1995.196289584906,1973,1971,3944,1.0122761489522607,3336,3.336,2.5,1.5458230360125478,3254.2066419994135
ag,50,1.316222327670753,0.8746284321351431,1316.222327670753,1313,1310,2623,1.0047498684509564,1649,1.649,2.5,0.99339317408183,2141.8802294208335
ag,50,0.6782119152855983,0.4269573287516094,678.2119152855984,656,656,1312,1.0338596269597535,382,0.382,2.5,0.3264778966352524,372.3801578160592
ag,50,0.6482785532643266,0.4310877704461391,648.2785532643265,656,656,1312,0.9882295019273272,309,0.309,2.5,0.434192197845485,314.1934153940974
ag,50,1.573286768473778,1.0946477920944218,1573.286768473778,1644,1642,3286,0.9581527213604007,2321,2.321,2.5,1.0268130046783956,2143.8201148405683
ag,50,1.6172509456769435,1.1113986503297086,1617.2509456769435,1656,1655,3311,0.977190903732292,2313,2.313,2.5,1.1283701158706223,2313.450441428754
ag,50,1.6822214390818822,1.0475977468003734,1682.2214390818822,1643,1643,3286,1.0238718436286562,2418,2.418,2.5,1.1794188526466625,2217.9213937962686
ag,50,1.3052136252259552,0.8425666240571971,1305.2136252259552,1293,1291,2584,1.0110097794159218,1552,1.552,2.5,0.6376597714484343,1544.5656388501234
ag,50,1.3141315735117096,0.8304244845901037,1314.1315735117096,1292,1292,2584,1.0171297008604565,1569,1.569,2.5,0.7446900718724166,1488.0612864901998
ag,50,4.626117258355546,2.9747119399783717,4626.117258355545,4698,4694,9392,0.9855384018652632,18712,18.712,2.5,2.6507764605975743,15235.545692642743
ag,50,1.933297640527898,1.1961193707045896,1933.2976405278976,1925,1921,3846,1.006401686896355,3292,3.292,2.5,1.2974699179679985,3868.0309843407817
ag,50,0.6605654290751466,0.4447745416340817,660.5654290751465,668,666,1334,0.991839983596316,378,0.378,2.5,0.4850812246523784,346.18485619596305
ag,50,0.996441084376738,0.6793071264285885,996.441084376738,1007,1007,2014,0.9895144829957676,853,0.853,2.5,0.6569216456142055,800.8487339347446
ag,50,2.2351162139654197,1.4791844669108172,2235.11621396542,2254,2253,4507,0.992062234338846,4487,4.487,2.5,1.2713135053671918,5141.8836914743615
ag,50,0.92806370537937,0.6363744579998231,928.06370537937,968,967,1935,0.9597349590272698,753,0.753,2.5,0.6571064114418755,597.129277285549
ag,50,0.981854956536101,0.6927886531167468,981.854956536101,983,982,1965,0.9998522978982698,806,0.806,2.5,0.6085796240950736,722.7066689700378
ag,50,2.546566917027873,1.6223386809341018,2546.566917027873,2606,2603,5209,0.9783199834913072,5860,5.86,2.5,1.9793657678974408,5836.215928596453
ag,50,1.310684654177254,0.840195149132044,1310.6846541772538,1370,1367,2737,0.9588036972767036,1623,1.623,2.5,1.038295434505437,1764.3282065521971
ag,50,0.702431831138701,0.461365729117178,702.431831138701,654,653,1307,1.075699588267536,323,0.323,2.5,0.5733196297477515,182.65967646250476
ag,50,1.3477424393342785,0.8699229691301842,1347.7424393342783,1329,1327,2656,1.0156310771170147,1636,1.636,2.5,0.6231979564396393,1520.3349998924004
ag,50,1.92743419536313,1.3589762792086353,1927.43419536313,1978,1977,3955,0.9749287786358776,3314,3.314,2.5,1.51614447878694,3529.7622440412597
ag,50,2.1935223202004352,1.4468109044871256,2193.5223202004354,2284,2282,4566,0.9612280106049236,4536,4.536,2.5,1.4574326662138,4698.95710336899
ag,50,0.6885042410070144,0.4545913152935294,688.5042410070143,667,666,1333,1.0337901516621837,331,0.331,2.5,0.3982664334317666,383.3075444503393
ag,50,0.9949674659769034,0.6416780652783693,994.9674659769034,1010,1010,2020,0.9851163029474292,935,0.935,2.5,0.6863934405404641,814.2497508274213
ag,50,2.8425726527130126,1.854849408103917,2842.5726527130128,2882,2878,5760,0.9876902893373916,7302,7.302,2.5,2.123174519299808,9580.38072842864
ag,50,1.9278133383356464,1.2317097252103166,1927.8133383356464,1893,1890,3783,1.0200070573204478,3203,3.203,2.5,1.1947814412051083,3716.4477867496994
ag,50,2.217254299310026,1.471988359747534,2217.254299310026,2300,2297,4597,0.9652826727514262,4735,4.735,2.5,1.5701509711088326,4972.141748972091
ag,50,1.6549045244527998,1.0661411188847192,1654.9045244527997,1626,1624,3250,1.0190298795891624,2255,2.255,2.5,0.8517367304267314,2643.3190788823435
ag,50,0.9726538233958408,0.6296161703926109,972.6538233958408,1001,999,2000,0.9736274508466874,777,0.777,2.5,0.8154692869099875,668.7956936309167
ag,50,1.2231712707026796,0.8444248153900753,1223.1712707026795,1307,1307,2614,0.9358617220372452,1294,1.294,2.5,0.8309801101412293,1098.1297666843525
ag,50,0.6260557485437095,0.4108711411370614,626.0557485437095,630,629,1259,0.9953191550774396,330,0.33,2.5,0.4462702775527395,380.4373188307058
ag,50,1.668022049235031,1.0460553220789413,1668.022049235031,1655,1654,3309,1.008477659755158,2402,2.402,2.5,0.8370152786465019,2667.8262729987364
ag,50,0.6872289639433833,0.459040691798788,687.2289639433833,661,661,1322,1.03968073213825,373,0.373,2.5,0.463388892263374,236.41499414894247
ag,50,1.2920870426847717,0.9168722758181524,1292.0870426847714,1318,1316,2634,0.9818290597908598,1418,1.418,2.5,0.955404620996616,1422.6045654243308
ag,50,2.548438495505218,1.660386359218193,2548.4384955052183,2581,2577,5158,0.9889167619345046,5678,5.678,2.5,1.6406788991493708,5593.771250131142
ag,50,3.228669418843755,2.194073075176004,3228.669418843755,3213,3209,6422,1.0061294542984591,9367,9.367,2.5,1.876943766783177,8472.549699557889
ag,50,1.632971429300244,1.0287812534492284,1632.971429300244,1651,1649,3300,0.990279823711488,2371,2.371,2.5,0.9671698634528454,1683.1147621645716
ag,50,1.9974822534293484,1.3433004919388194,1997.4822534293485,1960,1955,3915,1.0217300529050375,3487,3.487,2.5,1.1981109704201005,3720.7123061601774
ag,50,0.97592198360193,0.6276000124472052,975.92198360193,973,973,1946,1.0030030663945837,820,0.82,2.5,0.6866159393510687,429.99851556233983
ag,50,2.2971552126523793,1.4974772917296757,2297.1552126523793,2269,2268,4537,1.0128550320336769,4420,4.42,2.5,1.2748938433430084,4285.9839970775065
ag,50,0.3151619572227476,0.2158348979422746,315.1619572227477,332,332,664,0.9492830036829748,58,0.058,2.5,0.2649646405882916,78.57442325000942
ag,50,2.2999933220441084,1.5117369248489714,2299.9933220441085,2293,2291,4584,1.003925500673989,4760,4.76,2.5,1.6321412639168469,3836.587209958127
ag,50,1.6131641237011496,1.0535165315112995,1613.1641237011495,1634,1633,3267,0.9878531069817204,2245,2.245,2.5,1.0011351108807875,1917.543033599743
ag,50,1.9681442717987536,1.2828011201973706,1968.1442717987536,1957,1955,3912,1.0067234126847846,3300,3.3,2.5,1.205756398272397,3485.5248285062125
ag,50,1.2692967321677329,0.8814427572827358,1269.296732167733,1318,1316,2634,0.964511194656332,1502,1.502,2.5,0.7316191107454169,1739.6706697652514
ag,50,1.030503914999903,0.7091733739882955,1030.503914999903,995,992,1987,1.0388144304434506,783,0.783,2.5,0.6864915360840085,799.3442947768335
ag,50,2.6228758536393793,1.761822811310763,2622.8758536393793,2533,2531,5064,1.0363002187433343,6121,6.121,2.5,2.0572324599085072,4876.863336150055
ag,50,2.3010079476490883,1.476014070480574,2301.007947649088,2278,2276,4554,1.0109876747140107,4784,4.784,2.5,1.348444199797774,4646.3281727643
ag,50,2.8811173198721898,1.822366168808802,2881.11731987219,2900,2898,5798,0.994174368485918,7473,7.473,2.5,1.588182667656181,6809.886276829965
ag,50,1.24583285754225,0.8437433503572872,1245.8328575422502,1332,1331,2663,0.9360126653209994,1473,1.473,2.5,0.9396150478367298,1523.9471524235348
ag,50,0.9559620130601,0.644738783103564,955.9620130601,982,982,1964,0.9734847383504072,748,0.748,2.5,0.5591119769290492,694.7865405232179
ag,50,1.2420664045717609,0.8112080589101149,1242.0664045717608,1294,1293,2587,0.9606082015249504,1421,1.421,2.5,0.7501349834048068,1440.214540681299
ag,50,2.592379467956529,1.6670668093903398,2592.379467956529,2598,2597,5195,0.9982208193902692,6059,6.059,2.5,1.8906399354388903,4937.107542227869
ag,50,1.6632048689694772,1.1482331986447682,1663.2048689694773,1619,1617,3236,1.0285744396842778,2178,2.178,2.5,1.1053594505811963,2053.7578733745822
ag,50,1.9723291492101571,1.2829684074028016,1972.3291492101573,1940,1938,3878,1.0177136992828468,3426,3.426,2.5,1.1792608815400816,3225.7048671143875
ag,50,1.682742271697646,1.0811035890821104,1682.742271697646,1663,1659,3322,1.014311194513349,2365,2.365,2.5,0.806290442438152,2137.507751737529
ag,50,1.6644295706850278,1.1617188367180935,1664.4295706850278,1637,1637,3274,1.0167559991967183,2438,2.438,2.5,0.9237666111841808,2120.2856881664893
ag,50,2.6090469890607326,1.815718071390444,2609.046989060733,2638,2634,5272,0.9905265713973928,6212,6.212,2.5,1.691981126927824,4384.131552051489
ag,50,2.292639705427343,1.456902831971896,2292.639705427343,2243,2240,4483,1.0234998684943497,4660,4.66,2.5,1.0986607567720963,4378.248059059515
ag,50,1.9435294283069633,1.3230032266419884,1943.5294283069632,2034,2031,4065,0.9569322640605432,3727,3.727,2.5,1.1569019909173754,3704.4694154680465
ag,50,2.6019780030089077,1.7331427429319772,2601.978003008908,2631,2627,5258,0.9904750677612896,6028,6.028,2.5,1.8924842168550795,6867.908453914689
ag,50,2.0458311260982853,1.2768797522623307,2045.8311260982853,1910,1909,3819,1.0716768601876825,3619,3.619,2.5,1.6014582769685015,3255.1459265245394
ag,50,0.6407531753141192,0.4492625094548479,640.7531753141193,682,681,1363,0.9409004042791766,349,0.349,2.5,0.4609163077785581,212.1984627687558
ag,50,0.0,0.0,0.0,0,0,0,,0,0.0,2.5,0.0,0.0
ag,50,0.6588969744417439,0.4458502617463566,658.8969744417439,670,669,1339,0.9848983175511866,372,0.372,2.5,0.4921103571016974,344.74359850474974
ag,50,1.5855187593930495,1.0771349236529897,1585.5187593930495,1609,1609,3218,0.985406314103822,2300,2.3,2.5,1.1792563676561674,2524.014939904578
ag,50,3.190858716577066,2.0888936722038896,3190.858716577066,3195,3192,6387,0.9996424550680032,9365,9.365,2.5,1.8458237607547985,8885.000605438083
ag,50,1.0047226941094891,0.6586939848721092,1004.7226941094892,975,974,1949,1.0315428070939316,845,0.845,2.5,0.7669465022021438,704.9756706441774
ag,50,0.956646691432495,0.6482493754299266,956.646691432495,985,984,1969,0.9722019221874948,781,0.781,2.5,0.8321490580113463,705.3394993874799
ag,50,1.6589355671095227,1.0624609327097314,1658.9355671095227,1674,1672,3346,0.9921863439650256,2389,2.389,2.5,0.957339608355,2178.847825613428
ag,50,2.2156638180140047,1.4408516300687644,2215.663818014005,2234,2232,4466,0.9926809220492854,4332,4.332,2.5,1.3031155202857327,4186.274167695193
ag,50,1.921787813643801,1.3015425707980752,1921.787813643801,1909,1906,3815,1.008283218071249,3207,3.207,2.5,1.4313899283759,2823.9434313203064
ag,50,0.6723087861638685,0.441025899943158,672.3087861638685,663,662,1325,1.0155721845375656,377,0.377,2.5,0.4036594231048542,389.1908168445992
ag,50,0.3344974716842758,0.2226089131211029,334.49747168427587,342,342,684,0.978062782702561,74,0.074,2.5,0.2643816468057951,79.73288206066353
ag,50,1.9092795754529015,1.2918848677724315,1909.2795754529016,1937,1936,3873,0.9861981278165812,3349,3.349,2.5,1.462294943317155,2600.7030403698254
ag,50,1.0121359315506973,0.6687443434505461,1012.1359315506973,1006,1006,2012,1.0060993355374723,814,0.814,2.5,0.8447669592628905,677.1965318970773
ag,50,0.9600237873805508,0.6532387766602372,960.0237873805507,1013,1011,2024,0.9495784247087544,869,0.869,2.5,0.8675700059048664,772.2946349367437
ag,50,0.6252351159239647,0.4171394436568347,625.2351159239647,639,638,1277,0.9799923447084088,289,0.289,2.5,0.3817350054889028,294.60692292385517
ag,50,1.6503556862874216,1.0551588912270438,1650.3556862874216,1653,1652,3305,0.9990046527163567,2496,2.496,2.5,1.4426028202085697,1669.741312703826
ag,50,2.0143278037744476,1.2524697480454476,2014.3278037744476,2007,2006,4013,1.00415144754459,3482,3.482,2.5,1.177935435275674,3488.9331961314215
ag,50,3.5186614971359513,2.29857444670527,3518.6614971359513,3493,3489,6982,1.0085014322545005,11087,11.087,2.5,2.3358755780790115,11067.885014056626
ag,50,1.92648630395622,1.2013291613776065,1926.48630395622,1920,1919,3839,1.0039011484920377,3198,3.198,2.5,1.1046141829684732,2413.4863151993013
ag,50,0.6473346031150761,0.4394373641860739,647.3346031150761,699,699,1398,0.9260866997354452,364,0.364,2.5,0.4450377012799114,304.5193366595316
ag,50,1.9558631739138943,1.3056761827319436,1955.8631739138943,1959,1958,3917,0.9989086690060748,3346,3.346,2.5,1.279206317250656,3157.311009085857
ag,50,1.2926536205453558,0.9059436952389408,1292.6536205453558,1339,1339,2678,0.9653873193019834,1632,1.632,2.5,0.9526862379339464,1546.2515063986111
ag,50,1.9538126539067415,1.3854778583613243,1953.8126539067416,1986,1986,3972,0.983792877093022,3608,3.608,2.5,1.3032508845575326,4147.845185320692
ag,50,1.6367297362232875,1.0913303022449006,1636.7297362232875,1633,1631,3264,1.003513020369888,2269,2.269,2.5,1.147663306881099,2563.314838672927
ag,50,2.213368927873126,1.394715291810353,2213.368927873126,2257,2254,4511,0.9819737923128332,4481,4.481,2.5,1.4816505042260038,4915.263604596384
ag,50,0.3224471406136464,0.2184749821237297,322.44714061364635,338,338,676,0.953985623117297,73,0.073,2.5,0.1686767133950124,52.049502114545106
ag,50,1.5883526507866916,1.06958698069263,1588.3526507866916,1644,1644,3288,0.9661512474371604,2267,2.267,2.5,1.065555500954242,1637.7343129318258
ag,50,1.870463445637456,1.2512627068540048,1870.463445637456,1971,1968,3939,0.9504387427019594,3274,3.274,2.5,1.1755227944766964,3666.339012215606
ag,50,1.3071010283507665,0.856243768962409,1307.1010283507665,1367,1367,2734,0.9561821714343574,1657,1.657,2.5,0.6427235277758728,1935.4755109864109
ag,50,1.2907371668456016,0.8475552542265342,1290.7371668456017,1306,1305,2611,0.9890706259353268,1373,1.373,2.5,1.0138394616367683,1388.383115846127
ag,50,3.2611323119982725,2.109422428107517,3261.1323119982726,3214,3211,6425,1.0156126789156874,9317,9.317,2.5,2.029120791587234,7963.624674851735
ag,50,1.6372940063420112,1.0682613261352072,1637.2940063420112,1655,1654,3309,0.9898996410773948,2296,2.296,2.5,1.054318679625455,2046.6538623417791
ag,50,2.6090193023609274,1.681502717603419,2609.019302360927,2561,2559,5120,1.0195464253071227,6154,6.154,2.5,1.506546929771084,6012.548394011091
ag,50,0.6613779253896996,0.4509719905045359,661.3779253896996,619,618,1237,1.0701908177826855,299,0.299,2.5,0.4912822683111986,334.3311187386436
ag,50,1.6389384772159945,1.0991107508304467,1638.9384772159942,1607,1607,3214,1.0198745968985652,2233,2.233,2.5,1.2848321184493705,1624.0058843868649
ag,50,0.6796606859604374,0.4624212093586748,679.6606859604374,648,647,1295,1.050480194683829,331,0.331,2.5,0.5656322929471469,236.6204961124785
ag,50,1.957601640994698,1.2961870577400936,1957.6016409946976,1936,1931,3867,1.0137760958025364,3206,3.206,2.5,1.501500973522775,3042.339849504537
ag,50,1.6362718079591432,1.0685224885743638,1636.2718079591432,1610,1607,3217,1.018215188524669,2371,2.371,2.5,1.0080035819321134,1949.8862516329184
ag,50,1.671924292548767,1.124068514823905,1671.924292548767,1633,1630,3263,1.025720424876544,2532,2.532,2.5,0.96136649835255,2350.732117588635
ag,50,1.3184938634551304,0.9288862466926558,1318.4938634551304,1338,1338,2676,0.9854214226122052,1571,1.571,2.5,1.0057777971547852,959.3480069117074
ag,50,0.7083476658668778,0.4424141150774006,708.3476658668778,630,629,1259,1.1261489123479775,335,0.335,2.5,0.4903087838077226,330.6097322633842
ag,50,2.310088992797497,1.4795742938495131,2310.0889927974968,2292,2290,4582,1.0087724859377716,4771,4.771,2.5,1.2580929316691878,6447.986081560872
ag,50,1.291446646748113,0.8178364686434902,1291.446646748113,1270,1268,2538,1.0184910463313193,1496,1.496,2.5,0.6646772969195961,1495.603574011002
ag,50,2.2848538303788173,1.4874475779033962,2284.8538303788173,2325,2323,4648,0.983578919663718,4898,4.898,2.5,1.4279456008171212,4657.2402400679875
ag,50,1.6207762671575294,1.0554379703213617,1620.7762671575294,1615,1613,3228,1.0048209963778856,2294,2.294,2.5,1.2141420923671848,1956.6278493871605
ag,50,1.0429427555808897,0.6954323675474979,1042.9427555808898,1019,1019,2038,1.0234963253983216,872,0.872,2.5,0.7084596639012531,784.23418034405
ag,50,2.3502273058801504,1.5004623106442367,2350.22730588015,2319,2317,4636,1.0143406585585455,4852,4.852,2.5,1.5397007132312497,6191.640644180935
ag,50,0.9599851377603152,0.6442151631919182,959.9851377603152,965,963,1928,0.9968693019317916,802,0.802,2.5,0.5968584319975698,772.4814736376107
ag,50,1.9793759587110444,1.3220201492871644,1979.3759587110444,1974,1974,3948,1.0027233833389282,3422,3.422,2.5,1.3407264569485235,2778.1238848465714
ag,50,1.2622376204812409,0.84980321050171,1262.2376204812408,1304,1304,2608,0.9679736353383748,1391,1.391,2.5,1.0740253455416635,1171.0055982894885
ag,50,2.5862156591181225,1.6673324160371226,2586.2156591181224,2565,2561,5126,1.0098460207411646,5911,5.911,2.5,1.6793123188985069,5596.325734579073
ag,50,2.2206288522997717,1.383385594954274,2220.6288522997716,2278,2275,4553,0.976100594417482,4539,4.539,2.5,0.8919245808313733,4399.130464857528
ag,50,1.590477757273412,1.0258108665212649,1590.477757273412,1623,1620,3243,0.9817763933786492,2364,2.364,2.5,0.9087675516019864,2699.1906803099428
ag,50,1.398931108359379,0.8865370332725747,1398.9311083593789,1374,1372,2746,1.0196290877254948,1643,1.643,2.5,0.8807149143757369,1697.0367446950888
ag,50,3.181864420883493,2.038001247587577,3181.864420883493,3216,3214,6430,0.990001375508243,9055,9.055,2.5,2.471729815083897,9218.496849107283
ag,50,0.991440203762628,0.6632153069723751,991.440203762628,959,956,1915,1.0370713428479372,859,0.859,2.5,0.8266693768376605,934.4686636359612
ag,50,1.3018331500608404,0.8511685460122335,1301.8331500608404,1316,1315,2631,0.9899871863580536,1551,1.551,2.5,0.6393227941999386,1672.6193619711817
ag,50,1.9826180712377484,1.348143165598347,1982.6180712377484,1950,1948,3898,1.0177710837976122,3255,3.255,2.5,1.4456705566949235,3191.069515970082
ag,50,1.6735747709581337,1.094767420362576,1673.5747709581335,1615,1614,3229,1.0369112583383726,2390,2.39,2.5,1.0250070135345295,2164.565866677662
ag,50,1.37612453414438,0.8605964174508113,1376.12453414438,1356,1356,2712,1.0148411018763863,1573,1.573,2.5,0.7264061375883034,1437.3779687679294
ag,50,1.917991527189772,1.2824190261203634,1917.991527189772,1960,1958,3918,0.9795666635289948,3382,3.382,2.5,1.3921896289950242,3211.7423044464085
ag,50,2.6328645510432165,1.7730484494654906,2632.8645510432166,2597,2592,5189,1.015765644692599,6195,6.195,2.5,2.187117683103085,6363.748581139441
ag,50,1.3143662611647482,0.8417603500931052,1314.3662611647485,1298,1297,2595,1.0133895614223194,1425,1.425,2.5,0.9236414473634642,1649.6651313583156
ag,50,0.3210500972892136,0.2179769323198001,321.0500972892136,330,330,660,0.9728790826945868,75,0.075,2.5,0.20542384515901,82.15873600674247
ag,50,1.6747402307602828,1.075751575266922,1674.7402307602829,1593,1592,3185,1.0519725067589716,2424,2.424,2.5,0.8380593224496657,2538.068805451529
ag,50,1.3025692617895568,0.8393809110998309,1302.5692617895568,1248,1245,2493,1.0462403709153067,1474,1.474,2.5,1.0668235334276288,1371.6764003941312
ag,50,1.6582318157149016,1.131166956459942,1658.2318157149016,1652,1650,3302,1.0049889792211524,2540,2.54,2.5,0.9703899857039376,2506.212844359976
ag,50,1.7108271921476306,1.052310351715753,1710.8271921476305,1638,1636,3274,1.0457378925107763,2394,2.394,2.5,0.9878504132148442,2927.734404159476
ag,50,1.2235795798527669,0.8389053635950036,1223.579579852767,1282,1282,2564,0.954430249495138,1369,1.369,2.5,0.8006496529492654,1799.6420998115627
ag,50,2.2937982952658587,1.5360612579064885,2293.7982952658585,2244,2240,4484,1.0240170961008297,4494,4.494,2.5,1.776334396301229,4301.428489590201
ag,50,3.1607936554705636,2.0507509806543136,3160.7936554705634,3166,3165,6331,0.9986709811913312,8658,8.658,2.5,2.2927413781885524,9181.645494166729
ag,50,2.593917244029123,1.746506510640306,2593.917244029123,2546,2542,5088,1.0204237781389154,5922,5.922,2.5,1.8347809723560444,5830.7930297425355
ag,50,1.640877472087546,0.9832757363843492,1640.8774720875458,1716,1714,3430,0.9573380817313568,2548,2.548,2.5,0.8980570043996972,3288.5183083557613
ag,50,0.9637303571811296,0.657784361434762,963.7303571811296,1007,1007,2014,0.9570311392066828,806,0.806,2.5,0.7809822980642007,775.2766410772994
ag,50,1.864320527456631,1.2073616498056303,1864.320527456631,1933,1933,3866,0.9644700090308488,3272,3.272,2.5,1.085198869183203,3439.269363797529
ag,50,1.3467593579210158,0.8634293437469778,1346.759357921016,1315,1314,2629,1.0249310182047304,1488,1.488,2.5,0.83512280554342,1834.8656353285155
ag,50,2.2583302012016886,1.5045276234130962,2258.3302012016884,2245,2244,4489,1.0063860076656366,4739,4.739,2.5,1.5304303571973803,4350.59107620083
ag,50,3.1481240141982245,2.097083175370388,3148.1240141982244,3127,3122,6249,1.008367717552282,8856,8.856,2.5,1.9652544687857008,8707.147466554283
ag,50,1.3111018691940135,0.8788302054219586,1311.1018691940135,1346,1345,2691,0.9747969287687834,1523,1.523,2.5,0.6638627222411647,1736.9521739143622
ag,50,2.4971850107870113,1.7996796630972485,2497.1850107870114,2581,2578,5159,0.9686520600415096,5889,5.889,2.5,1.6125020544235755,3927.905505489037
ag,50,1.6424212595321956,1.0931282246733176,1642.4212595321956,1640,1639,3279,1.00208740667004,2455,2.455,2.5,1.2192549948266411,2458.1978739788437
ag,50,1.909144344169139,1.2926359355411514,1909.144344169139,1945,1941,3886,0.9835880186342808,3386,3.386,2.5,1.5096951223008983,2735.4803848314723
ag,50,2.570492343883782,1.639652883898589,2570.4923438837823,2558,2554,5112,1.0064574564932585,5974,5.974,2.5,1.689842733912019,5939.094776738119
ag,50,1.6385021030621176,1.0997606083592018,1638.5021030621176,1625,1623,3248,1.0095515114369178,2423,2.423,2.5,1.2385324028723697,1902.433978375708
ag,50,1.9625585079830077,1.257640757813667,1962.5585079830075,2009,2006,4015,0.9783442213275212,3376,3.376,2.5,1.263711301425667,3094.3916565010904
ag,50,0.6697317967214304,0.4526365971042767,669.7317967214303,646,645,1291,1.0383438708859385,376,0.376,2.5,0.469581679358145,477.3226955055009
ag,50,1.2856818335899869,0.872734959472084,1285.6818335899868,1247,1245,2492,1.0326761715582224,1387,1.387,2.5,0.9156177549327276,1550.6619525266362
ag,50,0.9835876926088032,0.6369126569092288,983.5876926088032,996,996,1992,0.987537843984742,741,0.741,2.5,0.5866635095254646,580.0628933965646
ag,50,1.929759053460043,1.2712972564962923,1929.759053460043,2003,2001,4004,0.9643973280659884,3412,3.412,2.5,1.1933568088460913,3445.796337433238
ag,50,1.930876573145349,1.2478850030721669,1930.876573145349,1988,1988,3976,0.9712658818638576,3490,3.49,2.5,1.186892553180818,3796.047125472888
ag,50,2.879451899480999,1.8256025156372493,2879.4518994809996,2825,2820,5645,1.0210822338585106,7059,7.059,2.5,1.42864774519697,6728.2959765882415
ag,50,2.951678863557416,1.9289675880429908,2951.678863557416,2962,2960,5922,0.9971888052558838,7670,7.67,2.5,1.8195345079516765,6717.142129706471
ag,50,1.5977710189727132,1.083028828255846,1597.7710189727131,1636,1634,3270,0.9778280409869724,2419,2.419,2.5,0.6350622487955464,2393.385286413546
ag,50,0.6750152502406915,0.4377247577951314,675.0152502406916,662,661,1323,1.021203101725706,371,0.371,2.5,0.3840131660923339,377.1896642461305
ag,50,1.5970209890201523,1.003378760077729,1597.0209890201522,1585,1584,3169,1.0082203213511065,2251,2.251,2.5,0.9915125388969872,2378.1161024607154
ag,50,1.6200343945986675,1.0250228535842547,1620.0343945986674,1673,1672,3345,0.9689200924633178,2261,2.261,2.5,1.239973027002058,2398.801540883374
ag,50,1.901257435610408,1.3435929309720431,1901.257435610408,1982,1980,3962,0.9602310280860646,3392,3.392,2.5,1.2662437029149118,3202.9783358114323
ag,50,1.632001347152669,1.0802595667237949,1632.0013471526693,1644,1644,3288,0.9927015493629376,2412,2.412,2.5,0.810574634158581,2723.9900880254913
ag,50,1.3045443888631538,0.922948212466726,1304.544388863154,1344,1343,2687,0.97136588895246,1559,1.559,2.5,0.8670965349747531,1278.1827456265466
ag,50,1.644572278937118,0.9996067187647228,1644.572278937118,1672,1672,3344,0.9835958606083242,2303,2.303,2.5,1.1214558602631917,2303.5808373592977
ag,50,0.9920470473332852,0.6599331844664921,992.0470473332851,966,965,1931,1.028028028324648,772,0.772,2.5,0.6367629407209371,679.0377429679198
ag,50,1.3328105794015253,0.8272788904198404,1332.8105794015253,1299,1298,2597,1.0268186281984015,1468,1.468,2.5,0.8488936540632103,1315.1792635240645
ag,50,1.046181538455901,0.6449139602223365,1046.181538455901,964,962,1926,1.0875067967317058,847,0.847,2.5,0.6484860528327216,772.7180664511827
ag,50,0.989279664871727,0.6809449382234243,989.279664871727,955,954,1909,1.0369807807879738,723,0.723,2.5,0.5509110940800688,726.8785001100504
ag,50,2.0281111553843627,1.3330685077423383,2028.1111553843627,1942,1937,3879,1.0470372511018908,3660,3.66,2.5,1.5061740459323265,4343.499119674246
ag,50,2.5659892299479004,1.597808367743672,2565.9892299479,2527,2521,5048,1.0178457873652915,5511,5.511,2.5,1.6160621547090956,5914.274540030374
ag,50,2.6390782627938605,1.6638324134953286,2639.0782627938606,2691,2687,5378,0.9821653378466172,6300,6.3,2.5,1.6758179437405682,5299.7653291974575
ag,50,0.9463365201904174,0.6410198249517383,946.3365201904172,1011,1010,2021,0.9369668516736804,810,0.81,2.5,0.613526616044459,990.141374496422
ag,50,0.9294995312968722,0.6555208474454912,929.4995312968722,977,977,1954,0.9513813012250484,895,0.895,2.5,0.6586463767429015,860.3125896239342
ag,50,1.9961459752051427,1.3514958469428098,1996.1459752051428,1921,1919,3840,1.0402011335097148,3393,3.393,2.5,1.0635623936004617,3440.3010357102335
ag,50,1.9834011106852465,1.2850252907162252,1983.4011106852463,1940,1939,3879,1.0228989740511845,3367,3.367,2.5,1.5060786293977275,3177.6604822441413
ag,50,3.2763653626513234,2.0732446823214574,3276.3653626513233,3271,3270,6541,1.0019465940829737,9752,9.752,2.5,2.0989484462031207,9288.459189068037
ag,50,1.9426224728847117,1.286566432191242,1942.6224728847112,1981,1978,3959,0.9821144958972252,3566,3.566,2.5,1.2193496538831972,3076.3088761582717
ag,50,1.0134004876910745,0.6563160021938239,1013.4004876910742,989,988,1977,1.025708995638739,861,0.861,2.5,0.700107088805082,921.6539102498482
ag,50,1.3534597680427605,0.8639943734119439,1353.4597680427603,1343,1341,2684,1.0092914004793143,1638,1.638,2.5,1.0692644381710246,1659.3793134801142
ag,50,1.255834355342803,0.8444785331303442,1255.834355342803,1320,1319,2639,0.95211095931979,1440,1.44,2.5,0.8989354100196402,1446.2647473453037
ag,50,1.0218456884187206,0.6767873163979712,1021.8456884187208,989,988,1977,1.0342567696545757,944,0.944,2.5,0.5104497886465863,1118.4397597932607
ag,50,0.9584939736788126,0.6204187960104177,958.4939736788126,955,955,1910,1.0036586111820027,779,0.779,2.5,0.6311638970080007,785.0656651855842
ag,50,3.526812115958684,2.3692049166352325,3526.812115958684,3537,3535,7072,0.9976837668907168,11010,11.01,2.5,1.699708884438163,7277.77303859636
ag,50,0.3234850381406518,0.2188424682397929,323.48503814065185,335,335,670,0.965626979524334,61,0.061,2.5,0.1910738603226272,52.63305736063519
ag,50,0.3285848096170917,0.2206168325059913,328.58480961709176,350,349,699,0.9415037524845036,76,0.076,2.5,0.1855736566915153,82.64197798954007
ag,50,2.335979051311154,1.549338278547466,2335.979051311154,2263,2262,4525,1.0327051508891043,4645,4.645,2.5,1.5669842155933056,4467.815813032191
ag,50,0.949673065812368,0.6515805741497608,949.673065812368,1004,1003,2007,0.946832568108044,804,0.804,2.5,0.5180420108721191,924.5116266134612
ag,50,2.8927774048710506,1.8759481195357863,2892.7774048710507,2907,2906,5813,0.9954498984415178,7623,7.623,2.5,2.01811494721545,8318.672340202733
ag,50,1.0122060827912915,0.6828976960721295,1012.2060827912916,993,993,1986,1.0193414731030126,863,0.863,2.5,0.699993003835644,735.9057583721263
ag,50,2.60015754143998,1.6458162432471386,2600.1575414399804,2600,2598,5198,1.000830462448029,5957,5.957,2.5,1.5857640821567336,4592.0327377242265
ag,50,0.6421211670038174,0.4397677612400875,642.1211670038174,703,702,1405,0.9147025170994548,361,0.361,2.5,0.4213690548652353,306.3598509201621
ag,50,1.8725752148013928,1.2379286141054433,1872.5752148013928,1985,1982,3967,0.9447907239159398,3372,3.372,2.5,1.230470268691033,3379.581528293151
ag,50,2.2391373599263287,1.44389550844494,2239.137359926329,2321,2318,4639,0.9659781535488908,4639,4.639,2.5,1.6577048416431055,4038.1291005805138
ag,50,0.930777940153578,0.5868260604472572,930.777940153578,952,951,1903,0.9787360043675898,785,0.785,2.5,0.7256347265675198,697.9581349307992
ag,50,1.0386804976317623,0.6335929207957659,1038.6804976317626,1009,1008,2017,1.030437001618812,878,0.878,2.5,0.4963132685751047,1115.1971566777988
ag,50,1.9591008591262329,1.2410714499161757,1959.1008591262328,1954,1950,3904,1.004667107244222,3444,3.444,2.5,1.390831964087402,3430.3140862590117
ag,50,1.357017681522919,0.8534883397193583,1357.0176815229188,1312,1310,2622,1.0358913599411594,1541,1.541,2.5,0.8841918601572974,1154.1929135404548
ag,50,0.9908915078966676,0.6638567882539177,990.8915078966676,996,996,1992,0.9948709918641242,845,0.845,2.5,0.7181034548695835,697.582898417196
ag,50,1.8916511442169963,1.2636103257054598,1891.6511442169965,1978,1975,3953,0.9577980477048084,3348,3.348,2.5,1.1249828548525675,3408.7445555115823
ag,50,0.973317994718242,0.6499526682364237,973.3179947182418,1001,1000,2001,0.973317994718242,865,0.865,2.5,0.6407974479934224,921.3347637858292
ag,50,1.019546221519763,0.6423423388186053,1019.5462215197632,988,988,1976,1.0319293740078574,816,0.816,2.5,0.6025915836781607,924.4781069020128
ag,50,2.5916921941255526,1.7685160546906535,2591.6921941255528,2601,2598,5199,0.9975720531661096,6295,6.295,2.5,1.7609129768441178,4760.578315193443
ag,50,2.005670554893104,1.2783773068937525,2005.6705548931045,1971,1969,3940,1.018623948650637,3599,3.599,2.5,1.5112887982969856,4111.9585534490225
ag,50,0.6546402463998431,0.4584911072230737,654.6402463998431,663,662,1325,0.9888825474317872,324,0.324,2.5,0.3587001345296211,265.69327330599015
ag,50,0.3378878311238229,0.2237196447022618,337.88783112382293,339,339,678,0.996719265851985,70,0.07,2.5,0.2110491475891258,68.8522789620524
ag,50,1.9515516763021328,1.3532727622573106,1951.5516763021328,1964,1962,3926,0.994674656626979,3339,3.339,2.5,1.4382455285889928,3977.761269829549
ag,50,2.2908213792087357,1.533704731159213,2290.821379208736,2288,2284,4572,1.0029865933488336,4532,4.532,2.5,1.6660725779002494,5401.131458481326
ag,50,1.3298638029489784,0.8247157702793341,1329.8638029489784,1293,1291,2584,1.03010364287295,1502,1.502,2.5,1.013297459150472,1319.3955703387685
ag,50,1.721875216748186,1.0844052321311966,1721.8752167481862,1658,1657,3315,1.0391522128836368,2319,2.319,2.5,1.3401772200933464,1576.8985340118102
ag,50,1.5872268033054189,1.0643522236548164,1587.2268033054186,1640,1638,3278,0.9690029324208904,2178,2.178,2.5,1.0984176727612445,1245.475358065309
ag,50,0.977407634705049,0.6777788541852576,977.407634705049,1018,1017,2035,0.9610694539872654,848,0.848,2.5,0.6596146860132837,711.277944395262
ag,50,0.9583428428654764,0.6590106462582348,958.3428428654764,969,969,1938,0.9890019018219572,740,0.74,2.5,0.6436587103538497,729.3094648060804
ag,50,1.3279703405081913,0.9156934222736708,1327.9703405081914,1347,1345,2692,0.9873385431287668,1563,1.563,2.5,0.8092399750043885,1391.0756757046995
ag,50,1.2776393043854144,0.8519429452977914,1277.6393043854143,1294,1292,2586,0.9888849105150266,1373,1.373,2.5,0.9086332568057568,1524.2314327628142
ag,50,1.0654976052920142,0.6712090336668558,1065.4976052920142,1006,1004,2010,1.0612525949123648,911,0.911,2.5,0.6723245166648535,878.6038276571185
ag,50,0.6798748494710244,0.4461859695839001,679.8748494710244,664,664,1328,1.023907905829856,363,0.363,2.5,0.5184490722847128,330.17514540114365
ag,50,0.9552155257802686,0.6532042559752158,955.2155257802684,988,988,1976,0.9668173337856968,734,0.734,2.5,0.6120763528890735,725.3403239197347
ag,50,1.0039735682172155,0.6422513403479982,1003.9735682172156,965,964,1929,1.0414663570718004,753,0.753,2.5,0.8109189786441995,767.1102805746095
ag,50,0.6537893063110678,0.4226474307882654,653.7893063110678,678,678,1356,0.964291012258212,335,0.335,2.5,0.4903884867001787,341.930012429462
ag,50,1.623567558835453,1.0800897261799989,1623.567558835453,1590,1588,3178,1.0223977070752222,2262,2.262,2.5,1.0615910067816352,1750.137646047704
ag,50,2.5803525275185284,1.6665233739667835,2580.3525275185284,2608,2603,5211,0.9912994727308984,5793,5.793,2.5,1.7456290318286452,6837.752093926137
ag,50,1.3386572419091791,0.9586747778000112,1338.6572419091794,1294,1292,2586,1.036112416338374,1468,1.468,2.5,0.96922478637423,1270.4511182790914
ag,50,3.317244658206723,2.146449470408785,3317.244658206723,3187,3186,6373,1.0411941802280988,9824,9.824,2.5,2.0029803181087615,9409.123500202351
ag,50,0.3473869781312705,0.2267092655560947,347.38697813127055,315,315,630,1.1028158035913351,63,0.063,2.5,0.150824417896534,69.66077019793848
ag,50,0.9906678483810762,0.6729282634957255,990.6678483810764,952,952,1904,1.040617487795248,816,0.816,2.5,0.6746866238073417,788.3047029612068
ag,50,1.3111876326247285,0.8390939190762892,1311.1876326247284,1285,1283,2568,1.0219700955765616,1597,1.597,2.5,0.7727711918418226,1907.712570421378
ag,50,2.2495884059565725,1.464595590431151,2249.5884059565724,2260,2258,4518,0.996274759059598,4421,4.421,2.5,1.244999252890621,4192.455487335778
ag,50,1.276525560685964,0.8474996337947971,1276.525560685964,1318,1316,2634,0.9700042254452612,1406,1.406,2.5,1.069143880525829,1266.4099397684672
ag,50,1.6699216856153476,1.1181800090835012,1669.9216856153475,1635,1634,3269,1.0219838957254268,2374,2.374,2.5,0.9148509229592294,2514.321230358463
ag,50,3.1662834788184946,2.238614372514774,3166.2834788184946,3186,3183,6369,0.9947481868735452,9145,9.145,2.5,2.548930049967916,7510.707585177425
ag,50,1.9404621574193488,1.343389722113827,1940.4621574193488,1999,1998,3997,0.9712022809906652,3456,3.456,2.5,1.2214600420123458,3751.121714043373
ag,50,1.0009312116513218,0.6459486614535974,1000.9312116513216,969,968,1937,1.0340198467472332,805,0.805,2.5,0.7369275704202708,697.9428921485601
ag,50,1.6780904523549978,1.143350281921311,1678.0904523549978,1678,1677,3355,1.0006502399254609,2471,2.471,2.5,1.3102952503636789,2173.436992855549
ag,50,1.613912301962886,1.1236015287745504,1613.912301962886,1630,1630,3260,0.9901302466029976,2395,2.395,2.5,0.8975103964255083,2067.053994734826
ag,50,1.951147136993115,1.2404496473745286,1951.147136993115,1952,1951,3903,1.0000754161932932,3247,3.247,2.5,1.3229405652920043,2894.7131923965585
ag,50,1.0139620907645006,0.6557295848247474,1013.9620907645008,1004,1003,2007,1.010929302855933,855,0.855,2.5,0.722298084621747,811.8397163128825
ag,50,1.0030308394482943,0.6569983744491525,1003.0308394482946,1013,1011,2024,0.9921175464374824,827,0.827,2.5,0.5117424424776551,628.8317344465381
ag,50,1.9286615770565825,1.3711936453277582,1928.6615770565825,1941,1939,3880,0.9946681676413524,3279,3.279,2.5,1.2788613326039382,2548.1485569101033
ag,50,1.2857290592595243,0.8638305447641995,1285.7290592595243,1320,1318,2638,0.9755152194685316,1544,1.544,2.5,0.9821282767213084,1308.6244154197902
ag,50,1.6644531376317016,1.0653655649678426,1664.4531376317016,1678,1675,3353,0.9937033657502696,2429,2.429,2.5,0.9466161987338952,2517.5029590065415
ag,50,1.5682377329757016,1.1009410743616397,1568.2377329757016,1719,1717,3436,0.9133591921815384,2238,2.238,2.5,1.1217484959832194,2071.23743761846
ag,50,1.6590884047881913,1.1146070957644003,1659.0884047881914,1682,1680,3362,0.987552621897733,2382,2.382,2.5,0.9898947505234332,2557.2640112748545
ag,50,1.2965729755531972,0.8353044780899329,1296.5729755531972,1327,1327,2654,0.9770708180506384,1537,1.537,2.5,0.9359381519442128,1375.7990449441577
ag,50,0.986218578374803,0.6248028265635323,986.218578374803,1005,1003,2008,0.9832687720586272,887,0.887,2.5,0.5809326334330441,823.9889833913938
ag,50,0.6713704669992872,0.4434984360518213,671.3704669992871,657,656,1313,1.0234305899379377,359,0.359,2.5,0.3875792844819601,358.29547574428517
ag,50,0.3078616961598943,0.2130828721974472,307.86169615989434,317,317,634,0.9711725430911492,67,0.067,2.5,0.1887151762554156,58.634337423995056
ag,50,2.239197521643151,1.4745657744062015,2239.1975216431506,2256,2255,4511,0.9929922490656988,4759,4.759,2.5,1.7032228904017055,5687.449505082523
ag,50,0.9967907758247988,0.6671314645970013,996.7907758247989,960,959,1919,1.0394064398590186,713,0.713,2.5,0.7168998329676342,755.2112097519162
ag,50,0.6337722104643659,0.4345763470075416,633.7722104643659,664,662,1326,0.9573598345383172,360,0.36,2.5,0.4781110174696896,452.0427071423781
ag,50,0.9829101570224406,0.6392159412182583,982.9101570224406,954,953,1907,1.031385264451669,753,0.753,2.5,0.549515053758931,763.4958495815923
ag,50,2.2779502645435925,1.487869448347671,2277.9502645435923,2325,2324,4649,0.9801851396487058,4822,4.822,2.5,1.473404783437932,4560.786702612058
ag,50,1.657450415608558,1.094911929420641,1657.4504156085582,1687,1685,3372,0.9836500982840108,2387,2.387,2.5,1.1419368567336154,2105.9882873808524
ag,50,1.2967174582883765,0.8540913597208714,1296.7174582883763,1312,1310,2622,0.9898606551819666,1513,1.513,2.5,0.7963779443415657,1668.418085569755
ag,50,1.9032517144296832,1.3114684528360971,1903.2517144296833,1929,1927,3856,0.9876760323973448,3222,3.222,2.5,1.6265734460886614,2598.2216102867715
ag,50,1.368753037020851,0.8961875237521062,1368.753037020851,1321,1319,2640,1.0377202706753987,1606,1.606,2.5,1.1430418750661608,1723.85284941245
ag,50,1.9794996622967271,1.2707794095622735,1979.4996622967271,1973,1972,3945,1.0038030741869812,3622,3.622,2.5,1.4749735772905557,3915.6246980505857
ag,50,2.5810743840358152,1.740222843999417,2581.0743840358155,2598,2594,5192,0.9950171102682404,5730,5.73,2.5,1.8507119275831911,5243.245442246288
ag,50,1.004749821765675,0.6610801299760326,1004.749821765675,1047,1046,2093,0.9605638831411808,863,0.863,2.5,0.645164609941303,992.0835842996624
ag,50,1.3123069155374558,0.8797178868788729,1312.3069155374558,1312,1311,2623,1.0009968844679296,1595,1.595,2.5,0.9095174290392222,1267.320593440635
ag,50,0.97947809389792,0.6917433427077047,979.47809389792,952,951,1903,1.02994541945102,824,0.824,2.5,0.5349459241725124,726.2120432742117
ag,50,1.0214666126792415,0.6842899351005951,1021.4666126792416,983,982,1965,1.04019003327825,826,0.826,2.5,0.7595728403863026,657.4506954106131
ag,50,3.8103181943853537,2.4434904693727955,3810.3181943853538,3836,3834,7670,0.9938232118897636,13193,13.193,2.5,2.2349309901221304,12396.09698418362
ag,50,0.0,0.0,0.0,0,0,0,,0,0.0,2.5,0.0,0.0
ag,50,1.937475900653192,1.2919150796772547,1937.475900653192,1964,1963,3927,0.9869974022685646,3243,3.243,2.5,1.000782073513285,2291.5162707855957
ag,50,2.0123687295368695,1.310502857600862,2012.3687295368695,1966,1966,3932,1.0235853151255694,3398,3.398,2.5,1.324579247434171,2762.756070573466
ag,50,1.5371247442301674,1.0065560040701909,1537.1247442301674,1579,1576,3155,0.9753329595369082,2097,2.097,2.5,1.329804455179599,1881.4919656462
ag,50,1.348955850647816,0.8585527895898117,1348.955850647816,1310,1307,2617,1.0321008803732334,1412,1.412,2.5,0.966860480518212,1355.135380275344
ag,50,3.1900527642844008,1.9796392856355691,3190.052764284401,3217,3212,6429,0.9931671121682444,8937,8.937,2.5,2.1388596370603263,8616.191805470366
ag,50,1.282424542925748,0.8416133605285914,1282.4245429257485,1287,1287,2574,0.9964448662981726,1434,1.434,2.5,0.9504327449585852,1171.2441082545483
ag,50,1.9492255091779749,1.313560253791728,1949.2255091779743,1988,1985,3973,0.9819775864876448,3439,3.439,2.5,1.036601630604801,2448.8189072674836
ag,50,1.017720468660273,0.6725745204053888,1017.720468660273,974,974,1948,1.0448875448257424,853,0.853,2.5,0.7118764957294544,873.855334317874
ag,50,2.705423375021215,1.6879145964215383,2705.423375021215,2607,2604,5211,1.0389490687485463,5890,5.89,2.5,1.269022483671176,4205.320048433316
ag,50,3.523525003032044,2.2116601509772704,3523.525003032044,3526,3525,7051,0.9995815611438422,10757,10.757,2.5,1.4995414694331557,11545.40513736762
ag,50,2.3003557978077653,1.5038927819963823,2300.355797807765,2301,2300,4601,1.0001546946990283,4733,4.733,2.5,1.437621978573703,4296.620748122547
ag,50,2.286099697654118,1.5354184316640995,2286.0996976541182,2313,2312,4625,0.988797447082231,4484,4.484,2.5,1.464569447628011,3668.181927878477
ag,50,2.2760961618511217,1.4947739830631082,2276.096161851122,2310,2307,4617,0.986604318097582,4503,4.503,2.5,1.258228528562601,3676.1510175865224
ag,50,2.5854761343123926,1.6529071142532608,2585.476134312393,2612,2608,5220,0.991363548432666,5908,5.908,2.5,1.3672357764308407,3313.11333427398
ag,50,1.2146613451502135,0.8474750950927578,1214.6613451502135,1255,1253,2508,0.9694025100959406,1435,1.435,2.5,0.928641825017966,1097.884846370362
ag,50,3.237807150042703,2.1309591505869743,3237.8071500427027,3223,3220,6443,1.0055301708207152,9326,9.326,2.5,2.2795083636374813,9965.990631183691
ag,50,0.3305762811575476,0.2212956034935936,330.57628115754767,334,334,668,0.9897493447830767,60,0.06,2.5,0.2642168585753675,47.63796248147188
ag,50,1.0104535791316474,0.6471584174310266,1010.4535791316472,1009,1007,2016,1.00342957212676,802,0.802,2.5,0.8241670436934981,870.157096274431
ag,50,2.2112195284956315,1.5277826150099374,2211.2195284956315,2203,2201,4404,1.0046431297117815,4247,4.247,2.5,1.4672441356206785,3275.3095707908888
ag,50,0.9844268069117764,0.6385214737850896,984.4268069117765,1017,1015,2032,0.9698786274992872,794,0.794,2.5,0.526289235016541,681.5090883653477
ag,50,1.2915614125638415,0.829310314042765,1291.5614125638417,1292,1291,2583,1.0004348664321003,1397,1.397,2.5,0.7400894458008072,1784.0667755843292
ag,50,2.3277260495824157,1.4314456473166768,2327.7260495824157,2306,2306,4612,1.0094215306081595,4636,4.636,2.5,1.4789138782448918,4771.412846730263
ag,50,1.261765672024971,0.908260531539235,1261.765672024971,1299,1298,2597,0.972084493085494,1530,1.53,2.5,0.8610900976627136,1528.795191173571
ag,50,1.937558301030293,1.3672809108699648,1937.558301030293,1963,1962,3925,0.9875424572019842,3145,3.145,2.5,1.7099203535839649,2389.103340262125
ag,50,1.6983716790125798,1.081585665409987,1698.3716790125798,1661,1658,3319,1.0243496254599396,2397,2.397,2.5,1.245135160962883,2753.652737771114
ag,50,0.3410363954820347,0.2247305724386559,341.0363954820347,307,307,614,1.1108677377264975,76,0.076,2.5,0.2292949871178518,77.94610938721327
ag,50,0.9483796958668071,0.6397975860258994,948.3796958668072,1024,1024,2048,0.9261520467449288,765,0.765,2.5,0.644625949439441,718.2787127252444
ag,50,1.3005177076314882,0.8530307898678959,1300.5177076314883,1267,1265,2532,1.028077239234378,1481,1.481,2.5,0.6259079259684697,1395.0571798363071
ag,50,1.3247236792680726,0.8781019546081908,1324.7236792680726,1348,1348,2696,0.9827326997537632,1578,1.578,2.5,0.9432567485275056,1758.6970551661384
ag,50,1.7047616961889698,1.066210925875117,1704.7616961889698,1653,1652,3305,1.0319380727536136,2468,2.468,2.5,1.5161290112592345,2509.128462208574
ag,50,1.5948606491066752,1.011929448236403,1594.8606491066753,1607,1603,3210,0.9949224261426546,2336,2.336,2.5,0.785381012299883,1710.9931254393475
ag,50,1.9790895446582784,1.2642155823621544,1979.0895446582783,1954,1952,3906,1.0138778405011672,3276,3.276,2.5,1.1526074998437004,4087.9015035198895
ag,50,2.54994528824586,1.740357620751104,2549.94528824586,2586,2583,5169,0.9872029764792334,6010,6.01,2.5,1.3683000495457296,6070.184149365999
ag,50,1.9262103371330104,1.2721584768797531,1926.2103371330104,1996,1995,3991,0.9655189659814588,3334,3.334,2.5,1.1103176572747302,2335.6898870546174
ag,50,1.857052965789764,1.1622346568441937,1857.052965789764,1927,1926,3853,0.9642019552387144,3271,3.271,2.5,1.171795980248231,2625.1580070849172
ag,50,1.2999649134529303,0.8277646193504842,1299.9649134529304,1279,1278,2557,1.017186943233905,1449,1.449,2.5,0.7529442264518703,1434.493243660611
ag,50,2.2538869463633064,1.4728704367845271,2253.8869463633064,2347,2343,4690,0.9619662596514326,4734,4.734,2.5,1.757601627192422,4093.7901853767457
ag,50,3.1511640249440935,2.065937021979018,3151.1640249440934,3191,3189,6380,0.9881354734851344,8903,8.903,2.5,2.3354528711766935,10023.211752612711
ag,50,1.8268866832152044,1.2140734451797734,1826.8866832152044,1934,1934,3868,0.9446156583325772,3138,3.138,2.5,0.9761832711122748,3394.6033270255793
ag,50,0.3163672615744852,0.2162790173783464,316.3672615744852,327,326,653,0.9704517226211204,60,0.06,2.5,0.1334178812831709,63.77981846273392
ag,50,0.309393288264627,0.2136690814414284,309.39328826462696,327,327,654,0.946156844845954,61,0.061,2.5,0.1454236854524634,65.39614584608155
ag,50,0.9967127407647668,0.639584655489265,996.7127407647667,1029,1027,2056,0.9705089978235314,801,0.801,2.5,0.6695187934063224,720.2089498585226
ag,50,2.665443518046743,1.7516880926981475,2665.443518046743,2618,2617,5235,1.0185110882868715,6077,6.077,2.5,1.9800701470138464,7288.888946015702
ag,50,1.385377723105279,0.8836358007291174,1385.377723105279,1313,1312,2625,1.055928142610731,1681,1.681,2.5,0.8406762183080839,1718.634776646606
ag,50,1.5944659422062857,1.0909790762838176,1594.4659422062855,1625,1622,3247,0.9830246252813104,2197,2.197,2.5,1.068617061671687,2059.2052448398845
ag,50,1.304738611974905,0.8955080704338404,1304.7386119749049,1286,1283,2569,1.0169435790918977,1424,1.424,2.5,1.0880746574508129,1754.5099248718618
ag,50,2.2871725058258336,1.521788863792968,2287.1725058258335,2285,2284,4569,1.001389013058596,4728,4.728,2.5,1.0520594812028052,5092.285728602435
ag,50,1.2942217556396804,0.8474468438500669,1294.2217556396804,1293,1291,2584,1.0024955504567623,1453,1.453,2.5,0.8642532802777498,1658.079133609759
ag,50,1.315909376456945,0.8166435589598016,1315.909376456945,1294,1293,2587,1.0177180019001897,1430,1.43,2.5,0.9209494348622213,1544.8247098870534
ag,50,0.6549195404643642,0.4557267937597158,654.9195404643642,673,672,1345,0.974582649500542,380,0.38,2.5,0.4490075525359606,418.0814390140223
ag,50,1.3087325030775263,0.8768089922977647,1308.7325030775264,1330,1330,2660,0.9840094008101702,1506,1.506,2.5,0.86413164495524,1398.2343579497629
ag,50,1.692669968230684,1.1148396388306427,1692.6699682306842,1616,1614,3230,1.0487422355828278,2510,2.51,2.5,1.453327267842642,2467.6330328413355
ag,50,0.977942156996303,0.6554145015838085,977.9421569963032,986,984,1970,0.9938436554840478,785,0.785,2.5,0.6388082532630814,788.1146924414161
ag,50,1.6362754643071895,1.0902465128721148,1636.2754643071896,1650,1649,3299,0.9922834835095148,2388,2.388,2.5,1.0183433576875591,2478.6203636825035
ag,50,0.6861151388472014,0.4673099274516094,686.1151388472015,700,700,1400,0.9801644840674308,372,0.372,2.5,0.4267435224702692,326.8018351740848
ag,50,1.3633432268631145,0.9037302581796752,1363.3432268631143,1333,1331,2664,1.0242999450511754,1485,1.485,2.5,0.7767635463995505,1724.7233618404448
ag,50,1.6123231720302482,1.120986284242628,1612.3231720302483,1638,1637,3275,0.9849255785157288,2398,2.398,2.5,0.9333997451907732,2360.0742182701506
ag,50,0.977819843943016,0.6661140230289112,977.819843943016,990,990,1980,0.9876968120636525,852,0.852,2.5,0.8330468386311549,861.5901362828434
ag,50,0.6485807888880766,0.4411317876091117,648.5807888880765,633,632,1265,1.0262354254558173,325,0.325,2.5,0.468608682375347,328.565804097328
ag,50,0.9707295806508864,0.6203842272162453,970.7295806508864,953,950,1903,1.0218206112114594,830,0.83,2.5,0.6311872363960365,882.5764959067712
ag,50,1.0113731547034503,0.6738430949055765,1011.3731547034504,963,963,1926,1.050231728664019,867,0.867,2.5,0.6597004809386708,907.0149562293776
ag,50,1.32684640036038,0.8866320568270466,1326.84640036038,1337,1335,2672,0.9938924347268764,1633,1.633,2.5,0.7987805584866565,1344.0874902710243
ag,50,4.970138472578874,3.5022883113454153,4970.138472578874,4979,4978,9957,0.9984207457972828,21356,21.356,2.5,2.560339439328935,25980.22454302521
ag,50,0.6707185305841072,0.4620811545241405,670.7185305841073,635,635,1270,1.056249654463161,309,0.309,2.5,0.5811994590666886,318.31602533644826
ag,50,1.9691486728533696,1.2661562811107383,1969.1486728533696,1955,1953,3908,1.0082686496945057,3609,3.609,2.5,0.6222895558581286,3843.4762763010303
ag,50,1.990612093228623,1.2453672778247298,1990.612093228623,1937,1934,3871,1.0292720233860513,3343,3.343,2.5,1.4539328892087495,4036.318747863238
ag,50,1.6099560476829218,1.134910478245449,1609.9560476829215,1612,1612,3224,0.9987320395055346,2307,2.307,2.5,1.0928465882000793,2049.5008378068615
ag,50,0.9940724696114478,0.6522666738489968,994.0724696114478,1032,1031,2063,0.9641828027269136,898,0.898,2.5,0.7597008300575605,1282.6776604341526
ag,50,1.308112839245632,0.8789856044047576,1308.112839245632,1325,1322,2647,0.9894953398227172,1555,1.555,2.5,1.0456931365373527,1590.1295441959533
ag,50,0.6804497106642938,0.4487715473508248,680.4497106642938,653,653,1306,1.042036310358796,425,0.425,2.5,0.6186536915694298,486.7472567828159
ag,50,1.3125719472713162,0.8509738378614079,1312.5719472713165,1303,1303,2606,1.0073460838613326,1447,1.447,2.5,1.0383895671174004,1861.5062241680992
ag,50,1.3215695534865082,0.8460375666312827,1321.569553486508,1321,1320,2641,1.001189055671597,1542,1.542,2.5,0.8342644979979668,1432.5621291946738
ag,50,2.298354570723403,1.510962991721425,2298.3545707234034,2330,2327,4657,0.9876899745266022,4766,4.766,2.5,1.6085746125542228,5360.001245159701
ag,50,0.97054825916765,0.657713770995642,970.54825916765,957,956,1913,1.0152178443176256,782,0.782,2.5,0.6134195879429285,687.8969646644882
ag,50,1.286509112827306,0.8855649240741192,1286.509112827306,1286,1285,2571,1.001174406869499,1435,1.435,2.5,0.9321829093014068,1315.43862523637
ag,50,0.658417857247992,0.4431588344353201,658.417857247992,649,647,1296,1.0176473836908686,295,0.295,2.5,0.4100508270111346,337.5577985003107
ag,50,1.5990461333751096,1.0610910714643969,1599.0461333751095,1642,1639,3281,0.9756230221934774,2440,2.44,2.5,0.8165438274139476,2709.575916168813
ag,50,1.325050945484466,0.8642920537239549,1325.050945484466,1352,1352,2704,0.9800672673701672,1524,1.524,2.5,0.7365671898572493,829.6507161923075
ag,50,0.6524342023236955,0.4192980086544051,652.4342023236956,664,664,1328,0.9825816300055656,396,0.396,2.5,0.4877588159033094,293.6584782116236
ag,50,0.3507726014331078,0.2277311835169579,350.77260143310787,309,309,618,1.1351864124048798,57,0.057,2.5,0.2481575027680731,56.20507489465847
ag,50,1.0225982924384116,0.6741511591530402,1022.5982924384116,1031,1031,2062,0.9918509141012722,837,0.837,2.5,0.7427326925906951,969.5554771535344
ag,50,1.6457205914316582,1.094337897961208,1645.7205914316582,1665,1664,3329,0.9890147785046024,2539,2.539,2.5,1.3536918622368346,2851.6604206285183
ag,50,2.247175681014547,1.4372711304396395,2247.175681014547,2234,2232,4466,1.0067991402394925,4518,4.518,2.5,1.4659846219881532,5306.949615338653
ag,50,0.9512105260121642,0.6295726568943961,951.210526012164,974,971,1945,0.9796194912586654,724,0.724,2.5,0.5614224955282013,557.6824121262334
ag,50,1.6523904459514531,1.082889740635393,1652.390445951453,1658,1656,3314,0.9978203176035344,2403,2.403,2.5,1.1215333407863253,2621.460146045797
ag,50,1.6981591553969115,1.167055256983228,1698.1591553969115,1682,1681,3363,1.0102077069583055,2434,2.434,2.5,1.0053229178540144,2683.2683998898365
ag,50,1.673386559636628,1.1011424463796764,1673.386559636628,1660,1658,3318,1.009280192784456,2672,2.672,2.5,0.9401000258656804,2650.263954476203
ag,50,0.95973440129248,0.6244536581840949,959.73440129248,1015,1015,2030,0.9455511342783052,794,0.794,2.5,0.5781459894543856,1084.2038497224678
ag,50,0.6331308544327535,0.4283345038074852,633.1308544327535,671,669,1340,0.9463839378665972,366,0.366,2.5,0.5600946714044781,306.46919622142076
ag,50,1.6167815019907947,1.0621117927129982,1616.7815019907948,1620,1619,3239,0.9986297109269888,2413,2.413,2.5,0.9238201486651932,2299.8274908780563
ag,50,0.6964156607233476,0.4614081209412828,696.4156607233476,675,675,1350,1.03172690477533,288,0.288,2.5,0.3981263783625398,383.8900268675117
ag,50,1.97815821381056,1.2789982004532594,1978.1582138105605,2006,2005,4011,0.9866125754666136,3573,3.573,2.5,1.4348897869686157,4285.034334445383
ag,50,0.9666012266104936,0.6405323727353438,966.6012266104937,985,984,1969,0.9823183197261114,794,0.794,2.5,0.5237962432783608,819.5491409939848
ag,50,1.6149609120102275,1.121894387207259,1614.9609120102275,1665,1664,3329,0.9705293942369156,2359,2.359,2.5,0.7455095801452867,1715.8228748499089
ag,50,2.309518779903763,1.4088141886959078,2309.518779903763,2340,2340,4680,0.9869738375657108,4663,4.663,2.5,1.651917735400897,4744.983100060965
ag,50,1.0067631899564955,0.6520004259308696,1006.7631899564956,968,967,1935,1.0411201550739353,796,0.796,2.5,0.6467667186952699,782.5201610327839
ag,50,2.005135838863073,1.2711364662794422,2005.135838863073,2011,2010,4021,0.9975800193348624,3576,3.576,2.5,1.3175954719542933,2819.136805073893
ag,50,1.9814409945633005,1.3821593239601506,1981.4409945633004,1960,1959,3919,1.01145533157902,3360,3.36,2.5,1.4083373604672382,3990.734433489221
ag,50,3.175000815128061,2.2166158472040287,3175.000815128061,3157,3152,6309,1.0072972129213391,9030,9.03,2.5,2.115540091495161,9561.670252738912
ag,50,0.6330150717680596,0.4201971658028459,633.0150717680596,675,675,1350,0.9378001063230512,356,0.356,2.5,0.3918916086857321,301.2412067527403
ag,50,2.2582557210128096,1.4873720944236704,2258.2557210128098,2317,2314,4631,0.9759099917946455,4606,4.606,2.5,1.850286853786113,3674.3597602081154
ag,50,0.9605243671686808,0.6657601335993812,960.5243671686808,951,950,1901,1.0110782812301904,730,0.73,2.5,0.5485699056006612,702.7662018435427
ag,50,2.2390541053652933,1.4656420503391032,2239.0541053652933,2311,2309,4620,0.9697072782006468,4758,4.758,2.5,1.8227466212173171,5803.912826905667
ag,50,1.652865681225869,1.0647843126499736,1652.8656812258691,1679,1677,3356,0.9856086351972982,2420,2.42,2.5,1.0332137981819665,2361.448129060662
ag,50,1.9615144018616864,1.301825635201215,1961.5144018616863,1954,1952,3906,1.0048741812816018,3381,3.381,2.5,0.911372751687236,3075.47147506083
ag,50,1.9607132355419508,1.1933715623786632,1960.7132355419508,1998,1994,3992,0.9833065373831248,3479,3.479,2.5,1.0531600713832208,3427.9638429082015
ag,50,2.293136872591944,1.5036248907136014,2293.136872591944,2299,2297,4596,0.998318185716998,5042,5.042,2.5,1.497070168575902,4144.441128091271
ag,50,1.680439446867384,1.122831862733472,1680.439446867384,1650,1650,3300,1.0184481496165965,2235,2.235,2.5,1.0326079011423208,2051.192140449647
ag,50,2.5147518994312508,1.7393350906722282,2514.751899431251,2601,2594,5195,0.969449460073728,5944,5.944,2.5,2.073795165215725,4900.188628685224
ag,50,1.3839234443476087,0.8732687021776844,1383.923444347609,1347,1345,2692,1.0289393638272184,1680,1.68,2.5,0.8988575272244416,1620.158229177699
ag,50,0.9789364412482444,0.6693690615981447,978.9364412482444,957,957,1914,1.0229220911684895,733,0.733,2.5,0.7779896771985167,918.9572022194246
ag,50,1.9787765724086972,1.293875996158048,1978.7765724086971,1936,1936,3872,1.0220953369879633,3395,3.395,2.5,1.36774220867881,2872.9057882964644
ag,50,1.3052427482110327,0.8953046351789776,1305.242748211033,1314,1313,2627,0.9940919636032236,1445,1.445,2.5,0.9073524792991796,1276.6373098165257
ag,50,2.296995246110129,1.4903796472914572,2296.995246110129,2278,2276,4554,1.0092246248287031,4739,4.739,2.5,1.5929296417090486,3602.211612852246
ag,50,0.9418210771723567,0.6362383940973849,941.8210771723568,977,977,1954,0.9639929141989322,775,0.775,2.5,0.6766810308354939,852.2736521088949
ag,50,2.8945535932289843,1.9419597420021633,2894.5535932289845,2912,2909,5821,0.9950338924816036,7692,7.692,2.5,2.114550803060025,8051.721955477804
ag,50,0.9709107163057548,0.6297243574150205,970.9107163057548,950,949,1899,1.0230882152853054,821,0.821,2.5,0.9079123079442656,957.9003072055862
ag,50,1.661061121359561,1.068661091668481,1661.061121359561,1642,1639,3281,1.0134601106525691,2354,2.354,2.5,1.212093534083843,3065.347384973173
ag,50,1.6617290250059154,1.040638410857075,1661.7290250059154,1636,1633,3269,1.0175927893483867,2567,2.567,2.5,1.1244972295290303,2014.0918204189345
ag,50,1.658331611843818,1.1640685243611797,1658.331611843818,1656,1655,3311,1.0020130585159022,2344,2.344,2.5,1.3060841980323636,1700.0262940374514
ag,50,1.926168828532251,1.3360530690545886,1926.1688285322507,1927,1926,3853,1.0000876575972226,3273,3.273,2.5,1.619572320712895,2882.869744860887
ag,50,1.306906508793472,0.8679928107338565,1306.906508793472,1293,1291,2584,1.012321075750172,1420,1.42,2.5,1.0918465134991064,1242.0955957770843
ag,50,0.9898734954673548,0.6629777972625618,989.8734954673548,989,986,1975,1.003928494388798,824,0.824,2.5,0.7002777094781062,1045.2737504148174
ag,50,1.3386342249783512,0.8719313297642237,1338.634224978351,1322,1321,2643,1.0133491483560568,1576,1.576,2.5,0.6384182724371381,2119.8828730750065
ag,50,1.6523534121364931,1.0341817740343675,1652.3534121364933,1622,1621,3243,1.0193420185912976,2385,2.385,2.5,0.7258632716905183,2985.1813759899183
nag,50,0.4856567434217644,0.4013633349345208,485.6567434217645,1246,1244,2490,0.3903993114322865,546,0.546,2.5,0.3292209139578986,551.402363524569
nag,50,0.4822470799899715,0.3991667291172957,482.2470799899715,1256,1254,2510,0.384567049433789,541,0.541,2.5,0.3950288364495322,553.2890857660844
nag,50,0.0,0.0,0.0,0,0,0,,0,0.0,2.5,0.0,0.0
nag,50,0.6608581469415922,0.5454780462364004,660.8581469415922,1628,1627,3255,0.4061820202468298,845,0.845,2.5,0.8242665155561242,976.3762953859332
nag,50,1.7514525041611455,1.3582493286381667,1751.4525041611455,4367,4365,8732,0.4012491418467688,6722,6.722,2.5,1.338174468309472,6992.737447532795
nag,50,1.426512972317025,1.2322778525924118,1426.5129723170248,3586,3585,7171,0.3979115682892677,4416,4.416,2.5,1.1884916917575088,4125.642994131489
nag,50,0.3335289163208865,0.2702729373702555,333.5289163208865,838,838,1676,0.3980058667313681,213,0.213,2.5,0.2487073517156191,239.55008922637177
nag,50,0.6746439717698474,0.5598830477473751,674.6439717698473,1632,1632,3264,0.4133847866236809,1004,1.004,2.5,0.7117381573164658,842.8342978194883
nag,50,0.4759617539424101,0.3960556092592952,475.9617539424101,1231,1229,2460,0.3872756338017983,485,0.485,2.5,0.4470605022758524,567.3202599013451
nag,50,0.3177953649499074,0.2695511789797665,317.7953649499075,814,813,1627,0.3908922078104643,231,0.231,2.5,0.2788206023856249,240.21927302700732
nag,50,0.4998156002463422,0.4241999594800322,499.81560024634217,1244,1244,2488,0.401781029136931,509,0.509,2.5,0.4229140826405755,438.2054217772166
nag,50,0.8450044487179309,0.6742995478887632,845.0044487179309,2130,2130,4260,0.3967157036234418,1515,1.515,2.5,0.6270704832367565,1408.6347236809788
nag,50,0.334750229564409,0.2728518143491413,334.75022956440904,836,836,1672,0.4004189348856567,196,0.196,2.5,0.3113440722141902,188.28165712324056
nag,50,0.487672345624232,0.4074034851431487,487.672345624232,1204,1203,2407,0.4053801709262111,483,0.483,2.5,0.2680388951165406,520.2408344272684
nag,50,1.2846377935803668,1.019991724731111,1284.6377935803669,3291,3289,6580,0.3905861336516774,3694,3.694,2.5,0.94532813034817,4069.984744035806
nag,50,0.4896039051689055,0.4070607568158401,489.6039051689055,1204,1203,2407,0.4069857898328392,488,0.488,2.5,0.4375109223792382,382.6187954245667
nag,50,0.7951571485753319,0.6402964694611564,795.1571485753319,2014,2012,4026,0.395207330305831,1511,1.511,2.5,0.6362665653283831,1606.837617497831
nag,50,0.8078281707561273,0.6722075952838942,807.8281707561273,2029,2029,4058,0.3981410402938035,1549,1.549,2.5,0.8132470965203048,1389.6045099805683
nag,50,0.652923713612852,0.5309436536551023,652.923713612852,1646,1646,3292,0.3966729730333244,869,0.869,2.5,0.528855666075854,672.6705793612782
nag,50,1.3382728852788672,1.1017200213532647,1338.2728852788673,3399,3398,6797,0.3938413435193841,4141,4.141,2.5,0.8570737642589579,5204.099434236677
nag,50,1.166738323251076,0.9374879651034992,1166.738323251076,2901,2899,5800,0.4024623398589431,2960,2.96,2.5,1.0946792157703684,2817.83598213128
nag,50,0.6689730422465755,0.5415633350234754,668.9730422465755,1663,1662,3325,0.4025108557440285,1005,1.005,2.5,0.3510303367144854,1065.2746372740612
nag,50,1.1384545379769164,0.9231339598849908,1138.4545379769163,2934,2933,5867,0.3881536099478065,3002,3.002,2.5,1.1627953509032825,2610.4310394335475
nag,50,0.1537116049685729,0.1300843474665582,153.71160496857289,391,391,782,0.3931243093825393,33,0.033,2.5,0.1089314857004369,30.97295932176222
nag,50,0.6520563072197535,0.5207768209902746,652.0563072197535,1642,1641,3283,0.3973530208529881,945,0.945,2.5,0.4269744198072132,864.768914972915
nag,50,0.8166730144852066,0.6817142739150072,816.6730144852065,2092,2092,4184,0.3903790700216092,1448,1.448,2.5,0.4485902488248639,1629.5478346276325
nag,50,0.7942987785194577,0.6532094029411791,794.2987785194578,2012,2012,4024,0.3947807050295516,1367,1.367,2.5,0.5727177544199248,1317.390949580801
nag,50,0.7083246121582085,0.5926290772779776,708.3246121582085,1658,1656,3314,0.427732253718725,1026,1.026,2.5,0.6531700867556055,591.6320408442011
nag,50,0.5102494183060263,0.4277642445041817,510.2494183060264,1283,1283,2566,0.3977002480951102,557,0.557,2.5,0.3939901638198114,471.8591067178218
nag,50,0.6583381558665305,0.5605798591338176,658.3381558665305,1600,1598,3198,0.4119763178138489,916,0.916,2.5,0.4675601889260323,844.9127996228511
nag,50,0.8681677433279952,0.6863292780850203,868.1677433279951,2125,2124,4249,0.4087418753898282,1541,1.541,2.5,0.6635383419909615,1681.124797016852
nag,50,0.6544025678854798,0.5486707329944496,654.4025678854798,1673,1673,3346,0.3911551511568917,983,0.983,2.5,0.5403029131038604,778.512126213442
nag,50,0.8281110769231869,0.726209528986598,828.1110769231868,2137,2136,4273,0.387692451743065,1594,1.594,2.5,0.6174318885992034,2248.0447163103945
nag,50,0.5061822353036575,0.4229725944158738,506.1822353036574,1319,1319,2638,0.3837621192597857,584,0.584,2.5,0.3580516166852149,549.0057310220599
nag,50,1.1436259080298246,0.9751632598185134,1143.6259080298246,2929,2929,5858,0.390449268702569,3064,3.064,2.5,0.8397296275388846,3328.5548925110097
nag,50,0.8027382042838953,0.6602422778527186,802.7382042838954,2089,2089,4178,0.3842691260334587,1495,1.495,2.5,0.462284358499325,1793.488141680538
nag,50,1.7844231854573036,1.4664752187091925,1784.4231854573036,4435,4432,8867,0.402622559895601,6976,6.976,2.5,1.2911643841642175,7591.264908443028
nag,50,0.8414779869835004,0.6754931970182155,841.4779869835004,2027,2026,4053,0.4153395789652025,1508,1.508,2.5,0.5832354910959642,1680.4842484970563
nag,50,0.953148374300179,0.7898454702670483,953.148374300179,2406,2406,4812,0.3961547690358183,2019,2.019,2.5,0.6273185853576647,1711.6123965457134
nag,50,0.6435307688297012,0.545474667161474,643.5307688297012,1666,1664,3330,0.3867372408832338,871,0.871,2.5,0.632393345216437,879.278975914838
nag,50,0.6752178030756784,0.5573793547451865,675.2178030756784,1663,1663,3326,0.4060239345013099,975,0.975,2.5,0.6050104801370955,678.6756660412274
nag,50,0.6644139662512977,0.5567367000950715,664.4139662512977,1660,1660,3320,0.4002493772598178,982,0.982,2.5,0.5481726942032354,915.4885786131588
nag,50,0.8137263393742489,0.7005357572120896,813.7263393742488,1985,1984,3969,0.4101443242813754,1417,1.417,2.5,0.5532393294783366,1386.6309341647066
nag,50,0.8125160081385269,0.6714639661181406,812.5160081385269,2082,2081,4163,0.390444982286654,1541,1.541,2.5,0.5026460609301584,1567.9858615307276
nag,50,1.1410339408725068,0.9351826579120948,1141.0339408725067,2821,2820,5641,0.4046219648484066,2936,2.936,2.5,0.8763353947795984,2986.335394769786
nag,50,0.3100853280453504,0.2643997119397944,310.08532804535037,807,807,1614,0.3842445205022929,198,0.198,2.5,0.2277285367997432,199.4631945219414
nag,50,0.9580181699809688,0.8125200351831484,958.0181699809688,2451,2451,4902,0.390868286405944,2092,2.092,2.5,0.7253112130767242,2261.1936445175365
nag,50,0.4572355503555082,0.4015435134314555,457.2355503555082,1250,1250,2500,0.3657884402844066,500,0.5,2.5,0.3572481315252819,530.8988068458314
nag,50,0.4726602686272593,0.4000050655654346,472.66026862725937,1185,1184,2369,0.3992063079622123,432,0.432,2.5,0.4796053120378385,431.95783620857776
nag,50,0.666385752071619,0.5234699174927353,666.385752071619,1668,1668,3336,0.3995118417695557,899,0.899,2.5,0.5907833567597347,778.2828528620275
nag,50,0.6765379233355977,0.5529788642002016,676.5379233355977,1706,1706,3412,0.3965638472072671,961,0.961,2.5,0.58303412668544,1012.4714340853592
nag,50,0.968857158869722,0.7914200712436934,968.857158869722,2468,2468,4936,0.3925677304982666,2024,2.024,2.5,0.7403096416438564,1895.8199915152632
nag,50,1.6384348511668545,1.3559714791709971,1638.4348511668543,3992,3990,7982,0.4106353010443244,6059,6.059,2.5,1.0332481469604533,5099.484656028661
nag,50,0.5006054289110441,0.4160495432249081,500.6054289110441,1213,1213,2426,0.412700271155024,512,0.512,2.5,0.4080449038042976,606.4540210830871
nag,50,1.0092871001118937,0.8130506477104888,1009.2871001118934,2493,2492,4985,0.405010874844259,2343,2.343,2.5,0.5841784290423755,2112.737523286824
nag,50,0.8284082266405279,0.6666247891648897,828.4082266405279,2106,2105,4211,0.3935431005418185,1542,1.542,2.5,0.7363943576573403,1491.350163398906
nag,50,1.165920716901031,0.9769414483442944,1165.920716901031,2854,2854,5708,0.4085216247025336,3020,3.02,2.5,1.1061462910384223,2873.476532013831
nag,50,1.1206470353910245,0.9324751971942116,1120.6470353910242,2812,2810,5622,0.3988067741605068,2681,2.681,2.5,0.7648972056909745,2491.092110668743
nag,50,1.1218563092834044,0.966064918836441,1121.8563092834045,2855,2855,5710,0.3929444165616128,2857,2.857,2.5,0.9745578036906696,2865.22582117393
nag,50,0.8288689700790587,0.6798892637190743,828.8689700790587,2099,2099,4198,0.3948875512525291,1483,1.483,2.5,0.7015409228585662,1677.024102952803
nag,50,0.3445461898794456,0.2780257833193167,344.5461898794456,844,844,1688,0.4082300827955517,234,0.234,2.5,0.3012340394634159,136.14715137537854
nag,50,1.1246871131020262,0.9783679350153826,1124.6871131020262,2844,2843,5687,0.3955987031663827,2664,2.664,2.5,0.7087817290059376,2736.0854657239033
nag,50,0.3370340646648663,0.2738816033298433,337.0340646648663,813,813,1626,0.4145560450982365,196,0.196,2.5,0.2010000183747566,207.58185999351693
nag,50,0.816918518250294,0.6542856164626342,816.918518250294,2058,2057,4115,0.397140747812491,1499,1.499,2.5,0.7305386132039695,1371.299907637795
nag,50,0.8247042864351484,0.6694549186356546,824.7042864351483,2049,2048,4097,0.4026876398609122,1439,1.439,2.5,0.6004001461132165,1664.2507560659456
nag,50,0.1699388218502072,0.1410596186783707,169.93882185020723,423,423,846,0.4017466237593551,29,0.029,2.5,0.1262846820723445,29.198833705802667
nag,50,0.8301255194322191,0.6783703804364039,830.1255194322191,2059,2056,4115,0.4037575483619742,1543,1.543,2.5,0.6545751629802341,1530.974492012985
nag,50,0.5277363698818406,0.4154737310566405,527.7363698818406,1251,1251,2502,0.4218516146137814,521,0.521,2.5,0.440006870000159,476.4065153744637
nag,50,0.9935189087712298,0.7866414711272487,993.5189087712298,2489,2489,4978,0.3991638846007351,2329,2.329,2.5,0.5671371745254876,2315.142315907615
nag,50,0.8279264124458336,0.6567948596501851,827.9264124458336,2075,2074,4149,0.3991930628957732,1450,1.45,2.5,0.6896873787189415,1321.8196534815131
nag,50,0.3323675650569285,0.2793318786062583,332.36756505692847,806,806,1612,0.4123667060259658,195,0.195,2.5,0.3180877191434587,203.3356932554659
nag,50,0.8259141548017047,0.6695356596576091,825.9141548017047,2073,2073,4146,0.3984149323693703,1418,1.418,2.5,0.5153120161843711,1276.1247427212538
nag,50,0.3282824606488472,0.270603879430916,328.2824606488472,838,838,1676,0.391745179771894,243,0.243,2.5,0.3072026873964909,330.576360109919
nag,50,1.3287386697206442,1.069569350995215,1328.7386697206443,3227,3226,6453,0.4118842745569263,3863,3.863,2.5,1.163092481892907,3291.781216013647
nag,50,1.29134455881258,1.0491157201065735,1291.34455881258,3195,3193,6388,0.404429864958528,3742,3.742,2.5,0.9955738969122052,3772.0155278992297
nag,50,0.9793182659079204,0.8048126045769837,979.3182659079202,2461,2459,4920,0.3982587498608866,2200,2.2,2.5,0.867304429138599,2614.343372263745
nag,50,0.6272202435855206,0.5074611233347368,627.2202435855206,1577,1577,3154,0.3977300212970961,827,0.827,2.5,0.3799749728804101,947.3634808632926
nag,50,1.4568478044869433,1.1601151629259294,1456.8478044869432,3638,3635,7273,0.4007834400239183,5100,5.1,2.5,1.079480297548406,4397.47949531269
nag,50,0.6492736127943983,0.5215309860578881,649.2736127943983,1647,1645,3292,0.3946952053461388,1019,1.019,2.5,0.5462685111608386,999.3438167297916
nag,50,0.9854755654315908,0.8137812559954855,985.4755654315908,2483,2483,4966,0.3968890718612931,2309,2.309,2.5,0.6398725694369387,2474.5053145984725
nag,50,0.986705348967324,0.814311210429765,986.705348967324,2458,2456,4914,0.401752992250539,1963,1.963,2.5,0.9086488952496358,2031.08805968009
nag,50,1.4514425804694275,1.2225451789193729,1451.4425804694276,3726,3725,7451,0.3896490148911215,4899,4.899,2.5,0.8344568664586064,5307.564741517672
nag,50,0.4957859894114635,0.4053473628568166,495.7859894114635,1280,1279,2559,0.3876356445750301,475,0.475,2.5,0.4314305574448145,466.929570041736
nag,50,0.5089563928026432,0.4121816721564074,508.9563928026431,1283,1282,2565,0.39700186646072,506,0.506,2.5,0.4429367090477716,631.9784334738442
nag,50,1.7871688147058662,1.4704516666682923,1787.1688147058662,4438,4436,8874,0.4028784523683197,6994,6.994,2.5,1.3983787730355548,6500.450644927546
nag,50,0.6497102128230461,0.5722168742053543,649.710212823046,1653,1652,3305,0.393287053766977,1037,1.037,2.5,0.5418033287864473,812.5248665974258
nag,50,0.6565557347915405,0.5509511480618002,656.5557347915405,1658,1657,3315,0.3962315840624867,945,0.945,2.5,0.609160994250724,1322.508658964879
nag,50,0.6730699133888863,0.5432517344516833,673.0699133888863,1628,1626,3254,0.4139421361555266,940,0.94,2.5,0.5967733163035902,1202.2421050959138
nag,50,0.6405081069415397,0.5296733214077131,640.5081069415397,1641,1640,3281,0.3905537237448413,945,0.945,2.5,0.4155895368531882,849.5768764878153
nag,50,1.1290104120606947,0.9279261499590206,1129.0104120606948,2906,2903,5809,0.3889116128352376,2850,2.85,2.5,0.8419379437344059,2894.8374748317437
nag,50,1.49221531295065,1.2577724644316852,1492.2153129506498,3666,3665,7331,0.4071528821147748,5035,5.035,2.5,0.6150222949471388,6211.694118583068
nag,50,0.8109296368607681,0.6530847427845128,810.9296368607681,2088,2086,4174,0.3887486274500327,1456,1.456,2.5,0.5000001873572318,1565.8177989134217
nag,50,0.8111831164829395,0.6959774197809673,811.1831164829395,1999,1999,3998,0.4057944554692043,1546,1.546,2.5,0.7273546909515275,1181.918656278547
nag,50,1.48601195459996,1.2811580461028218,1486.0119545999598,3616,3613,7229,0.4112958634375754,4842,4.842,2.5,1.2854959787623483,5661.170537272577
nag,50,0.8028439399995295,0.6457282013026013,802.8439399995295,2123,2122,4245,0.3783430442976105,1398,1.398,2.5,0.5569957500797501,1332.066657168953
nag,50,0.5405113849586776,0.4246479064635597,540.5113849586776,1288,1288,2576,0.4196516963964888,507,0.507,2.5,0.5370144841769755,479.25867695102227
nag,50,0.8403385532054851,0.6718005265054566,840.3385532054851,2083,2083,4166,0.4034270538672516,1567,1.567,2.5,0.5335124564506575,1533.0475831933493
nag,50,0.6610453023327315,0.5338166448159088,661.0453023327315,1663,1662,3325,0.3977408557958673,981,0.981,2.5,0.4849188741891516,986.7859665739578
nag,50,1.0094940733252975,0.8197027862701755,1009.4940733252978,2459,2457,4916,0.4108644987078949,2140,2.14,2.5,1.0283106140145084,1979.2828812146213
nag,50,1.0091861409941605,0.8175090578225463,1009.1861409941604,2499,2498,4997,0.4039976545212812,2241,2.241,2.5,0.7889437254071823,2278.237845030758
nag,50,1.7729269184651966,1.4424198397947394,1772.9269184651966,4469,4467,8936,0.3968943179908656,7459,7.459,2.5,1.4126330879309117,5616.2403044716575
nag,50,1.1081751997270024,0.9238279214375305,1108.1751997270023,2839,2835,5674,0.3908907230077609,2870,2.87,2.5,0.6931113951199531,3160.771179484088
nag,50,0.3403482836927188,0.2846329772231252,340.34828369271884,898,897,1795,0.3794295247410466,249,0.249,2.5,0.2432079335060083,197.61037782111651
nag,50,0.8363214426902282,0.6888842842231281,836.3214426902282,2047,2047,4094,0.4085595714168188,1427,1.427,2.5,0.6302545808067893,2011.8241664783911
nag,50,1.2597096949586362,1.0180256867984647,1259.7096949586362,3215,3215,6430,0.3918226111846458,3627,3.627,2.5,1.047934518487478,3691.07403938698
nag,50,0.6602517639544585,0.5188531687624579,660.2517639544585,1605,1605,3210,0.4113718155479492,895,0.895,2.5,0.6221637113239104,771.9389164167092
nag,50,1.1226132566877565,0.930610752562634,1122.6132566877566,2780,2780,5560,0.4038177182330059,2670,2.67,2.5,0.915049299291325,2913.2093492288714
nag,50,0.17077770953855,0.1416126834633166,170.77770953855,434,434,868,0.3934970265865207,34,0.034,2.5,0.1536367802584668,30.247063528397454
nag,50,0.8487980429863016,0.6939743867169398,848.7980429863015,2085,2084,4169,0.4072927269607972,1550,1.55,2.5,0.6002363508660068,1661.7026423066325
nag,50,1.331703885631802,1.1064153061758195,1331.703885631802,3346,3343,6689,0.3983559334824415,3981,3.981,2.5,0.992253889264169,3859.8586776566262
nag,50,1.0068615036204898,0.8392772910762147,1006.8615036204895,2564,2564,5128,0.3926916940797542,2458,2.458,2.5,1.0189718518437971,1730.5312860268257
nag,50,0.8092004396860859,0.6800056438864656,809.2004396860859,2114,2113,4227,0.3829628204856062,1543,1.543,2.5,0.8251108868046589,1521.454544363664
nag,50,0.9951680647365738,0.79799385288229,995.1680647365738,2490,2490,4980,0.3996658894524392,2367,2.367,2.5,0.8744781559728374,2721.353206754996
nag,50,1.1793359187194774,0.9979677244437464,1179.3359187194774,2857,2855,5712,0.413077379586507,3149,3.149,2.5,1.4115674983336188,2695.3125008975094
nag,50,1.5943643165137131,1.288182836302205,1594.3643165137132,4049,4048,8097,0.3938647026960754,5686,5.686,2.5,1.146806441971494,4844.405973187081
nag,50,0.99119307795872,0.8212031228817277,991.19307795872,2512,2512,5024,0.394583231671465,2230,2.23,2.5,0.545890572629348,2429.2512927031976
nag,50,0.9739082564165964,0.8170415318975627,973.9082564165964,2418,2417,4835,0.4029409418355797,2084,2.084,2.5,0.8972562196188508,1364.9338506086835
nag,50,0.8211342947984592,0.6819619353969705,821.1342947984592,1994,1994,3988,0.4118025550644228,1410,1.41,2.5,0.6750444432183562,1146.7413242535483
nag,50,0.5020945777565656,0.4263005193572352,502.0945777565656,1230,1228,2458,0.4088718059906886,551,0.551,2.5,0.382573226228395,636.7184676045354
nag,50,0.7102498487338543,0.580396714705073,710.2498487338544,1716,1715,3431,0.4141398534891279,1065,1.065,2.5,0.5529125786016253,1034.423033294078
nag,50,0.4900839976470427,0.4047368242715125,490.08399764704274,1224,1222,2446,0.401050734572048,516,0.516,2.5,0.4452542063594807,524.9500624380595
nag,50,0.9639525087922312,0.7866008829010511,963.9525087922312,2472,2472,4944,0.3899484258868249,2134,2.134,2.5,0.5898489430185503,1691.5175823105744
nag,50,0.9920286427147588,0.8260864660241186,992.0286427147588,2487,2487,4974,0.398885662531065,2375,2.375,2.5,0.8809581187078093,1725.5616121495714
nag,50,1.2939276295557682,1.0577925438171485,1293.927629555768,3235,3232,6467,0.4003488952833441,3779,3.779,2.5,1.1524342031694323,3728.1847370441938
nag,50,0.997661468062112,0.8266041608545299,997.661468062112,2425,2425,4850,0.4114067909534482,2112,2.112,2.5,0.9740574458252548,2409.8991368154066
nag,50,0.4968762888203603,0.4154766022749897,496.8762888203603,1246,1246,2492,0.3987771178333549,479,0.479,2.5,0.4062750135987617,503.20248457802495
nag,50,0.8392293256237358,0.687231647454031,839.2293256237358,2090,2090,4180,0.4015451318773855,1583,1.583,2.5,0.623070564608508,1604.7859979465156
nag,50,0.4881567139943853,0.4055016684443279,488.1567139943853,1257,1257,2514,0.3883506077918737,495,0.495,2.5,0.42814445249513,555.6710078665941
nag,50,0.96015297043844,0.7848896811958812,960.15297043844,2449,2448,4897,0.3922193506692973,2005,2.005,2.5,0.7455668281976833,1770.4726797899227
nag,50,1.002802891319941,0.8281494867816189,1002.802891319941,2492,2492,4984,0.4024088648956424,2321,2.321,2.5,0.8805548442220543,2096.903349117407
nag,50,0.6747951389784371,0.5487094729839007,674.7951389784371,1723,1723,3446,0.3916396627849315,968,0.968,2.5,0.6749825115562722,751.8325604517428
nag,50,0.7057692656857885,0.5833605557239121,705.7692656857885,1665,1665,3330,0.4238854448563294,1035,1.035,2.5,0.6133312607290763,1132.9474700862938
nag,50,0.3514809875698938,0.2838455760619386,351.48098756989384,876,876,1752,0.4012340040752213,230,0.23,2.5,0.3733872985173951,211.2295270200081
nag,50,0.665682640930057,0.5459667622034854,665.682640930057,1693,1693,3386,0.3931970708387814,987,0.987,2.5,0.6879597077375974,976.6040616894184
nag,50,0.9683799113449264,0.7865395325435052,968.3799113449264,2363,2363,4726,0.4098095265953984,2022,2.022,2.5,0.7752811304088035,1720.627376057918
nag,50,0.822028596414517,0.6444751064827833,822.028596414517,1990,1987,3977,0.4137033701129929,1395,1.395,2.5,0.579309602308265,1593.1724663726982
nag,50,0.6614389448924906,0.5682017120885627,661.4389448924906,1606,1605,3211,0.4121114921448539,924,0.924,2.5,0.5273453078879892,928.4910185357204
nag,50,0.8096483719228481,0.6728968385616738,809.6483719228481,2013,2013,4026,0.4022098221176592,1368,1.368,2.5,0.5626085807831659,1022.6558175965816
nag,50,0.6549353417350626,0.5345150886278687,654.9353417350626,1636,1634,3270,0.4008172226040775,861,0.861,2.5,0.3925467858763229,758.5814494312423
nag,50,1.8042524646883664,1.4808594068575711,1804.252464688367,4400,4399,8799,0.410150594382443,7280,7.28,2.5,1.6670511747343095,7754.289159059938
nag,50,0.8289595868180776,0.717198624734828,828.9595868180776,2062,2062,4124,0.4020172583986797,1480,1.48,2.5,0.6606611540562423,1365.9707837133824
nag,50,0.8469842139547158,0.7178248346529781,846.9842139547158,2082,2082,4164,0.4068127828793063,1544,1.544,2.5,0.5318177565577795,1628.0107191860643
nag,50,1.2689934689614597,1.037255551460929,1268.9934689614597,3206,3206,6412,0.3958182997384465,3753,3.753,2.5,0.9787381908671534,3713.035549693953
nag,50,0.6694492234089139,0.5395690445192977,669.4492234089139,1647,1646,3293,0.4067127724233985,895,0.895,2.5,0.6567877137013524,836.0871604278489
nag,50,0.8494193676738921,0.7344480202393222,849.4193676738921,2050,2050,4100,0.4143509110604352,1600,1.6,2.5,0.6860541952618742,1645.0855957521103
nag,50,1.2991432744763796,1.1034263598021483,1299.1432744763797,3189,3187,6376,0.4076383038833949,3778,3.778,2.5,1.0242274480522373,3926.20832830339
nag,50,0.8492722541583043,0.6910930602747023,849.2722541583043,2100,2100,4200,0.4044153591230021,1597,1.597,2.5,0.7750783377701964,1654.1166678983388
nag,50,0.6807899418628277,0.5731506755059538,680.7899418628277,1635,1634,3269,0.4166401112991602,950,0.95,2.5,0.5688169733129068,1058.882253190955
nag,50,0.6791293433790238,0.5597763719181506,679.1293433790238,1617,1616,3233,0.4202533065464256,955,0.955,2.5,0.5118649576136278,987.2094202311364
nag,50,0.9831416394961308,0.7761470524406147,983.1416394961308,2449,2449,4898,0.4014461574096084,2189,2.189,2.5,0.5126800424307164,2330.632055456393
nag,50,0.3236153327610359,0.2690322549283169,323.61533276103586,831,830,1661,0.3898979912783564,216,0.216,2.5,0.2692434117497332,219.77138138326447
nag,50,0.8535608250353676,0.6899465247698899,853.5608250353675,2054,2053,4107,0.4157627009427022,1540,1.54,2.5,0.6612464395248315,1647.0383183625213
nag,50,0.5031698947147878,0.4204535966579414,503.1698947147878,1256,1256,2512,0.4006129734990348,523,0.523,2.5,0.5535636019602789,345.294237349388
nag,50,1.02351987547306,0.8041854152024839,1023.51987547306,2457,2457,4914,0.4165730058905412,2300,2.3,2.5,0.8847584882098074,2255.04565685707
nag,50,0.3305805652644443,0.2736383087369952,330.5805652644444,807,807,1614,0.4096413448134379,199,0.199,2.5,0.2910909347006244,217.1323052183254
nag,50,0.7967964102958874,0.6559546620036217,796.7964102958874,2018,2018,4036,0.3948446037145131,1350,1.35,2.5,0.7599457479018865,1426.4530141586736
nag,50,0.3314061229479944,0.2723794303966338,331.4061229479944,874,874,1748,0.3791832070343185,227,0.227,2.5,0.2756913416222158,216.20283780884603
nag,50,1.17010328857351,0.965728231207484,1170.10328857351,2925,2924,5849,0.4001721233151538,3072,3.072,2.5,1.1368167504574045,3099.9118841518957
nag,50,1.7180380055471782,1.4085515441433067,1718.0380055471785,4414,4412,8826,0.3894011798611012,6974,6.974,2.5,1.422977627600756,7104.350507201972
nag,50,0.8119076402796349,0.6747221671657877,811.907640279635,2057,2055,4112,0.3950888760484841,1560,1.56,2.5,0.6091700326298523,1647.5174843755856
nag,50,1.1708812407405766,0.9469744046138948,1170.881240740577,2900,2900,5800,0.4037521519795092,3130,3.13,2.5,1.038013914663371,2771.2720498850636
nag,50,1.146408944635682,0.962451223208259,1146.408944635682,2860,2860,5720,0.4008422883341545,2967,2.967,2.5,0.8987227192365139,2381.084848782372
nag,50,0.1769286675498503,0.1456249141488849,176.92866754985036,407,407,814,0.4347141708841532,48,0.048,2.5,0.1476844601551752,36.75347166381728
nag,50,0.6952761451793252,0.5741459058812797,695.2761451793252,1683,1683,3366,0.413117139143984,971,0.971,2.5,0.5045764142672403,942.7919252896978
nag,50,0.5077824002163295,0.4207241178684331,507.7824002163295,1225,1224,2449,0.4148549021375241,557,0.557,2.5,0.3846370784911074,488.90267130168223
nag,50,0.1579391842358261,0.1329943983187479,157.93918423582616,392,392,784,0.4029060822342504,28,0.028,2.5,0.1319142020637659,23.026414001591085
nag,50,0.657960208142285,0.5715015538678364,657.960208142285,1576,1575,3151,0.4177525131062127,846,0.846,2.5,0.4775092254349712,880.3958085583669
nag,50,0.9956802946525776,0.8604902478891744,995.6802946525776,2420,2418,4838,0.4117784510556565,2032,2.032,2.5,1.01804161374377,2152.9283433030723
nag,50,0.6443355066526939,0.529481786060426,644.3355066526939,1607,1607,3214,0.4009555112960136,762,0.762,2.5,0.4827201760289754,863.7916084033828
nag,50,0.6442303824263585,0.5465326405171358,644.2303824263586,1611,1611,3222,0.3998947128655236,923,0.923,2.5,0.6751694649512755,766.7749627223308
nag,50,1.1340651801696395,0.9285443804428858,1134.0651801696397,2779,2778,5557,0.4082308063965584,2890,2.89,2.5,0.888777475039531,2608.9260609758685
nag,50,0.812925462143731,0.701704640517435,812.925462143731,2070,2070,4140,0.3927176145621889,1618,1.618,2.5,0.5898977185860216,1687.968297588774
nag,50,0.8530764800071269,0.7085032401363122,853.0764800071269,2106,2105,4211,0.4052619857516042,1632,1.632,2.5,0.785602541849045,1224.494123519739
nag,50,1.1742540024107595,0.9866623573026554,1174.2540024107598,2806,2804,5610,0.4187781748968472,2834,2.834,2.5,0.9694852389954364,3233.9360482154448
nag,50,0.828495848459017,0.7007962407288073,828.495848459017,2069,2068,4137,0.4006266191774744,1478,1.478,2.5,0.5916272082742301,1272.760097915401
nag,50,0.9384425517950524,0.773025815623825,938.4425517950524,2397,2397,4794,0.3915071138068637,2058,2.058,2.5,0.7284562058515445,2126.3645395235953
nag,50,0.4694026528538833,0.3947182021624545,469.40265285388335,1209,1209,2418,0.388256950251351,477,0.477,2.5,0.4045949279620078,333.1807474971464
nag,50,0.96164436687752,0.7860100676726436,961.6443668775198,2431,2430,4861,0.3957384225833414,2036,2.036,2.5,0.7761011006804938,1914.49807443788
nag,50,0.1657597946754539,0.1382834851446052,165.7597946754539,423,423,846,0.391867126892326,48,0.048,2.5,0.1194757079049212,62.28663198618021
nag,50,0.177834190880072,0.1462091914341021,177.834190880072,429,429,858,0.4145319134733613,31,0.031,2.5,0.1510172435605667,37.19822165031608
nag,50,1.306168954590385,1.0210702357268038,1306.168954590385,3314,3313,6627,0.3942556458165968,4014,4.014,2.5,1.1889197167110033,4001.3197346369298
nag,50,1.740434523250567,1.422406788936126,1740.4345232505668,4377,4375,8752,0.3978136053144153,6927,6.927,2.5,1.1196837316900274,6894.11431738147
nag,50,0.5116702776659141,0.4193213099836967,511.6702776659141,1266,1266,2532,0.4041629365449558,573,0.573,2.5,0.3798830490693705,532.6434967326537
nag,50,0.9791716896416324,0.8091598446150878,979.1716896416324,2455,2454,4909,0.3990104684766227,2068,2.068,2.5,0.9690105572294748,2410.361156802535
nag,50,0.6386943893919725,0.5310553220736454,638.6943893919725,1568,1567,3135,0.40759054843138,893,0.893,2.5,0.5338047690916653,910.789724648163
nag,50,1.176238307148999,0.9552715115449404,1176.238307148999,2838,2836,5674,0.4147525765687584,2853,2.853,2.5,0.8804854137905491,3069.7388936220555
nag,50,0.9864417853419464,0.8043345459037777,986.4417853419465,2435,2435,4870,0.4051095627687665,2198,2.198,2.5,0.581826591888254,2098.574435199779
nag,50,1.4496751180163432,1.1692408712329954,1449.6751180163433,3718,3717,7435,0.3900121382879589,4832,4.832,2.5,1.229510110125562,5384.33504538624
nag,50,0.5087251408091874,0.4187986714918433,508.72514080918745,1268,1268,2536,0.4012027924362677,534,0.534,2.5,0.4941361206636234,469.70849788177566
nag,50,0.6664685928199838,0.5289568554076861,666.4685928199839,1628,1627,3255,0.4096303582175684,883,0.883,2.5,0.4053436765582301,745.2013702362997
nag,50,0.511356868786318,0.4132170801563211,511.356868786318,1239,1239,2478,0.4127174082214027,561,0.561,2.5,0.3753484588587532,720.560018870147
nag,50,0.1454105396496316,0.1242663146084345,145.41053964963166,422,422,844,0.3445747385062361,35,0.035,2.5,0.097456604974176,35.62407891879721
nag,50,0.8133752675773068,0.6844118339635393,813.3752675773068,2032,2032,4064,0.4002831041226903,1454,1.454,2.5,0.6202007317554199,1301.835025206476
nag,50,0.8020571641084066,0.6629429572184883,802.0571641084066,2041,2041,4082,0.3929726428752604,1379,1.379,2.5,0.6181623860135669,1433.0967818348554
nag,50,0.530526292362736,0.4173088337171567,530.526292362736,1312,1311,2623,0.4046729918861448,537,0.537,2.5,0.4144088461824365,550.0605886708152
nag,50,1.126334768575434,0.9525298521477232,1126.3347685754338,2881,2880,5761,0.3910884613109145,2901,2.901,2.5,1.023704651588178,2423.977223007338
nag,50,0.6728987938058192,0.5396785772842745,672.8987938058192,1647,1645,3292,0.4090570175111362,974,0.974,2.5,0.5748747313061716,916.3916337713276
nag,50,1.319218283329484,1.1114873708456183,1319.2182833294842,3296,3294,6590,0.4004912821279551,3898,3.898,2.5,1.1213371790192728,4387.530085868686
nag,50,1.4355189884170836,1.1656399705996574,1435.5189884170836,3689,3688,7377,0.3892405066206842,4644,4.644,2.5,1.0654052121553348,4621.114020545207
nag,50,0.4878064519692649,0.3908089011477101,487.8064519692649,1222,1222,2444,0.399186949238351,503,0.503,2.5,0.3543221036255599,471.50306600865474
nag,50,0.8254022867288812,0.6892445579336655,825.4022867288811,2021,2021,4042,0.408412808871292,1490,1.49,2.5,0.6717892321776091,1617.172897620138
nag,50,0.6707769816468885,0.5580703224615061,670.7769816468884,1642,1641,3283,0.4087611100834177,900,0.9,2.5,0.5893786375958673,985.4759521034774
nag,50,0.4666947768065992,0.389163323257026,466.6947768065992,1262,1261,2523,0.3700989506793015,491,0.491,2.5,0.3819974917251828,468.4337808875353
nag,50,0.4909957172048787,0.4173250989620973,490.9957172048787,1245,1245,2490,0.3943740700440792,481,0.481,2.5,0.3225601078174333,613.9580020025466
nag,50,0.832897066279497,0.6987691999283331,832.897066279497,2056,2055,4111,0.4053027086518234,1532,1.532,2.5,0.5869810964464415,1742.9532836837443
nag,50,0.8122616206633892,0.6763504944094509,812.2616206633893,2032,2031,4063,0.3999318664024566,1475,1.475,2.5,0.7951190578818531,1786.2252281570586
nag,50,0.9663931474012868,0.8044409627414616,966.3931474012868,2511,2510,5021,0.3850171901997158,2160,2.16,2.5,0.649999048022082,1794.2518318066282
nag,50,0.1663735438983013,0.1386933877890213,166.3735438983013,415,414,829,0.4018684635224669,39,0.039,2.5,0.1230253529558193,40.5797726734484
nag,50,0.9573081351069698,0.7909303057702805,957.3081351069698,2400,2400,4800,0.398878389627904,2112,2.112,2.5,0.9133576870019194,2266.835329177402
nag,50,1.3430587350200711,1.082497499059974,1343.0587350200713,3277,3275,6552,0.4100942702351363,3957,3.957,2.5,0.9556893390379662,4183.497369942168
nag,50,0.8076212698508414,0.6871969497634558,807.6212698508414,2038,2038,4076,0.3962812904076748,1394,1.394,2.5,0.6321746965852282,1567.7631130276511
nag,50,0.6983025946096177,0.5778642006051642,698.3025946096177,1703,1700,3403,0.4107662321233045,1012,1.012,2.5,0.5472218218564515,928.8353384936644
nag,50,0.8205567727434172,0.6778219145465874,820.5567727434172,2065,2065,4130,0.3973640545972965,1535,1.535,2.5,0.783300443576008,1616.971031835412
nag,50,1.2754011463473531,1.0138243679473482,1275.4011463473532,3238,3237,6475,0.3940071505552527,3683,3.683,2.5,0.916069363489763,3497.004281077528
nag,50,0.8052026509125811,0.6655185126523455,805.2026509125811,2086,2086,4172,0.3860031883569421,1550,1.55,2.5,0.6212672622336469,1474.3137151904534
nag,50,0.8298293201334436,0.6890262786679074,829.8293201334436,2097,2097,4194,0.3957221364489478,1616,1.616,2.5,0.7026590540485743,1917.7287380451348
nag,50,1.485823888498894,1.24930629816311,1485.823888498894,3717,3716,7433,0.3998449646121889,5094,5.094,2.5,1.5260862782655984,4080.678176695827
nag,50,1.6578811121080768,1.4309712515378596,1657.8811121080766,4115,4114,8229,0.4029851998318125,6363,6.363,2.5,1.470002711108789,7489.153039153258
nag,50,0.6461138095162793,0.5543533295366165,646.1138095162793,1633,1633,3266,0.3956606304447515,982,0.982,2.5,0.5661917291553221,835.8041281848076
nag,50,0.6379187963792479,0.5426437549205618,637.9187963792479,1658,1656,3314,0.3852166644802221,926,0.926,2.5,0.471456694396711,959.1127299911076
nag,50,0.326485949144072,0.2688874931589262,326.48594914407204,845,845,1690,0.3863739043125113,199,0.199,2.5,0.2261341628450018,250.72546590598608
nag,50,0.6855991700030903,0.564650056750884,685.5991700030903,1681,1681,3362,0.4078519750167105,982,0.982,2.5,0.4802098987317217,963.2960021436388
nag,50,0.8222779412572911,0.6620664950817179,822.2779412572911,2043,2043,4086,0.4024855316971567,1472,1.472,2.5,0.6834815026588312,1720.1395989054436
nag,50,0.5071743814337023,0.4312098459753995,507.17438143370225,1268,1268,2536,0.3999797960833613,545,0.545,2.5,0.4361231511020724,535.8453401258904
nag,50,0.8483139143093293,0.6839993632837693,848.3139143093293,2020,2020,4040,0.4199573833214501,1560,1.56,2.5,0.6589176262527825,1787.6096896844565
nag,50,0.6496976474853927,0.5259886976735534,649.6976474853927,1642,1641,3283,0.3959156901190693,818,0.818,2.5,0.4346044215600431,878.261560135957
nag,50,0.8257933694791941,0.6775191557957588,825.7933694791941,2024,2024,4048,0.4080006766201552,1456,1.456,2.5,0.6499254120688709,1479.3894464690438
nag,50,1.1779432537281538,0.9437320421178628,1177.943253728154,2913,2912,5825,0.4045134799890638,3032,3.032,2.5,0.9958776376880084,3051.032677529432
nag,50,1.428524371321077,1.1459796058914928,1428.5243713210766,3622,3619,7241,0.3947290332470507,4603,4.603,2.5,1.0619167187759937,4435.725082130137
nag,50,0.8134181801626458,0.7045510453101711,813.4181801626457,2025,2025,4050,0.4016879902037756,1450,1.45,2.5,0.6928758269680024,1353.6793057096402
nag,50,0.1502013628706639,0.1276409134624591,150.20136287066396,422,422,844,0.3559274001674501,38,0.038,2.5,0.1394399634216874,35.575734706244845
nag,50,0.635522435918832,0.5217200051470882,635.522435918832,1631,1631,3262,0.389652014665133,899,0.899,2.5,0.5945408645818633,753.3076452331449
nag,50,0.4795290507390078,0.4035489918793338,479.52905073900786,1227,1226,2453,0.3911329940774942,473,0.473,2.5,0.3112594044687523,380.5379401236491
nag,50,0.8279958681857554,0.6901407831232794,827.9958681857554,2132,2130,4262,0.388730454547303,1654,1.654,2.5,0.7993314851074655,1858.6967886543189
nag,50,0.6698870007813567,0.5455728315540675,669.8870007813566,1669,1669,3338,0.4013702820739105,903,0.903,2.5,0.5934320197637035,884.8680032298545
nag,50,0.9541159977462268,0.822342520325313,954.1159977462268,2370,2369,4739,0.4027505266974364,2015,2.015,2.5,0.9605917027660872,1333.308616714754
nag,50,1.0117832033807697,0.8163891595730627,1011.7832033807696,2439,2437,4876,0.4151757092247721,2315,2.315,2.5,1.0131676331929944,3149.9486534569373
nag,50,0.8114417546939942,0.6636060523106475,811.4417546939942,2057,2057,4114,0.3944782472989763,1384,1.384,2.5,0.7052884288584533,1517.1103617853985
nag,50,0.827535120446216,0.6950522075185885,827.5351204462161,2082,2081,4163,0.3976622395224488,1507,1.507,2.5,0.9564043335541148,1078.5884111255857
nag,50,0.3468683627572354,0.2898611868142491,346.86836275723545,846,844,1690,0.4109814724611794,191,0.191,2.5,0.3042047060880274,199.319243534092
nag,50,0.9898023828435186,0.80658107453606,989.8023828435188,2503,2502,5005,0.395604469561758,2111,2.111,2.5,0.8037255402429295,2521.335608317963
nag,50,0.6174229610865466,0.5218665771421779,617.4229610865466,1621,1621,3242,0.3808901672341435,886,0.886,2.5,0.5296170753531636,833.5171077155821
nag,50,0.3262582990649861,0.274016956051546,326.25829906498615,836,834,1670,0.3911970012769618,178,0.178,2.5,0.2753833170061778,200.36727249847644
nag,50,0.326001626272849,0.2798709967767606,326.0016262728491,788,788,1576,0.413707647554377,197,0.197,2.5,0.2859810248452087,192.2302057681268
nag,50,0.8455515558705922,0.6732051141026334,845.5515558705922,2036,2035,4071,0.415504450059259,1528,1.528,2.5,0.6394882637059994,1640.3163315751992
nag,50,0.6503283296091555,0.5221553276763731,650.3283296091555,1652,1651,3303,0.3938996545179621,864,0.864,2.5,0.5304796990171324,846.5380140127338
nag,50,0.8100481348210722,0.6724353538405587,810.0481348210722,2116,2115,4231,0.3830014821849041,1452,1.452,2.5,0.5929883014595112,1600.3371888004733
nag,50,1.1597673197609308,0.9713482656279852,1159.7673197609308,2871,2871,5742,0.4039593590250542,2928,2.928,2.5,0.8547574634161911,3143.9613700552486
nag,50,1.2947834231112103,1.0512058029901263,1294.7834231112106,3301,3299,6600,0.3924775456535952,3926,3.926,2.5,1.053675744129327,5048.901342700407
nag,50,1.106997642309548,0.9224849002703132,1106.997642309548,2879,2878,5757,0.3846412933667644,2900,2.9,2.5,0.9000431922662779,3835.3283927274415
nag,50,0.8262672240136908,0.6853550942876937,826.2672240136908,2107,2107,4214,0.3921534048475039,1535,1.535,2.5,0.7594846708850576,1641.996205610724
nag,50,0.4819650159783105,0.4044255101185451,481.96501597831053,1218,1218,2436,0.3957019835618313,482,0.482,2.5,0.3748115602070264,384.7942814352943
nag,50,0.6774333183169687,0.5390296478383186,677.4333183169688,1688,1686,3374,0.4017991211844417,994,0.994,2.5,0.6085912443369993,1154.4237666032166
nag,50,0.3363105446123432,0.2681155328218469,336.3105446123432,833,832,1665,0.4042194045821433,190,0.19,2.5,0.2884674420322893,206.86362708490944
nag,50,0.331873163758248,0.2794824299742769,331.873163758248,803,802,1605,0.4138069373544239,201,0.201,2.5,0.3462259633952654,198.01932417206652
nag,50,0.3662103455681564,0.3018801793905213,366.21034556815647,864,864,1728,0.4238545666298107,230,0.23,2.5,0.2915352413367206,217.3609409498225
nag,50,0.804531015961751,0.6798277799502181,804.531015961751,2036,2035,4071,0.395346936590541,1441,1.441,2.5,0.496422855915134,1402.049519278334
nag,50,0.8125759058101694,0.6723457088027629,812.5759058101694,2080,2080,4160,0.390661493177966,1381,1.381,2.5,0.707627830028895,1302.427175321273
nag,50,0.4970477192516426,0.4030287117215582,497.0477192516426,1238,1237,2475,0.4018170729600991,478,0.478,2.5,0.3328882537531094,467.7437129256445
nag,50,1.3503714582129078,1.0982568204877994,1350.3714582129078,3343,3341,6684,0.4041818192795294,4043,4.043,2.5,0.8413581548447936,4115.654450954005
nag,50,0.9987106849127954,0.8459901295822988,998.7106849127954,2457,2454,4911,0.4069725692391179,2102,2.102,2.5,0.7159389789328131,1285.1182499043414
nag,50,0.8330291729640651,0.6974414757382056,833.0291729640651,2063,2063,4126,0.403795042638907,1529,1.529,2.5,0.6213193684939179,1396.7750851566932
nag,50,0.9947800268053764,0.8300162349514328,994.7800268053765,2435,2435,4870,0.4085338919118589,2234,2.234,2.5,0.8246516175450975,2025.694978526656
nag,50,1.2918077967465087,1.09232694766107,1291.8077967465088,3263,3263,6526,0.3958957391193713,4032,4.032,2.5,0.9769280445306158,3560.0138541429646
nag,50,0.8209865303204292,0.6942082431466552,820.9865303204292,1998,1997,3995,0.4111099300552975,1443,1.443,2.5,0.7913879638744827,1575.2329862600443
nag,50,0.510278099175767,0.4266198578418336,510.278099175767,1249,1249,2498,0.4085493187956501,542,0.542,2.5,0.3369251470497321,574.2663812995318
nag,50,0.8182368047046693,0.6831623077457574,818.2368047046693,2080,2078,4158,0.3937616962005146,1360,1.36,2.5,0.7044187893797054,1659.1845924125937
nag,50,1.3362633572225082,1.1236438026910942,1336.263357222508,3255,3253,6508,0.4107787756601623,3984,3.984,2.5,1.017622688563681,4226.626996607564
nag,50,0.9721736473944452,0.7925888287840803,972.1736473944452,2453,2452,4905,0.3964819116616824,2241,2.241,2.5,0.822426811167758,2479.8773441906155
nag,50,1.1383855302179893,0.9339665186564668,1138.3855302179893,2887,2887,5774,0.3943143506123967,2924,2.924,2.5,1.059473247099951,3370.4458846036837
nag,50,0.3491989802304742,0.2871379319726661,349.19898023047426,861,861,1722,0.4055737284906786,258,0.258,2.5,0.2690228254602277,200.4772022937761
nag,50,0.1701795350086144,0.1412184608728662,170.1795350086145,422,421,843,0.4042269240109607,31,0.031,2.5,0.1148243080299609,24.59043172540527
nag,50,0.6698956159464933,0.5459780434969153,669.8956159464933,1677,1675,3352,0.3999376811620855,936,0.936,2.5,0.6882872667807585,1027.621341187603
nag,50,1.2782243980753387,1.077133577520554,1278.2243980753387,3260,3258,6518,0.3923340693908345,3749,3.749,2.5,0.8425192929168019,3403.940851789049
nag,50,0.8413493709867521,0.7157158904808953,841.3493709867521,2101,2099,4200,0.4008334306749652,1675,1.675,2.5,0.7091093290099246,1764.870076083783
nag,50,0.4933027730281938,0.4013760069079296,493.3027730281939,1247,1247,2494,0.3955916383546061,502,0.502,2.5,0.3981669855689688,524.0330611238752
nag,50,0.3089715407673165,0.2614444501085081,308.97154076731647,823,822,1645,0.3758777868215529,211,0.211,2.5,0.2527607061339685,242.9933781511728
nag,50,1.0053467278238173,0.8164211972732561,1005.3467278238172,2582,2578,5160,0.3899715778990757,2220,2.22,2.5,0.9640647684328164,2247.2607142498546
nag,50,0.168072161225512,0.1398239098464974,168.072161225512,388,388,776,0.4331756732616288,50,0.05,2.5,0.1603134775913056,40.70955690149334
nag,50,0.6568434412866905,0.5473018303824124,656.8434412866904,1631,1629,3260,0.4032188098751936,1019,1.019,2.5,0.6489141626889215,853.8317852989808
nag,50,1.440902894988752,1.2076282554612985,1440.9028949887522,3645,3643,7288,0.3955264603318013,4778,4.778,2.5,1.4019590710224683,4034.1535693097862
nag,50,1.1579430882545194,0.960924978352496,1157.9430882545194,2904,2903,5807,0.3988780875833687,3094,3.094,2.5,1.168833229475413,3176.457640182012
nag,50,0.695142020886007,0.5727872382421451,695.142020886007,1702,1701,3403,0.4086666789453304,1017,1.017,2.5,0.7102138203169619,621.6321221388329
nag,50,0.9717438751545272,0.8263761656531715,971.7438751545272,2426,2423,4849,0.4010498865681086,2036,2.036,2.5,0.7602951651488098,1823.5520590035896
nag,50,0.36158234814016,0.2867083057601772,361.58234814016,839,839,1678,0.4309682337784982,215,0.215,2.5,0.3026376022855532,221.95987619718753
nag,50,0.4835215450343245,0.4024992040085831,483.5215450343245,1217,1217,2434,0.3973061175302584,538,0.538,2.5,0.3416045861398087,466.10513097551006
nag,50,0.9917974257895632,0.7844445982051348,991.7974257895634,2489,2487,4976,0.3987926923158678,2080,2.08,2.5,0.6560177961067466,2832.0950199267277
nag,50,0.9870140816436236,0.8026482955943117,987.0140816436236,2510,2507,5017,0.3937032635195945,2078,2.078,2.5,0.929389985359414,2388.177550335689
nag,50,1.0011196762127903,0.8193175663107952,1001.1196762127904,2487,2485,4972,0.4028650608502174,2167,2.167,2.5,0.8258792061404316,2307.7155748076725
nag,50,0.971435468078975,0.8055935880693164,971.435468078975,2515,2513,5028,0.3865640541500099,2301,2.301,2.5,0.8340932379276872,2308.8089232797975
nag,50,0.6793168185565039,0.5516329531982832,679.3168185565039,1686,1685,3371,0.4031553819326433,900,0.9,2.5,0.551205608447714,925.5414790804668
nag,50,0.4950989558338535,0.3983068233810791,495.0989558338535,1229,1227,2456,0.4035036314864331,509,0.509,2.5,0.3207767548425073,533.3804981507521
nag,50,0.6882433345906279,0.560439800831311,688.2433345906279,1657,1657,3314,0.415355060102974,1057,1.057,2.5,0.5267958212212298,1023.6590505093036
nag,50,0.6943094110749981,0.5958604487799788,694.3094110749981,1692,1690,3382,0.4108339710502947,929,0.929,2.5,0.6087429210446128,930.5018423085728
nag,50,0.1811575589974092,0.1483394978155094,181.15755899740924,441,441,882,0.4107881156403837,30,0.03,2.5,0.131681016000981,24.403407375244583
nag,50,0.6571273571428641,0.5352172272308605,657.1273571428641,1660,1660,3320,0.3958598537005205,915,0.915,2.5,0.4672512901875726,864.6051506713685
nag,50,1.0044554455575894,0.8289151682432889,1004.4554455575894,2470,2469,4939,0.4068268309265246,2067,2.067,2.5,0.6272290149522808,1910.0567169033184
nag,50,0.498040990232858,0.4199392665106144,498.040990232858,1228,1227,2455,0.4059013775328916,551,0.551,2.5,0.4510095397360045,528.679399411413
nag,50,0.4859739468054377,0.3915776581121778,485.9739468054378,1241,1241,2482,0.391598667852891,459,0.459,2.5,0.4795243738569378,522.7100002094797
nag,50,1.466037246494697,1.1147520748866129,1466.0372464946968,3606,3604,7210,0.4067805900373742,4863,4.863,2.5,1.1834768276673862,4287.8575788922835
nag,50,0.4916219763074358,0.4168461225401149,491.62197630743583,1254,1254,2508,0.3920430433073651,490,0.49,2.5,0.4412280798276247,545.4020365129519
nag,50,0.3540103688042893,0.2935606450251895,354.0103688042893,824,824,1648,0.429624233985788,222,0.222,2.5,0.3096605001971361,247.31068352113624
nag,50,0.959248975936019,0.7723178207555117,959.248975936019,2424,2423,4847,0.3958930977862233,2015,2.015,2.5,0.7416787081914717,1668.8010851509675
nag,50,0.8331312833649666,0.7132004737196317,833.1312833649665,2097,2097,4194,0.3972967493395167,1526,1.526,2.5,0.7601854719976208,1394.429437962274
nag,50,1.01072530643258,0.7929735952253723,1010.72530643258,2536,2536,5072,0.3985509883409227,2307,2.307,2.5,0.8108684761025966,2782.398069479602
nag,50,0.6409528500393855,0.527041751709128,640.9528500393856,1622,1621,3243,0.3954058297590287,931,0.931,2.5,0.5493371917484733,772.745434535892
nag,50,0.8125506654266215,0.6775358763522401,812.5506654266214,2109,2108,4217,0.3854604674699343,1413,1.413,2.5,0.74378894470544,1203.0264817145724
nag,50,0.3293402162363968,0.2711089186259882,329.3402162363968,833,832,1665,0.3958416060533615,195,0.195,2.5,0.1671205575157981,173.5333110927185
nag,50,0.8279479803841916,0.6746109451932403,827.9479803841916,2075,2074,4149,0.3992034620945958,1561,1.561,2.5,0.5914524609899017,1889.0484780246395
nag,50,0.833178617720072,0.6477368499335467,833.178617720072,2059,2058,4117,0.4048486966569835,1414,1.414,2.5,0.7670627667844971,1449.8683187894103
nag,50,0.8038406621560635,0.6440614338639413,803.8406621560636,2037,2036,4073,0.394813684752487,1356,1.356,2.5,0.6788446711308026,1233.913045665511
nag,50,0.9621657851809988,0.8122264725206103,962.1657851809988,2423,2421,4844,0.397424942247418,2168,2.168,2.5,0.8809914595348696,1861.9300430897747
nag,50,0.6504934806276617,0.5377131625150036,650.4934806276617,1602,1601,3203,0.4063044850891079,912,0.912,2.5,0.4922906133707505,642.6889257341373
nag,50,0.8055474695870994,0.6579198228752425,805.5474695870994,2029,2026,4055,0.397604871464511,1312,1.312,2.5,0.6920512906016708,1427.6967017127008
nag,50,1.1228977398619249,0.9185249175798872,1122.897739861925,2853,2853,5706,0.3935849070669208,2817,2.817,2.5,1.0461820250454497,2832.016397876141
nag,50,0.6724471911709738,0.5236492398452351,672.4471911709738,1640,1640,3280,0.4100287751042523,958,0.958,2.5,0.5716478491200506,1090.167523153954
nag,50,1.14601070866108,0.960219354671843,1146.01070866108,2842,2839,5681,0.4036670336953434,2903,2.903,2.5,0.9353985897814122,3120.188305918614
nag,50,0.5110450351542836,0.4198975368605311,511.0450351542836,1244,1244,2488,0.4108079060725752,550,0.55,2.5,0.3700752275053308,560.1330422458047
nag,50,0.6633713540094768,0.5419553546848239,663.3713540094768,1665,1665,3330,0.3984212336393254,838,0.838,2.5,0.6407633423877277,982.7822944823208
nag,50,0.8028437087320629,0.6596017961380847,802.8437087320629,2080,2078,4158,0.3863540465505596,1424,1.424,2.5,0.7348377535489433,1776.4688304505878
nag,50,0.6771892304704784,0.5374753243343061,677.1892304704784,1684,1684,3368,0.4021313720133482,968,0.968,2.5,0.5779924953850493,1032.7573052430905
nag,50,0.4962922375901996,0.4054990134160767,496.2922375901997,1229,1229,2458,0.4038179313183073,537,0.537,2.5,0.4824153438290336,477.1345552304397
nag,50,1.2838212596502383,1.0444221915396734,1283.8212596502383,3236,3235,6471,0.3968535578516966,3806,3.806,2.5,1.106343900629941,4253.463744650438
nag,50,0.5094160099688434,0.4323573082735354,509.41600996884335,1294,1293,2587,0.3939798994345269,574,0.574,2.5,0.4817936857004993,546.4687234937671
nag,50,0.8240562063907475,0.6642895360495334,824.0562063907475,2065,2063,4128,0.3994455678093783,1543,1.543,2.5,0.5125411081692074,1060.8646011557544
nag,50,0.9460821482155396,0.7963754502268471,946.0821482155396,2415,2413,4828,0.3920771438937173,2031,2.031,2.5,0.936767196852384,2581.820873654136
nag,50,1.0291836735530528,0.8030209659569685,1029.1836735530528,2537,2535,5072,0.4059896148138275,2376,2.376,2.5,0.7086999065724149,2851.3861545983314
nag,50,0.670479807939008,0.5541053229680056,670.479807939008,1669,1668,3337,0.4019663117140336,955,0.955,2.5,0.4806591400205552,1062.066991170136
nag,50,1.33104545873706,1.086577441968654,1331.04545873706,3233,3233,6466,0.4117059878555706,3803,3.803,2.5,1.0034958118752688,4712.052707794385
nag,50,0.6871252999196136,0.5501678971288839,687.1252999196136,1727,1727,3454,0.3978722060912643,945,0.945,2.5,0.6578529114541435,1153.753922460784
nag,50,1.4781414802831725,1.2436169082236783,1478.1414802831723,3716,3714,7430,0.397991782521048,5048,5.048,2.5,1.2749816007093406,5707.59574043865
nag,50,0.4827307341317946,0.4052094707134695,482.73073413179463,1258,1258,2516,0.3837287234751945,517,0.517,2.5,0.385653650618019,428.21791752484904
nag,50,0.9998717591344192,0.8299164531841948,999.8717591344192,2471,2470,4941,0.4048063802163641,2079,2.079,2.5,0.8514014935831509,2102.852916211202
nag,50,1.792030852085886,1.4816686303596514,1792.030852085886,4469,4468,8937,0.4010812112994373,7475,7.475,2.5,1.5585272865575952,6730.3552030963
nag,50,0.670484905865384,0.5568797849935951,670.484905865384,1691,1690,3381,0.3967366306895763,966,0.966,2.5,0.7014335788541821,1002.7761885316454
nag,50,0.4879561876434677,0.4125112661472647,487.9561876434678,1230,1229,2459,0.3970351404747499,444,0.444,2.5,0.2877869748884987,466.0130084950152
nag,50,0.5098978737949728,0.4301196424997513,509.8978737949728,1272,1271,2543,0.4011785002320793,548,0.548,2.5,0.5045519064765598,691.3951485067088
nag,50,1.3239589032148666,1.0909229122909014,1323.9589032148667,3259,3258,6517,0.4063716707227952,3921,3.921,2.5,1.172473607693091,3982.3557018328047
nag,50,0.650172850749611,0.5528765712086346,650.1728507496109,1636,1636,3272,0.3974161679398599,823,0.823,2.5,0.5750611297124304,918.8083794080666
nag,50,0.33001586501026,0.2717498032876854,330.01586501026003,852,851,1703,0.3877977262165217,192,0.192,2.5,0.2994258834092806,178.0169340423521
nag,50,0.1663222601924146,0.1386591659569013,166.32226019241466,424,424,848,0.3922694815858836,33,0.033,2.5,0.1148735530684317,29.40739520253407
nag,50,1.1418881602997726,0.91941413056551,1141.8881602997726,2888,2887,5775,0.3955275927605724,2878,2.878,2.5,0.8288544236516949,3031.423337539951
nag,50,0.4870745669587477,0.4002587261512167,487.0745669587477,1221,1221,2442,0.3989144692536836,468,0.468,2.5,0.4264064019595476,371.6702359845757
nag,50,0.9620937723082756,0.8118895001521317,962.0937723082756,2457,2457,4914,0.3915725569020251,2306,2.306,2.5,0.8315116589206782,2011.3714044203116
nag,50,0.4987543178976464,0.3991437625663953,498.7543178976464,1233,1233,2466,0.4045047184895753,571,0.571,2.5,0.3994895158334111,607.4409094816303
nag,50,0.6516914092364642,0.5473082222967715,651.6914092364642,1651,1650,3301,0.3949644904463419,883,0.883,2.5,0.4209116255280773,803.6881816209732
nag,50,0.3315004101107825,0.2756291594434135,331.5004101107825,822,822,1644,0.4032851704510736,197,0.197,2.5,0.2565276843558674,202.82708977835577
nag,50,0.5094762454307138,0.417491284335194,509.47624543071385,1265,1264,2529,0.4030666498660711,509,0.509,2.5,0.4333431991287876,608.3698762257524
nag,50,0.9695181359822562,0.7998193109880646,969.5181359822562,2485,2484,4969,0.3903052077223253,2155,2.155,2.5,0.8562001338727734,1964.1068967087813
nag,50,0.8277968854832352,0.6782000268195031,827.7968854832352,2023,2022,4045,0.4093950966781579,1445,1.445,2.5,0.6850802274987537,1378.0610307425743
nag,50,1.324260248129883,1.0472312880825216,1324.2602481298832,3369,3369,6738,0.3930722018788611,3923,3.923,2.5,0.9114076202792732,3259.0637129286924
nag,50,0.6654831506568399,0.5614931554427837,665.4831506568399,1711,1711,3422,0.3889439805124722,923,0.923,2.5,0.5346146663079862,758.3583030241011
nag,50,0.6775196689448921,0.5740318066310912,677.5196689448921,1639,1639,3278,0.4133738065557609,907,0.907,2.5,0.5443983221898743,1081.151500219835
nag,50,0.9701999628336256,0.7944965706929792,970.1999628336256,2473,2471,4944,0.3926345458654899,2017,2.017,2.5,0.7576574999255148,2150.1236128540836
nag,50,0.9884390232925468,0.804252090060694,988.4390232925468,2423,2421,4844,0.408277167820135,2139,2.139,2.5,0.6944545979011127,2430.102096702886
nag,50,1.949545780663729,1.5565494898425798,1949.5457806637291,4846,4845,9691,0.4023830300647532,8740,8.74,2.5,1.3949633038103717,8202.595035401755
nag,50,1.128914905449696,0.9112062940212916,1128.914905449696,2885,2885,5770,0.3913049932234648,3221,3.221,2.5,0.7057236264824179,3225.3290000294387
nag,50,0.6604363609175801,0.5389040605719458,660.43636091758,1634,1634,3268,0.4041838194110037,908,0.908,2.5,0.4736232800528774,1125.6219637486345
nag,50,0.6487985769301626,0.5277922252514143,648.7985769301627,1633,1632,3265,0.3975481476287761,960,0.96,2.5,0.4912236335857032,840.1142185440902
nag,50,0.4980086380056017,0.4166610025638935,498.0086380056017,1264,1264,2528,0.3939941756373431,499,0.499,2.5,0.2981117616023819,505.5370147255751
nag,50,0.5024436354189957,0.4038428282171812,502.4436354189957,1239,1238,2477,0.4058510786906266,564,0.564,2.5,0.432443666317671,599.6372323483258
nag,50,0.9780411539309932,0.8029498835946756,978.0411539309932,2472,2471,4943,0.3958078324285686,2088,2.088,2.5,0.5957683286089009,2316.4753380394864
nag,50,1.1211880719880625,0.9799745745468486,1121.1880719880626,2870,2867,5737,0.3910666452696416,3052,3.052,2.5,1.2653825995764707,2896.8087310376227
nag,50,0.6434434546266276,0.5342409473843817,643.4434546266275,1675,1675,3350,0.3841453460457477,958,0.958,2.5,0.4019419125637832,1180.1709234689563
nag,50,0.4989070721282269,0.4168113967416635,498.90707212822696,1246,1246,2492,0.4004069599745,503,0.503,2.5,0.4508148912053817,555.7577611452256
nag,50,1.1422516616235987,0.9409699646378098,1142.2516616235987,2868,2866,5734,0.3985525686055822,2987,2.987,2.5,1.0619101406937332,2155.0626640355404
nag,50,0.8168639617702629,0.6702770302676544,816.8639617702629,2020,2019,4039,0.4045883911690257,1281,1.281,2.5,0.7220918264630474,1085.536060629414
nag,50,1.0024925885150693,0.8276439204987446,1002.4925885150692,2481,2481,4962,0.4040679518400117,2191,2.191,2.5,0.984732099038189,2370.9192155014966
nag,50,0.8065103881751061,0.7071888334232879,806.5103881751061,2013,2013,4026,0.4006509628291634,1445,1.445,2.5,0.7060385991053111,1564.8049059452296
nag,50,1.306854238509228,1.0483085314985048,1306.8542385092278,3351,3351,6702,0.3899893281137654,3913,3.913,2.5,1.1299902771290364,4207.620798710399
nag,50,1.1754391573401457,0.9329531939130574,1175.4391573401458,2962,2962,5924,0.396839688501062,3129,3.129,2.5,1.0393317188193725,3444.4241741782243
nag,50,0.625974578663949,0.523710092116719,625.974578663949,1602,1601,3203,0.3909897430755459,906,0.906,2.5,0.3668138172098366,770.0761160041089
nag,50,0.9735921171580476,0.7794591753320276,973.5921171580476,2439,2439,4878,0.3991767598023975,2168,2.168,2.5,0.7903674895408993,2590.0982004958846
nag,50,0.984671214516336,0.8125910381443413,984.671214516336,2459,2457,4916,0.4007615850697338,2110,2.11,2.5,0.7427683332733472,2832.228495872353
nag,50,0.6836603470902317,0.5528844054857894,683.6603470902318,1694,1694,3388,0.4035775366530293,1051,1.051,2.5,0.3733077112518488,811.1648587435897
nag,50,0.8222782967637298,0.6667028427519024,822.2782967637297,2121,2121,4242,0.3876842511851625,1472,1.472,2.5,0.8049136592523337,1331.3281109097625
nag,50,0.8157024431836394,0.7000042225813947,815.7024431836394,2061,2059,4120,0.3961643726001163,1396,1.396,2.5,0.6409084331655127,1910.844995793184
nag,50,0.6769415603665755,0.5654519415467802,676.9415603665755,1701,1700,3401,0.3982009178626914,935,0.935,2.5,0.4353932189365946,697.8208679164418
nag,50,1.805719210313356,1.460126448554928,1805.719210313356,4421,4420,8841,0.408533757989447,7122,7.122,2.5,1.6817422721398685,7362.160302194347
nag,50,0.6457481316604604,0.5491030214127236,645.7481316604604,1635,1634,3269,0.3951946950186416,933,0.933,2.5,0.6921408129356428,940.9564986213808
nag,50,0.3200584594664102,0.2785836814612923,320.0584594664102,823,822,1645,0.3893655224652192,203,0.203,2.5,0.2497843178718613,260.2948877211227
nag,50,0.4602846303901989,0.3829973604099175,460.2846303901989,1199,1198,2397,0.3842108767864765,444,0.444,2.5,0.3659988966672233,521.4384417567886
nag,50,0.6493515856335398,0.540935869272307,649.3515856335398,1643,1643,3286,0.3952231196795738,967,0.967,2.5,0.5370537073192999,974.8505074179612
nag,50,1.4486750281961636,1.2030550665768656,1448.6750281961636,3668,3667,7335,0.3950572752102982,5019,5.019,2.5,1.2976827429101467,4577.105794048659
nag,50,0.4858725113906973,0.4008115932945719,485.87251139069735,1246,1244,2490,0.3905727583526506,507,0.507,2.5,0.3680015623470296,452.5183071413375
nag,50,0.488926090134461,0.420746360412324,488.926090134461,1244,1243,2487,0.3933435962465494,508,0.508,2.5,0.4310514000732128,401.5458015531195
nag,50,1.2532108889918905,1.0281508773209502,1253.2108889918904,3208,3208,6416,0.3906517733765244,3601,3.601,2.5,1.0552202229795096,4405.045369217373
nag,50,0.4797582290038719,0.3958875050500257,479.75822900387186,1207,1206,2413,0.3978094767859634,426,0.426,2.5,0.2940407645559105,518.2154407192479
nag,50,0.4699358222434807,0.3851472127551512,469.9358222434807,1199,1199,2398,0.3919398017043208,433,0.433,2.5,0.2903501874790744,495.7166931117698
nag,50,0.975081175716336,0.8280369883459425,975.081175716336,2545,2542,5087,0.3835881887161038,2127,2.127,2.5,0.6876611622203719,2635.26606671224
nag,50,0.6211014887974224,0.5051163671504347,621.1014887974225,1665,1665,3330,0.3730339272056591,902,0.902,2.5,0.5135372776966921,868.2356168515005
nag,50,0.3596822190136606,0.3002503644289822,359.6822190136606,799,798,1597,0.4507295977614794,230,0.23,2.5,0.4717517398525497,228.6502310797115
nag,50,0.9602826088524729,0.8010305098523489,960.2826088524728,2387,2386,4773,0.4024654689239199,2029,2.029,2.5,0.7770761682714328,2099.687403699316
nag,50,1.0062228696564064,0.8428953520126188,1006.2228696564064,2440,2439,4879,0.4125555021141477,2214,2.214,2.5,0.672624103496679,2216.0589998514665
nag,50,0.3267361555580398,0.2716190320125428,326.7361555580398,801,800,1601,0.4084201944475497,189,0.189,2.5,0.2826039364561863,165.0250085374702
nag,50,1.1700767222126294,0.96386257621228,1170.0767222126294,2896,2895,5791,0.4041715793480585,3106,3.106,2.5,1.1117022320317218,3238.10810975223
nag,50,0.9927034677644532,0.8358663139211474,992.7034677644532,2519,2516,5035,0.3945562272513724,2253,2.253,2.5,0.7174319041026068,2872.974756741992
nag,50,1.156630252160776,0.9088403051648548,1156.630252160776,2853,2853,5706,0.4054084304804682,3031,3.031,2.5,0.8372578029866103,3262.011846806724
nag,50,0.4930752185006258,0.416340788433327,493.0752185006258,1212,1211,2423,0.4071636816685597,476,0.476,2.5,0.3644935415384503,417.7332034922932
nag,50,0.6840796353281163,0.5723688754651907,684.0796353281163,1672,1671,3343,0.4093833843974364,1010,1.01,2.5,0.5378253694830717,969.3992565886044
nag,50,0.4676071694743498,0.3988660941554958,467.6071694743498,1212,1211,2423,0.386133087922667,402,0.402,2.5,0.3581589866167275,434.7852162770514
nag,50,0.6570496037742892,0.5416127380956898,657.0496037742893,1624,1624,3248,0.4045871944422963,906,0.906,2.5,0.6113842531802091,952.7396538126158
nag,50,0.6393179773722941,0.5234537666459445,639.3179773722941,1613,1613,3226,0.3963533647689362,836,0.836,2.5,0.499242070352597,952.9123560068812
nag,50,0.4738449198729939,0.3978559684728924,473.8449198729939,1234,1233,2467,0.3843024492076188,559,0.559,2.5,0.4110440076641717,596.3014605010449
nag,50,0.6246349180837091,0.5283303214762968,624.6349180837091,1579,1578,3157,0.3958396185574835,899,0.899,2.5,0.3278781807519313,1011.5877377236652
nag,50,1.44013690224666,1.2274088450173757,1440.1369022466602,3617,3614,7231,0.39848835147943,4929,4.929,2.5,1.1694413894619644,6519.063848803239
nag,50,0.9968890538827248,0.8298961746193241,996.8890538827249,2482,2481,4963,0.4018093727862655,2193,2.193,2.5,0.8746353356951719,2546.966221273261
nag,50,0.6708891971467698,0.5507982387999957,670.8891971467698,1732,1732,3464,0.3873494209854329,901,0.901,2.5,0.4640703051864675,993.5535851909672
nag,50,0.6650824149777573,0.5318133515407218,665.0824149777574,1638,1637,3275,0.4062812553315561,914,0.914,2.5,0.455329677287516,784.0257850776242
nag,50,0.660761978322917,0.5351972314282607,660.761978322917,1636,1635,3271,0.404135766558359,842,0.842,2.5,0.5563674150822268,938.3738575224664
nag,50,0.8162548754175127,0.6859434363892516,816.2548754175127,2036,2035,4071,0.4011080468882126,1566,1.566,2.5,0.7216923626526792,1603.3644682732258
nag,50,0.4838108822075477,0.3922508848951904,483.8108822075477,1206,1206,2412,0.4011698857442352,505,0.505,2.5,0.4523509770043594,412.4362200128387
nag,50,0.4970240234992161,0.4019881743152143,497.0240234992161,1228,1227,2455,0.4050725537890922,573,0.573,2.5,0.3626218988177587,517.7132484049235
nag,50,0.1739174013894115,0.1436701388833658,173.91740138941154,422,422,844,0.4121265435768046,50,0.05,2.5,0.1380935173599116,40.80481551852352
nag,50,0.6677223020162546,0.5437518998096329,667.7223020162546,1646,1646,3292,0.4056636099734232,986,0.986,2.5,0.435308334286851,1025.3159485626695
nag,50,1.271673585920161,1.062029704078585,1271.673585920161,3251,3250,6501,0.3912841802831264,3688,3.688,2.5,1.1967699603495323,3218.081176293041
nag,50,0.8523167683232751,0.7000019074626614,852.316768323275,2052,2050,4102,0.4157642772308658,1545,1.545,2.5,0.7608933504685972,1405.5839796443208
nag,50,0.8225407905665868,0.6645085288602158,822.5407905665868,1998,1998,3996,0.411682077360654,1347,1.347,2.5,0.5200808313968222,1419.412669708609
nag,50,1.618602972935122,1.2981430863417762,1618.602972935122,4075,4074,8149,0.3973006806419052,6107,6.107,2.5,0.7968450705005999,6611.035196735273
nag,50,0.6889367927686255,0.5645283641947682,688.9367927686255,1717,1716,3433,0.401478317464234,944,0.944,2.5,0.4352528517264439,653.4750546868327
nag,50,0.667492256225471,0.5722921779936778,667.492256225471,1610,1610,3220,0.4145914634940814,978,0.978,2.5,0.4358747479003353,998.1659356617292
nag,50,0.3447574254531602,0.2855036975614935,344.7574254531602,831,831,1662,0.4148705480784118,195,0.195,2.5,0.2623490842319676,251.2363870689497
nag,50,0.7977372855910065,0.6918853525242475,797.7372855910065,2079,2078,4157,0.3838966725654507,1419,1.419,2.5,0.6679963487935999,1565.6130347443957
nag,50,0.8418679221605017,0.6952759685562158,841.8679221605016,2065,2065,4130,0.4076842238065383,1657,1.657,2.5,0.6371200959171353,1594.806551588437
nag,50,1.8259695352800984,1.516731213178227,1825.9695352800984,4489,4485,8974,0.4071281015117277,7617,7.617,2.5,1.8213909825214432,6478.454022930241
nag,50,0.8270565807467423,0.6621263345194468,827.0565807467423,2068,2067,4135,0.4001241319529474,1583,1.583,2.5,0.7836541578971885,1289.9076785654267
nag,50,0.6982494370328429,0.582827125695045,698.2494370328429,1667,1666,3333,0.4191173091433631,1045,1.045,2.5,0.6180871248114461,895.3709056931415
nag,50,0.9702837978527916,0.8057274491737253,970.2837978527916,2438,2438,4876,0.3979835101939259,2090,2.09,2.5,0.7526899810418579,2272.8804837004423
nag,50,0.3310648755081396,0.2655340144404061,331.0648755081396,846,846,1692,0.3913296400805433,254,0.254,2.5,0.3100701743048362,256.6023236237301
nag,50,0.8218308629469209,0.6698643657887698,821.8308629469209,2008,2005,4013,0.4098907047116812,1470,1.47,2.5,0.5921467960998164,1602.9881906410951
nag,50,0.6755178450504007,0.5548692379876855,675.5178450504006,1702,1702,3404,0.3968965012047007,1070,1.07,2.5,0.4929773149806142,1113.0527331329126
nag,50,0.5061745362667252,0.4097366013057733,506.1745362667251,1273,1272,2545,0.3979359561845323,579,0.579,2.5,0.4673911676878086,703.7190676694099
nag,50,1.2939312986966585,1.0636910827774173,1293.9312986966584,3183,3183,6366,0.4065131318556891,3874,3.874,2.5,1.3380757746886562,3737.3747858120446
nag,50,1.145884915900138,0.9557790621459752,1145.884915900138,2820,2818,5638,0.4066305592264506,2857,2.857,2.5,0.8458058349715,3137.424596891387
nag,50,1.3148311163692863,1.08466845327067,1314.8311163692863,3318,3317,6635,0.3963916540154617,4055,4.055,2.5,1.247473180966382,3425.243776835752
nag,50,1.3455034797394418,1.121249503667741,1345.503479739442,3274,3273,6547,0.4110918056032514,3944,3.944,2.5,1.4111284969168223,4809.597704364967
nag,50,0.8291845733321407,0.6809746061486417,829.1845733321406,2065,2064,4129,0.401736711885727,1523,1.523,2.5,0.6317657237385884,1395.6319170740117
nag,50,0.864322537870235,0.721895145791691,864.322537870235,2104,2104,4208,0.4107996852995413,1674,1.674,2.5,0.7971509390860189,1766.4902246447994
nag,50,0.5066828575469948,0.4172431801441661,506.68285754699485,1244,1244,2488,0.4073013324332756,577,0.577,2.5,0.3826336490137146,547.1718264950762
nag,50,0.9471188919682766,0.7911750339060354,947.1188919682766,2450,2449,4899,0.3867369914121178,1941,1.941,2.5,0.703644626501989,1750.9164355699904
nag,50,0.3066179724665863,0.2555781447745354,306.61797246658637,789,789,1578,0.3886159346851538,188,0.188,2.5,0.1916787201054532,162.8516471902089
nag,50,0.8474769303803773,0.6906885685883669,847.4769303803773,2107,2107,4214,0.402219710669377,1645,1.645,2.5,0.5401584267299895,1735.5234395577756
nag,50,1.1494115350668703,0.9311738520452696,1149.4115350668703,2876,2875,5751,0.3997953165449984,3010,3.01,2.5,0.7803812425078913,3030.6317294995174
nag,50,0.8440822735995864,0.6954821737495367,844.0822735995864,2057,2056,4113,0.4105458529180867,1546,1.546,2.5,0.724360195599815,1463.5740714957926
nag,50,1.1181470860160685,0.929239759080712,1118.1470860160684,2864,2863,5727,0.3905508508613581,2777,2.777,2.5,0.7727542591945112,2637.009420856351
nag,50,0.5219764655214988,0.4254780622361688,521.9764655214988,1253,1251,2504,0.4172473745175849,633,0.633,2.5,0.4067056362283551,490.5123051214446
nag,50,1.1154934912293306,0.918374860460962,1115.4934912293306,2798,2796,5594,0.398960476119217,2724,2.724,2.5,1.0580595220662885,3251.8546581746855
nag,50,0.645119039483356,0.5384990830182438,645.119039483356,1591,1591,3182,0.4054802259480553,916,0.916,2.5,0.4662752018734155,919.9418858494688
nag,50,0.6865282571585972,0.5766464846247331,686.5282571585972,1690,1689,3379,0.406470252906215,1029,1.029,2.5,0.4389727583325222,1037.2067251011754
nag,50,0.8298999068243796,0.6846761385905898,829.8999068243796,2073,2072,4145,0.4005308430619593,1546,1.546,2.5,0.5386802904292773,1547.5090779670115
nag,50,0.8123781351209446,0.6535691583433767,812.3781351209445,2041,2039,4080,0.3984198799023759,1392,1.392,2.5,0.5932649521196838,1617.066533537076
nag,50,0.5001293237857488,0.4011312725526899,500.1293237857488,1256,1256,2512,0.398192136772093,521,0.521,2.5,0.2769836233513054,597.8185380547312
nag,50,1.6425406637789457,1.3799598708773777,1642.5406637789456,4091,4087,8178,0.4018939720525925,6112,6.112,2.5,1.2680483883713862,6877.6612023865855
nag,50,0.4924268369131335,0.4013066241279356,492.4268369131336,1289,1288,2577,0.382318972758644,492,0.492,2.5,0.502182559085467,468.4290555389317
nag,50,0.8085110662142659,0.6734035116474054,808.511066214266,2041,2041,4082,0.3961347703156619,1451,1.451,2.5,0.5790622452335595,1379.3732435657623
nag,50,1.2582593620903963,1.0298628342607017,1258.2593620903965,3165,3165,6330,0.3975543008184506,3712,3.712,2.5,0.8972882303830196,3899.62899571155
nag,50,0.3413292780506861,0.283391913791478,341.32927805068607,859,859,1718,0.3973565518634296,245,0.245,2.5,0.307456293526909,246.14123433550267
nag,50,0.6945572575904754,0.5752965212009736,694.5572575904754,1725,1724,3449,0.4028754394376307,1002,1.002,2.5,0.6686904276414085,1196.2762944592275
nag,50,0.8426445412090838,0.6991238864649217,842.6445412090839,2162,2161,4323,0.3899326891296084,1657,1.657,2.5,0.6052401431061588,1829.7073800196008
nag,50,0.6241394974743294,0.5305914675025474,624.1394974743293,1593,1593,3186,0.3918013166819393,840,0.84,2.5,0.4044114143610114,858.8447343358587
nag,50,1.2941700905934403,1.0374132849626052,1294.1700905934404,3200,3198,6398,0.4046810789848156,3659,3.659,2.5,1.013853083954786,4597.252898121235
nag,50,1.4460006844883793,1.2289173344922637,1446.0006844883792,3691,3691,7382,0.3917639351092872,5030,5.03,2.5,1.1624157675379785,5105.554177832473
nag,50,0.8489329129584132,0.6812529258828393,848.9329129584132,2131,2130,4261,0.3985600530321189,1585,1.585,2.5,0.4935230029866115,1757.7018126337664
nag,50,0.8605122186848241,0.6857229672497933,860.5122186848241,2095,2095,4190,0.4107456891097013,1518,1.518,2.5,0.6582208118202113,2142.702600294694
nag,50,0.8457609804180386,0.685935431401712,845.7609804180386,2042,2040,4082,0.4145887158911954,1524,1.524,2.5,0.5826656864466844,1674.654466653152
nag,50,0.769111352902062,0.6518981449466971,769.111352902062,2017,2017,4034,0.3813145031740516,1406,1.406,2.5,0.6102252557416922,1384.7557092856914
nag,50,0.8286954655260977,0.663166209863142,828.6954655260978,2097,2097,4194,0.3951814332504043,1433,1.433,2.5,0.7026953437172678,1494.811456858239
nag,50,0.3376895549757588,0.2779060880247744,337.6895549757589,831,831,1662,0.4063652887794932,237,0.237,2.5,0.3294534698921786,193.04384304965555
nag,50,0.6616245927233403,0.5300205551154055,661.6245927233402,1691,1691,3382,0.3912623256790894,928,0.928,2.5,0.4726584762470022,955.7052821203796
nag,50,0.6433435733355198,0.5318475926805918,643.3435733355199,1666,1666,3332,0.3861606082446097,954,0.954,2.5,0.3825488622620227,1214.380028237859
nag,50,0.4942459215928401,0.3945763281821329,494.2459215928401,1245,1245,2490,0.3969846759781848,484,0.484,2.5,0.5452888586187712,460.3686005750918
nag,50,0.5065262054773854,0.4267992999666037,506.52620547738536,1208,1208,2416,0.4193097727461799,555,0.555,2.5,0.4827098447779679,523.0682757143005
nag,50,0.7994941148244565,0.6764607324172348,799.4941148244566,2072,2072,4144,0.3858562330233864,1366,1.366,2.5,0.4123105012611549,1307.2336969560515
nag,50,0.8235901855518012,0.705829537023503,823.5901855518011,2073,2072,4145,0.3974856107875488,1492,1.492,2.5,0.8676504749611109,1962.5548670926337
nag,50,0.6963271636775435,0.5737335391149162,696.3271636775436,1665,1665,3330,0.4182145127192453,977,0.977,2.5,0.5485168592859967,1241.700003418502
nag,50,0.6873522926243397,0.574061291034208,687.3522926243397,1669,1669,3338,0.4118348068450208,1050,1.05,2.5,0.5208598468846015,1160.926303723836
nag,50,0.3196530796500939,0.2686254227080847,319.6530796500939,830,830,1660,0.3851241923495107,214,0.214,2.5,0.2679259048439847,284.99587003791066
nag,50,1.2445282441957766,1.0048197999983572,1244.5282441957766,3192,3190,6382,0.390134245829397,3446,3.446,2.5,1.0816340740768766,3046.946437755901
nag,50,0.6667143698446379,0.5641251341273914,666.714369844638,1677,1676,3353,0.3978009366614785,962,0.962,2.5,0.4186216136394215,1131.1440984041735
nag,50,0.7923760188816368,0.6637707328913723,792.3760188816368,2039,2039,4078,0.3886101122519062,1493,1.493,2.5,0.5922660084007971,1579.3806876988383
nag,50,0.4991301763730542,0.4180399666602969,499.13017637305416,1245,1243,2488,0.4015528369855625,538,0.538,2.5,0.3697514173499511,584.2693100973024
nag,50,0.4869889445631375,0.405999815776195,486.9889445631376,1226,1226,2452,0.3972177361852672,468,0.468,2.5,0.5230865239364169,505.6579721648418
nag,50,0.167851328562248,0.1396772600621362,167.85132856224803,417,417,834,0.4025211716121056,37,0.037,2.5,0.1241460096378758,40.14386448673941
nag,50,0.7876627985957375,0.6395703867403455,787.6627985957375,2067,2067,4134,0.3810656984014211,1497,1.497,2.5,0.3984187463541901,1128.8799806333127
nag,50,0.8294740448278628,0.6581879711975873,829.4740448278628,2095,2093,4188,0.3963086692918599,1473,1.473,2.5,0.5317908970685874,1328.4479092772965
nag,50,0.8362023861509525,0.6702904567776908,836.2023861509525,1990,1988,3978,0.4206249427318674,1430,1.43,2.5,0.5864787446917268,1214.6599003260396
nag,50,0.4944921002946119,0.4178404892281573,494.4921002946119,1239,1238,2477,0.3994281908680225,453,0.453,2.5,0.4059754734997248,544.3622647911413
nag,50,1.3174253749021896,1.07768216851509,1317.4253749021896,3323,3322,6645,0.3965759707712792,3927,3.927,2.5,1.1814196804417707,4855.630328489858
nag,50,0.9742411390616008,0.8057388958316647,974.241139061601,2534,2534,5068,0.3844676949730075,2296,2.296,2.5,0.8303242291162412,1980.5924766735648
nag,50,1.3143966129325475,1.0802020349199766,1314.3966129325477,3424,3422,6846,0.3841018740305516,4111,4.111,2.5,1.226172266113002,3074.6419667410178
nag,50,1.1142012352811268,0.8881168705976739,1114.2012352811269,2835,2832,5667,0.3934326395766691,2951,2.951,2.5,0.9899345871665796,2106.7516490447497
nag,50,0.8445425731950386,0.6879785842306191,844.5425731950386,2045,2044,4089,0.4131812980406255,1570,1.57,2.5,0.9590564306483804,1742.2947733319193
nag,50,1.0126363571968977,0.8546089607401673,1012.6363571968976,2488,2486,4974,0.4073356223639974,2253,2.253,2.5,0.7278440384096557,2607.288254886341
nag,50,0.1658123315887045,0.138318602281822,165.81233158870452,425,425,850,0.3901466625616577,35,0.035,2.5,0.1490717458136399,46.73186435380008
nag,50,1.00097298037088,0.8117063732581127,1000.97298037088,2470,2469,4939,0.4054163549497286,2181,2.181,2.5,0.7699388550155627,2217.79059144454
nag,50,0.341687243977252,0.2896204435588421,341.687243977252,852,851,1703,0.4015126251201551,223,0.223,2.5,0.2668802081422085,199.37076213027788
nag,50,1.4751311082427838,1.185433805739209,1475.1311082427835,3661,3660,7321,0.4030412864051321,5035,5.035,2.5,1.450030333071996,4575.706780081989
nag,50,0.7921089141987976,0.652295374457945,792.1089141987976,2039,2037,4076,0.3888605371619036,1472,1.472,2.5,0.514445078869187,1400.474092822966
nag,50,0.823418399666339,0.6726831196895273,823.418399666339,2062,2061,4123,0.399523726184541,1514,1.514,2.5,0.6004490406500003,1720.3566256660476
nag,50,0.8744913025409958,0.6920016562232685,874.4913025409958,2145,2145,4290,0.4076882529328651,1716,1.716,2.5,0.7416384017246062,1679.6532534242665
bg,50,0.0006108877769012,0.0006105145930252,0.6108877769012366,20,20,40,0.0305443888450618,0,0.0,2.5,0.0005914354690163,0.0
bg,50,0.0004784532846889,0.0004782243671433,0.4784532846889675,21,21,42,0.0227834897470936,0,0.0,2.5,0.0004545446426069,0.0
bg,50,0.001100813469082,0.0010996016787883,1.1008134690820237,38,38,76,0.0289687755021585,0,0.0,2.5,0.0013155861645231,0.0
bg,50,0.0009111981136797,0.0009103678316773,0.911198113679724,31,31,62,0.0293934875380556,0,0.0,2.5,0.0009239316149465,0.0
bg,50,0.0006332038052426,0.0006328028581836,0.6332038052426014,17,17,34,0.0372472826613295,0,0.0,2.5,0.0008149832762148,0.0
bg,50,0.0010257587308582,0.0010247065498842,1.0257587308582004,22,22,44,0.0466253968571909,0,0.0,2.5,0.0009134994890841,0.0
bg,50,0.0009131437544138,0.0009123099228976,0.9131437544138876,26,26,52,0.0351209136313033,0,0.0,2.5,0.0007856455588933,0.0
bg,50,0.001182637865875,0.0011812392335532,1.18263786587503,33,33,66,0.0358375110871221,0,0.0,2.5,0.0011681568401901,0.0
bg,50,0.0008257283777657,0.0008250465504119,0.8257283777657904,30,30,60,0.0275242792588596,0,0.0,2.5,0.0008387814904854,0.0
bg,50,0.0008434569474456,0.0008427455278234,0.8434569474456381,26,26,52,0.0324406518248322,0,0.0,2.5,0.0009263466267906,0.0
bg,50,0.0006826363967636,0.0006821704043134,0.6826363967636695,24,24,48,0.0284431831984862,0,0.0,2.5,0.0006070830525988,0.0
bg,50,0.0008653330350303,0.0008645842337687,0.8653330350303001,21,21,42,0.0412063350014428,0,0.0,2.5,0.0008948313323736,0.0
bg,50,0.000747280658903,0.0007467222305198,0.7472806589030085,22,22,44,0.0339673026774094,0,0.0,2.5,0.0007421952279145,0.0
bg,50,0.000629656378978,0.0006292599118224,0.6296563789780265,28,28,56,0.0224877278206438,0,0.0,2.5,0.000612117747293,0.0
bg,50,0.0007164226572854,0.0007159093958615,0.716422657285408,26,26,52,0.0275547175879003,0,0.0,2.5,0.0006389142375358,0.0
bg,50,0.0005957969206511,0.0005954419466805,0.595796920651189,23,23,46,0.025904213941356,0,0.0,2.5,0.0005806347261108,0.0
bg,50,0.0010365380476806,0.0010354636365563,1.0365380476806791,27,27,54,0.0383902980622473,0,0.0,2.5,0.0009105866759489,0.0
bg,50,0.0005502545212527,0.0005499517412146,0.5502545212527608,22,22,44,0.0250115691478527,0,0.0,2.5,0.0007082361823715,0.0
bg,50,0.0002802029964322,0.000280124482713,0.2802029964322514,12,12,24,0.0233502497026876,0,0.0,2.5,0.0002834925417087,0.0
bg,50,0.0006137177052245,0.0006133410558028,0.6137177052245839,25,25,50,0.0245487082089833,0,0.0,2.5,0.0005906476479701,0.0
bg,50,0.0012305957890086,0.0012290814230126,1.2305957890086034,34,34,68,0.0361939937943706,0,0.0,2.5,0.0011320310339406,0.0
bg,50,0.0008718318802727,0.0008710717894453,0.8718318802727794,26,26,52,0.0335319953951069,0,0.0,2.5,0.0008349052447873,0.0
bg,50,0.000538103984065,0.0005378144281673,0.5381039840650295,20,20,40,0.0269051992032514,0,0.0,2.5,0.0005747316837788,0.0
bg,50,0.00076720507796,0.0007666164743283,0.7672050779600141,21,21,42,0.036533575140953,0,0.0,2.5,0.0006509034517092,0.0
bg,50,0.0007293091866073,0.0007287772947177,0.7293091866073891,23,23,46,0.0317090950698864,0,0.0,2.5,0.0006756263165904,0.0
bg,50,0.0008244674098637,0.0008237876633538,0.8244674098637468,29,29,58,0.0284299106849567,0,0.0,2.5,0.0005360619816389,0.0
bg,50,0.0005030802270819,0.000502827137367,0.5030802270819272,15,15,30,0.0335386818054618,0,0.0,2.5,0.0005717429334496,0.0
bg,50,0.0007304356532601,0.0007299021170165,0.7304356532601393,17,17,34,0.0429668031329493,0,0.0,2.5,0.0006206091126415,0.0
bg,50,0.0009577772985303,0.0009568599611767,0.957777298530317,31,31,62,0.0308960418880747,0,0.0,2.5,0.0008359797613607,0.0
bg,50,0.0007847603468678,0.0007841444980658,0.7847603468678557,24,24,48,0.0326983477861606,0,0.0,2.5,0.0006679745204487,0.0
bg,50,0.0008179251526814,0.0008172561511261,0.8179251526814966,24,24,48,0.0340802146950623,0,0.0,2.5,0.0009756726550153,0.0
bg,50,0.0008859498998821,0.000885164992657,0.8859498998821209,23,23,46,0.03851956086444,0,0.0,2.5,0.0011959453696067,0.0
bg,50,0.0014976016710701,0.0014953588603049,1.4976016710701217,33,33,66,0.0453818688203067,0,0.0,2.5,0.0011420658957306,0.0
bg,50,0.0007095586210477,0.0007090551476109,0.7095586210477016,20,20,40,0.035477931052385,0,0.0,2.5,0.0006782636766493,0.0
bg,50,0.0006384176185675,0.0006380100415118,0.6384176185675372,21,21,42,0.0304008389794065,0,0.0,2.5,0.0006782774193506,0.0
bg,50,0.0006825384337077,0.0006820725749942,0.6825384337077764,25,25,50,0.027301537348311,0,0.0,2.5,0.0007159589530177,0.0
bg,50,0.0008641067732958,0.0008633600927801,0.8641067732958119,26,26,52,0.0332348758959927,0,0.0,2.5,0.0009741263587707,0.0
bg,50,0.0006536037835006,0.0006531765855948,0.6536037835006141,23,23,46,0.0284175558043745,0,0.0,2.5,0.0007274978143481,0.0
bg,50,0.0005808348174145,0.0005804974483294,0.5808348174145337,21,21,42,0.0276588008292635,0,0.0,2.5,0.0005619701341466,0.0
bg,50,0.0007969953160698,0.000796360114536,0.7969953160698893,24,24,48,0.0332081381695787,0,0.0,2.5,0.000981704917787,0.0
bg,50,0.0010916673196896,0.0010904755821527,1.091667319689677,23,23,46,0.0474637965082468,0,0.0,2.5,0.0011035592449671,0.0
bg,50,0.0010900684812672,0.0010888802319733,1.090068481267214,33,33,66,0.0330323782202186,0,0.0,2.5,0.001220706984012,0.0
bg,50,0.0005133720523658,0.0006072592229184,0.513372052365856,20,20,40,0.0256686026182928,0,0.0,2.5,0.0005633695717706,0.0
bg,50,0.0009060419992981,0.0009052210871936,0.9060419992981732,24,24,48,0.0377517499707572,0,0.0,2.5,0.0010968410087401,0.0
bg,50,0.0009849566259245,0.0009839864863696,0.9849566259245854,29,29,58,0.0339640215836063,0,0.0,2.5,0.0008348745822203,0.0
bg,50,0.0010875434462354,0.0010863606954879,1.0875434462354128,25,25,50,0.0435017378494165,0,0.0,2.5,0.0009694581437208,0.0
bg,50,0.0016627876256216,0.0016600227629337,1.6627876256216627,44,44,88,0.0377906278550377,0,0.0,2.5,0.0012666729438457,0.0
bg,50,0.0008325189789235,0.0008318258910733,0.8325189789235878,26,26,52,0.0320199607278303,0,0.0,2.5,0.0008418343263705,0.0
bg,50,0.0010294518486386,0.0010283920775299,1.029451848638665,28,28,56,0.0367661374513808,0,0.0,2.5,0.001146429116191,0.0
bg,50,0.0012268828759708,0.0012253776343794,1.2268828759708477,24,24,48,0.0511201198321186,0,0.0,2.5,0.0011299714506523,0.0
bg,50,0.0008298175226599,0.000829128925539,0.8298175226599813,28,28,56,0.0296363400949993,0,0.0,2.5,0.0010301273837714,0.0
bg,50,0.0008677069853129,0.0008669540699005,0.8677069853129282,24,24,48,0.036154457721372,0,0.0,2.5,0.0008903289221242,0.0
bg,50,0.0005507949251104,0.0005504915500609,0.5507949251104378,22,22,44,0.0250361329595653,0,0.0,2.5,0.000603186849246,0.0
bg,50,0.0005519104734824,0.0005516058683117,0.5519104734824438,22,22,44,0.0250868397037474,0,0.0,2.5,0.0005477798431221,0.0
bg,50,0.0010211997297117,0.0010201568808237,1.0211997297117534,33,33,66,0.0309454463549016,0,0.0,2.5,0.001366031347619,0.0
bg,50,0.0006068104986116,0.0006064422796304,0.6068104986116527,22,22,44,0.0275822953914387,0,0.0,2.5,0.0006004664951252,0.0
bg,50,0.0012260971870445,0.0012245938727325,1.2260971870445836,28,28,56,0.0437891852515922,0,0.0,2.5,0.0009407740508207,0.0
bg,50,0.0006021521992619,0.0006017896119908,0.6021521992619157,24,24,48,0.0250896749692464,0,0.0,2.5,0.0006028504082486,0.0
bg,50,0.0008143288322344,0.0008136657007874,0.8143288322344233,21,21,42,0.0387775634397344,1,0.001,2.5,0.0007104701144382,1.1559947117935148
bg,50,0.0007419058025232,0.0007413553783034,0.7419058025232301,19,19,38,0.0390476738170121,0,0.0,2.5,0.0008304086450807,0.0
bg,50,0.0006805266442398,0.0006800635277263,0.6805266442398619,21,21,42,0.0324060306780886,0,0.0,2.5,0.0005095147848852,0.0
bg,50,0.0009219370965954,0.0009210871285853,0.9219370965954284,26,26,52,0.0354591190998241,0,0.0,2.5,0.0010885540844793,0.0
bg,50,0.0010487036522865,0.0010476038729362,1.0487036522865196,26,26,52,0.0403347558571738,0,0.0,2.5,0.0009675552813978,0.0
bg,50,0.0006210582824495,0.0006206725690593,0.6210582824495141,19,19,38,0.0326872780236586,0,0.0,2.5,0.0005798178862202,0.0
bg,50,0.0009241051385345,0.0009232511682274,0.9241051385345572,25,25,50,0.0369642055413822,0,0.0,2.5,0.0009875225925986,0.0
bg,50,0.0011635205214702,0.0011621667414663,1.1635205214702309,34,34,68,0.0342211918079479,0,0.0,2.5,0.0009888015335611,0.0
bg,50,0.0011150952539222,0.0011138518164969,1.1150952539222576,31,31,62,0.0359708146426534,0,0.0,2.5,0.0008779674396934,0.0
bg,50,0.0007525764486214,0.0007520100773104,0.7525764486214195,24,24,48,0.0313573520258924,0,0.0,2.5,0.0006604810875024,0.0
bg,50,0.0007177054939898,0.0007306281482091,0.7177054939898184,29,29,58,0.0247484653099937,0,0.0,2.5,0.0008560528830516,0.0
bg,50,0.0010812434584623,0.0010800743710458,1.0812434584623087,23,23,46,0.0470105851505351,0,0.0,2.5,0.0010920507560767,0.0
bg,50,0.0010291235224219,0.0010280644271975,1.029123522421962,35,35,70,0.029403529212056,0,0.0,2.5,0.0007989915143322,0.0
bg,50,0.000617912624956,0.0006175308089439,0.6179126249560625,19,19,38,0.0325217171029506,0,0.0,2.5,0.0005719256529029,0.0
bg,50,0.0007945488100395,0.0007939175022279,0.7945488100395295,24,24,48,0.0331062004183137,0,0.0,2.5,0.0008572254413879,0.0
bg,50,0.0008962902183455,0.00089548688219,0.8962902183455217,26,26,52,0.0344727007055969,0,0.0,2.5,0.0010530060515544,0.0
bg,50,0.0010414168490046,0.0010403322999512,1.0414168490046851,32,32,64,0.0325442765313964,0,0.0,2.5,0.0011084974188577,0.0
bg,50,0.000787299604051,0.0007866797633845,0.7872996040510873,28,28,56,0.0281178430018245,0,0.0,2.5,0.000911433046512,0.0
bg,50,0.0009191391172737,0.0009182943005568,0.9191391172737228,25,25,50,0.0367655646909489,0,0.0,2.5,0.0011777251710814,0.0
bg,50,0.001092000855491,0.0010908083896226,1.0920008554910492,28,28,56,0.0390000305532517,0,0.0,2.5,0.0011172658981492,0.0
bg,50,0.0005668919073925,0.0005665705409578,0.5668919073925451,18,18,36,0.0314939948551414,0,0.0,2.5,0.0006977735802109,0.0
bg,50,0.0011142045607239,0.0011129631089207,1.1142045607239055,23,23,46,0.0484436765532132,0,0.0,2.5,0.0010792496901905,0.0
bg,50,0.0008707345797059,0.0008699764009976,0.8707345797059052,23,23,46,0.0378580252046045,0,0.0,2.5,0.0009667406856187,0.0
bg,50,0.0007373695345427,0.0007368258207123,0.7373695345427933,23,23,46,0.0320595449801214,0,0.0,2.5,0.0008075843317708,0.0
bg,50,0.0005811151940748,0.000580777499206,0.5811151940748793,26,26,52,0.0223505843874953,0,0.0,2.5,0.0005196887353617,0.0
bg,50,0.0009646686281864,0.0009637380426242,0.9646686281864412,28,28,56,0.0344524510066586,0,0.0,2.5,0.0009074267174203,0.0
bg,50,0.0007145227859175,0.0007140122431059,0.714522785917552,25,25,50,0.028580911436702,0,0.0,2.5,0.0005892367321159,0.0
bg,50,0.001225148702584,0.0012236477132406,1.2251487025840515,28,28,56,0.0437553108065732,0,0.0,2.5,0.0012016348972624,0.0
bg,50,0.0007477796362028,0.0007472204618185,0.7477796362028606,26,26,52,0.0287607552385715,0,0.0,2.5,0.0006050682748562,0.0
bg,50,0.0011100105170848,0.0011087783937367,1.110010517084831,23,23,46,0.0482613268297752,0,0.0,2.5,0.0006157593958623,0.0
bg,50,0.0005994540433086,0.0005990946981586,0.5994540433086399,21,21,42,0.0285454306337447,0,0.0,2.5,0.000698908324711,0.0
bg,50,0.0006915276419837,0.000691049431504,0.6915276419837042,20,20,40,0.0345763820991852,0,0.0,2.5,0.0007624997276978,0.0
bg,50,0.0007698161242832,0.000769223507418,0.7698161242832136,31,31,62,0.0248327782026843,0,0.0,2.5,0.000809392814872,0.0
bg,50,0.0005977307878273,0.0005973735057326,0.5977307878273361,19,19,38,0.0314595151488071,0,0.0,2.5,0.0005369442468968,0.0
bg,50,0.0011524264736156,0.0011510983868385,1.1524264736156002,28,28,56,0.0411580883434142,0,0.0,2.5,0.0012337851834083,0.0
bg,50,0.0003139574156389,0.0003138588463801,0.313957415638967,14,14,28,0.0224255296884976,0,0.0,2.5,0.000235686614869,0.0
bg,50,0.0007936517997577,0.0007930219165784,0.7936517997577255,23,23,46,0.0345065999894663,0,0.0,2.5,0.0007350394850665,0.0
bg,50,0.0007492814531667,0.0007487200304707,0.7492814531667982,22,22,44,0.0340582478712181,0,0.0,2.5,0.0005639859740308,0.0
bg,50,0.000664128402594,0.0006636873360589,0.6641284025940752,25,25,50,0.026565136103763,0,0.0,2.5,0.0006238201991759,0.0
bg,50,0.0006575104424782,0.0006570781224963,0.6575104424782694,15,15,30,0.0438340294985512,0,0.0,2.5,0.0005395222262187,0.0
bg,50,0.0010605638776751,0.0010594390819365,1.0605638776751931,32,32,64,0.0331426211773497,0,0.0,2.5,0.0010358912452195,0.0
bg,50,0.0011792680625801,0.0011778773894167,1.1792680625801726,31,31,62,0.0380409052445216,0,0.0,2.5,0.0011765017991072,0.0
bg,50,0.001049726810597,0.0010486248842201,1.0497268105970743,28,28,56,0.0374902432356098,0,0.0,2.5,0.0010961074777644,0.0
bg,50,0.0006648431737416,0.000664401157296,0.6648431737416729,18,18,36,0.0369357318745373,0,0.0,2.5,0.0006055161669562,0.0
bg,50,0.0011567044307309,0.0011553664655908,1.1567044307309118,27,27,54,0.0428409048418856,0,0.0,2.5,0.0013334096382922,0.0
bg,50,0.0012854954630242,0.0012838429644387,1.285495463024212,32,32,64,0.0401717332195066,0,0.0,2.5,0.0010472704675305,0.0
bg,50,0.0006066247709109,0.0006062567772982,0.6066247709109689,21,21,42,0.0288868938529032,0,0.0,2.5,0.0004878454555783,0.0
bg,50,0.0007211437681069,0.0007206237197726,0.7211437681069413,24,24,48,0.0300476570044558,0,0.0,2.5,0.0008163059842442,0.0
bg,50,0.0008145006491394,0.0008138372378319,0.8145006491394433,24,24,48,0.0339375270474768,0,0.0,2.5,0.0008949511857636,0.0
bg,50,0.000754438002433,0.0007538688257335,0.754438002433016,15,15,30,0.0502958668288677,0,0.0,2.5,0.0011946206399121,0.0
bg,50,0.0007058265661694,0.0007053283750279,0.7058265661694492,19,19,38,0.0371487666404973,0,0.0,2.5,0.0007495640619862,0.0
bg,50,0.0008005559388639,0.0007999150490526,0.8005559388639156,35,35,70,0.0228730268246833,0,0.0,2.5,0.0007564106571247,0.0
bg,50,0.000628423892233,0.0006280289756447,0.6284238922330374,20,20,40,0.0314211946116518,0,0.0,2.5,0.0005956508509152,0.0
bg,50,0.0006803540486837,0.0006798911670522,0.6803540486837605,25,25,50,0.0272141619473504,0,0.0,2.5,0.0006682801110718,0.0
bg,50,0.0006168883208802,0.0006165077696798,0.6168883208802427,22,22,44,0.0280403782218292,0,0.0,2.5,0.0004329968423287,0.0
bg,50,0.0006909882685071,0.0006905108037199,0.6909882685071267,17,17,34,0.0406463687357133,0,0.0,2.5,0.0005945894971389,0.0
bg,50,0.0005324100293541,0.0005321265689147,0.5324100293541498,21,21,42,0.0253528585406738,0,0.0,2.5,0.0006565473862568,0.0
bg,50,0.0008519305724445,0.0008512047867442,0.851930572444509,21,21,42,0.0405681224973575,0,0.0,2.5,0.0007683672745831,0.0
bg,50,0.000784140527921,0.0007835256515534,0.7841405279210036,25,25,50,0.0313656211168401,0,0.0,2.5,0.0007414698675806,0.0
bg,50,0.0010671250416663,0.0010659862858118,1.0671250416663796,31,31,62,0.0344233884408509,0,0.0,2.5,0.0010161489989796,0.0
bg,50,0.0008284799928708,0.0008277936137722,0.8284799928708253,22,22,44,0.0376581814941284,0,0.0,2.5,0.0007006316116903,0.0
bg,50,0.0011598138019564,0.0011584686339012,1.1598138019564497,34,34,68,0.0341121706457779,0,0.0,2.5,0.0011391520411181,0.0
bg,50,0.0006536725859931,0.0006532452981435,0.6536725859931991,22,22,44,0.0297123902724181,0,0.0,2.5,0.0006966304945819,0.0
bg,50,0.0009159601690074,0.0009151211859762,0.9159601690074696,26,26,52,0.035229237269518,0,0.0,2.5,0.0011466998678755,0.0
bg,50,0.0005361795842682,0.0005358920957217,0.5361795842682966,24,24,48,0.022340816011179,0,0.0,2.5,0.0004634941301646,0.0
bg,50,0.0008054673051628,0.0008048185275831,0.805467305162864,27,27,54,0.0298321224134394,0,0.0,2.5,0.0009142092662288,0.0
bg,50,0.0007402138676632,0.0007396659510933,0.7402138676632717,20,20,40,0.0370106933831635,0,0.0,2.5,0.0008118362969681,0.0
bg,50,0.0005204897785681,0.0005202188689585,0.5204897785681624,25,25,50,0.0208195911427264,0,0.0,2.5,0.0004819010801222,0.0
bg,50,0.0009311234256884,0.0009302564348545,0.9311234256884616,26,26,52,0.0358124394495562,0,0.0,2.5,0.0010986361114037,0.0
bg,50,0.0010580520045755,0.0010569325305311,1.0580520045755044,25,25,50,0.0423220801830201,0,0.0,2.5,0.0012535712656031,0.0
bg,50,0.0007264764455411,0.0007259486775152,0.7264764455411381,29,29,58,0.0250509119152116,0,0.0,2.5,0.0007494835964217,0.0
bg,50,0.001173626529083,0.0011722491298532,1.173626529083009,35,35,70,0.0335321865452288,0,0.0,2.5,0.0013255830210038,0.0
bg,50,0.0010230685631359,0.001022021893851,1.0230685631359364,22,22,44,0.0465031165061789,0,0.0,2.5,0.0012007641258424,0.0
bg,50,0.0011919790443918,0.0011905582303496,1.191979044391875,26,26,52,0.0458453478612259,0,0.0,2.5,0.0010740549992129,0.0
bg,50,0.000824460393554,0.0008237806586135,0.8244603935540908,26,26,52,0.0317100151366958,0,0.0,2.5,0.0009416478076377,0.0
bg,50,0.0007184654015719,0.0007179492090386,0.7184654015719509,29,29,58,0.0247746690197224,0,0.0,2.5,0.0005813687466215,0.0
bg,50,0.0009251361232106,0.0009242802463641,0.9251361232106456,25,25,50,0.0370054449284258,0,0.0,2.5,0.0008628633876103,0.0
bg,50,0.0007372202846301,0.000736676790882,0.7372202846301619,20,20,40,0.036861014231508,0,0.0,2.5,0.0007816201620432,0.0
bg,50,0.0009012887731272,0.0009004764516747,0.9012887731272918,28,28,56,0.0321888847545461,0,0.0,2.5,0.0008231389666416,0.0
bg,50,0.0008569275826376,0.0008561932577557,0.8569275826376419,21,21,42,0.0408060753636972,0,0.0,2.5,0.0005761807344264,0.0
bg,50,0.0007844544873137,0.000783839118471,0.7844544873137593,28,28,56,0.0280162316897771,0,0.0,2.5,0.0007858912929007,0.0
bg,50,0.0006152537092613,0.0006148751721345,0.6152537092613528,20,20,40,0.0307626854630676,0,0.0,2.5,0.0006161845169173,0.0
bg,50,0.0010963668837782,0.0010951648634343,1.0963668837782308,32,32,64,0.0342614651180697,0,0.0,2.5,0.0011068248310078,0.0
bg,50,0.0009223308765858,0.0009214801823399,0.9223308765858887,29,29,58,0.0318045129857203,0,0.0,2.5,0.0010973506661982,0.0
bg,50,0.0011474562480046,0.0011461395921635,1.147456248004655,32,32,64,0.0358580077501454,0,0.0,2.5,0.0014060207362294,0.0
bg,50,0.0006064683271292,0.0006061005232974,0.6064683271292246,22,22,44,0.0275667421422374,0,0.0,2.5,0.0006235194877942,0.0
bg,50,0.0009864658535102,0.00098549273863,0.9864658535102366,29,29,58,0.034016063914146,0,0.0,2.5,0.0013961606963863,0.0
bg,50,0.0006828031718566,0.0006830788870086,0.6828031718566265,22,22,44,0.0310365078116648,1,0.001,2.5,0.0008585179637719,1.1654153716241915
bg,50,0.0007911577329948,0.0007905318024363,0.7911577329948614,24,24,48,0.0329649055414525,0,0.0,2.5,0.0009769289908813,0.0
bg,50,0.0008281726156875,0.0008274867458061,0.8281726156875067,23,23,46,0.0360075050298915,0,0.0,2.5,0.0007455581216263,0.0
bg,50,0.0007426212124529,0.0007420697261877,0.7426212124529359,33,33,66,0.0225036731046344,0,0.0,2.5,0.0007734314970019,0.0
bg,50,0.0007689315138048,0.0007683402581319,0.7689315138048416,23,23,46,0.0334318049480365,0,0.0,2.5,0.0010823791678425,0.0
bg,50,0.0006881186198816,0.0006876451126466,0.6881186198816494,27,27,54,0.0254858748104314,0,0.0,2.5,0.0007708795662637,0.0
bg,50,0.0003947713289171,0.0003946154845149,0.3947713289171091,12,12,24,0.0328976107430924,0,0.0,2.5,0.0004188694503507,0.0
bg,50,0.001621514549615,0.0016188852401804,1.6215145496150711,25,25,50,0.0648605819846028,0,0.0,2.5,0.0014851515771989,0.0
bg,50,0.0007412891816983,0.0007407396720474,0.7412891816983682,22,22,44,0.0336949628044712,0,0.0,2.5,0.0006142746487779,0.0
bg,50,0.0009099559484038,0.0009091279285758,0.9099559484038604,34,34,68,0.0267634102471723,0,0.0,2.5,0.0008227179787376,0.0
bg,50,0.0005925803516996,0.0005922292002264,0.5925803516996382,22,22,44,0.0269354705318017,0,0.0,2.5,0.0006863248083931,0.0
bg,50,0.0012187890984576,0.0012173036515911,1.2187890984576484,26,26,52,0.0468765037868326,0,0.0,2.5,0.0008217395145487,0.0
bg,50,0.001287359793875,0.0012857024986361,1.287359793875016,34,34,68,0.0378635233492651,0,0.0,2.5,0.001214818068133,0.0
bg,50,0.0008006644953324,0.0008000234316983,0.8006644953324269,24,24,48,0.0333610206388511,0,0.0,2.5,0.0009196057337534,0.0
bg,50,0.0005822351240582,0.0005818961263185,0.582235124058208,23,23,46,0.0253145706112264,0,0.0,2.5,0.0005648053362148,0.0
bg,50,0.001052656174552,0.0010515480895302,1.0526561745520429,28,28,56,0.0375948633768586,0,0.0,2.5,0.0008228553922106,0.0
bg,50,0.0008139171031399,0.0008132546420891,0.8139171031399215,32,32,64,0.0254349094731225,0,0.0,2.5,0.0008087198989996,0.0
bg,50,0.0007151465101428,0.0007146350756118,0.71514651014283,21,21,42,0.0340545957210871,0,0.0,2.5,0.0005891211827276,0.0
bg,50,0.00118651054079,0.0011851027335266,1.186510540790033,33,33,66,0.0359548648724252,0,0.0,2.5,0.001367020574213,0.0
bg,50,0.0004910487757547,0.0004908076468546,0.4910487757547948,20,20,40,0.0245524387877397,0,0.0,2.5,0.0004987892271297,0.0
bg,50,0.0014699542980534,0.001467793532415,1.4699542980534377,29,29,58,0.0506880792432219,0,0.0,2.5,0.0016526336636437,0.0
bg,50,0.0011034586094501,0.0011022409885473,1.1034586094501435,38,38,76,0.0290383844592143,0,0.0,2.5,0.001092975138859,0.0
bg,50,0.0006802325950397,0.0006797698786564,0.680232595039783,26,26,52,0.0261627921169147,0,0.0,2.5,0.0004571910058883,0.0
bg,50,0.000735126049558,0.0007345856392492,0.7351260495580085,25,25,50,0.0294050419823203,0,0.0,2.5,0.0006119772699733,0.0
bg,50,0.000453641748206,0.0004534359573703,0.4536417482060528,19,19,38,0.0238758814845291,0,0.0,2.5,0.00045871370269,0.0
bg,50,0.0011308033996838,0.0011295246833551,1.130803399683849,33,33,66,0.0342667696873893,0,0.0,2.5,0.0013477232004664,0.0
bg,50,0.0006368141631815,0.000636408630903,0.6368141631815263,22,22,44,0.028946098326433,0,0.0,2.5,0.0006985577409557,0.0
bg,50,0.0009191052350677,0.0009182604806345,0.9191052350677182,32,32,64,0.0287220385958661,0,0.0,2.5,0.0007717122099714,0.0
bg,50,0.0008022873276865,0.0008016436627304,0.8022873276865674,26,26,52,0.0308572049110218,0,0.0,2.5,0.0011122006332132,0.0
bg,50,0.0006361853018623,0.000635780570124,0.6361853018623869,21,21,42,0.0302945381839231,0,0.0,2.5,0.0006459223713294,0.0
bg,50,0.0006950476191703,0.0006945645279774,0.6950476191703405,24,24,48,0.0289603174654308,0,0.0,2.5,0.0005857410764998,0.0
bg,50,0.001519790596444,0.001517480832987,1.519790596444043,31,31,62,0.0490255031110981,0,0.0,2.5,0.0014070541115175,0.0
bg,50,0.0006490755265384,0.0006486542274993,0.649075526538482,17,17,34,0.038180913325793,0,0.0,2.5,0.0007006772189833,0.0
bg,50,0.0010433727929247,0.0010422841661397,1.0433727929247991,20,20,40,0.0521686396462399,0,0.0,2.5,0.0010441443501459,0.0
bg,50,0.000722808886887,0.0007222864342,0.7228088868870373,22,22,44,0.0328549494039562,0,0.0,2.5,0.0006554846669585,0.0
bg,50,0.0008789818835078,0.0008782092743563,0.8789818835078567,28,28,56,0.0313922101252805,0,0.0,2.5,0.0008117026951636,0.0
bg,50,0.0006776701977493,0.0006772109608524,0.6776701977493644,27,27,54,0.0250988962129394,0,0.0,2.5,0.0008184287572348,0.0
bg,50,0.0011045909564283,0.0011033708352473,1.1045909564283756,35,35,70,0.0315597416122393,0,0.0,2.5,0.0013560543895059,0.0
bg,50,0.0008166871612567,0.0008160201833373,0.8166871612567057,24,24,48,0.0340286317190294,0,0.0,2.5,0.0010473268755932,0.0
bg,50,0.0004641341992203,0.0004639187786654,0.4641341992203323,17,17,34,0.027302011718843,0,0.0,2.5,0.0004785013025987,0.0
bg,50,0.0012355592704894,0.0012340326637785,1.2355592704894178,27,27,54,0.045761454462571,0,0.0,2.5,0.001225138319349,0.0
bg,50,0.0007916584235207,0.0007910317004612,0.7916584235207793,27,27,54,0.0293206823526214,0,0.0,2.5,0.0008108199723313,0.0
bg,50,0.0009242964561338,0.000923442132195,0.9242964561338596,34,34,68,0.0271851898862899,0,0.0,2.5,0.0008141465529567,0.0
bg,50,0.0011071865531085,0.0011059606910452,1.1071865531085905,25,25,50,0.0442874621243436,0,0.0,2.5,0.0010484756930055,0.0
bg,50,0.0010972988229282,0.0010960947582214,1.097298822928245,29,29,58,0.0378378904458015,0,0.0,2.5,0.0010277383328265,0.0
bg,50,0.0004976253940318,0.000497377762999,0.4976253940318713,17,17,34,0.0292720820018747,0,0.0,2.5,0.0004856833166703,0.0
bg,50,0.0008167701750419,0.000816103061523,0.8167701750419027,31,31,62,0.0263474250013517,0,0.0,2.5,0.0008658740213672,0.0
bg,50,0.0010716637812818,0.0010705153180217,1.0716637812818162,30,30,60,0.0357221260427272,0,0.0,2.5,0.0007957780646733,0.0
bg,50,0.0007513612278329,0.0007507966841382,0.7513612278329163,24,24,48,0.0313067178263715,0,0.0,2.5,0.0008318993593483,0.0
bg,50,0.0009220160981934,0.0009211659845081,0.9220160981934457,27,27,54,0.034148744377535,0,0.0,2.5,0.0010456199636109,0.0
bg,50,0.0007723207305148,0.000771724251204,0.7723207305148634,30,30,60,0.0257440243504954,0,0.0,2.5,0.0010004846300723,0.0
bg,50,0.0008388623712208,0.000838158681143,0.8388623712208503,29,29,58,0.0289262886627879,0,0.0,2.5,0.00079476243324,0.0
bg,50,0.0010359254279904,0.001034852286498,1.0359254279904406,29,29,58,0.0357215664824289,0,0.0,2.5,0.0011511056488223,0.0
bg,50,0.0009274438029997,0.000926583650992,0.9274438029997611,27,27,54,0.0343497704814726,0,0.0,2.5,0.0007333313256499,0.0
bg,50,0.0008804707177768,0.0008796954890919,0.8804707177768591,27,27,54,0.0326100265843281,0,0.0,2.5,0.0011043019796038,0.0
bg,50,0.0005108096780504,0.0005105487515232,0.5108096780504567,23,23,46,0.0222091164369763,0,0.0,2.5,0.000514118189982,0.0
bg,50,0.0008131400572947,0.0008124788605419,0.8131400572947007,24,24,48,0.0338808357206125,0,0.0,2.5,0.0006391066972679,0.0
bg,50,0.0007071817451159,0.0007066816390953,0.707181745115939,20,20,40,0.0353590872557969,0,0.0,2.5,0.0007391420090731,0.0
bg,50,0.0006325971625023,0.0006321969833323,0.6325971625023854,21,21,42,0.0301236744048754,0,0.0,2.5,0.0006101136012452,0.0
bg,50,0.001094442051365,0.0010932442479612,1.0944420513650002,22,22,44,0.0497473659711363,0,0.0,2.5,0.0010711892575161,0.0
bg,50,0.0008348660260571,0.0008341690247757,0.8348660260571685,25,25,50,0.0333946410422867,0,0.0,2.5,0.0008554216626595,0.0
bg,50,0.0006386376801984,0.0006382298221119,0.6386376801984852,27,27,54,0.0236532474147587,0,0.0,2.5,0.0005924697995933,0.0
bg,50,0.0007743307782962,0.000773731190142,0.7743307782962177,24,24,48,0.032263782429009,0,0.0,2.5,0.0004289478428749,0.0
bg,50,0.0012161167042782,0.0012146377644398,1.2161167042782708,25,25,50,0.0486446681711308,0,0.0,2.5,0.0011082071194089,0.0
bg,50,0.0005726811518077,0.000572353188106,0.5726811518077,23,23,46,0.0248991805133782,0,0.0,2.5,0.0005658221916709,0.0
bg,50,0.0008543582084895,0.0008536282805411,0.8543582084895149,21,21,42,0.0406837242137864,0,0.0,2.5,0.0009209508106739,0.0
bg,50,0.0007426685526722,0.000742116996093,0.7426685526722281,25,25,50,0.0297067421068891,0,0.0,2.5,0.0007091767529805,0.0
bg,50,0.0009431964080188,0.0009423067885547,0.9431964080188316,17,17,34,0.0554821416481665,0,0.0,2.5,0.0010754556188326,0.0
bg,50,0.0006254437748032,0.0006250525948878,0.6254437748032444,22,22,44,0.0284292624910565,0,0.0,2.5,0.0005543983836981,0.0
bg,50,0.0006160563652571,0.000615676839812,0.6160563652571938,19,19,38,0.0324240192240628,0,0.0,2.5,0.0005026672016015,0.0
bg,50,0.0007475922360191,0.0007470333418678,0.7475922360191731,25,25,50,0.0299036894407669,0,0.0,2.5,0.0006566340251638,0.0
bg,50,0.0009455376111077,0.0009446435697337,0.9455376111077314,31,31,62,0.0305012132615397,0,0.0,2.5,0.0007857233782784,0.0
bg,50,0.0010773820276872,0.0010762212756536,1.0773820276872357,26,26,52,0.0414377702956629,0,0.0,2.5,0.0012419872208174,0.0
bg,50,0.0010682641637691,0.0010671229754455,1.0682641637691574,33,33,66,0.0323716413263381,0,0.0,2.5,0.0007913200573195,0.0
bg,50,0.0011218730686575,0.0011206144694753,1.1218730686575071,31,31,62,0.0361894538276615,0,0.0,2.5,0.001089260604111,0.0
bg,50,0.0012930237367588,0.001291351826375,1.2930237367588355,32,32,64,0.0404069917737136,0,0.0,2.5,0.0015433345735567,0.0
bg,50,0.000636103048603,0.0006356984215146,0.6361030486030874,20,20,40,0.0318051524301543,0,0.0,2.5,0.000584225706198,0.0
bg,50,0.0005155898193962,0.0005153239865343,0.5155898193962258,20,20,40,0.0257794909698112,0,0.0,2.5,0.0004564986798874,0.0
bg,50,0.0007562937536768,0.0007557217734349,0.7562937536768075,18,18,36,0.0420163196487115,0,0.0,2.5,0.0007160300911642,0.0
bg,50,0.0010701724162854,0.0010690271472848,1.0701724162854165,29,29,58,0.0369024971132902,0,0.0,2.5,0.0010608371581003,0.0
bg,50,0.0005131608141593,0.0005128974801382,0.5131608141593933,18,18,36,0.0285089341199662,0,0.0,2.5,0.0006537368796816,0.0
bg,50,0.000682428966424,0.0006819632571298,0.6824289664240837,25,25,50,0.0272971586569633,0,0.0,2.5,0.0006707075515571,0.0
bg,50,0.0006231261436938,0.0006227378575028,0.6231261436938098,25,25,50,0.0249250457477523,0,0.0,2.5,0.0007279566068244,0.0
bg,50,0.0006390122636642,0.000638603926991,0.6390122636642133,19,19,38,0.0336322244033796,0,0.0,2.5,0.0006402449102929,0.0
bg,50,0.0005750892834989,0.0005747585558149,0.5750892834989827,19,19,38,0.0302678570262622,0,0.0,2.5,0.0006498126801263,0.0
bg,50,0.0007602584877971,0.0007596804948288,0.7602584877971026,27,27,54,0.028157721770263,0,0.0,2.5,0.0007962088419383,0.0
bg,50,0.0009178655722969,0.000917023095088,0.917865572296904,25,25,50,0.0367146228918761,0,0.0,2.5,0.0010067723755525,0.0
bg,50,0.0004955163877969,0.0004952708513063,0.4955163877969681,21,21,42,0.0235960184665222,0,0.0,2.5,0.0004210386050184,0.0
bg,50,0.0011014506237227,0.0011002374302462,1.1014506237227106,22,22,44,0.0500659374419413,0,0.0,2.5,0.0009255937966644,0.0
bg,50,0.0008465049324328,0.0008457883618322,0.8465049324328504,30,30,60,0.028216831081095,0,0.0,2.5,0.0009139930252489,0.0
bg,50,0.0010550099846671,0.0010538969385993,1.055009984667123,28,28,56,0.0376789280238258,0,0.0,2.5,0.0008933442251848,0.0
bg,50,0.0006357105639947,0.0006353064360735,0.6357105639947402,31,31,62,0.0205067923869271,0,0.0,2.5,0.0005353241862106,0.0
bg,50,0.0008872529954115,0.0008864657775337,0.8872529954115682,28,28,56,0.0316876069789845,0,0.0,2.5,0.0007707463192223,0.0
bg,50,0.0004763267002024,0.000476099813077,0.4763267002024207,21,21,42,0.0226822238191628,0,0.0,2.5,0.0003846516735333,0.0
bg,50,0.0008305493960857,0.0008298595837864,0.8305493960857433,24,24,48,0.0346062248369059,0,0.0,2.5,0.0009357809580003,0.0
bg,50,0.0009769735711879,0.0009760190938291,0.9769735711879548,26,26,52,0.0375759065841521,0,0.0,2.5,0.0009762658308827,0.0
bg,50,0.001018731448012,0.0010176936342488,1.0187314480120475,21,21,42,0.048511021333907,0,0.0,2.5,0.0012479498898978,0.0
bg,50,0.0008143572002755,0.0008136940226259,0.8143572002755413,21,21,42,0.0387789142988353,0,0.0,2.5,0.00077887995337,0.0
bg,50,0.0005831413901653,0.0005828013362843,0.5831413901653093,25,25,50,0.0233256556066123,0,0.0,2.5,0.000476849080582,0.0
bg,50,0.000680237293018,0.0006797745702432,0.6802372930180525,30,30,60,0.022674576433935,0,0.0,2.5,0.0006316954757538,0.0
bg,50,0.0011946061110923,0.0011931790273317,1.1946061110923836,35,35,70,0.0341316031740681,0,0.0,2.5,0.0012721251703574,0.0
bg,50,0.0006660335314674,0.0006655899308024,0.6660335314674697,18,18,36,0.0370018628593038,0,0.0,2.5,0.0006467487666227,0.0
bg,50,0.0008882765906751,0.0008874875553736,0.8882765906751757,29,29,58,0.0306302272646612,0,0.0,2.5,0.0009233874495704,0.0
bg,50,0.0009055680357235,0.0009047479822562,0.9055680357235794,25,25,50,0.0362227214289431,0,0.0,2.5,0.000791708111253,0.0
bg,50,0.000917105980409,0.0009707332302443,0.9171059804090936,29,29,58,0.0316243441520377,0,0.0,2.5,0.0009563603526439,0.0
bg,50,0.0008472541504509,0.0008465363108555,0.8472541504509756,23,23,46,0.0368371369761293,0,0.0,2.5,0.0007281907528164,0.0
bg,50,0.0008161193859536,0.0008154533351014,0.8161193859536144,37,37,74,0.022057280701449,0,0.0,2.5,0.0009322747990503,0.0
bg,50,0.0008971955790402,0.0008963906191332,0.8971955790402575,21,21,42,0.042723599001917,0,0.0,2.5,0.0008234263335279,0.0
bg,50,0.0010557305772153,0.0010546160101637,1.0557305772153818,24,24,48,0.0439887740506409,0,0.0,2.5,0.0008963583301944,0.0
bg,50,0.0009959273255608,0.000994935454323,0.995927325560892,35,35,70,0.0284550664445969,0,0.0,2.5,0.0010683973447582,0.0
bg,50,0.0008871583379928,0.0008863712880761,0.8871583379928651,26,26,52,0.0341214745381871,0,0.0,2.5,0.0009060516019266,0.0
bg,50,0.000634762068399,0.0006343591455155,0.634762068399013,23,23,46,0.027598350799957,0,0.0,2.5,0.0007511758384714,0.0
bg,50,0.0004912591496115,0.0004910178140594,0.4912591496115297,21,21,42,0.0233932928386442,0,0.0,2.5,0.0005723438040436,0.0
bg,50,0.0006378977877378,0.0006374908741502,0.6378977877378276,23,23,46,0.0277346864233838,0,0.0,2.5,0.0005633770318189,0.0
bg,50,0.0007081203520429,0.0007076189176099,0.7081203520429256,27,27,54,0.0262266797052935,0,0.0,2.5,0.0005499271163747,0.0
bg,50,0.0010822561007573,0.0010810848224897,1.0822561007573626,26,26,52,0.0416252346445139,0,0.0,2.5,0.0010793789062466,0.0
bg,50,0.0006874491667402,0.0006869765803833,0.6874491667402389,20,20,40,0.0343724583370119,0,0.0,2.5,0.0006518648189551,0.0
bg,50,0.000998060416106,0.0009970642915118,0.9980604161060276,31,31,62,0.0321954972937428,0,0.0,2.5,0.0012902189897973,0.0
bg,50,0.0007285197102231,0.0007279889692549,0.7285197102231298,21,21,42,0.0346914147725299,0,0.0,2.5,0.0006785577772641,0.0
bg,50,0.0006815896421456,0.0006811250777053,0.6815896421456293,19,19,38,0.0358731390602962,0,0.0,2.5,0.0006918251536647,0.0
bg,50,0.0008658082043502,0.0008650585805035,0.8658082043502731,27,27,54,0.0320669705314915,0,0.0,2.5,0.0008902872825482,0.0
bg,50,0.0004775012046929,0.0004772731972924,0.4775012046929419,18,18,36,0.0265278447051634,0,0.0,2.5,0.0004840903513558,0.0
bg,50,0.0006352420933697,0.0006348385608525,0.6352420933697687,22,22,44,0.0288746406077167,0,0.0,2.5,0.0006007625368548,0.0
bg,50,0.0005763351333333,0.0005760029711474,0.5763351333333997,23,23,46,0.0250580492753652,0,0.0,2.5,0.0006379772563233,0.0
bg,50,0.0008024175558562,0.0008017736819223,0.8024175558562625,19,19,38,0.0422325029398032,0,0.0,2.5,0.0008166643175665,0.0
bg,50,0.0006750418815335,0.0006745861999917,0.675041881533561,26,26,52,0.0259631492897523,0,0.0,2.5,0.0007891550875259,0.0
bg,50,0.0006361876563087,0.0006357829215747,0.6361876563087971,19,19,38,0.0334835608583577,0,0.0,2.5,0.0009152087312704,0.0
bg,50,0.0008851912604878,0.0008844076969201,0.8851912604878436,27,27,54,0.0327848614995497,0,0.0,2.5,0.0007050126388247,0.0
bg,50,0.0007834786073423,0.0007828647686142,0.783478607342385,28,28,56,0.0279813788336566,0,0.0,2.5,0.0008392808847692,0.0
bg,50,0.0006912614779689,0.0006907836355379,0.6912614779689035,21,21,42,0.0329172132366144,0,0.0,2.5,0.0008179575195545,0.0
bg,50,0.0008540578759049,0.0008533284610495,0.8540578759049673,25,25,50,0.0341623150361986,0,0.0,2.5,0.0008773024862808,0.0
bg,50,0.0011792400257614,0.001177849418723,1.1792400257614553,28,28,56,0.0421157152057662,0,0.0,2.5,0.0011381543728688,0.0
bg,50,0.0009109979532426,0.0009101680359718,0.910997953242692,33,33,66,0.0276059985831118,0,0.0,2.5,0.0008526184890923,0.0
bg,50,0.0009285286189085,0.0009276664535124,0.9285286189085936,25,25,50,0.0371411447563437,0,0.0,2.5,0.0010714461630106,0.0
bg,50,0.0008378525663242,0.0008371505694013,0.8378525663242602,33,33,66,0.0253894717067957,0,0.0,2.5,0.0010432208762212,0.0
bg,50,0.000546196720831,0.0005458983899732,0.5461967208310656,21,21,42,0.0260093676586221,0,0.0,2.5,0.0005954763692766,0.0
bg,50,0.0006262943233914,0.0006259020788119,0.6262943233914413,19,19,38,0.0329628591258653,0,0.0,2.5,0.0005122235540672,0.0
bg,50,0.000721880088321,0.0007213589774591,0.7218800883210292,23,23,46,0.0313860907965664,0,0.0,2.5,0.0007378331174896,0.0
bg,50,0.0011531241668681,0.0011517944715239,1.1531241668681744,24,24,48,0.0480468402861739,0,0.0,2.5,0.0012210572085961,0.0
bg,50,0.0010385652096082,0.0010374865919136,1.0385652096082367,33,33,66,0.0314716730184314,0,0.0,2.5,0.0010915006470623,0.0
bg,50,0.000995105561751,0.000994115326672,0.9951055617510534,31,31,62,0.0321001794113243,0,0.0,2.5,0.0013160013174495,0.0
bg,50,0.0005718408040054,0.0005715138021003,0.571840804005447,23,23,46,0.0248626436524107,0,0.0,2.5,0.0006054007327266,0.0
bg,50,0.0012492863129156,0.001247725596624,1.2492863129156755,29,29,58,0.0430788383764026,0,0.0,2.5,0.0015636424907641,0.0
bg,50,0.0007029387544674,0.0007024446315749,0.7029387544674464,25,25,50,0.0281175501786978,0,0.0,2.5,0.0007458036317919,0.0
bg,50,0.0012637314047425,0.0012621343876791,1.263731404742531,32,32,64,0.039491606398204,0,0.0,2.5,0.001134729685947,0.0
bg,50,0.0008677855083071,0.0008670324566187,0.8677855083071506,27,27,54,0.0321402040113759,0,0.0,2.5,0.0009064740628946,0.0
bg,50,0.0010871727008696,0.0010859907563881,1.0871727008696936,22,22,44,0.0494169409486224,0,0.0,2.5,0.0006154324692482,0.0
bg,50,0.0007015378133489,0.0007010456580454,0.7015378133489776,30,30,60,0.0233845937782992,0,0.0,2.5,0.0007409933037959,0.0
bg,50,0.0003183218161824,0.0003182204874038,0.3183218161824719,18,18,36,0.0176845453434706,0,0.0,2.5,0.000358525298844,0.0
bg,50,0.0006467561211925,0.0006463378277122,0.6467561211925066,23,23,46,0.0281198313561959,0,0.0,2.5,0.0006381615401699,0.0
bg,50,0.0003247523762078,0.000324646912102,0.3247523762078756,15,15,30,0.0216501584138583,0,0.0,2.5,0.0002491093923721,0.0
bg,50,0.0006483214216239,0.0006479011009582,0.6483214216239617,23,23,46,0.0281878878966939,0,0.0,2.5,0.0006599695703166,0.0
bg,50,0.0008643873676197,0.0008636402020984,0.8643873676197238,29,29,58,0.0298064609524042,0,0.0,2.5,0.0007543568962821,0.0
bg,50,0.0005752907301124,0.0005749597706883,0.5752907301124881,18,18,36,0.0319605961173604,0,0.0,2.5,0.000493465951384,0.0
bg,50,0.0006832167141337,0.0006827499290552,0.683216714133728,26,26,52,0.0262775659282203,0,0.0,2.5,0.0007492565713908,0.0
bg,50,0.0007956829948728,0.0007950498834445,0.7956829948728963,23,23,46,0.0345949128205607,0,0.0,2.5,0.0007082461458165,0.0
bg,50,0.0005208072490918,0.0005205360089011,0.5208072490918738,18,18,36,0.0289337360606596,0,0.0,2.5,0.0004954422574367,0.0
bg,50,0.000764391845147,0.000763807550254,0.76439184514701,28,28,56,0.0272997087552503,0,0.0,2.5,0.0006617730978121,0.0
bg,50,0.0005260511674955,0.0005257744376647,0.526051167495595,23,23,46,0.0228717898911128,0,0.0,2.5,0.000416675290558,0.0
bg,50,0.000687863833171,0.000687390676518,0.6878638331710647,22,22,44,0.031266537871412,0,0.0,2.5,0.0006318845254499,0.0
bg,50,0.0011232456765244,0.0011219839956745,1.1232456765244194,30,30,60,0.0374415225508139,0,0.0,2.5,0.00122589312255,0.0
bg,50,0.0008558829867896,0.0008551504511026,0.8558829867896902,21,21,42,0.0407563327042709,0,0.0,2.5,0.0008514204551911,0.0
bg,50,0.00065596190566,0.0006555316196383,0.6559619056600354,22,22,44,0.0298164502572743,0,0.0,2.5,0.0005931828481644,0.0
bg,50,0.000815218512627,0.0008145539314037,0.815218512627041,19,19,38,0.0429062375066863,0,0.0,2.5,0.0007181273493627,0.0
bg,50,0.0005804426672937,0.0005801057536037,0.5804426672937666,21,21,42,0.0276401270139888,0,0.0,2.5,0.0005286399557133,0.0
bg,50,0.0012488895805966,0.0012473298554121,1.2488895805966873,31,31,62,0.0402867606644092,0,0.0,2.5,0.000929262923926,0.0
bg,50,0.0005756944794028,0.0005753630552692,0.5756944794028414,20,20,40,0.028784723970142,0,0.0,2.5,0.000568654292973,0.0
bg,50,0.0005376862071965,0.0005373971007391,0.5376862071965434,16,16,32,0.0336053879497839,0,0.0,2.5,0.0005514157494,0.0
bg,50,0.0013492179728916,0.0013473975837533,1.3492179728916849,30,30,60,0.0449739324297228,0,0.0,2.5,0.0012160657596422,0.0
bg,50,0.0008558600889338,0.000855127592442,0.8558600889338379,26,26,52,0.0329176957282245,0,0.0,2.5,0.0009804924095664,0.0
bg,50,0.0006568194234922,0.0006563880117371,0.6568194234922444,22,22,44,0.0298554283405565,0,0.0,2.5,0.0006479833345739,0.0
bg,50,0.0008854756020592,0.0008846915350174,0.8854756020592838,28,28,56,0.0316241286449744,0,0.0,2.5,0.0007966554454916,0.0
bg,50,0.0007636296841713,0.0007630465538767,0.7636296841713417,21,21,42,0.0363633182938734,0,0.0,2.5,0.0008280330109803,0.0
bg,50,0.0004488764489771,0.0004486749589106,0.4488764489771455,20,20,40,0.0224438224488572,0,0.0,2.5,0.0004940403039513,0.0
bg,50,0.0006298986401472,0.0006295018678504,0.6298986401472675,19,19,38,0.0331525600077509,0,0.0,2.5,0.0008271068478384,0.0
bg,50,0.0005816433775716,0.0005813050685529,0.5816433775716519,18,18,36,0.0323135209762028,0,0.0,2.5,0.0005654797267546,0.0
bg,50,0.0009558932980342,0.000954979566037,0.955893298034276,33,33,66,0.0289664635767962,0,0.0,2.5,0.0010408888557578,0.0
bg,50,0.0007887491145426,0.0007881269893769,0.7887491145426608,24,24,48,0.0328645464392775,0,0.0,2.5,0.0007780291151707,0.0
bg,50,0.0013806151313886,0.0013787090332476,1.3806151313886232,33,33,66,0.0418368221632916,0,0.0,2.5,0.0012568804296047,0.0
bg,50,0.0010846891259687,0.0010835125754687,1.084689125968767,30,30,60,0.0361563041989589,0,0.0,2.5,0.0011539634560328,0.0
bg,50,0.0004952691852586,0.0004950238936928,0.4952691852586959,22,22,44,0.022512235693577,0,0.0,2.5,0.0004158195861599,0.0
bg,50,0.0008430941361487,0.0008423833284263,0.843094136148796,25,25,50,0.0337237654459518,0,0.0,2.5,0.0007825445146044,0.0
bg,50,0.0009070984758428,0.0009062756481979,0.9070984758428297,27,27,54,0.0335962398460307,0,0.0,2.5,0.0006950376437202,0.0
bg,50,0.0009237914038998,0.0009229380133419,0.923791403899838,23,23,46,0.040164843647819,0,0.0,2.5,0.001082784952064,0.0
bg,50,0.0007869077089463,0.0007862884852039,0.7869077089463445,25,25,50,0.0314763083578537,0,0.0,2.5,0.00072782503809,0.0
bg,50,0.0005385109391576,0.000538220945126,0.538510939157689,13,13,26,0.0414239183967453,0,0.0,2.5,0.0005657963250394,0.0
bg,50,0.00086543993912,0.0008646909528317,0.8654399391200123,28,28,56,0.0309085692542861,0,0.0,2.5,0.0008112626724617,0.0
bg,50,0.0008168682710001,0.000816200997228,0.8168682710001796,27,27,54,0.030254380407414,0,0.0,2.5,0.0007353294739017,0.0
bg,50,0.0006776564506208,0.0006771972323558,0.6776564506208995,24,24,48,0.0282356854425374,0,0.0,2.5,0.0006117749415517,0.0
bg,50,0.0009005826775704,0.0008997716284113,0.9005826775704868,26,26,52,0.0346377952911725,0,0.0,2.5,0.0011680834746294,0.0
bg,50,0.000872710562641,0.0008719489389149,0.8727105626410978,29,29,58,0.0300934676772792,0,0.0,2.5,0.0008157624188666,0.0
bg,50,0.0005272043616058,0.0005269264171669,0.5272043616058433,19,19,38,0.0277475979792549,0,0.0,2.5,0.0004213282389466,0.0
bg,50,0.0006910603366629,0.000690582772274,0.6910603366629791,34,34,68,0.0203253040194993,0,0.0,2.5,0.0006143705272002,0.0
bg,50,0.0010643190365372,0.0010631862615257,1.0643190365372988,26,26,52,0.0409353475591268,0,0.0,2.5,0.0008572003303654,0.0
bg,50,0.000658697656501,0.0006582637738983,0.6586976565010509,23,23,46,0.0286390285435239,0,0.0,2.5,0.0007171073073139,0.0
bg,50,0.0010429609838084,0.0010418732161946,1.0429609838084186,29,29,58,0.0359641718554627,0,0.0,2.5,0.0007614615677731,0.0
bg,50,0.0007988536709402,0.0007982155037526,0.798853670940268,24,24,48,0.0332855696225111,0,0.0,2.5,0.000709118462456,0.0
bg,50,0.0007941343936278,0.0007935037441927,0.7941343936278429,29,29,58,0.0273839446078566,0,0.0,2.5,0.0007126612824612,0.0
bg,50,0.0010170951540332,0.0010160606714808,1.017095154033257,30,30,60,0.0339031718011085,0,0.0,2.5,0.0008757473539329,0.0
bg,50,0.0006954821719408,0.0006949984764894,0.6954821719408937,26,26,52,0.0267493143054189,0,0.0,2.5,0.000773900541892,0.0
bg,50,0.001064199777527,0.0010630672563605,1.0641997775270378,30,30,60,0.0354733259175679,0,0.0,2.5,0.0011446164583969,0.0
bg,50,0.0009977362490393,0.0009967407714166,0.9977362490393128,34,34,68,0.0293451837952739,0,0.0,2.5,0.0007409748305516,0.0
bg,50,0.0006614818043114,0.0006610442461339,0.6614818043114088,26,26,52,0.0254416078581311,0,0.0,2.5,0.0006396373108626,0.0
bg,50,0.0010213696162528,0.0010203264203598,1.021369616252855,33,33,66,0.0309505944319046,0,0.0,2.5,0.0011648377998226,0.0
bg,50,0.0005702246734195,0.0005698995172413,0.5702246734195029,16,16,32,0.0356390420887189,0,0.0,2.5,0.0005975129890039,0.0
bg,50,0.0005674793350146,0.0005671573022189,0.5674793350146103,22,22,44,0.0257945152279368,0,0.0,2.5,0.0007731579667801,0.0
bg,50,0.0006448895144988,0.0006444736320129,0.6448895144988995,24,24,48,0.0268703964374541,0,0.0,2.5,0.0006703826140582,0.0
bg,50,0.0007670943541875,0.0007665059204393,0.7670943541875808,28,28,56,0.0273962269352707,0,0.0,2.5,0.0006773266526868,0.0
bg,50,0.0009311731305865,0.0009303060471873,0.9311731305865044,27,27,54,0.034487893725426,0,0.0,2.5,0.0007934480813646,0.0
bg,50,0.0011812203665726,0.0011798250850182,1.1812203665726528,29,29,58,0.0407317367783673,0,0.0,2.5,0.0013236199868416,0.0
bg,50,0.0004653732469869,0.0004651566747279,0.4653732469869425,14,14,28,0.033240946213353,0,0.0,2.5,0.0004114069140188,0.0
bg,50,0.0005805193415932,0.0005801823388872,0.5805193415932308,22,22,44,0.0263872427996923,0,0.0,2.5,0.0004706653480382,0.0
bg,50,0.0014209264705641,0.0014189074385294,1.4209264705641589,34,34,68,0.0417919550165929,0,0.0,2.5,0.0014944551585076,0.0
bg,50,0.0008461277544349,0.0008454118222581,0.8461277544349723,25,25,50,0.0338451101773988,0,0.0,2.5,0.0009043502986661,0.0
bg,50,0.0009834148390282,0.0009824477342826,0.983414839028228,30,30,60,0.0327804946342742,0,0.0,2.5,0.0009796909094754,0.0
bg,50,0.000827962626772,0.0008272771046607,0.827962626772063,22,22,44,0.0376346648532755,0,0.0,2.5,0.0011944415376471,0.0
bg,50,0.0011474695684941,0.0011461528820834,1.1474695684941023,34,34,68,0.0337491049557088,0,0.0,2.5,0.0012643573366279,0.0
bg,50,0.0007637517052254,0.0007631683885582,0.7637517052254452,21,21,42,0.0363691288202593,0,0.0,2.5,0.000745842223683,0.0
bg,50,0.0006215410285381,0.000621154715288,0.621541028538175,22,22,44,0.0282518649335534,0,0.0,2.5,0.0007024588007112,0.0
bg,50,0.0005568443223814,0.000556534246782,0.5568443223814228,22,22,44,0.0253111055627919,0,0.0,2.5,0.0006384877221202,0.0
bg,50,0.0006042196991577,0.0006038546177129,0.6042196991577597,21,21,42,0.0287723666265599,0,0.0,2.5,0.0005989614812789,0.0
bg,50,0.0008281680139379,0.0008274821516786,0.8281680139379695,27,27,54,0.0306728894051099,0,0.0,2.5,0.0008705185667442,0.0
bg,50,0.0007862788049047,0.0007856605705457,0.786278804904768,22,22,44,0.0357399456774894,0,0.0,2.5,0.0008476339544926,0.0
bg,50,0.0011024964246995,0.001101280926333,1.102496424699531,29,29,58,0.0380171180930872,0,0.0,2.5,0.0012267967334234,0.0
bg,50,0.000940851871745,0.0009424775569349,0.940851871745,31,31,62,0.0303500603788709,0,0.0,2.5,0.0010087049716075,0.0
bg,50,0.0009300685587207,0.0009292035311968,0.930068558720734,26,26,52,0.0357718676431051,0,0.0,2.5,0.000788828705347,0.0
bg,50,0.000947634372757,0.0009467363618526,0.9476343727570402,28,28,56,0.0338440847413228,0,0.0,2.5,0.0010706821276369,0.0
bg,50,0.0004956643419816,0.0004954186588417,0.4956643419816693,27,27,54,0.0183579385919136,0,0.0,2.5,0.0006570189857461,0.0
bg,50,0.0007702354110646,0.0007696421484761,0.7702354110646539,21,21,42,0.0366778767173644,0,0.0,2.5,0.0008613178128158,0.0
bg,50,0.0008531169267432,0.0008523891182525,0.8531169267432546,29,29,58,0.0294178250601122,0,0.0,2.5,0.0009072191127649,0.0
bg,50,0.0009032414426,0.0009024255974963,0.9032414426000166,26,26,52,0.034740055484616,0,0.0,2.5,0.0008535265722244,0.0
bg,50,0.0009895791285153,0.0009885998616637,0.9895791285153042,26,26,52,0.038060735712127,0,0.0,2.5,0.0012043616912588,0.0
bg,50,0.0009349914233303,0.0009341172143686,0.9349914233303736,25,25,50,0.0373996569332149,0,0.0,2.5,0.0007367770001988,0.0
bg,50,0.001003135254155,0.0010021289738169,1.003135254155055,29,29,58,0.0345908708329329,0,0.0,2.5,0.0008711836177627,0.0
bg,50,0.0005781028225329,0.0005777686196595,0.5781028225329834,19,19,38,0.0304264643438412,0,0.0,2.5,0.0005562218846133,0.0
bg,50,0.0004799128880868,0.0004796825717066,0.4799128880868295,26,26,52,0.0184581880033395,0,0.0,2.5,0.0005662510335268,0.0
bg,50,0.0008784184227101,0.0008776468037848,0.8784184227101974,25,25,50,0.0351367369084079,0,0.0,2.5,0.0009378294080539,0.0
bg,50,0.0009627047623924,0.0009617779619329,0.9627047623924536,28,28,56,0.0343823129425876,0,0.0,2.5,0.001047730971737,0.0
bg,50,0.0012116428137873,0.0012101747354791,1.2116428137873037,29,29,58,0.0417807866823208,0,0.0,2.5,0.0010269240131857,0.0
bg,50,0.0010743494563304,0.0010731952295761,1.0743494563304736,27,27,54,0.0397907206048323,0,0.0,2.5,0.0012014022982265,0.0
bg,50,0.0009057404420904,0.000904920076342,0.9057404420904492,27,27,54,0.0335459422996462,0,0.0,2.5,0.0007320306258491,0.0
bg,50,0.0006476949369623,0.000647275428231,0.647694936962381,20,20,40,0.032384746848119,0,0.0,2.5,0.0006910940380059,0.0
bg,50,0.001015907190217,0.0010148751227979,1.0159071902170744,27,27,54,0.037626192230262,0,0.0,2.5,0.0009198315526499,0.0
bg,50,0.0013395428224071,0.0013504804234393,1.3395428224071564,37,37,74,0.0362038600650582,0,0.0,2.5,0.0016180588418096,0.0
bg,50,0.0009739766992097,0.0009730280685991,0.9739766992097826,25,25,50,0.0389590679683913,0,0.0,2.5,0.0009768607644334,0.0
bg,50,0.0007503161211249,0.0007497531468433,0.7503161211249818,20,20,40,0.037515806056249,0,0.0,2.5,0.0008989558861801,0.0
bg,50,0.0011149538735195,0.0011137107513795,1.1149538735195987,37,37,74,0.0301338884735026,0,0.0,2.5,0.0010068539687413,0.0
bg,50,0.0012031109057163,0.0012016634298649,1.2031109057163718,32,32,64,0.0375972158036366,0,0.0,2.5,0.0012649493248559,0.0
bg,50,0.0007462385294188,0.000745681657476,0.7462385294188465,25,25,50,0.0298495411767538,0,0.0,2.5,0.000624526925195,0.0
bg,50,0.0006428740137088,0.0006424607267113,0.6428740137088198,26,26,52,0.0247259236041853,0,0.0,2.5,0.0005644122237545,0.0
bg,50,0.0004042334530684,0.0004040700483839,0.4042334530684854,16,16,32,0.0252645908167803,0,0.0,2.5,0.0004203313220591,0.0
bg,50,0.0014358220653719,0.0014337604803685,1.4358220653719194,34,34,68,0.0422300607462329,0,0.0,2.5,0.002021584571791,0.0
bg,50,0.001107608159053,0.001106381363219,1.1076081590530151,26,26,52,0.0426003138097313,0,0.0,2.5,0.0012911606447042,0.0
bg,50,0.0009854022761283,0.0009844312584825,0.9854022761283758,34,34,68,0.0289824198861287,0,0.0,2.5,0.0008708108705579,0.0
bg,50,0.0007592520586029,0.0007586755949144,0.7592520586029758,23,23,46,0.0330109590696946,0,0.0,2.5,0.0007025981616098,0.0
bg,50,0.0007359678644289,0.0007354262157314,0.7359678644289005,24,24,48,0.0306653276845375,0,0.0,2.5,0.0009244239720123,0.0
bg,50,0.0006421574102913,0.0006417450441517,0.6421574102913326,23,23,46,0.0279198874039709,0,0.0,2.5,0.0004780688529465,0.0
bg,50,0.0006883707630234,0.000687896908716,0.6883707630234035,25,25,50,0.0275348305209361,0,0.0,2.5,0.0006776856739774,0.0
bg,50,0.0005120180384789,0.0005443001431057,0.5120180384789421,20,20,40,0.0256009019239471,0,0.0,2.5,0.0006541909755301,0.0
bg,50,0.0012184529502338,0.0012169683226419,1.21845295023384,31,31,62,0.0393049338785109,0,0.0,2.5,0.0012423590659983,0.0
bg,50,0.0007590777937749,0.0007585015946779,0.7590777937749422,24,24,48,0.0316282414072892,0,0.0,2.5,0.000686474717841,0.0
bg,50,0.0008573591648265,0.000856624100089,0.8573591648265975,24,24,48,0.0357232985344415,0,0.0,2.5,0.0009872291595397,0.0
bg,50,0.0004790830351754,0.0004788535146209,0.4790830351754969,19,19,38,0.025214896588184,0,0.0,2.5,0.0003553837663363,0.0
bg,50,0.0006163420221372,0.0006159621446489,0.616342022137232,26,26,52,0.0237054623898935,0,0.0,2.5,0.0006680044647925,0.0
bg,50,0.0005814468456117,0.0005811087651775,0.5814468456117865,19,19,38,0.030602465558515,0,0.0,2.5,0.0006077655449147,0.0
bg,50,0.0010846757658088,0.0010834992442918,1.0846757658088109,28,28,56,0.0387384202074575,0,0.0,2.5,0.0010622907759261,0.0
bg,50,0.0008632175818295,0.0008624724372359,0.8632175818295424,32,32,64,0.0269755494321732,0,0.0,2.5,0.0010022889328118,0.0
bg,50,0.0008173472344782,0.0008166791779765,0.8173472344782766,22,22,44,0.0371521470217398,0,0.0,2.5,0.0008103433976712,0.0
bg,50,0.0006834671772285,0.0006830000498461,0.6834671772285148,27,27,54,0.0253135991566116,0,0.0,2.5,0.0008939865356386,0.0
bg,50,0.0009149049716457,0.0009140679205385,0.9149049716457376,19,19,38,0.0481528932445125,0,0.0,2.5,0.0008015246001913,0.0
bg,50,0.0008670013912029,0.0008662496997905,0.8670013912029262,25,25,50,0.034680055648117,0,0.0,2.5,0.0007639365029683,0.0
bg,50,0.0007597578875269,0.0007591806554792,0.7597578875269306,23,23,46,0.0330329516316056,0,0.0,2.5,0.0007230375116371,0.0
bg,50,0.0006799363356851,0.0006794740222645,0.6799363356851575,23,23,46,0.0295624493776155,0,0.0,2.5,0.0007728668529776,0.0
bg,50,0.000878109167106,0.0008773380913967,0.8781091671060821,29,29,58,0.0302796264519338,0,0.0,2.5,0.0005682102912622,0.0
bg,50,0.0006186643648438,0.0006182816192475,0.6186643648438661,23,23,46,0.0268984506453854,0,0.0,2.5,0.0005608050430675,0.0
bg,50,0.0009259690560126,0.0009251116373199,0.9259690560126757,25,25,50,0.037038762240507,0,0.0,2.5,0.0009395933999723,0.0
bg,50,0.0006076406859247,0.0006072714587215,0.6076406859247854,25,25,50,0.0243056274369914,0,0.0,2.5,0.0005937839106744,0.0
bg,50,0.0008538877476409,0.0008531586233553,0.8538877476409041,26,26,52,0.032841836447727,0,0.0,2.5,0.0007124157119535,0.0
bg,50,0.0005980096797895,0.0005976520642124,0.5980096797895538,24,24,48,0.0249170699912314,0,0.0,2.5,0.0005990602619364,0.0
bg,50,0.0013737004567605,0.0013718134038156,1.373700456760524,41,41,82,0.033504889189281,0,0.0,2.5,0.0013510243547119,0.0
bg,50,0.0009830349567398,0.0009820685990136,0.9830349567398002,37,37,74,0.0265685123443189,0,0.0,2.5,0.0010688751122697,0.0
bg,50,0.0005177628354851,0.0005174947571313,0.5177628354851791,27,26,53,0.0199139552109684,0,0.0,2.5,0.0004625015265931,0.0
bg,50,0.0006300828590512,0.0006296858546419,0.6300828590512602,22,22,44,0.0286401299568754,0,0.0,2.5,0.0006578548590429,0.0
bg,50,0.000755518983623,0.0007549481746884,0.7555189836230687,30,30,60,0.0251839661207689,0,0.0,2.5,0.0007010618182531,0.0
bg,50,0.0007340920671604,0.0007335531759973,0.7340920671604145,25,25,50,0.0293636826864165,0,0.0,2.5,0.000787911504318,0.0
bg,50,0.0007761880115508,0.0007755855437216,0.7761880115508824,30,30,60,0.0258729337183627,0,0.0,2.5,0.0006893921288047,0.0
bg,50,0.0008050641037064,0.0008044159754953,0.8050641037064763,21,21,42,0.0383363858907845,0,0.0,2.5,0.0006792859338246,0.0
bg,50,0.0006858237637029,0.000685353409468,0.6858237637029072,18,18,36,0.038101320205717,0,0.0,2.5,0.0005836771591663,0.0
bg,50,0.0006594456756268,0.0006590108070277,0.6594456756268396,26,26,52,0.0253632952164169,0,0.0,2.5,0.0005794504076975,0.0
bg,50,0.0007311167514312,0.000730582219727,0.7311167514312764,21,21,42,0.0348150834014893,0,0.0,2.5,0.0005580524973037,0.0
bg,50,0.000518270757245,0.0005180021526672,0.5182707572450198,16,16,32,0.0323919223278137,0,0.0,2.5,0.0005155264295532,0.0
bg,50,0.0008077913170838,0.0008071387902719,0.8077913170838684,21,21,42,0.0384662531944699,0,0.0,2.5,0.0006183543553262,0.0
bg,50,0.000910392010386,0.0009095631967734,0.9103920103860405,30,30,60,0.0303464003462013,0,0.0,2.5,0.0009042228490958,0.0
bg,50,0.0010532421530757,0.0010521328340427,1.053242153075744,33,33,66,0.0319164288810831,0,0.0,2.5,0.0010986623679038,0.0
bg,50,0.0007318232092784,0.0007312876440688,0.7318232092784918,19,19,38,0.0385170110146574,0,0.0,2.5,0.0006754131231432,0.0
bg,50,0.0008468308470774,0.0008461137245938,0.8468308470774133,24,24,48,0.0352846186282255,0,0.0,2.5,0.0009231483245635,0.0
bg,50,0.0006256909356185,0.0006252994464715,0.6256909356185112,23,23,46,0.0272039537225439,0,0.0,2.5,0.0006756457370663,0.0
bg,50,0.0006459106204669,0.0006454934199373,0.6459106204669922,18,18,36,0.0358839233592773,0,0.0,2.5,0.0005221565834386,0.0
bg,50,0.0005683607637679,0.0005680377298101,0.5683607637679273,22,22,44,0.0258345801712694,0,0.0,2.5,0.0005797898841695,0.0
bg,50,0.0011080710607758,0.0011068432393001,1.108071060775865,21,21,42,0.0527652886083745,0,0.0,2.5,0.0010205661926027,0.0
bg,50,0.0009740010731926,0.000973052395102,0.9740010731926336,28,28,56,0.0347857526140226,0,0.0,2.5,0.0007813070893118,0.0
bg,50,0.0006229673643355,0.0006225792759985,0.6229673643355405,22,22,44,0.0283166983788882,0,0.0,2.5,0.0005692436426899,0.0
bg,50,0.0006619587164091,0.0006615205270668,0.6619587164091243,14,14,28,0.0472827654577945,0,0.0,2.5,0.0006770791243945,0.0
bg,50,0.0005028643692148,0.000502611496641,0.5028643692148549,15,15,30,0.0335242912809903,0,0.0,2.5,0.0003779673261945,0.0
bg,50,0.0003741938733998,0.0003740538523449,0.374193873399804,13,13,26,0.0287841441076772,0,0.0,2.5,0.0002844532710713,0.0
bg,50,0.0005323422191876,0.0005320588309493,0.532342219187683,16,16,32,0.0332713886992301,0,0.0,2.5,0.0005977993594738,0.0
bg,50,0.0009383725871408,0.0009374920440285,0.9383725871408082,28,28,56,0.0335133066836002,0,0.0,2.5,0.0010089061154028,0.0
bg,50,0.0005824098052708,0.0005820706040896,0.5824098052708919,21,21,42,0.0277338002509948,0,0.0,2.5,0.0005744363287836,0.0
bg,50,0.000742874260346,0.0007423223981793,0.7428742603460279,24,24,48,0.0309530941810844,0,0.0,2.5,0.0007414913268137,0.0
bg,50,0.0010279673558141,0.0010269106389295,1.0279673558141504,34,34,68,0.0302343339945338,0,0.0,2.5,0.0011807240032083,0.0
bg,50,0.0004521318338654,0.0004519274106702,0.4521318338654509,20,20,40,0.0226065916932725,0,0.0,2.5,0.0004681680813373,0.0
bg,50,0.0005589926672823,0.0005586801944802,0.558992667282368,29,29,58,0.0192756092166333,0,0.0,2.5,0.0006289901821769,0.0
bg,50,0.0010113524037192,0.0010103295700347,1.0113524037192292,29,29,58,0.0348742208179044,0,0.0,2.5,0.0010794585886494,0.0
bg,50,0.0010080404022147,0.0010070242567622,1.0080404022147675,28,28,56,0.0360014429362417,0,0.0,2.5,0.0008690656408461,0.0
bg,50,0.0004040111973708,0.0004038479723232,0.4040111973708269,16,16,32,0.0252506998356766,0,0.0,2.5,0.0003826732570531,0.0
bg,50,0.00082568565298,0.0008250038961825,0.8256856529800523,27,27,54,0.0305809501103723,0,0.0,2.5,0.0007506995586022,0.0
bg,50,0.0006991625772514,0.000698673748942,0.6991625772514833,23,23,46,0.0303983729239775,0,0.0,2.5,0.0008178965817585,0.0
bg,50,0.0007280339850166,0.0007275039515332,0.7280339850166087,21,21,42,0.0346682850007908,0,0.0,2.5,0.0006147011192136,0.0
bg,50,0.0007748705175729,0.0007742700932539,0.7748705175729782,25,25,50,0.0309948207029191,0,0.0,2.5,0.0007563988233303,0.0
bg,50,0.0008205948770308,0.0008199215010786,0.8205948770308442,25,25,50,0.0328237950812337,0,0.0,2.5,0.0006942146470061,0.0
bg,50,0.000811678446405,0.0008110196245047,0.8116784464050895,19,19,38,0.0427199182318468,0,0.0,2.5,0.0007960329772221,0.0
bg,50,0.0005488388391701,0.0005485376150987,0.5488388391701609,20,20,40,0.027441941958508,0,0.0,2.5,0.0005931862991186,0.0
bg,50,0.0007389525927846,0.0007384065418502,0.7389525927846421,30,30,60,0.0246317530928214,0,0.0,2.5,0.0006657631884078,0.0
bg,50,0.0009884251608705,0.0009874481765718,0.988425160870504,28,28,56,0.035300898602518,1,0.001,2.5,0.0011324732701179,1.0931575971297476
bg,50,0.0010500449125878,0.0010489423182694,1.050044912587868,33,33,66,0.0318195428056929,0,0.0,2.5,0.0009540235359523,0.0
bg,50,0.0007911078921859,0.0007904820404888,0.7911078921859058,24,24,48,0.0329628288410794,0,0.0,2.5,0.0006765330726863,0.0
bg,50,0.0006549437857474,0.0006545148343849,0.6549437857474345,31,31,62,0.0211272188950785,0,0.0,2.5,0.0008319217416041,0.0
bg,50,0.000859320011797,0.0008585815809143,0.8593200117970703,29,29,58,0.0296317245447265,0,0.0,2.5,0.0008204590940868,0.0
bg,50,0.0009880337345472,0.0009870575238866,0.98803373454723,24,24,48,0.0411680722728012,0,0.0,2.5,0.0011702047689022,0.0
bg,50,0.0007245210261387,0.0007239960954214,0.7245210261387918,26,26,52,0.0278661933130304,0,0.0,2.5,0.0006667801423615,0.0
bg,50,0.0012537086970003,0.001299891213802,1.2537086970003894,28,28,56,0.0447753106071567,0,0.0,2.5,0.0013190987325169,0.0
bg,50,0.0006277660965552,0.0006273720062832,0.6277660965552343,19,19,38,0.0330403208713281,0,0.0,2.5,0.0005968886684186,0.0
bg,50,0.0005549897189279,0.0005546817053398,0.5549897189279243,21,21,42,0.0264280818537106,0,0.0,2.5,0.0004418846321122,0.0
bg,50,0.0011245171144375,0.0011232525756968,1.1245171144375554,34,34,68,0.0330740327775751,0,0.0,2.5,0.0009831560939657,0.0
bg,50,0.0007701808558347,0.000769587677284,0.7701808558347842,25,25,50,0.0308072342333913,0,0.0,2.5,0.0006746899742555,0.0
bg,50,0.0006363055332003,0.0006359006484687,0.6363055332003498,22,22,44,0.028922978781834,0,0.0,2.5,0.0007014211751865,0.0
bg,50,0.0004837042789012,0.0004834703090717,0.4837042789012109,16,16,32,0.0302315174313256,0,0.0,2.5,0.0005822297493722,0.0
bg,50,0.0007642019599464,0.0007636179553108,0.7642019599464192,23,23,46,0.0332261721715834,0,0.0,2.5,0.0006458356572069,0.0
bg,50,0.0007055929239785,0.0007050950626042,0.7055929239785961,27,27,54,0.0261330712584665,0,0.0,2.5,0.0007819963026386,0.0
bg,50,0.0003937660510693,0.0003936109993663,0.3937660510693099,15,15,30,0.0262510700712873,0,0.0,2.5,0.0003389202343566,0.0
bg,50,0.0010003302988019,0.0009993296380952,1.0003302988019769,36,36,72,0.0277869527444993,0,0.0,2.5,0.0010136607228606,0.0
bg,50,0.0013207486850424,0.0013190043079533,1.3207486850424388,34,34,68,0.0388455495600717,0,0.0,2.5,0.0010078072393519,0.0
bg,50,0.0006904692732819,0.0006899925254646,0.6904692732819555,18,18,36,0.0383594040712197,0,0.0,2.5,0.0006372063206058,0.0
bg,50,0.0007170629298086,0.0007165487505632,0.7170629298086055,24,24,48,0.0298776220753585,0,0.0,2.5,0.0007367935596932,0.0
bg,50,0.0006104957710095,0.0006101230659231,0.6104957710095391,23,23,46,0.026543294391719,0,0.0,2.5,0.0005927526870439,0.0
bg,50,0.0008730566235362,0.0008722943956683,0.8730566235362152,22,22,44,0.0396843919789188,0,0.0,2.5,0.0009727999533701,0.0
bg,50,0.0008131191203249,0.0008124579576211,0.8131191203249557,24,24,48,0.0338799633468731,0,0.0,2.5,0.0006037444169434,0.0
bg,50,0.0008280146062037,0.0008273289980156,0.8280146062037232,28,28,56,0.0295719502215615,0,0.0,2.5,0.0004113244339189,0.0
bg,50,0.0008189805190648,0.0008183097899742,0.8189805190648531,25,25,50,0.0327592207625941,0,0.0,2.5,0.0009024568319966,0.0
bg,50,0.0009482890117167,0.0009473897596669,0.9482890117167032,20,20,40,0.0474144505858351,0,0.0,2.5,0.0007287899199249,0.0
bg,50,0.0008001322013574,0.0007994919898177,0.8001322013574104,23,23,46,0.0347883565807569,0,0.0,2.5,0.0007753013932072,0.0
bg,50,0.0015287044863284,0.0015263675489219,1.528704486328456,35,35,70,0.0436772710379558,0,0.0,2.5,0.001501793502973,0.0
bg,50,0.0007196291243219,0.0007191112582454,0.7196291243219832,27,27,54,0.0266529305304438,0,0.0,2.5,0.0007567948726633,0.0
bg,50,0.000965632716113,0.0009647002695705,0.9656327161130136,26,26,52,0.0371397198505005,0,0.0,2.5,0.0011190192242691,0.0
bg,50,0.0003270308869959,0.0003269239377949,0.3270308869959848,12,12,24,0.027252573916332,0,0.0,2.5,0.0003886049493862,0.0
