ligand_type,r_max,time_weighted_mean_b,time_weighted_variance,total_bound_time,n_binding_events,n_unbinding_events,binding_unbinding_events,mean_bound_dwell_time,total_signal,signal_rate,ratio,time_weighted_variance_observed,total_signal_observed
ag,50,0.3321464464911032,0.2218251845744359,332.1464464911032,330,329,659,1.0095636671462103,74,0.074,11,0.17504860580628318,75.40389702565173
ag,50,0.3486746862545413,0.22710064941983849,348.6746862545413,327,327,654,1.0662834442034903,75,0.075,11,0.27637881133576286,69.27895754857968
ag,50,1.4107644353130746,0.8882993569067721,1410.7644353130745,1356,1354,2710,1.041923512048061,1663,1.663,11,0.9562772918279911,1514.853750254236
ag,50,1.029882319209947,0.6735570844639394,1029.8823192099471,964,963,1927,1.0694520448701423,730,0.73,11,0.45171010788018207,893.3438433417916
ag,50,1.2873049120624576,0.8332348676189398,1287.3049120624576,1353,1350,2703,0.953559194120339,1440,1.44,11,0.6383230071127582,1493.5313883043107
ag,50,0.9898020056063538,0.6343166893916853,989.8020056063538,980,980,1960,1.0100020465370956,831,0.831,11,0.6862984825331466,920.4492955833297
ag,50,0.5965031005749322,0.4171160614573428,596.5031005749322,636,635,1271,0.9393749615353263,291,0.291,11,0.41756021295745965,310.4802159121234
ag,50,0.6575997919637117,0.43636799788686176,657.5997919637117,672,671,1343,0.9800294962201367,315,0.315,11,0.4234841136474909,335.71914142598393
ag,50,2.024852799740345,1.2997393163344093,2024.8527997403453,1987,1986,3973,1.0195633432730842,3562,3.562,11,1.1117064000726966,4176.119849013228
ag,50,2.019588242167332,1.318460903729355,2019.5882421673323,1980,1978,3958,1.0210254004890456,3491,3.491,11,1.563808185956834,3917.0965532844943
ag,50,1.9342530801959308,1.271708263168691,1934.2530801959308,1894,1893,3787,1.0217924353914056,3256,3.256,11,1.3265967909123153,3438.815627735906
ag,50,1.3254170643276952,0.8587239942650262,1325.4170643276952,1306,1306,2612,1.0148675837118646,1588,1.588,11,1.1344162454611864,1543.3875534860133
ag,50,1.9584995171741493,1.2378193947366758,1958.4995171741493,1973,1970,3943,0.994162191458959,3322,3.322,11,1.3926300231821926,4077.2034270582153
ag,50,0.9740252473839565,0.667114839407464,974.0252473839564,1000,999,1999,0.975000247631588,885,0.885,11,0.6889440999632782,704.4862676867457
ag,50,2.261348441500627,1.4856176731520576,2261.348441500627,2278,2277,4555,0.9931262369348384,4356,4.356,11,1.7164613836890612,5230.195180759824
ag,50,1.6171008588745903,1.108487034049685,1617.1008588745904,1631,1629,3260,0.9926954320899879,2310,2.31,11,1.2453639215377177,2409.1452081208854
ag,50,1.902686560395148,1.2822642353597293,1902.686560395148,1962,1961,3923,0.9702634168256746,3376,3.376,11,1.1728713763355725,3545.6519965327925
ag,50,1.0163176861415848,0.6720413422607411,1016.3176861415848,982,981,1963,1.0360017187987611,837,0.837,11,0.5211089478048415,1097.0402427596625
ag,50,1.9720258458980846,1.311367609957017,1972.0258458980845,1921,1919,3840,1.0276320197488715,3146,3.146,11,1.264903749197031,2019.6161292538209
ag,50,1.3846326102784572,0.8990259997769592,1384.6326102784572,1332,1330,2662,1.041077150585306,1469,1.469,11,0.7537485963149286,1332.4159268333087
ag,50,1.3249318219825303,0.8683087713779414,1324.9318219825304,1339,1339,2678,0.989493519031016,1519,1.519,11,1.0133671823447017,1426.0781355313397
ag,50,0.9577506283338989,0.6587124773229689,957.7506283338989,965,963,1928,0.9945489390798535,817,0.817,11,0.6936473041069524,952.7957402348554
ag,50,0.0,0.0,0.0,0,0,0,,0,0.0,11,0.0,0.0
ag,50,2.240327527473451,1.4849016183748676,2240.327527473451,2228,2226,4454,1.006436445405863,4524,4.524,11,1.2002000352895528,4879.884745958656
ag,50,2.5680252691500423,1.6838770813598798,2568.0252691500423,2572,2568,5140,1.0000098400116988,6016,6.016,11,1.4932164033239048,5494.209355257661
ag,50,1.976530495186151,1.2232679226393153,1976.530495186151,1967,1964,3931,1.0063800891986512,3275,3.275,11,1.6163249094811893,2922.2842090383674
ag,50,2.2123813542478565,1.4907182688154919,2212.3813542478565,2259,2254,4513,0.9815356496219416,4247,4.247,11,1.839301273951857,4177.028437953724
ag,50,0.9697300858596469,0.6566631535179375,969.7300858596469,991,991,1982,0.9785369181227517,837,0.837,11,0.555066129808086,632.9926427695168
ag,50,1.0003128996561916,0.672180390897797,1000.3128996561916,936,934,1870,1.0709988219017041,776,0.776,11,0.727591386741185,836.4208910091106
ag,50,1.6119412461230378,1.1238064339399758,1611.941246123038,1631,1630,3261,0.9889210098914343,2237,2.237,11,1.2108084613110583,2095.3453710711624
ag,50,2.3036988220586516,1.563002456077111,2303.698822058652,2285,2284,4569,1.0086247031780438,4696,4.696,11,1.6706669411889223,5333.060682253937
ag,50,1.3452526935284963,0.8882278691779227,1345.2526935284964,1313,1313,2626,1.024564123022465,1638,1.638,11,0.7973099313235285,1762.9386323288809
ag,50,1.2705664036522781,0.8584253358140926,1270.566403652278,1309,1307,2616,0.9721242568112304,1452,1.452,11,0.9562929719901129,1426.2700714067498
ag,50,1.3351561919633617,0.8776271450515476,1335.1561919633616,1322,1320,2642,1.0114819636086072,1474,1.474,11,1.1420270496306038,1628.8221853974637
ag,50,2.5832636474730646,1.7591270224988689,2583.263647473065,2521,2517,5038,1.0263264392026479,5960,5.96,11,1.752178981585223,6734.376179186823
ag,50,1.002441973430163,0.631620024885335,1002.441973430163,999,999,1998,1.003445418849012,801,0.801,11,0.39871494486452924,1015.6515864723282
ag,50,2.8668163984905064,1.8398270981001352,2866.8163984905063,2869,2865,5734,1.0006339959827246,7692,7.692,11,1.4346208530114155,8389.823814182748
ag,50,2.2797437332708332,1.5910032694471736,2279.743733270833,2262,2259,4521,1.009182706184521,4685,4.685,11,1.746089895876755,5714.364343975526
ag,50,1.303199020154313,0.879601571200078,1303.199020154313,1308,1307,2615,0.9970918287332158,1412,1.412,11,1.1760537056573879,1574.7294680029504
ag,50,1.5632603998721901,1.0743722663633186,1563.2603998721902,1631,1630,3261,0.9590554600442884,2003,2.003,11,1.181810813167711,1832.5437425045393
ag,50,0.9618409113348874,0.6810205389960489,961.8409113348873,972,971,1943,0.9905673649174946,860,0.86,11,0.7288030949002066,987.5366681419631
ag,50,2.548096657220906,1.6934818030840972,2548.096657220906,2555,2553,5108,0.9980793800316905,5886,5.886,11,1.5956673892339333,5131.827727905564
ag,50,1.9036708890474037,1.253155822866485,1903.6708890474038,1917,1917,3834,0.9930468904785622,3411,3.411,11,1.2530460307567666,3697.5392887881176
ag,50,0.6574072370673398,0.43170556762254125,657.4072370673398,650,650,1300,1.0113957493343688,329,0.329,11,0.40252729716971375,502.8114065798427
ag,50,2.2711053042715856,1.477838802319402,2271.1053042715857,2257,2256,4513,1.0066956135955611,4469,4.469,11,1.33616469814246,4218.770294059857
ag,50,1.611777489736469,1.0623741554761457,1611.7774897364689,1662,1661,3323,0.9703657373488674,2292,2.292,11,1.0405418710126388,2010.3292264507736
ag,50,1.6142284097675428,1.0418966193639578,1614.2284097675429,1655,1652,3307,0.9771358412636458,2294,2.294,11,1.2439056094946874,2503.7354390761307
ag,50,1.325207406237438,0.8634212105712485,1325.207406237438,1322,1322,2644,1.0024261771841436,1478,1.478,11,0.7565894731888813,1673.7558478969352
ag,50,1.9212008418578206,1.2809361833023905,1921.2008418578205,1990,1988,3978,0.9663988138117809,3485,3.485,11,1.2283375010812652,3843.658866627238
ag,50,0.9810639165595387,0.6462688629670889,981.0639165595387,997,995,1992,0.9859938859894861,919,0.919,11,0.6177584940768039,1057.1416785594656
ag,50,2.1785374700444926,1.4195767309686655,2178.5374700444927,2296,2292,4588,0.9504962783789235,4516,4.516,11,1.4933029431523244,5299.677302748308
ag,50,1.2779764855267712,0.8337054383263133,1277.9764855267713,1300,1300,2600,0.9830588350205933,1458,1.458,11,0.7659064933151556,1501.3466984652193
ag,50,0.9682170954285926,0.6456633340668171,968.2170954285925,1035,1034,2069,0.9363801696601475,779,0.779,11,0.6401134112037563,718.7773499152842
ag,50,2.966845089375342,1.9101938071828446,2966.845089375342,2930,2927,5857,1.013612944781463,7794,7.794,11,1.9128466867722247,7771.068556753792
ag,50,1.6270688520779366,1.122147313250156,1627.0688520779365,1610,1606,3216,1.0131188369102968,2382,2.382,11,1.0712072609619698,2059.6507447290296
ag,50,2.3824013563555995,1.577352557762899,2382.4013563555995,2353,2350,4703,1.0137878112151488,4879,4.879,11,1.430397720233606,3157.188602047893
ag,50,1.9302986204345596,1.3017130728467783,1930.2986204345596,1904,1902,3806,1.0148783493346791,3266,3.266,11,1.194044098402506,3565.064108447406
ag,50,2.600093416224875,1.6710506737680093,2600.093416224875,2570,2570,5140,1.011709500476605,5949,5.949,11,1.5606264467332889,6024.761276818727
ag,50,1.9280452250887163,1.224909550333835,1928.0452250887163,1987,1986,3973,0.9708183409308743,3228,3.228,11,1.3241272844207281,3215.6451403160077
ag,50,2.622513204283446,1.6320309247459186,2622.5132042834457,2596,2592,5188,1.0117720695537984,6234,6.234,11,1.5736024688430255,6688.104328422157
ag,50,1.3297850537326863,0.8799316018287253,1329.7850537326863,1326,1324,2650,1.004369375931032,1555,1.555,11,1.0116859383139365,1665.976207829362
ag,50,0.6754451486056117,0.45842129595835507,675.4451486056116,668,668,1336,1.0111454320443287,323,0.323,11,0.46893796463793336,334.0620602564541
ag,50,2.265315547553385,1.530650477610128,2265.315547553385,2320,2316,4636,0.9781155213961075,4695,4.695,11,1.2399549245877646,5951.39547371085
ag,50,2.664012169353282,1.7470353353422734,2664.012169353282,2639,2636,5275,1.0106267713783315,6211,6.211,11,1.3503620796063758,6017.770581562885
ag,50,0.3224497750206714,0.2184759176097898,322.4497750206714,334,333,667,0.9683176427047189,83,0.083,11,0.21161775900560173,85.42411992142559
ag,50,1.9834098024153581,1.374282056151666,1983.4098024153582,1984,1983,3967,1.0002066577989703,3399,3.399,11,1.5499612137717718,3829.1734193667876
ag,50,2.3103075892232954,1.4051582451195155,2310.3075892232955,2287,2283,4570,1.0119612742984212,4559,4.559,11,1.735910069487795,3630.8870464567685
ag,50,1.726584059593854,1.0949486004679798,1726.584059593854,1698,1697,3395,1.0174331523829427,2518,2.518,11,0.8231411449364204,2348.4220890915885
ag,50,3.251597593019073,2.1508280431165794,3251.597593019073,3173,3168,6341,1.0263881291095558,9160,9.16,11,2.0250741775281247,9574.166253207073
ag,50,1.6101214265927495,1.0458120913929145,1610.1214265927495,1619,1619,3238,0.9945160139547556,2300,2.3,11,0.8720454817832817,2349.557044344062
ag,50,1.9359261290734602,1.290160309100547,1935.9261290734603,1927,1926,3853,1.0051537534130115,3255,3.255,11,1.4972213957397404,3754.7279149026203
ag,50,3.4968640189491373,2.167345780076168,3496.8640189491375,3541,3537,7078,0.9886525357503922,11188,11.188,11,2.2809252028448017,12444.006757928375
ag,50,1.3469402837429256,0.8578484425237153,1346.9402837429257,1317,1317,2634,1.0227337006400348,1523,1.523,11,0.8779421116678157,1815.6816376619383
ag,50,0.6272115985644242,0.4264205827662139,627.2115985644242,680,679,1359,0.9237284220389164,305,0.305,11,0.4505282413272919,306.5295588029129
ag,50,1.966902861802795,1.2341640869920374,1966.902861802795,1912,1910,3822,1.029792074242301,3224,3.224,11,1.2492053600278175,3713.4729342119062
ag,50,0.628731705354679,0.4534568814482811,628.7317053546791,633,633,1266,0.9932570384750065,327,0.327,11,0.6081019741923056,316.2676348967135
ag,50,0.6639909149273703,0.43681775673078027,663.9909149273702,662,661,1323,1.0045248334755978,316,0.316,11,0.4269260331390479,393.38778621192614
ag,50,1.5453012716383459,1.0878093262917772,1545.301271638346,1644,1642,3286,0.9411091788296869,2319,2.319,11,1.066584056554034,2669.7861651393637
ag,50,2.559641247203084,1.7529356220482586,2559.641247203084,2590,2587,5177,0.9894245253974039,5821,5.821,11,1.5614733188780596,5857.157012904844
ag,50,0.33384175999933086,0.22239143927988006,333.84175999933086,352,351,703,0.951116125354219,82,0.082,11,0.20676691065025096,68.70946644218186
ag,50,0.6763197135546679,0.4571635260080882,676.3197135546679,674,673,1347,1.0049327095908884,352,0.352,11,0.494677427463225,303.24090662798
ag,50,1.6537447727588195,1.0923157888686006,1653.7447727588194,1644,1644,3288,1.0059274773472138,2472,2.472,11,1.010797874151519,2862.4349767470794
ag,50,1.6183183349412942,1.089753700518455,1618.318334941294,1646,1644,3290,0.9843785492343639,2407,2.407,11,0.9809523225358332,2763.9923601882915
ag,50,1.2676976009131335,0.8410096301723474,1267.6976009131336,1273,1270,2543,0.9981870873331761,1401,1.401,11,0.7281893352464703,1173.3732384396017
ag,50,0.6585894420442148,0.4277083915326805,658.5894420442148,675,674,1349,0.9771356706887461,319,0.319,11,0.35284122746355884,317.99202768737723
ag,50,1.6806437829169345,1.0533825691244063,1680.6437829169345,1664,1661,3325,1.0118264797814176,2462,2.462,11,1.2555155123833643,2091.5517173879084
ag,50,0.9584963704195076,0.6262234206667392,958.4963704195077,991,990,1981,0.9681781519388967,767,0.767,11,0.8595026845594008,802.4827112230305
ag,50,1.3151886723012354,0.9089910372097866,1315.1886723012353,1309,1306,2615,1.0070357368309613,1479,1.479,11,0.8985248588261742,1397.7168483482028
ag,50,1.2691890406844828,0.9033672673585774,1269.1890406844827,1321,1319,2640,0.9622358155303129,1359,1.359,11,0.7911532752253013,1127.0544170574124
ag,50,2.011002138490682,1.2150544476784313,2011.0021384906818,2024,2023,4047,0.9940692726103222,3702,3.702,11,1.259031679523961,3267.359694642086
ag,50,2.2915399622154102,1.46136391234333,2291.53996221541,2256,2252,4508,1.017557709687127,4587,4.587,11,1.8704511174052254,5009.5202257524015
ag,50,0.688701070804526,0.4356930878066342,688.701070804526,660,660,1320,1.0434864709159486,391,0.391,11,0.49636926079308513,432.17851250689506
ag,50,1.6534536662366468,1.0873910490412928,1653.4536662366468,1621,1619,3240,1.021280831523562,2282,2.282,11,0.9439267084578664,2222.8163905819783
ag,50,1.6607268325349032,1.0749259523885597,1660.7268325349032,1621,1619,3240,1.0257732134248938,2444,2.444,11,1.318361890833414,2699.1577889100104
ag,50,2.907027098077447,1.8957228015065661,2907.0270980774467,2935,2931,5866,0.9918209137077607,7574,7.574,11,1.2389846140954253,8566.786129376922
ag,50,1.0216420550214027,0.6711114058233141,1021.6420550214027,989,987,1976,1.0350983333550179,848,0.848,11,0.6530587375484246,601.9607090672268
ag,50,0.6780353843514586,0.4556093495042569,678.0353843514586,674,674,1348,1.0059872171386626,379,0.379,11,0.4275172473106783,338.99507468082714
ag,50,2.5845873572860563,1.6723872356632623,2584.5873572860564,2606,2602,5208,0.9933079774350716,6247,6.247,11,1.68075649666556,4893.749015038352
ag,50,2.3195024282010954,1.578930008916965,2319.5024282010954,2263,2262,4525,1.0254210557918193,4527,4.527,11,1.6606093069750263,4188.792164452917
ag,50,0.96860801498257,0.6611523893227723,968.60801498257,970,970,1940,0.9985649638995567,761,0.761,11,0.5607254936620808,760.999344937969
ag,50,1.2900720491011242,0.8543999784767613,1290.072049101124,1318,1318,2636,0.9788103559189105,1560,1.56,11,0.9813420584062511,1055.5963077403057
ag,50,2.28295718680206,1.441500283980712,2282.9571868020603,2271,2269,4540,1.0061512502433057,4762,4.762,11,1.5725042984254567,5390.354645113291
ag,50,1.9164410890345898,1.2648002790019715,1916.4410890345898,1955,1953,3908,0.981280639546641,3114,3.114,11,1.2768277669445036,2694.560321229968
ag,50,1.8716413167653392,1.2548869646200642,1871.641316765339,1867,1865,3732,1.003561027756214,3249,3.249,11,1.3944244312246197,3009.29272960469
ag,50,2.661646662239622,1.7662632655853208,2661.646662239622,2640,2640,5280,1.0081994932725842,6059,6.059,11,1.586263759817244,4649.3988648077475
ag,50,0.6616906701951806,0.42871517862544706,661.6906701951806,667,667,1334,0.9920399853001208,323,0.323,11,0.4363104033474598,301.36974370538087
ag,50,2.316634121438807,1.4198920424319668,2316.634121438807,2267,2266,4533,1.0223451550921479,4649,4.649,11,1.3942363178453148,5428.655192540764
ag,50,1.3107227916186766,0.872459603303043,1310.7227916186766,1304,1302,2606,1.0066995327332386,1402,1.402,11,0.7481579782248877,1565.2859718717584
ag,50,1.2871958203223324,0.8107484478041532,1287.1958203223323,1290,1287,2577,1.0001521525426047,1460,1.46,11,0.6223060601180092,1235.9644770928112
ag,50,0.9611525273399117,0.6425016152111847,961.1525273399118,966,965,1931,0.9960129816993905,777,0.777,11,0.662447258153148,707.333373558324
ag,50,1.284399432659307,0.8401163738802919,1284.399432659307,1273,1273,2546,1.0089547782084107,1489,1.489,11,0.8971713183583973,1299.7347256920486
ag,50,0.6957221679620885,0.46546599597017063,695.7221679620885,664,662,1326,1.0509398307584419,337,0.337,11,0.5107907865692214,372.655880643926
ag,50,0.6248565916812818,0.4259854995418142,624.8565916812818,640,639,1279,0.9778663406592829,315,0.315,11,0.4572980277013159,343.4589376970391
ag,50,0.9273415910487104,0.6375939895009136,927.3415910487104,1000,999,1999,0.9282698609096199,731,0.731,11,0.657355863935244,648.146071828019
ag,50,1.9369337617843574,1.3707102783184166,1936.9337617843573,1970,1967,3937,0.984714672996623,3332,3.332,11,1.444330659446242,3634.6202761337313
ag,50,0.9682230776801235,0.6825248710110754,968.2230776801235,965,963,1928,1.005423756677179,713,0.713,11,0.5512312758781147,691.1468083895181
ag,50,0.33750535101862145,0.2235954890524186,337.50535101862147,328,328,656,1.0289797287153093,63,0.063,11,0.23388520588557016,54.321260831548685
ag,50,1.5928847524990732,1.0776707269653967,1592.8847524990733,1608,1606,3214,0.9918335943331714,2319,2.319,11,1.0713130979793448,1719.020763595323
ag,50,1.9700141837746874,1.2396917276682275,1970.0141837746874,1978,1978,3956,0.9959626813825517,3524,3.524,11,1.0407621506260498,3463.0321461220083
ag,50,2.3092328904421984,1.4894814286630462,2309.2328904421984,2188,2186,4374,1.0563736918765774,4449,4.449,11,1.7313556198751903,4281.498852052136
ag,50,2.89312415212052,1.9529833769213338,2893.12415212052,2889,2886,5775,1.0024685211782813,7510,7.51,11,2.4315985278247916,9220.206209693824
ag,50,2.620999906466489,1.6901600148800722,2620.999906466489,2577,2575,5152,1.0178640413462092,5747,5.747,11,1.662142686006889,5262.236929212963
ag,50,1.3089468540435232,0.8504397620826389,1308.9468540435232,1360,1359,2719,0.9631691346898625,1543,1.543,11,0.7460172668055616,1607.8336390057248
ag,50,0.6478399507562322,0.4354152178460269,647.8399507562323,670,669,1339,0.9683706289330826,357,0.357,11,0.47886724411408677,415.8068312259492
ag,50,3.23640837799733,2.2067717952532218,3236.40837799733,3182,3179,6361,1.0180586278695596,8984,8.984,11,2.3938953599930244,10315.356059723685
ag,50,1.291821025642715,0.8194976220476304,1291.8210256427149,1343,1341,2684,0.9633266410460215,1433,1.433,11,0.85989553843899,1419.0650646573495
ag,50,1.6359532372389503,1.05048633457395,1635.9532372389504,1624,1622,3246,1.0086024890499077,2260,2.26,11,1.143164392809231,2659.7501286845386
ag,50,2.259737373413031,1.3205376278125411,2259.737373413031,2301,2299,4600,0.9829218675132801,4459,4.459,11,1.5325200187624317,4664.873118901988
ag,50,1.3152397223383927,0.8753187567124014,1315.2397223383928,1322,1321,2643,0.9956394567285335,1558,1.558,11,0.7886768340178838,1170.3553892660464
ag,50,1.391421675565827,0.9314151458097423,1391.4216755658272,1331,1330,2661,1.0461817109517497,1601,1.601,11,0.8161588739338194,1688.6531253447358
ag,50,2.270745738898886,1.485921410296206,2270.745738898886,2268,2266,4534,1.0020943243154836,4563,4.563,11,1.7080096119331503,4642.076388424465
ag,50,2.036732948587527,1.3050833759407157,2036.732948587527,1976,1974,3950,1.0317796092135396,3563,3.563,11,1.4569699412046992,4048.5589251142737
ag,50,2.684776705631255,1.6875945838890336,2684.776705631255,2624,2619,5243,1.0251151987900935,6244,6.244,11,1.843377157058081,7115.0590364124455
ag,50,0.9887321132079235,0.6251627648088844,988.7321132079236,999,999,1998,0.9897218350429665,879,0.879,11,0.6834570246821633,693.774355466622
ag,50,2.229814484415049,1.4642036250454393,2229.8144844150493,2276,2272,4548,0.9814324315207082,4543,4.543,11,1.2901986085186063,3884.7808039473234
ag,50,0.6878562590057791,0.452786806370683,687.8562590057791,632,632,1264,1.0883801566547138,302,0.302,11,0.41010808414958444,212.94421795466747
ag,50,2.0022963959971727,1.3633957022242644,2002.2963959971726,1979,1977,3956,1.0127953444598747,3658,3.658,11,2.1277052469964586,3095.849426848939
ag,50,1.352497436072943,0.853113149518216,1352.497436072943,1340,1338,2678,1.0108351540156524,1538,1.538,11,0.8356918181735276,1752.8094132302995
ag,50,0.6777426799055627,0.4310769808435592,677.7426799055627,682,682,1364,0.9937575951694467,312,0.312,11,0.44576880310992595,313.40992669259515
ag,50,0.6331986406627398,0.4290965657125873,633.1986406627398,659,658,1317,0.9623079645330391,292,0.292,11,0.4972600387669358,301.5543622419713
ag,50,1.5864187174179987,1.0424191034480494,1586.4187174179988,1584,1582,3166,1.0027931209974708,2278,2.278,11,0.9988849008956183,1764.7043306597898
ag,50,1.3055346693346026,0.8727838885949191,1305.5346693346025,1345,1343,2688,0.9721032534137025,1514,1.514,11,0.8499500216230393,1531.0764221358334
ag,50,1.3612140159284658,0.8910824829317135,1361.2140159284659,1293,1292,2585,1.0535712197588745,1457,1.457,11,1.0218003096542674,1561.7597891353748
ag,50,2.1887624754620725,1.4255957977343192,2188.7624754620724,2184,2181,4365,1.0035591359294234,4193,4.193,11,1.4938983767971457,4135.674776574731
ag,50,2.000697912743464,1.2708815528192519,2000.697912743464,1883,1882,3765,1.0630700917871754,3311,3.311,11,0.9900789169998256,3298.2036559215567
ag,50,0.3501864545010983,0.22755590158504851,350.1864545010983,340,339,679,1.032998390858697,79,0.079,11,0.279709871191935,88.19288884999813
ag,50,2.877499564769641,1.8406560546316202,2877.499564769641,2895,2887,5782,0.9967092361515902,7133,7.133,11,1.4014176584604903,6969.140688560781
ag,50,1.5673464120220164,1.0984536725638272,1567.3464120220165,1677,1676,3353,0.9351708902279334,2234,2.234,11,1.3184903814232631,2430.9821214089643
ag,50,1.625667220494735,0.9927007993946847,1625.6672204947351,1651,1649,3300,0.9858503459640601,2271,2.271,11,0.8992723954845496,2520.768295199486
ag,50,2.566449453631976,1.6531976148734124,2566.4494536319758,2488,2485,4973,1.0327764400933503,5419,5.419,11,1.692586373620256,5487.5739155552155
ag,50,1.336633502960631,0.9080129649739158,1336.6335029606312,1299,1297,2596,1.030557828034411,1582,1.582,11,0.7803329393451879,1725.4375577444387
ag,50,1.002372405596498,0.6713809910284764,1002.372405596498,1054,1051,2105,0.9537320700252121,868,0.868,11,0.7136127091194958,984.1985196235809
ag,50,0.3254616553371474,0.21953636624235126,325.46165533714736,318,318,636,1.023464324959583,73,0.073,11,0.2304659419037433,71.76460909462789
ag,50,1.9537050848835475,1.244710267901878,1953.7050848835474,1964,1963,3927,0.9952649439039977,3238,3.238,11,0.9453642307817742,3108.3434156416024
ag,50,2.265480949791201,1.522491590806001,2265.480949791201,2271,2268,4539,0.998889307668078,4309,4.309,11,1.7295880676509336,4483.388385994817
ag,50,0.6553291645230781,0.4357754730191297,655.3291645230781,659,659,1318,0.9944296881989046,327,0.327,11,0.39715252519694105,326.65295511369834
ag,50,1.3127110604615946,0.8921396365204258,1312.7110604615946,1329,1328,2657,0.9884872443234899,1481,1.481,11,0.8748963100130904,1538.5476589151167
ag,50,1.9664904583775187,1.2976027258236664,1966.4904583775187,1968,1964,3932,1.001268054163706,3371,3.371,11,1.5659450127090526,3352.773542520837
ag,50,1.6325550106743245,1.0778968413536685,1632.5550106743244,1656,1655,3311,0.9864380729149996,2207,2.207,11,1.0919632502473111,2464.02804619447
ag,50,0.9687223917167975,0.6359045183827392,968.7223917167976,975,974,1949,0.9945815110028723,806,0.806,11,0.8326197741771019,823.8538234700555
ag,50,0.9895447829235822,0.60108956674603,989.5447829235821,979,978,1957,1.0118044815169551,749,0.749,11,0.5392638063929549,665.962844910915
ag,50,1.564805206788093,1.0541629129954608,1564.805206788093,1629,1626,3255,0.9623648258229355,2323,2.323,11,1.0971717159270147,2125.251597288606
ag,50,3.2174104625876745,2.1295541260694564,3217.4104625876744,3132,3129,6261,1.0282551813958691,9347,9.347,11,1.8977975048986901,8739.474859676451
ag,50,1.0098518728455033,0.6457668985918161,1009.8518728455033,1012,1010,2022,0.9998533394509933,845,0.845,11,0.8385543943893474,780.2523344048307
ag,50,1.2455356786234864,0.8851719988634771,1245.5356786234863,1327,1326,2653,0.939318008011679,1416,1.416,11,0.8832812872698207,1811.6490047822458
ag,50,3.307646584805189,2.1889422184407117,3307.646584805189,3246,3243,6489,1.0199341920460034,9601,9.601,11,1.8161081174177522,7990.672655497403
ag,50,0.6794968363350714,0.42328896022876783,679.4968363350714,690,690,1380,0.9847780236740166,390,0.39,11,0.45250365550381394,317.0003184714997
ag,50,1.9794421838407843,1.295732170887673,1979.4421838407843,2019,2018,4037,0.9808930544305176,3571,3.571,11,1.1469627531909468,4010.561989567674
ag,50,1.9704892458969638,1.2509002761715597,1970.489245896964,1922,1921,3843,1.0257622310759833,3463,3.463,11,1.4103774685625086,3616.389056898514
ag,50,1.9111395265740252,1.2802071035129572,1911.1395265740252,1935,1934,3869,0.9881796931613367,3223,3.223,11,1.4712569578143593,3253.359143927514
ag,50,0.3351008416606218,0.2228082675789647,335.1008416606218,321,321,642,1.0439278556405664,59,0.059,11,0.2203152028503944,60.66638220535544
ag,50,1.9286535217248661,1.253092896854466,1928.653521724866,1947,1945,3892,0.9915956409896484,3175,3.175,11,1.1650603112398068,2687.244537025133
ag,50,1.3280112583139458,0.939900714186708,1328.0112583139457,1288,1287,2575,1.0318657795757153,1526,1.526,11,1.0879622854888382,1594.1320465638287
ag,50,1.623288585485047,1.0951031551079755,1623.288585485047,1640,1638,3278,0.9910186724572936,2302,2.302,11,0.9921894360024872,2419.791116286542
ag,50,1.71427447841519,1.0809105341297123,1714.27447841519,1647,1646,3293,1.041479026983712,2486,2.486,11,0.6942718376500807,2482.4890996763875
ag,50,2.2649566790122453,1.496428358034964,2264.9566790122453,2208,2206,4414,1.0267256024534204,4666,4.666,11,1.7282390967505101,4360.635854126927
ag,50,0.9904018953453722,0.6250134820896862,990.4018953453722,994,994,1988,0.996380176403795,794,0.794,11,0.5115547287646057,887.5442854575608
ag,50,1.2785500151192186,0.8696829115723632,1278.5500151192186,1275,1273,2548,1.0043597919239737,1477,1.477,11,0.860119846989387,1437.628372201633
ag,50,2.6566549177625256,1.6782190170544145,2656.6549177625257,2632,2630,5262,1.0101349497195915,6002,6.002,11,1.3605430917807155,6946.317273943406
ag,50,2.31618200434857,1.5489531578126503,2316.18200434857,2279,2278,4557,1.0167611959387928,4816,4.816,11,1.573055148966373,5889.176945198817
ag,50,1.2793762828467476,0.8195067581791565,1279.3762828467477,1278,1276,2554,1.0026459896918085,1364,1.364,11,0.8702773531281701,1710.9635531290435
ag,50,1.97140526054972,1.3445279270476882,1971.4052605497202,1936,1934,3870,1.0193408792914789,3383,3.383,11,1.5660810462598145,3697.3746020244607
ag,50,3.202153858005254,1.987140436367707,3202.153858005254,3194,3192,6386,1.003181033209666,9001,9.001,11,2.1505080225850186,7064.238445265589
ag,50,1.3189196912840386,0.8701444836640213,1318.9196912840387,1340,1338,2678,0.9857396795844833,1530,1.53,11,0.8309563482291072,1233.9296664686299
ag,50,1.6741672187542713,1.0053470049677649,1674.1672187542713,1648,1645,3293,1.0177308320694658,2254,2.254,11,0.8771837656660271,2115.0171110276615
ag,50,1.572790929772659,1.0769371151674527,1572.790929772659,1642,1640,3282,0.959018859617475,2092,2.092,11,0.8602556572029662,2112.7678263899406
ag,50,1.6403680316102496,1.083822377486728,1640.3680316102495,1621,1619,3240,1.0131982900619207,2330,2.33,11,1.0015676166034249,2766.312797723309
ag,50,1.013494493912331,0.6352982341007777,1013.4944939123309,967,967,1934,1.0480811726084083,760,0.76,11,0.6777804539359803,639.0295563816003
ag,50,0.3410077199612508,0.22472145488807996,341.0077199612508,352,351,703,0.9715319657015693,81,0.081,11,0.21140494935062465,73.05967199242731
ag,50,0.6562882885439568,0.4468317499587407,656.2882885439568,680,680,1360,0.9651298360940541,333,0.333,11,0.42582750575470035,205.39225699853083
ag,50,1.6651051056265591,1.0983464005286583,1665.1051056265592,1632,1631,3263,1.0209105491272588,2469,2.469,11,0.9685865275647867,2451.210680333102
ag,50,1.3338585828254317,0.9384290980180531,1333.8585828254318,1336,1334,2670,0.9998939901240118,1508,1.508,11,0.7870057100892388,1738.4672313766378
ag,50,0.9588365079866842,0.6272913958611573,958.8365079866842,981,981,1962,0.9774072456541123,785,0.785,11,0.5557743344660091,918.6384890843626
ag,50,1.9450303407959617,1.2495305162754307,1945.0303407959618,1977,1975,3952,0.9848254890106136,3361,3.361,11,1.4492387342472306,2769.9039434996043
ag,50,3.191921388612518,1.9605311857775578,3191.921388612518,3213,3210,6423,0.9943680338356754,9294,9.294,11,1.9894102640932865,11113.452503788363
ag,50,1.011592802594468,0.68163251206402,1011.5928025944681,995,992,1987,1.0197508090670042,851,0.851,11,0.7817790717904813,831.5988939142152
ag,50,1.3102030739128223,0.8881636306077819,1310.2030739128222,1271,1271,2542,1.0308442753051317,1428,1.428,11,0.7616996518425353,1224.662364246067
ag,50,2.8401331136612082,2.0345772074891126,2840.1331136612084,2869,2866,5735,0.9909745686187049,7014,7.014,11,1.9609535964200233,5373.617159087442
ag,50,0.9647523832494171,0.6314591566222766,964.7523832494171,1005,1004,2009,0.9609087482563915,814,0.814,11,0.5159279120511147,851.7660587280535
ag,50,3.203682246019639,2.175471771340007,3203.682246019639,3145,3142,6287,1.0196315232398596,8735,8.735,11,2.2459941402386483,9075.172494377932
ag,50,0.9820778134611516,0.6648665908631894,982.0778134611517,996,995,1991,0.9870128778504037,821,0.821,11,0.6907867861212803,795.1571530468924
ag,50,2.255602663023479,1.354105660695212,2255.6026630234787,2306,2301,4607,0.980270605399165,4512,4.512,11,1.5171429451937133,3200.891645830799
ag,50,2.933253588137918,1.9746061791649088,2933.253588137918,2914,2913,5827,1.0069528280597042,7742,7.742,11,2.538004929884969,5353.091229842574
ag,50,1.322645799515809,0.8644879265596559,1322.645799515809,1273,1271,2544,1.0406339886040983,1319,1.319,11,0.7931452855946133,1717.009426709398
ag,50,0.6210625063448875,0.42343141812662133,621.0625063448874,665,664,1329,0.9353350999169991,319,0.319,11,0.4235226894204766,314.32986726835344
ag,50,1.9596397953043383,1.2217194891137442,1959.6397953043383,1943,1941,3884,1.0096031918105812,3352,3.352,11,1.3112335277213056,3096.088724766961
ag,50,1.0013569454823232,0.655643449281024,1001.3569454823233,982,982,1964,1.019711757110309,853,0.853,11,0.7172238496196267,954.1816578283629
ag,50,2.493674403698026,1.5732196469253727,2493.6744036980263,2564,2562,5126,0.9733311489843974,5614,5.614,11,1.7112172538580421,3679.010870789465
ag,50,0.966690205583272,0.6312632641419246,966.690205583272,984,984,1968,0.9824087455114553,788,0.788,11,0.798731521159942,764.476186803071
ag,50,2.6649493987877646,1.7401839616875385,2664.9493987877645,2590,2589,5179,1.0293354186125008,6093,6.093,11,1.9843396898590557,6872.690088525339
ag,50,1.9948251696749546,1.2384899029537682,1994.8251696749546,2005,2003,4008,0.9959187067773113,3651,3.651,11,1.4987705977233123,3440.5500347105904
ag,50,1.6333123927381437,1.052057171199279,1633.3123927381437,1661,1660,3321,0.9839231281555082,2410,2.41,11,0.8137299983096613,2265.3666592026184
ag,50,1.0138156365743016,0.6609942796089349,1013.8156365743016,1004,1004,2008,1.0097765304524917,843,0.843,11,0.5121101612369479,876.4483894996189
ag,50,1.9704457792871126,1.266400368991728,1970.4457792871126,1974,1971,3945,0.9997188124237,3568,3.568,11,1.295898555204541,2785.2545577677943
ag,50,1.277187199271045,0.84483909255741,1277.187199271045,1329,1328,2657,0.9617373488486786,1472,1.472,11,0.8709586738773116,1657.3726519503775
ag,50,1.6422119963780006,1.0581405912279578,1642.2119963780005,1611,1609,3220,1.0206413899179618,2121,2.121,11,1.2228355360633494,2234.0228364944664
ag,50,0.9834083511191279,0.6142813833420544,983.4083511191279,975,974,1949,1.0096594980689197,787,0.787,11,0.664317502407429,749.4897488606797
ag,50,1.6070820669798378,1.1255154576673159,1607.0820669798377,1674,1672,3346,0.9611734850357881,2370,2.37,11,0.8868472905556126,2300.1411561862983
ag,50,0.9901359355086254,0.6617092661744018,990.1359355086255,994,994,1988,0.9961126111756796,841,0.841,11,0.6123786860550808,879.462287426661
ag,50,2.261645694446455,1.4601200315813654,2261.6456944464553,2286,2285,4571,0.9897792973507463,4687,4.687,11,1.1781309036428984,3677.038862162707
ag,50,1.3241842880975367,0.8679347271909352,1324.1842880975366,1321,1320,2641,1.0031699152254065,1609,1.609,11,0.6985085910168234,1505.7024699661663
ag,50,2.2354263191972668,1.4885106231274285,2235.426319197267,2332,2327,4659,0.960647322388168,4552,4.552,11,1.550389756533839,5508.757334908478
ag,50,1.9269701753762902,1.3387442638330613,1926.9701753762902,1947,1944,3891,0.9912398021482974,3441,3.441,11,0.9691947499452812,3828.039520171616
ag,50,2.2739736138794373,1.4526524135708465,2273.9736138794374,2273,2271,4544,1.0013093852397346,4483,4.483,11,1.170892646118839,4068.1225570949096
ag,50,1.3387219890742936,0.864956292511988,1338.7219890742936,1329,1328,2657,1.0080737869535343,1579,1.579,11,0.6830012867526755,1585.9545848872733
ag,50,0.6701650925496437,0.44589406414663485,670.1650925496438,657,657,1314,1.0200381926174182,338,0.338,11,0.5336827794400503,244.12452908745868
ag,50,2.22443801701771,1.4911909644979173,2224.43801701771,2241,2239,4480,0.9934962112629344,4287,4.287,11,1.726662169057172,4957.154852822816
ag,50,1.3038422167140606,0.8737179938049101,1303.8422167140607,1276,1273,2549,1.0242279785656407,1531,1.531,11,1.042897955093609,1695.7319530054958
ag,50,1.9428330546061883,1.3204986868196775,1942.8330546061882,1987,1985,3972,0.9787572063507245,3311,3.311,11,1.503308226170086,3166.435213834259
ag,50,2.244690020883623,1.5502510425019458,2244.690020883623,2299,2297,4596,0.9772268266798534,4623,4.623,11,1.5093617447966141,5158.788417486682
ag,50,2.2851966247047284,1.4421086115018718,2285.1966247047285,2205,2202,4407,1.0377823000475606,4472,4.472,11,0.7383827774926253,4440.172292731686
ag,50,1.9669730615624472,1.2861254628948768,1966.9730615624471,1949,1947,3896,1.010258377792731,3506,3.506,11,0.9108635597966752,3373.3432075252304
ag,50,1.9657814635147393,1.2666443115105077,1965.7814635147392,1958,1955,3913,1.0055148150970534,3356,3.356,11,1.0305191843286783,2479.709670055147
ag,50,0.9995830905539976,0.6652849219350204,999.5830905539976,989,989,1978,1.0107007993468127,866,0.866,11,0.7340535586480311,665.8716954266558
ag,50,2.2682947673052176,1.4767057666565002,2268.2947673052176,2271,2268,4539,1.0001299679476268,4525,4.525,11,1.4781633210721987,5606.782634534651
ag,50,1.994493367679163,1.2960610950857205,1994.493367679163,1981,1978,3959,1.0083384063089802,3472,3.472,11,1.2256295389068836,3130.7355028628945
ag,50,1.89213061230822,1.284279420848683,1892.13061230822,1938,1935,3873,0.9778452776786667,3114,3.114,11,1.5599178259112674,3474.4395951435686
ag,50,1.294657447139609,0.8795790555997103,1294.657447139609,1320,1318,2638,0.982289413611236,1411,1.411,11,0.9943067671022677,1421.4233517897158
ag,50,2.279639354384808,1.5279444505724111,2279.639354384808,2235,2233,4468,1.020886410382807,4610,4.61,11,1.5219012614304441,4283.243991936197
ag,50,1.3554806313745533,0.8610842767264283,1355.4806313745532,1357,1355,2712,1.0003547095015153,1558,1.558,11,0.8250030551634996,1555.0631126605963
ag,50,1.6735058841396382,1.1010514918188306,1673.5058841396383,1657,1656,3313,1.010571186074661,2575,2.575,11,1.3533883250846965,2571.813929701167
ag,50,1.9553958934057427,1.3244629014898168,1955.3958934057428,1960,1957,3917,0.9991803236615957,3409,3.409,11,1.530903767510768,3405.222346245425
ag,50,0.986309365001475,0.641125621672064,986.309365001475,1009,1008,2017,0.9784815128982888,732,0.732,11,0.5610572321936095,864.6797265232775
ag,50,2.9760331042835215,1.9525175650855748,2976.0331042835214,2904,2900,5804,1.026218311821904,7510,7.51,11,1.908309559392137,8470.387417478618
ag,50,2.617572465156926,1.647090340766953,2617.572465156926,2597,2593,5190,1.0094764616879774,6004,6.004,11,1.7246221012055678,6489.189586841733
ag,50,1.3042154287939196,0.856536797145248,1304.2154287939195,1303,1300,2603,1.0032426375337842,1513,1.513,11,0.7523631133194444,1204.728488879884
ag,50,0.9831909990504938,0.6544782560760755,983.1909990504938,1001,1000,2001,0.9831909990504938,847,0.847,11,0.6641352704233857,880.1417703984595
ag,50,1.8877939759465967,1.2723891142193342,1887.7939759465967,1942,1941,3883,0.9725883441249854,3294,3.294,11,1.1815732577447398,3408.8263973111934
ag,50,1.98449495783883,1.3130054354785643,1984.49495783883,2008,2008,4016,0.9882943017125647,3420,3.42,11,1.421787030175327,3966.4509757193937
ag,50,2.340526902308186,1.5807832404850115,2340.526902308186,2286,2283,4569,1.025197942316332,4873,4.873,11,1.6225963308360913,3594.2873364064003
ag,50,2.6007095360857733,1.6670582005004548,2600.7095360857734,2619,2614,5233,0.9949156603235553,6307,6.307,11,1.8194978997684865,7737.206485093981
ag,50,1.9730381986517478,1.2228683619118987,1973.0381986517477,1960,1956,3916,1.0087107355070284,3494,3.494,11,1.1117667883189113,3825.8719917783155
ag,50,2.290996314337309,1.509849720120285,2290.996314337309,2276,2274,4550,1.00747419276047,4373,4.373,11,1.312095621809851,5174.127567902754
ag,50,1.2796742445982285,0.8736935139611257,1279.6742445982286,1300,1299,2599,0.9851225901449027,1415,1.415,11,0.8616752058796265,1308.6505533679
ag,50,1.9038664385733888,1.1695142875517417,1903.8664385733887,1968,1966,3934,0.9683959504442465,3426,3.426,11,1.0703187807347223,3378.0294167732463
ag,50,1.589858896662724,1.059228449033499,1589.858896662724,1645,1644,3289,0.9670674553909513,2304,2.304,11,1.1371260331838204,2711.639657834722
ag,50,1.3092973917351896,0.8475361176296953,1309.2973917351896,1314,1314,2628,0.9964211504834015,1613,1.613,11,0.6717747377229862,1788.107743753358
ag,50,2.571043395749633,1.6253616822266181,2571.043395749633,2616,2615,5231,0.9831905911088462,6161,6.161,11,1.6548228712408792,5680.893471150544
ag,50,1.3946245983805905,0.9364982393867588,1394.6245983805904,1314,1313,2627,1.062166487723222,1766,1.766,11,1.1391975640829708,1575.0372253433488
ag,50,2.897136807672243,1.9252432208894397,2897.136807672243,2913,2913,5826,0.9945543452359227,7555,7.555,11,1.8540211302679714,8435.091922237356
ag,50,1.6374788086705783,1.0150729043675837,1637.4788086705782,1672,1671,3343,0.9799394426514532,2425,2.425,11,0.8682281398630399,2057.2138126437007
ag,50,3.2183769696272093,2.0994909059639517,3218.3769696272093,3242,3238,6480,0.9939397682604105,9362,9.362,11,2.580333551697829,8634.764997023312
ag,50,1.0032333570669338,0.6480802576188972,1003.2333570669338,983,983,1966,1.0205832727028827,857,0.857,11,0.7014050708506644,1005.646716642141
ag,50,1.6506393815857967,1.1049691007828755,1650.6393815857966,1607,1606,3213,1.0277953808130738,2202,2.202,11,1.026954420847661,2609.704775902726
ag,50,1.2678862446079728,0.94115790637659,1267.886244607973,1332,1331,2663,0.9525817014334883,1508,1.508,11,0.8828127308500004,1078.683572196297
ag,50,0.9972763275810075,0.6218532096005283,997.2763275810075,983,983,1966,1.0145232223611471,765,0.765,11,0.7429628882613951,784.8766074995673
ag,50,0.9763010436755303,0.6670021986298363,976.3010436755303,981,980,1961,0.9962255547709493,835,0.835,11,0.8090858585595785,892.6530215461928
ag,50,1.2975745132799794,0.878114647806362,1297.5745132799793,1281,1280,2561,1.0137300884999838,1567,1.567,11,0.9516352242070262,1461.486384004634
ag,50,2.0349488573990655,1.38250777302141,2034.9488573990657,1995,1994,3989,1.0205360368099627,3614,3.614,11,1.3728273100253112,3445.3260106794028
ag,50,1.8956907090638857,1.3105003231533618,1895.6907090638856,1942,1940,3882,0.9771601593112812,3352,3.352,11,1.1250688146464765,3630.3856123223686
ag,50,1.290783503194188,0.8646641606095176,1290.7835031941881,1331,1328,2659,0.9719755295136959,1540,1.54,11,0.781448906734915,1321.395640018519
ag,50,1.6801743928522659,1.0302124385660625,1680.1743928522658,1629,1626,3255,1.0333175847799914,2284,2.284,11,1.1690803068360538,2628.1072312219817
ag,50,1.6580109314213938,1.11551040250766,1658.0109314213937,1620,1618,3238,1.024728634994681,2551,2.551,11,1.1308471325343044,2187.6035981969467
ag,50,1.7134818206880296,1.0470482581247857,1713.4818206880295,1688,1688,3376,1.0150958653365103,2622,2.622,11,0.8641694580170037,2550.6768586053627
ag,50,1.2573113988429732,0.8448433713914301,1257.3113988429732,1305,1301,2606,0.9664192150983653,1311,1.311,11,0.9220368441597443,1319.6656850799172
ag,50,1.9347469603567746,1.3324658754685825,1934.7469603567747,1965,1962,3927,0.9861095618536059,3520,3.52,11,1.2047737577037232,3776.665311798181
ag,50,3.221996401204897,2.030992347661186,3221.996401204897,3309,3307,6616,0.9742958576367999,9688,9.688,11,1.990517289096756,8617.579369391759
ag,50,1.9662374882839653,1.281853200074747,1966.2374882839654,1953,1952,3905,1.0072937952274412,3411,3.411,11,1.3384245200890577,2969.3229896411117
ag,50,2.600534927629504,1.5932828078807837,2600.534927629504,2532,2531,5063,1.0274733021056912,5798,5.798,11,1.3028579148747619,6689.200036483246
ag,50,0.34046129362538663,0.2245474011683149,340.46129362538665,368,368,736,0.9251665587646376,65,0.065,11,0.23386107005183254,87.28455419759003
ag,50,0.6907906327066575,0.45123335123485137,690.7906327066576,656,656,1312,1.053034501077222,309,0.309,11,0.28257938987964865,321.59616425335736
ag,50,2.0030914467118275,1.3014298361364198,2003.0914467118275,1956,1955,3911,1.0245992054791957,3370,3.37,11,1.7749122557969732,3492.56500779269
ag,50,1.6452900573692317,1.0420257185053015,1645.2900573692318,1628,1627,3255,1.0112415841236828,2324,2.324,11,1.0846542627465194,2289.2051240217247
ag,50,2.260766708779341,1.5479249298510327,2260.7667087793407,2253,2250,4503,1.0047852039019292,4621,4.621,11,1.4576111262226485,4733.328814398934
ag,50,1.9301288454537553,1.2858045644714189,1930.1288454537553,1961,1957,3918,0.9862692107581785,3376,3.376,11,1.1186942058680067,3193.990033036426
ag,50,0.9938321367684829,0.6463647084000076,993.8321367684829,958,958,1916,1.037403065520337,868,0.868,11,0.7922164519591279,710.9735860308613
ag,50,1.274533543422408,0.8567281437388334,1274.533543422408,1317,1314,2631,0.9699646449181187,1533,1.533,11,1.0297325579696417,1642.2558262948132
ag,50,0.6681591887167074,0.4276544631397772,668.1591887167074,657,657,1314,1.0169850665398894,322,0.322,11,0.33300493508004236,281.60855993649574
ag,50,1.6250566519816132,1.0230243879535401,1625.0566519816132,1626,1623,3249,1.0012671916091271,2369,2.369,11,0.9244357923107954,2200.2292361250366
ag,50,2.599386389323842,1.662713274708274,2599.386389323842,2606,2604,5210,0.9982282601090023,5972,5.972,11,1.822285794253107,5898.503662747259
ag,50,0.6818211672713205,0.44612828833385815,681.8211672713205,671,670,1341,1.017643533240777,414,0.414,11,0.50946897553715,390.3652913408706
ag,50,2.308765628449741,1.5342502031277332,2308.7656284497407,2312,2310,4622,0.9994656400215328,4624,4.624,11,1.3331719893324687,5053.524662820821
ag,50,1.3091058956552961,0.886622634934974,1309.105895655296,1305,1304,2609,1.0039155641528343,1486,1.486,11,0.9306862917336152,1382.8816236087437
ag,50,1.9669456593203214,1.3211818664691029,1966.9456593203213,1907,1904,3811,1.0330596950211772,3375,3.375,11,1.2998560167912663,2799.6049605573307
ag,50,1.6148649131968507,1.0543508787813844,1614.8649131968507,1670,1667,3337,0.9687252028775349,2338,2.338,11,1.2116359077608179,2808.0726121327584
ag,50,4.1498257582441145,2.645566810359155,4149.825758244115,4122,4117,8239,1.0079732227942955,15276,15.276,11,3.1307542162567077,14369.723460892514
ag,50,1.5923350374505512,1.1210386634996925,1592.3350374505512,1634,1632,3266,0.9756954886339162,2381,2.381,11,1.1845198583416023,2173.580482982046
ag,50,0.9872750163199898,0.6733954196121624,987.2750163199898,995,993,1988,0.9942346589325175,817,0.817,11,0.6326094086406411,1028.257060057548
ag,50,1.3329458309004207,0.875398234267979,1332.9458309004208,1334,1331,2665,1.0014619315555378,1550,1.55,11,0.9561337188315007,1656.3842058465118
ag,50,2.663934436223345,1.8099655282026226,2663.9344362233446,2587,2586,5173,1.0301370596377977,5938,5.938,11,2.129684664012992,6684.352049497656
ag,50,1.645555400814809,1.1263499269598523,1645.555400814809,1620,1619,3239,1.016402347631136,2326,2.326,11,1.1528785422609589,1892.0158336343698
ag,50,2.5891424975072486,1.6588671602723462,2589.1424975072487,2598,2596,5194,0.9973584350952421,6027,6.027,11,1.5382199484358192,5284.150188552156
ag,50,1.9579390179279035,1.2552878683954214,1957.9390179279035,1997,1997,3994,0.9804401692177784,3536,3.536,11,1.3963026113452899,4395.305601867519
ag,50,1.6861287502062081,1.0915007047546188,1686.1287502062082,1708,1707,3415,0.987773140132518,2519,2.519,11,1.0351649553719053,2358.0778948105394
ag,50,2.2522085583691416,1.474390280879553,2252.2085583691414,2268,2265,4533,0.994352564401387,4576,4.576,11,1.689150550978283,3298.7794532194484
ag,50,1.280778931022272,0.8545801510603903,1280.778931022272,1333,1332,2665,0.9615457440107147,1448,1.448,11,0.8338360624320604,1434.5856809842178
ag,50,0.31221307206817056,0.21473606969792586,312.21307206817056,318,318,636,0.98180211342192,51,0.051,11,0.2161881766827248,36.035429158551565
ag,50,1.7181526291121827,1.1431190294293978,1718.1526291121827,1674,1672,3346,1.0276032470766643,2556,2.556,11,1.1569761429945655,3018.590698019281
ag,50,1.2496685405448211,0.9167783818278707,1249.668540544821,1243,1243,2486,1.0053648757400009,1405,1.405,11,0.9201548378402807,1306.6394629942138
ag,50,1.609360836743344,1.0607565541285002,1609.3608367433442,1632,1630,3262,0.9873379366523584,2384,2.384,11,0.9093685158029223,1942.6029382725026
ag,50,3.48159712470018,2.2179523521198026,3481.59712470018,3516,3510,7026,0.991908012735094,11385,11.385,11,2.5214271079256765,11338.364415426451
ag,50,0.6382086111171501,0.41070767095673794,638.2086111171501,667,667,1334,0.9568344994260122,326,0.326,11,0.4521386625423201,365.1636528279396
ag,50,1.3261051114811604,0.8773027811231298,1326.1051114811603,1283,1283,2566,1.0335971250827438,1468,1.468,11,1.0008923499620574,1579.4920524419308
ag,50,3.176477942829628,2.060532712826105,3176.477942829628,3234,3229,6463,0.9837342653544837,8891,8.891,11,1.8710314868771891,9271.74482982717
ag,50,1.6882360536274323,1.063617117842499,1688.2360536274323,1643,1641,3284,1.0287849199435906,2514,2.514,11,0.8353922970764408,2761.4960322411375
ag,50,1.0036864252911895,0.6615995556907935,1003.6864252911895,1015,1014,2029,0.9898288217861829,835,0.835,11,0.5710247618857603,974.0862748575106
ag,50,0.3272408816528134,0.22015428702790277,327.2408816528134,325,324,649,1.0100027211506586,65,0.065,11,0.21122489331172628,64.61068492817544
ag,50,2.616369875059577,1.7330154607912414,2616.3698750595768,2566,2563,5129,1.0208232052514932,5500,5.5,11,1.4742016531137865,6122.246935085674
ag,50,1.333068550739566,0.8494321511546727,1333.068550739566,1323,1322,2645,1.008372579984543,1544,1.544,11,0.8239274037319401,2168.9452911520248
ag,50,1.6581819868380678,1.1009185398054582,1658.1819868380678,1644,1644,3288,1.0086265126752236,2402,2.402,11,1.0769606606664994,1963.6536212583596
ag,50,1.2890520829193952,0.8256535398772171,1289.0520829193952,1324,1324,2648,0.9736042922351927,1496,1.496,11,0.8780142114284221,1740.8776955897831
ag,50,2.2432853135139177,1.4488405981911008,2243.2853135139176,2263,2262,4525,0.9917264869645966,4397,4.397,11,1.0290033167993076,4096.274628595524
ag,50,1.6573811583117843,1.0196373256699593,1657.3811583117842,1673,1672,3345,0.9912566736314499,2423,2.423,11,0.6622102551194801,2422.1233219148608
ag,50,1.3241057016109385,0.8270192621002836,1324.1057016109385,1319,1317,2636,1.0053953694843876,1618,1.618,11,0.8458389038429076,1563.5176628177562
ag,50,1.2834139210842146,0.8343660843717496,1283.4139210842145,1333,1331,2664,0.9642478745936999,1493,1.493,11,0.7737508980406772,1239.0430586013645
ag,50,2.29981720118996,1.484080950724243,2299.8172011899596,2368,2368,4736,0.9712065883403546,4733,4.733,11,1.5201987806021966,5858.093654735755
ag,50,1.965244789012166,1.3700788974650788,1965.244789012166,1947,1941,3888,1.0124908753282669,3397,3.397,11,1.58494601617684,3261.7980489791184
ag,50,2.2875724040566343,1.5106685836994806,2287.5724040566342,2245,2243,4488,1.0198717806761632,4449,4.449,11,1.4991879155613022,3801.4980119210745
ag,50,1.016882535930572,0.6631696362682665,1016.882535930572,1012,1011,2023,1.005818532077717,822,0.822,11,0.6050042961804247,977.440290411695
ag,50,1.9636992903406312,1.274728124196668,1963.6992903406313,1979,1979,3958,0.9922684640427647,3600,3.6,11,1.0853372230250455,3457.460508794153
ag,50,0.61684448789888,0.43768648673625726,616.8444878988801,640,640,1280,0.9638195123420001,281,0.281,11,0.4717535463072643,271.3389758880074
ag,50,1.6390303815752427,1.0790076468993464,1639.0303815752427,1645,1643,3288,0.9975839206179201,2361,2.361,11,1.0464158676404192,3271.162896950287
ag,50,0.34928422859970487,0.227284756251214,349.2842285997049,332,332,664,1.0520609295171834,56,0.056,11,0.22490876147602606,42.796911997454714
ag,50,2.2041443935435256,1.4239907688255553,2204.1443935435254,2275,2273,4548,0.9697071682989553,4459,4.459,11,1.4529598134924948,5378.165029167508
ag,50,2.27189243072253,1.439124899441497,2271.8924307225298,2288,2286,4574,0.9938287098523753,4719,4.719,11,1.7910389406347769,5105.349161307304
ag,50,1.6391026224198781,1.0585213358938703,1639.1026224198781,1590,1589,3179,1.0315309140464934,2433,2.433,11,1.128400122578963,2199.971825359672
ag,50,2.6371974415933845,1.7431899918277405,2637.1974415933846,2579,2577,5156,1.023359503916719,6132,6.132,11,1.5578246730667737,6841.450804852088
ag,50,1.0198179927517734,0.670378177557892,1019.8179927517734,993,992,1985,1.0280423314029974,841,0.841,11,0.7949879157213097,760.4716777324288
ag,50,0.9881818042818086,0.682261438330957,988.1818042818086,1019,1018,2037,0.9707090415341931,907,0.907,11,0.6578427302333049,929.1737819451386
ag,50,0.6327239440542316,0.42322003809168063,632.7239440542317,673,672,1345,0.94155348817594,286,0.286,11,0.4415643128915317,264.17087654571833
ag,50,1.9945351991465556,1.2411651799762577,1994.5351991465557,1949,1947,3896,1.024414586105062,3429,3.429,11,1.3279891466804754,4871.749208670107
ag,50,1.9785567381691584,1.2399189514225926,1978.5567381691585,1968,1967,3935,1.0058753117280927,3631,3.631,11,1.0992273583612457,4156.1765674107555
ag,50,1.9473579505773266,1.2316108940887955,1947.3579505773266,1923,1923,3846,1.0126666409658485,3425,3.425,11,1.2904519249508104,3910.8985779153104
ag,50,1.6663936947669913,1.0314287744172175,1666.3936947669913,1681,1681,3362,0.9913109427525231,2509,2.509,11,1.037230834706078,2833.1318888265564
ag,50,0.9311865597977237,0.6643989417000735,931.1865597977237,948,946,1894,0.9843409723020335,739,0.739,11,0.6523942318270152,599.9987008029876
ag,50,1.9225866207710791,1.3160516203211934,1922.5866207710792,1918,1915,3833,1.0039616818647934,3337,3.337,11,1.307612545373199,3921.8377896706493
ag,50,1.6150633740179574,0.9979102519047834,1615.0633740179574,1577,1576,3153,1.0247864048337292,2259,2.259,11,1.0297365141008683,2633.5511983881493
ag,50,2.5912019884695647,1.6984886781078559,2591.2019884695646,2616,2612,5228,0.9920375147280109,5824,5.824,11,1.987907392544407,5506.646632326593
ag,50,2.3607436169107068,1.4877971963777634,2360.743616910707,2372,2370,4742,0.9960943531268805,4852,4.852,11,1.5690786069422156,4508.462748774922
ag,50,0.6579179440757016,0.43196645910260306,657.9179440757016,643,642,1285,1.0247943054138655,312,0.312,11,0.3794538778772191,316.80508179934867
ag,50,2.600706700643101,1.7193517337619164,2600.706700643101,2585,2582,5167,1.0072450428517046,5596,5.596,11,1.2770359991246825,5073.299096219616
ag,50,0.9908062219807072,0.6253808983482754,990.8062219807073,970,968,1938,1.0235601466742843,769,0.769,11,0.48149138972033784,629.977679712528
ag,50,2.656208277328749,1.6293464921141672,2656.2082773287493,2684,2682,5366,0.9903833994514353,6497,6.497,11,0.8977432443133578,5490.409571645362
ag,50,1.019468152261116,0.6563072519568373,1019.4681522611161,1052,1051,2103,0.969998241923041,899,0.899,11,0.666007002994558,938.06358769688
ag,50,2.253846662549869,1.495073336961651,2253.846662549869,2243,2239,4482,1.006630934591277,4489,4.489,11,0.9552989392839731,4748.24734750052
ag,50,2.2616399868460206,1.485353399450137,2261.6399868460207,2283,2280,4563,0.9919473626517635,4373,4.373,11,1.1959329476664284,4838.4813745174
ag,50,1.3516885015281197,0.9162990821842302,1351.6885015281198,1392,1392,2784,0.971040590178247,1651,1.651,11,1.135211781574656,1338.2561805468542
ag,50,1.7053767812993188,1.1168632726357017,1705.3767812993187,1689,1686,3375,1.011492752846571,2516,2.516,11,1.1654941099021108,2506.00897182805
ag,50,1.3121657997411955,0.8737821849719414,1312.1657997411955,1310,1309,2619,1.0024184871972464,1502,1.502,11,0.9489175330633413,1835.3517638324588
ag,50,2.620775470963754,1.6707915421022461,2620.775470963754,2644,2641,5285,0.9923420942687443,6113,6.113,11,2.1990667348413826,6966.3677511338665
ag,50,2.2919225070920053,1.494656126547994,2291.922507092005,2264,2263,4527,1.012780604106056,4668,4.668,11,1.502983284343027,4868.09362318681
ag,50,2.2890569326195855,1.480026732889703,2289.0569326195855,2279,2276,4555,1.0057367893759164,4810,4.81,11,1.3915311445864178,5280.999227900274
ag,50,1.267965186753281,0.8473111999533267,1267.9651867532812,1291,1290,2581,0.9829187494211482,1431,1.431,11,0.5506111981883637,1374.6212402038902
ag,50,1.6594270107912974,1.061593826983465,1659.4270107912973,1665,1663,3328,0.9978514797301848,2508,2.508,11,0.9650493638422107,2204.3635509541373
ag,50,0.9822358900397712,0.6590079302714789,982.2358900397712,1013,1011,2024,0.9715488526605056,825,0.825,11,0.5939543928975491,914.9657167292384
ag,50,1.8711772044064041,1.263113649905522,1871.1772044064041,1988,1985,3973,0.9426585412626721,3235,3.235,11,1.2531550181204667,3856.7117597208135
ag,50,1.630543889582495,1.0781300607439566,1630.543889582495,1586,1584,3170,1.0293837686758176,2185,2.185,11,0.9922404316732665,2379.174755991769
ag,50,3.166485154341715,2.0915782546197517,3166.4851543417153,3189,3187,6376,0.9935629602578335,9028,9.028,11,1.9773861185233508,10488.60683940842
ag,50,1.970542539087397,1.2107326847099584,1970.542539087397,2011,2009,4020,0.9808574111933285,3612,3.612,11,1.000551133493515,2808.9541115719308
ag,50,0.2869548823304991,0.20461177783718856,286.9548823304991,317,317,634,0.9052204489921107,42,0.042,11,0.16631123150868052,49.751310009631695
ag,50,1.2986578620361788,0.8983811182230593,1298.6578620361788,1311,1310,2621,0.9913418794169304,1485,1.485,11,0.9811568999167922,1634.6236555400517
ag,50,1.2787408889703387,0.8739488361119457,1278.7408889703386,1303,1303,2606,0.9813821097239743,1382,1.382,11,1.1578273716230079,1915.258806478621
ag,50,1.2732941351760594,0.8393782849967959,1273.2941351760594,1318,1315,2633,0.9682845134418703,1471,1.471,11,0.8198152318023851,1588.736679781027
ag,50,1.6541888600359278,1.1006273022969888,1654.1888600359277,1624,1622,3246,1.0198451664833093,2439,2.439,11,1.145892410832815,2793.092778212651
ag,50,1.3415388648758344,0.9158462079577314,1341.5388648758344,1304,1302,2606,1.0303677917633136,1603,1.603,11,0.9576810553712216,1704.94204986912
ag,50,1.3310700065021024,0.8684649570711017,1331.0700065021024,1286,1284,2570,1.0366588835686155,1503,1.503,11,0.9444954861420246,1402.8733048978154
ag,50,0.9407728378786581,0.6481025843182784,940.772837878658,980,979,1959,0.9609528476799367,689,0.689,11,0.6304160214118326,709.2264317710318
ag,50,3.56823193139664,2.462374458852266,3568.23193139664,3550,3547,7097,1.0059858842392557,11239,11.239,11,3.045317295611484,11682.701053655524
ag,50,2.4984923833962758,1.6333419021917552,2498.4923833962757,2562,2560,5122,0.9759735872641702,5998,5.998,11,1.4792028605184897,5496.6825337128075
ag,50,2.568317245283393,1.6273359337556013,2568.3172452833933,2613,2611,5224,0.9836527174582127,5954,5.954,11,1.5018535653708531,5074.28963609133
ag,50,0.6133211700388322,0.42413769813370106,613.3211700388323,604,604,1208,1.0154324007265436,286,0.286,11,0.34168968163275526,209.82728153241666
ag,50,2.269195928861752,1.4850127381804556,2269.195928861752,2223,2219,4442,1.0226209683919567,4372,4.372,11,1.4860365256508608,3980.0772813884555
ag,50,2.228333311973041,1.4776406543338119,2228.333311973041,2271,2269,4540,0.982077263981067,4415,4.415,11,2.033189774118072,4959.663670506472
ag,50,0.9998831189239509,0.679142530316434,999.8831189239509,980,979,1959,1.0213310714238517,727,0.727,11,0.7794528992724643,651.8241702438154
ag,50,1.3429389429434204,0.8760560806773401,1342.9389429434204,1295,1292,2587,1.039426426426796,1521,1.521,11,0.7398469013148073,1310.5029340953413
ag,50,0.6716279183237167,0.4591191094629048,671.6279183237167,663,661,1324,1.0160785451190872,366,0.366,11,0.43546149918551497,403.9681033611026
ag,50,2.289087081341942,1.6288548662236495,2289.087081341942,2215,2211,4426,1.035317540181792,4513,4.513,11,1.6104931861070788,5021.399381568035
ag,50,0.9852683195462956,0.6685193052083036,985.2683195462955,986,984,1970,1.001288942628349,822,0.822,11,0.7721194798355278,868.8224149212634
ag,50,2.248276401793406,1.4475333899955618,2248.276401793406,2301,2298,4599,0.9783622288047894,4736,4.736,11,1.4127423464981246,5920.956586892178
ag,50,1.5827308110216596,1.0140144990616264,1582.7308110216595,1609,1608,3217,0.9842853302373504,2252,2.252,11,0.952208822057859,2626.210918566954
ag,50,1.2810174825820322,0.837095062636455,1281.0174825820322,1298,1296,2594,0.9884394155725558,1389,1.389,11,0.826859269477364,1543.8475610947385
ag,50,1.3046275013421045,0.8876612569594282,1304.6275013421046,1270,1270,2540,1.0272657490882713,1480,1.48,11,0.8494996868711837,1574.3178344843573
ag,50,1.0221551814620355,0.6638715874538996,1022.1551814620354,1004,1003,2007,1.0190978877986396,852,0.852,11,0.3401041705019498,864.4392167567596
ag,50,2.580648768297221,1.5639836246872327,2580.648768297221,2577,2574,5151,1.0025830490665195,5745,5.745,11,1.1826498202334468,4896.329634375927
ag,50,0.3286513824820746,0.22063965127469573,328.6513824820746,318,317,635,1.0367551497857244,55,0.055,11,0.20347598325405258,56.28527983167237
ag,50,2.2821259552407738,1.4551973189868241,2282.1259552407737,2268,2263,4531,1.0084515931245133,4660,4.66,11,1.3634519050314775,4871.252117482495
ag,50,1.3178633663621844,0.873559339255625,1317.8633663621845,1353,1351,2704,0.9754725139616466,1515,1.515,11,0.8600857716624245,1674.1604519869918
ag,50,0.9623100679711974,0.6908517954770317,962.3100679711974,1004,1002,2006,0.9603892893924126,835,0.835,11,0.5887125051732056,828.9632075735391
ag,50,1.6539401958630884,1.0684793271401891,1653.9401958630883,1666,1664,3330,0.9939544446292599,2394,2.394,11,0.8745192406721927,2555.0912950827483
ag,50,3.2109049615332705,2.0243951326946164,3210.9049615332706,3151,3149,6300,1.0196586095691555,8995,8.995,11,2.4922266077477295,7948.253853762848
ag,50,1.6354597039618266,1.1204493885893296,1635.4597039618266,1605,1603,3208,1.0202493474496734,2440,2.44,11,1.0696366972823486,2467.461257016793
ag,50,2.54078157901285,1.6297727619281832,2540.78157901285,2616,2614,5230,0.9719898925068287,6156,6.156,11,1.5299135955346486,7897.117318470851
ag,50,1.5790536876405519,1.0427272699728087,1579.053687640552,1652,1651,3303,0.9564225848822241,2295,2.295,11,0.9775337952764377,3009.8938069900123
ag,50,0.0,0.0,0.0,0,0,0,,0,0.0,11,0.0,0.0
ag,50,1.281705564731228,0.8329410122289093,1281.7055647312282,1323,1320,2643,0.9709890641903244,1489,1.489,11,0.6663716741842146,1692.1008934727863
ag,50,2.283113911731164,1.535185220960781,2283.113911731164,2235,2234,4469,1.021984741150924,4473,4.473,11,1.6420194667267545,4125.884020741918
ag,50,1.55933482494457,1.0401928862826626,1559.33482494457,1603,1600,3203,0.9745842655903563,2238,2.238,11,1.0145413021760628,2124.3303209195474
ag,50,1.9187962639454377,1.2376985621775511,1918.7962639454377,1955,1953,3908,0.9824865662803061,3089,3.089,11,1.2471154804971387,2554.0782484531383
ag,50,1.004582164012256,0.6794092553741062,1004.5821640122562,984,983,1967,1.0219554059127733,854,0.854,11,0.7081626377972905,1024.850328847752
ag,50,1.2968830828813316,0.82721456307454,1296.8830828813316,1282,1282,2564,1.0116092690181993,1538,1.538,11,0.7885016827308148,2095.533640106174
ag,50,1.6503243200708744,1.0434467805169174,1650.3243200708744,1660,1658,3318,0.9953705187399725,2355,2.355,11,1.147993624687215,2617.1738011254283
ag,50,1.006766117621786,0.6559657059439189,1006.766117621786,976,976,1952,1.0315226614977315,868,0.868,11,0.7000024488566395,837.6025134983933
ag,50,1.0108855581785425,0.6673942601171365,1010.8855581785426,994,992,1986,1.0190378610670792,826,0.826,11,0.6469007610310951,877.7731531242355
ag,50,1.2722298244384707,0.8375175349900094,1272.2298244384706,1269,1269,2538,1.0025451729223567,1421,1.421,11,0.9359920419040468,2047.85944801529
ag,50,1.945293460800895,1.3173608510070016,1945.293460800895,1993,1991,3984,0.9770434258166223,3457,3.457,11,1.0609554703195707,2878.4238394831164
ag,50,1.6351620462627332,1.106425938186052,1635.1620462627332,1589,1587,3176,1.0303478552380172,2217,2.217,11,1.2317805413310956,2838.966387131202
ag,50,2.316679441640732,1.5421408693680005,2316.679441640732,2287,2284,4571,1.014307986707851,5009,5.009,11,1.4788491261932826,5241.989851373371
ag,50,1.6388505569811311,1.0288161030933312,1638.8505569811311,1658,1657,3315,0.9890468056615155,2356,2.356,11,1.1501760572732596,2562.9109697126833
ag,50,1.6330280882215242,1.084414672032105,1633.0280882215243,1620,1618,3238,1.0092880644137974,2269,2.269,11,1.011093647117717,2110.677363964157
ag,50,2.5718882605518645,1.6608906957903413,2571.8882605518643,2649,2649,5298,0.9708902455839428,6050,6.05,11,1.1361102789459208,6301.977035897272
ag,50,1.0021118923976773,0.6566624356440381,1002.1118923976774,994,993,1987,1.0091761252745997,832,0.832,11,0.6411637797139192,535.5946064828377
ag,50,1.0233273220277033,0.6438532255021443,1023.3273220277033,1020,1018,2038,1.0052331257639522,909,0.909,11,0.834055494763997,919.1647324029011
ag,50,2.239632725977025,1.4148617885286294,2239.632725977025,2267,2266,4533,0.9883639567418468,4496,4.496,11,1.4516245912804597,4150.064980395279
ag,50,2.565982503522363,1.6507931308345314,2565.982503522363,2574,2571,5145,0.9980484261074924,5713,5.713,11,1.215153275469576,4692.151052023996
ag,50,1.0001266884411935,0.6607316803502993,1000.1266884411936,966,964,1930,1.0374758178850556,743,0.743,11,0.6534761698377537,714.6045859431109
ag,50,1.2889006927660922,0.8528380999529086,1288.900692766092,1297,1296,2593,0.9945221394800093,1491,1.491,11,0.8570182150769478,1158.9981996778351
ag,50,1.314270869294487,0.8749029078945061,1314.270869294487,1299,1296,2595,1.0140978929741413,1424,1.424,11,0.7588709330687788,1704.7137173357123
ag,50,3.2271575534884716,2.087831647409456,3227.1575534884714,3212,3209,6421,1.0056583214361083,8997,8.997,11,1.9070752881343893,10171.092552308131
ag,50,1.2788611653182014,0.8555435510227092,1278.8611653182013,1319,1318,2637,0.9703043742930207,1457,1.457,11,0.8649399576843894,1357.922623069841
ag,50,1.9431041398068314,1.3331566022941679,1943.1041398068314,1944,1943,3887,1.0000535974301756,3387,3.387,11,0.9137214768261748,3759.1429365215663
ag,50,1.0023669433423847,0.6906546957164431,1002.3669433423848,1017,1017,2034,0.9856115470426596,882,0.882,11,0.6641569665569442,964.0215849025305
ag,50,1.3176953816306818,0.9032169318515498,1317.6953816306818,1343,1342,2685,0.9818892560586303,1505,1.505,11,0.9334801356099726,1408.7659206260216
ag,50,1.674496733828945,1.1072505226905798,1674.496733828945,1576,1574,3150,1.0638479884554923,2206,2.206,11,1.272587031784961,1847.7182491342435
ag,50,1.277377682712175,0.88044365558702,1277.377682712175,1274,1272,2546,1.0042277379812696,1407,1.407,11,0.6377410418382865,1356.135642523258
ag,50,2.2352298936759243,1.4436753260914348,2235.2298936759244,2256,2254,4510,0.9916725349050242,4397,4.397,11,1.455347962604864,5309.095170256634
ag,50,1.3003238192460194,0.8501794498230927,1300.3238192460194,1292,1292,2584,1.0064425845557425,1372,1.372,11,0.8981736823196376,1200.7907846888452
ag,50,2.2658991034372007,1.5263659269470904,2265.8991034372007,2264,2263,4527,1.001281088571454,4495,4.495,11,1.7720375250567897,3459.593654079415
ag,50,1.0640012171237077,0.6619619513850303,1064.0012171237076,1009,1009,2018,1.0545106215299382,852,0.852,11,0.809543113328367,804.0216405235603
ag,50,1.3010108802673845,0.8602327817075764,1301.0108802673844,1275,1274,2549,1.0212016328629392,1552,1.552,11,0.7259854203767223,1716.7152877868903
ag,50,1.6405957612058495,1.043405510300419,1640.5957612058494,1609,1609,3218,1.0196368932292414,2394,2.394,11,0.8936766176230327,2733.6493546667975
ag,50,2.000829764431774,1.2513674898179987,2000.829764431774,1913,1909,3822,1.0481035958259686,3476,3.476,11,1.7191875459813395,3469.425679133437
ag,50,1.957416550594111,1.2876987658593904,1957.416550594111,1923,1920,3843,1.019487786767766,3367,3.367,11,1.2042676866068884,3557.2798874621662
ag,50,1.9263810114948856,1.1633884010691122,1926.3810114948856,1940,1938,3878,0.9940046498941618,3252,3.252,11,1.32351263655693,3303.4140848454385
ag,50,2.5430525312779904,1.730704356101414,2543.0525312779905,2552,2548,5100,0.998058293280216,5583,5.583,11,1.6446740454756006,3850.7979802949294
ag,50,1.376078728456195,0.8693902865998013,1376.078728456195,1339,1338,2677,1.028459438308068,1628,1.628,11,0.8708277624920628,1721.0403676403664
ag,50,1.9213426468197166,1.2530087831228556,1921.3426468197165,1908,1906,3814,1.0080496573031041,3216,3.216,11,1.046836799837051,3571.8985354352876
ag,50,0.6309026907392173,0.43472368952112117,630.9026907392173,659,658,1317,0.9588186789349807,342,0.342,11,0.5822537397850224,353.41854211220164
ag,50,2.170642818709368,1.4051017116121964,2170.642818709368,2223,2221,4444,0.9773267981582026,4124,4.124,11,1.4890094857336371,4027.4637055444773
ag,50,1.982102788879174,1.2921629524899012,1982.102788879174,1952,1950,3902,1.0164629686559867,3642,3.642,11,1.1663542946308258,3356.4557259525045
ag,50,2.2181670247233978,1.4884890766444336,2218.167024723398,2275,2273,4548,0.9758763857120096,4522,4.522,11,1.6470946924593781,4891.167648406461
ag,50,1.5977972651338095,1.0666781950851292,1597.7972651338096,1647,1646,3293,0.9707152279063241,2409,2.409,11,1.3491045982754881,2503.596931879364
ag,50,0.9395787237788145,0.6088462334579194,939.5787237788145,995,993,1988,0.946202138750065,750,0.75,11,0.561290217976435,674.1211064251027
ag,50,1.625616608011369,1.0598413017976493,1625.616608011369,1624,1623,3247,1.0016122045664626,2273,2.273,11,0.9919879505991565,2465.4252036306043
ag,50,2.966115253468652,2.0153262199481716,2966.115253468652,2927,2924,5851,1.0144033014598672,7958,7.958,11,2.163421102738998,8882.41042457652
ag,50,1.610751873305387,1.1288259485596979,1610.7518733053869,1610,1608,3218,1.0017113639958874,2496,2.496,11,1.2466160961159733,2849.9765212355937
ag,50,2.5919226850931443,1.6397764130565236,2591.922685093144,2580,2577,5157,1.0057907198654032,6032,6.032,11,1.6067555656016557,6232.372845910752
ag,50,1.6223556378118025,1.1148340711368425,1622.3556378118026,1650,1647,3297,0.9850368171292062,2494,2.494,11,1.1895172087725585,2853.284869591764
ag,50,1.609310691323877,1.0490103070717944,1609.310691323877,1658,1657,3315,0.9712194878237037,2427,2.427,11,1.0327423064846786,2553.892563180577
ag,50,2.6016906097761883,1.6843239259845724,2601.6906097761885,2601,2599,5200,1.0010352480862594,5745,5.745,11,1.3742429563245617,5581.780106035728
ag,50,2.2542804328051123,1.5553906119463714,2254.2804328051125,2352,2349,4701,0.9596766423180555,4742,4.742,11,1.8620697777148656,5062.859131183607
ag,50,1.3151400323023599,0.8909667650027284,1315.14003230236,1329,1328,2657,0.9903162893843072,1581,1.581,11,0.94929987545041,1800.8415283848574
ag,50,1.9876664811802078,1.2604793930398548,1987.666481180208,1940,1936,3876,1.0266872320145701,3337,3.337,11,1.7294932380905053,3561.1905971824467
ag,50,1.3455421737162683,0.8695972760143189,1345.5421737162683,1252,1249,2501,1.0772955754333613,1350,1.35,11,1.0381968610377537,1091.385142781358
ag,50,0.9511613991898967,0.6028964258940379,951.1613991898968,972,971,1943,0.9795688972089565,756,0.756,11,0.5917822746993644,779.9634748900163
ag,50,2.534003915197787,1.5935448844759872,2534.003915197787,2528,2528,5056,1.002374966454821,5508,5.508,11,1.5103756993979451,5948.950970348241
ag,50,0.9807505751323967,0.667311589567198,980.7505751323968,1022,1022,2044,0.959638527526807,770,0.77,11,0.6327776352291965,632.0726895149127
ag,50,2.9434454797633043,1.9411795163505856,2943.4454797633043,2953,2950,5903,0.9977781287333235,7741,7.741,11,2.2028200190078855,8103.860665237246
ag,50,0.6806287537348019,0.462557881578929,680.6287537348019,677,676,1353,1.0068472688384642,361,0.361,11,0.41957621989983335,312.766924998348
ag,50,2.545379496562728,1.6070918122497697,2545.379496562728,2536,2534,5070,1.004490724768243,5462,5.462,11,1.5929129904937083,5412.427829615874
ag,50,1.0353708059708364,0.6363977892768807,1035.3708059708365,992,990,1982,1.0458290969402388,880,0.88,11,0.7706640483229001,804.6519859232455
ag,50,0.9856894272530426,0.634256531683646,985.6894272530426,983,983,1966,1.0027359382024847,797,0.797,11,0.6916686921573457,792.0890159437473
ag,50,1.6591100698569907,1.059335410851734,1659.1100698569908,1658,1655,3313,1.0024834258954627,2552,2.552,11,1.0679453678707327,2670.7434184160225
ag,50,2.649999412536766,1.7278577775068515,2649.9994125367657,2659,2659,5318,0.9966150479641842,6740,6.74,11,2.035927129727811,4501.361016980531
ag,50,0.9699795545766814,0.6667706621465124,969.9795545766814,964,962,1926,1.0082947552772157,796,0.796,11,0.7899282907182281,823.9996263900116
ag,50,0.6224102861600118,0.4056476591023564,622.4102861600118,638,637,1275,0.9770962106122634,323,0.323,11,0.4428474715692963,344.86842874121675
ag,50,1.6438188334028603,1.0579112755127358,1643.8188334028603,1643,1642,3285,1.001107693911608,2292,2.292,11,0.8767246204966975,2212.7262511540907
ag,50,2.573149680317667,1.6599329595062353,2573.149680317667,2687,2685,5372,0.9583425252579765,6142,6.142,11,1.7705139383583226,6884.36935182777
ag,50,1.363894259489945,0.8938352991439039,1363.894259489945,1346,1344,2690,1.014802276406209,1651,1.651,11,0.8129382199160653,1639.5283676444135
ag,50,1.955528274845018,1.2845044330097453,1955.528274845018,2018,2016,4034,0.9700041045858224,3507,3.507,11,1.741137632822941,3038.127775267848
ag,50,1.9460498182729087,1.2783948016600697,1946.0498182729086,1972,1970,3942,0.9878425473466541,3405,3.405,11,1.4044848608812253,3182.247215807922
ag,50,2.5873308899769243,1.7604179530137996,2587.3308899769245,2560,2559,5119,1.0110710785372898,5711,5.711,11,1.7323943978107803,5735.762185563614
ag,50,0.6654106516873037,0.4398556355679168,665.4106516873037,659,657,1316,1.0128016007417104,319,0.319,11,0.4150586480472699,323.79951317722424
ag,50,0.9964793711566492,0.6347753098988945,996.4793711566492,965,965,1930,1.0326211100068903,840,0.84,11,0.5799324462382579,669.7883300572804
ag,50,0.9980842939885133,0.6481901144034699,998.0842939885133,977,977,1954,1.0215806489135244,866,0.866,11,0.6581819229331708,797.5633135143216
ag,50,1.7114301383256987,1.0322153621402836,1711.4301383256986,1594,1593,3187,1.0743440918554292,2264,2.264,11,0.9393190152765118,2777.8500411360383
ag,50,0.9957057579111113,0.676588394568959,995.7057579111113,1012,1011,2023,0.9848721641059459,848,0.848,11,0.7939422997054331,891.0978341593044
ag,50,1.652016215071937,1.0765270778339882,1652.016215071937,1638,1637,3275,1.009173008596174,2195,2.195,11,0.8953456213281694,1824.1248569508823
ag,50,0.9932312178708181,0.6338632056858141,993.2312178708181,1006,1005,2011,0.9882897690256897,835,0.835,11,0.6527483502004573,890.5602204950741
ag,50,0.9995997348223286,0.6421357437967334,999.5997348223285,975,975,1950,1.0252304972536703,798,0.798,11,0.653832500020572,782.8415651697401
ag,50,1.6685286098515695,1.147004012098328,1668.5286098515694,1614,1613,3227,1.034425672567619,2363,2.363,11,0.9917679898284617,2534.2182712026856
ag,50,1.6164143639334374,1.057405162018029,1616.4143639334375,1646,1645,3291,0.982622713637348,2155,2.155,11,1.164736864983193,2234.435960187234
ag,50,3.8702851206423037,2.404510108333701,3870.285120642304,3772,3770,7542,1.0266008277565792,12774,12.774,11,2.552208220975949,14566.895764655605
ag,50,1.9471638356340522,1.2628857952819612,1947.1638356340522,2005,2003,4008,0.9721237322186981,3536,3.536,11,1.0350664894578436,3230.9261973294997
ag,50,1.3006897495780285,0.879172802573552,1300.6897495780286,1357,1355,2712,0.9599186343749289,1626,1.626,11,0.9083691980257123,1672.568464888481
ag,50,1.6558031557300974,1.12915411255455,1655.8031557300974,1663,1662,3325,0.9962714535078805,2412,2.412,11,1.448859639097191,2577.5616400738404
ag,50,1.981407225783043,1.2968022118297773,1981.407225783043,1943,1941,3884,1.0208177361066681,3513,3.513,11,1.5340626931166896,4448.258767955965
ag,50,1.0350789637101634,0.6301393087210537,1035.0789637101634,997,996,1993,1.0392359073395214,869,0.869,11,0.5512612324290772,667.6256619315582
ag,50,2.578936927055648,1.6680200967499237,2578.936927055648,2672,2670,5342,0.9658939801706548,6200,6.2,11,1.8380607176131754,5991.591496677394
ag,50,1.6415106976010538,1.1163314443312151,1641.5106976010538,1605,1603,3208,1.0240241407367772,2262,2.262,11,1.155408813595899,2180.421009621055
ag,50,1.9995520470177088,1.266615060894227,1999.552047017709,1986,1983,3969,1.008346972777463,3552,3.552,11,1.39416846718398,2593.2301548438745
nag,50,0.09047904888655736,0.08714826995922867,90.47904888655736,972,972,1944,0.09308544124131417,38,0.038,11,0.07997366948537293,34.14112037945458
nag,50,0.16283577373557157,0.15567454821511353,162.83577373557156,1887,1887,3774,0.0862934677983951,299,0.299,11,0.1293575932200976,221.38241813404173
nag,50,0.20535707099235248,0.2006489204560465,205.35707099235248,2286,2285,4571,0.08987180349774726,423,0.423,11,0.2208522075716449,313.1498811071154
nag,50,0.16519995085927866,0.15770851640775244,165.19995085927866,1869,1869,3738,0.08838948681609345,225,0.225,11,0.13389080984923218,223.6624969124268
nag,50,0.264770277766398,0.25068373918338355,264.770277766398,2895,2895,5790,0.09145778161188187,680,0.68,11,0.2113828472952755,481.2267660217587
nag,50,0.26123448852007386,0.24613468126097132,261.23448852007385,2831,2831,5662,0.09227640004241394,650,0.65,11,0.2836159926299034,764.2800293354151
nag,50,0.32075723490967106,0.3045243848466582,320.75723490967107,3463,3463,6926,0.0926240932456457,1044,1.044,11,0.28575995541178206,916.1193672570296
nag,50,0.21559186219951312,0.2011972815661499,215.59186219951312,2407,2407,4814,0.08956870053988912,437,0.437,11,0.19549635153880116,369.43720914246717
nag,50,0.26327493113086103,0.24920259687487778,263.27493113086103,2835,2835,5670,0.09286593690682929,681,0.681,11,0.25831547918347986,576.6016363524626
nag,50,0.12733013767232318,0.12365442359745253,127.33013767232319,1418,1417,2835,0.0898589538971935,162,0.162,11,0.13133203264321966,172.39224251247052
nag,50,0.17415580518561774,0.16584268061066318,174.15580518561774,1861,1861,3722,0.09358184050812345,253,0.253,11,0.15676192320456916,188.8886626464103
nag,50,0.3849088414688422,0.36314058062074056,384.9088414688422,4256,4256,8512,0.09043910748797984,1518,1.518,11,0.4224517981711821,1796.9159474357718
nag,50,0.29725296319119093,0.283450441800357,297.25296319119093,3292,3292,6584,0.0902955538247846,889,0.889,11,0.2660006978889118,699.3213069554216
nag,50,0.17733753783672762,0.16953920094384403,177.33753783672762,1920,1920,3840,0.09236330095662897,305,0.305,11,0.1776138964683161,276.8317456482084
nag,50,0.3457045781097162,0.3293563359978317,345.70457810971624,3757,3757,7514,0.09201612406433757,1119,1.119,11,0.3543399546349916,1030.3743564006436
nag,50,0.3397230486094609,0.32256709772726505,339.7230486094609,3793,3793,7586,0.08956579188227284,1197,1.197,11,0.2718358794868583,1224.078123505441
nag,50,0.2987987581970402,0.28187870928735753,298.79875819704023,3287,3287,6574,0.09090318168452699,843,0.843,11,0.310888980563904,831.300168647552
nag,50,0.30118639008154047,0.29180522484590266,301.1863900815405,3292,3292,6584,0.09149039795915567,914,0.914,11,0.31699277310468116,730.3328332975609
nag,50,0.3509098063051662,0.3325755050624798,350.9098063051662,3883,3882,7765,0.09039407684316492,1241,1.241,11,0.3677512343739561,1326.0775102414434
nag,50,0.3441330514967546,0.32309402623614003,344.1330514967546,3815,3814,7629,0.09022890705211185,1128,1.128,11,0.3573005107228532,1096.837246554187
nag,50,0.3037453434455869,0.2900669064430915,303.7453434455869,3329,3329,6658,0.09124221791696813,934,0.934,11,0.331730795752802,1057.3803282541378
nag,50,0.13512473219430013,0.12650234182416636,135.12473219430012,1470,1470,2940,0.09192158652673478,148,0.148,11,0.09462742229574597,161.07527527330666
nag,50,0.1618209300482951,0.15843524316229293,161.82093004829508,1834,1834,3668,0.08823387679841607,269,0.269,11,0.14892527124669058,298.74324327246217
nag,50,0.1344333778661373,0.125038366424835,134.4333778661373,1468,1468,2936,0.09157587048101996,118,0.118,11,0.13186176561882937,124.77467416373489
nag,50,0.2562095603316743,0.24768930849259865,256.2095603316743,2871,2871,5742,0.08924052954777928,743,0.743,11,0.2438441870340707,623.1589923132525
nag,50,0.3096157640289246,0.2932415181189315,309.6157640289246,3437,3437,6874,0.09008314344746134,963,0.963,11,0.26749816698529827,770.0885608370209
nag,50,0.044920593493215664,0.042902733773432934,44.92059349321566,467,467,934,0.09618970769425195,12,0.012,11,0.047293821270425404,16.453322388062293
nag,50,0.3977258490495153,0.3861667491629319,397.7258490495153,4316,4316,8632,0.09215149421907214,1595,1.595,11,0.37675871273946987,1406.9299324660553
nag,50,0.21323160376567837,0.20328618977847737,213.2316037656784,2391,2391,4782,0.08918093005674546,402,0.402,11,0.22236609276524133,440.11122975973103
nag,50,0.12584223141262016,0.1203131169542477,125.84223141262015,1442,1442,2884,0.08726923121540926,153,0.153,11,0.08171029706532305,221.82560554082923
nag,50,0.3471583862591965,0.33176569236975356,347.1583862591965,3788,3788,7576,0.09164688127222717,1235,1.235,11,0.28346002346199045,1206.1774799899003
nag,50,0.30434540618461403,0.2861970585905639,304.34540618461403,3343,3343,6686,0.09103960699509843,847,0.847,11,0.23386736485604692,738.2645564256537
nag,50,0.22753994095920022,0.21966322109563982,227.5399409592002,2489,2489,4978,0.09141821653644042,492,0.492,11,0.22885557980481017,471.3551140574513
nag,50,0.21547625035291842,0.2060346941515914,215.4762503529184,2405,2405,4810,0.08959511449185797,426,0.426,11,0.22603059459125377,420.45066289962165
nag,50,0.5129836264366227,0.4881976909354275,512.9836264366227,5716,5716,11432,0.08974521106309004,2667,2.667,11,0.4665306099189918,2176.2307973824645
nag,50,0.039197948805736925,0.03766146961515976,39.19794880573693,466,466,932,0.08411576996939255,12,0.012,11,0.03357726371164064,10.15944345057219
nag,50,0.423767164451293,0.4086644525569941,423.76716445129296,4724,4724,9448,0.0897051575891814,1820,1.82,11,0.34862563691220255,1831.0322725212184
nag,50,0.34543495029850535,0.32657865204609354,345.4349502985053,3842,3841,7683,0.08993359809906414,1197,1.197,11,0.37111986914908324,1318.6404473734306
nag,50,0.13298511944532276,0.12811468789489475,132.98511944532277,1488,1488,2976,0.08937172005734056,163,0.163,11,0.12677477529088682,176.29435160341896
nag,50,0.26793139228180307,0.25418897715398336,267.9313922818031,2902,2902,5804,0.09232646184762339,681,0.681,11,0.2820012699350942,583.2498414719059
nag,50,0.16564853247975156,0.15667361474051028,165.64853247975157,1928,1927,3855,0.0859618746651539,276,0.276,11,0.1870269113092557,281.4186109444267
nag,50,0.04409678706026143,0.04215226043122339,44.096787060261434,493,493,986,0.08944581553805565,13,0.013,11,0.04845730892195669,13.13028972818055
nag,50,0.08203380165269464,0.07875345797923594,82.03380165269463,913,913,1826,0.08985082327786927,53,0.053,11,0.0701114725004867,61.3705637793117
nag,50,0.34257853269128574,0.3312883858586134,342.5785326912857,3730,3729,7459,0.09186874033019193,1109,1.109,11,0.31459805913808925,1063.047458748638
nag,50,0.1787629756225575,0.16885301872576292,178.7629756225575,1924,1924,3848,0.09291214949197375,297,0.297,11,0.14223648012797657,301.16470287035065
nag,50,0.3438155036127413,0.327536561655609,343.81550361274134,3849,3849,7698,0.08932592975129679,1260,1.26,11,0.2832879528049069,1470.8202643007924
nag,50,0.3969833224269255,0.37513785901090524,396.9833224269255,4369,4367,8736,0.09090527190907385,1533,1.533,11,0.40242099499748923,1458.2400185083213
nag,50,0.3051539140814862,0.2954708124286854,305.15391408148616,3255,3255,6510,0.09374928235990358,850,0.85,11,0.2499751736596542,709.7188327457578
nag,50,0.17605527189474193,0.17036638644569388,176.05527189474194,1896,1895,3791,0.09290515667268703,330,0.33,11,0.21748068351218477,267.2101730295045
nag,50,0.3050586315009865,0.2923523069343563,305.0586315009865,3392,3392,6784,0.08993473806043234,1016,1.016,11,0.2268283970057953,703.5497128670822
nag,50,0.04347874266282889,0.0415883415992884,43.47874266282889,476,476,952,0.09134189635048087,10,0.01,11,0.04817192838429423,9.63194476915735
nag,50,0.04122691637606665,0.03952725774218746,41.226916376066654,495,495,990,0.0832866997496296,8,0.008,11,0.033123253803160786,6.859432227627971
nag,50,0.0897784832480938,0.08403464425710419,89.7784832480938,1010,1010,2020,0.0888895873743503,73,0.073,11,0.08820344204611759,91.78283749409748
nag,50,0.13042919272690445,0.1245168983204574,130.42919272690446,1418,1418,2836,0.09198109501192134,158,0.158,11,0.1174000667871983,186.288479666753
nag,50,0.13587108209754714,0.1296473487041739,135.87108209754714,1503,1503,3006,0.09039992155525425,183,0.183,11,0.12248366102402135,170.33794363089518
nag,50,0.2215724835924919,0.20797578647856996,221.5724835924919,2398,2398,4796,0.09239886721955458,482,0.482,11,0.2060061175231068,481.13784823734875
nag,50,0.07747808407450393,0.07432534967857124,77.47808407450394,911,911,1822,0.08504729316630509,43,0.043,11,0.0753528742122964,32.30893281019863
nag,50,0.16655776991022497,0.1604653428249361,166.55776991022498,1906,1906,3812,0.0873860282844832,295,0.295,11,0.17379356310829946,380.3982485094492
nag,50,0.3134219598800915,0.3001012119165465,313.42195988009155,3340,3339,6679,0.0938670140401592,1034,1.034,11,0.2635158314535987,1231.001806076625
nag,50,0.1736481425870809,0.1609369230711635,173.64814258708088,1887,1887,3774,0.0920233929979231,302,0.302,11,0.17222735174511108,269.21128626761265
nag,50,0.29771560873053377,0.28311099138859397,297.71560873053375,3344,3344,6688,0.08902978729980077,890,0.89,11,0.3636523660638847,942.2559591403358
nag,50,0.12440886665409698,0.11785533080692459,124.40886665409698,1407,1407,2814,0.08842136933482372,133,0.133,11,0.10589678906498862,162.0567030908164
nag,50,0.12232835191352558,0.11616279606974973,122.32835191352558,1372,1372,2744,0.08916060635096616,123,0.123,11,0.09168849032166058,99.81620073684768
nag,50,0.26512306438556643,0.25141406012274375,265.1230643855664,2870,2869,5739,0.0924095728077959,745,0.745,11,0.2234605370531946,623.9784572287745
nag,50,0.22058475441375539,0.21147467522802865,220.58475441375538,2360,2360,4720,0.09346811627701498,410,0.41,11,0.2551495897520567,399.0279105498139
nag,50,0.12576150846344947,0.1208759399676157,125.76150846344947,1424,1424,2848,0.08831566605579316,137,0.137,11,0.10167005314573611,151.85270796698302
nag,50,0.26365206878467096,0.24983057467726577,263.652068784671,2924,2924,5848,0.09016828617806805,698,0.698,11,0.23426244715046968,723.6276475313529
nag,50,0.3498261492507141,0.3398360427054897,349.8261492507141,3752,3752,7504,0.0932372466020027,1199,1.199,11,0.34089566493791335,1285.6038693270784
nag,50,0.46713592428632145,0.4447345708345628,467.1359242863214,5084,5083,10167,0.09190161799848937,2059,2.059,11,0.4693978054660501,1839.5000138393698
nag,50,0.21777445568210926,0.20971107842309875,217.77445568210928,2425,2424,4849,0.08984094706357644,475,0.475,11,0.25019272424902816,424.24596780265665
nag,50,0.16703287940472233,0.1605416903950592,167.03287940472234,1832,1832,3664,0.09117515251349473,246,0.246,11,0.16639755510902668,283.2698374519593
nag,50,0.18581306898196828,0.17453186267683554,185.81306898196829,1999,1999,3998,0.09295301099648239,275,0.275,11,0.13333206106362924,263.39671665984514
nag,50,0.08644138344359575,0.08405112710317968,86.44138344359575,964,964,1928,0.0896694848999956,58,0.058,11,0.08478593856538875,75.24881331580373
nag,50,0.37934312772910983,0.35711747934929866,379.3431277291098,4292,4292,8584,0.08838376694527256,1514,1.514,11,0.3755358945771176,1564.6715786715704
nag,50,0.220573111252824,0.21721570744443391,220.573111252824,2382,2381,4763,0.09263885394910709,498,0.498,11,0.20254230766621945,530.4855150867735
nag,50,0.1829876195144486,0.17167259117662445,182.98761951444862,1918,1918,3836,0.095405432489285,277,0.277,11,0.19090740302593776,224.1666621586553
nag,50,0.17124252288904082,0.16457945235290117,171.24252288904083,1908,1908,3816,0.0897497499418453,326,0.326,11,0.1432020663801081,314.33203154498307
nag,50,0.3392161820331187,0.3242322281655051,339.2161820331187,3805,3805,7610,0.08915011354352659,1193,1.193,11,0.3531875408886879,1196.8388337691586
nag,50,0.2633122423177546,0.25223211194316775,263.31224231775457,2882,2882,5764,0.09136441440588292,700,0.7,11,0.24033626725483417,691.968711439933
nag,50,0.421393900548745,0.39913309114807727,421.39390054874497,4650,4650,9300,0.09062234420403117,1755,1.755,11,0.47460569260938534,2000.821874438215
nag,50,0.13013553585865575,0.12564148824390473,130.13553585865574,1416,1416,2832,0.09190362701882468,178,0.178,11,0.15435554734500034,200.1119798298531
nag,50,0.12357166571655749,0.1196226149577209,123.57166571655749,1381,1381,2762,0.08947984483458182,144,0.144,11,0.11158555495078805,138.03199129234685
nag,50,0.26024678625628156,0.24680306543072736,260.24678625628155,2879,2879,5758,0.0903948545523729,662,0.662,11,0.21197615129815667,749.7287867799546
nag,50,0.343576074636174,0.32310772625028844,343.576074636174,3831,3831,7662,0.08968313094131401,1141,1.141,11,0.3822724912983322,1293.3136863122827
nag,50,0.336991609117662,0.32591161285685266,336.991609117662,3757,3757,7514,0.08969699470792175,1145,1.145,11,0.3024745067674528,1194.6280494580897
nag,50,0.17068178015382657,0.1628621793213528,170.68178015382657,1922,1922,3844,0.08880425606338531,290,0.29,11,0.19461029968554083,282.8830448913349
nag,50,0.3588169501270862,0.344779426649539,358.8169501270862,3868,3867,7735,0.09278948800803885,1207,1.207,11,0.3430387873866919,1323.8396661091774
nag,50,0.0410183066499077,0.03933580516948183,41.0183066499077,475,475,950,0.08635432978927937,14,0.014,11,0.048617561097543414,15.644745854930415
nag,50,0.03847008355748663,0.03699013622856663,38.47008355748663,440,440,880,0.0874320080851969,11,0.011,11,0.04072301761466965,12.781377354836305
nag,50,0.22740422492748333,0.21663228256895287,227.40422492748334,2450,2449,4899,0.09285595137912754,452,0.452,11,0.21955915764394598,429.1505309583858
nag,50,0.1292316100944312,0.12280089706747885,129.2316100944312,1403,1402,2805,0.09217661205023624,157,0.157,11,0.0976326983406889,177.8396682085788
nag,50,0.13384924281638752,0.12726428650455754,133.84924281638752,1451,1450,2901,0.09230982263199139,133,0.133,11,0.11604076494350482,96.92690696933009
nag,50,0.25295195394363224,0.23935174969565517,252.95195394363225,2863,2863,5726,0.08835206215285793,595,0.595,11,0.1836584207234564,448.89746480088485
nag,50,0.33133730794733823,0.3223545562139311,331.3373079473382,3696,3696,7392,0.08964754002904173,1134,1.134,11,0.29810659369020986,1400.2376708219174
nag,50,0.2948695013455392,0.28054232507259025,294.86950134553916,3302,3302,6604,0.08930027296957577,879,0.879,11,0.3364043857267121,1016.1390968435234
nag,50,0.13282002852499925,0.1269392647920112,132.82002852499926,1445,1445,2890,0.09191697475778496,164,0.164,11,0.13437443787795153,185.3748232150004
nag,50,0.2587886706969104,0.24671826818133888,258.7886706969104,2834,2834,5668,0.09131569184788652,690,0.69,11,0.22713049220734716,598.3404555263169
nag,50,0.3117495253522317,0.29093851687128935,311.74952535223173,3368,3367,6735,0.09258970161931444,981,0.981,11,0.26287807980681466,635.5552508143492
nag,50,0.3411584399722773,0.335488262748301,341.1584399722773,3727,3727,7454,0.09153701099336659,1191,1.191,11,0.4005325774757333,1408.106967893539
nag,50,0.2618217821348128,0.2530266930829135,261.8217821348128,2940,2940,5880,0.08905502793701116,637,0.637,11,0.2974525419799832,660.5792676982854
nag,50,0.4323989235351536,0.4135068440386581,432.3989235351536,4714,4714,9428,0.0917265429646062,1780,1.78,11,0.4637180175617877,1565.0384804814046
nag,50,0.17057193944060353,0.16204410324342014,170.57193944060353,1918,1918,3836,0.08893218948936576,258,0.258,11,0.15037057247816346,331.3167199296474
nag,50,0.18059965259150493,0.172462929475088,180.59965259150493,1962,1962,3924,0.09204875259505858,301,0.301,11,0.15900744725835456,298.64587978937396
nag,50,0.19142353940446538,0.18123536150973057,191.42353940446537,2027,2027,4054,0.094436871931162,332,0.332,11,0.1959182376403308,334.1576884603957
nag,50,0.24748488751484052,0.23576018915755131,247.48488751484052,2816,2816,5632,0.08788525835044053,646,0.646,11,0.24734263821582392,525.5588821204402
nag,50,0.25957858811748424,0.2446415719238513,259.57858811748423,2873,2873,5746,0.09035105747214905,774,0.774,11,0.2566413554479487,781.6400226361676
nag,50,0.12580440511832824,0.11939476235762979,125.80440511832825,1420,1420,2840,0.08859465149178046,136,0.136,11,0.10681901356542167,144.73572034070935
nag,50,0.12540017437401604,0.11865870378209323,125.40017437401605,1424,1424,2848,0.08806192020647194,156,0.156,11,0.1259137913756942,165.09099477359524
nag,50,0.1293506424200446,0.1250349096102,129.3506424200446,1446,1446,2892,0.08945410955743058,182,0.182,11,0.11571294087686401,154.41347892605623
nag,50,0.12886815427011633,0.12458475149815292,128.86815427011632,1429,1429,2858,0.09018065379294354,166,0.166,11,0.10368480329437171,177.86078637625025
nag,50,0.21350980186762103,0.2047499285809162,213.50980186762104,2367,2367,4734,0.09020270463355345,475,0.475,11,0.15455497069686444,429.41046473382124
nag,50,0.3335654913322859,0.3194736997682819,333.5654913322859,3807,3807,7614,0.08761898905497396,1211,1.211,11,0.3505524644901082,1189.1694435327909
nag,50,0.03976909907787791,0.03818751783641183,39.76909907787791,468,468,936,0.08497670743136305,6,0.006,11,0.035983656194936466,6.045730710464945
nag,50,0.26435026373322196,0.25160660282423775,264.35026373322194,2912,2912,5824,0.09077962353476028,727,0.727,11,0.27201151489531983,706.67401088905
nag,50,0.1731182310112059,0.16600761077488385,173.11823101120592,1950,1950,3900,0.08877858000574662,336,0.336,11,0.1642717830160659,356.1821573174418
nag,50,0.30874048093745843,0.294151317281859,308.7404809374584,3376,3376,6752,0.09145156425872583,933,0.933,11,0.27247724450057337,747.870249456903
nag,50,0.12463956781466408,0.11724525018161921,124.63956781466408,1428,1428,2856,0.08728261051447064,157,0.157,11,0.12807129108219714,134.0502875657593
nag,50,0.08182965290529814,0.07865767955408595,81.82965290529815,930,930,1860,0.08798887409171843,45,0.045,11,0.09632079181834868,34.372694619985126
nag,50,0.22112745530764852,0.20926838425749741,221.12745530764852,2435,2435,4870,0.09081209663558461,444,0.444,11,0.2006034835895976,440.072098167722
nag,50,0.3041400816228758,0.28712189251743997,304.1400816228758,3330,3330,6660,0.09133335784470745,944,0.944,11,0.2886195046376402,961.213516303995
nag,50,0.2063650425645693,0.19528888316122778,206.3650425645693,2323,2322,4645,0.08887383400713579,422,0.422,11,0.14701085176615147,414.56438721588574
nag,50,0.04630293946337243,0.044158977260423705,46.30293946337243,482,482,964,0.09606418975803409,11,0.011,11,0.049507284341810315,11.324761987958146
nag,50,0.08105491370087727,0.07840915474820001,81.05491370087726,941,941,1882,0.08613699649402472,70,0.07,11,0.08602508257429947,64.99341131956385
nag,50,0.33326147906356424,0.3185540458468316,333.26147906356425,3727,3727,7454,0.08941815912625818,1056,1.056,11,0.2983799456783026,1264.0411862466444
nag,50,0.17454436251244193,0.166356420700377,174.54436251244192,1939,1937,3876,0.09011066727539593,282,0.282,11,0.1273773563742648,211.67479723235357
nag,50,0.2251226720444492,0.21229237675167065,225.1226720444492,2407,2406,4813,0.09356719536344521,500,0.5,11,0.21294464539878447,424.02538888912596
nag,50,0.12368613390534614,0.11893889444061104,123.68613390534614,1387,1387,2774,0.08917529481279463,130,0.13,11,0.12415028611751862,131.51559318132723
nag,50,0.20847010416706552,0.2021079805545937,208.47010416706553,2309,2309,4618,0.09028588313861652,410,0.41,11,0.2386675356659196,424.97211297406335
nag,50,0.21244803842299617,0.20565726235375803,212.44803842299618,2375,2375,4750,0.08945180565178787,445,0.445,11,0.23550789436354858,474.99233660210825
nag,50,0.12339534235837783,0.11897722902644596,123.39534235837783,1385,1385,2770,0.08909411000604897,142,0.142,11,0.10366717061402686,132.32242628827277
nag,50,0.2112708153107324,0.20017670484345174,211.27081531073242,2354,2353,4707,0.08978785181076601,473,0.473,11,0.19722075572892173,481.37372934093315
nag,50,0.08440262280181773,0.08078146873599612,84.40262280181773,941,941,1882,0.08969460446526857,40,0.04,11,0.0759403352615269,35.5793343031512
nag,50,0.17492683246376275,0.16350049502044464,174.92683246376276,1923,1923,3846,0.09096559150481683,294,0.294,11,0.16318048986724357,313.71380923802883
nag,50,0.3419999890222264,0.323544258857004,341.9999890222264,3798,3798,7596,0.09004739047451985,1090,1.09,11,0.38527887587104437,1335.5042359855654
nag,50,0.2645353552683219,0.2585238389251212,264.5353552683219,2926,2925,5851,0.09043943769857159,713,0.713,11,0.25401523086182065,691.0083153510369
nag,50,0.2870898819020489,0.27602755868138956,287.08988190204894,3290,3290,6580,0.08726136228025803,805,0.805,11,0.31269789601981973,889.4399550405485
nag,50,0.20976826054394992,0.20024756381996434,209.76826054394994,2339,2339,4678,0.08968288180587855,442,0.442,11,0.20488976000017878,426.9792257215098
nag,50,0.12730387151557296,0.12079571228414392,127.30387151557296,1473,1473,2946,0.0864248958014752,143,0.143,11,0.12476362846241155,138.4856921935112
nag,50,0.17705048647913527,0.1677451495484287,177.05048647913526,1900,1899,3799,0.09323353685051883,272,0.272,11,0.19061463990693492,212.80685394467866
nag,50,0.308966222581196,0.2886023453286565,308.966222581196,3394,3394,6788,0.09103306499151326,921,0.921,11,0.3407309014043862,657.1051424415446
nag,50,0.46033734388865216,0.43357451151928295,460.3373438886522,5105,5105,10210,0.09017381858739514,2179,2.179,11,0.4363626349165298,1969.6923086604586
nag,50,0.13265625738420458,0.12864886922804816,132.6562573842046,1376,1376,2752,0.09640716379666031,101,0.101,11,0.126287244644461,120.13389096894016
nag,50,0.43423198199263197,0.4146742974094802,434.231981992632,4779,4778,9557,0.09088153662466136,1844,1.844,11,0.5307089147674687,1653.315764074906
nag,50,0.1312313117564561,0.1262075724490361,131.2313117564561,1453,1453,2906,0.09031748916480117,137,0.137,11,0.13228202146411497,119.4211143389553
nag,50,0.21697826933142944,0.20649388959524073,216.97826933142943,2396,2396,4792,0.09055854312664,475,0.475,11,0.2342708765269278,470.2840168213468
nag,50,0.3479196813019552,0.332903902091995,347.9196813019552,3746,3746,7492,0.09287765117510817,1096,1.096,11,0.29536589183432804,1090.1407575826706
nag,50,0.13098497278654406,0.12389092596025583,130.98497278654406,1468,1468,2936,0.0892268206992807,135,0.135,11,0.10804780295743592,144.91218381151614
nag,50,0.13003678452588294,0.12349384617729615,130.03678452588295,1411,1411,2822,0.0921593086646938,124,0.124,11,0.13251782867023698,133.04267744945423
nag,50,0.16755770958702368,0.1607940794874322,167.55770958702368,1883,1882,3765,0.08903172666685637,271,0.271,11,0.16911967204678327,277.21900809141675
nag,50,0.22134751757152712,0.21589484903380218,221.34751757152713,2370,2370,4740,0.09339557703439963,444,0.444,11,0.25390701263754345,378.72946548093717
nag,50,0.254139347797177,0.24156606564111552,254.139347797177,2801,2801,5602,0.09073164862448305,642,0.642,11,0.2377943420542853,536.3632062516141
nag,50,0.24785902809612181,0.23539723159429854,247.85902809612182,2789,2789,5578,0.088870214448233,626,0.626,11,0.15867051911086985,525.2328976367286
nag,50,0.2628066701922669,0.24984694783856573,262.8066701922669,2856,2856,5712,0.09201914222418309,675,0.675,11,0.19533268069728432,731.4783698980306
nag,50,0.2219237825655184,0.21021781128547495,221.9237825655184,2436,2435,4871,0.09113913041705067,517,0.517,11,0.2201929067676504,457.97765728712545
nag,50,0.2960978786947082,0.2844842030633431,296.09787869470824,3264,3264,6528,0.0907162618549964,900,0.9,11,0.31720243647357516,735.2712300672657
nag,50,0.17569736747134193,0.16430310317232605,175.69736747134192,1963,1963,3926,0.0895045173058288,286,0.286,11,0.20246088148048663,213.5063624585784
nag,50,0.30358145762055505,0.2891476435798062,303.58145762055506,3318,3318,6636,0.09149531573856391,841,0.841,11,0.3227346546018963,831.408370227071
nag,50,0.1714926078425972,0.1650799279796483,171.4926078425972,1870,1870,3740,0.09170727692117497,261,0.261,11,0.16183940525091828,276.05807638951853
nag,50,0.21667929323159893,0.20684665030414665,216.67929323159893,2370,2369,4739,0.09146445471996578,452,0.452,11,0.17633851393653868,530.1280369847964
nag,50,0.12914601921346405,0.1215651716920152,129.14601921346406,1420,1420,2840,0.09094790085455215,108,0.108,11,0.13416505809936194,89.26211893302116
nag,50,0.30787391320607027,0.28959371578038745,307.87391320607026,3427,3427,6854,0.0898377336463584,963,0.963,11,0.2423417951849219,1029.9747383212434
nag,50,0.252189456012066,0.23543614337894983,252.189456012066,2774,2774,5548,0.09091184427255443,613,0.613,11,0.2443651407776562,745.1708536642303
nag,50,0.13438154114632203,0.1315349541229175,134.38154114632204,1436,1436,2872,0.09358046040830226,163,0.163,11,0.12065810919619378,125.14166866597878
nag,50,0.2641727356175226,0.25126096354416183,264.17273561752256,2825,2825,5650,0.09351247278496373,738,0.738,11,0.264679065958654,804.3691341160824
nag,50,0.30933051103951825,0.296363942344665,309.3305110395182,3339,3339,6678,0.0926416624856299,923,0.923,11,0.2706124457893478,869.4140223725664
nag,50,0.27443546088139054,0.26299748689110314,274.43546088139055,2969,2969,5938,0.09243363451714064,796,0.796,11,0.24298466269890906,672.132135776047
nag,50,0.300130321383249,0.2810523751926435,300.130321383249,3318,3318,6636,0.09045519029031013,870,0.87,11,0.312242488427253,1062.1062462181899
nag,50,0.1348851853991635,0.12866493219770173,134.8851853991635,1477,1477,2954,0.09132375450180331,149,0.149,11,0.12202115073635225,121.69373742691947
nag,50,0.1819464318534823,0.16963270018653626,181.9464318534823,1959,1959,3918,0.09287719849590724,277,0.277,11,0.17664320579462595,296.91158749367264
nag,50,0.1345326504576355,0.1295256747683907,134.5326504576355,1436,1436,2872,0.09368568973372945,133,0.133,11,0.11517658081940618,130.77708638806328
nag,50,0.21983098373754803,0.21180506565166565,219.83098373754802,2422,2421,4843,0.09080172810307642,482,0.482,11,0.23182466968459556,409.21673444155357
nag,50,0.2122792066943095,0.2042328964592202,212.2792066943095,2384,2384,4768,0.08904329139861976,473,0.473,11,0.15199680787736589,443.25623325356133
nag,50,0.18860506500479804,0.17926858577900498,188.60506500479804,2039,2039,4078,0.0924988057895037,348,0.348,11,0.17372073513414102,383.1165398654789
nag,50,0.24881596810683793,0.23898501169296724,248.81596810683791,2771,2771,5542,0.08979284305551712,652,0.652,11,0.2689051495924149,833.8849930218186
nag,50,0.34138853322714935,0.3254282898566784,341.38853322714937,3789,3788,7577,0.09012368881392539,1105,1.105,11,0.27118270321918336,1086.0590368109868
nag,50,0.09013059722739626,0.08579042851861106,90.13059722739627,956,956,1912,0.09427886739267392,68,0.068,11,0.0955552404660643,87.02643646396758
nag,50,0.13142610796723814,0.1273203413661208,131.42610796723812,1425,1425,2850,0.09222884769630746,165,0.165,11,0.10995894011255432,162.6663992328136
nag,50,0.21310475502602327,0.20568744981581386,213.10475502602327,2397,2397,4794,0.08890477890113611,480,0.48,11,0.19401878778635603,582.9176177102457
nag,50,0.3025818294861658,0.28818375457585355,302.5818294861658,3316,3315,6631,0.09127656998074384,922,0.922,11,0.2813851275585601,975.5849837357748
nag,50,0.2137059129821136,0.19953509396389837,213.7059129821136,2409,2408,4817,0.08874830273343588,405,0.405,11,0.1680265142735212,428.6148005584624
nag,50,0.12803380829544664,0.12264297772216597,128.03380829544665,1391,1391,2782,0.09204443443238436,149,0.149,11,0.12345410348126312,153.58864918136314
nag,50,0.3324897683096131,0.317025382358039,332.48976830961305,3672,3671,7343,0.09057198809850532,1098,1.098,11,0.3759086189985277,973.7325895271547
nag,50,0.17146624418048215,0.16534707507227328,171.46624418048214,1856,1855,3711,0.09243463298139198,280,0.28,11,0.17244059418906324,283.0555419335118
nag,50,0.2581292211693275,0.24596040175616837,258.12922116932754,2812,2811,5623,0.09182825370662666,611,0.611,11,0.2834903312620909,597.3279458137191
nag,50,0.38463249796923576,0.3594465342260759,384.63249796923577,4211,4210,8421,0.09136163847250256,1509,1.509,11,0.32251867187397043,1584.5484530269052
nag,50,0.17761531929162364,0.16935246500707826,177.61531929162365,1976,1976,3952,0.08988629518806865,320,0.32,11,0.160061962349925,274.9295169895141
nag,50,0.13259567280640286,0.12870663085066206,132.59567280640286,1463,1463,2926,0.0906327223557094,186,0.186,11,0.16937825086303712,176.40560387382632
nag,50,0.12577013202828918,0.1206872822311222,125.77013202828918,1410,1410,2820,0.08919867519736821,142,0.142,11,0.1299868148622187,124.03962893195319
nag,50,0.2610375724325187,0.251968568846055,261.0375724325187,2888,2888,5776,0.09038697106389151,699,0.699,11,0.2756583670735965,583.117765975938
nag,50,0.1787324067388477,0.1675703595027737,178.7324067388477,1968,1968,3936,0.09081931236730065,277,0.277,11,0.16902982358684257,277.08542453366937
nag,50,0.3959591498434192,0.3743697989525449,395.9591498434192,4258,4258,8516,0.09299181536952071,1606,1.606,11,0.2986931659702323,1780.41401356778
nag,50,0.30705641580196263,0.2942734252241067,307.05641580196266,3370,3369,6739,0.09114170846006608,973,0.973,11,0.26203664452875425,977.9055336243504
nag,50,0.17722397366348125,0.16855196208804238,177.22397366348125,1928,1927,3855,0.09196884985131357,304,0.304,11,0.1959316921961499,340.221119670717
nag,50,0.388479080388665,0.3712443538844468,388.479080388665,4345,4345,8690,0.08940830388691945,1598,1.598,11,0.42082275543711106,1117.4493750612803
nag,50,0.2471711430532381,0.238480463544294,247.1711430532381,2771,2771,5542,0.08919925768792425,655,0.655,11,0.15158703521559075,650.0109791118654
nag,50,0.21780369241515304,0.20271978257750714,217.80369241515305,2419,2419,4838,0.09003873187893884,462,0.462,11,0.21060204396881255,368.64289302832304
nag,50,0.3076860490728365,0.2904441455775928,307.68604907283645,3414,3414,6828,0.0901247946903446,920,0.92,11,0.28797052704411796,1000.0368562520833
nag,50,0.1295677666746411,0.12486586555303054,129.5677666746411,1376,1375,2751,0.09423110303610262,138,0.138,11,0.1234189991143246,127.88685496520321
nag,50,0.4331522743826764,0.412092938219972,433.1522743826764,4804,4803,9607,0.0901836923553355,1911,1.911,11,0.4715559960069669,1364.7085072178604
nag,50,0.2996216181287671,0.28204871849867463,299.62161812876707,3315,3315,6630,0.09038359521229776,880,0.88,11,0.28159800632056164,696.1937867977473
nag,50,0.1270865172347443,0.12210985277537188,127.08651723474429,1416,1416,2832,0.08975036527877422,118,0.118,11,0.11260487567465505,107.61207781108831
nag,50,0.3142582496825339,0.2983447283716361,314.2582496825339,3454,3453,6907,0.09101020842239615,1009,1.009,11,0.24014948477615164,798.8375668292215
nag,50,0.09212424085536444,0.0871124890215186,92.12424085536445,949,948,1897,0.09717746925671356,49,0.049,11,0.10759104944134366,45.70517991053945
nag,50,0.26619721662905105,0.2562982667117579,266.19721662905107,2882,2882,5764,0.09236544643617317,680,0.68,11,0.2719639098841834,782.6431968404078
nag,50,0.1286721230329846,0.12137373455096727,128.6721230329846,1439,1439,2878,0.0894177366455765,126,0.126,11,0.13473432596375326,145.04105809920975
nag,50,0.17154708316482511,0.16352878835170362,171.54708316482512,1911,1911,3822,0.08976822771576407,314,0.314,11,0.17745462795742634,298.4153997828389
nag,50,0.25581751160618244,0.24170843442590445,255.81751160618242,2843,2843,5686,0.0899815376736484,649,0.649,11,0.2374500215692819,596.8162431733331
nag,50,0.2549541530865359,0.24087192047589798,254.95415308653588,2846,2846,5692,0.0895833285616781,693,0.693,11,0.29028350436988076,540.2545314665031
nag,50,0.13136229440713765,0.12853216393106312,131.36229440713765,1448,1448,2896,0.09071981657951496,145,0.145,11,0.16517110540103716,126.43829982241249
nag,50,0.3371640862291817,0.31854496840731006,337.1640862291817,3720,3720,7440,0.0906355070508553,1096,1.096,11,0.3330749676087367,1043.872645799002
nag,50,0.12750706230635012,0.12255439093115919,127.50706230635012,1437,1437,2874,0.08873142818813509,139,0.139,11,0.1286867074250967,156.50947699221413
nag,50,0.08743909799341955,0.08280220342688975,87.43909799341955,930,930,1860,0.09402053547679522,59,0.059,11,0.08510897277019894,58.22730668117779
nag,50,0.13204113985110752,0.12681464199981887,132.04113985110752,1482,1482,2964,0.08909658559453948,177,0.177,11,0.11644819111329545,133.33614037535364
nag,50,0.1262064806094879,0.11806491683193633,126.2064806094879,1354,1353,2707,0.09327899527678336,134,0.134,11,0.08681197581381185,144.56248291181848
nag,50,0.1762592839431645,0.16903248602188267,176.25928394316452,1990,1990,3980,0.08857250449405252,326,0.326,11,0.157797530995559,284.33023717787046
nag,50,0.25630491311167064,0.24438220089301202,256.30491311167066,2860,2860,5720,0.08961710248659813,674,0.674,11,0.23249137038123274,763.3372158018906
nag,50,0.2158063188054129,0.2053317187619597,215.8063188054129,2367,2367,4734,0.09117292725196996,490,0.49,11,0.25024861347724103,513.5786771688792
nag,50,0.178774928971038,0.16925709765249097,178.774928971038,1966,1966,3932,0.0909333311144649,348,0.348,11,0.16012216839758509,410.36192249360914
nag,50,0.4239894329830489,0.39911766368224383,423.9894329830489,4760,4759,9519,0.0890921271239859,1890,1.89,11,0.329813315274269,1878.6735174752203
nag,50,0.22378367327725143,0.21329493130103822,223.78367327725144,2362,2362,4724,0.09474329943998791,499,0.499,11,0.21955083835171316,484.24880600652875
nag,50,0.20817821677435255,0.198351200087361,208.17821677435256,2352,2352,4704,0.08851114658773493,462,0.462,11,0.23682267808103455,526.8818356621205
nag,50,0.3122937450697726,0.29609610950179605,312.29374506977257,3350,3350,6700,0.09322201345366346,936,0.936,11,0.26593946948350744,990.707721872738
nag,50,0.34157271964682673,0.3219305550798909,341.5727196468267,3782,3781,7563,0.09033925407215729,1152,1.152,11,0.2511826708367448,1296.3763367044187
nag,50,0.13655807792766606,0.12981730975950587,136.55807792766606,1495,1495,2990,0.09134319593823817,181,0.181,11,0.1464658506090343,180.76515567792575
nag,50,0.21608684575767936,0.2090735306696161,216.08684575767936,2348,2348,4696,0.09203017280991455,449,0.449,11,0.1932998911647785,447.40623545659423
nag,50,0.1674511833426577,0.15884672916006237,167.4511833426577,1842,1840,3682,0.09100607790361832,291,0.291,11,0.19043122354304287,249.55558385240965
nag,50,0.17833425684849907,0.16901272947410997,178.33425684849908,1916,1916,3832,0.09307633447207676,267,0.267,11,0.18747230252382432,291.8958864713242
nag,50,0.2186116713603542,0.20888615867173319,218.6116713603542,2468,2467,4935,0.088614378338206,490,0.49,11,0.12989444221615204,561.882211933727
nag,50,0.2601061239918792,0.2539018506778826,260.1061239918792,2849,2849,5698,0.09129734081849042,683,0.683,11,0.27782734842497087,775.6245366728605
nag,50,0.21160148765517944,0.2025390917691257,211.60148765517945,2369,2369,4738,0.08932101631708715,412,0.412,11,0.2014989195224326,406.45072722673535
nag,50,0.13502444898409838,0.12677747798950342,135.02444898409837,1511,1511,3022,0.08936098542958198,158,0.158,11,0.12293134309965366,174.26776920244725
nag,50,0.12263904541146231,0.11705528291254211,122.6390454114623,1400,1399,2799,0.0876619338180574,146,0.146,11,0.12155515922083163,185.11320662574224
nag,50,0.17282613300835492,0.1627880869778395,172.82613300835493,1870,1868,3738,0.09251934315222426,308,0.308,11,0.18712350495283964,272.4235171849553
nag,50,0.18364354791674986,0.17369762333390412,183.64354791674987,2015,2015,4030,0.09113823717952847,264,0.264,11,0.1432107105984995,293.246348300591
nag,50,0.17809601783456463,0.16953889315918247,178.09601783456463,1957,1957,3914,0.09100460798904682,279,0.279,11,0.19884717327568377,326.83095487427005
nag,50,0.33694780576756533,0.3264069290675908,336.94780576756534,3794,3794,7588,0.0888107026271917,1178,1.178,11,0.35317964635681337,1300.5241897222372
nag,50,0.17061458236378954,0.16369100125506522,170.61458236378954,1909,1909,3818,0.08937379903812967,272,0.272,11,0.13845891061640567,252.89044703810606
nag,50,0.45010665521075854,0.4257252264811303,450.10665521075856,4861,4861,9722,0.09259548554016839,2070,2.07,11,0.3414220504567966,1796.8470981851638
nag,50,0.21184565974249087,0.19609094841574373,211.84565974249085,2310,2310,4620,0.0917080778106021,421,0.421,11,0.23522641265666014,488.6071473913465
nag,50,0.04640728417717945,0.04425364815247797,46.40728417717945,509,509,1018,0.09117344632058831,11,0.011,11,0.05969073576846831,10.076164027503115
nag,50,0.2599309069572538,0.24553276697815754,259.9309069572538,2899,2899,5798,0.08966226524913894,621,0.621,11,0.2442714979914428,603.4452247049638
nag,50,0.2474107786928703,0.23725068374202163,247.41077869287028,2727,2727,5454,0.09072635815653475,645,0.645,11,0.22473885863150533,657.9849869733114
nag,50,0.08432926924044301,0.08087398342609316,84.32926924044301,939,939,1878,0.08980752847757509,59,0.059,11,0.08597737760214859,47.25003894630836
nag,50,0.24923448111395904,0.23582631139843557,249.23448111395905,2747,2746,5493,0.09076273893443519,653,0.653,11,0.2420898129068186,576.3857216987965
nag,50,0.16489457565485574,0.1590136243289253,164.89457565485574,1893,1892,3785,0.08715358121292587,240,0.24,11,0.12773282464150973,219.19430400801167
nag,50,0.17291235053329532,0.16533432121611302,172.91235053329532,1887,1887,3774,0.09163346610137538,284,0.284,11,0.17493686629276411,268.9105272373583
nag,50,0.1311331010006212,0.12813514626997474,131.1331010006212,1434,1434,2868,0.0914456771273509,159,0.159,11,0.13757840061336477,146.26376273311888
nag,50,0.21645202352627968,0.208434106032845,216.45202352627967,2396,2395,4791,0.09037662777715226,431,0.431,11,0.16896471819186445,532.0162531811194
nag,50,0.25829965661735244,0.24453582213037783,258.2996566173524,2870,2870,5740,0.08999988035447819,621,0.621,11,0.21226405299624748,667.8247840863429
nag,50,0.17266097404455985,0.16608253043883495,172.66097404455985,1891,1891,3782,0.09130670229749331,284,0.284,11,0.16625904094625596,300.5773660402911
nag,50,0.17427580620902122,0.1659439667283089,174.27580620902123,1928,1928,3856,0.09039201566857948,259,0.259,11,0.1406884660220195,197.2198647511047
nag,50,0.3053971441428002,0.28981008517847273,305.39714414280024,3327,3327,6654,0.09179355098972054,889,0.889,11,0.3656639023911242,923.6290060054507
nag,50,0.2522230159237993,0.23958895447657932,252.22301592379932,2860,2860,5720,0.08818986570762215,605,0.605,11,0.2800587214133528,793.8203201842343
nag,50,0.17618772222243356,0.1700516118323131,176.18772222243356,1936,1936,3872,0.09100605486695948,312,0.312,11,0.16437333981949756,334.41127641673233
nag,50,0.21972123606190574,0.21137779014921804,219.72123606190576,2411,2411,4822,0.09113282292074067,501,0.501,11,0.2097123810101611,438.29101911570376
nag,50,0.1621632864057063,0.15832576600828605,162.1632864057063,1868,1868,3736,0.08681118115937167,280,0.28,11,0.15782222969283055,237.59222641040714
nag,50,0.2231308823177355,0.21398781466231045,223.1308823177355,2432,2432,4864,0.09174789568985835,473,0.473,11,0.28670686386025473,516.9775330502168
nag,50,0.39008061659373366,0.37202229912030715,390.0806165937337,4299,4298,8597,0.09075863578262766,1595,1.595,11,0.43331009384291586,1353.5676863423757
nag,50,0.34787842606095704,0.33350690064308636,347.87842606095705,3826,3825,7651,0.09094860812051164,1180,1.18,11,0.38085363060172167,909.7871652156234
nag,50,0.12981319850984163,0.12485781036918912,129.81319850984164,1430,1430,2860,0.09077846049639275,171,0.171,11,0.1455077310714906,177.81111062431006
nag,50,0.2667987124940879,0.25151389426382303,266.79871249408785,2953,2953,5906,0.09034836183341953,726,0.726,11,0.21554507636031697,665.4518160551587
nag,50,0.12157923718791262,0.12056276722406412,121.57923718791263,1401,1401,2802,0.08678032632970209,141,0.141,11,0.15438724760529982,145.51416472992054
nag,50,0.1305786348282258,0.12475696767346703,130.5786348282258,1443,1443,2886,0.09049108442704491,150,0.15,11,0.14016428863337782,136.36627676564768
nag,50,0.25000906307086485,0.23705064305433682,250.00906307086487,2832,2832,5664,0.0882800363950794,634,0.634,11,0.23370956052258868,605.6255916269338
nag,50,0.22565334769668147,0.21229722104821597,225.65334769668146,2410,2409,4819,0.09367096209907906,470,0.47,11,0.27134965713992404,438.9931417048478
nag,50,0.2687748230853695,0.2527130035404962,268.77482308536946,2955,2954,5909,0.09098673767277234,672,0.672,11,0.3127955876942464,764.4389733230591
nag,50,0.21743823270416412,0.2060020286810044,217.43823270416414,2345,2345,4690,0.09272419305081626,446,0.446,11,0.2686141569245329,329.7285225241814
nag,50,0.2613457477660811,0.2437284946217689,261.3457477660811,2883,2883,5766,0.09065062357477666,633,0.633,11,0.2799050951169487,727.5186495856008
nag,50,0.12522643718489143,0.11802270447661631,125.22643718489144,1344,1344,2688,0.0931744324292347,141,0.141,11,0.12305833587923005,183.7597119519764
nag,50,0.2184432184845221,0.20827255029474945,218.4432184845221,2386,2386,4772,0.09155206139334539,475,0.475,11,0.16942187580972037,466.178664874423
nag,50,0.2670389144807277,0.2542864154903027,267.03891448072767,2904,2903,5807,0.09198722510531439,669,0.669,11,0.24961072201943463,820.1425879964174
nag,50,0.2715290347350968,0.26348500315018286,271.52903473509684,2881,2881,5762,0.094248189772682,760,0.76,11,0.2726271193182297,807.5309640572974
nag,50,0.2174680980853813,0.20511249913754354,217.4680980853813,2392,2392,4784,0.09091475672465774,489,0.489,11,0.16983999437553599,532.8187703184136
nag,50,0.3029785109787871,0.2874478027185473,302.9785109787871,3373,3373,6746,0.08982464007672313,925,0.925,11,0.3090874705488432,1048.2825426438515
nag,50,0.24739546068138776,0.2327543704604468,247.39546068138776,2771,2770,5541,0.08931244067920135,547,0.547,11,0.19420290594777376,602.6248198044608
nag,50,0.2552686275942478,0.24373845566950006,255.2686275942478,2846,2846,5692,0.08969382557773992,658,0.658,11,0.23519238807186596,601.0203756437535
nag,50,0.1701833548951578,0.16079754827173884,170.18335489515778,1905,1905,3810,0.08933509443315368,272,0.272,11,0.18163877186540564,294.86377902121933
nag,50,0.12938557365469558,0.12383997948635289,129.38557365469558,1452,1452,2904,0.08910852180075453,147,0.147,11,0.15349876624681902,152.5316295018098
nag,50,0.22062194816755243,0.20862689093367778,220.62194816755243,2346,2346,4692,0.09404175113706412,489,0.489,11,0.1569100197761762,509.52393664637134
nag,50,0.2994993081353475,0.2917962761971023,299.49930813534746,3386,3385,6771,0.08847837758799039,1042,1.042,11,0.24534321032609838,1005.2360961079819
nag,50,0.5118231730374581,0.47958112502867256,511.8231730374581,5613,5610,11223,0.09123407719027773,2757,2.757,11,0.4075391638399754,2336.1990918576075
nag,50,0.09014011472060411,0.08715202423678682,90.14011472060412,983,983,1966,0.09169899768118425,74,0.074,11,0.07514681484899915,82.26233879704772
nag,50,0.22242565789151267,0.20690218239407585,222.42565789151266,2469,2469,4938,0.09008734625010638,477,0.477,11,0.21036726220605415,482.79519304450065
nag,50,0.1675507468289894,0.1587932735605735,167.55074682898942,1923,1923,3846,0.08712987354601634,273,0.273,11,0.2362645000327768,277.52065383177546
nag,50,0.21648264775930792,0.20798487880188718,216.48264775930792,2413,2413,4826,0.0897151461911761,560,0.56,11,0.19269741371750243,530.407103295095
nag,50,0.04979093772128911,0.04731180024212382,49.79093772128911,503,503,1006,0.09898794775604197,8,0.008,11,0.06180689005827892,5.875185466821928
nag,50,0.27319504361949903,0.2611208210647169,273.195043619499,2921,2921,5842,0.09352791633669942,640,0.64,11,0.2809508336336853,675.9245361884126
nag,50,0.16528215734142843,0.15720171736209557,165.28215734142842,1764,1764,3528,0.09369736810738573,229,0.229,11,0.1463583618885031,202.2263567422116
nag,50,0.312833297566372,0.2955805900575787,312.83329756637204,3381,3381,6762,0.0925268552399799,938,0.938,11,0.23215775031528313,975.8940378900724
nag,50,0.16947423732436392,0.16413826139985052,169.4742373243639,1896,1896,3792,0.08938514626812442,296,0.296,11,0.19235362704761746,306.6273590700099
nag,50,0.29493085382821155,0.28713344606368574,294.9308538282115,3226,3226,6452,0.09142307930198745,893,0.893,11,0.2689022197577442,897.8643103066228
nag,50,0.17802146537276003,0.1682103708232571,178.02146537276005,1901,1901,3802,0.09364622060639666,280,0.28,11,0.16945680282950643,265.68719508457724
nag,50,0.3421249769621538,0.3224550968459804,342.1249769621538,3803,3803,7606,0.08996186614834442,1187,1.187,11,0.3064539825424248,1014.1671887256872
nag,50,0.26215481599812507,0.24886126093178734,262.15481599812506,2878,2878,5756,0.09108923418975853,629,0.629,11,0.25893435440245594,553.7080614269561
nag,50,0.3089919611415992,0.2946487911976674,308.99196114159923,3332,3332,6664,0.09273468221536592,944,0.944,11,0.3255832616797156,910.7698835457311
nag,50,0.20905727750781306,0.1977000010094723,209.05727750781307,2314,2314,4628,0.09034454516327271,443,0.443,11,0.18699519379936394,532.048215424516
nag,50,0.045182956304924755,0.043141456764472015,45.18295630492476,486,486,972,0.09296904589490691,7,0.007,11,0.036361644242782494,8.082455650974216
nag,50,0.04309202956524155,0.04123510655318991,43.09202956524155,480,480,960,0.08977506159425323,7,0.007,11,0.037134340844058936,7.707764997855895
nag,50,0.42984200354660734,0.4025745487704037,429.8420035466073,4686,4686,9372,0.0917289806970993,1831,1.831,11,0.39405082772646627,2097.92187758862
nag,50,0.2201703218127201,0.21040614763578247,220.1703218127201,2390,2389,4779,0.09216003424559234,520,0.52,11,0.18254553878608132,457.6929075204823
nag,50,0.16933368346923053,0.16067345372435657,169.33368346923052,1870,1870,3740,0.09055277190867943,244,0.244,11,0.1528318501730348,285.90680128668885
nag,50,0.17974033865581088,0.17082854737077474,179.7403386558109,1939,1939,3878,0.09269744128716395,254,0.254,11,0.11576401493306594,259.1787526698748
nag,50,0.17885611467442106,0.17204792866313526,178.85611467442106,1920,1920,3840,0.09315422639292764,306,0.306,11,0.06967871710813688,312.0283710155198
nag,50,0.2980939292466519,0.2841964517804671,298.0939292466519,3371,3371,6742,0.0884289318441566,912,0.912,11,0.3367268177666229,959.6791111935765
nag,50,0.22147730427902607,0.2127958480552565,221.47730427902607,2402,2402,4804,0.09220537230600585,499,0.499,11,0.18176630216980566,545.8168009676348
nag,50,0.22424277599352763,0.21255649940520457,224.24277599352763,2363,2362,4725,0.09493766976863997,443,0.443,11,0.18237052945583473,364.34169349856006
nag,50,0.25999886200725847,0.24186626964986196,259.9988620072585,2841,2841,5682,0.0915166708930864,639,0.639,11,0.21910623377657273,618.0440209632986
nag,50,0.26166265174123543,0.25515986380779726,261.66265174123544,2891,2891,5782,0.09050939181640796,735,0.735,11,0.2789051457406006,754.6756614258742
nag,50,0.31394911489859384,0.29257167496704667,313.94911489859385,3330,3329,6659,0.09430733400378308,865,0.865,11,0.36333109954162146,718.8667721984131
nag,50,0.21399831793154592,0.20638694732048746,213.99831793154593,2307,2307,4614,0.09276043256677327,489,0.489,11,0.15241278352591722,507.8718311931223
nag,50,0.1709157511962795,0.16259402227759961,170.9157511962795,1964,1963,3927,0.08706864554064161,325,0.325,11,0.19345922016429756,300.7328808053228
nag,50,0.2580858232586193,0.24345977377744152,258.08582325861926,2907,2906,5813,0.08881136381920827,632,0.632,11,0.21278010972034267,778.2318540932814
nag,50,0.3412773729862526,0.33012034156673475,341.2773729862526,3831,3831,7662,0.08908310440779238,1237,1.237,11,0.2698906580079663,1016.4565967240433
nag,50,0.25305712851710666,0.2424076013595061,253.05712851710663,2757,2757,5514,0.09178713402869301,632,0.632,11,0.18750433560767774,562.8437523645971
nag,50,0.30672629579115684,0.288205497295412,306.7262957911569,3336,3335,6671,0.09197190278595409,910,0.91,11,0.28790994153436156,897.183007297426
nag,50,0.33685902030547016,0.3176766930319244,336.85902030547015,3818,3818,7636,0.08822918289823733,1167,1.167,11,0.26971141344488,1248.6259549978074
nag,50,0.26240536041424684,0.25296886661314566,262.40536041424684,2875,2875,5750,0.09127142970930326,675,0.675,11,0.28125784558883793,674.6157615081507
nag,50,0.13607643268765646,0.12863458280890303,136.07643268765645,1462,1461,2923,0.09313924208600716,146,0.146,11,0.10045138232045879,150.16288155776638
nag,50,0.30796987544648335,0.29487860805947697,307.96987544648334,3412,3411,6823,0.09028726926018274,897,0.897,11,0.259703178261871,849.1810569264171
nag,50,0.4546991792370801,0.4373806393877793,454.6991792370801,4914,4913,9827,0.09255020949258703,2055,2.055,11,0.5331216661563889,1858.5249660769618
nag,50,0.4287490910365075,0.4044185882226027,428.7490910365075,4759,4759,9518,0.0900922653995603,1858,1.858,11,0.3371582826900841,2016.5202878376758
nag,50,0.26358852766399005,0.25198045864024804,263.58852766399,2909,2909,5818,0.09061138799037127,671,0.671,11,0.24803614108903707,550.0667659358215
nag,50,0.2136043147731915,0.20227180519200214,213.6043147731915,2415,2415,4830,0.08844899162450993,488,0.488,11,0.1898045431059748,454.6998172144938
nag,50,0.30467393716926866,0.29012446076836,304.67393716926864,3380,3378,6758,0.09019358708385691,894,0.894,11,0.2962799050294156,964.9291923980978
nag,50,0.21423938718718835,0.2002711373766333,214.23938718718836,2424,2424,4848,0.08838258547326253,499,0.499,11,0.17071622593774952,476.0074563047241
nag,50,0.3084468577120457,0.29917057986246437,308.4468577120457,3388,3388,6776,0.09104098515703828,1013,1.013,11,0.29055759823234545,1144.8947081537194
nag,50,0.17427022526544314,0.16367470694357966,174.27022526544314,1869,1869,3738,0.09324249612918306,261,0.261,11,0.16839225097925614,247.38083276651108
nag,50,0.1244784261070642,0.1190289572526209,124.4784261070642,1420,1420,2840,0.08766086345567901,143,0.143,11,0.12239668412430112,134.38317133211547
nag,50,0.13440372732942363,0.12663753719405954,134.40372732942362,1451,1451,2902,0.09262834412779022,135,0.135,11,0.11333842441004713,134.77152912417384
nag,50,0.25798104882992434,0.24455282130631895,257.98104882992436,2905,2904,5809,0.0888364493215993,631,0.631,11,0.26443551450125563,505.6893429027862
nag,50,0.0782842080386079,0.0753908602499767,78.2842080386079,899,899,1798,0.08707920805184416,65,0.065,11,0.07730894531169671,58.409367942391775
nag,50,0.21411865224832674,0.20494141307369332,214.11865224832675,2348,2348,4696,0.09119193025908294,425,0.425,11,0.24492348940934855,421.7977181948326
nag,50,0.16534845346410548,0.15796217138935234,165.3484534641055,1882,1882,3764,0.08785783924766498,271,0.271,11,0.11861625407186391,284.13063513220686
nag,50,0.49246859001733884,0.47095944831536135,492.46859001733884,5359,5358,10717,0.09191276409431483,2462,2.462,11,0.37231480159638286,2277.457886162119
nag,50,0.3963943478631122,0.3772799959414839,396.39434786311216,4326,4325,8651,0.09165187233829183,1545,1.545,11,0.3021516101432827,1344.8494867072009
nag,50,0.30945680145693244,0.29000709780376294,309.45680145693245,3392,3392,6784,0.09123136835404848,986,0.986,11,0.30308635331520034,1148.3655960454485
nag,50,0.09445220369094949,0.0883338388005379,94.45220369094949,996,996,1992,0.09483152981019025,83,0.083,11,0.05538028326557984,80.20218537804485
nag,50,0.1859962213120941,0.1776280388414959,185.9962213120941,1970,1969,3939,0.09446227593300868,347,0.347,11,0.17086754803890283,382.19610832460137
nag,50,0.05263837684896306,0.0498675781316696,52.63837684896306,550,550,1100,0.09570613972538738,12,0.012,11,0.05350236591990623,11.201701765708115
nag,50,0.17927801434905877,0.16690483849405888,179.27801434905876,1937,1937,3874,0.09255447307643715,334,0.334,11,0.19088543333591182,231.4534499577218
nag,50,0.2956538697425519,0.28117454805462855,295.65386974255193,3314,3314,6628,0.08921359980161495,853,0.853,11,0.2452937359210315,640.3932429790235
nag,50,0.3348563540844683,0.3107820620415558,334.8563540844683,3731,3731,7462,0.08974975987254578,1181,1.181,11,0.3366701247309573,1380.9457388225908
nag,50,0.30269946913950585,0.28332447629320523,302.6994691395058,3284,3283,6567,0.09220209233612726,833,0.833,11,0.32205432165570913,878.7631614293653
nag,50,0.17264106954147715,0.1656642714991113,172.64106954147715,1921,1921,3842,0.08987041621107608,260,0.26,11,0.16897404461728288,264.30443533460164
nag,50,0.17094140642303976,0.16415251726547075,170.94140642303975,1865,1865,3730,0.09165759057535644,299,0.299,11,0.18616425464728992,337.6888706527908
nag,50,0.4779897650198889,0.45365392939116095,477.98976501988886,5294,5294,10588,0.09028896203624648,2342,2.342,11,0.36569246820609985,2439.6853950017558
nag,50,0.0875178310606553,0.08471903872313895,87.51783106065531,971,971,1942,0.09013164887812082,65,0.065,11,0.08659236113599766,57.421370116407374
nag,50,0.21652337190451182,0.20582386160221194,216.5233719045118,2416,2415,4831,0.08965771093354526,437,0.437,11,0.18162567883852182,298.1383872293808
nag,50,0.17006074315331682,0.16279259064320553,170.06074315331682,1906,1906,3812,0.08922389462398574,282,0.282,11,0.1716244038613419,262.568149911376
nag,50,0.2224504478357847,0.20710634918266027,222.4504478357847,2400,2400,4800,0.09268768659824363,437,0.437,11,0.19016881234383368,239.96136696109863
nag,50,0.04276709313283893,0.040938068877806016,42.76709313283893,468,468,936,0.09138267763427121,7,0.007,11,0.036935854396203685,7.6264567040056175
nag,50,0.17039123727499267,0.16330280093511151,170.39123727499268,1898,1898,3796,0.08977409761590763,270,0.27,11,0.14826614202680533,192.20756183801896
nag,50,0.2595394060937928,0.2525396962538914,259.53940609379276,2796,2796,5592,0.09282525253712187,676,0.676,11,0.2702784208598532,620.6753374457638
nag,50,0.21103109177007773,0.20057786656958224,211.03109177007772,2394,2392,4786,0.08822370057277497,490,0.49,11,0.22873965316003952,448.50073469225333
nag,50,0.3010273907238476,0.28168069137753343,301.0273907238476,3226,3225,6451,0.09334182658103801,797,0.797,11,0.23191893807556493,911.47657091785
nag,50,0.2151386544012384,0.20335236908830934,215.1386544012384,2388,2388,4776,0.09009156381961407,482,0.482,11,0.22102726398063946,448.011326017523
nag,50,0.2751089878941935,0.2615476938788718,275.10898789419355,2970,2969,5939,0.09266048767066135,721,0.721,11,0.31172131591955465,817.0411823780246
nag,50,0.2581233283136971,0.2490362478905917,258.12332831369713,2897,2897,5794,0.08910021688425859,687,0.687,11,0.18068227543597196,622.3923381053717
nag,50,0.25795725960395977,0.24657883546774065,257.95725960395976,2865,2865,5730,0.09003743790714128,725,0.725,11,0.2044421450848921,704.5265098688808
nag,50,0.21718870232609674,0.2078982743955289,217.18870232609675,2426,2426,4852,0.08952543377003164,508,0.508,11,0.1724679725562691,447.8027219100217
nag,50,0.38365887045579417,0.36298422441120287,383.65887045579416,4256,4255,8511,0.09016659705189052,1543,1.543,11,0.39817364917445996,1553.3150934433095
nag,50,0.08718705525159044,0.08373672707001129,87.18705525159044,979,979,1958,0.089057257662503,48,0.048,11,0.07070237430638908,52.5433347061595
nag,50,0.2639572004400827,0.2501706010091077,263.9572004400827,2879,2879,5758,0.09168364030569041,688,0.688,11,0.22136833295800504,737.8283363101532
nag,50,0.04206131023116133,0.04029215641279933,42.06131023116133,466,466,932,0.09026032238446637,5,0.005,11,0.05112643573381543,6.054281704622331
nag,50,0.3516030952101214,0.332412097551917,351.6030952101214,3835,3835,7670,0.09168268453979697,1241,1.241,11,0.2883444569011301,1276.733371155478
nag,50,0.09365669614665961,0.08858690139255979,93.65669614665961,996,995,1991,0.09412733281071319,62,0.062,11,0.07626705785749183,49.33150136068591
nag,50,0.13083284512511,0.12245387048315866,130.83284512511,1415,1415,2830,0.09246137464672084,151,0.151,11,0.12619594684189336,174.01390482739774
nag,50,0.16492354435253395,0.16000945482163856,164.92354435253395,1841,1841,3682,0.08958367428165885,267,0.267,11,0.17689883172548218,222.4805813213144
nag,50,0.08826250344521122,0.08513614388527792,88.26250344521122,967,967,1934,0.09127456405916362,67,0.067,11,0.07704928659100498,51.658449882022786
nag,50,0.1342559772647238,0.12971187314184351,134.2559772647238,1444,1444,2888,0.09297505350742646,157,0.157,11,0.15564578525827275,158.78707313269183
nag,50,0.3919749007216969,0.37777281948479446,391.9749007216969,4276,4276,8552,0.09166859231096747,1617,1.617,11,0.44931896164416235,1525.4115780134698
nag,50,0.16605445069318095,0.15958754499671465,166.05445069318094,1864,1864,3728,0.08908500573668506,219,0.219,11,0.170377721520351,221.34836842894478
nag,50,0.26696698455805795,0.2522294736699589,266.96698455805796,2861,2861,5722,0.0933124727570982,684,0.684,11,0.24123110743938578,780.6137586154921
nag,50,0.25322299086707023,0.23698198279723684,253.22299086707022,2807,2807,5614,0.09021125431673324,616,0.616,11,0.3140380947081237,572.1698210192111
nag,50,0.38839849466633986,0.37489061988520367,388.39849466633984,4252,4251,8503,0.0913663831254622,1585,1.585,11,0.4384898816981711,1875.4151215823686
nag,50,0.09124928247761563,0.08753787552021744,91.24928247761562,957,957,1914,0.09534930248444684,65,0.065,11,0.1018081807834147,71.5649394629549
nag,50,0.12527447543855114,0.12024263523310358,125.27447543855115,1432,1431,2863,0.08754330918137747,147,0.147,11,0.143752808933907,142.29387632297437
nag,50,0.3005331173052369,0.28972064008855336,300.5331173052369,3371,3371,6742,0.08915251180813909,877,0.877,11,0.2545988012161935,825.4175398440846
nag,50,0.220318201340585,0.2100166766236674,220.318201340585,2463,2463,4926,0.08945115766974625,492,0.492,11,0.23020249263932344,579.8231211328709
nag,50,0.13030584603150425,0.12398381804332899,130.30584603150425,1413,1413,2826,0.09221928240021532,119,0.119,11,0.13154363883581452,112.85334872350603
nag,50,0.17173893172777668,0.1635617704350619,171.73893172777667,1907,1907,3814,0.09005712203868729,329,0.329,11,0.20240022752981524,261.8220962635596
nag,50,0.22883523102017767,0.2204135214597456,228.83523102017767,2482,2481,4963,0.09223507900853595,513,0.513,11,0.2205052497802386,538.6934775250935
nag,50,0.043159792795355936,0.04129702508121787,43.15979279535593,460,460,920,0.09382563651164333,18,0.018,11,0.044760796053753264,19.372980823247595
nag,50,0.1731360476795856,0.16625079617572622,173.1360476795856,1891,1891,3782,0.09155793108386336,272,0.272,11,0.18998056738450064,322.3355355170283
nag,50,0.2617856037246014,0.24983246079863963,261.7856037246014,2916,2915,5831,0.08980638206675863,699,0.699,11,0.23976450272448624,769.7748581293572
nag,50,0.38878755455673036,0.3642941207510677,388.78755455673036,4289,4289,8578,0.09064759957023323,1496,1.496,11,0.2899959580775682,1441.5170142098657
nag,50,0.20682184773370146,0.19766360876963396,206.82184773370147,2331,2331,4662,0.08872666140441934,414,0.414,11,0.2384811320243341,387.9098189288004
nag,50,0.2595900353832939,0.2472651082584925,259.59003538329387,2843,2843,5686,0.0913084894067161,643,0.643,11,0.2620221876400579,748.4787973391988
nag,50,0.17794892921905614,0.16920102636244236,177.94892921905614,1898,1898,3796,0.09375602171710018,341,0.341,11,0.1761712366813946,356.3683098549579
nag,50,0.26024309848811417,0.24981752217433587,260.2430984881142,2790,2790,5580,0.09327709623229899,717,0.717,11,0.3164246573465523,805.8286414231736
nag,50,0.17825960080191272,0.16874408746251465,178.2596008019127,1917,1917,3834,0.09298883714236449,284,0.284,11,0.15693974417135895,284.1574491072345
nag,50,0.217731938775007,0.2074917582231741,217.731938775007,2324,2324,4648,0.09368844181368631,480,0.48,11,0.20954379025338998,469.77330891163257
nag,50,0.04287896539403203,0.04104035972076943,42.87896539403203,456,456,912,0.09403281884656146,14,0.014,11,0.037374309945948786,12.846144577221908
nag,50,0.35407316345119316,0.3406122288141603,354.0731634511932,3834,3834,7668,0.09235085118706134,1213,1.213,11,0.3432466677784148,1151.44706120355
nag,50,0.27914117157537877,0.2685463759722538,279.1411715753788,3047,3046,6093,0.09164188167280984,758,0.758,11,0.2813155661857576,854.5385331769039
nag,50,0.33867261029342116,0.32208618504346953,338.67261029342114,3852,3852,7704,0.08792123839393072,1312,1.312,11,0.35440771237477814,1512.4190164350703
nag,50,0.38799265537325595,0.3678064618570993,387.99265537325596,4229,4227,8456,0.09178913067737307,1551,1.551,11,0.4161949018540895,1494.2328732084832
nag,50,0.29217849987770333,0.2787364679453178,292.17849987770336,3313,3313,6626,0.08819151822448033,835,0.835,11,0.3266261302446336,621.6224073246515
nag,50,0.3034951983617027,0.2870891609196603,303.4951983617027,3377,3377,6754,0.08987124618350688,935,0.935,11,0.2490009920702244,848.6619709277121
nag,50,0.13061592197383984,0.12744583858045297,130.61592197383985,1404,1404,2808,0.09303128345715089,165,0.165,11,0.13523469582759923,193.1672282980418
nag,50,0.2620125104115384,0.24565734728622998,262.0125104115384,2857,2857,5714,0.09170896409224305,724,0.724,11,0.25312868100666397,729.273622430404
nag,50,0.17609930589509853,0.1676538029797191,176.09930589509852,1943,1942,3885,0.09067935421992715,301,0.301,11,0.1973511791413457,304.1210759467449
nag,50,0.256939415098856,0.24847823683938433,256.939415098856,2833,2833,5666,0.0906951694665923,664,0.664,11,0.2913346515064213,643.8846371638758
nag,50,0.18068134810421801,0.16986377989554122,180.68134810421802,1997,1997,3994,0.0904763886350616,305,0.305,11,0.20242469127958587,290.42214924829585
nag,50,0.18078330765341108,0.1696519041570627,180.78330765341107,1965,1965,3930,0.09200168328417867,312,0.312,11,0.20652495403713642,351.1041270212273
nag,50,0.17078767269155082,0.16177815150626795,170.78767269155082,1894,1894,3788,0.0901730056449582,257,0.257,11,0.19197624991139092,270.79379494846154
nag,50,0.35065636045897586,0.33270966253787926,350.6563604589759,3736,3734,7470,0.09390904136555327,1145,1.145,11,0.357989594277299,1269.472861887031
nag,50,0.1669370567738296,0.15750716175843518,166.93705677382962,1947,1947,3894,0.0857406557646788,265,0.265,11,0.1635941719976168,266.40215792623144
nag,50,0.17972079001805807,0.17181778215612054,179.72079001805807,1892,1892,3784,0.09498984673258883,319,0.319,11,0.15291818732390425,292.98500637676557
nag,50,0.09181667522894846,0.08910112410508367,91.81667522894845,980,979,1959,0.0937861851163927,55,0.055,11,0.10661732384250723,54.035564095103354
nag,50,0.3434873906352444,0.32702434907426914,343.4873906352444,3800,3800,7600,0.09039141858822222,1209,1.209,11,0.1952043203891671,1258.654571003854
nag,50,0.3123859786666262,0.29415740247325367,312.3859786666262,3428,3428,6856,0.09112776507194463,997,0.997,11,0.31581289225147047,1066.7754616396016
nag,50,0.21975901412792165,0.20553104807207842,219.75901412792166,2401,2401,4802,0.09152811917031306,479,0.479,11,0.23202278857918174,544.4029305488992
nag,50,0.34549466850873234,0.3330628704726336,345.49466850873233,3883,3883,7766,0.08897622160925375,1215,1.215,11,0.2924642408659628,867.339900882811
nag,50,0.22776075781695204,0.2140161877508782,227.76075781695204,2420,2420,4840,0.09411601562683969,489,0.489,11,0.19350700821820688,455.68975139478255
nag,50,0.1725092431295262,0.16138323942400415,172.5092431295262,1917,1917,3834,0.0899891722115421,251,0.251,11,0.1709295833878398,247.15646763810187
nag,50,0.17896279514224347,0.1703712566666688,178.96279514224346,1939,1938,3877,0.0923440635408893,279,0.279,11,0.187164986136566,318.3343241988739
nag,50,0.2187613118374609,0.20811931916231044,218.76131183746088,2458,2457,4915,0.08903594295378953,490,0.49,11,0.19668154459631554,354.25435320613116
nag,50,0.25930787134609323,0.24938005944844718,259.30787134609324,2860,2860,5720,0.09066708788324938,769,0.769,11,0.22114482445973777,817.3294445560815
nag,50,0.25633199648647564,0.24691955070689858,256.33199648647565,2850,2850,5700,0.08994105139876339,718,0.718,11,0.2792355563849709,729.9476219560391
nag,50,0.2668859644077925,0.25825791846765517,266.88596440779247,2884,2884,5768,0.09254020957274357,723,0.723,11,0.3465771165311262,725.6838846870093
nag,50,0.3007225044636255,0.28483967928190473,300.72250446362546,3339,3338,6677,0.09009062446483687,976,0.976,11,0.3249665021536598,1130.2414779823337
nag,50,0.08776432150325456,0.0830162141027547,87.76432150325455,975,975,1950,0.09001468872128672,55,0.055,11,0.06167394841725165,48.88579898279342
nag,50,0.12877655653542985,0.1237698317093725,128.77655653542985,1437,1437,2874,0.08961486188965195,154,0.154,11,0.1539062738471331,121.34602129650088
nag,50,0.08902428612502279,0.08471123492944267,89.0242861250228,952,952,1904,0.09351290559351134,57,0.057,11,0.09282429196177408,61.65646445583972
nag,50,0.3541695096325882,0.339975392120295,354.1695096325882,3819,3818,7637,0.09276309838464855,1293,1.293,11,0.37582379687331674,1586.2391885901989
nag,50,0.090528451432595,0.08544165605422487,90.52845143259499,952,952,1904,0.09509291116869222,68,0.068,11,0.09873983976389697,83.33923544454879
nag,50,0.17032426080292054,0.16662456450045557,170.32426080292055,1855,1855,3710,0.09181900851909464,276,0.276,11,0.17378004639941938,289.2988143493226
nag,50,0.22376959254206782,0.21491653017098006,223.7695925420678,2412,2412,4824,0.09277346291130506,416,0.416,11,0.245394236520733,261.21456580192313
nag,50,0.3449496760577768,0.3279273999982231,344.9496760577768,3725,3724,7449,0.09262880667502062,1212,1.212,11,0.3342682076233879,1221.4116327184881
nag,50,0.17344282625849525,0.16317902879767138,173.44282625849524,1875,1875,3750,0.09250284067119746,270,0.27,11,0.1468539779825368,314.16365474692947
nag,50,0.3438207345115451,0.32535440480905015,343.8207345115451,3739,3739,7478,0.09195526464604041,1307,1.307,11,0.4536147417911157,1356.8718035750228
nag,50,0.302744401714463,0.28793744726503195,302.744401714463,3326,3326,6652,0.09102357237356072,864,0.864,11,0.26687890021314603,820.2527566654732
nag,50,0.2744585400781883,0.25859250195469097,274.4585400781883,2948,2948,5896,0.09309991183113579,698,0.698,11,0.23054689250621,682.1289284891009
nag,50,0.3409575007733565,0.3205101665604781,340.9575007733565,3853,3852,7705,0.088514408300456,1141,1.141,11,0.36226014996788647,920.8883975835515
nag,50,0.2630371842366741,0.24764356158095,263.0371842366741,2912,2912,5824,0.09032870337797874,739,0.739,11,0.2862057900086765,531.1739580677066
nag,50,0.17670267140319196,0.16969345865238308,176.70267140319197,1960,1960,3920,0.09015442418530202,298,0.298,11,0.12538133488516945,277.02759695807146
nag,50,0.21184712577707454,0.2026794057663078,211.84712577707455,2401,2401,4802,0.08823287204376283,500,0.5,11,0.19118027326593673,444.73162808526473
nag,50,0.13236735876412573,0.12656894080367234,132.36735876412573,1493,1493,2986,0.08865864619164483,182,0.182,11,0.13174209186703154,203.7586447182255
nag,50,0.2085367090279351,0.19454490795864426,208.5367090279351,2372,2372,4744,0.08791598188361513,442,0.442,11,0.14638454018700697,456.82934740596767
nag,50,0.2649908688322479,0.2549434265860187,264.9908688322479,2901,2901,5802,0.09134466350646256,698,0.698,11,0.27106443664689317,711.003319209295
nag,50,0.1318820368546053,0.1263491026561727,131.8820368546053,1422,1421,2843,0.09280931516861739,137,0.137,11,0.11370314112731048,135.2398154289665
nag,50,0.3850089184594524,0.3634461393225689,385.0089184594524,4304,4304,8608,0.08945374499522593,1603,1.603,11,0.3635981050070581,1360.1576896123784
nag,50,0.25331003955523607,0.2381549059126384,253.31003955523607,2857,2857,5714,0.08866294699168221,679,0.679,11,0.284746698602866,719.5484217283267
nag,50,0.08773894734018714,0.08276337519077658,87.73894734018714,951,951,1902,0.09225967123048069,68,0.068,11,0.08078982806187571,71.95248730894433
nag,50,0.2606279060182153,0.24892744731706382,260.6279060182153,2887,2887,5774,0.09027637894638563,673,0.673,11,0.2859337978860084,600.7948755576354
nag,50,0.12871458369106206,0.12389019065298909,128.71458369106207,1424,1424,2848,0.09038945483922899,192,0.192,11,0.1548213506967243,206.15475322801393
nag,50,0.13136672992845358,0.1254591680279893,131.36672992845357,1408,1408,2816,0.09330023432418577,158,0.158,11,0.13711569078312733,155.12403167703027
nag,50,0.17156509174277518,0.16657936377474092,171.56509174277517,1917,1917,3834,0.08949665714281438,271,0.271,11,0.14733106902416318,243.1814530748258
nag,50,0.12796682342993757,0.12117695684767457,127.96682342993756,1404,1403,2807,0.09120942511043305,135,0.135,11,0.11922159095097049,139.9148172523617
nag,50,0.12883588751937056,0.12176745028784111,128.83588751937054,1435,1435,2870,0.08978110628527564,159,0.159,11,0.12191704520629144,182.91696984708935
nag,50,0.12833702054619162,0.1208697305801741,128.3370205461916,1440,1440,2880,0.08912293093485528,168,0.168,11,0.10516326196221891,135.01571084966827
nag,50,0.04513698313274858,0.043099635886422544,45.13698313274858,498,498,996,0.0906365123147562,8,0.008,11,0.042388644871061414,6.052318403368222
nag,50,0.25752181351765385,0.24627665677584826,257.52181351765387,2848,2847,5695,0.09045374552780255,665,0.665,11,0.2617362032483841,780.4544325119683
nag,50,0.21398785776357307,0.20149025109125562,213.98785776357306,2342,2342,4684,0.09136970869495006,388,0.388,11,0.17166119913854308,352.79320130127275
nag,50,0.2144742475774789,0.2016016951914172,214.4742475774789,2378,2378,4756,0.09019102084839314,478,0.478,11,0.20201820551904173,503.37592575496905
nag,50,0.1277836783033159,0.12084062319164905,127.78367830331591,1424,1424,2848,0.08973572914558701,140,0.14,11,0.14424490675853147,109.5680063016902
nag,50,0.3052673524711316,0.29579015367887734,305.26735247113163,3329,3328,6657,0.091726968891566,946,0.946,11,0.4424250168418903,906.4020292568252
nag,50,0.20340241317107882,0.19190077211417142,203.40241317107882,2332,2332,4664,0.0872223041042362,434,0.434,11,0.2134092686849361,545.7362280043362
nag,50,0.2544147960758376,0.2388389147896379,254.4147960758376,2818,2818,5636,0.09028204261030433,621,0.621,11,0.24536405537040615,647.595574846128
nag,50,0.16877091467919794,0.15947568125068393,168.77091467919794,1890,1890,3780,0.08929678025354389,285,0.285,11,0.15565004171192134,267.25924381297824
nag,50,0.21982398950268045,0.21090701484100438,219.82398950268046,2431,2431,4862,0.09042533504840826,464,0.464,11,0.21287760179155255,523.8771105931487
nag,50,0.43803901599848155,0.41631465461487766,438.03901599848155,4813,4813,9626,0.09101163847880356,1916,1.916,11,0.4061014348427661,1912.7171152414733
nag,50,0.3917231446380435,0.3816952630042327,391.7231446380435,4311,4311,8622,0.09086595793042067,1701,1.701,11,0.46658471701254634,2190.3155763245104
nag,50,0.22573739019059755,0.2143966722736467,225.73739019059755,2413,2413,4826,0.09355051396212083,458,0.458,11,0.21658707729382914,474.4220021076022
nag,50,0.12576007541090448,0.11956931431529497,125.76007541090448,1401,1401,2802,0.08976450778794039,176,0.176,11,0.12491585283614555,178.66964952674297
nag,50,0.2982088783710082,0.28882185129214905,298.20887837100815,3298,3298,6596,0.09042112746240392,846,0.846,11,0.31195735369090044,665.2016080401846
nag,50,0.12218173304962832,0.11700478512397197,122.18173304962832,1382,1382,2764,0.08840935821246622,150,0.15,11,0.12860797848490266,135.18255088717532
nag,50,0.08489215274300503,0.08074934246947622,84.89215274300503,972,972,1944,0.08733760570268007,53,0.053,11,0.06708324308709424,58.826165620384934
nag,50,0.17479248004689976,0.16627160827693452,174.79248004689975,1862,1862,3724,0.09387351237749718,331,0.331,11,0.19812573827445626,346.2561352783152
nag,50,0.2679822814853769,0.25538727938966055,267.9822814853769,2929,2929,5858,0.0914927557136828,701,0.701,11,0.26323165047624514,733.7624539702573
nag,50,0.08437848776753343,0.0816274599278369,84.37848776753343,946,945,1891,0.08928940504500892,69,0.069,11,0.0900619893082712,68.55990703483036
nag,50,0.3914521436832169,0.3644167646070926,391.4521436832169,4209,4209,8418,0.09300359792901328,1532,1.532,11,0.3611910777350524,1249.6901027876029
nag,50,0.3023525470917097,0.2888692635773352,302.3525470917097,3335,3335,6670,0.09066043391055763,910,0.91,11,0.3180277209903658,1123.4469973878083
nag,50,0.1713118937201459,0.1634765443018696,171.31189372014592,1899,1899,3798,0.09021163439712791,273,0.273,11,0.14423227356614854,321.7359679992398
nag,50,0.21817085811150466,0.20811352800401292,218.17085811150466,2375,2374,4749,0.09190010872430693,437,0.437,11,0.2019515092263964,430.18260541269024
nag,50,0.2582480260718918,0.24904317005066598,258.2480260718918,2773,2773,5546,0.09312947207785495,684,0.684,11,0.2984411019230532,813.235062400067
nag,50,0.1836467981762287,0.17392732922045445,183.64679817622869,1971,1971,3942,0.09317442829844175,281,0.281,11,0.1735428572671615,303.8601523597469
nag,50,0.3021361458599016,0.2902574103928085,302.1361458599016,3319,3319,6638,0.09103228257303453,937,0.937,11,0.2452599692727001,1017.9871678334944
nag,50,0.35014580368233,0.33226388293766795,350.14580368233,3947,3947,7894,0.08871188337530529,1393,1.393,11,0.3712331679592709,1412.1411144118372
nag,50,0.3520130754003832,0.33599455877288553,352.0130754003832,3860,3860,7720,0.09119509725398528,1243,1.243,11,0.3636709577223875,958.5768767073637
nag,50,0.13199030552291682,0.1232227491500044,131.99030552291683,1446,1446,2892,0.09127960271294386,123,0.123,11,0.13588935662927631,113.57475160272674
nag,50,0.08422064627018429,0.0813267071103052,84.22064627018429,903,903,1806,0.09326760384295049,58,0.058,11,0.08607098141592771,60.26016231185005
nag,50,0.2614118974641603,0.24940814230012276,261.41189746416035,2891,2891,5782,0.09042265564308556,697,0.697,11,0.18298009163733328,755.8440718944715
nag,50,0.2686532544618409,0.2569865600487679,268.6532544618409,2910,2910,5820,0.09232070600063261,705,0.705,11,0.29987309471872836,634.7080345572272
nag,50,0.2114809231412591,0.20203027198390464,211.4809231412591,2332,2332,4664,0.09068650220465656,472,0.472,11,0.24476172870395052,435.26144448471916
nag,50,0.13659834066804472,0.13049150426096254,136.59834066804473,1504,1504,3008,0.0908233648058808,215,0.215,11,0.12617411081112467,192.41715708465443
nag,50,0.214799916542755,0.20987353197213945,214.799916542755,2337,2337,4674,0.09191267288949721,429,0.429,11,0.19636892623492214,344.5474376694766
nag,50,0.175827745895999,0.1687807652499244,175.82774589599902,1933,1933,3866,0.09096106875116348,298,0.298,11,0.1352686067262597,298.57763376989914
nag,50,0.24978134656104004,0.23276484969841532,249.78134656104004,2785,2785,5570,0.0896880957131203,566,0.566,11,0.24700184464913677,599.4729126669529
nag,50,0.21442766134310126,0.20726935231728288,214.42766134310125,2341,2340,4681,0.09163575271072703,469,0.469,11,0.2413071656975388,429.71006036466855
nag,50,0.25461257497123396,0.247204533884949,254.61257497123395,2837,2837,5674,0.08974711842482691,690,0.69,11,0.2855428792118609,779.2573351548198
nag,50,0.17403963487817845,0.1661260370221409,174.03963487817845,1916,1916,3832,0.0908348825042685,271,0.271,11,0.18617574400729966,301.05628326174303
nag,50,0.13128197630309485,0.12408271897777283,131.28197630309484,1473,1473,2946,0.0891255779382857,146,0.146,11,0.10797423771889599,167.4901331290563
nag,50,0.35015458723511644,0.3298576452915905,350.1545872351164,3888,3888,7776,0.09006033622302377,1235,1.235,11,0.25343033115104396,1375.2412694137647
nag,50,0.2922495734691328,0.274339802533372,292.24957346913277,3296,3296,6592,0.08866795311563494,934,0.934,11,0.26019869659628,1012.7921320765835
nag,50,0.26336475713260243,0.2557857748021145,263.36475713260245,3011,3010,6021,0.08749659705402074,725,0.725,11,0.20237982005060637,704.6014943958199
nag,50,0.13703744938902923,0.12769601047842072,137.03744938902923,1496,1496,2992,0.09160257312100885,123,0.123,11,0.14809872512104463,121.37749893129742
nag,50,0.4319939490792032,0.4074511129496346,431.99394907920316,4705,4704,9409,0.09183544835867415,1870,1.87,11,0.4424253115011843,1774.9175987795902
nag,50,0.1812509715126181,0.1740232788372034,181.2509715126181,1956,1956,3912,0.09266409586534667,286,0.286,11,0.19575544906511202,381.2551912999545
bg,50,0.0007204995344137473,0.0007199804148346567,0.7204995344137473,22,22,44,0.03274997883698851,0,0.0,11,0.0006925750387339185,0.0
bg,50,0.001125928965664655,0.0011246612496289324,1.125928965664655,35,35,70,0.032169399018990144,0,0.0,11,0.0012499036651188213,0.0
bg,50,0.0008646562408753198,0.0008639086104604352,0.8646562408753198,17,17,34,0.05086213181619528,0,0.0,11,0.0011257722201943009,0.0
bg,50,0.0007968947374586648,0.0007962596962360754,0.7968947374586648,28,28,56,0.028460526337809457,0,0.0,11,0.0009295880880115609,0.0
bg,50,0.000992149220756591,0.000991164860680343,0.9921492207565912,31,31,62,0.032004813572793264,0,0.0,11,0.000960908928351465,0.0
bg,50,0.0005789238590622858,0.0005785887062276942,0.5789238590622858,19,19,38,0.030469676792751886,0,0.0,11,0.00047069559627822973,0.0
bg,50,0.0007352489403014602,0.0007347083492972456,0.7352489403014602,25,25,50,0.029409957612058404,0,0.0,11,0.0007835209458306852,0.0
bg,50,0.0006822220934755663,0.0006817566664907399,0.6822220934755663,24,24,48,0.028425920561481927,0,0.0,11,0.0007418562011559896,0.0
bg,50,0.0009288082543578931,0.0009279455695845297,0.928808254357893,23,23,46,0.04038296758077796,0,0.0,11,0.0011618286469383273,0.0
bg,50,0.000762124039890594,0.0007615432068384148,0.762124039890594,23,23,46,0.03313582782133017,0,0.0,11,0.0005904846539255778,0.0
bg,50,0.0011543645847847323,0.0011530320271901273,1.1543645847847324,31,31,62,0.0372375672511204,0,0.0,11,0.001114530344352909,0.0
bg,50,0.0006813124596603472,0.0006808482729926589,0.6813124596603473,20,20,40,0.034065622983017366,0,0.0,11,0.0006804821398103825,0.0
bg,50,0.000559884673631605,0.0005595712027838374,0.559884673631605,18,18,36,0.03110470409064472,0,0.0,11,0.000600218083820274,0.0
bg,50,0.0009624684482325705,0.0009615421027187273,0.9624684482325705,21,21,42,0.04583183086821764,0,0.0,11,0.001022972137120405,0.0
bg,50,0.0008716978214249024,0.0008709379643330254,0.8716978214249025,29,29,58,0.03005854556637595,0,0.0,11,0.0009714070942673082,0.0
bg,50,0.000598571510131678,0.0005982132222789368,0.598571510131678,20,20,40,0.0299285755065839,0,0.0,11,0.0006265626376378648,0.0
bg,50,0.0008142019960923106,0.00081353907120187,0.8142019960923106,21,21,42,0.03877152362344336,0,0.0,11,0.000813393647183772,0.0
bg,50,0.000991433985212609,0.0009904510438655744,0.9914339852126091,28,28,56,0.035408356614736035,0,0.0,11,0.0013155452079708098,0.0
bg,50,0.0005132925093904994,0.000513029040190303,0.5132925093904994,19,19,38,0.027015395231078917,0,0.0,11,0.0005813918286633368,0.0
bg,50,0.0008319974795650964,0.0008313052597590939,0.8319974795650964,22,22,44,0.03781806725295893,0,0.0,11,0.0007712079842865035,0.0
bg,50,0.0009345630574994886,0.0009336896493910457,0.9345630574994885,29,29,58,0.03222631232756857,0,0.0,11,0.0009582721569204014,0.0
bg,50,0.0010700881920894004,0.001096735026321329,1.0700881920894005,29,29,58,0.03689959283066899,0,0.0,11,0.0010650249099651919,0.0
bg,50,0.00037073674395291076,0.0003705992982195939,0.3707367439529108,20,20,40,0.01853683719764554,0,0.0,11,0.00040028781276318584,0.0
bg,50,0.00123910176752743,0.0012375663943371403,1.2391017675274298,38,38,76,0.03260794125072184,0,0.0,11,0.0011361839697290794,0.0
bg,50,0.0004018846859988301,0.00040172317469798973,0.4018846859988301,18,18,36,0.022326926999935007,0,0.0,11,0.0003622461676583204,0.0
bg,50,0.0008102304184761202,0.000809573945145096,0.8102304184761202,23,23,46,0.03522740949896175,0,0.0,11,0.0008101838588796662,0.0
bg,50,0.0009014044590816326,0.0009005919290827803,0.9014044590816326,27,27,54,0.03338535033635676,0,0.0,11,0.0010390295439124196,0.0
bg,50,0.0007139509646482623,0.0007134412386683401,0.7139509646482622,27,27,54,0.02644262832030601,0,0.0,11,0.0007306567363998231,0.0
bg,50,0.00031712912474151625,0.0003170285538597569,0.3171291247415162,17,17,34,0.018654654396559778,0,0.0,11,0.00033687548503028074,0.0
bg,50,0.0006411442962444198,0.000640733230235813,0.6411442962444198,20,20,40,0.03205721481222099,0,0.0,11,0.0006018426217120882,0.0
bg,50,0.0008583544845206169,0.0008576177120995201,0.8583544845206168,21,21,42,0.04087402307241032,0,0.0,11,0.0008075237651572931,0.0
bg,50,0.0008153461675713913,0.0008146813781984178,0.8153461675713913,23,23,46,0.03544983337266919,0,0.0,11,0.0007231576226112559,0.0
bg,50,0.0010066880316154786,0.0010256951328721435,1.0066880316154787,22,22,44,0.04575854689161267,0,0.0,11,0.0008520866107370576,0.0
bg,50,0.00052901695306277,0.0005287370941261423,0.52901695306277,21,21,42,0.02519128347917952,0,0.0,11,0.0005477137797320812,0.0
bg,50,0.0008875235842115714,0.0008867358860990395,0.8875235842115714,30,30,60,0.029584119473719046,0,0.0,11,0.0010509450110061267,0.0
bg,50,0.0006978872612585149,0.0006974002146290879,0.697887261258515,23,23,46,0.03034292440254413,0,0.0,11,0.0007083220076807426,0.0
bg,50,0.0011698059852852279,0.0011684375392420185,1.1698059852852278,32,32,64,0.03655643704016337,0,0.0,11,0.0011069084227542034,0.0
bg,50,0.0007779697482598494,0.0008254319130357535,0.7779697482598493,26,26,52,0.02992191339460959,0,0.0,11,0.0008499054013604121,0.0
bg,50,0.0004778509047742858,0.0004776225632870922,0.4778509047742858,22,22,44,0.021720495671558447,0,0.0,11,0.0004937735905887464,0.0
bg,50,0.0008610606087478238,0.0008603191833758868,0.8610606087478239,32,32,64,0.026908144023369496,0,0.0,11,0.0007573312663925942,0.0
bg,50,0.0006654184510830881,0.0006649756693680464,0.6654184510830881,20,20,40,0.033270922554154404,0,0.0,11,0.000603980659317758,0.0
bg,50,0.0008200969307088286,0.0008194243717330706,0.8200969307088286,23,23,46,0.0356563882916882,0,0.0,11,0.0005813317944475674,0.0
bg,50,0.0010857788561464475,0.0010845999404219923,1.0857788561464474,30,30,60,0.036192628538214915,0,0.0,11,0.0011773875545117401,0.0
bg,50,0.0007331474503345419,0.0007326099451506097,0.7331474503345419,21,21,42,0.0349117833492639,0,0.0,11,0.0006642805304532253,0.0
bg,50,0.0007651600198072717,0.0007645745499513602,0.7651600198072717,26,26,52,0.02942923153104891,0,0.0,11,0.0006755834478451021,0.0
bg,50,0.0009398863793695775,0.0009390029929634531,0.9398863793695775,23,23,46,0.04086462518998163,0,0.0,11,0.0010012130885237824,0.0
bg,50,0.0007514200157832249,0.0007508553837431051,0.7514200157832249,20,20,40,0.037571000789161244,0,0.0,11,0.0006342503804114333,0.0
bg,50,0.0010846724521583636,0.0010834959378298924,1.0846724521583635,34,34,68,0.03190213094583422,0,0.0,11,0.0012492546978267974,0.0
bg,50,0.0010854655844611187,0.0010842873489260694,1.0854655844611187,30,30,60,0.03618218614870396,0,0.0,11,0.0009514615969616197,0.0
bg,50,0.000703987446410947,0.0007034918480862426,0.703987446410947,18,18,36,0.03911041368949705,0,0.0,11,0.0005007075619207821,0.0
bg,50,0.0009649503095962331,0.0009640191804962433,0.9649503095962331,28,28,56,0.03446251105700832,0,0.0,11,0.0009950179832632776,0.0
bg,50,0.0006212348415702351,0.0006208489088418542,0.6212348415702351,20,20,40,0.031061742078511756,0,0.0,11,0.0007382480083817979,0.0
bg,50,0.0009870271230491738,0.000986052900507539,0.9870271230491738,35,35,70,0.02820077494426211,0,0.0,11,0.0009565963461637316,0.0
bg,50,0.0007920515784393096,0.0007914242327364013,0.7920515784393096,26,26,52,0.030463522247665756,0,0.0,11,0.0007065600555251957,0.0
bg,50,0.000779400786016831,0.0007787933204315875,0.779400786016831,25,25,50,0.03117603144067324,0,0.0,11,0.0007494561244166102,0.0
bg,50,0.0012553591608667355,0.0012537832342439633,1.2553591608667354,29,29,58,0.04328824692643915,0,0.0,11,0.001390072603619716,0.0
bg,50,0.0008724335780883905,0.0008716724377402143,0.8724335780883905,19,19,38,0.04591755674149424,0,0.0,11,0.00080023983379897,0.0
bg,50,0.0008009309469106487,0.0008002894565289295,0.8009309469106487,21,21,42,0.038139568900507084,2,0.002,11,0.0008366527823380172,1.698098444413274
bg,50,0.0008827579731387587,0.0008819787114996186,0.8827579731387587,30,30,60,0.029425265771291956,0,0.0,11,0.0008215715432246199,0.0
bg,50,0.0007209006532784841,0.0007203809555265868,0.7209006532784841,22,22,44,0.032768211512658366,0,0.0,11,0.000788905257607054,0.0
bg,50,0.0008068673899361585,0.0008062163549512159,0.8068673899361585,26,26,52,0.03103336115139071,0,0.0,11,0.0007389723006061893,0.0
bg,50,0.0005339546065684288,0.0005336694990465532,0.5339546065684289,20,20,40,0.026697730328421442,0,0.0,11,0.0004486570534269669,0.0
bg,50,0.0005165444476517677,0.0005162776294853679,0.5165444476517678,22,22,44,0.023479293075080353,0,0.0,11,0.0004929641521059472,0.0
bg,50,0.0007869197963321141,0.0007863005535662549,0.7869197963321142,24,24,48,0.032788324847171424,0,0.0,11,0.0007903002813324936,0.0
bg,50,0.0008900062924815638,0.0008892141812809068,0.8900062924815637,25,25,50,0.03560025169926255,0,0.0,11,0.0008157781595823159,0.0
bg,50,0.000660524350529176,0.0006600880581115339,0.660524350529176,21,21,42,0.031453540501389335,0,0.0,11,0.0007311633153476471,0.0
bg,50,0.0011276852343700633,0.0011264135603822475,1.1276852343700634,30,29,59,0.03888569773689874,0,0.0,11,0.0013417740359433006,0.0
bg,50,0.001552056265637404,0.0015496473869856995,1.552056265637404,31,31,62,0.050066331149593676,0,0.0,11,0.0013530858232226614,0.0
bg,50,0.0009633856210048322,0.0009624575091500732,0.9633856210048322,28,28,56,0.03440662932160115,0,0.0,11,0.0011002882539865326,0.0
bg,50,0.0004896723589210694,0.000489432579901978,0.4896723589210694,19,19,38,0.02577222941689839,0,0.0,11,0.0005002475081594305,0.0
bg,50,0.0004131527595168993,0.00041298206431420294,0.41315275951689934,24,24,48,0.01721469831320414,0,0.0,11,0.0003678181408165579,0.0
bg,50,0.0005484932460502492,0.0005481924012092864,0.5484932460502492,25,25,50,0.021939729842009967,0,0.0,11,0.0005207751669098813,0.0
bg,50,0.001278829106111381,0.0012771937022287435,1.278829106111381,32,32,64,0.039963409565980657,0,0.0,11,0.0012470691826877624,0.0
bg,50,0.0008591347403111272,0.0008583966278091176,0.8591347403111271,24,24,48,0.035797280846296964,0,0.0,11,0.0006439934630701308,0.0
bg,50,0.0009350104979221392,0.0009341362532909145,0.9350104979221392,22,22,44,0.04250047717827905,0,0.0,11,0.000894352076801368,0.0
bg,50,0.0008923562894408477,0.000891559989693543,0.8923562894408477,29,29,58,0.030770906532443024,0,0.0,11,0.0008801464696471424,0.0
bg,50,0.0009673211479255359,0.0009663854377223119,0.9673211479255359,32,32,64,0.030228785872672997,0,0.0,11,0.0010748247001799475,0.0
bg,50,0.0009702949250138317,0.0009693534527723241,0.9702949250138317,34,34,68,0.028538086029818582,0,0.0,11,0.001038242595883966,0.0
bg,50,0.001018260691493012,0.001017223836657172,1.018260691493012,25,25,50,0.04073042765972048,0,0.0,11,0.0010082320735195314,0.0
bg,50,0.0008767493769430353,0.0008759806874730652,0.8767493769430353,33,33,66,0.026568162937667738,0,0.0,11,0.0008952234244961436,0.0
bg,50,0.0005141686732645598,0.0005139043038399931,0.5141686732645598,17,17,34,0.030245216074385874,0,0.0,11,0.0005085524849958346,0.0
bg,50,0.0007996876801216288,0.0007990481797358906,0.7996876801216288,24,24,48,0.03332032000506787,0,0.0,11,0.0009300985854214623,0.0
bg,50,0.000886852558741822,0.000886066051280875,0.8868525587418219,27,27,54,0.03284639106451192,0,0.0,11,0.0010149336223591134,0.0
bg,50,0.0008269109013213729,0.000826227119682649,0.8269109013213729,26,26,52,0.03180426543543742,0,0.0,11,0.0007540257922660459,0.0
bg,50,0.0010230309332637298,0.0010219843409733154,1.0230309332637297,26,26,52,0.03934734358706653,0,0.0,11,0.0010601200729567495,0.0
bg,50,0.0006337832580787701,0.0006333815768605492,0.6337832580787701,21,21,42,0.0301801551466081,0,0.0,11,0.0005686836126296126,0.0
bg,50,0.00041981762350902583,0.000419641376672017,0.41981762350902585,19,19,38,0.02209566439521189,0,0.0,11,0.0004039615317417793,0.0
bg,50,0.0007569710206244764,0.0007563980154984111,0.7569710206244764,25,25,50,0.030278840824979055,0,0.0,11,0.000863538876471572,0.0
bg,50,0.0007609512568516212,0.0007603722100363173,0.7609512568516212,26,26,52,0.02926735603275466,0,0.0,11,0.0006157826842257865,0.0
bg,50,0.001254297564448585,0.0012527243020684033,1.254297564448585,37,37,74,0.03389993417428608,0,0.0,11,0.0012641006037870633,0.0
bg,50,0.0006946803033047857,0.0006941977225809861,0.6946803033047857,27,27,54,0.02572890012239947,0,0.0,11,0.0008506187100332357,0.0
bg,50,0.0008637619065041023,0.0008630158218729747,0.8637619065041022,21,21,42,0.0411315193573382,0,0.0,11,0.0008442799141376944,0.0
bg,50,0.0008863099815514844,0.0008855244361680866,0.8863099815514843,25,25,50,0.03545239926205937,0,0.0,11,0.0009983603463021519,0.0
bg,50,0.0005295452779336358,0.000529264859732254,0.5295452779336358,19,19,38,0.027870804101770306,0,0.0,11,0.0005302320244637362,0.0
bg,50,0.0006913209938316669,0.0006908430691151545,0.6913209938316669,25,25,50,0.027652839753266677,0,0.0,11,0.0008684176743178273,0.0
bg,50,0.000787638829267535,0.0007870184543421648,0.7876388292675349,25,25,50,0.031505553170701396,0,0.0,11,0.0007898551186616213,0.0
bg,50,0.0008002138891832402,0.0007995735469147983,0.8002138891832402,23,23,46,0.03479190822535827,0,0.0,11,0.0008196457081974837,0.0
bg,50,0.0012311265847519764,0.0012296109120842932,1.2311265847519763,28,28,56,0.04396880659828487,0,0.0,11,0.0011930724565000087,0.0
bg,50,0.0012259723218490564,0.0012244693137151163,1.2259723218490564,29,29,58,0.04227490764996746,0,0.0,11,0.001248149204062738,0.0
bg,50,0.0006751030696332094,0.0006746473054785813,0.6751030696332094,18,18,36,0.037505726090733854,0,0.0,11,0.0005526030515413531,0.0
bg,50,0.0005313966770554259,0.0005311142946270404,0.5313966770554259,20,20,40,0.026569833852771296,0,0.0,11,0.0005674103523804065,0.0
bg,50,0.0011010494693396895,0.0010998371594057566,1.1010494693396895,32,32,64,0.0344077959168653,0,0.0,11,0.001466593971662527,0.0
bg,50,0.0010165052770823451,0.0010154719941040087,1.016505277082345,30,30,60,0.03388350923607817,0,0.0,11,0.0009339308943987179,0.0
bg,50,0.0008434817630339424,0.0008427703015493715,0.8434817630339424,29,29,58,0.029085578035653186,0,0.0,11,0.0009803572334894128,0.0
bg,50,0.0005696616249005402,0.0005693371105336559,0.5696616249005402,20,20,40,0.02848308124502701,1,0.001,11,0.0004755608250818663,1.1300433194245225
bg,50,0.0007953562523585482,0.0007947236607903822,0.7953562523585482,24,24,48,0.03313984384827284,0,0.0,11,0.0008643593928252847,0.0
bg,50,0.0007856008905209358,0.0007849837217617485,0.7856008905209357,21,21,42,0.03740956621528265,0,0.0,11,0.0005675142818170063,0.0
bg,50,0.000789213350158601,0.0007885904924465326,0.789213350158601,24,24,48,0.032883889589941706,0,0.0,11,0.0008277264382695057,0.0
bg,50,0.0006876376017597039,0.00068716475628835,0.6876376017597039,22,22,44,0.031256254625441085,0,0.0,11,0.0006319820721377618,0.0
bg,50,0.0010315826623528055,0.0010305184995635386,1.0315826623528055,25,25,50,0.04126330649411222,0,0.0,11,0.0007596071703904493,0.0
bg,50,0.0006512646298450022,0.000650840484226915,0.6512646298450022,22,22,44,0.029602937720227374,0,0.0,11,0.0007576661609102404,0.0
bg,50,0.0009837090134014518,0.0009827413299784043,0.9837090134014517,23,23,46,0.04276995710441094,0,0.0,11,0.0009511136484888492,0.0
bg,50,0.0008306217100492219,0.0008299317776240167,0.8306217100492219,26,26,52,0.031946988848046996,0,0.0,11,0.0008677310901051341,0.0
bg,50,0.0008585688627038479,0.0008578317222118433,0.8585688627038479,31,31,62,0.027695769764640256,0,0.0,11,0.001021841496335797,0.0
bg,50,0.0008900596384239003,0.000889267432263949,0.8900596384239003,20,20,40,0.04450298192119502,0,0.0,11,0.0009145089786392185,0.0
bg,50,0.0007018221599118136,0.0007013296055676702,0.7018221599118135,25,25,50,0.02807288639647254,0,0.0,11,0.0009300964967660487,0.0
bg,50,0.0007733746329337166,0.0007727765246108513,0.7733746329337166,21,21,42,0.03682736347303412,0,0.0,11,0.0005684087654878723,0.0
bg,50,0.0008462793572939122,0.0008455631685433305,0.8462793572939122,25,25,50,0.03385117429175649,0,0.0,11,0.0007156298787013237,0.0
bg,50,0.0008710231539264814,0.0008702644725918052,0.8710231539264814,33,33,66,0.026394641028075195,0,0.0,11,0.0009452413348404403,0.0
bg,50,0.0006218731100796884,0.0006214863839146482,0.6218731100796884,17,17,34,0.03658077118115814,0,0.0,11,0.0006130364879295925,0.0
bg,50,0.0012513636144324885,0.001249797703536963,1.2513636144324884,41,41,82,0.03052106376664606,0,0.0,11,0.0013572804046867663,0.0
bg,50,0.0009025092596235193,0.0009119666972343411,0.9025092596235194,28,28,56,0.03223247355798283,1,0.001,11,0.0007216577439660432,1.1022451181898327
bg,50,0.0008481231812390853,0.0008474038683085303,0.8481231812390853,26,26,52,0.03262012235534943,0,0.0,11,0.0006673335998796882,0.0
bg,50,0.0011557651604291693,0.0011544293673231073,1.1557651604291692,33,33,66,0.035023186679671796,0,0.0,11,0.001113648547142908,0.0
bg,50,0.0009432615502238022,0.0009423718078716716,0.9432615502238022,29,29,58,0.032526260352544904,0,0.0,11,0.0011765859755039241,0.0
bg,50,0.0010843077818145947,0.001083132058448891,1.0843077818145948,30,30,60,0.03614359272715316,0,0.0,11,0.0009433564513878109,0.0
bg,50,0.0007514387704047039,0.0007508741101790364,0.7514387704047039,25,25,50,0.030057550816188154,0,0.0,11,0.0007796077943227018,0.0
bg,50,0.0006173340278814265,0.0006169529265794463,0.6173340278814266,16,16,32,0.03858337674258916,0,0.0,11,0.0005625711672488504,0.0
bg,50,0.0006018177571043388,0.0006014555724915729,0.6018177571043388,23,23,46,0.026165989439319078,0,0.0,11,0.0005693167020616175,0.0
bg,50,0.0006177766982084094,0.0006173950501595602,0.6177766982084094,25,25,50,0.024711067928336376,0,0.0,11,0.000733015165541363,0.0
bg,50,0.0009966569939250576,0.000995663668761518,0.9966569939250576,23,23,46,0.04333291277935033,0,0.0,11,0.0008578389372812004,0.0
bg,50,0.00033605486604199085,0.0003359419331690003,0.33605486604199086,19,19,38,0.01768709821273636,0,0.0,11,0.00033226801411799604,0.0
bg,50,0.0009277559597807326,0.0009268952286598238,0.9277559597807326,25,25,50,0.0371102383912293,0,0.0,11,0.0009186710697835489,0.0
bg,50,0.0009629004250363558,0.0009619732478078207,0.9629004250363558,26,26,52,0.037034631732167526,0,0.0,11,0.0009229137875602086,0.0
bg,50,0.000858359431515936,0.0008576226506022637,0.858359431515936,25,25,50,0.03433437726063744,0,0.0,11,0.0008539902824478979,0.0
bg,50,0.0010322294240332028,0.0010311639264493628,1.0322294240332028,26,26,52,0.039701131693584725,0,0.0,11,0.0008704235954298072,0.0
bg,50,0.0006170416451122521,0.000616660904720449,0.617041645112252,20,20,40,0.0308520822556126,0,0.0,11,0.0005288796364897645,0.0
bg,50,0.0005877764332717012,0.0005874309521361917,0.5877764332717013,17,17,34,0.03457508431010008,0,0.0,11,0.0005127059885073771,0.0
bg,50,0.0007141096814891413,0.0007135997288519448,0.7141096814891412,21,21,42,0.03400522292805434,0,0.0,11,0.0006324801282648178,0.0
bg,50,0.0008660925373633574,0.0008653424210800808,0.8660925373633575,29,29,58,0.02986525990908129,0,0.0,11,0.0007293650401397838,0.0
bg,50,0.000889884885699539,0.0008890929905897425,0.8898848856995389,30,30,60,0.029662829523317964,0,0.0,11,0.0009428903596843279,0.0
bg,50,0.0008770018389476633,0.0008762327067221455,0.8770018389476633,29,29,58,0.030241442722333214,0,0.0,11,0.0009474389784712299,0.0
bg,50,0.0009128597542953543,0.0009120264413643422,0.9128597542953543,30,30,60,0.03042865847651181,0,0.0,11,0.0006462177779054996,0.0
bg,50,0.0007816359278634835,0.0007810249731397563,0.7816359278634835,25,25,50,0.031265437114539336,0,0.0,11,0.0007827356673347381,0.0
bg,50,0.0006501455945743544,0.0006497229052802098,0.6501455945743544,21,21,42,0.03095931402735021,0,0.0,11,0.0007276047236285884,0.0
bg,50,0.0006403044467416983,0.0006398944569571811,0.6403044467416983,23,23,46,0.027839323771378186,0,0.0,11,0.0006513489445925001,0.0
bg,50,0.0013479885847117235,0.0013461715114872102,1.3479885847117234,26,26,52,0.05184571479660475,0,0.0,11,0.001313258543493672,0.0
bg,50,0.0006734906720852827,0.0006730370823998967,0.6734906720852827,20,20,40,0.03367453360426413,0,0.0,11,0.0007003691900007368,0.0
bg,50,0.0009762650615570365,0.0009753119680866194,0.9762650615570365,23,23,46,0.04244630702421898,0,0.0,11,0.0009051565685425362,0.0
bg,50,0.00101678320114128,0.0010157493530631567,1.0167832011412798,28,28,56,0.03631368575504571,0,0.0,11,0.0011319289120686543,0.0
bg,50,0.0007885738187897644,0.0007879519701220837,0.7885738187897644,25,25,50,0.031542952751590574,0,0.0,11,0.00079193153501441,0.0
bg,50,0.000799206157662196,0.0007985674271797508,0.799206157662196,26,26,52,0.030738698371622925,0,0.0,11,0.0008158687557453702,0.0
bg,50,0.0011017595807411534,0.0011005457065673984,1.1017595807411533,28,28,56,0.03934855645504119,0,0.0,11,0.0009636006739090319,0.0
bg,50,0.0006970063746145243,0.0006965205567282711,0.6970063746145243,25,25,50,0.027880254984580972,0,0.0,11,0.0006948920152048111,0.0
bg,50,0.0010191541259514062,0.0010181154508189622,1.019154125951406,31,31,62,0.03287593954681955,0,0.0,11,0.0010901258281372753,0.0
bg,50,0.0006610776281250316,0.0006606406044946243,0.6610776281250317,22,22,44,0.03004898309659235,0,0.0,11,0.0008257852182712459,0.0
bg,50,0.0006495844771651453,0.0006491625171721714,0.6495844771651453,25,25,50,0.025983379086605814,0,0.0,11,0.0006626288213777729,0.0
bg,50,0.00048814465249881245,0.0004879063672970493,0.48814465249881245,17,17,34,0.028714391323459557,0,0.0,11,0.00044442983907588807,0.0
bg,50,0.00037680943449719704,0.0003766674491472709,0.37680943449719706,14,14,28,0.026914959606942648,0,0.0,11,0.0004383031682271825,0.0
bg,50,0.0009622723524176564,0.000961346384337429,0.9622723524176564,27,27,54,0.0356397167562095,0,0.0,11,0.0010098674982249732,0.0
bg,50,0.001141573925474269,0.001140270734446946,1.141573925474269,32,32,64,0.035674185171070905,0,0.0,11,0.00095672583929101,0.0
bg,50,0.0009319255608521146,0.0009310570756011452,0.9319255608521146,29,29,58,0.0321353641673143,0,0.0,11,0.0008991067681821918,0.0
bg,50,0.0008535699332200295,0.0008528413515891322,0.8535699332200295,30,30,60,0.028452331107334316,0,0.0,11,0.0010573078064620794,0.0
bg,50,0.0007318337465521734,0.0007312981659195808,0.7318337465521734,23,23,46,0.03181885854574667,0,0.0,11,0.0008463431871731963,0.0
bg,50,0.0008530198658018762,0.0008522922229104236,0.8530198658018762,29,29,58,0.029414478131099177,0,0.0,11,0.0009174739145235563,0.0
bg,50,0.0009450140616222615,0.0009441210100455978,0.9450140616222615,24,24,48,0.039375585900927566,0,0.0,11,0.0010119057564465302,0.0
bg,50,0.001028061229167006,0.00102700431927609,1.028061229167006,27,27,54,0.03807634182100022,0,0.0,11,0.001065759901855867,0.0
bg,50,0.0005451827439267393,0.0005448855197024638,0.5451827439267393,14,14,28,0.03894162456619566,0,0.0,11,0.0004865097829673408,0.0
bg,50,0.0008215543951368484,0.0008208794435126799,0.8215543951368485,35,35,70,0.02347298271819567,0,0.0,11,0.0008228804127550809,0.0
bg,50,0.0006532583108843255,0.000652831564463586,0.6532583108843255,21,21,42,0.03110753861353931,0,0.0,11,0.0006959790150713248,0.0
bg,50,0.0007927148439996614,0.000792086447175764,0.7927148439996614,24,24,48,0.03302978516665256,0,0.0,11,0.0007434272524824674,0.0
bg,50,0.0012562472937068777,0.001254669136443932,1.2562472937068776,28,28,56,0.04486597477524563,0,0.0,11,0.0012253620051509183,0.0
bg,50,0.0007693412790176026,0.0007687493930140022,0.7693412790176026,25,25,50,0.030773651160704105,0,0.0,11,0.0007030203373403533,0.0
bg,50,0.0013394351858236303,0.001337641099206608,1.3394351858236302,35,35,70,0.03826957673781801,0,0.0,11,0.0012731201922062552,0.0
bg,50,0.0005454772973692457,0.0005451797518873005,0.5454772973692457,20,20,40,0.027273864868462283,0,0.0,11,0.0006561440134088938,0.0
bg,50,0.0011729517130820283,0.0011715758973608063,1.1729517130820284,29,29,58,0.040446610795932016,0,0.0,11,0.0009896904293174615,0.0
bg,50,0.001094687658311983,0.0010934893172427223,1.0946876583119831,30,30,60,0.036489588610399436,0,0.0,11,0.0010138768172984999,0.0
bg,50,0.0008172542212534797,0.000816586316791323,0.8172542212534797,33,33,66,0.024765279431923626,0,0.0,11,0.0007939002244538201,0.0
bg,50,0.0010564555020288254,0.001055339403801058,1.0564555020288253,25,25,50,0.042258220081153014,0,0.0,11,0.0009338270454082716,0.0
bg,50,0.000986787670176838,0.0009858139202708251,0.9867876701768381,26,26,52,0.03795337192987839,0,0.0,11,0.00088524806957116,0.0
bg,50,0.0008359597902490723,0.000835260961478159,0.8359597902490723,19,19,38,0.04399788369731959,0,0.0,11,0.0008741501319174945,0.0
bg,50,0.0007989994264155733,0.0007983610263321609,0.7989994264155733,25,25,50,0.03195997705662293,0,0.0,11,0.0006727731737394832,0.0
bg,50,0.00044449723757541905,0.0004442996597812069,0.44449723757541904,22,22,44,0.020204419889791773,0,0.0,11,0.0004866441079167593,0.0
bg,50,0.0015996205123656538,0.0015970617265820726,1.5996205123656537,32,32,64,0.04998814101142668,0,0.0,11,0.0014979975816288257,0.0
bg,50,0.00103019955044482,0.0010291382393310836,1.03019955044482,22,22,44,0.04682725229294637,0,0.0,11,0.0008821273312458044,0.0
bg,50,0.0007115384827753389,0.0007110321957628686,0.7115384827753388,27,27,54,0.026353277139827363,0,0.0,11,0.0007410021627581476,0.0
bg,50,0.000998274939171992,0.0009972783863178131,0.9982749391719921,25,25,50,0.039930997566879685,0,0.0,11,0.0008698772448659843,0.0
bg,50,0.000917624018967274,0.0009167819851270885,0.917624018967274,24,24,48,0.038234334123636415,0,0.0,11,0.0009671717479961125,0.0
bg,50,0.0007504437741934993,0.0007498806083352735,0.7504437741934993,22,22,44,0.03411108064515906,0,0.0,11,0.0007429510761520575,0.0
bg,50,0.000682313316591884,0.0006818477651298854,0.682313316591884,26,26,52,0.026242819868918615,0,0.0,11,0.0007087861668865532,0.0
bg,50,0.0006556932798637298,0.0006552633461864713,0.6556932798637298,23,23,46,0.028508403472336078,0,0.0,11,0.000599930792778872,0.0
bg,50,0.0010415345531316928,0.0010404497589063255,1.0415345531316929,29,29,58,0.03591498459074803,0,0.0,11,0.0009883388190337174,0.0
bg,50,0.0004937980944052498,0.0004935542578472117,0.4937980944052498,15,15,30,0.03291987296034999,0,0.0,11,0.0005227843188503628,0.0
bg,50,0.0011865889530722669,0.001185180959728714,1.1865889530722669,35,35,70,0.033902541516350485,0,0.0,11,0.0015660281737886047,0.0
bg,50,0.0009610370182388989,0.0009601134260884732,0.9610370182388989,31,31,62,0.031001194136738672,0,0.0,11,0.0011433423578178724,0.0
bg,50,0.0007930802513682309,0.0007924512750831206,0.7930802513682309,24,24,48,0.033045010473676285,0,0.0,11,0.0006909168563460166,0.0
bg,50,0.0009020193474114322,0.0009012057085083278,0.9020193474114322,27,27,54,0.03340812397820119,0,0.0,11,0.000822775897031961,0.0
bg,50,0.0006503803501916465,0.0006499573555917311,0.6503803501916465,18,18,36,0.036132241677313694,0,0.0,11,0.0007210651534821278,0.0
bg,50,0.0007346506886106426,0.0007341109769763664,0.7346506886106425,24,24,48,0.030610445358776772,0,0.0,11,0.0006084088620488062,0.0
bg,50,0.001446774182933126,0.0014446810273967244,1.446774182933126,33,33,66,0.043841641907064424,0,0.0,11,0.0012047663326315195,0.0
bg,50,0.0009297229975781089,0.0009288586127258833,0.929722997578109,33,33,66,0.028173424169033606,0,0.0,11,0.0010094232442868147,0.0
bg,50,0.0005821562548554411,0.0005818173489503737,0.5821562548554411,18,18,36,0.032342014158635614,0,0.0,11,0.0005642243931486682,0.0
bg,50,0.0008688093294965853,0.0009205809113850398,0.8688093294965853,20,20,40,0.04344046647482926,0,0.0,11,0.0009537116076660801,0.0
bg,50,0.000819399218748373,0.0008187278036686874,0.819399218748373,24,24,48,0.03414163411451554,0,0.0,11,0.0007034263851309013,0.0
bg,50,0.0011037939797753716,0.0011025756186255832,1.1037939797753715,32,32,64,0.03449356186798036,0,0.0,11,0.0010600475309092043,0.0
bg,50,0.0005546866652914985,0.0005543789879948464,0.5546866652914986,14,14,28,0.0396204760922499,0,0.0,11,0.0006406917994845849,0.0
bg,50,0.0008228616792560306,0.0008221845779128425,0.8228616792560306,27,27,54,0.030476358490964098,0,0.0,11,0.0007038992008436052,0.0
bg,50,0.0009655803085302423,0.000964647963198021,0.9655803085302423,32,32,64,0.030174384641570073,0,0.0,11,0.0009760986903532138,0.0
bg,50,0.0008683060379974936,0.0008675520826218707,0.8683060379974936,22,22,44,0.03946845627261335,0,0.0,11,0.0009643921588034995,0.0
bg,50,0.0006215500196287494,0.0006211636952018489,0.6215500196287493,19,19,38,0.03271315892782891,0,0.0,11,0.0008025587926150608,0.0
bg,50,0.0006994522736589027,0.0006989630401757762,0.6994522736589026,22,22,44,0.03179328516631375,0,0.0,11,0.0007612476684410402,0.0
bg,50,0.0006121816607957129,0.0006118068944098984,0.6121816607957129,21,21,42,0.02915150765693871,0,0.0,11,0.00059626694935578,0.0
bg,50,0.0007441913577746418,0.0007436375369976552,0.7441913577746417,25,25,50,0.02976765431098567,0,0.0,11,0.0007330432069206598,0.0
bg,50,0.0007777138794974086,0.0007771090406190455,0.7777138794974086,25,25,50,0.031108555179896344,0,0.0,11,0.0005902934856501652,0.0
bg,50,0.0007984795851087974,0.0007978420154609618,0.7984795851087974,32,32,64,0.024952487034649917,0,0.0,11,0.0007128999406171918,0.0
bg,50,0.0010981340604764185,0.00109692816206164,1.0981340604764185,33,33,66,0.03327678971140662,0,0.0,11,0.0011395656651537254,0.0
bg,50,0.0006362374007797591,0.000635832602749608,0.6362374007797591,24,24,48,0.02650989169915663,0,0.0,11,0.0006502983751974029,0.0
bg,50,0.000975823895018678,0.0009748716627445887,0.975823895018678,25,25,50,0.039032955800747116,0,0.0,11,0.0009955910919378459,0.0
bg,50,0.00043024214192209344,0.00043005703362140776,0.4302421419220934,15,15,30,0.028682809461472895,0,0.0,11,0.00042899925480368185,0.0
bg,50,0.001308165388107934,0.0013064540914252902,1.308165388107934,28,28,56,0.046720192432426214,0,0.0,11,0.0014354926447702654,0.0
bg,50,0.0007216126118046873,0.0007210918870431718,0.7216126118046873,24,24,48,0.030067192158528638,0,0.0,11,0.0008183182672634809,0.0
bg,50,0.0007196006252546319,0.000719082800194765,0.7196006252546319,27,27,54,0.02665187500943081,0,0.0,11,0.000803298885573909,0.0
bg,50,0.0009730051515681328,0.0009720584125431546,0.9730051515681328,37,37,74,0.026297436528868456,0,0.0,11,0.0009164158004752978,0.0
bg,50,0.0005879599272089564,0.0005876142303329529,0.5879599272089564,22,22,44,0.026725451236770746,0,0.0,11,0.0007526012195638691,0.0
bg,50,0.0010764293272127786,0.0010752706271162948,1.0764293272127787,31,31,62,0.03472352668428318,0,0.0,11,0.0011849345172932218,0.0
bg,50,0.0006772416647264725,0.0006767830084540309,0.6772416647264725,25,25,50,0.0270896665890589,0,0.0,11,0.0006561228837892342,0.0
bg,50,0.0003793142816248576,0.0003855308755157946,0.3793142816248576,16,16,32,0.0237071426015536,0,0.0,11,0.00034819114062437887,0.0
bg,50,0.0008092070853697553,0.0008085522692627426,0.8092070853697553,28,28,56,0.02890025304891983,0,0.0,11,0.0006949609135456243,0.0
bg,50,0.0005524274450076234,0.0005521222689256259,0.5524274450076234,25,25,50,0.022097097800304936,0,0.0,11,0.00046348838157307855,0.0
bg,50,0.0005720155673587541,0.0005716883655494534,0.5720155673587541,16,16,32,0.035750972959922134,0,0.0,11,0.0006123871415458039,0.0
bg,50,0.0007495345768572585,0.0007489727747753541,0.7495345768572585,27,27,54,0.027760539883602168,0,0.0,11,0.0006026320520205812,0.0
bg,50,0.0009291213804137754,0.0009282581138742336,0.9291213804137755,24,24,48,0.03871339085057398,0,0.0,11,0.0011273662318596579,0.0
bg,50,0.0010427733937920848,0.0010416860174412839,1.0427733937920847,29,29,58,0.03595770323420982,0,0.0,11,0.000923813185750962,0.0
bg,50,0.0005586513074618296,0.0005583392161785008,0.5586513074618296,21,21,42,0.026602443212468074,0,0.0,11,0.000619112084838786,0.0
bg,50,0.0009055573717736252,0.0009047373376200516,0.9055573717736252,30,30,60,0.030185245725787506,0,0.0,11,0.0012450137760235062,0.0
bg,50,0.001155154956124818,0.0011538205731521582,1.155154956124818,23,23,46,0.050224128527166,0,0.0,11,0.0008791948624822487,0.0
bg,50,0.0014857819606080085,0.00148357441257354,1.4857819606080085,28,28,56,0.05306364145028602,0,0.0,11,0.0011490664486456365,0.0
bg,50,0.0012604364829931854,0.0012588477828655246,1.2604364829931853,31,31,62,0.040659241386876946,0,0.0,11,0.0013240383011800447,0.0
bg,50,0.0007621284712039636,0.0007615476313973438,0.7621284712039635,22,22,44,0.034642203236543795,0,0.0,11,0.0007720192467244046,0.0
bg,50,0.0008877700476369128,0.0008869819119794317,0.8877700476369128,26,26,52,0.03414500183218895,0,0.0,11,0.0008846157137820292,0.0
bg,50,0.0007845181757635231,0.0007839027069954198,0.7845181757635231,28,28,56,0.028018506277268682,0,0.0,11,0.0005626847568530469,0.0
bg,50,0.0005311468739343663,0.000530864756932676,0.5311468739343663,14,14,28,0.037939062423883306,0,0.0,11,0.00042954633042306277,0.0
bg,50,0.0008248305569966163,0.0008241502115488611,0.8248305569966163,27,27,54,0.03054927988876357,0,0.0,11,0.0007436287861675967,0.0
bg,50,0.0005867548358145384,0.0005864105545771867,0.5867548358145385,22,22,44,0.026670674355206293,0,0.0,11,0.0006002517213363525,0.0
bg,50,0.0008228892765366709,0.0008222121297752318,0.8228892765366709,22,22,44,0.03740405802439413,0,0.0,11,0.0008770426187445883,0.0
bg,50,0.0006665616397566794,0.0006661173353370843,0.6665616397566794,19,19,38,0.03508219156614102,0,0.0,11,0.0007199026737214458,0.0
bg,50,0.0007869756069547051,0.0007863562763487631,0.7869756069547051,23,23,46,0.03421633073716109,0,0.0,11,0.0008067701870674474,0.0
bg,50,0.001265190824504991,0.0012635901166825796,1.265190824504991,35,35,70,0.03614830927157117,0,0.0,11,0.0012424390636349581,0.0
bg,50,0.0009991810915993113,0.0009981827287455017,0.9991810915993113,30,30,60,0.033306036386643714,0,0.0,11,0.001165742034525659,0.0
bg,50,0.0006853519570257589,0.0006848822497207601,0.6853519570257589,23,23,46,0.029797911175032995,0,0.0,11,0.0007179218715296254,0.0
bg,50,0.0009145181722720386,0.0009136818287846228,0.9145181722720386,28,28,56,0.03266136329542995,0,0.0,11,0.0008394226757899515,0.0
bg,50,0.0006927642733090665,0.000692284350970693,0.6927642733090664,22,22,44,0.03148928515041211,0,0.0,11,0.0006842453628673368,0.0
bg,50,0.001300748195050338,0.0012990562491834111,1.3007481950503381,34,34,68,0.03825729985442171,0,0.0,11,0.0012597701577755102,0.0
bg,50,0.0012699476150716097,0.0012683348481265836,1.2699476150716098,31,31,62,0.04096605209908419,0,0.0,11,0.0014935224704579364,0.0
bg,50,0.0013955576232175773,0.0013936100421378568,1.3955576232175773,36,36,72,0.03876548953382159,0,0.0,11,0.0014846007194233774,0.0
bg,50,0.0005803265535694066,0.0005799897746606289,0.5803265535694067,15,15,30,0.03868843690462711,3,0.003,11,0.0005818106444421537,1.8274174791744144
bg,50,0.0008133351749596791,0.0008126736608528526,0.8133351749596791,27,27,54,0.030123524998506634,0,0.0,11,0.0009829823356853984,0.0
bg,50,0.0006790656354513907,0.0006786045053141398,0.6790656354513906,28,28,56,0.024252344123263953,0,0.0,11,0.0006578322209481375,0.0
bg,50,0.0008431098079880499,0.0008423989738397242,0.8431098079880499,23,23,46,0.036656948173393475,0,0.0,11,0.0009163445243621585,0.0
bg,50,0.0011632611797658522,0.001161908003193502,1.1632611797658523,30,30,60,0.038775372658861745,0,0.0,11,0.0009060490083409021,0.0
bg,50,0.0009135515060929294,0.0009127169297386447,0.9135515060929293,31,31,62,0.02946940342235256,0,0.0,11,0.000895484576808463,0.0
bg,50,0.0009680014836001823,0.00096706445672793,0.9680014836001822,22,22,44,0.04400006743637192,0,0.0,11,0.0008498771899549781,0.0
bg,50,0.001036394475898085,0.0010353203623884126,1.036394475898085,32,32,64,0.032387327371815156,0,0.0,11,0.0014000917445732587,0.0
bg,50,0.0009077655326356719,0.0009069414943734305,0.907765532635672,30,30,60,0.030258851087855733,0,0.0,11,0.0011330423342772425,0.0
bg,50,0.0008757160486773907,0.0008749491700794797,0.8757160486773907,31,31,62,0.028248904796044864,0,0.0,11,0.0006327862399411815,0.0
bg,50,0.001117541588770294,0.0011162926895676628,1.117541588770294,27,27,54,0.041390429213714594,0,0.0,11,0.0012616327704071614,0.0
bg,50,0.0009665892251296167,0.0009656549303994799,0.9665892251296166,28,28,56,0.034521043754629166,0,0.0,11,0.0008684733611183046,0.0
bg,50,0.0006665872677000042,0.0006661429291145444,0.6665872677000042,23,23,46,0.02898205511739149,0,0.0,11,0.0006753142340163508,0.0
bg,50,0.0008542928390843017,0.0008535630228293909,0.8542928390843016,24,24,48,0.0355955349618459,0,0.0,11,0.0007514212345744648,0.0
bg,50,0.0009070502252277599,0.0009062274851166743,0.9070502252277599,28,28,56,0.032394650900991424,0,0.0,11,0.001019104849278898,0.0
bg,50,0.0006550897158103695,0.0006546605732746088,0.6550897158103695,23,23,46,0.028482161556972585,0,0.0,11,0.0005982151680562752,0.0
bg,50,0.0007061484551779955,0.0007056498095372454,0.7061484551779955,18,18,36,0.03923046973211086,0,0.0,11,0.0006248168619846827,0.0
bg,50,0.000582867222811938,0.0005825274886125094,0.582867222811938,18,18,36,0.032381512378441,0,0.0,11,0.0005021548525076908,0.0
bg,50,0.0009196346778724234,0.000918788949931678,0.9196346778724234,22,22,44,0.041801576266928334,0,0.0,11,0.0008511069622077357,0.0
bg,50,0.0006100987448687932,0.0006097265243903027,0.6100987448687931,18,18,36,0.03389437471493295,0,0.0,11,0.0003825832144127899,0.0
bg,50,0.0012512333332994601,0.0012496677484451005,1.25123333329946,34,34,68,0.03680098039116059,0,0.0,11,0.0014223871153399173,0.0
bg,50,0.0008017306338839134,0.0008010878618746055,0.8017306338839134,23,23,46,0.03485785364712667,0,0.0,11,0.0007499353437482874,0.0
bg,50,0.0008007659342466855,0.0008001247081652354,0.8007659342466855,30,30,60,0.02669219780822285,0,0.0,11,0.0008519861373051593,0.0
bg,50,0.0006688703199634603,0.0006684229324585323,0.6688703199634602,27,27,54,0.024772974813461492,0,0.0,11,0.0006471690154637199,0.0
bg,50,0.0005200362578069217,0.0005197658200974879,0.5200362578069218,18,18,36,0.028890903211495653,0,0.0,11,0.0004518575508212227,0.0
bg,50,0.0010121390477046469,0.0010111146222527582,1.0121390477046468,27,27,54,0.0374866313964684,0,0.0,11,0.001269442801139139,0.0
bg,50,0.001040221773836045,0.001039139712497282,1.0402217738360449,25,25,50,0.0416088709534418,0,0.0,11,0.0010412506967910206,0.0
bg,50,0.0005352996945384447,0.0005350131487754717,0.5352996945384447,21,21,42,0.025490461644687844,0,0.0,11,0.000523679399577259,0.0
bg,50,0.0008237834536546389,0.0008231048344761237,0.8237834536546389,24,24,48,0.034324310568943285,0,0.0,11,0.0007537221667730386,0.0
bg,50,0.00046878303459445947,0.00046856327706093585,0.46878303459445947,28,28,56,0.016742251235516408,0,0.0,11,0.0003388692093979831,0.0
bg,50,0.0013631092087057243,0.0013612511419908659,1.3631092087057244,30,30,60,0.04543697362352415,0,0.0,11,0.0012785272063831935,0.0
bg,50,0.0002793646100667537,0.000279286565481396,0.2793646100667537,15,15,30,0.018624307337783582,0,0.0,11,0.00030743771721064204,0.0
bg,50,0.0004667576822493231,0.0005075592098032134,0.4667576822493231,19,19,38,0.024566193802595955,0,0.0,11,0.0005980302749919293,0.0
bg,50,0.0007001523161555996,0.0006996621028897816,0.7001523161555996,32,32,64,0.021879759879862487,0,0.0,11,0.0007070049620180615,0.0
bg,50,0.0006788899734044734,0.0006784290818084843,0.6788899734044733,25,25,50,0.027155598936178933,0,0.0,11,0.0005150757723995374,0.0
bg,50,0.000778805451579359,0.0007781989136479492,0.778805451579359,23,23,46,0.03386110659040691,0,0.0,11,0.0008271073942990267,0.0
bg,50,0.00042961458925068995,0.00042943002055539285,0.42961458925068996,17,17,34,0.025271446426511173,0,0.0,11,0.000436784392667969,0.0
bg,50,0.0008014595218558682,0.0008008171844906949,0.8014595218558682,24,24,48,0.03339414674399451,0,0.0,11,0.0008424642143927794,0.0
bg,50,0.0008398114776914278,0.0008391061943733655,0.8398114776914278,26,26,52,0.0323004414496703,0,0.0,11,0.001000388666905946,0.0
bg,50,0.0008481541687308507,0.0008474348032369153,0.8481541687308507,25,25,50,0.03392616674923403,0,0.0,11,0.0006361677423918433,0.0
bg,50,0.0003464466702605904,0.0003463266449652558,0.3464466702605904,15,15,30,0.02309644468403936,0,0.0,11,0.0002874475254468993,0.0
bg,50,0.0008439249829700657,0.0008432127735931847,0.8439249829700657,28,28,56,0.030140177963216632,0,0.0,11,0.0008105050663556624,0.0
bg,50,0.0008691195828208506,0.000868364213971608,0.8691195828208507,22,22,44,0.03950543558276594,0,0.0,11,0.0011558691019803928,0.0
bg,50,0.0005670570006281182,0.0005667354469861567,0.5670570006281181,24,24,48,0.02362737502617159,0,0.0,11,0.0005113504233091584,0.0
bg,50,0.0009881567133763686,0.000987180259686178,0.9881567133763687,30,30,60,0.032938557112545626,0,0.0,11,0.0009254454686016344,0.0
bg,50,0.0007894825037708557,0.0007888592211470954,0.7894825037708557,22,22,44,0.035885568353220716,0,0.0,11,0.0006933788682244979,0.0
bg,50,0.0006375014967864487,0.0006370950886280439,0.6375014967864487,19,19,38,0.03355271035718151,0,0.0,11,0.0006123736594933321,0.0
bg,50,0.0007539730638316993,0.0007534045884507154,0.7539730638316993,29,29,58,0.025999071166610318,0,0.0,11,0.0007847414611242484,0.0
bg,50,0.0008584991489708838,0.0008577621281821002,0.8584991489708838,23,23,46,0.03732604995525581,0,0.0,11,0.0008257278896544784,0.0
bg,50,0.0010741929306740303,0.00107303904022172,1.0741929306740303,23,23,46,0.04670404046408828,0,0.0,11,0.0009027840153765294,0.0
bg,50,0.0007444368082880893,0.0007438826221265551,0.7444368082880892,29,29,58,0.0256702347685548,0,0.0,11,0.0005951674976577516,0.0
bg,50,0.0004910023485853401,0.0004907612652790238,0.4910023485853401,25,25,50,0.019640093943413605,0,0.0,11,0.0005250314687914881,0.0
bg,50,0.0010298884486594205,0.0010288277784427386,1.0298884486594204,28,28,56,0.036781730309265015,0,0.0,11,0.0009095269340866801,0.0
bg,50,0.0009549653587047509,0.0009540533998684249,0.9549653587047509,28,28,56,0.03410590566802681,0,0.0,11,0.0008442935334886197,0.0
bg,50,0.0006077086762461264,0.0006073393664109416,0.6077086762461263,20,20,40,0.030385433812306316,0,0.0,11,0.0007701126380695336,0.0
bg,50,0.0008427989480550551,0.0008420886379882123,0.8427989480550551,27,27,54,0.031214775853890927,0,0.0,11,0.0007179647154355791,0.0
bg,50,0.0008149638799736393,0.0008142997138479778,0.8149638799736394,28,28,56,0.029105852856201406,0,0.0,11,0.0008926410918075598,0.0
bg,50,0.0007334340585533141,0.0007328961330350682,0.7334340585533141,23,23,46,0.03188843732840496,0,0.0,11,0.0006020199381347709,0.0
bg,50,0.000516594555785499,0.0005163276858504318,0.516594555785499,22,22,44,0.02348157071752268,0,0.0,11,0.00048248747463337826,0.0
bg,50,0.0012303399660800523,0.0012288262296479184,1.2303399660800522,29,29,58,0.04242551607172594,0,0.0,11,0.001029718785543989,0.0
bg,50,0.0008853879160544515,0.0008846040042925562,0.8853879160544516,28,28,56,0.0316209970019447,0,0.0,11,0.0009213060932988729,0.0
bg,50,0.0005625742984978572,0.000562257808656527,0.5625742984978572,20,20,40,0.028128714924892863,0,0.0,11,0.0005294301206599506,0.0
bg,50,0.0006461154877016497,0.0006456980224782019,0.6461154877016497,18,18,36,0.03589530487231388,0,0.0,11,0.0005491253198112872,0.0
bg,50,0.0007340889329434646,0.0007335500463819946,0.7340889329434646,24,24,48,0.030587038872644357,0,0.0,11,0.0005418891488597821,0.0
bg,50,0.00044895674682126697,0.0004487551846607507,0.44895674682126696,15,15,30,0.029930449788084464,0,0.0,11,0.0005118299428200755,0.0
bg,50,0.0006427798117444539,0.0006423666458580676,0.6427798117444539,21,21,42,0.03060856246402161,0,0.0,11,0.0007029591690170425,0.0
bg,50,0.0006488252139312714,0.0006484042397730384,0.6488252139312713,18,18,36,0.03604584521840396,0,0.0,11,0.0005902917576753063,0.0
bg,50,0.0006359940014773713,0.000635589513107456,0.6359940014773713,15,15,30,0.04239960009849142,0,0.0,11,0.0006434794401093232,0.0
bg,50,0.0013377528931610243,0.0013359633103578637,1.3377528931610243,27,27,54,0.04954640345040831,0,0.0,11,0.0012008832744930728,0.0
bg,50,0.0009534493830563199,0.0009525403173302696,0.95344938305632,26,26,52,0.03667113011755077,0,0.0,11,0.0007695093563317373,0.0
bg,50,0.0005933239152339382,0.0005929718819655497,0.5933239152339382,23,23,46,0.025796691966692965,0,0.0,11,0.000598489997122682,0.0
bg,50,0.0008603939503937203,0.0008596536726438463,0.8603939503937204,35,35,70,0.024582684296963437,0,0.0,11,0.0007031450394030326,0.0
bg,50,0.0007595882580046407,0.0007590112836829421,0.7595882580046407,23,23,46,0.033025576434984376,0,0.0,11,0.0007101521703468688,0.0
bg,50,0.0009057511010623572,0.0009049307160052814,0.9057511010623571,19,19,38,0.04767111058222932,0,0.0,11,0.0007524742976537061,0.0
bg,50,0.0009124834684891114,0.0009116508424088455,0.9124834684891114,27,27,54,0.03379568401811524,0,0.0,11,0.0009223798429104347,0.0
bg,50,0.0006572616443110811,0.0006568296514419986,0.657261644311081,30,30,60,0.021908721477036035,0,0.0,11,0.0005633581415400856,0.0
bg,50,0.0012416817170032316,0.0012401399435168917,1.2416817170032317,36,36,72,0.03449115880564532,0,0.0,11,0.001509623098353169,0.0
bg,50,0.0005688112759181294,0.0005684877296505179,0.5688112759181294,24,24,48,0.02370046982992206,0,0.0,11,0.0005556822715254842,0.0
bg,50,0.0008650233555124167,0.0008642750901068349,0.8650233555124167,22,22,44,0.03931924343238258,0,0.0,11,0.0007542651629685245,0.0
bg,50,0.0008440810777981866,0.0008433686049322897,0.8440810777981866,20,20,40,0.04220405388990933,0,0.0,11,0.0006488658740793914,0.0
bg,50,0.0005994747619405132,0.0005991153919503093,0.5994747619405132,23,23,46,0.02606412008437014,0,0.0,11,0.0005662310011117259,0.0
bg,50,0.0002426181418438631,0.0002425592782811113,0.2426181418438631,8,8,16,0.030327267730482887,0,0.0,11,0.00023797021574331078,0.0
bg,50,0.0010736050962033518,0.001072452468300758,1.0736050962033516,29,29,58,0.037020865386322474,0,0.0,11,0.0013011295038232846,0.0
bg,50,0.0007028560555197496,0.0007023620488849688,0.7028560555197496,20,20,40,0.03514280277598748,0,0.0,11,0.0007178941163614379,0.0
bg,50,0.001236997070191336,0.0012354669084396741,1.236997070191336,34,34,68,0.03638226677033341,0,0.0,11,0.0010827420684302903,0.0
bg,50,0.0010839754287889302,0.001082800426058712,1.0839754287889303,20,20,40,0.054198771439446514,0,0.0,11,0.001190657687424273,0.0
bg,50,0.0009366054238423773,0.0009357281941224063,0.9366054238423773,16,16,32,0.05853783899014858,0,0.0,11,0.0009512911418937306,0.0
bg,50,0.0006143829968492866,0.0006140055303824692,0.6143829968492867,23,23,46,0.02671230421083855,0,0.0,11,0.0004969935221418883,0.0
bg,50,0.0009759393612518519,0.0009749869036150112,0.9759393612518519,28,28,56,0.03485497718756614,0,0.0,11,0.0009303605979740945,0.0
bg,50,0.0009105634209238076,0.0009097342951802833,0.9105634209238076,30,30,60,0.030352114030793586,0,0.0,11,0.0007852895640831967,0.0
bg,50,0.0007295981556988096,0.0007290658422300104,0.7295981556988096,31,31,62,0.023535424377380956,0,0.0,11,0.0006342712232332705,0.0
bg,50,0.00048721453727703956,0.00048697715927170545,0.48721453727703956,27,27,54,0.018044982862112577,0,0.0,11,0.0004387141156607922,0.0
bg,50,0.0006426286025009773,0.0006422156309802249,0.6426286025009773,21,21,42,0.030601362023856063,0,0.0,11,0.0006032491395292001,0.0
bg,50,0.000889571818877613,0.0008887804808566716,0.8895718188776129,28,28,56,0.03177042210277189,0,0.0,11,0.001206436815043735,0.0
bg,50,0.000680728106167134,0.000680264715412608,0.680728106167134,25,25,50,0.02722912424668536,0,0.0,11,0.000576116478481149,0.0
bg,50,0.0009410472519380022,0.0009401616820076222,0.9410472519380022,30,30,60,0.03136824173126674,0,0.0,11,0.0007572827225692554,0.0
bg,50,0.0011036255303188698,0.0011024075410076982,1.1036255303188698,30,30,60,0.03678751767729566,0,0.0,11,0.001525278101064067,0.0
bg,50,0.0006530116919701001,0.0006525852677002505,0.6530116919701001,25,25,50,0.026120467678804004,0,0.0,11,0.000712407899864328,0.0
bg,50,0.0008092428278649209,0.0008085879539104701,0.8092428278649209,25,25,50,0.03236971311459683,0,0.0,11,0.0011130551166052458,0.0
bg,50,0.0008005055412151769,0.0007998647320936608,0.8005055412151769,29,29,58,0.02760363935224748,0,0.0,11,0.0005837933876485092,0.0
bg,50,0.0007367516581833868,0.0007362088551775508,0.7367516581833868,21,21,42,0.03508341229444699,0,0.0,11,0.000678212576495183,0.0
bg,50,0.0008736698737075752,0.000872906574659351,0.8736698737075752,22,22,44,0.03971226698670796,0,0.0,11,0.0010565225308471955,0.0
bg,50,0.0006502730915403241,0.0006498502364467427,0.6502730915403241,20,20,40,0.0325136545770162,0,0.0,11,0.0007351412091891082,0.0
bg,50,0.0011952444381648272,0.0011938158288978629,1.195244438164827,27,27,54,0.044268312524623224,0,0.0,11,0.0011470355359209535,0.0
bg,50,0.0010319163444533644,0.0010308514931114145,1.0319163444533643,30,30,60,0.03439721148177881,0,0.0,11,0.0009784420990121077,0.0
bg,50,0.00048818944309444133,0.00048795111416209246,0.48818944309444134,19,19,38,0.025694181215496912,0,0.0,11,0.0005232665900110143,0.0
bg,50,0.0012354276873807067,0.0012339014058099596,1.2354276873807066,31,31,62,0.039852506044538924,0,0.0,11,0.001477591593077561,0.0
bg,50,0.0002923159752646498,0.00029223052663525476,0.2923159752646498,18,18,36,0.016239776403591658,0,0.0,11,0.0003341946161052982,0.0
bg,50,0.0010684621156389653,0.0010673205043464098,1.0684621156389653,30,30,60,0.035615403854632174,0,0.0,11,0.0011520559446234165,0.0
bg,50,0.0005136228039152755,0.0005133589955305737,0.5136228039152755,24,24,48,0.02140095016313648,0,0.0,11,0.00041810285106997676,0.0
bg,50,0.0009621669274621638,0.0009612411622658617,0.9621669274621638,25,25,50,0.03848667709848655,0,0.0,11,0.0010740634568881461,0.0
bg,50,0.0008742363041645689,0.0008734720150490495,0.8742363041645689,18,18,36,0.04856868356469827,0,0.0,11,0.0011936868686612207,0.0
bg,50,0.00045261797589628874,0.00045241311286418434,0.4526179758962887,21,21,42,0.02155323694744232,0,0.0,11,0.0003854146189861085,0.0
bg,50,0.0009573391814485062,0.0009564226831401698,0.9573391814485062,23,23,46,0.04162344267167418,0,0.0,11,0.0011559467575848156,0.0
bg,50,0.0011557192132260513,0.0011543835263262312,1.1557192132260514,32,32,64,0.03611622541331411,0,0.0,11,0.0013162849225989751,0.0
bg,50,0.0010735448936708498,0.001072392395032123,1.0735448936708498,30,30,60,0.035784829789028326,0,0.0,11,0.0010166291540662348,0.0
bg,50,0.0003705325505921984,0.00037039525622115,0.37053255059219836,15,15,30,0.02470217003947989,0,0.0,11,0.0003416676798780076,0.0
bg,50,0.0008545600302544578,0.0008538297574091495,0.8545600302544578,26,26,52,0.0328676934713253,0,0.0,11,0.0009918455514327704,0.0
bg,50,0.0006587809767420793,0.0006583469843667621,0.6587809767420794,24,24,48,0.027449207364253308,0,0.0,11,0.0007222577911384135,0.0
bg,50,0.0009406295722148599,0.0009397447882227348,0.9406295722148599,31,31,62,0.030342889426285803,0,0.0,11,0.0008577625646358338,0.0
bg,50,0.0007210483863466947,0.0007444482671667591,0.7210483863466948,22,22,44,0.03277492665212249,0,0.0,11,0.0009853869244716876,0.0
bg,50,0.0005787239345836435,0.0005783890131911834,0.5787239345836435,29,29,58,0.019955997744263567,0,0.0,11,0.0004962914221701112,0.0
bg,50,0.0008577622387074158,0.0008570264826492635,0.8577622387074157,23,23,46,0.03729401037858329,0,0.0,11,0.0007777682086505692,0.0
bg,50,0.0008784946421248412,0.000877722889288599,0.8784946421248412,26,26,52,0.033788255466340046,0,0.0,11,0.0007938367978273331,0.0
bg,50,0.0005773080551555267,0.0005769747705649793,0.5773080551555267,23,23,46,0.025100350224153335,0,0.0,11,0.0005238886839204385,0.0
bg,50,0.0007824147415307365,0.000781802568702972,0.7824147415307365,26,26,52,0.0300928746742591,0,0.0,11,0.0005233364622456013,0.0
bg,50,0.0008334664716838134,0.0008327718053243923,0.8334664716838134,22,22,44,0.03788483962199152,0,0.0,11,0.0007452239574373876,0.0
bg,50,0.0005630626687674116,0.0005627456291984523,0.5630626687674116,19,19,38,0.02963487730354798,0,0.0,11,0.0005451446490879625,0.0
bg,50,0.0011583501708067238,0.001157008395688516,1.1583501708067239,29,29,58,0.03994310933816289,0,0.0,11,0.0013267566288517785,0.0
bg,50,0.0007030524102839913,0.0007025581275923852,0.7030524102839912,24,24,48,0.029293850428499635,0,0.0,11,0.0006607349996028382,0.0
bg,50,0.0005031415209402468,0.0005028883695501528,0.5031415209402468,16,16,32,0.031446345058765424,0,0.0,11,0.0005163141751475364,0.0
bg,50,0.0006412885971681206,0.0006408773461032628,0.6412885971681206,23,23,46,0.02788211292035307,0,0.0,11,0.0007213429751907511,0.0
bg,50,0.0009240194718452104,0.0009231656598608613,0.9240194718452104,37,37,74,0.02497349923905974,0,0.0,11,0.0010197658343848498,0.0
bg,50,0.0007059507823888964,0.0007054524158817408,0.7059507823888964,27,27,54,0.02614632527366283,0,0.0,11,0.0006898783949771933,0.0
bg,50,0.0007330847743015277,0.0007325473610152147,0.7330847743015276,18,18,36,0.040726931905640425,0,0.0,11,0.0005569851692406384,0.0
bg,50,0.0009115461445400967,0.0009107152281664706,0.9115461445400967,24,24,48,0.03798108935583736,0,0.0,11,0.0008217682562905813,0.0
bg,50,0.0010141201195243293,0.0010130916799075053,1.0141201195243292,36,36,72,0.028170003320120256,0,0.0,11,0.0009219165513873765,0.0
bg,50,0.0010830019473392909,0.0010818290541213503,1.083001947339291,19,19,38,0.057000102491541624,0,0.0,11,0.0011796293353843394,0.0
bg,50,0.0012611051133923326,0.0012595147272853084,1.2611051133923326,32,32,64,0.03940953479351039,0,0.0,11,0.0010473226433317764,0.0
bg,50,0.0005873268200063429,0.000586981867212844,0.5873268200063428,20,20,40,0.029366341000317143,0,0.0,11,0.0005785030770952957,0.0
bg,50,0.0006938268015288109,0.000693345405898291,0.6938268015288109,30,30,60,0.023127560050960363,0,0.0,11,0.0006646296269777062,0.0
bg,50,0.0006956875404612362,0.0006952035593072831,0.6956875404612362,22,22,44,0.03162216093005619,0,0.0,11,0.0006407367181722269,0.0
bg,50,0.0005737166422088826,0.0005733874914233353,0.5737166422088826,19,19,38,0.03019561274783593,0,0.0,11,0.0006411880394633725,0.0
bg,50,0.0006771667768409771,0.00067670822199732,0.677166776840977,21,21,42,0.03224603699242748,0,0.0,11,0.0006343725204601144,0.0
bg,50,0.0006914224709791661,0.0006909444059457911,0.6914224709791661,21,21,42,0.03292487957043648,0,0.0,11,0.000608976095155992,0.0
bg,50,0.0011367200216716143,0.001135427889263945,1.1367200216716142,28,28,56,0.04059714363112908,0,0.0,11,0.0012377036020716184,0.0
bg,50,0.0008075035246998113,0.0008068514627574086,0.8075035246998112,23,23,46,0.035108848899991794,0,0.0,11,0.0007144571101142185,0.0
bg,50,0.0005335894015234643,0.0005333046838740462,0.5335894015234643,15,15,30,0.035572626768230954,0,0.0,11,0.0005681455894916746,0.0
bg,50,0.0007094288475618562,0.0007089255582721032,0.7094288475618562,28,28,56,0.02533674455578058,0,0.0,11,0.0007268547291135417,0.0
bg,50,0.0005049830439242697,0.0005047280360496187,0.5049830439242697,22,22,44,0.022953774723830443,0,0.0,11,0.0005420129478105321,0.0
bg,50,0.0009751038107303529,0.000974152983288652,0.9751038107303529,26,26,52,0.037503992720398185,0,0.0,11,0.0010798302409311534,0.0
bg,50,0.0005898942040991244,0.0005895462289270947,0.5898942040991244,20,20,40,0.02949471020495622,0,0.0,11,0.0005974875939899445,0.0
bg,50,0.0011269964094598919,0.0011257262885529561,1.1269964094598919,33,33,66,0.03415140634726945,0,0.0,11,0.0011465333589549323,0.0
bg,50,0.0011982220704849595,0.0011967863343547624,1.1982220704849595,29,29,58,0.041318002430515845,0,0.0,11,0.0011791170697653063,0.0
bg,50,0.0010225446428443305,0.001021499045297721,1.0225446428443306,26,26,52,0.03932864010939733,0,0.0,11,0.0009850046159709377,0.0
bg,50,0.0003241223671931266,0.00032401731188421166,0.3241223671931266,11,11,22,0.02946566974482969,0,0.0,11,0.0003406282775862272,0.0
bg,50,0.0011033346415620713,0.001131493878657273,1.1033346415620713,32,32,64,0.03447920754881473,0,0.0,11,0.001132497622436011,0.0
bg,50,0.0007330313262582848,0.0007324939913330087,0.7330313262582848,25,25,50,0.029321253050331394,0,0.0,11,0.0010143632861838263,0.0
bg,50,0.0009980071618750515,0.0009970111435798977,0.9980071618750515,29,29,58,0.034414040064656946,0,0.0,11,0.001213784051803364,0.0
bg,50,0.0007377460573663353,0.0007372017881211758,0.7377460573663353,27,27,54,0.02732392805060501,0,0.0,11,0.0009002607044748576,0.0
bg,50,0.0011258774742049199,0.0011246098741179975,1.1258774742049198,33,33,66,0.034117499218330904,0,0.0,11,0.0009401026639405773,0.0
bg,50,0.0009836464035966799,0.000982678843349371,0.9836464035966799,35,35,70,0.02810418295990514,0,0.0,11,0.000731263798279136,0.0
bg,50,0.0008398235080384922,0.0008391182045138381,0.8398235080384922,22,22,44,0.03817379581993146,0,0.0,11,0.0011699461150957112,0.0
bg,50,0.0007916741413684605,0.000791047393422349,0.7916741413684605,24,24,48,0.03298642255701919,0,0.0,11,0.0006775099425959311,0.0
bg,50,0.0004641099285233139,0.00046389453049755996,0.4641099285233139,12,12,24,0.03867582737694283,0,0.0,11,0.0004490644527941113,0.0
bg,50,0.00039808375471289816,0.00039792528403713174,0.39808375471289814,17,17,34,0.02341669145369989,0,0.0,11,0.000505221790488779,0.0
bg,50,0.0005827045836341434,0.0005823650390023551,0.5827045836341433,19,19,38,0.03066866229653386,0,0.0,11,0.0007069168563541399,0.0
bg,50,0.0013566987781886333,0.0013548581466138944,1.3566987781886333,30,30,60,0.045223292606287775,0,0.0,11,0.001388806839173753,0.0
bg,50,0.0010468743846680014,0.0010457784386907274,1.0468743846680013,24,24,48,0.043619766027833386,0,0.0,11,0.0011412090711500455,0.0
bg,50,0.0009029988456508704,0.0009021834387356238,0.9029988456508704,20,20,40,0.04514994228254352,0,0.0,11,0.0010040725991045654,0.0
bg,50,0.00041321773034756147,0.00041304698145488793,0.4132177303475615,17,17,34,0.02430692531456244,0,0.0,11,0.00041783728548348365,0.0
bg,50,0.0012962120828484771,0.0013184183703777712,1.296212082848477,22,22,44,0.058918731038567144,0,0.0,11,0.0015330781209718497,0.0
bg,50,0.0008867298135025336,0.0008859435237403793,0.8867298135025337,30,30,60,0.029557660450084455,0,0.0,11,0.00029978993249520314,0.0
bg,50,0.000987556547203777,0.000986581279269852,0.9875565472037771,34,34,68,0.02904578080011109,0,0.0,11,0.0010678691547274233,0.0
bg,50,0.0007428514640223867,0.0007422996357247864,0.7428514640223867,22,22,44,0.033765975637381214,0,0.0,11,0.0006451076056665587,0.0
bg,50,0.0005772515225236958,0.0005769183032034397,0.5772515225236958,23,23,46,0.02509789228363895,0,0.0,11,0.00034394514277898353,0.0
bg,50,0.0011443013876170837,0.001142991961951381,1.1443013876170838,37,37,74,0.030927064530191454,0,0.0,11,0.0013550163255415225,0.0
bg,50,0.0009608041530503116,0.0009598810084297928,0.9608041530503115,26,26,52,0.03695400588655044,0,0.0,11,0.0010133181496497165,0.0
bg,50,0.000703110418046288,0.0007026160537863227,0.7031104180462879,24,24,48,0.02929626741859533,0,0.0,11,0.0006929986381250099,0.0
bg,50,0.0008029012799661998,0.0008022566295008283,0.8029012799661999,28,28,56,0.028675045713078568,0,0.0,11,0.0007917284765271317,0.0
bg,50,0.0006397800693757461,0.0006393707508385757,0.639780069375746,17,17,34,0.03763412172798506,0,0.0,11,0.0008791059893233833,0.0
bg,50,0.0004915544793871618,0.0004913128535809562,0.4915544793871618,18,18,36,0.027308582188175654,0,0.0,11,0.000493995896987343,0.0
bg,50,0.0008137753296363712,0.0008326404308986442,0.8137753296363712,28,28,56,0.0290634046298704,0,0.0,11,0.0009126665471756535,0.0
bg,50,0.000750157484918315,0.0007495947486661359,0.750157484918315,25,25,50,0.030006299396732602,0,0.0,11,0.000738676168051615,0.0
bg,50,0.0005741523312815512,0.0005738226803820352,0.5741523312815512,22,22,44,0.02609783324007051,0,0.0,11,0.0004958860719430378,0.0
bg,50,0.0006000224046188478,0.0005996623777328032,0.6000224046188478,21,21,42,0.028572495458040373,0,0.0,11,0.0005739583758389745,0.0
bg,50,0.0007949934499765448,0.0007943614353910392,0.7949934499765448,23,23,46,0.03456493260767586,0,0.0,11,0.0007548066611345755,0.0
bg,50,0.0005766943574091669,0.0005763617810272994,0.576694357409167,21,21,42,0.02746163606710319,0,0.0,11,0.0006951060685674436,0.0
bg,50,0.0010954168652047506,0.0010942169270961762,1.0954168652047507,26,26,52,0.04213141789249041,0,0.0,11,0.0013415222336938528,0.0
bg,50,0.0007266500583922095,0.000726122038084848,0.7266500583922095,20,20,40,0.036332502919610474,0,0.0,11,0.0008946248003100028,0.0
bg,50,0.0006526521225720358,0.0006522261677789381,0.6526521225720359,21,21,42,0.031078672503430278,0,0.0,11,0.0006481301182193535,0.0
bg,50,0.001053409720506103,0.0010523000484668466,1.053409720506103,22,22,44,0.047882260023004684,0,0.0,11,0.0010988930489173863,0.0
bg,50,0.0005160725390570491,0.0005158062081914803,0.5160725390570491,14,14,28,0.03686232421836065,0,0.0,11,0.0005121591447718609,0.0
bg,50,0.0007635622286845205,0.0007629792014074468,0.7635622286845205,31,31,62,0.024631039634984534,0,0.0,11,0.0010709193198450396,0.0
bg,50,0.0008422106884296525,0.0008415013695859475,0.8422106884296525,20,20,40,0.042110534421482625,0,0.0,11,0.0009053176151108803,0.0
bg,50,0.0008287539429350836,0.000828067109837153,0.8287539429350836,27,27,54,0.03069459047907717,0,0.0,11,0.0006430646575113512,0.0
bg,50,0.0007741818787396255,0.0007735825211582567,0.7741818787396255,22,22,44,0.0351900853972557,0,0.0,11,0.0009085767644915061,0.0
bg,50,0.0010618500212248385,0.0010607224957572634,1.0618500212248385,26,26,52,0.04084038543172456,0,0.0,11,0.0011193475586071377,0.0
bg,50,0.0006757058878638538,0.0006752493094169599,0.6757058878638538,27,27,54,0.025026143994957548,0,0.0,11,0.0006877232792045054,0.0
bg,50,0.0015575145321066071,0.001555088680588884,1.557514532106607,38,38,76,0.040987224529121236,1,0.001,11,0.0018410235371982733,0.9444131044245435
bg,50,0.0009402286812335773,0.0009393446512605632,0.9402286812335774,24,24,48,0.039176195051399056,0,0.0,11,0.0008855818859129456,0.0
bg,50,0.0006575518311439765,0.0006571194567333357,0.6575518311439765,22,22,44,0.02988871959745348,0,0.0,11,0.0006109212535104724,0.0
bg,50,0.0006118174591445325,0.0006114431385412185,0.6118174591445324,17,17,34,0.035989262302619555,0,0.0,11,0.000525803739676683,0.0
bg,50,0.00079183149577106,0.0007912044986533648,0.7918314957710599,21,21,42,0.03770626170338381,0,0.0,11,0.0006485531814244124,0.0
bg,50,0.0006326460162101455,0.000632245775228319,0.6326460162101455,18,18,36,0.035147000900563635,0,0.0,11,0.0005028268472327218,0.0
bg,50,0.0008783744646958675,0.0008776029229956377,0.8783744646958676,25,25,50,0.0351349785878347,0,0.0,11,0.0009128221553070228,0.0
bg,50,0.0009573818424155717,0.0009564652624233849,0.9573818424155718,24,24,48,0.039890910100648824,0,0.0,11,0.0011028935093804978,0.0
bg,50,0.0007733218450083043,0.0007727238183323373,0.7733218450083044,28,28,56,0.027618637321725155,0,0.0,11,0.0008590928979643495,0.0
bg,50,0.0009134082808029702,0.0009125739661155306,0.9134082808029702,27,27,54,0.03382993632603593,0,0.0,11,0.0006393175130937881,0.0
bg,50,0.0014216258914502458,0.001419604871275004,1.4216258914502458,36,36,72,0.03948960809584016,0,0.0,11,0.0013531614074619898,0.0
bg,50,0.000694790139605103,0.0006943074062670108,0.694790139605103,23,23,46,0.030208266939352305,0,0.0,11,0.0006671448044011613,0.0
bg,50,0.001070893317418168,0.0010697465049208771,1.070893317418168,23,23,46,0.04656057901818122,0,0.0,11,0.001207199294070649,0.0
bg,50,0.0011974203460185463,0.0011959865305334872,1.1974203460185464,33,33,66,0.03628546503086504,0,0.0,11,0.0012505374422825935,0.0
bg,50,0.0004907900816152892,0.0004905492067110774,0.49079008161528925,19,19,38,0.025831056927120486,0,0.0,11,0.0005570057570827434,0.0
bg,50,0.0006603729709619212,0.0006599368785011443,0.6603729709619213,23,23,46,0.02871186830269223,0,0.0,11,0.0007868836338581493,0.0
bg,50,0.0011720426755228398,0.001170668991489593,1.1720426755228397,30,30,60,0.039068089184094656,0,0.0,11,0.0008479334591478175,0.0
bg,50,0.000687054588797241,0.0006865825447892538,0.687054588797241,19,19,38,0.03616076783143374,0,0.0,11,0.0007237102279102334,0.0
bg,50,0.0007925728294982833,0.0007919446578082243,0.7925728294982832,19,19,38,0.04171435944727806,0,0.0,11,0.0009922791565977977,0.0
bg,50,0.001016945277468892,0.0010159110997715259,1.016945277468892,22,22,44,0.046224785339495096,0,0.0,11,0.00116979494239152,0.0
bg,50,0.0005771787886283377,0.0005892874123366078,0.5771787886283377,13,13,26,0.04439836835602598,2,0.002,11,0.0005311759009844496,2.0957932791484546
bg,50,0.000775524045221232,0.0007749226076765158,0.775524045221232,23,23,46,0.03371843674874921,0,0.0,11,0.0006508272601778504,0.0
bg,50,0.0008445937759915125,0.0008438804373450689,0.8445937759915125,23,23,46,0.03672146852137011,0,0.0,11,0.0007949092625304338,0.0
bg,50,0.0011144291550436094,0.0011131872027019983,1.1144291550436094,24,24,48,0.046434548126817056,0,0.0,11,0.0010145826571192158,0.0
bg,50,0.0007204633744470748,0.0007199443069731549,0.7204633744470748,28,28,56,0.02573083480168124,0,0.0,11,0.0006893563645688877,0.0
bg,50,0.0009362497920747401,0.0009353732284015803,0.9362497920747401,36,36,72,0.02600693866874278,0,0.0,11,0.0007889535147762741,0.0
bg,50,0.001601281541075565,0.0015987174385017756,1.601281541075565,39,39,78,0.04105850105321961,0,0.0,11,0.0018008746252392168,0.0
bg,50,0.0007632017187157985,0.0007626192418523477,0.7632017187157984,22,22,44,0.03469098721435448,0,0.0,11,0.0008512511956716205,0.0
bg,50,0.0009678030209403516,0.0009668663782530102,0.9678030209403516,28,28,56,0.03456439360501256,0,0.0,11,0.000820370769989077,0.0
bg,50,0.0013307495004221956,0.0013289786061893216,1.3307495004221956,34,34,68,0.039139691188888104,0,0.0,11,0.001812448350569433,0.0
bg,50,0.0008808086830152675,0.0008800328590791923,0.8808086830152675,25,25,50,0.0352323473206107,0,0.0,11,0.0008307948510933371,0.0
bg,50,0.0005994774367394129,0.0005991180635422533,0.5994774367394129,27,27,54,0.022202868027385664,0,0.0,11,0.0005620076049208216,0.0
bg,50,0.0008617345716221721,0.0008609919851502434,0.861734571622172,30,30,60,0.028724485720739067,0,0.0,11,0.0008355344128746137,0.0
bg,50,0.0008386890616067148,0.0008379856622646562,0.8386890616067149,24,24,48,0.034945377566946455,0,0.0,11,0.0008957421772824184,0.0
bg,50,0.0007124247278934348,0.000711917178900521,0.7124247278934348,26,26,52,0.027400951072824416,0,0.0,11,0.0008031310135885936,0.0
bg,50,0.0008494037809429323,0.0008486822941598522,0.8494037809429322,26,26,52,0.03266937619011278,0,0.0,11,0.0010913780800107867,0.0
bg,50,0.0007002468122075599,0.000699756466609553,0.7002468122075598,26,26,52,0.026932569700290763,0,0.0,11,0.0006484449528034197,0.0
bg,50,0.0009820577180524226,0.0009810932806908366,0.9820577180524226,26,26,52,0.037771450694323944,0,0.0,11,0.0009687854315067252,0.0
bg,50,0.0008935459003162176,0.0008927474760402458,0.8935459003162176,21,21,42,0.04254980477696274,0,0.0,11,0.0007751963146797221,0.0
bg,50,0.0006690697450233963,0.0006686220906996907,0.6690697450233962,22,22,44,0.0304122611374271,0,0.0,11,0.0007572144955920163,0.0
bg,50,0.0004546211660843733,0.00045441448567972137,0.4546211660843733,21,21,42,0.021648626956398728,0,0.0,11,0.0005278776211436738,0.0
bg,50,0.0009649445610588998,0.0009640134430529825,0.9649445610588998,25,25,50,0.03859778244235599,0,0.0,11,0.0008318400628849606,0.0
bg,50,0.0008955390006954644,0.0008947370105936977,0.8955390006954644,25,25,50,0.035821560027818576,0,0.0,11,0.0010937689161938542,0.0
bg,50,0.0009390359951991769,0.0009381542065988971,0.9390359951991769,28,28,56,0.03353699982854203,0,0.0,11,0.0007846568994347448,0.0
bg,50,0.0009548623255494846,0.0009539505634887307,0.9548623255494846,21,21,42,0.045469634549975456,0,0.0,11,0.0010285460896036793,0.0
bg,50,0.0006637445974019469,0.0006633040405113667,0.6637445974019469,27,27,54,0.024583133237109145,0,0.0,11,0.0006352017360210204,0.0
