ligand_type,r_max,time_weighted_mean_b,time_weighted_variance,total_bound_time,n_binding_events,n_unbinding_events,binding_unbinding_events,mean_bound_dwell_time,total_signal,signal_rate,ratio,time_weighted_variance_observed,total_signal_observed
ag,50,2.9107482649308194,1.8444832629084602,2910.7482649308195,2797,2795,5592,1.0414126171487725,7265,7.265,7,1.784104092692633,6839.167752086614
ag,50,1.3241274252969653,0.8641189873366288,1324.1274252969652,1363,1361,2724,0.972907733502546,1586,1.586,7,1.0180606143036999,1673.9882610241534
ag,50,1.3011498204010103,0.8663135541753383,1301.1498204010104,1321,1319,2640,0.9864668843070586,1585,1.585,7,0.7720907809915603,1464.5676683310526
ag,50,1.9334275082656367,1.3295059141654546,1933.4275082656368,1995,1993,3988,0.9701091361092006,3200,3.2,7,1.5936964992288314,1738.9412050622784
ag,50,1.2836616772643252,0.8693273328543593,1283.6616772643251,1318,1318,2636,0.9739466443583651,1515,1.515,7,0.8890220475825643,1240.4027237016178
ag,50,2.234337122741235,1.4992019624160335,2234.337122741235,2294,2294,4588,0.973991771029309,4528,4.528,7,1.6952119727284929,3184.839670855381
ag,50,2.2907632087511054,1.464119222271118,2290.7632087511056,2242,2240,4482,1.0226621467638863,4493,4.493,7,1.4131469508226657,3939.9464795970466
ag,50,2.290776488124291,1.5493236741451502,2290.776488124291,2266,2264,4530,1.0118270707262769,4590,4.59,7,1.5625497530654224,4253.061616054072
ag,50,1.3373728403470406,0.8536338250249731,1337.3728403470407,1330,1329,2659,1.006300105603492,1410,1.41,7,0.8148565600217011,1491.8853727726862
ag,50,1.6321397703952039,1.1073734172133074,1632.1397703952039,1607,1606,3213,1.0162763202958929,2216,2.216,7,0.9948039031158469,2817.2269189647195
ag,50,2.272729094449269,1.5429439585793647,2272.729094449269,2295,2294,4589,0.9907275913030814,4639,4.639,7,1.5426043845485276,4850.36353323102
ag,50,0.9845086787899999,0.6705217050183984,984.50867879,1005,1005,2010,0.9796106256616915,734,0.734,7,0.622905718329995,661.8634994026436
ag,50,2.20620961629396,1.4461856669783606,2206.20961629396,2289,2287,4576,0.9646740779597552,4600,4.6,7,1.0011004053092571,5387.144941604125
ag,50,2.219433631612264,1.520880757571317,2219.433631612264,2304,2298,4602,0.965810979813866,4775,4.775,7,1.373468528563679,5464.981315646659
ag,50,0.9657265850793653,0.6542845094618658,965.7265850793652,1014,1012,2026,0.9542752816989775,793,0.793,7,0.6432761174300435,717.0403622240759
ag,50,0.9985017166704859,0.609289950490423,998.501716670486,1007,1006,2013,0.9925464380422325,899,0.899,7,0.622554036467347,771.9817646613919
ag,50,1.2881624155417486,0.8411833199067031,1288.1624155417485,1273,1271,2544,1.0135030806780083,1372,1.372,7,1.0882768756663863,1457.3845839211604
ag,50,1.969234522260936,1.3474634736586013,1969.234522260936,1982,1982,3964,0.9935592947835197,3429,3.429,7,1.0891008006597558,4781.264991185967
ag,50,0.9934312861781069,0.6322127175560079,993.4312861781069,969,968,1937,1.0262719898534163,798,0.798,7,0.5181464531459407,781.5212269945357
ag,50,1.6244856849076132,1.0910199401113414,1624.4856849076132,1642,1641,3283,0.9899364319973267,2209,2.209,7,1.282709506208308,2364.1239118415237
ag,50,1.9306754627639178,1.2373728580255365,1930.6754627639177,1936,1935,3871,0.9977650970356164,3229,3.229,7,1.576128496429424,3073.736836962945
ag,50,1.7143395893299749,1.1161390108263358,1714.3395893299748,1689,1686,3375,1.0168087718445877,2563,2.563,7,1.0870282318797344,2782.0055311620754
ag,50,1.3016184398188877,0.8358589026793093,1301.6184398188877,1264,1261,2525,1.032211292481275,1423,1.423,7,0.8851503434948904,1459.734305387768
ag,50,0.9812162359048382,0.6729707976770359,981.2162359048382,1013,1013,2026,0.9686241223147465,893,0.893,7,0.6748689823458017,812.9895467509547
ag,50,0.6937735863362036,0.45067852708971773,693.7735863362036,681,680,1361,1.0202552740238289,346,0.346,7,0.36685122697824657,362.11626297356406
ag,50,0.34586441932293327,0.2262422227693435,345.86441932293326,337,337,674,1.0263039149048465,63,0.063,7,0.20923394917813842,71.91912747422934
ag,50,2.041355838831195,1.3676439645930303,2041.355838831195,1999,1998,3997,1.0216996190346321,3444,3.444,7,1.3301340560193895,3502.1094499160854
ag,50,1.333268049672059,0.8688809391424478,1333.268049672059,1316,1316,2632,1.013121618291838,1523,1.523,7,0.6664426806233936,1633.127989264088
ag,50,1.0245075206773984,0.6418200049827483,1024.5075206773984,983,983,1966,1.0422253516555426,874,0.874,7,0.7456222237432204,987.3325594477058
ag,50,0.6909739588904206,0.4517365093391647,690.9739588904206,724,722,1446,0.9570276438925492,337,0.337,7,0.6200242804507156,310.40975414483097
ag,50,1.6176365167750404,1.068140092381233,1617.6365167750405,1608,1605,3213,1.0078732191744801,2266,2.266,7,0.8945090850449489,2018.3045599397108
ag,50,1.6289846758277373,1.0419537508584527,1628.9846758277374,1601,1601,3202,1.0174794977062696,2204,2.204,7,0.789899587644159,2147.3473911375227
ag,50,2.2852961389907365,1.408762088289775,2285.2961389907364,2242,2242,4484,1.0193113911644676,4651,4.651,7,1.695575970380969,5342.278241272208
ag,50,1.6463710533562947,1.1924764743241512,1646.3710533562949,1692,1691,3383,0.9736079558582466,2415,2.415,7,1.4245080096284117,2886.617502793831
ag,50,1.639665584844069,1.0368538335326964,1639.6655848440691,1678,1675,3353,0.9789048267725786,2353,2.353,7,0.9199404531808811,2169.7787844960562
ag,50,0.6781374251611514,0.4278319279699804,678.1374251611514,683,683,1366,0.9928805639255511,395,0.395,7,0.45369339267670084,440.36043848616004
ag,50,1.317243159333504,0.8954694628871129,1317.243159333504,1343,1341,2684,0.9822842351480269,1637,1.637,7,1.1163957576469516,1678.9905035428096
ag,50,1.3175939843116597,0.8942065063252751,1317.5939843116598,1325,1323,2648,0.9959138203413906,1486,1.486,7,0.8571269508427894,1179.161861884619
ag,50,1.2875770822510686,0.8349475042899107,1287.5770822510685,1312,1312,2624,0.9813849712279485,1420,1.42,7,0.9932068347718686,1388.4529595622225
ag,50,1.7649892084135135,1.1139036600977648,1764.9892084135136,1652,1651,3303,1.06904252478105,2593,2.593,7,1.1115266114800382,2797.001803451706
ag,50,1.3409340104224068,0.8335047361334604,1340.9340104224068,1335,1333,2668,1.005951995815759,1618,1.618,7,0.8005639400564093,1290.1027086303366
ag,50,1.992602714760077,1.3389871475370843,1992.602714760077,2016,2015,4031,0.9888847219652989,3538,3.538,7,1.1145682558630134,3430.919540859018
ag,50,1.6489685133675567,1.111314065154798,1648.9685133675566,1676,1675,3351,0.98445881395078,2593,2.593,7,0.9947640490836844,3687.64421186662
ag,50,1.6332518110247172,1.058986478291372,1633.2518110247172,1612,1608,3220,1.0157038625775605,2236,2.236,7,1.0788330364206822,2410.8047688466622
ag,50,1.0029876345297608,0.6722157835787114,1002.9876345297607,1014,1013,2027,0.990116124905983,901,0.901,7,0.6100646490649199,923.0855874670038
ag,50,1.0026239010434728,0.672039199589867,1002.6239010434729,977,976,1953,1.0272785871347059,760,0.76,7,0.687532494876598,891.1442074966876
ag,50,0.6705557976761676,0.42628786613425035,670.5557976761676,675,675,1350,0.9934159965572853,346,0.346,7,0.5216096596941536,325.0323864792706
ag,50,0.30763394945643224,0.21299530259826957,307.6339494564322,318,317,635,0.9704540992316474,59,0.059,7,0.16909920717101523,59.19714777682147
ag,50,0.6619824839050144,0.4368722661005665,661.9824839050143,659,659,1318,1.0045257722382614,374,0.374,7,0.46726314328455215,380.2585351008242
ag,50,1.3799816447228839,0.9291721484959067,1379.9816447228839,1312,1311,2623,1.0526175779732143,1528,1.528,7,0.9612753265405852,1317.9019037284997
ag,50,1.6602523353368779,1.112142843401025,1660.2523353368779,1657,1655,3312,1.003173616517751,2431,2.431,7,1.2698743937535957,2966.5580021518
ag,50,1.619511852120106,1.0201277215168425,1619.511852120106,1708,1707,3415,0.9487474236204487,2451,2.451,7,0.9740434210857435,2440.748546750038
ag,50,1.7174825189603384,1.1212554693882393,1717.4825189603384,1632,1630,3262,1.0536702570308825,2406,2.406,7,1.4265953771682436,2712.407548318966
ag,50,3.1479904653692676,2.0806523378389565,3147.9904653692674,3188,3187,6375,0.9877597945934319,8689,8.689,7,1.904021370663004,10503.602113402068
ag,50,1.2962508664726722,0.8633209813886078,1296.2508664726722,1330,1328,2658,0.9760925199342412,1339,1.339,7,0.9582500159091185,1317.4570391884536
ag,50,1.2510702933475673,0.8550390699064379,1251.0702933475673,1305,1304,2609,0.9594097341622448,1502,1.502,7,0.757403558837497,1452.305610832965
ag,50,3.2221861945622288,2.0818669627964197,3222.1861945622286,3237,3236,6473,0.9957312096916652,9095,9.095,7,1.6047592475039327,8394.24656669453
ag,50,1.9607537028414699,1.3286585666427881,1960.75370284147,1919,1917,3836,1.0228240494739018,3453,3.453,7,1.3030530232235245,3441.292604632836
ag,50,2.674603901340592,1.722091453455543,2674.6039013405916,2628,2626,5254,1.0185087209979404,6115,6.115,7,1.582480760915827,6334.932256657403
ag,50,1.950789669836452,1.2955305532619554,1950.789669836452,2044,2041,4085,0.9558009161374091,3487,3.487,7,1.0712534660214905,3502.535277175379
ag,50,2.32121858479713,1.5262530176146114,2321.21858479713,2270,2266,4536,1.02436830750094,4749,4.749,7,1.251960762236859,5986.008823124887
ag,50,1.6640167305047866,1.1361907414719559,1664.0167305047867,1651,1649,3300,1.0091065679228544,2489,2.489,7,1.2643356574571716,2847.6216561798788
ag,50,0.6965343222106822,0.47132515290145993,696.5343222106823,682,682,1364,1.0213113228895634,337,0.337,7,0.4187968144654013,354.91670013535423
ag,50,3.1344876833741973,2.0967081725006262,3134.4876833741973,3184,3180,6364,0.985687950746603,8759,8.759,7,2.500901496011171,8018.209492934144
ag,50,1.277239343668185,0.7880410317429978,1277.239343668185,1330,1329,2659,0.9610529297729007,1577,1.577,7,0.7095428946161021,1111.2470566903492
ag,50,1.9652942557558994,1.297028092431643,1965.2942557558995,1919,1918,3837,1.0246581104045358,3358,3.358,7,1.569143097475418,3168.234786141324
ag,50,1.887997118444182,1.12647002020937,1887.997118444182,1869,1868,3737,1.010705095526864,3248,3.248,7,1.3425106271754872,2893.1454133498596
ag,50,1.9748771531345368,1.3017027696881756,1974.877153134537,1999,1997,3996,0.9889219595065283,3495,3.495,7,1.1696803827631512,3516.7111577574165
ag,50,2.615797956742568,1.7898934088923601,2615.797956742568,2570,2570,5140,1.0178202166313495,5921,5.921,7,1.9478566978424945,5941.366481616728
ag,50,1.2515036925507275,0.8464644722986052,1251.5036925507275,1312,1311,2623,0.9546176144551697,1392,1.392,7,0.777133854597597,1161.1826388239706
ag,50,1.0079656880538215,0.6710247872794911,1007.9656880538214,987,986,1973,1.0222775740910968,888,0.888,7,0.7870197089530359,867.7139703382802
ag,50,1.5957984079040584,1.1048291873214946,1595.7984079040584,1613,1612,3225,0.9899493845558676,2262,2.262,7,0.9303769540250274,1826.5444558045492
ag,50,2.3303749478514435,1.5436151755915057,2330.3749478514437,2196,2193,4389,1.0626424750804577,4598,4.598,7,1.1686012715163783,5988.285434627377
ag,50,1.301179789090797,0.8421775148840961,1301.179789090797,1305,1304,2609,0.997837261572697,1509,1.509,7,0.9918546689360237,2075.972182110804
ag,50,1.0106576652895383,0.6926805461949573,1010.6576652895382,980,979,1959,1.0323367367615304,787,0.787,7,0.778051056780005,826.3441007096544
ag,50,2.5524305547465964,1.6440695825930776,2552.4305547465965,2604,2602,5206,0.9809494829925428,5890,5.89,7,1.9048408018155234,5379.2716611597325
ag,50,0.9945345176422717,0.6485348302329954,994.5345176422718,974,974,1948,1.021082666983852,771,0.771,7,0.47629483340594936,768.2991784893965
ag,50,2.5497320836365294,1.6701513394199132,2549.7320836365293,2582,2579,5161,0.9886514477070684,5739,5.739,7,1.5518765874758842,5712.695060347425
ag,50,2.494185019151128,1.6305282438822295,2494.185019151128,2586,2582,5168,0.9659895504070983,5599,5.599,7,1.5994059089472699,5800.416910105938
ag,50,1.9449100045734093,1.3258462175662566,1944.9100045734094,1992,1991,3983,0.9768508310263232,3448,3.448,7,1.0313705678170908,3465.3549510859666
ag,50,2.283970373121109,1.4939167036490493,2283.9703731211093,2274,2272,4546,1.0052686501413333,4618,4.618,7,1.4809376857367236,3992.179746206666
ag,50,1.6652071077032347,1.064330100984433,1665.2071077032347,1623,1622,3245,1.0266381675112422,2365,2.365,7,1.2374164882601038,2935.0427533579004
ag,50,1.9890969115304078,1.2674425982982795,1989.0969115304079,1964,1962,3926,1.0138108621459776,3522,3.522,7,1.1295934969828765,3180.8858477867975
ag,50,1.6254806047186432,1.1104314582288237,1625.4806047186432,1649,1646,3295,0.9875337817245706,2117,2.117,7,1.0448858483703658,1553.2432920507736
ag,50,0.6902291049855132,0.4695180345517963,690.2291049855131,674,674,1348,1.024078790779693,371,0.371,7,0.387426230092119,311.4943993463095
ag,50,0.6459885532200578,0.4478854396567136,645.9885532200577,649,649,1298,0.9953598662866837,313,0.313,7,0.48238913622446034,382.3230719147914
ag,50,2.5761183101524874,1.7355128117591243,2576.1183101524875,2604,2602,5206,0.9900531553237846,5840,5.84,7,1.5967877047861778,6241.21427774679
ag,50,1.2856573763571988,0.8293944037642934,1285.6573763571987,1249,1247,2496,1.0310003018101033,1422,1.422,7,0.6567465268941971,1297.7290870325244
ag,50,2.2310797321116667,1.4566559687098013,2231.0797321116665,2254,2253,4507,0.9902706312080188,4346,4.346,7,1.2366698021375397,3573.604893772135
ag,50,1.6407674172062765,1.113359675142608,1640.7674172062766,1636,1635,3271,1.0035274722974168,2395,2.395,7,0.9633181197724476,2425.821238585694
ag,50,0.9857198437104668,0.6359946536285631,985.7198437104669,971,969,1940,1.0172547406712764,762,0.762,7,0.6439906397746588,497.85605178567886
ag,50,2.2608537761528122,1.4896694613649184,2260.8537761528123,2230,2226,4456,1.0156575813804187,4345,4.345,7,1.3276542463277117,3604.852892841043
ag,50,0.9757534670972529,0.6370803632419433,975.7534670972528,959,958,1917,1.018531802815504,784,0.784,7,0.5186233403791564,760.1987903201468
ag,50,1.9688457655213183,1.2916891142004387,1968.8457655213183,1955,1952,3907,1.0086300028285442,3592,3.592,7,1.0546467463036313,4197.084051526313
ag,50,2.576411819409441,1.5863233152580796,2576.411819409441,2560,2558,5118,1.0071977401913372,5751,5.751,7,1.6015923955464892,5452.123001531981
ag,50,1.6628702995881082,1.0351619400376992,1662.870299588108,1601,1600,3201,1.0392939372425676,2415,2.415,7,1.330912116192479,3128.761462030673
ag,50,1.6488752816493986,1.1073995564511807,1648.8752816493986,1657,1655,3312,0.9962992638364946,2526,2.526,7,1.255077300941539,3111.998630738843
ag,50,1.9744307307326696,1.2698916811469698,1974.4307307326696,1923,1920,3843,1.0283493389232654,3494,3.494,7,0.7445199396857187,3484.695007902414
ag,50,1.974892574922404,1.363454979460874,1974.892574922404,1919,1916,3835,1.0307372520471838,3424,3.424,7,1.6060212073670637,3928.635120841986
ag,50,2.2557176255010227,1.4879111266384362,2255.7176255010227,2236,2234,4470,1.0097214080129913,4403,4.403,7,1.5543273553864134,4397.028009489729
ag,50,2.263775271675082,1.5686423585506952,2263.775271675082,2275,2274,4549,0.995503637500036,4516,4.516,7,1.282613581504442,3837.0357180222877
ag,50,3.148565509509628,2.0311731035691483,3148.565509509628,3183,3178,6361,0.9907380457865412,8913,8.913,7,2.2330835325359764,8442.567232986901
ag,50,0.6504901890984449,0.42176316482585574,650.490189098445,699,697,1396,0.9332714334267502,304,0.304,7,0.3954102208809544,352.46143666654393
ag,50,1.3409776044713848,0.895984842557752,1340.977604471385,1317,1315,2632,1.019754832297631,1627,1.627,7,0.8484197636015315,1853.9693518681995
ag,50,0.971989854581464,0.6544757267662377,971.989854581464,974,973,1947,0.9989618238247318,801,0.801,7,0.8298019291211869,700.3152486554211
ag,50,0.6983330098420423,0.43345130198039106,698.3330098420423,641,640,1281,1.091145327878191,343,0.343,7,0.27453456691716444,385.588724281578
ag,50,2.005015029945342,1.2882197677242133,2005.0150299453421,1952,1948,3900,1.0292684958651654,3453,3.453,7,1.1184256472375547,3072.379205864302
ag,50,2.514188025919507,1.6001068291537155,2514.188025919507,2517,2516,5033,0.9992798195228565,5779,5.779,7,1.6103418099570816,5558.899135873959
ag,50,0.651921218504775,0.42644483686399426,651.921218504775,605,604,1209,1.0793397657363824,325,0.325,7,0.3046175914003493,285.6060170748409
ag,50,1.9245642856014278,1.289636865108435,1924.5642856014279,1910,1907,3817,1.009210427688216,3149,3.149,7,1.1147379237971533,3937.610284010521
ag,50,0.6686230661121666,0.4326266390553633,668.6230661121666,698,697,1395,0.9592870388983739,376,0.376,7,0.4256845812642499,347.29164287544984
ag,50,1.9609534186861193,1.255072252114541,1960.9534186861192,1976,1975,3951,0.9928878069296806,3431,3.431,7,1.3327999931205063,3457.8367672494987
ag,50,1.5867468143419834,1.0577355909272368,1586.7468143419833,1617,1614,3231,0.9831145070272511,2217,2.217,7,1.0750413224730861,1920.5400968606316
ag,50,3.2791308102399173,2.1778279902328466,3279.130810239917,3168,3163,6331,1.03671540001262,9213,9.213,7,2.016346712593892,10019.617463724922
ag,50,0.6990242381115156,0.42240097741102184,699.0242381115156,651,650,1301,1.075421904786947,392,0.392,7,0.4356863805236033,360.69962660373244
ag,50,1.310743107706375,0.8505653880152727,1310.743107706375,1337,1336,2673,0.9810951404987837,1537,1.537,7,1.0033915676638874,1422.0575760995926
ag,50,2.8415423542293974,1.8802311989406733,2841.5423542293975,2845,2840,5685,1.00054308247514,7365,7.365,7,2.1306578393323723,5307.647005048046
ag,50,1.6423224749752803,1.0928318334915632,1642.3224749752803,1588,1588,3176,1.034208107667053,2310,2.31,7,1.1578920904177021,2007.3121125859554
ag,50,0.6557779566208124,0.4255652717781986,655.7779566208123,672,672,1344,0.9758600544952565,400,0.4,7,0.43393683312557785,415.0389165127756
ag,50,1.6240063500889497,1.124712873638681,1624.0063500889496,1618,1615,3233,1.0055766873615788,2179,2.179,7,1.2049136713557396,2452.692661194651
ag,50,1.9279974050703914,1.2769579254407082,1927.9974050703913,1997,1995,3992,0.9664147393836549,3262,3.262,7,1.264315259657484,3975.827367436013
ag,50,3.4794977823132225,2.1238258400243066,3479.4977823132226,3560,3556,7116,0.978486440470535,10641,10.641,7,2.1592512317620316,11603.657980961852
ag,50,1.9642523931339162,1.270330568994841,1964.2523931339163,1955,1955,3910,1.0047326819099316,3322,3.322,7,1.5085678628408292,3196.4416349693843
ag,50,0.9589170076694147,0.6376429770338107,958.9170076694147,949,948,1897,1.01151583087491,755,0.755,7,0.5674061914430605,943.818354175026
ag,50,2.8564900769261903,1.8987071567153406,2856.4900769261903,2908,2904,5812,0.9836398336522694,7260,7.26,7,1.9667249285807773,6894.927470839622
ag,50,1.6339028920348124,1.0543000996995218,1633.9028920348123,1620,1618,3238,1.009828734261318,2389,2.389,7,1.1679900634689067,2031.2304685350157
ag,50,1.6406471087015775,1.1048447615307595,1640.6471087015775,1636,1635,3271,1.0034538891141147,2386,2.386,7,1.2175755671229045,1711.9181043932433
ag,50,1.8990199322546397,1.2985729457747825,1899.0199322546398,1924,1922,3846,0.9880436692271799,3334,3.334,7,0.9791823112576172,3163.6345648519
ag,50,1.9476671760605972,1.2748700665986374,1947.6671760605973,1983,1982,3965,0.9826776872152357,3286,3.286,7,1.4303120751877247,3317.565777497613
ag,50,1.9291506039097464,1.2743116181754206,1929.1506039097465,1909,1908,3817,1.0110852221749196,3020,3.02,7,1.2542041259792238,2592.015978848739
ag,50,0.9348803158375949,0.639763262493957,934.8803158375949,984,984,1968,0.9500816217861737,797,0.797,7,0.6290134802279547,568.5277151172694
ag,50,2.345892667444038,1.5141587919772677,2345.892667444038,2286,2285,4571,1.0266488697785725,4704,4.704,7,1.2983524828882582,4431.799279764833
ag,50,1.9353324947385884,1.3487223467016523,1935.3324947385884,1945,1943,3888,0.9960537801022071,3291,3.291,7,1.43309236563855,3996.9975938022535
ag,50,0.3264272104023862,0.2198724867113025,326.4272104023862,338,338,676,0.9657609775218526,76,0.076,7,0.1870941738391742,83.95567246486557
ag,50,1.6627803198605902,1.0150113224514352,1662.7803198605902,1709,1706,3415,0.9746660726029251,2470,2.47,7,1.112755722369347,2722.7024902388957
ag,50,1.6502924340184009,1.0599721901475472,1650.2924340184009,1633,1632,3265,1.011208599275981,2328,2.328,7,0.8922956013511548,2543.5191148629624
ag,50,1.3931712656070872,0.9016152039585813,1393.1712656070872,1290,1288,2578,1.0816547093222726,1524,1.524,7,0.831021695097566,1645.211582868486
ag,50,1.6152957543717952,1.0181877038808371,1615.2957543717953,1577,1576,3153,1.0249338542968245,2285,2.285,7,0.9633526083104913,1995.3261106410873
ag,50,1.616852358660799,1.0925094347639879,1616.852358660799,1618,1617,3235,0.9999086942862083,2259,2.259,7,1.2055065239604563,2371.1327022869964
ag,50,0.0,0.0,0.0,0,0,0,,0,0.0,7,0.0,0.0
ag,50,0.9737534028575001,0.6609435729834294,973.7534028575001,973,970,1943,1.003869487481959,786,0.786,7,0.8303464007700737,923.169464482617
ag,50,1.3774315320871477,0.9553647149678377,1377.4315320871478,1323,1321,2644,1.0427187979463648,1595,1.595,7,0.940321347088014,1941.8800086459341
ag,50,1.6683617908972055,1.0571524134929495,1668.3617908972055,1645,1643,3288,1.0154362695661627,2460,2.46,7,0.9903242633934224,1684.565570248892
ag,50,0.9842940460948855,0.6972581868999079,984.2940460948855,1006,1004,2010,0.9803725558713999,797,0.797,7,0.9789317293248098,864.7323749230485
ag,50,1.0135442065016815,0.6510255109510574,1013.5442065016815,1002,1000,2002,1.0135442065016815,973,0.973,7,0.6737163628489717,1133.8177897399455
ag,50,1.3241289786368242,0.8424711865868296,1324.1289786368243,1304,1303,2607,1.016215639782674,1340,1.34,7,0.9524952249941846,1535.6135701507856
ag,50,1.0145010683018933,0.6668066444188234,1014.5010683018934,979,977,1956,1.038383897954855,756,0.756,7,0.6464611207599422,793.6659382290438
ag,50,1.0569274666168653,0.6967545549895526,1056.9274666168653,1009,1008,2017,1.0485391533897475,898,0.898,7,0.697834367339391,762.5979314095879
ag,50,1.2991900918198094,0.930677422056171,1299.1900918198094,1331,1330,2661,0.976834655503616,1420,1.42,7,0.8168833105712,1615.024687317341
ag,50,1.242996400542186,0.8435854716718507,1242.9964005421862,1303,1302,2605,0.9546823352858572,1374,1.374,7,0.8942452207728793,1159.6165478024757
ag,50,2.5522501834542566,1.6271101580391107,2552.250183454257,2595,2594,5189,0.9839052364896903,6061,6.061,7,1.3285518085773054,5749.8617795837345
ag,50,1.9327494470205107,1.3015437600224027,1932.7494470205106,1936,1936,3872,0.9983209953618339,3062,3.062,7,1.588395628701408,2701.554819442518
ag,50,1.3870802659560904,0.9018511810946236,1387.0802659560904,1368,1367,2735,1.0146892947740238,1642,1.642,7,0.9362388163670666,1915.325251680505
ag,50,2.9660727949835928,1.8855738341762116,2966.0727949835928,2913,2911,5824,1.018918857775195,7626,7.626,7,1.881180248400693,8778.29908555553
ag,50,1.9703671925971307,1.3018578794404199,1970.3671925971307,1950,1949,3899,1.010963156796886,3316,3.316,7,1.1763156085947657,3447.358524700319
ag,50,2.205875239448065,1.577945135273449,2205.8752394480653,2261,2261,4522,0.975619300950051,4386,4.386,7,1.582338633439864,5106.414586144771
ag,50,1.01655147295849,0.6783415043311688,1016.55147295849,988,985,1973,1.0320319522421217,777,0.777,7,0.7682211354061613,763.8202285041878
ag,50,1.314443453479149,0.8408314294045625,1314.443453479149,1332,1330,2662,0.9883033484805631,1475,1.475,7,0.7926939391691832,1522.7160262664513
ag,50,1.3244516885742996,0.8778369233527663,1324.4516885742996,1274,1273,2547,1.0404176658085622,1497,1.497,7,1.0841489449809147,1437.6006030436392
ag,50,2.676765933108196,1.7855732110251654,2676.765933108196,2581,2578,5159,1.0383110679240481,6064,6.064,7,1.4262280239222171,5702.451039462787
ag,50,0.9951949557292373,0.7182537662870091,995.1949557292373,989,989,1978,1.0062638581690975,867,0.867,7,0.6578568161295703,959.975564110853
ag,50,2.3124006414162483,1.4452109317747894,2312.400641416248,2298,2297,4595,1.0067046762804737,4766,4.766,7,1.4160998173051926,4076.7542930671734
ag,50,0.999313643815806,0.6597157476918193,999.313643815806,967,966,1933,1.0344861737223665,748,0.748,7,0.7466961002053715,1017.712953869426
ag,50,1.9384045980355502,1.2972071909531673,1938.4045980355502,1921,1919,3840,1.0101118280539605,3307,3.307,7,1.4575427849276112,2914.622646818577
ag,50,1.9497218987303122,1.2151647037973876,1949.7218987303122,1900,1899,3799,1.0267097939601433,3316,3.316,7,1.203736343191249,2163.0858190542776
ag,50,1.3915317403402752,0.8686691179016175,1391.531740340275,1327,1326,2653,1.0494206186578243,1652,1.652,7,0.55868691128125,1860.6487525438736
ag,50,0.8967059471415518,0.6468319262202948,896.7059471415519,950,948,1898,0.9458923493054344,654,0.654,7,0.859199959109823,814.6313766197661
ag,50,1.6461836579231455,1.1218841810224427,1646.1836579231456,1618,1618,3236,1.0174188244271605,2396,2.396,7,1.2853666347036885,2077.2449404446534
ag,50,0.328843659588882,0.22070550713707354,328.843659588882,313,312,625,1.0539860884259038,62,0.062,7,0.21553696444613912,63.288584515828774
ag,50,1.666889791711401,1.098189877731161,1666.889791711401,1656,1655,3311,1.007184164176073,2249,2.249,7,1.1734863769750612,2554.717672276002
ag,50,2.240299787867726,1.419204008172897,2240.299787867726,2225,2224,4449,1.0073290413074307,4212,4.212,7,1.250657780685914,4374.237345739948
ag,50,0.9867112402248543,0.654311606013925,986.7112402248544,982,982,1964,1.00479759697032,837,0.837,7,0.6933825232128382,793.8388167885009
ag,50,0.3066161381021242,0.2126026819574633,306.6161381021242,349,349,698,0.8785562696335937,90,0.09,7,0.24369990088195662,84.03427260693536
ag,50,1.580914667609796,1.064483794187006,1580.914667609796,1594,1593,3187,0.9924134762145612,2281,2.281,7,1.1682023699410145,2233.7564700308594
ag,50,3.249632742759857,2.1448377204998224,3249.6327427598567,3166,3163,6329,1.02738942230789,8942,8.942,7,1.9685706381932526,8404.144675843048
ag,50,1.3300284128467126,0.9339946194919722,1330.0284128467126,1359,1356,2715,0.9808469121288441,1531,1.531,7,0.9759870541874893,1361.1983349710235
ag,50,1.6543722803631171,1.0727947874701231,1654.3722803631172,1597,1594,3191,1.0378747053720936,2244,2.244,7,1.075393957670617,2135.5071274257475
ag,50,1.6233067347602315,1.1514478715164995,1623.3067347602314,1636,1634,3270,0.9934557740270694,2315,2.315,7,1.1570548203570568,2621.433358453182
ag,50,1.9745545725328524,1.2053221810518766,1974.5545725328525,1960,1959,3919,1.007940057444029,3286,3.286,7,1.3825409702003406,2962.0378184023766
ag,50,1.9666253064107195,1.2451223518868821,1966.6253064107195,1937,1936,3873,1.0158188566171071,3517,3.517,7,1.3464633260250265,3192.3321469991865
ag,50,2.3835271536666105,1.524184156104684,2383.5271536666105,2287,2283,4570,1.044032918820241,4773,4.773,7,0.9603730448481946,3920.7382876147312
ag,50,0.6471619658180275,0.4311393947285894,647.1619658180275,649,649,1298,0.9971678980246957,322,0.322,7,0.4582261131269781,263.13991447701164
ag,50,0.9535144431687306,0.6813705614809322,953.5144431687306,965,965,1930,0.9880978685686328,748,0.748,7,0.6181377320795955,568.1014811468299
ag,50,2.212476998553632,1.4956850179126249,2212.476998553632,2262,2260,4522,0.9789721232538193,4399,4.399,7,1.4857562356126897,4877.411694516187
ag,50,1.97573113134487,1.361956672653187,1975.73113134487,1923,1920,3843,1.0290266309087863,3340,3.34,7,1.583964615024329,3377.368541733389
ag,50,2.2624476665707594,1.4390757093046833,2262.4476665707593,2249,2247,4496,1.0068747959816464,4482,4.482,7,1.5889724837177968,5363.742169640541
ag,50,1.663316979040867,1.1673581606085581,1663.316979040867,1650,1648,3298,1.0092942833985843,2459,2.459,7,1.3182105291493682,2360.4646211228032
ag,50,1.5698522473909198,1.1162398642699487,1569.8522473909197,1604,1601,3205,0.9805448141105058,2133,2.133,7,1.2352455424487403,1739.130328961915
ag,50,1.321483189536718,0.8607772425348568,1321.483189536718,1391,1389,2780,0.9513917851236271,1669,1.669,7,0.9996859152047527,1687.4924943215985
ag,50,2.180252179004234,1.4785402669840337,2180.2521790042338,2188,2188,4376,0.9964589483565968,4176,4.176,7,1.6392331759473346,5177.405420622595
ag,50,1.9322804943720966,1.2835919023297415,1932.2804943720967,1920,1917,3837,1.0079710455775153,3388,3.388,7,1.2296989141378492,3140.416550945754
ag,50,1.628929981402892,1.0521355303652014,1628.9299814028918,1634,1632,3266,0.9981188611537327,2273,2.273,7,1.1715756497632182,2466.7618606182427
ag,50,1.3048227512598045,0.8655198554423875,1304.8227512598046,1321,1318,2639,0.9900020874505346,1484,1.484,7,0.7429979928639289,1150.4320143390914
ag,50,1.5863152171813621,1.0358419985421239,1586.3152171813622,1609,1606,3215,0.9877429745836627,2278,2.278,7,1.2428540801516947,1938.4281683329016
ag,50,1.6275643451914852,1.0635843357527595,1627.5643451914852,1627,1625,3252,1.0015780585793754,2149,2.149,7,0.8413326009725058,2235.861841329775
ag,50,0.3195045980360361,0.21742140986986713,319.5045980360361,338,338,676,0.9452798758462606,45,0.045,7,0.2955955597595871,42.10778188327411
ag,50,2.89462040387451,1.8882418391284324,2894.62040387451,2911,2908,5819,0.9953990384712895,7235,7.235,7,1.3586177995834559,7349.5163825566615
ag,50,2.6166959584435228,1.80310082874331,2616.6959584435226,2614,2612,5226,1.001797840139174,6270,6.27,7,1.8969963669791723,6382.308955214505
ag,50,1.0013105746862028,0.6614755006579903,1001.3105746862027,1001,1001,2002,1.000310264421781,777,0.777,7,0.5235628954389496,841.6583278057359
ag,50,0.33357237412961055,0.22230184534714564,333.5723741296105,339,338,677,0.9869005151763625,54,0.054,7,0.264951523700564,48.503986645664895
ag,50,2.259325271254714,1.536989575032793,2259.3252712547137,2269,2268,4537,0.9961751636925545,4502,4.502,7,1.3761696042530165,5606.712539603281
ag,50,1.0007367257785205,0.6674793282689172,1000.7367257785204,1009,1007,2016,0.9937802639310034,839,0.839,7,0.5574310667641413,945.1210049651145
ag,50,0.0,0.0,0.0,0,0,0,,0,0.0,7,0.0,0.0
ag,50,1.2806230504287957,0.8541403695536853,1280.6230504287958,1314,1313,2627,0.9753412417584126,1479,1.479,7,0.8928730439128917,1504.3524380099773
ag,50,2.247530783601849,1.4921305184286964,2247.530783601849,2241,2239,4480,1.0038100864679986,4382,4.382,7,1.3077351238426622,5482.543620741204
ag,50,2.3149122737190275,1.4831798462232508,2314.9122737190273,2263,2261,4524,1.023844437735085,4892,4.892,7,1.2419113049742296,4845.662717932819
ag,50,1.648280966073,1.1154964310328697,1648.280966073,1641,1639,3280,1.0056625784460036,2111,2.111,7,0.9125322770499612,1882.99607987759
ag,50,3.038695828560648,1.8651036110310562,3038.695828560648,2929,2924,5853,1.0392256595624652,7781,7.781,7,2.310622813404491,6863.521975540536
ag,50,1.2742266450323154,0.8283188948064003,1274.2266450323154,1288,1285,2573,0.9916160661730081,1479,1.479,7,0.6385248143979471,1544.5198631983978
ag,50,1.3442357326189611,0.8848458879819636,1344.235732618961,1320,1318,2638,1.019905715188893,1549,1.549,7,0.7351523933975517,1404.1301521353762
ag,50,1.9753598428797254,1.2385525362856098,1975.3598428797254,1944,1942,3886,1.0171780859318875,3352,3.352,7,1.1191941208328116,3573.3915103615573
ag,50,0.6616019513731131,0.4355895219206327,661.601951373113,660,660,1320,1.0024271990501712,332,0.332,7,0.4773081201843246,320.78767117665194
ag,50,1.9448305979734073,1.2847042236808883,1944.8305979734073,1966,1965,3931,0.9897356732689095,3350,3.35,7,1.101603720485608,4323.889728461592
ag,50,2.2978636919815507,1.54985166192092,2297.863691981551,2312,2307,4619,0.99603974511554,4791,4.791,7,1.3783298029241087,4531.866026998917
ag,50,1.3022028585534349,0.8910545660469891,1302.202858553435,1304,1304,2608,0.9986218240440452,1576,1.576,7,0.6859932077255467,1468.0712929753583
ag,50,1.3055857894099094,0.8123945162532099,1305.5857894099095,1311,1310,2621,0.9966303735953508,1417,1.417,7,0.7803481976516324,1250.9039053097201
ag,50,0.6480288700249897,0.4383840275852623,648.0288700249896,647,646,1293,1.0031406656733586,344,0.344,7,0.3489476560637376,362.9698515947391
ag,50,2.3164247727687948,1.5034337052863138,2316.424772768795,2337,2333,4670,0.9928953162318023,4604,4.604,7,1.4377171419383545,4634.841261025043
ag,50,2.604768258560809,1.6734691406027673,2604.768258560809,2608,2605,5213,0.9999110397546291,5842,5.842,7,1.6963944011768042,6166.28786723219
ag,50,0.9714251708702577,0.6532658140005333,971.4251708702577,1015,1015,2030,0.9570691338623228,836,0.836,7,0.5748721899878195,964.2958876906862
ag,50,0.9980120842199512,0.6641782267856369,998.0120842199512,993,992,1985,1.006060568770112,827,0.827,7,0.7408809014116696,846.7407042462926
ag,50,1.6017683534071196,1.1244942246351042,1601.7683534071195,1569,1568,3137,1.0215359396729078,1989,1.989,7,0.9309133833248412,2120.061236211631
ag,50,1.2780297279845088,0.8719430305402901,1278.0297279845088,1310,1308,2618,0.977086948000389,1437,1.437,7,0.7425699341564209,1188.3158030759346
ag,50,1.915278886167509,1.2417887755405341,1915.278886167509,1978,1977,3955,0.9687804178894835,3512,3.512,7,1.0440786947398735,3446.5109425172864
ag,50,2.9884437482398054,1.7987418324618138,2988.4437482398052,2965,2963,5928,1.0085871576914631,7850,7.85,7,1.4386839354152066,8155.792604611045
ag,50,0.9445307320544819,0.6797571455961118,944.5307320544819,926,925,1851,1.021114304923764,774,0.774,7,0.6503247753741466,636.7654443548848
ag,50,2.018662754790326,1.3195923466068948,2018.6627547903263,1948,1947,3895,1.0368067564408456,3506,3.506,7,1.3891180107528902,4372.40028205708
ag,50,1.3066717970341502,0.8622149528636938,1306.6717970341501,1333,1333,2666,0.9802489100031134,1544,1.544,7,0.8286385975844653,1709.8613570030195
ag,50,1.6186647521575832,1.0621163662717568,1618.6647521575833,1607,1606,3213,1.0078858979810605,2371,2.371,7,0.7384556459467753,2761.815699840327
ag,50,2.638161660451391,1.7083206196779266,2638.161660451391,2562,2560,5122,1.0305318986138245,6090,6.09,7,1.7762477621768977,4149.373577045052
ag,50,1.5459467670110085,1.0408798776790562,1545.9467670110084,1568,1566,3134,0.9871946149495584,2132,2.132,7,0.8315782191283502,2513.693157513415
ag,50,1.2481952814394506,0.8646777894683805,1248.1952814394506,1292,1291,2583,0.9668437501467472,1318,1.318,7,0.6679427139529599,1524.0418690646509
ag,50,0.6809674394635563,0.4627026351180764,680.9674394635563,670,669,1339,1.0178885492728793,353,0.353,7,0.42109490628883633,336.4600620689686
ag,50,2.2378029401480184,1.4479175514808293,2237.8029401480185,2252,2249,4501,0.9950213162063222,4417,4.417,7,1.6802640087092238,3269.222309855695
ag,50,0.674364937279734,0.44854869219283566,674.364937279734,658,657,1315,1.0264306503496712,352,0.352,7,0.5035581032138995,443.88776733486293
ag,50,1.3433278668902704,0.9642350086711192,1343.3278668902703,1366,1365,2731,0.9841229794067915,1538,1.538,7,1.0897413064617982,1325.7913269560177
ag,50,1.00402496941116,0.6472312741878183,1004.02496941116,968,967,1935,1.0382884895668665,770,0.77,7,0.6293852870309996,816.7562910099397
ag,50,1.6436271876624364,1.0814179200132108,1643.6271876624364,1632,1629,3261,1.0089792435005749,2410,2.41,7,1.103307592655373,2223.1824121546006
ag,50,2.280176965211797,1.4765106672995048,2280.1769652117973,2291,2290,4581,0.9957104651579901,4658,4.658,7,1.4336237342977083,2973.836116425492
ag,50,1.930427055130288,1.3194032831351254,1930.427055130288,1993,1993,3986,0.9686036403062157,3305,3.305,7,1.4643852048138233,2469.3136678780543
ag,50,2.892565554691959,1.8798062021663795,2892.565554691959,2924,2923,5847,0.9895879420773037,7468,7.468,7,2.4673460388417308,8128.93679717711
ag,50,0.9582461496033472,0.6435670385031871,958.2461496033472,986,984,1970,0.9738273878082797,755,0.755,7,0.4899844248186793,810.893852787782
ag,50,1.953692565159654,1.2110246788359784,1953.692565159654,1936,1934,3870,1.0101822984279494,3458,3.458,7,1.3073739017967814,3497.656151627834
ag,50,1.2879067441946837,0.8266072596349845,1287.9067441946836,1307,1307,2614,0.9853915410823899,1448,1.448,7,0.6480396873949852,1281.3575867280624
ag,50,2.349138661990027,1.4872840437542931,2349.1386619900272,2290,2286,4576,1.0276197121566173,4834,4.834,7,1.345532667855584,3902.9020287108915
ag,50,0.0,0.0,0.0,0,0,0,,0,0.0,7,0.0,0.0
ag,50,0.6499710913573967,0.4230764076952912,649.9710913573967,683,683,1366,0.9516414221923818,335,0.335,7,0.34953121647829116,348.4218404943742
ag,50,0.6557134509270015,0.4375683543568621,655.7134509270015,670,669,1339,0.9801396874843072,362,0.362,7,0.3533492270515058,429.31777017615275
ag,50,1.9600400034713514,1.2516848732158568,1960.0400034713514,1917,1915,3832,1.023519584058147,3325,3.325,7,1.1360811463238936,3860.822334082899
ag,50,2.2221800631752213,1.452152737103099,2222.180063175221,2251,2247,4498,0.9889541892190571,4392,4.392,7,1.5169953463968417,4088.6139472648697
ag,50,2.231920144073962,1.4981778021265928,2231.920144073962,2264,2262,4526,0.9867020972917604,4629,4.629,7,1.4779970065159385,4977.151180155553
ag,50,1.6147809492888918,1.097256994269987,1614.7809492888919,1617,1615,3232,0.9998643648847627,2298,2.298,7,0.9920233119387462,2017.1008036763103
ag,50,0.31894704478118424,0.21721982740653353,318.9470447811842,323,323,646,0.9874521510253381,55,0.055,7,0.2512374783547494,28.126905644806968
ag,50,1.9267733840186378,1.276527669932282,1926.773384018638,1986,1984,3970,0.9711559395255231,3473,3.473,7,1.2091945136236275,3301.2679863377375
ag,50,1.6056950119484141,1.0671672683056013,1605.695011948414,1641,1639,3280,0.9796796900234375,2359,2.359,7,1.1047813358950889,2135.4214731662123
ag,50,1.970627040007927,1.2457868687011568,1970.627040007927,1984,1982,3966,0.9942618768960277,3345,3.345,7,1.5655728085960188,3772.7341411245848
ag,50,2.5601256476827428,1.6573338639552206,2560.125647682743,2601,2598,5199,0.9854217273605631,5793,5.793,7,1.6488537874541833,5446.262138346208
ag,50,2.572341566349355,1.6969402889775171,2572.341566349355,2599,2598,5197,0.9901237745763491,5842,5.842,7,1.5924237102453977,5965.393230050412
ag,50,0.6479543653693354,0.4336515149986881,647.9543653693354,620,619,1239,1.0467760345223511,293,0.293,7,0.3422439232171148,380.2951021863965
ag,50,1.945023029299371,1.2721903408737507,1945.023029299371,1971,1968,3939,0.988324710009843,3294,3.294,7,1.163892220555469,2938.040337293405
ag,50,2.4890494961913183,1.6942251218133113,2489.049496191318,2575,2573,5148,0.9673725208672049,5740,5.74,7,1.9678642580860968,5953.761740952135
ag,50,2.5431434027477695,1.6092728549296442,2543.1434027477694,2555,2552,5107,0.9965295465312576,5640,5.64,7,1.83549669605757,6081.844914737695
ag,50,2.5788677255114107,1.7290494454531848,2578.8677255114108,2576,2574,5150,1.0018911132522963,5810,5.81,7,1.5808005421038376,5183.1315094901065
ag,50,0.6470936734342047,0.43859409984917486,647.0936734342047,685,684,1369,0.9460433822137495,386,0.386,7,0.4435432415678245,424.44353537815886
ag,50,0.9882226544888274,0.6370374927318913,988.2226544888274,989,989,1978,0.999214008583243,781,0.781,7,0.5904672898725726,580.220157510311
ag,50,1.9792451770804655,1.3014214984993682,1979.2451770804655,2033,2032,4065,0.9740379808466858,3591,3.591,7,1.467060094868697,3036.8823749072412
ag,50,0.3431511075794838,0.22539842494645734,343.1511075794838,326,326,652,1.0526107594462693,57,0.057,7,0.18436815711436716,57.55638599593831
ag,50,2.251134654695147,1.4477888714446345,2251.1346546951468,2269,2267,4536,0.9930016121284282,4512,4.512,7,1.85564058763152,4385.516837786312
ag,50,2.637801416790379,1.6464689884796493,2637.8014167903793,2612,2610,5222,1.0106518838277316,6118,6.118,7,1.347246845679194,7898.156112958402
ag,50,0.0,0.0,0.0,0,0,0,,0,0.0,7,0.0,0.0
ag,50,1.3416378644847946,0.8903013927277414,1341.6378644847946,1340,1340,2680,1.001222286928951,1515,1.515,7,0.838953904408981,1407.2548115878633
ag,50,1.3517265883305305,0.8756157547178286,1351.7265883305306,1321,1320,2641,1.0240352941897959,1502,1.502,7,0.9000676668487976,1286.416863041009
ag,50,2.313737391294712,1.5773950888823112,2313.737391294712,2289,2289,4578,1.0108070735232468,4586,4.586,7,1.464135850001134,3634.744261466303
ag,50,2.0440414852184516,1.322599429697837,2044.0414852184517,2004,2001,4005,1.0215099876154181,3513,3.513,7,1.1693528026791749,3457.6028124156037
ag,50,0.9372711478318176,0.6552501652920433,937.2711478318176,980,979,1959,0.9573760447720303,702,0.702,7,0.6886326303753832,590.4570312044182
ag,50,3.751881509669599,2.39856342082627,3751.881509669599,3842,3839,7681,0.977306983503412,13148,13.148,7,2.2700147628464062,15600.99302679806
ag,50,0.34338665797353957,0.22547226109930288,343.38665797353957,325,324,649,1.0598353641158629,67,0.067,7,0.23370086312916158,53.7473361537533
ag,50,1.0435446864391946,0.6376857453593179,1043.5446864391947,975,975,1950,1.070302242501738,901,0.901,7,0.4612399287644228,828.1134123703922
ag,50,1.6055584048296878,1.114419771173727,1605.5584048296878,1644,1641,3285,0.9784024404812235,2309,2.309,7,1.0924152820250697,2156.7453922869568
ag,50,1.0022074837266182,0.6785883324732314,1002.2074837266181,996,994,1990,1.0082570258819095,853,0.853,7,0.8147680935132844,877.8326238561206
ag,50,2.248446688779014,1.4397397676835944,2248.446688779014,2217,2216,4433,1.0146420075717573,4424,4.424,7,1.6426298428116357,4936.036045539776
ag,50,0.9746140162465198,0.6440087597277577,974.6140162465198,1019,1017,2036,0.9583225331824187,919,0.919,7,0.6425451591380008,897.1256265585473
ag,50,1.0014200117353667,0.660236966782867,1001.4200117353668,1030,1028,2058,0.9741439802873217,887,0.887,7,0.6126097585719643,914.6777041051741
ag,50,1.6119838095048544,1.075095510197886,1611.9838095048544,1604,1603,3207,1.0056043727416435,2239,2.239,7,0.9446357824342625,2328.9610881850344
ag,50,0.6853094509902539,0.44355062215729246,685.3094509902538,668,668,1336,1.0259123517818172,322,0.322,7,0.42451435174390634,321.5304527582969
ag,50,2.3249710038556,1.458117604158424,2324.9710038556,2251,2247,4498,1.0347000462196707,4565,4.565,7,1.7311641343455473,5587.3990504007725
ag,50,1.6372322635197332,1.0745447726426065,1637.2322635197331,1598,1597,3195,1.0251924004506783,2339,2.339,7,1.195159437941433,2900.382329170451
ag,50,2.450198053146144,1.532419727315787,2450.1980531461436,2533,2532,5065,0.9676927540071657,5570,5.57,7,1.2424383444690577,5162.970079821425
ag,50,2.055457064963198,1.269928058962705,2055.457064963198,1987,1986,3973,1.0349733459029193,3812,3.812,7,1.1639094347488241,4230.093851413688
ag,50,1.0114241693512844,0.6502602217865789,1011.4241693512845,1031,1031,2062,0.9810127733766096,826,0.826,7,0.5052375755150744,824.4915476120814
ag,50,2.0191678529765347,1.3258318809389489,2019.1678529765345,2021,2019,4040,1.000083136689715,3581,3.581,7,1.4653109224750733,4248.994823292586
ag,50,0.37075035580875476,0.23329452947643647,370.75035580875476,349,348,697,1.0653745856573413,62,0.062,7,0.16577379188610766,47.560535874416
ag,50,1.6463323566052586,1.0558912186940344,1646.3323566052586,1636,1634,3270,1.0075473418636833,2465,2.465,7,1.2531136170022688,2825.184725076544
ag,50,0.968629024738316,0.6652695907346703,968.629024738316,1015,1014,2029,0.9552554484598778,866,0.866,7,0.5505481525632446,1041.8904017836132
ag,50,0.9968785760066662,0.6626294529704223,996.8785760066662,973,971,1944,1.0266514685959487,841,0.841,7,0.6937918249380539,946.3415400526709
ag,50,1.025040815236128,0.6617762861135457,1025.0408152361279,977,975,1952,1.0513239130626952,761,0.761,7,0.5758986694077132,688.1427495101998
ag,50,2.2438934008611855,1.4958693586539256,2243.8934008611855,2263,2261,4524,0.9924340561084412,4300,4.3,7,1.834310814736617,3786.401919270953
ag,50,2.2605325509744643,1.5365156352385483,2260.5325509744644,2275,2273,4548,0.9945149806310886,4776,4.776,7,1.2309245051066193,5094.100943802304
ag,50,1.650458072060433,1.0889467352279534,1650.4580720604329,1651,1649,3300,1.0008842159250655,2325,2.325,7,0.9575039595964627,2362.8998642274964
ag,50,1.9936127839494788,1.2797584817063328,1993.6127839494789,1984,1982,3966,1.0058591240915635,3464,3.464,7,1.2163933800190132,3404.1820366492275
ag,50,1.9648997212030013,1.3344194416937152,1964.8997212030013,1941,1937,3878,1.0144035731559118,3300,3.3,7,1.1664003636613332,3023.8870426727794
ag,50,2.0015926940949584,1.1946745581848672,2001.5926940949585,1976,1972,3948,1.015006437167829,3531,3.531,7,0.9628264865044082,3330.5981481790304
ag,50,2.2390478954154394,1.437985789335378,2239.047895415439,2227,2225,4452,1.0063136608608716,4360,4.36,7,1.2151658949410733,4002.4394050086257
ag,50,2.50710829414424,1.6736119174268906,2507.10829414424,2527,2525,5052,0.9929141758987089,5711,5.711,7,1.7370699328799626,6400.273824854347
ag,50,1.9491779843193697,1.2725087689757177,1949.1779843193697,1994,1994,3988,0.9775215568301754,3261,3.261,7,1.196561109631049,3560.066526460121
ag,50,2.2668231331516155,1.5522819888559682,2266.8231331516154,2230,2227,4457,1.01788196369628,4522,4.522,7,1.5309969948004594,5285.577935984969
ag,50,1.9722442642310372,1.3941601212647243,1972.244264231037,2009,2006,4015,0.9831726142727004,3408,3.408,7,1.0559276328622942,3163.1828643134086
ag,50,1.3494546926555357,0.855731399200402,1349.4546926555358,1315,1314,2629,1.0269822622949283,1478,1.478,7,0.8710244775636641,1462.7790605598282
ag,50,1.6774986714835323,1.0387324785533396,1677.4986714835322,1682,1680,3362,0.998511113978293,2432,2.432,7,0.7842345224162296,2103.1869626752828
ag,50,1.9542212541663673,1.3368807010922774,1954.2212541663673,1940,1937,3877,1.008890683617123,3506,3.506,7,1.552505591999223,3254.369377388835
ag,50,1.3199069480699182,0.8360877429448467,1319.9069480699181,1309,1308,2617,1.009103171307277,1418,1.418,7,0.5068397279858216,1263.782032319462
ag,50,1.5865240137020533,1.0269607839831247,1586.5240137020533,1586,1584,3170,1.0015934429937206,2207,2.207,7,0.9994148541885765,2584.3438102309055
ag,50,1.9301010703106527,1.263056920535601,1930.1010703106526,1899,1899,3798,1.0163776041656938,3240,3.24,7,1.3334428433557641,3158.86078239881
ag,50,0.3278722451020948,0.22037203599380667,327.8722451020948,333,333,666,0.9846013366429273,63,0.063,7,0.1950547546230069,69.51608211578873
ag,50,1.9889763921371066,1.2331559599561388,1988.9763921371066,1917,1914,3831,1.0391726186714245,3465,3.465,7,1.2332716819946121,3901.8877070670424
ag,50,1.6578421198069104,1.0811364659488187,1657.8421198069104,1642,1641,3283,1.0102633271218224,2495,2.495,7,1.3124434623075667,1968.0139958133072
ag,50,4.368929624337868,2.6835687750068544,4368.9296243378685,4362,4357,8719,1.00273803634103,16778,16.778,7,2.2856830288566243,15672.447229531299
ag,50,1.9491960623822455,1.2413918255049072,1949.1960623822456,1979,1977,3956,0.985936298625314,3280,3.28,7,1.3705354597776542,3550.3157381498463
ag,50,0.6680870732331963,0.45230654057009195,668.0870732331963,655,654,1309,1.0215398673290463,299,0.299,7,0.4963767796221634,313.8852680110872
ag,50,1.2925615038807938,0.9009585539688982,1292.561503880794,1247,1246,2493,1.03736878321091,1427,1.427,7,0.7000237117390089,1580.0115005360565
ag,50,1.3218921374019705,0.8200347037443982,1321.8921374019706,1331,1330,2661,0.9939038627082485,1627,1.627,7,1.0716731606276655,1463.8842464228946
ag,50,0.985566846714215,0.6799186587338675,985.566846714215,962,960,1922,1.026632131993974,804,0.804,7,0.8298523031728477,831.1379016209861
ag,50,1.6886541265757087,1.143180519946407,1688.6541265757087,1686,1682,3368,1.0039560800093392,2554,2.554,7,1.063780168487702,3077.296576218603
ag,50,1.3245758014760365,0.8430597769644217,1324.5758014760365,1307,1306,2613,1.014223431451789,1464,1.464,7,0.8987721459114865,1224.117604000585
ag,50,2.2786437051463952,1.5112319787231594,2278.6437051463954,2228,2226,4454,1.0236494632283897,4546,4.546,7,1.6847393438472984,3585.365239797936
ag,50,1.2955110943557802,0.8914077204560676,1295.5110943557802,1301,1298,2599,0.998082507207843,1567,1.567,7,0.8651198648588164,1658.475540974433
ag,50,0.706882121335888,0.44776727785618187,706.882121335888,683,682,1365,1.0364840488796012,421,0.421,7,0.3831632989388271,374.300317391527
ag,50,0.9909724917624487,0.6670797350605122,990.9724917624487,970,969,1939,1.0226754300954064,802,0.802,7,0.7117916818353124,819.2115416579518
ag,50,2.5884784144194724,1.6731950263535622,2588.4784144194723,2613,2611,5224,0.9913743448561748,5911,5.911,7,1.682536523606891,6065.55813234321
ag,50,2.6191091916018654,1.715251120397178,2619.1091916018654,2654,2653,5307,0.9872254774224898,6311,6.311,7,2.1006463146518564,3724.59925423812
ag,50,2.274323304598525,1.5130433911504888,2274.323304598525,2318,2315,4633,0.9824290732607018,4867,4.867,7,1.750367920324238,5337.93137651372
ag,50,2.591860626965696,1.6606681570588326,2591.8606269656957,2602,2599,5201,0.9972530307678706,6022,6.022,7,1.8267927951585103,6312.082685062742
ag,50,2.562027846903745,1.6921071521885949,2562.027846903745,2554,2552,5106,1.003929407093944,5943,5.943,7,1.7653082600063092,6244.62261621492
ag,50,0.9507560637358803,0.6479570627234168,950.7560637358803,975,974,1949,0.9761355890512118,786,0.786,7,0.5726653208249607,791.3145095547219
ag,50,2.8861423479862096,1.9888489714054862,2886.1423479862096,2951,2948,5899,0.9790170786927441,7648,7.648,7,2.272871758972607,6663.927820441153
ag,50,1.3097296937540792,0.9172704305712692,1309.729693754079,1348,1347,2695,0.9723308788077796,1501,1.501,7,0.7183557927596589,1289.4218980284109
ag,50,3.551455886151882,2.212422338762046,3551.4558861518817,3487,3483,6970,1.0196542883008561,11278,11.278,7,2.0513536078841517,10690.171638412246
ag,50,1.6594572637711462,1.1098937465935297,1659.4572637711462,1678,1678,3356,0.9889495016514578,2551,2.551,7,1.2024174069324367,2625.030379956663
ag,50,1.6984931844435514,1.0953524612349048,1698.4931844435514,1598,1596,3194,1.064218787245333,2320,2.32,7,0.93248336840893,2276.7392358155657
ag,50,0.9230321401057565,0.6616733733213712,923.0321401057565,966,966,1932,0.9555198137740751,759,0.759,7,0.7782139112450566,905.3979001284448
ag,50,2.949756053896888,1.8479146741650765,2949.7560538968883,2875,2871,5746,1.0274315757216608,7501,7.501,7,1.9830979494417205,7987.621413072683
ag,50,3.542104149842613,2.4614247864935077,3542.104149842613,3517,3512,7029,1.0085717966522247,11077,11.077,7,2.6052602453618654,11387.842866838788
ag,50,2.2679711414800123,1.5020550548869187,2267.971141480012,2274,2269,4543,0.9995465586073213,4643,4.643,7,1.8566555006904886,4489.275596255068
ag,50,2.2442865604968185,1.4442704794685446,2244.2865604968183,2205,2203,4408,1.0187410624134445,4540,4.54,7,1.4193539031284952,3567.6507913398164
ag,50,2.2430862056803864,1.5371982410306773,2243.0862056803862,2280,2277,4557,0.9851059313484349,4755,4.755,7,1.60069916429552,3579.722449747671
ag,50,0.9518806575121619,0.6455393586577598,951.8806575121619,1017,1016,2033,0.9368904109371672,809,0.809,7,0.6929704588698449,1072.1720715086938
ag,50,2.215925745869852,1.4709836939851146,2215.925745869852,2250,2250,4500,0.9848558870532677,4503,4.503,7,1.1930837715298326,4677.88647422999
ag,50,1.9606073866350089,1.2457619439919254,1960.6073866350089,1898,1898,3796,1.032985978206011,3088,3.088,7,1.268530226782591,3758.2390823130686
ag,50,3.156844403087769,1.9950036555517072,3156.844403087769,3204,3203,6407,0.985589885447321,9097,9.097,7,1.7594336237917558,9343.697358324645
ag,50,1.293190684457163,0.8735331135679524,1293.1906844571631,1342,1340,2682,0.9650676749680321,1460,1.46,7,0.845731059632031,1514.0616793344022
ag,50,2.5476272211165742,1.5760749045780704,2547.627221116574,2574,2572,5146,0.9905238029224628,6017,6.017,7,1.5943900709647143,5854.317452270076
ag,50,1.3091613944843856,0.9060806268649383,1309.1613944843857,1321,1320,2641,0.9917889352154438,1540,1.54,7,1.0703406895468308,1861.6400940386648
ag,50,1.0087274382636775,0.666570572265351,1008.7274382636774,1041,1040,2081,0.9699302290996898,888,0.888,7,0.506020259737697,789.9028507858235
ag,50,2.35877277527995,1.5333794727828607,2358.77277527995,2269,2265,4534,1.0414007837880574,4801,4.801,7,1.748262129122279,4823.322759324786
ag,50,2.284268757297239,1.4598630037262748,2284.268757297239,2256,2252,4508,1.0143289330804792,4436,4.436,7,2.060905677948533,4207.395903080212
ag,50,1.6993011984234954,1.1493792065887953,1699.3011984234954,1632,1631,3263,1.0418768843798256,2503,2.503,7,1.1958021321944299,2257.6685318204104
ag,50,0.9869049829594646,0.6685444815757402,986.9049829594646,957,956,1913,1.0323273880329127,767,0.767,7,0.8719265069400818,700.4300597484587
ag,50,1.6632634278766707,1.098802352581612,1663.2634278766707,1641,1640,3281,1.01418501699797,2428,2.428,7,1.1857117191712339,2159.847681323884
ag,50,2.3270241887088785,1.6157239820423561,2327.0241887088787,2295,2291,4586,1.015724220300689,4616,4.616,7,1.6910916593672332,4633.761794619155
ag,50,1.3297842479412885,0.885399337029511,1329.7842479412884,1346,1342,2688,0.9908973531604236,1533,1.533,7,0.7531324384108986,1665.7602887199903
ag,50,1.2924844289740678,0.8495549304570648,1292.484428974068,1300,1299,2599,0.9949841639523233,1396,1.396,7,0.7069868885599709,1722.963774278442
ag,50,0.9459004940973805,0.6428538335948745,945.9004940973805,989,987,1976,0.9583591632192305,745,0.745,7,0.5525323735306088,673.9009061959822
ag,50,1.5856233051792412,1.0613901099180334,1585.6233051792412,1616,1616,3232,0.9812025403336889,2282,2.282,7,1.185521620031654,2243.6413276075205
ag,50,2.260335695201974,1.506222604520255,2260.335695201974,2276,2275,4551,0.9935541517371315,4260,4.26,7,1.7112717147541112,4255.247952286391
ag,50,1.3651330795310925,0.912939762951824,1365.1330795310926,1321,1320,2641,1.0341917269174943,1600,1.6,7,0.845951808247675,1413.4323704869335
ag,50,1.629850004970388,1.0791433893140474,1629.850004970388,1555,1554,3109,1.0488095270079716,2152,2.152,7,1.1066241023992007,3029.159185185655
ag,50,1.6092023151893584,1.069879427202775,1609.2023151893584,1623,1619,3242,0.9939483108025685,2332,2.332,7,1.2893785397691655,2713.6585772209264
ag,50,1.2634841193287634,0.8601904861363271,1263.4841193287634,1263,1263,2526,1.0003833090489023,1417,1.417,7,0.8898670191542323,1167.9933956541038
ag,50,1.3241747023032562,0.8634306450572774,1324.1747023032563,1299,1298,2597,1.0201654100949586,1473,1.473,7,1.041620358973004,1521.6499269534654
ag,50,2.3498418474917577,1.5061743775394163,2349.8418474917576,2325,2324,4649,1.0111195557193449,5048,5.048,7,1.3723344929662746,5145.231526127809
ag,50,1.602813487894849,1.111539049333016,1602.813487894849,1647,1647,3294,0.9731715166331809,2350,2.35,7,1.122934798167208,2776.6959029069462
ag,50,0.9830976353559879,0.6606105907521524,983.0976353559879,1040,1037,2077,0.9480208634098244,849,0.849,7,0.7923760638255766,1064.146454600343
ag,50,1.9244427343282209,1.2257069976816988,1924.442734328221,1976,1973,3949,0.9753891202879984,3219,3.219,7,1.3462990068067564,2088.986386134263
ag,50,1.6331587005258261,1.038282235840456,1633.1587005258261,1650,1649,3299,0.9903933902521687,2451,2.451,7,0.8078226773788185,2782.703279214718
ag,50,1.0182311787995175,0.6798263078201124,1018.2311787995176,1027,1027,2054,0.9914617125603872,855,0.855,7,0.6129937458845155,808.1154670441186
ag,50,2.2980450552445513,1.4772033318049351,2298.0450552445513,2259,2257,4516,1.0181856691380378,4536,4.536,7,1.5434455915351604,4117.956971468805
ag,50,1.9324067081072689,1.2442394534192398,1932.406708107269,1960,1957,3917,0.9874331671473014,3499,3.499,7,1.0030734601161702,4402.521420252021
ag,50,0.3032466842571889,0.21128813274420966,303.2466842571889,316,316,632,0.9596414058771802,60,0.06,7,0.20151682897718437,57.42359918360384
ag,50,1.6167565658910685,1.1069191709962976,1616.7565658910685,1642,1641,3283,0.9852264265027839,2316,2.316,7,1.0145771935661156,2431.140008962976
ag,50,1.9996947287016797,1.2701839530694496,1999.6947287016797,2010,2008,4018,0.995863908715976,3534,3.534,7,1.1942427569998397,3724.885314019722
ag,50,2.6269256339199365,1.7062013051057405,2626.9256339199364,2629,2626,5255,1.0003524881644845,6066,6.066,7,1.570197893260226,5159.9067997371785
ag,50,1.347736648282198,0.8486265293936915,1347.736648282198,1308,1307,2615,1.0311680553039007,1558,1.558,7,0.6551765157139646,1250.2112329516547
ag,50,0.9517127021644205,0.6442457933969739,951.7127021644205,988,988,1976,0.9632719657534621,760,0.76,7,0.7919762871495539,803.7068103321466
ag,50,1.6151911618231851,1.0493223985978015,1615.1911618231852,1598,1597,3195,1.011390833953153,2409,2.409,7,0.9793963372338046,2204.9235707437683
ag,50,1.3201578769513647,0.87993620584631,1320.1578769513646,1337,1336,2673,0.9881421234665902,1544,1.544,7,0.9695082808804215,1107.235985928434
ag,50,2.0160487685392097,1.404945634086089,2016.0487685392095,1997,1996,3993,1.0100444732160367,3553,3.553,7,1.2469926315499507,3611.412909917404
ag,50,1.9842053374572102,1.2668502619128623,1984.2053374572101,1998,1997,3995,0.9935930583160791,3543,3.543,7,1.4231915038716185,3459.97714981762
ag,50,1.65947731653729,1.0859581339153497,1659.47731653729,1650,1646,3296,1.008187920132011,2268,2.268,7,0.9864518868695042,1940.4473070642632
ag,50,2.578850029965195,1.5952333366403837,2578.850029965195,2584,2583,5167,0.9983933526771952,5971,5.971,7,1.2495478266921167,7774.685270581587
ag,50,0.6552741364047161,0.43009894639268414,655.274136404716,651,651,1302,1.0065654937092412,334,0.334,7,0.33028242592026796,264.3598575515386
ag,50,1.680889438799245,1.173116064089601,1680.889438799245,1644,1642,3286,1.0236841892809043,2490,2.49,7,1.341885971734913,2932.7791398533623
ag,50,3.5698721050381477,2.257990303932021,3569.8721050381478,3475,3471,6946,1.0284851930389363,11114,11.114,7,1.958593833731731,8292.631450062598
ag,50,0.3298536864816666,0.22105023199612098,329.85368648166656,352,351,703,0.9397540925403606,91,0.091,7,0.16763950744432113,110.89319507127124
ag,50,1.3630218635019227,0.8967191118576705,1363.0218635019228,1287,1285,2572,1.060717403503442,1558,1.558,7,1.2729129107569368,1513.4832212082172
ag,50,3.5028275494263226,2.3378445825404044,3502.8275494263225,3554,3550,7104,0.9867119857538936,11202,11.202,7,2.6528802969845398,11462.257258071404
ag,50,1.321334244247819,0.8879736924106889,1321.334244247819,1342,1342,2684,0.984600778128032,1555,1.555,7,0.648257221367976,1494.9064950860861
ag,50,2.895885249409231,1.8694029983291103,2895.8852494092307,2870,2866,5736,1.0104275120060122,7496,7.496,7,1.722811487659008,6106.774445825319
ag,50,2.0746203748596828,1.3965710472436443,2074.6203748596827,2019,2019,4038,1.027548476899298,3642,3.642,7,1.0337743855806343,3322.5674200348312
ag,50,0.944100597589094,0.6402997301039459,944.100597589094,933,931,1864,1.0140715333932266,681,0.681,7,0.5845633774957828,684.6700140435393
ag,50,0.9841894082847956,0.6703995190046926,984.1894082847956,985,985,1970,0.9991770642485235,838,0.838,7,0.7398877893674185,691.9780874018157
ag,50,1.3520987003909744,0.9023767285567232,1352.0987003909743,1296,1295,2591,1.0440916605335708,1470,1.47,7,0.663925417370812,1432.449745437491
ag,50,2.5220974289328324,1.6069985616027185,2522.0974289328324,2608,2605,5213,0.9681755965193215,6019,6.019,7,1.8337322167095889,7527.343542378712
ag,50,1.6078130408427873,1.0682687277412013,1607.8130408427874,1633,1631,3264,0.9857835934045294,2235,2.235,7,1.0575186776469174,1818.5486367330182
ag,50,0.6651060802775901,0.4432258907271038,665.1060802775901,644,642,1286,1.0359907792485827,298,0.298,7,0.4355350005293629,228.12730905036938
ag,50,2.245889894571508,1.499059512226717,2245.889894571508,2297,2295,4592,0.9786012612512018,4774,4.774,7,1.8322048364478603,4605.285447335838
ag,50,1.2842183149739799,0.8789952898006995,1284.21831497398,1348,1347,2695,0.9533914736258202,1613,1.613,7,0.8873140285913029,1834.5530787686223
ag,50,1.3414861417463084,0.9136103805241494,1341.4861417463085,1258,1256,2514,1.0680622147661691,1498,1.498,7,0.854776793163577,1400.4985962644062
ag,50,1.6605084025622396,1.1268385463173103,1660.5084025622396,1598,1596,3194,1.0404187985978945,2303,2.303,7,1.0522491173996218,1706.2581444440082
ag,50,1.6142534550561296,1.077499367960134,1614.2534550561295,1635,1634,3269,0.9879152111726619,2312,2.312,7,1.1562683749754359,2053.1364671229753
ag,50,1.6633829224288967,1.0859345919660963,1663.3829224288968,1657,1654,3311,1.005672867248426,2364,2.364,7,1.1980588859324406,2629.2776729637476
ag,50,1.6318006664191163,1.096519476515959,1631.8006664191162,1669,1667,3336,0.9788846229268843,2410,2.41,7,1.0740852500926297,2963.332469302866
ag,50,1.6119793807882548,1.056119713618347,1611.9793807882547,1641,1641,3282,0.9823152838441528,2296,2.296,7,1.0731482058140764,2611.734560715316
ag,50,0.6606512122110721,0.4481715667609775,660.6512122110721,683,682,1365,0.9686967920983462,347,0.347,7,0.4497009341269474,431.9557312456468
ag,50,1.2794131896987408,0.8503119656259402,1279.4131896987408,1342,1341,2683,0.9540739669640125,1468,1.468,7,1.009326628702419,1372.7815480450124
ag,50,2.2790883734179173,1.4669061124248102,2279.0883734179174,2270,2268,4538,1.004889053535237,4636,4.636,7,1.4125793298759417,4646.0013781919415
ag,50,0.9757519768923123,0.6598483430520294,975.7519768923123,1030,1028,2058,0.9491750747979691,835,0.835,7,0.6179434544998771,818.2205722761312
ag,50,0.3347023276263215,0.22267667950784406,334.7023276263215,351,351,702,0.9535678849752749,92,0.092,7,0.18761160305872837,66.56429422918174
ag,50,1.9713975114195854,1.288125936020448,1971.3975114195855,1977,1976,3953,0.9976708053742842,3530,3.53,7,1.7095163801804432,3213.0952754068517
ag,50,0.6698072503708757,0.4284994427468823,669.8072503708757,651,651,1302,1.0288897855159382,309,0.309,7,0.5123870044915723,294.0910461711938
ag,50,0.6522524847679199,0.4569609034551838,652.2524847679199,651,651,1302,1.001923939735668,284,0.284,7,0.5229031229655814,246.86865910572578
ag,50,1.3160943039480828,0.8698200530028297,1316.0943039480828,1375,1374,2749,0.9578561164105406,1508,1.508,7,0.9222742696546209,1904.1219102345974
ag,50,1.0032941733598948,0.6565812105646237,1003.2941733598948,998,997,1995,1.0063131126979887,835,0.835,7,0.5191943955645212,761.5820099295406
ag,50,1.9650807933835261,1.2576412354052189,1965.080793383526,1999,1995,3994,0.9850029039516421,3431,3.431,7,1.363208287659998,3259.015865854201
ag,50,1.257136178807856,0.87816681370922,1257.1361788078561,1293,1291,2584,0.9737693096885021,1370,1.37,7,0.9072847789919585,1486.833470586021
ag,50,2.9267410385729273,1.8661216381754626,2926.741038572927,2913,2908,5821,1.006444648752726,7495,7.495,7,1.9425779216382917,6631.040420550933
ag,50,1.6639050635136068,1.1072358837590648,1663.9050635136068,1626,1625,3251,1.023941577546835,2360,2.36,7,1.2237656276019313,1837.603235633938
ag,50,2.0148149110069875,1.265851736558098,2014.8149110069876,1993,1993,3986,1.0109457656833856,3419,3.419,7,1.1472185921367766,2598.8663000389183
ag,50,1.338138790898307,0.8681072138068041,1338.138790898307,1307,1305,2612,1.0253937095006185,1579,1.579,7,0.8645347679830084,978.6322579719106
ag,50,0.6961485256221792,0.46837554215970595,696.1485256221792,679,678,1357,1.0267677369058692,368,0.368,7,0.4843387595095685,408.22695392464186
ag,50,1.6713009749847656,1.106735562346948,1671.3009749847656,1643,1641,3284,1.0184649451461094,2242,2.242,7,1.121631566337506,1883.259662618924
ag,50,0.3455129373205694,0.2261337474646817,345.51293732056945,328,328,656,1.053393101587102,54,0.054,7,0.1519576791000004,63.89688945295544
ag,50,1.6603569278629664,1.0986588960547825,1660.3569278629664,1637,1636,3273,1.0148880977157495,2371,2.371,7,1.0521139897941396,2572.6807281797046
ag,50,2.2193813780191194,1.4514849689710974,2219.3813780191194,2261,2259,4520,0.9824618760598138,4328,4.328,7,1.3536527046220428,3871.7144480985785
ag,50,2.5593669737105604,1.625522097836591,2559.3669737105606,2608,2605,5213,0.9824825234973361,5985,5.985,7,1.5638371703152985,6938.197810000652
ag,50,0.322916320214571,0.2186413703536516,322.916320214571,332,331,663,0.9755780066905468,50,0.05,7,0.19679331954638998,41.449567025874856
ag,50,1.2717756008550882,0.8168427269622937,1271.7756008550882,1322,1321,2643,0.962737018058356,1528,1.528,7,0.8311110835442804,1352.9579395268643
ag,50,0.6819145962778409,0.4483523939736188,681.9145962778409,708,707,1415,0.9645185237310339,343,0.343,7,0.4490197954987718,363.88204012317493
ag,50,1.6440488505816422,1.178733739644205,1644.0488505816422,1605,1604,3209,1.0249681113351885,2361,2.361,7,1.317918176115174,2551.1239850800507
ag,50,1.6753487799714626,1.1236473053085965,1675.3487799714626,1600,1599,3199,1.0477478298758365,2395,2.395,7,1.170938437192132,2291.1223618834056
ag,50,1.9020759615710172,1.3026965702481876,1902.0759615710172,1934,1931,3865,0.9850212126209307,3460,3.46,7,1.568976436039672,3612.8302893894966
ag,50,1.2812157152721602,0.9108567320405331,1281.2157152721602,1365,1363,2728,0.9399968563992371,1522,1.522,7,0.8864223696863018,1643.038842812227
ag,50,2.614979630346367,1.6948408745912285,2614.9796303463672,2594,2593,5187,1.008476525393894,5808,5.808,7,1.8233328731241645,5559.164459346776
ag,50,0.6703251893402542,0.4388332748062759,670.3251893402542,682,681,1363,0.9843248007933247,297,0.297,7,0.3830154141411439,268.4970600956974
ag,50,1.7057315668396742,1.118762995774008,1705.731566839674,1686,1685,3371,1.0123036004983228,2424,2.424,7,0.9032814487934799,2757.8893535176317
ag,50,0.9412165097152699,0.616513276715498,941.2165097152699,981,979,1960,0.9614060364813789,732,0.732,7,0.6534528305672348,688.9545297272984
ag,50,1.0147123770521733,0.6912941597823286,1014.7123770521733,1029,1029,2058,0.9861150408670295,839,0.839,7,0.7531707397337903,1021.2825578399793
ag,50,2.005282203037979,1.3394265630908688,2005.282203037979,1915,1913,3828,1.0482395206680497,3448,3.448,7,1.1622366886917646,3974.3280579181505
ag,50,2.9123601743201535,1.9034764259764765,2912.3601743201534,2917,2914,5831,0.9994372595470671,7591,7.591,7,1.767501655530941,6051.667485724942
ag,50,2.591053165824028,1.7192696054621888,2591.053165824028,2506,2502,5008,1.0355927920959345,5875,5.875,7,1.6132795439038838,6464.85628379363
ag,50,1.6212341999580173,1.0792733585912033,1621.2341999580174,1676,1673,3349,0.9690580991978586,2313,2.313,7,1.217843775734299,3011.3507162477717
ag,50,1.6218694649172853,1.0972008275062273,1621.8694649172853,1651,1650,3301,0.9829511908589608,2292,2.292,7,1.4608936545222346,2663.073731753476
ag,50,1.0304094550879985,0.6766268796548099,1030.4094550879986,988,987,1975,1.0439812108287727,915,0.915,7,0.5204537300422434,1090.0740988685163
ag,50,4.1610262259282855,2.7287130163485407,4161.026225928285,4115,4113,8228,1.011676689989858,14606,14.606,7,3.6420107039622187,16349.691406611188
ag,50,1.6747616492418615,1.0787468846695616,1674.7616492418615,1672,1671,3343,1.0022511365899829,2413,2.413,7,1.0486960799840466,2296.1374803537315
ag,50,1.9121885649677528,1.2329094749812435,1912.1885649677529,1934,1929,3863,0.9912848963026194,3269,3.269,7,0.9212517050033497,2772.7446761581
ag,50,0.9744700540511395,0.6610498202041621,974.4700540511395,967,965,1932,1.0098135275141342,692,0.692,7,0.5904272516525624,595.4571893514218
ag,50,0.6813981259978499,0.4390040425218337,681.3981259978499,664,664,1328,1.0262019969847136,371,0.371,7,0.4104949778998376,370.0689263805523
ag,50,1.6788700098443006,1.0753560287658481,1678.8700098443005,1663,1662,3325,1.0101504271024673,2415,2.415,7,1.054209717972679,2855.232785008124
ag,50,2.2508312723455903,1.4659838062923107,2250.83127234559,2282,2280,4562,0.9872066983971887,4580,4.58,7,1.558112799371327,4601.283279573585
ag,50,2.3024294918198303,1.5628096011539543,2302.42949181983,2282,2279,4561,1.0102806019393726,4677,4.677,7,1.816126732273133,5933.220392626065
ag,50,2.2606611056172743,1.494677779168836,2260.661105617274,2192,2191,4383,1.031794206123813,4301,4.301,7,1.270787794812623,5094.632362090908
ag,50,2.2517660604476157,1.551257473087754,2251.766060447616,2268,2265,4533,0.9941572010806251,4583,4.583,7,1.0425649234419063,4144.152295174007
ag,50,2.58655084993725,1.7400134073915012,2586.55084993725,2516,2512,5028,1.0296778861215168,5665,5.665,7,2.0568214638608344,5750.172174956056
ag,50,2.0135863307000297,1.336903216520625,2013.5863307000295,2002,2001,4003,1.0062900203398448,3660,3.66,7,1.3113546871251809,3957.5040690311025
ag,50,0.32564766978072796,0.21960126494710988,325.64766978072794,351,351,702,0.9277711389764328,70,0.07,7,0.20032970478411133,66.73198265519204
ag,50,2.251347336258799,1.5194248662917642,2251.347336258799,2278,2277,4555,0.9887340080187962,4844,4.844,7,1.7475997519125501,4865.484751597378
ag,50,1.3268294401326683,0.8621524647434494,1326.8294401326684,1317,1315,2632,1.0089957719640064,1404,1.404,7,0.6397767712601018,1397.6193703282024
ag,50,1.9467925183462649,1.3175226464375325,1946.7925183462648,1980,1979,3959,0.9837253756171122,3402,3.402,7,1.6128675970028856,3882.253341843634
ag,50,1.6166023822394768,1.059109553781259,1616.6023822394768,1632,1630,3262,0.9917806026009061,2277,2.277,7,1.1308537053151317,1789.2383946585626
ag,50,2.541282719384867,1.7224138105637576,2541.282719384867,2605,2604,5209,0.9759150228052484,5814,5.814,7,1.3710249411292916,5167.033001467365
ag,50,1.6529262897417398,1.0347105492402677,1652.9262897417398,1661,1661,3322,0.9951392472858156,2533,2.533,7,1.0415538398813855,2329.714740116266
ag,50,0.6645154569064893,0.44036359119300944,664.5154569064892,666,665,1331,0.9992713637691568,347,0.347,7,0.39632219505568694,390.39412195569435
ag,50,2.5862702460690232,1.694542541129898,2586.2702460690234,2603,2601,5204,0.9943368881464911,5799,5.799,7,1.7688552872882375,3800.386940524022
ag,50,1.0047742873174266,0.6732033445796471,1004.7742873174266,1026,1024,2050,0.9812248899584244,816,0.816,7,0.6140810616253264,893.4485311895218
ag,50,2.1999684275180558,1.4781604982531642,2199.9684275180557,2209,2207,4416,0.996813968064366,4343,4.343,7,1.0674863935921561,5235.973263597555
ag,50,0.6645181890775748,0.44285825164003395,664.5181890775748,645,643,1288,1.033465301831376,317,0.317,7,0.4703952719142521,443.53675684756126
ag,50,1.3499994045437516,0.8701065063094011,1349.9994045437516,1301,1300,2601,1.0384610804182703,1530,1.53,7,1.075197082748107,1657.715259640284
ag,50,2.2840127526290033,1.4908610756568685,2284.0127526290034,2386,2384,4770,0.9580590405323001,4753,4.753,7,1.4632581005636573,4731.643823472519
ag,50,0.6568133079863849,0.45038521963262645,656.813307986385,656,655,1311,1.002768409139519,365,0.365,7,0.4107822280494195,451.5115727882684
ag,50,1.2971352987291498,0.8641972578992465,1297.1352987291498,1309,1308,2617,0.9916936534626527,1534,1.534,7,1.0677684504009992,1320.371210045879
ag,50,0.9897612366560784,0.6313049223724658,989.7612366560784,983,982,1965,1.0079034996497742,822,0.822,7,0.7693339863381831,856.0448287646468
ag,50,4.373179851977093,2.8690460496310517,4373.179851977093,4420,4415,8835,0.9905277127920935,16990,16.99,7,2.7606445503914716,14089.889888914515
ag,50,1.9091129219679583,1.2890590694700954,1909.1129219679583,1972,1971,3943,0.9686011780659353,3366,3.366,7,1.0979590580439649,3591.0135750864
ag,50,2.2663205154836645,1.5345155291613513,2266.3205154836646,2306,2302,4608,0.9845006583334772,4601,4.601,7,1.6323304965447436,4470.285808877867
ag,50,1.5822632691445437,1.02417764738623,1582.2632691445438,1655,1652,3307,0.9577864825330168,2209,2.209,7,1.2315169497672653,1949.7664242675742
ag,50,0.31509549979290197,0.21581032580316328,315.095499792902,337,337,674,0.9350014830649911,47,0.047,7,0.18605503697002584,48.028355268330635
ag,50,1.991179260895505,1.3134378420099584,1991.179260895505,2001,1998,3999,0.9965862166644169,3513,3.513,7,1.4268133065473825,4152.982977440118
ag,50,1.7337502629661767,1.1551221905369478,1733.7502629661767,1645,1642,3287,1.0558771394434694,2583,2.583,7,1.3068289689838535,2873.5856980944823
ag,50,1.6127971076794274,1.0371583871084502,1612.7971076794274,1612,1610,3222,1.0017373339623772,2238,2.238,7,1.0801494677121357,2062.4377004662365
ag,50,0.3446351262828526,0.22586175601485478,344.6351262828526,333,333,666,1.0349403191677256,66,0.066,7,0.2782226739594262,55.852922367305
ag,50,0.9107673165591008,0.619229565503059,910.7673165591008,928,927,1855,0.9824890146268617,756,0.756,7,0.666033126201869,728.5720822030673
ag,50,1.3256209664019765,0.9122637957379007,1325.6209664019764,1323,1322,2645,1.0027390063555042,1422,1.422,7,0.9272992386853494,1581.4438123761374
ag,50,1.5652609065345773,1.0218998071334875,1565.2609065345773,1637,1636,3273,0.9567609453145338,2354,2.354,7,0.9435143161576922,2326.3982437140608
ag,50,1.6235395215568291,1.0596989462486226,1623.5395215568292,1665,1663,3328,0.9762715102566621,2378,2.378,7,1.0977360323578755,1673.00625996265
ag,50,1.3227808760849327,0.8224714871415072,1322.7808760849327,1353,1353,2706,0.977665096884651,1537,1.537,7,0.6496125151316993,1818.9801477554815
ag,50,1.6642944278480263,1.1298609094541525,1664.2944278480263,1629,1628,3257,1.0222938745995247,2368,2.368,7,0.9124811672079163,1932.9985079518074
ag,50,1.3048785806775909,0.8842442463742232,1304.878580677591,1298,1298,2596,1.0052993687808867,1458,1.458,7,0.7404957546209828,1744.7699333403905
ag,50,1.607915078959802,1.0320416483629307,1607.915078959802,1616,1615,3231,0.9956130519874935,2261,2.261,7,0.8139241764745729,2046.0199434051601
ag,50,0.6476721443446203,0.4328046459005276,647.6721443446203,660,659,1319,0.982810537700486,339,0.339,7,0.43097313318686875,384.51152361496236
ag,50,1.8820807364045002,1.2565133514437699,1882.0807364045002,1962,1961,3923,0.9597556024500256,3193,3.193,7,1.4714513561942968,3812.390390650848
nag,50,0.26296224075966645,0.24403834479963588,262.96224075966643,1841,1841,3682,0.14283663267771127,399,0.399,7,0.27809460082019233,409.4915769557614
nag,50,0.13493430213009333,0.12458515274236459,134.93430213009333,993,993,1986,0.13588550063453508,98,0.098,7,0.10069176217207296,87.85512043596322
nag,50,0.46176634542693284,0.4167384187447226,461.76634542693284,3239,3238,6477,0.14260850692616828,1296,1.296,7,0.3662959291276993,1056.735271343617
nag,50,0.3929491391886802,0.35841106134912104,392.9491391886802,2786,2786,5572,0.1410441992780618,993,0.993,7,0.3291258377038379,951.7235471167053
nag,50,0.416917095541037,0.3849896754437726,416.917095541037,2831,2830,5661,0.14732052845973037,1111,1.111,7,0.43459597781141623,815.6379563135663
nag,50,0.3063549814253764,0.2835239847301624,306.3549814253764,2244,2244,4488,0.13652182772966864,596,0.596,7,0.24279899843791514,580.4130631358246
nag,50,0.4527104484495019,0.42556752570094364,452.71044844950194,3175,3175,6350,0.14258596801559117,1279,1.279,7,0.3701239185319325,1301.7221714316306
nag,50,0.4498694350198061,0.4218015123216503,449.8694350198061,3152,3152,6304,0.14272507456212122,1273,1.273,7,0.40471123884714105,1032.1409651725608
nag,50,0.3881340320888248,0.35183663618541683,388.1340320888248,2679,2679,5358,0.14488019114924405,922,0.922,7,0.3963919005296724,1002.2878574740964
nag,50,0.26827462724451107,0.24626854857262795,268.27462724451107,1855,1855,3710,0.14462244056307874,422,0.422,7,0.2174024774329775,508.9176881840791
nag,50,0.13580341982564034,0.12466527248236085,135.80341982564033,922,922,1844,0.14729221239223464,71,0.071,7,0.11762697403825281,56.249925509442804
nag,50,0.060997390460301185,0.05727670881733475,60.99739046030118,450,450,900,0.13554975657844706,18,0.018,7,0.04852580556176777,20.88529790410953
nag,50,0.459125587337899,0.4240179418876825,459.125587337899,3271,3270,6541,0.1404053783907948,1324,1.324,7,0.40821094157441745,1409.7071423514467
nag,50,0.19331259442503793,0.1805574394525907,193.31259442503793,1425,1424,2849,0.1357532264220772,244,0.244,7,0.22221626024248323,206.6185033717866
nag,50,0.32742073099950997,0.306401664725963,327.42073099950994,2291,2290,4581,0.14297848515262443,646,0.646,7,0.3459075022617932,573.5608520695184
nag,50,0.1301840910764258,0.12196547828054789,130.1840910764258,953,953,1906,0.1366045027034898,119,0.119,7,0.14622420732452754,114.70125312838063
nag,50,0.4698981076589247,0.43417774103854073,469.8981076589247,3303,3303,6606,0.14226403501632598,1551,1.551,7,0.34319019818253377,1305.4801739145826
nag,50,0.5262889986389696,0.48104776532134486,526.2889986389696,3757,3757,7514,0.14008224611098472,1778,1.778,7,0.3793843752660381,1108.6227131313585
nag,50,0.27539124293870715,0.26045409488908594,275.39124293870714,1922,1921,3843,0.143358273263252,441,0.441,7,0.22463599577525625,440.84010716465065
nag,50,0.2664285099582516,0.24413388686568838,266.42850995825165,1854,1853,3707,0.14378225038221892,404,0.404,7,0.19022205091053448,432.30279222043356
nag,50,0.20733013868461184,0.18828462264226142,207.33013868461182,1419,1419,2838,0.14611003430909925,213,0.213,7,0.21950839644698694,197.34024125552958
nag,50,0.47006549050524454,0.43539991515073584,470.06549050524455,3328,3328,6656,0.14124564017585473,1421,1.421,7,0.42205034116740336,1490.8253495322306
nag,50,0.28269390931071897,0.2577116141203105,282.693909310719,1908,1908,3816,0.14816242626347956,483,0.483,7,0.22398992868334783,572.5043689497736
nag,50,0.25478249505055794,0.2359775846126092,254.78249505055794,1808,1807,3615,0.14099750694552182,383,0.383,7,0.18868777541614423,353.3569567496263
nag,50,0.2773927531452648,0.25495761347581847,277.3927531452648,1896,1896,3792,0.14630419469686962,472,0.472,7,0.19806229335568326,458.50954432694874
nag,50,0.2683570274866462,0.24475036499447997,268.3570274866462,1908,1908,3816,0.1406483372571521,426,0.426,7,0.27191037672786356,432.2943034331066
nag,50,0.4698011366729455,0.4308679236770781,469.80113667294546,3349,3349,6698,0.14028102020691116,1460,1.46,7,0.41918174874721176,1487.7696215415112
nag,50,0.27247348979443475,0.24729768069339117,272.4734897944347,1890,1890,3780,0.14416586761610303,442,0.442,7,0.25085737381556067,520.0090574017125
nag,50,0.19983003670544655,0.1874036190529211,199.83003670544656,1431,1430,2861,0.1397412844094032,221,0.221,7,0.19612326455850312,217.70996118214492
nag,50,0.40836097982090325,0.38355196489705645,408.36097982090325,2832,2832,5664,0.14419526123619464,1051,1.051,7,0.3659781973678297,964.8950449069878
nag,50,0.20406424948235763,0.19592647069834804,204.06424948235764,1383,1383,2766,0.1475518795967879,281,0.281,7,0.1566866387590904,191.35047128098466
nag,50,0.2603143027364482,0.24183053996541737,260.31430273644816,1817,1817,3634,0.1432659893981553,464,0.464,7,0.2649130363396848,541.9568200274668
nag,50,0.2641761324931477,0.24595651345208955,264.1761324931477,1846,1844,3690,0.1432625447359803,436,0.436,7,0.2705734492684595,423.6701507942662
nag,50,0.25319350741526836,0.23826941661412326,253.19350741526836,1881,1881,3762,0.13460579873220008,414,0.414,7,0.2817696347807395,375.0045264939197
nag,50,0.39612938241438556,0.37659786542915535,396.12938241438553,2745,2744,5489,0.14436201983031544,975,0.975,7,0.3914351682849976,1084.5696823615453
nag,50,0.38976540495109696,0.3633727408715308,389.76540495109697,2731,2731,5462,0.1427189326075053,930,0.93,7,0.3468570699662301,933.4507542368226
nag,50,0.0716724249572327,0.06653548845798256,71.67242495723269,492,492,984,0.14567566048218028,14,0.014,7,0.07734302600900295,15.300654668861133
nag,50,0.8084941791980943,0.728756966568874,808.4941791980943,5536,5536,11072,0.14604302369907773,4097,4.097,7,0.5862960051106682,4196.734667276382
nag,50,0.06693533259138681,0.062454993842267235,66.93533259138681,447,446,893,0.1500792210569211,13,0.013,7,0.05052506823528023,13.830617999142463
nag,50,0.2536984513219638,0.23736918677641625,253.69845132196377,1849,1849,3698,0.1372084647495748,396,0.396,7,0.2517582132024969,347.32220990622955
nag,50,0.672751151363908,0.6109859127078537,672.751151363908,4577,4577,9154,0.14698517617738868,2864,2.864,7,0.5681107053834926,3042.011418199658
nag,50,0.39578653720710283,0.370671645011043,395.7865372071028,2824,2824,5648,0.14015104008750098,1035,1.035,7,0.3404158485139526,1277.1089068559968
nag,50,0.6008845865416176,0.5420194980625734,600.8845865416176,4130,4130,8260,0.14549263596649337,2337,2.337,7,0.5767085621616894,1886.8015270948235
nag,50,0.062421684924392776,0.05852521817559261,62.42168492439278,460,460,920,0.1356993150530278,16,0.016,7,0.048590258892296456,17.80903406186135
nag,50,0.5885422662527828,0.5396167036218462,588.5422662527828,4104,4103,8207,0.14344193669334215,2143,2.143,7,0.6889517680249659,2256.4396390129086
nag,50,0.1951718735387742,0.17937158494181238,195.17187353877418,1326,1326,2652,0.14718844158278596,163,0.163,7,0.18132844896922,175.0881807600566
nag,50,0.5857115105922496,0.5439889208983543,585.7115105922496,4166,4166,8332,0.14059325746333404,2167,2.167,7,0.5790374247007128,1744.3493162693828
nag,50,0.33242997295691373,0.31067522641212825,332.42997295691373,2310,2310,4620,0.14390907920212714,701,0.701,7,0.3385270404686776,580.6893255072105
nag,50,0.387033829417559,0.3675795255867856,387.033829417559,2807,2807,5614,0.1378816634904022,933,0.933,7,0.40250979911338175,915.4644383634741
nag,50,0.26193877651240544,0.2457665651670918,261.9387765124054,1796,1796,3592,0.14584564393786492,403,0.403,7,0.2159709360807241,349.16282926295804
nag,50,0.12912314874719016,0.1203175879357043,129.12314874719016,921,921,1842,0.14019885857458214,97,0.097,7,0.11516527366065546,96.82794816700266
nag,50,0.12833738084080898,0.12081339162371109,128.33738084080898,940,940,1880,0.1365291285540521,100,0.1,7,0.1125337343205405,108.9972900443462
nag,50,0.7094648944962535,0.6509846666738687,709.4648944962535,5015,5013,10028,0.14152501386320634,3256,3.256,7,0.46662098279848774,3264.419769122767
nag,50,0.12349196259487033,0.11428608939963754,123.49196259487033,895,895,1790,0.13797984647471545,82,0.082,7,0.12676650148210114,69.62877865834798
nag,50,0.20311853158271126,0.18923313744068515,203.11853158271126,1407,1407,2814,0.14436285116042022,217,0.217,7,0.2507696098725767,177.22276729432195
nag,50,0.20097936540589875,0.18801944556947098,200.97936540589876,1384,1384,2768,0.1452163044840309,224,0.224,7,0.17206365209798138,245.22983010388694
nag,50,0.20360926623087516,0.18940171494417854,203.60926623087516,1445,1445,2890,0.14090606659576135,266,0.266,7,0.16814387026586539,235.43369993244383
nag,50,0.2662846819242668,0.2463382664907664,266.2846819242668,1851,1851,3702,0.1438599037948497,400,0.4,7,0.2471114753922456,416.93340673512233
nag,50,0.2582142372468454,0.24305391692633618,258.2142372468454,1850,1849,3699,0.13965075026871035,433,0.433,7,0.2530568971233836,421.37732816114044
nag,50,0.3938553106337852,0.3681119673793078,393.8553106337852,2803,2803,5606,0.1405120623024564,964,0.964,7,0.3540823424676778,924.4757761360848
nag,50,0.20546540650380504,0.19399597613276615,205.46540650380504,1455,1455,2910,0.14121333780330245,225,0.225,7,0.20729492524681958,192.1554510667345
nag,50,0.06548697954556183,0.06119843505556099,65.48697954556184,445,445,890,0.1471617517877794,14,0.014,7,0.07136473857141279,14.710587912881584
nag,50,0.06934076754759205,0.06453262550350285,69.34076754759205,459,459,918,0.1510692103433378,32,0.032,7,0.08696159422401803,37.815955110731245
nag,50,0.13840617174667955,0.1300134936958728,138.40617174667955,994,994,1988,0.13924162147553273,100,0.1,7,0.10998595297900216,93.86368131732777
nag,50,0.3261100265324883,0.30019090051731767,326.1100265324883,2304,2302,4606,0.1416637821600731,765,0.765,7,0.38921596573208117,777.8609470152225
nag,50,0.19441137309913695,0.17729697076090248,194.41137309913694,1360,1360,2720,0.14294953904348304,157,0.157,7,0.19653304912484704,174.62176790672797
nag,50,0.13574978506646762,0.12554379178198702,135.7497850664676,969,969,1938,0.14009265744733498,82,0.082,7,0.11382262148233162,92.05826930316695
nag,50,0.2599131692388831,0.24323318887724363,259.9131692388831,1875,1874,3749,0.13869432723526312,409,0.409,7,0.19629992043250977,431.06344555623394
nag,50,0.26867439439558877,0.24715465504755443,268.67439439558876,1860,1860,3720,0.1444485991374133,401,0.401,7,0.18648605630829335,352.14663258205195
nag,50,0.4045532626702855,0.37404152142944924,404.5532626702855,2892,2892,5784,0.13988702028709735,1057,1.057,7,0.33157127950879256,1238.867007851482
nag,50,0.3598064808877716,0.3279457367504059,359.8064808877716,2441,2441,4882,0.1474012621416516,831,0.831,7,0.3909744356561482,890.124491403448
nag,50,0.5227035986093231,0.48828669065826497,522.7035986093232,3730,3730,7460,0.14013501303199014,1720,1.72,7,0.43963104369391776,1626.8408986625452
nag,50,0.26575802852799074,0.2500358891213921,265.75802852799075,1894,1894,3788,0.14031574895881244,383,0.383,7,0.32546914385414577,381.3007995940908
nag,50,0.4567681261869811,0.42348492467428933,456.7681261869811,3299,3299,6598,0.13845654022036408,1356,1.356,7,0.5025794445140616,1201.8169426318598
nag,50,0.465279391464026,0.4262821314824498,465.27939146402605,3228,3228,6456,0.14413859710781476,1249,1.249,7,0.3431121004702294,1328.022947725302
nag,50,0.27653850542931674,0.2503464837918338,276.53850542931673,1877,1877,3754,0.14733005084140477,490,0.49,7,0.24438761592662606,508.5229566940708
nag,50,0.4590601676751845,0.42468346530166684,459.06016767518446,3229,3229,6458,0.1421679057526121,1278,1.278,7,0.4619974262346162,1671.642883120389
nag,50,0.3406842973012661,0.31425642192631187,340.6842973012661,2382,2382,4764,0.14302447409792868,756,0.756,7,0.3661505358517497,908.9645603492175
nag,50,0.20194897658183805,0.18955568382004606,201.94897658183805,1412,1411,2823,0.14312471763418713,236,0.236,7,0.1502054994080121,205.81566061777505
nag,50,0.26878119943768436,0.2500607440748588,268.78119943768434,1870,1869,3739,0.143810165563234,454,0.454,7,0.24785886267594096,658.421114713627
nag,50,0.653000947100318,0.6098923604426432,653.000947100318,4629,4629,9258,0.14106738973867314,2884,2.884,7,0.46433327368287675,2690.3576028122766
nag,50,0.13459897911781585,0.1261511333574133,134.59897911781584,932,932,1864,0.1444195054912187,82,0.082,7,0.11737349686572587,64.08369627571946
nag,50,0.45623855863404217,0.42573181182974734,456.2385586340422,3177,3177,6354,0.14360672289393836,1333,1.333,7,0.45859033098574,1538.7100982752968
nag,50,0.21229846847090517,0.19165636533527702,212.29846847090516,1448,1448,2896,0.14661496441360855,252,0.252,7,0.19189246025534537,191.75899091671928
nag,50,0.3306183966584451,0.3152409202673932,330.61839665844514,2339,2339,4678,0.14135031922122493,704,0.704,7,0.35989965941132535,902.7792310109384
nag,50,0.2664994484034012,0.2486546120572761,266.4994484034012,1867,1867,3734,0.14274207198896688,421,0.421,7,0.198263121584419,441.23485358135224
nag,50,0.3443421706745896,0.31310228098074516,344.3421706745896,2367,2367,4734,0.14547620222838598,722,0.722,7,0.3485724107556144,620.2686868308223
nag,50,0.2040110929684463,0.1859177786457291,204.0110929684463,1429,1429,2858,0.14276493559723324,232,0.232,7,0.15448670086357966,217.50565619389488
nag,50,0.2601873293695659,0.23494369572203433,260.1873293695659,1849,1849,3698,0.14071786336915407,452,0.452,7,0.22023899735211613,543.189048616566
nag,50,0.20037897483499628,0.1845301705062216,200.37897483499628,1405,1405,2810,0.1426184874270436,228,0.228,7,0.19084355125042776,256.0341091802964
nag,50,0.44974377977603114,0.4182832318169144,449.74377977603115,3234,3233,6467,0.13911035563749805,1397,1.397,7,0.4591445582238526,1445.2310523015783
nag,50,0.212101253473812,0.19483631374985913,212.101253473812,1397,1396,2793,0.15193499532508023,243,0.243,7,0.15235176166333367,239.82270551068018
nag,50,0.2552620964590592,0.23718332233715647,255.2620964590592,1818,1818,3636,0.14040819387186973,382,0.382,7,0.2318115911387512,284.4665518323784
nag,50,0.13371863349007565,0.1237161858911397,133.71863349007566,918,918,1836,0.14566299944452687,63,0.063,7,0.12503337424205774,49.858558667429115
nag,50,0.26421594185009006,0.24157276060602037,264.2159418500901,1861,1861,3722,0.14197525085980123,383,0.383,7,0.21716175415413658,386.6034136212972
nag,50,0.3426629279595527,0.3187066639773144,342.66292795955275,2328,2328,4656,0.14719197936406905,724,0.724,7,0.2492869516658334,810.8703593177324
nag,50,0.5246381145698377,0.4828115749423606,524.6381145698376,3685,3685,7370,0.14237126582627888,1711,1.711,7,0.5383246596986824,1630.4487217631413
nag,50,0.3362865960762463,0.3083589789671789,336.28659607624627,2331,2330,4661,0.144329011191522,595,0.595,7,0.2588920303620001,638.3426963385604
nag,50,0.26116919146755957,0.24327184897572396,261.1691914675596,1801,1800,3601,0.14509399525975533,395,0.395,7,0.2368133681110438,401.58807792341094
nag,50,0.19696247398479758,0.18261957822357608,196.96247398479758,1355,1354,2709,0.1454671152029524,239,0.239,7,0.15616198169129056,226.4861066474344
nag,50,0.2669593456291583,0.24628907724342877,266.9593456291583,1894,1892,3786,0.14109901988856147,452,0.452,7,0.19859901604583016,439.263031311677
nag,50,0.26259765537571383,0.24016290055971012,262.5976553757138,1834,1834,3668,0.14318301819831725,421,0.421,7,0.266345442430494,356.1605760391155
nag,50,0.7362208464349482,0.6931830089194863,736.2208464349483,5086,5084,10170,0.14481133879522978,3489,3.489,7,0.6102788829313617,2996.040256420269
nag,50,0.25958349448722273,0.24242464850919912,259.5834944872227,1835,1835,3670,0.14146239481592518,436,0.436,7,0.267231804898986,391.2389358311623
nag,50,0.45034218658677727,0.4153089155656384,450.34218658677725,3223,3223,6446,0.13972764088947479,1182,1.182,7,0.3694044444811279,925.3850964935987
nag,50,0.32258947073261707,0.30538489240884026,322.5894707326171,2258,2258,4516,0.14286513318539287,617,0.617,7,0.24787390152293465,767.8801450477976
nag,50,0.06751238487184942,0.0629544627607647,67.51238487184942,489,489,978,0.1380621367522483,5,0.005,7,0.051018728740640555,4.391012050245769
nag,50,0.2804607791733848,0.2599032823188045,280.4607791733848,1978,1978,3956,0.14179008047188313,462,0.462,7,0.30271094512220925,341.38512808791336
nag,50,0.3316371251728233,0.3074273542347248,331.6371251728233,2378,2378,4756,0.13946052362187691,704,0.704,7,0.24845579749108732,863.9614871986448
nag,50,0.1364984751640004,0.1258859335540721,136.4984751640004,929,929,1858,0.14693054377179807,91,0.091,7,0.1504416789726962,81.25322467252776
nag,50,0.40576422342534635,0.37327618363377346,405.76422342534636,2816,2816,5632,0.14409240888684174,964,0.964,7,0.4876956119425475,950.3885996264607
nag,50,0.34058341345707493,0.3177014860906829,340.5834134570749,2332,2332,4664,0.14604777592498924,729,0.729,7,0.34704093082949344,830.2335020783783
nag,50,0.269310727794768,0.25041745175436886,269.310727794768,1830,1830,3660,0.14716433212828853,387,0.387,7,0.23954882492322682,385.20227906920974
nag,50,0.42257128250541315,0.3839702996194587,422.57128250541314,2865,2865,5730,0.1474943394434252,1084,1.084,7,0.46427797827398815,1333.8825602704162
nag,50,0.06674280760048211,0.06228820523408714,66.74280760048211,452,452,904,0.14766107876212856,23,0.023,7,0.0537204251077381,27.25846204115021
nag,50,0.25294933122899227,0.23903231210019418,252.9493312289923,1785,1785,3570,0.1417083088117604,373,0.373,7,0.24995860158633174,298.65000389684246
nag,50,0.33149037709215023,0.3027906412607714,331.49037709215025,2371,2371,4742,0.13981036570735986,736,0.736,7,0.27354289022363615,696.16332422408
nag,50,0.39551263870882497,0.3659431646520013,395.51263870882497,2821,2821,5642,0.14020299138916165,906,0.906,7,0.3869392619903961,829.9572288978754
nag,50,0.2770281438907445,0.2540942289634853,277.0281438907445,1835,1835,3670,0.15096901574427493,450,0.45,7,0.23146117767375068,467.4986616314736
nag,50,0.47319198650555483,0.44201723122468933,473.19198650555484,3265,3265,6530,0.14492863292666305,1378,1.378,7,0.4497009341694509,1407.4896152606377
nag,50,0.39049171965096924,0.36426016536603084,390.49171965096923,2745,2745,5490,0.14225563557412357,913,0.913,7,0.3367990746053386,845.3840703681532
nag,50,0.06670422834607331,0.06225477426682822,66.70422834607331,482,482,964,0.138390515240816,20,0.02,7,0.06629399139038256,21.687245861073446
nag,50,0.31775544807220657,0.29546560520224446,317.75544807220655,2280,2279,4559,0.13942757703914285,706,0.706,7,0.2702003894776015,612.4455778966658
nag,50,0.40168671105796305,0.3765518789723442,401.68671105796307,2758,2758,5516,0.14564420270412004,1048,1.048,7,0.22988157227445433,928.7308842392234
nag,50,0.39111247150170225,0.35806309204007974,391.11247150170226,2755,2754,5509,0.14201614796721215,974,0.974,7,0.27284268794253025,987.9308239124373
nag,50,0.19595102355702138,0.1870232591743391,195.9510235570214,1376,1376,2752,0.14240626711992832,234,0.234,7,0.27250358094781996,228.18458774821485
nag,50,0.20336339291005573,0.19441095079863607,203.36339291005572,1395,1394,2789,0.14588478687952347,235,0.235,7,0.19608096030840666,237.3076259783617
nag,50,0.2565740972747532,0.2394095766712577,256.5740972747532,1819,1819,3638,0.14105227997512546,453,0.453,7,0.2196281144914875,504.6808022786863
nag,50,0.2712256896899691,0.24621584684703787,271.2256896899691,1901,1900,3801,0.14275036299472058,377,0.377,7,0.2857578295727003,416.7912714683266
nag,50,0.41196976283292497,0.37663934289845213,411.96976283292497,2801,2801,5602,0.1470795297511335,1054,1.054,7,0.278890442631024,963.4362658356083
nag,50,0.3009344619752825,0.2759043571777115,300.9344619752825,2227,2227,4454,0.13512997843524135,627,0.627,7,0.27777294236474576,657.9855032659698
nag,50,0.47096294646792564,0.4480258023322931,470.96294646792563,3253,3253,6506,0.1447780345736015,1373,1.373,7,0.40886591887482343,1387.4392701710292
nag,50,0.19608241134142237,0.18445220810670132,196.0824113414224,1359,1359,2718,0.14428433505623428,205,0.205,7,0.1996069206165408,186.1082543004581
nag,50,0.5330144776563512,0.4867306920394661,533.0144776563512,3720,3720,7440,0.1432834617355783,1805,1.805,7,0.4196946130900135,1804.2237654256544
nag,50,0.12887001200793766,0.1185463665495149,128.87001200793765,905,905,1810,0.142397803323688,81,0.081,7,0.11977818387466996,74.78799805497604
nag,50,0.338062419854239,0.31217098358624057,338.062419854239,2296,2296,4592,0.14723972990167206,709,0.709,7,0.3170222269438182,769.7433120452808
nag,50,0.3976198911931132,0.3603895300378565,397.6198911931132,2835,2835,5670,0.140253929874114,1040,1.04,7,0.31252740215583374,1031.4531431144328
nag,50,0.13240080496500375,0.12485277279368355,132.40080496500374,942,942,1884,0.14055287151274282,97,0.097,7,0.09135570643887285,94.83972367659163
nag,50,0.32174190502040917,0.30211387450761173,321.74190502040915,2292,2291,4583,0.1404373221389826,696,0.696,7,0.3276498042947092,650.3680456528967
nag,50,0.3920760565052482,0.36046941761359774,392.0760565052482,2727,2727,5454,0.14377559827841885,929,0.929,7,0.44499855344737843,1097.8894299772257
nag,50,0.5941701820482618,0.5617181041331897,594.1701820482617,4178,4177,8355,0.1422480684817481,2432,2.432,7,0.4323062166641782,2419.0357651954364
nag,50,0.39689694923230934,0.366383633365416,396.89694923230934,2736,2735,5471,0.1451177145273526,948,0.948,7,0.42063562081800115,1009.1811782659181
nag,50,0.20635949217495186,0.19169752129358072,206.35949217495187,1445,1445,2890,0.14280933714529542,239,0.239,7,0.21795658114773753,273.3528884194818
nag,50,0.18331405668481898,0.1699210911207601,183.31405668481898,1337,1337,2674,0.13710849415468884,196,0.196,7,0.16075998136291034,209.0846201861935
nag,50,0.4534455432597193,0.42776960981138923,453.44554325971933,3213,3213,6426,0.14112839815117315,1339,1.339,7,0.47841351806044285,1261.4740956192238
nag,50,0.05732745081515264,0.05404101419818889,57.327450815152645,418,418,836,0.13714701151950393,14,0.014,7,0.045032874746308266,12.399999911432397
nag,50,0.3168723843658222,0.29551136838020103,316.8723843658222,2276,2276,4552,0.13922336747180236,623,0.623,7,0.3489385044328752,724.4401558976576
nag,50,0.3866794583505629,0.35476300211533823,386.67945835056287,2659,2659,5318,0.14542288768355127,894,0.894,7,0.26888526744712377,866.7359429247767
nag,50,0.2601877402657477,0.24019985581239206,260.1877402657477,1850,1850,3700,0.14064202176526905,450,0.45,7,0.26079120643669207,495.96271724648324
nag,50,0.1333789935598193,0.12262223022668506,133.3789935598193,953,953,1906,0.139956971206526,96,0.096,7,0.10367235603965869,97.15485052893119
nag,50,0.33072073473393715,0.3124379590444778,330.72073473393715,2338,2338,4676,0.14145454864582427,721,0.721,7,0.29910215988902006,718.9381541031122
nag,50,0.19965405877896253,0.18484834208471232,199.65405877896254,1438,1438,2876,0.13884148732890303,237,0.237,7,0.2033543209589415,166.4559199053902
nag,50,0.20014272655351978,0.1845642321609959,200.14272655351976,1363,1363,2726,0.14683985807301522,218,0.218,7,0.1938369947441149,211.78697671073928
nag,50,0.13445113869538133,0.12448229753337353,134.45113869538133,902,902,1804,0.14905891207913674,88,0.088,7,0.14248687579692815,88.81504635425436
nag,50,0.4074870898404045,0.3751711325361032,407.4870898404045,2732,2732,5464,0.14915340038082156,953,0.953,7,0.4222817416456832,958.4476439058186
nag,50,0.26814361278777865,0.24887572049303155,268.14361278777864,1908,1907,3815,0.14061017975237475,483,0.483,7,0.2756147150708689,375.17509095852506
nag,50,0.3298895654000338,0.3072596951866286,329.8895654000338,2342,2342,4684,0.14085805525193587,733,0.733,7,0.3932427368506396,654.7658021801964
nag,50,0.25688821287529234,0.24193015680938096,256.88821287529237,1842,1841,3683,0.13953732366936034,425,0.425,7,0.2069025885405313,366.0901656887654
nag,50,0.19702615359070447,0.1820791682737743,197.02615359070447,1401,1401,2802,0.140632515054036,238,0.238,7,0.20122903783545087,205.86786306770077
nag,50,0.26201834522869294,0.23968275121021715,262.01834522869297,1798,1798,3596,0.14572766697925083,431,0.431,7,0.176160867580296,458.886903973759
nag,50,0.06884312649885198,0.06410375043271506,68.84312649885197,500,500,1000,0.13768625299770396,30,0.03,7,0.05830571179879724,32.264328521952876
nag,50,0.3370434255206911,0.3102798965729079,337.04342552069113,2383,2383,4766,0.14143660323990395,702,0.702,7,0.32308403501965605,603.7052615318745
nag,50,0.44069983712142324,0.40565241610556785,440.69983712142323,3155,3155,6310,0.13968299116368407,1291,1.291,7,0.48015385159548174,1278.3081294830322
nag,50,0.516996761898134,0.47037821141178787,516.9967618981341,3658,3657,7315,0.1413718244184124,1781,1.781,7,0.3719444334772485,2022.8212991988134
nag,50,0.3233567942909948,0.291554788801243,323.3567942909948,2271,2271,4542,0.14238520224174145,603,0.603,7,0.3131663810048642,840.3774016194217
nag,50,0.25948511998543156,0.24429494700631643,259.48511998543154,1835,1834,3669,0.14148588875977727,402,0.402,7,0.2595658279020836,529.9646513571179
nag,50,0.0,0.0,0.0,0,0,0,,0,0.0,7,0.0,0.0
nag,50,0.2802104553798985,0.26428098710034004,280.2104553798985,1853,1853,3706,0.15121988957360957,436,0.436,7,0.2358764204599597,423.9530864174327
nag,50,0.398404780537589,0.36913643308378147,398.404780537589,2775,2775,5550,0.14356929028381585,1023,1.023,7,0.3561240131061092,871.1047056594175
nag,50,0.6666352166144383,0.6186876546130515,666.6352166144383,4679,4678,9357,0.14250432163626298,2790,2.79,7,0.6268490910297627,2906.373207169989
nag,50,0.3996813669798948,0.36969048428887824,399.6813669798948,2747,2746,5493,0.1455503885578641,1005,1.005,7,0.30683417228493076,1032.1771948669098
nag,50,0.6052303071500497,0.5721290729852418,605.2303071500496,4202,4202,8404,0.1440338665278557,2339,2.339,7,0.5201873773631361,2220.921308524225
nag,50,0.32661337737216356,0.30455786264502616,326.61337737216354,2304,2303,4607,0.14182083255413094,748,0.748,7,0.18623301199215048,707.6235559364025
nag,50,0.12867266978565187,0.11948924596713428,128.67266978565186,929,929,1858,0.13850664131932386,98,0.098,7,0.1259215309491136,78.65442909165117
nag,50,0.38545370990754263,0.35205951011912545,385.45370990754265,2811,2810,5621,0.1371721387571326,918,0.918,7,0.3888867307291973,1090.1528010909938
nag,50,0.4683947192192891,0.43261245957808014,468.39471921928913,3235,3234,6469,0.14483448337021929,1258,1.258,7,0.3865671826243729,1429.4397090214761
nag,50,0.2616458973712442,0.2445884431477137,261.64589737124425,1828,1828,3656,0.14313232897770473,418,0.418,7,0.2900170880748315,375.26185469017406
nag,50,0.4000818499193495,0.3847126514573936,400.08184991934945,2770,2770,5540,0.14443388083731026,1002,1.002,7,0.27685833606718196,1166.8660798614358
nag,50,0.38854761895047885,0.356318089789852,388.54761895047886,2747,2747,5494,0.14144434617782267,897,0.897,7,0.3898133258974278,779.9798736489232
nag,50,0.33975286571833774,0.30724053925831185,339.7528657183377,2327,2325,4652,0.14613026482509148,669,0.669,7,0.3321810339013818,837.0572171567925
nag,50,0.401991214837181,0.3736216887801493,401.99121483718096,2727,2727,5454,0.1474115199256256,973,0.973,7,0.36293485294727723,944.313409366782
nag,50,0.26373253680999564,0.24579570639206508,263.7325368099956,1828,1828,3656,0.144273816635665,358,0.358,7,0.2491353349923914,274.8523339012347
nag,50,0.3860075543600022,0.3601855101007633,386.00755436000225,2731,2731,5462,0.1413429345880638,839,0.839,7,0.37849071011662355,655.223041285598
nag,50,0.19144037632753821,0.17617754685766984,191.44037632753822,1341,1341,2682,0.14275941560591962,210,0.21,7,0.18882560250696834,265.41927312318086
nag,50,0.1327980765994977,0.12291653433550762,132.79807659949768,952,952,1904,0.13949377794064882,108,0.108,7,0.11184511547021656,104.55788117909532
nag,50,0.46848712554426436,0.44611037044510626,468.48712554426436,3328,3328,6656,0.1407713718582525,1424,1.424,7,0.5295770992847403,1837.3203566263098
nag,50,0.31375793475296937,0.2962297763552593,313.7579347529694,2276,2276,4552,0.13785498011993383,679,0.679,7,0.38803785563134874,767.8312197168816
nag,50,0.20318244237059063,0.18640700289853768,203.18244237059062,1387,1387,2774,0.14649058570338186,215,0.215,7,0.2054053601973079,236.3477003264652
nag,50,0.4690410024087527,0.43350505616410306,469.04100240875266,3297,3296,6593,0.14230612937158757,1342,1.342,7,0.3710982024343381,1245.7433227706974
nag,50,0.5880566186699452,0.5387546945785354,588.0566186699452,4121,4121,8242,0.14269755366899908,2151,2.151,7,0.35012401391253245,2080.3093703511945
nag,50,0.25512078024277457,0.23650352959303925,255.12078024277457,1813,1813,3626,0.14071747393423858,465,0.465,7,0.22451090481228972,406.4078940091022
nag,50,0.3253765076584261,0.303478951893493,325.3765076584261,2236,2235,4471,0.1455823300485128,645,0.645,7,0.33212021446249645,655.4111459607211
nag,50,0.47157962713698015,0.4312586818879297,471.57962713698015,3355,3355,6710,0.1405602465385932,1381,1.381,7,0.40484515297562945,1757.2781608696819
nag,50,0.38306515880711905,0.3594658426415183,383.0651588071191,2790,2790,5580,0.13729934007423622,958,0.958,7,0.3560315718687545,858.5338707575896
nag,50,0.33688570766858583,0.3126756114152212,336.88570766858584,2377,2377,4754,0.1417272644798426,745,0.745,7,0.3223096958618249,806.2430823316366
nag,50,0.5417728113407068,0.5055107516299846,541.7728113407068,3783,3783,7566,0.14321247986801658,1903,1.903,7,0.47509538124884215,1823.4709687296765
nag,50,0.3355489295411306,0.3048623871722394,335.5489295411306,2315,2315,4630,0.14494554191841494,644,0.644,7,0.23244937889682665,648.7533362183341
nag,50,0.20535251276304975,0.18853052947325058,205.35251276304976,1431,1431,2862,0.14350280416705086,255,0.255,7,0.17756412545232694,284.83916944622433
nag,50,0.4627648583844705,0.43661404373282897,462.76485838447053,3277,3277,6554,0.14121600805141,1440,1.44,7,0.30968715982166856,951.7768744969392
nag,50,0.26622004491747586,0.2448233337520753,266.2200449174759,1865,1864,3729,0.14282191250937548,392,0.392,7,0.272010335330768,506.8094676759105
nag,50,0.13430277330588625,0.12580474948856735,134.30277330588623,954,954,1908,0.14077858837094992,96,0.096,7,0.1546099545377552,92.59630772911518
nag,50,0.25727465289941315,0.24357669773065424,257.2746528994131,1823,1822,3645,0.14120452958255386,404,0.404,7,0.30101296251754767,401.2474020827888
nag,50,0.31997253763871947,0.3044162029145425,319.9725376387195,2366,2366,4732,0.13523775893437,750,0.75,7,0.314942956698952,599.5340990780952
nag,50,0.4763455338665471,0.4439104736891156,476.3455338665471,3253,3253,6506,0.14643268793930128,1369,1.369,7,0.4615474653508206,1468.4069201685936
nag,50,0.20961286918818803,0.1944712434858664,209.61286918818803,1455,1455,2910,0.1440638276207478,252,0.252,7,0.18506982198647393,272.1962801076014
nag,50,0.25794793712200853,0.2412674238471118,257.9479371220085,1842,1842,3684,0.14003688225950517,421,0.421,7,0.3171676710694905,344.47688542973117
nag,50,0.06114310817217473,0.057404628495220475,61.14310817217473,453,453,906,0.13497374872444753,10,0.01,7,0.0671192845278995,8.496529356987734
nag,50,0.3142415647780879,0.2927068072324083,314.2415647780879,2264,2264,4528,0.1387992777288374,547,0.547,7,0.3021538334568909,579.343995345729
nag,50,0.3352288366346658,0.3112219149060664,335.2288366346658,2326,2326,4652,0.1441224577105184,673,0.673,7,0.27156418174606506,718.7728218741643
nag,50,0.25640764500505264,0.24313557201058628,256.40764500505264,1815,1815,3630,0.14127142975484994,435,0.435,7,0.2505886235814879,535.756545875032
nag,50,0.21175918516301687,0.19112333607768064,211.75918516301687,1433,1433,2866,0.1477733322840313,183,0.183,7,0.197117567753116,178.43611531534816
nag,50,0.4579103493203129,0.42224625267263627,457.9103493203129,3151,3150,6301,0.1453683648635914,1345,1.345,7,0.39121718368199604,1201.8900601334267
nag,50,0.5434427214957598,0.506451300402889,543.4427214957598,3783,3783,7566,0.14365390470413952,1903,1.903,7,0.5993652376798617,1922.727765286932
nag,50,0.13389675184597324,0.12361687084103584,133.89675184597326,974,974,1948,0.13747099778847358,83,0.083,7,0.13961291061938116,81.71399296638874
nag,50,0.5559487174511389,0.5211525778909889,555.9487174511389,3795,3795,7590,0.14649505071176255,1956,1.956,7,0.6803303446233233,2060.4800568748765
nag,50,0.38298080416023034,0.3513243042984557,382.9808041602303,2713,2713,5426,0.14116505866576864,889,0.889,7,0.32794428878541604,828.635509400212
nag,50,0.3209110923799323,0.2918751355940986,320.9110923799323,2266,2266,4532,0.14162007607234436,655,0.655,7,0.3106235484119312,566.8272898894911
nag,50,0.19885581588138346,0.18325869724544788,198.85581588138345,1422,1422,2844,0.1398423459081459,251,0.251,7,0.18199967551957572,251.49028048369433
nag,50,0.4663856226100548,0.4283579423813825,466.3856226100548,3221,3221,6442,0.14479528798821942,1362,1.362,7,0.4021824534359976,1266.0810572539367
nag,50,0.0,0.0,0.0,0,0,0,,0,0.0,7,0.0,0.0
nag,50,0.31469245428251047,0.2910378674200747,314.6924542825105,2215,2215,4430,0.14207334279120112,605,0.605,7,0.2578821910542554,479.6816782563462
nag,50,0.20353981945955876,0.1912318913774418,203.53981945955877,1404,1404,2808,0.1449713813814521,206,0.206,7,0.1832161916372815,259.0813454334319
nag,50,0.5318351967181025,0.47194595462869177,531.8351967181026,3688,3687,7375,0.14424605281207012,1720,1.72,7,0.553806105637491,1044.6180866130362
nag,50,0.14135117082265355,0.128018563404148,141.35117082265356,974,974,1948,0.1451244053620673,134,0.134,7,0.15100245569207965,143.69651854995647
nag,50,0.5347018228784627,0.49040735001627733,534.7018228784627,3793,3792,7585,0.14100786468313892,1906,1.906,7,0.49953047766071346,1643.7935450001132
nag,50,0.34049210485248954,0.3164535345417055,340.49210485248955,2398,2397,4795,0.1420492719451354,616,0.616,7,0.2684915424404782,696.3292653540848
nag,50,0.355131225193367,0.32289940792596894,355.13122519336696,2431,2429,4860,0.1462047036613285,659,0.659,7,0.37203801308707196,493.8222699952295
nag,50,0.7252962185214268,0.6578410715111195,725.2962185214268,5030,5030,10060,0.1441940792289119,3431,3.431,7,0.7540391826342303,2994.2989456039254
nag,50,0.2764830226597296,0.25672415846092805,276.4830226597296,2001,2001,4002,0.13817242511730615,504,0.504,7,0.2876049324171815,574.1338009412409
nag,50,0.1275309806357818,0.11874483925614629,127.53098063578182,936,936,1872,0.13625104768780108,93,0.093,7,0.07277909133723326,89.09062237511682
nag,50,0.07057986342680037,0.06559834630545458,70.57986342680037,478,478,956,0.14765661804769953,27,0.027,7,0.06596371133737568,23.535874318380994
nag,50,0.1866152664579681,0.17719442815847114,186.61526645796812,1399,1399,2798,0.13339189882628172,226,0.226,7,0.19120904152285217,200.789613249497
nag,50,0.5122506303828628,0.4665581367895494,512.2506303828628,3575,3574,7149,0.1433269810808234,1691,1.691,7,0.46794655715693173,1896.1263806895697
nag,50,0.3379960429870877,0.3109837344004123,337.99604298708766,2370,2370,4740,0.14261436412957285,720,0.72,7,0.27078654055509005,691.2881493346132
nag,50,0.39964350454181247,0.3731963107029781,399.6435045418125,2794,2794,5588,0.1430363294709422,939,0.939,7,0.3471120777831175,907.9176516060566
nag,50,0.5174752272023226,0.4841163313697558,517.4752272023227,3748,3748,7496,0.1380670296697766,1737,1.737,7,0.5584211136588698,1981.7299611125823
nag,50,0.39288199464004187,0.36099659946428186,392.88199464004185,2784,2784,5568,0.1411214061207047,899,0.899,7,0.36403040695552225,866.1625150700604
nag,50,0.5075841862117692,0.49091885210048497,507.5841862117692,3648,3648,7296,0.13914040192208585,1734,1.734,7,0.5275704542296924,1800.4136877877663
nag,50,0.3306694474038791,0.2999358268424044,330.6694474038791,2305,2305,4610,0.1434574609127458,622,0.622,7,0.3150459765278858,588.2408411305753
nag,50,0.3807303765690822,0.3492209644341898,380.7303765690822,2716,2716,5432,0.14018055101954424,958,0.958,7,0.4005153235559864,838.2379060736932
nag,50,0.3324207688172836,0.31058113993112785,332.4207688172836,2350,2350,4700,0.14145564630522706,653,0.653,7,0.28957530005370813,568.8774171435865
nag,50,0.2634057527716849,0.24339209377176887,263.4057527716849,1883,1882,3765,0.13996054876285063,439,0.439,7,0.26620813782740804,377.9646655989642
nag,50,0.27463618422790753,0.25169879665877365,274.6361842279075,1890,1889,3779,0.1453870747633179,522,0.522,7,0.22161548686506646,588.2682354288502
nag,50,0.32332977223136566,0.3023462356852887,323.32977223136567,2290,2289,4579,0.1412537231242314,601,0.601,7,0.29380851129192115,699.5536286407305
nag,50,0.129097239858546,0.12010584316287304,129.09723985854598,901,901,1802,0.1432821752037136,81,0.081,7,0.12342866739235933,81.95036473628276
nag,50,0.19465080803425044,0.1835646345764851,194.65080803425045,1359,1359,2718,0.14323091098914675,220,0.22,7,0.17176801339046702,223.8623600611688
nag,50,0.26309308573746193,0.24759903788758478,263.09308573746193,1825,1825,3650,0.14416059492463668,406,0.406,7,0.25755873133647306,449.3089666360663
nag,50,0.06276264655383451,0.058823496751392965,62.762646553834514,450,450,900,0.13947254789741004,15,0.015,7,0.06448519659057414,19.704014119955342
nag,50,0.24615620947415817,0.2267428957691086,246.15620947415817,1838,1838,3676,0.1339261204973657,389,0.389,7,0.1733680852125837,351.53435495711796
nag,50,0.3252223911881608,0.29256764126906,325.2223911881608,2317,2317,4634,0.14036356978340994,676,0.676,7,0.32735822127793657,659.4728760150272
nag,50,0.3301198207648556,0.2967325863695164,330.1198207648556,2331,2331,4662,0.1416215447296678,660,0.66,7,0.33078760414024955,755.2441036357033
nag,50,0.3936903699222491,0.3707231999829453,393.6903699222491,2826,2826,5652,0.13931010966817023,1084,1.084,7,0.3523022501524114,1069.5460635668092
nag,50,0.3311414607754996,0.30405633298258083,331.1414607754996,2315,2315,4630,0.1430416677215981,631,0.631,7,0.29637834927312634,812.4829086686556
nag,50,0.13497341240056407,0.1250754317238321,134.97341240056406,980,980,1960,0.13772797183731025,93,0.093,7,0.131228228935915,96.56882091849079
nag,50,0.19944032810254572,0.18691354631105836,199.44032810254572,1415,1415,2830,0.14094722834102172,232,0.232,7,0.20030476886221313,206.67020693514235
nag,50,0.27279519714030437,0.25278455522789617,272.79519714030437,1891,1891,3782,0.14425975523019796,403,0.403,7,0.29981794790783656,420.4230082062886
nag,50,0.21579053658048516,0.20214505092940468,215.79053658048517,1454,1454,2908,0.14841164826718375,261,0.261,7,0.1954924999047056,206.6792802219236
nag,50,0.38746476415254166,0.3625116907055309,387.46476415254165,2671,2671,5342,0.14506355827500622,933,0.933,7,0.3545379199726792,886.8181800004279
nag,50,0.06621520565536733,0.061830752195384746,66.21520565536733,469,469,938,0.14118380736752095,23,0.023,7,0.049002273400803764,23.040139491681582
nag,50,0.3967621457583529,0.36688085099186357,396.7621457583529,2776,2776,5552,0.1429258450138159,1017,1.017,7,0.46103097201913135,1201.45199887181
nag,50,0.2595931106655536,0.24448171435691615,259.5931106655536,1839,1839,3678,0.14115992967131788,412,0.412,7,0.2456453122255264,366.7768175441518
nag,50,0.1283118057070352,0.11969274041344656,128.3118057070352,944,944,1888,0.13592352299474067,78,0.078,7,0.11289354593106979,91.80739254857397
nag,50,0.26860175656788604,0.251383746271433,268.601756567886,1828,1828,3656,0.14693750359293545,409,0.409,7,0.16833913502634565,488.42932950488614
nag,50,0.37527833204399486,0.34529634077090826,375.27833204399485,2654,2654,5308,0.1414010294061774,855,0.855,7,0.3529896441314322,882.9239239202818
nag,50,0.3361629193946195,0.3122315048846359,336.1629193946195,2318,2317,4635,0.14508542054148446,717,0.717,7,0.3129814810929769,711.094518157746
nag,50,0.27627818457180037,0.2652587855853668,276.27818457180035,1884,1884,3768,0.146644471641083,489,0.489,7,0.286086976976025,444.6057535785421
nag,50,0.26411857136650246,0.24550964697301478,264.11857136650247,1825,1825,3650,0.14472250485835753,413,0.413,7,0.26754348693798585,328.36916039848074
nag,50,0.4151681354857233,0.3812088139764826,415.16813548572327,2871,2870,5741,0.14465788692882345,973,0.973,7,0.43397837149069757,961.325037045773
nag,50,0.4005293971592703,0.36604843590205066,400.5293971592703,2733,2733,5466,0.14655301762139417,1030,1.03,7,0.3649704258660075,1054.7632154108007
nag,50,0.5444592425578844,0.5024624624019421,544.4592425578844,3788,3787,7575,0.14377059481327817,1870,1.87,7,0.46283252944857356,1683.8177433250423
nag,50,0.2669776386597663,0.24631558301661732,266.97763865976634,1884,1884,3768,0.14170787614637279,418,0.418,7,0.24399090069893942,487.4399482534761
nag,50,0.2748897395839711,0.25630162828835523,274.8897395839711,1831,1830,3661,0.15021297245025744,442,0.442,7,0.2960730205481108,414.94801598362494
nag,50,0.26453035927406005,0.2438954697869741,264.53035927406006,1855,1854,3709,0.14268088418234093,377,0.377,7,0.28287602825651514,279.31170147214567
nag,50,0.40240213183763146,0.37525716049100594,402.4021318376315,2812,2811,5623,0.14315266162847082,983,0.983,7,0.3148273894803372,807.0952737969258
nag,50,0.5202253991131132,0.47079615391917745,520.2253991131132,3594,3593,7187,0.14478858867606825,1750,1.75,7,0.4692583211548343,2294.949455194851
nag,50,0.6149980462134351,0.5764158613876986,614.9980462134351,4146,4146,8292,0.148335274050515,2413,2.413,7,0.6176290447982007,2028.3344792282735
nag,50,0.12922883535664004,0.12089444871884265,129.22883535664005,904,904,1808,0.142952251500708,89,0.089,7,0.08190579162617023,86.10204170593177
nag,50,0.2563752438375175,0.24057440019759008,256.3752438375175,1821,1820,3641,0.14086551859204258,407,0.407,7,0.2676313193402263,426.23210084338314
nag,50,0.13576677780238053,0.12787713384285954,135.76677780238052,976,976,1952,0.13910530512538988,108,0.108,7,0.08319375290759332,134.80068848467005
nag,50,0.07357394722300152,0.06816082151302852,73.57394722300153,490,490,980,0.1501509127000031,25,0.025,7,0.07003249598218918,20.609023782880907
nag,50,0.5440339235905336,0.509186917847942,544.0339235905336,3702,3702,7404,0.14695675947880432,1917,1.917,7,0.4986572122162897,2105.0615040602906
nag,50,0.31006943295481804,0.2855857402497679,310.069432954818,2289,2289,4578,0.13546065223015202,640,0.64,7,0.31210599966586017,704.5602725450592
nag,50,0.3358484538818902,0.3182159605210295,335.84845388189024,2357,2357,4714,0.14248979799825637,676,0.676,7,0.28958634280008033,809.6128641866467
nag,50,0.395059302974293,0.36254658606746454,395.05930297429296,2807,2807,5614,0.14074075631431884,1011,1.011,7,0.3164769585619679,1115.4660957291028
nag,50,0.40378089181375226,0.37662874936593205,403.78089181375225,2811,2811,5622,0.14364314899101824,972,0.972,7,0.434642719238154,911.148845305818
nag,50,0.14008446043789602,0.13068547957245932,140.084460437896,922,922,1844,0.15193542346843386,106,0.106,7,0.1333371300568722,101.92921598585782
nag,50,0.396846261994608,0.3730797758140731,396.84626199460797,2802,2799,5601,0.14178144408524757,949,0.949,7,0.3455587196730916,1230.8135509396343
nag,50,0.26609951720583636,0.24553292777977526,266.0995172058364,1867,1867,3734,0.14252786138502216,392,0.392,7,0.27033546570888944,326.60316693665055
nag,50,0.5414882379633105,0.4921975120619352,541.4882379633104,3739,3739,7478,0.14482167369973534,1796,1.796,7,0.4851548855167357,1957.686239332309
nag,50,0.3974520290320963,0.36816084879054645,397.45202903209633,2765,2764,5529,0.1437959584052447,1042,1.042,7,0.4019718495014591,1262.0262231014356
nag,50,0.34104731005012456,0.3109215436226282,341.04731005012457,2406,2405,4811,0.1418076133264551,689,0.689,7,0.3005453261176152,613.0079203808566
nag,50,0.2787047566084663,0.26369060902607255,278.70475660846625,1929,1929,3858,0.14448147050724014,439,0.439,7,0.23147309185861187,231.79999979453717
nag,50,0.3315387365896765,0.31643799552899704,331.5387365896765,2346,2346,4692,0.14132085958639237,655,0.655,7,0.316104495716543,582.0714396814719
nag,50,0.25314573467610985,0.24112700550772564,253.14573467610987,1845,1845,3690,0.13720636025805413,370,0.37,7,0.26534193229936764,400.52605832913423
nag,50,0.44810526660651245,0.42227795125169676,448.10526660651243,3200,3200,6400,0.14003289581453512,1275,1.275,7,0.3899388601110308,1025.849613206118
nag,50,0.18751527840052956,0.17257734425652096,187.51527840052955,1363,1363,2726,0.13757540601652937,158,0.158,7,0.18775609846995353,158.60330163781657
nag,50,0.19782099916662071,0.18433011267407345,197.8209991666207,1373,1373,2746,0.14407938759404276,229,0.229,7,0.17246889807799284,210.55445834204568
nag,50,0.5332367981614656,0.49450797739674857,533.2367981614657,3670,3670,7340,0.14529613028922772,1896,1.896,7,0.6192935358177094,1321.7455619155166
nag,50,0.5412526500271904,0.5053712599510012,541.2526500271904,3699,3697,7396,0.1464032053089506,1861,1.861,7,0.6114758162959398,2149.661733522969
nag,50,0.33732915202149705,0.3112535741715522,337.32915202149707,2297,2297,4594,0.1468564005317793,721,0.721,7,0.3088696151636639,624.7459888057225
nag,50,0.31841336555738575,0.29990308464060456,318.41336555738576,2351,2351,4702,0.13543741623027894,663,0.663,7,0.2703932401577855,661.1650858516952
nag,50,0.27990182917914125,0.25533947221398917,279.90182917914126,1899,1899,3798,0.14739432816173842,450,0.45,7,0.2601061589960927,496.8285825403193
nag,50,0.33100247076483114,0.29647231042353217,331.0024707648311,2357,2356,4713,0.14049340864381626,579,0.579,7,0.36232070713985626,577.0010497280111
nag,50,0.13939889555487792,0.12775684985036456,139.39889555487792,941,941,1882,0.14813910260879695,76,0.076,7,0.15049452948923078,69.69511439094005
nag,50,0.2011443607364972,0.18747645967285825,201.1443607364972,1367,1367,2734,0.14714291202377264,263,0.263,7,0.18345577867349225,285.82491788532536
nag,50,0.3985923754988278,0.3643297247980523,398.59237549882783,2862,2861,5723,0.13931925043650048,950,0.95,7,0.4538828573456685,1124.4933911214102
nag,50,0.19781671921180594,0.17930500901422863,197.81671921180595,1390,1390,2780,0.14231418648331362,197,0.197,7,0.1599655961471771,208.91849239168667
nag,50,0.2634623912589812,0.2356497054172092,263.4623912589812,1826,1826,3652,0.14428389444632048,411,0.411,7,0.28422558239379,401.5908160749587
nag,50,0.2043792193373813,0.18659993316357343,204.3792193373813,1390,1390,2780,0.14703540959523834,188,0.188,7,0.19709721511578512,227.24076197810345
nag,50,0.40950271468662136,0.38835620522672143,409.50271468662135,2793,2792,5585,0.14667002675022253,1132,1.132,7,0.530535710068701,1192.866522940835
nag,50,0.32885702321884397,0.30466022818505994,328.85702321884395,2329,2329,4658,0.141200954580869,717,0.717,7,0.334937936517513,650.9211294747871
nag,50,0.2583930699731757,0.23824058278230756,258.39306997317567,1848,1848,3696,0.1398230898123245,413,0.413,7,0.26531622035848224,415.2698984513838
nag,50,0.3985264273949223,0.3819518259513319,398.5264273949223,2782,2781,5563,0.14330328205498824,981,0.981,7,0.4448989009682514,1041.0303447345982
nag,50,0.256704180519686,0.2419335336274134,256.704180519686,1805,1805,3610,0.14221838255938285,344,0.344,7,0.31013491269028187,392.28304569695524
nag,50,0.12378812141209333,0.11615774991991987,123.78812141209333,893,893,1786,0.1386205166988727,65,0.065,7,0.129283106323869,81.52013473205204
nag,50,0.46466055145499263,0.42177097411716613,464.6605514549926,3273,3273,6546,0.14196778229605642,1391,1.391,7,0.3537001139181446,1292.6147033094965
nag,50,0.26673781251762607,0.25185673937221587,266.7378125176261,1805,1804,3609,0.14785909784790802,467,0.467,7,0.2772002415586084,439.7836097596783
nag,50,0.4773679263623386,0.43878992987375887,477.3679263623386,3300,3299,6599,0.14470079610862038,1493,1.493,7,0.4667865421969461,1817.4504145422916
nag,50,0.25927579677123824,0.24185981356881908,259.2757967712382,1827,1827,3654,0.14191340819443798,395,0.395,7,0.26585496956061677,445.45289638766747
nag,50,0.12529662966125543,0.11917691210612241,125.29662966125542,890,890,1780,0.14078272995646676,86,0.086,7,0.12596529948413657,64.21563997342855
nag,50,0.5902179794256736,0.5420437763922166,590.2179794256735,4144,4144,8288,0.14242711858727644,2237,2.237,7,0.5328410839807306,2546.548302054644
nag,50,0.3172311986079725,0.3033791138104687,317.2311986079725,2264,2264,4528,0.14011978737101258,650,0.65,7,0.28401155829246655,798.8353228144549
nag,50,0.5226772146843023,0.46754316888274566,522.6772146843023,3757,3757,7514,0.13912089823910095,1597,1.597,7,0.5140318607745054,1619.841638246185
nag,50,0.4634336514110098,0.4294940912454853,463.4336514110098,3291,3290,6581,0.14086129222219143,1454,1.454,7,0.47109187395377244,1755.2531250783982
nag,50,0.3876047641703566,0.36845452531613054,387.6047641703566,2791,2791,5582,0.13887666218930728,821,0.821,7,0.35598332456417664,706.8509965854124
nag,50,0.2517316216903026,0.2379868282418123,251.73162169030263,1834,1834,3668,0.13725824519645727,421,0.421,7,0.23307952711146285,404.9552286792623
nag,50,0.6587212862357803,0.5924458053634404,658.7212862357803,4675,4673,9348,0.1409632540628676,2769,2.769,7,0.7031493868055834,2176.0150849980364
nag,50,0.26896233595428226,0.25222242717532334,268.96233595428225,1886,1886,3772,0.1426099342281454,473,0.473,7,0.328916629592154,485.81257679974556
nag,50,0.4072440831302246,0.37317722770114126,407.24408313022457,2814,2814,5628,0.14472071184442947,954,0.954,7,0.29943333801821775,658.4719869052118
nag,50,0.33866651130302194,0.31133117200849036,338.66651130302193,2356,2355,4711,0.14380743579746155,639,0.639,7,0.29122513814990375,717.8747846412771
nag,50,0.32444378588641726,0.308297452797822,324.44378588641723,2278,2277,4555,0.1424873894977678,671,0.671,7,0.29963702459008784,690.6042901343637
nag,50,0.2040799281409362,0.18713560860970244,204.0799281409362,1443,1443,2886,0.1414275316292004,226,0.226,7,0.20299628315303386,267.572467758138
nag,50,0.18603552482846555,0.17336611263391308,186.03552482846555,1323,1323,2646,0.14061642088319393,193,0.193,7,0.14074432245010216,249.68783917190652
nag,50,0.6092994854713573,0.5523360747553877,609.2994854713572,4233,4232,8465,0.1439743585707366,2351,2.351,7,0.5087418838350681,2162.1700912128463
nag,50,0.2547331508443889,0.2403412235887094,254.7331508443889,1751,1751,3502,0.14547866981404275,373,0.373,7,0.19417248444943067,502.44610692530057
nag,50,0.5833287966886073,0.535149387555784,583.3287966886072,4117,4117,8234,0.14168783014054098,2160,2.16,7,0.43584641977482147,1836.986537735272
nag,50,0.46265214859667875,0.438294656977571,462.6521485966787,3298,3297,6595,0.14032518914063655,1410,1.41,7,0.4118521806336213,1399.81528387358
nag,50,0.40071543068255855,0.3668867948557009,400.7154306825586,2812,2812,5624,0.14250193125268798,1021,1.021,7,0.30970645753830245,1055.5098319413228
nag,50,0.1928540735791664,0.18128471299643958,192.8540735791664,1355,1355,2710,0.14232772957872059,229,0.229,7,0.13579896019640755,213.22579698579906
nag,50,0.2745576645428712,0.24980206633552723,274.55766454287124,1882,1882,3764,0.14588611293457557,407,0.407,7,0.2558857582127217,405.2836464125812
nag,50,0.5202346403994342,0.48290962244091895,520.2346403994343,3652,3651,7303,0.1424909998355065,1769,1.769,7,0.46619479852773904,1485.6112771483051
nag,50,0.249697889107855,0.23169021102997725,249.69788910785502,1779,1779,3558,0.14035856610896852,398,0.398,7,0.1596960559600668,357.82001178993863
nag,50,0.270844381218732,0.25498944542336494,270.844381218732,1874,1874,3748,0.14452741793955817,459,0.459,7,0.24815904201632077,498.4707106358998
nag,50,0.7964923619477671,0.7431856020215082,796.4923619477671,5470,5469,10939,0.14563765989171093,4170,4.17,7,0.6665135715474079,3818.655611938062
nag,50,0.19540158944853098,0.184887263311331,195.40158944853098,1415,1415,2830,0.13809299607670034,224,0.224,7,0.2148663357817601,202.0199127147776
nag,50,0.40875972099822716,0.3817449137055238,408.7597209982272,2753,2751,5504,0.14858586732032977,1007,1.007,7,0.4587822244405682,773.568693916252
nag,50,0.6578073710526848,0.6170684923066033,657.8073710526849,4706,4704,9410,0.1398400023496354,2832,2.832,7,0.6517383736805212,2661.16063078625
nag,50,0.5242271276759926,0.48418359230933394,524.2271276759925,3699,3698,7397,0.14175963430935437,1757,1.757,7,0.41220365317335,1696.7071223514859
nag,50,0.4638847265265224,0.4255576539439596,463.8847265265224,3225,3225,6450,0.14384022527954182,1378,1.378,7,0.3781113104725957,1431.0647619487745
nag,50,0.26098297841615137,0.24146481655043664,260.98297841615135,1888,1887,3775,0.1383057649264183,378,0.378,7,0.23088194814378538,379.6233820735153
nag,50,0.5380421940885516,0.49600217782363676,538.0421940885516,3756,3755,7511,0.1432868692645943,1920,1.92,7,0.5335018489818134,2299.3145256913563
nag,50,0.27819040543986967,0.2545024208135005,278.19040543986966,1857,1856,3713,0.1498870718964815,405,0.405,7,0.22892635005179332,372.35626381040845
nag,50,0.33836896860957927,0.31222967420380227,338.36896860957927,2312,2312,4624,0.14635336012525055,738,0.738,7,0.29023014968559313,596.5907794219677
nag,50,0.19435973001784315,0.18289019441977308,194.35973001784316,1381,1381,2762,0.1407383997232753,209,0.209,7,0.13111567942101007,204.3489328811762
nag,50,0.5357890258652623,0.5090167886182986,535.7890258652624,3712,3709,7421,0.144456464239758,1832,1.832,7,0.38889057469913313,1784.4203410315797
nag,50,0.464901165985732,0.43020740186188966,464.901165985732,3242,3240,6482,0.14348801419312715,1360,1.36,7,0.3859481478667582,1229.6077499494927
nag,50,0.44829752599952905,0.4116673008652715,448.29752599952906,3179,3179,6358,0.1410184101917361,1241,1.241,7,0.39915570466504846,786.0008983658347
nag,50,0.19847881145834415,0.1836364360541545,198.47881145834415,1375,1375,2750,0.14434822651515938,242,0.242,7,0.14107423278932993,230.58304314391725
nag,50,0.32680456035391575,0.30269592706451925,326.80456035391575,2362,2362,4724,0.13835925501859261,702,0.702,7,0.31778238469304526,584.7658238617876
nag,50,0.25670414947384523,0.23654126589356994,256.70414947384523,1828,1828,3656,0.14042896579532016,462,0.462,7,0.2781430507658566,491.40921279132937
nag,50,0.2702859528198053,0.25036147810847453,270.2859528198053,1879,1879,3758,0.14384563747727797,460,0.46,7,0.28975246074763095,427.83081896988216
nag,50,0.3270159479741692,0.298849088334812,327.0159479741692,2277,2277,4554,0.1436170171164555,636,0.636,7,0.28355592800206414,683.8326225108412
nag,50,0.3991216781312579,0.37845435726402826,399.12167813125785,2837,2837,5674,0.1406844124537391,1061,1.061,7,0.3526265525530899,1112.2787697615834
nag,50,0.1297070063422432,0.12158667874777752,129.7070063422432,930,930,1860,0.13946989929273462,97,0.097,7,0.09119274652114447,115.28295910309363
nag,50,0.2522654579131909,0.2350330803411487,252.26545791319086,1816,1816,3632,0.13891269708876147,412,0.412,7,0.2762612792888038,380.66211434433467
nag,50,0.19821404853572153,0.18318620564949695,198.21404853572153,1424,1424,2848,0.13919525880317524,263,0.263,7,0.2458924957662664,284.35349668325983
nag,50,0.3217548056498862,0.3003950028921818,321.7548056498862,2334,2334,4668,0.13785552941297607,623,0.623,7,0.35303005458835185,624.0141893676388
nag,50,0.13598407989450198,0.12620185992103955,135.98407989450197,912,912,1824,0.14910535076151532,103,0.103,7,0.13290255459984687,108.6912658086621
nag,50,0.2502485449830026,0.23374878628088805,250.2485449830026,1801,1801,3602,0.13894977511549284,373,0.373,7,0.1712865900364903,372.7754631324493
nag,50,0.25962985408863337,0.24613245490520255,259.62985408863335,1860,1860,3720,0.13958594305840502,435,0.435,7,0.25800866478406137,367.1192064484788
nag,50,0.19609065320577093,0.18273502572713196,196.09065320577093,1372,1372,2744,0.14292321662228202,222,0.222,7,0.19574396411184442,191.65649655057743
nag,50,0.3266471526228169,0.3055994527017707,326.6471526228169,2283,2283,4566,0.14307803443837797,662,0.662,7,0.2928793536149409,478.09691315872936
nag,50,0.20136077616817777,0.1842386534204341,201.36077616817778,1439,1438,2877,0.1400283561670221,234,0.234,7,0.17065861634756688,250.7876951164931
nag,50,0.40615144263999103,0.3794907922936611,406.15144263999105,2768,2768,5536,0.14673101251444765,968,0.968,7,0.4738513294207747,985.7235838177405
nag,50,0.25976368189641935,0.23675301436820204,259.76368189641937,1805,1805,3610,0.14391339717253152,400,0.4,7,0.1474784964443965,393.87603660000883
nag,50,0.06824093931736924,0.06358411351845236,68.24093931736924,458,458,916,0.14899768409905947,13,0.013,7,0.07684795290070277,15.5767298845928
nag,50,0.13070616169696744,0.1235223092214403,130.70616169696746,939,939,1878,0.13919719030560965,80,0.08,7,0.1098211352259594,91.4860957755076
nag,50,0.4462540622963548,0.4059547876132334,446.2540622963548,3196,3196,6392,0.13962893063089948,1218,1.218,7,0.37477656471063137,1324.0698879311478
nag,50,0.34369115974528425,0.3132955690371049,343.69115974528427,2361,2359,4720,0.14569358191830617,728,0.728,7,0.2526385851318142,753.9390008898157
nag,50,0.32674259874741934,0.30916419001707457,326.7425987474193,2322,2322,4644,0.1407160201323942,654,0.654,7,0.3053532147864931,516.4593601262156
nag,50,0.5907410975711452,0.5342636969198129,590.7410975711452,4180,4180,8360,0.14132562142850363,2299,2.299,7,0.432968395446665,2206.2692921423272
nag,50,0.6555562241071475,0.6115859833573956,655.5562241071475,4615,4615,9230,0.14204901930815764,2739,2.739,7,0.515587689212706,2639.6229922049542
nag,50,0.7298657528970652,0.6860821991890704,729.8657528970652,5130,5130,10260,0.14227402590586066,3458,3.458,7,0.711747136719979,2806.361330843617
nag,50,0.2688138551716335,0.2468711717252393,268.81385517163346,1843,1843,3686,0.14585667670734317,459,0.459,7,0.224247875089039,424.72796906268206
nag,50,0.34167550845080863,0.31871887338779187,341.67550845080865,2320,2319,4639,0.14733743357085324,669,0.669,7,0.3865432410867575,751.6321953827867
nag,50,0.12930242470597816,0.12129961094120358,129.30242470597815,923,923,1846,0.14008930087321578,91,0.091,7,0.15056633241461778,97.69804773927503
nag,50,0.26476101408182784,0.2453423717573645,264.76101408182785,1877,1877,3754,0.14105541506756944,386,0.386,7,0.3031785898724086,447.21926089297034
nag,50,0.39548672264186147,0.3595642547594722,395.4867226418615,2716,2714,5430,0.14572097370739184,934,0.934,7,0.36888319629304667,745.9103848810662
nag,50,0.4641085342045635,0.4277453984484199,464.1085342045635,3284,3283,6567,0.14136720505774095,1405,1.405,7,0.492018060493675,1742.2232860673091
nag,50,0.12755740339669555,0.1165099665953679,127.55740339669555,927,927,1854,0.13760237691121419,72,0.072,7,0.12593757080704765,73.30272548895215
nag,50,0.3486835491005149,0.3228962528967987,348.68354910051494,2429,2428,4857,0.14360936948126646,776,0.776,7,0.3629573977955051,779.0932065958991
nag,50,0.4069636559744739,0.38047578511434027,406.9636559744739,2762,2762,5524,0.14734382910009916,970,0.97,7,0.4043406609225673,789.61914977586
nag,50,0.3769232106387562,0.35042189964015336,376.92321063875625,2717,2717,5434,0.13872771830649844,906,0.906,7,0.29943310782425525,860.1841693097923
nag,50,0.3839952614925051,0.34181840150548043,383.9952614925051,2692,2691,5383,0.14269612095596623,882,0.882,7,0.3881676079220665,909.1568058422212
nag,50,0.5873240898253191,0.544108931932788,587.3240898253191,4167,4166,8333,0.14098033841222254,2326,2.326,7,0.5968520250201073,2074.2128170659494
nag,50,0.0,0.0,0.0,0,0,0,,0,0.0,7,0.0,0.0
nag,50,0.4684812685194038,0.43633719121163517,468.4812685194038,3242,3242,6484,0.14450378424410973,1283,1.283,7,0.4110306378135598,1247.7676202877403
nag,50,0.12362758664382453,0.1168336126730932,123.62758664382453,898,898,1796,0.1376699183116086,65,0.065,7,0.11565297134191435,71.84415182841198
nag,50,0.3343520474458278,0.30912090011940163,334.3520474458278,2379,2379,4758,0.140543105273572,735,0.735,7,0.340546418569362,663.4641500020072
nag,50,0.05903524529918848,0.05555008511165313,59.03524529918848,457,457,914,0.1291799678319223,9,0.009,7,0.0631765470539182,8.228392973276502
nag,50,0.5094029401139549,0.46618819423059493,509.4029401139549,3604,3603,7207,0.1413829975337094,1634,1.634,7,0.37277801897771107,1658.8830204231379
nag,50,0.38032334853436034,0.35182735111654817,380.3233485343603,2724,2723,5447,0.13967071191125977,936,0.936,7,0.2990384749662028,914.8973864934399
nag,50,0.3264076216663526,0.29664385369790114,326.4076216663526,2338,2338,4676,0.13960976119176757,697,0.697,7,0.29220501174352076,659.2509403999352
nag,50,0.45271823347871215,0.42421373310875593,452.71823347871214,3223,3223,6446,0.1404648568038201,1236,1.236,7,0.3844966127838266,1185.933079108175
nag,50,0.5425320846547939,0.4957143013871006,542.5320846547938,3829,3829,7658,0.1416902806619989,1991,1.991,7,0.4924416005530872,2173.0543893140834
nag,50,0.20585581208809317,0.18554943955811845,205.85581208809316,1433,1432,2865,0.14375405872073543,253,0.253,7,0.18061658477911482,276.5687397636967
nag,50,0.13042416795409634,0.121381607301007,130.42416795409633,921,921,1842,0.14161147443441513,84,0.084,7,0.12496285558946027,97.70772009590067
nag,50,0.3879193183578196,0.3588046819936085,387.91931835781963,2682,2681,5363,0.14469202475114495,866,0.866,7,0.3891315005168456,887.9641111107218
nag,50,0.3932081641582684,0.37130923165386376,393.2081641582684,2730,2730,5460,0.14403229456346828,1010,1.01,7,0.4523191239149238,1267.148858572959
nag,50,0.25745545784240015,0.23946150366024135,257.45545784240016,1885,1884,3769,0.1366536400437368,476,0.476,7,0.2939539208763448,335.9542880418835
nag,50,0.13568189302783323,0.12952138803095176,135.68189302783324,957,957,1914,0.1417783626205154,103,0.103,7,0.10526069470181397,93.23753509156087
nag,50,0.33705815547750717,0.31165944665733264,337.05815547750717,2302,2301,4603,0.1464833357138232,706,0.706,7,0.3705649576906073,828.1514195074277
nag,50,0.14058921306438943,0.13107928606064603,140.58921306438944,954,954,1908,0.1473681478662363,99,0.099,7,0.10289325551294776,128.87244857933084
nag,50,0.4803401888930256,0.44505985740530435,480.3401888930256,3286,3285,6571,0.14622227972390428,1412,1.412,7,0.4749675520875642,1238.2681621802653
nag,50,0.13022460067059238,0.12140994535316287,130.2246006705924,928,928,1856,0.1403282334812418,94,0.094,7,0.10558360569770109,100.57269430671747
nag,50,0.8773147568914023,0.8277495337355404,877.3147568914022,6032,6030,12062,0.14549166780951944,5143,5.143,7,0.9053012840165754,5844.174287318901
nag,50,0.26094357695066,0.24130617918199573,260.94357695066003,1891,1891,3782,0.1379923727925225,478,0.478,7,0.2128172081221864,471.72163985164923
nag,50,0.2760484990782975,0.2597381060709449,276.0484990782975,1908,1908,3816,0.1446795068544536,426,0.426,7,0.2955969631237403,425.8003622519523
nag,50,0.27799174253774667,0.2585594948647228,277.9917425377467,1877,1877,3754,0.14810428478302967,401,0.401,7,0.22295690091527415,464.36921144402083
nag,50,0.3990511055291918,0.3708910080767447,399.05110552919183,2738,2736,5474,0.14585201225482158,984,0.984,7,0.34254759508366933,1179.6101058208687
nag,50,0.5265550780250269,0.4849778227810482,526.5550780250269,3710,3709,7419,0.14196685845916066,1759,1.759,7,0.4393708738596249,1427.015924077255
nag,50,0.2563211738620516,0.2385931444059737,256.32117386205164,1783,1783,3566,0.14375837008527853,415,0.415,7,0.27706772850050626,357.17492664926755
nag,50,0.5234510823534878,0.46809585443355867,523.4510823534878,3698,3697,7395,0.14158806663605294,1748,1.748,7,0.43256942648897195,1699.2912288782543
nag,50,0.4506494739140274,0.42571355123182625,450.6494739140274,3198,3196,6394,0.14100421586796852,1280,1.28,7,0.43290039000062436,1214.2187242508596
nag,50,0.462413213110836,0.4300035430064259,462.413213110836,3223,3223,6446,0.14347291750258642,1338,1.338,7,0.4796632867108139,1215.124048926432
nag,50,0.3463534161346166,0.3291794978246677,346.3534161346166,2383,2383,4766,0.14534343941863895,712,0.712,7,0.3222132541094934,767.0811864095348
nag,50,0.2015851130474524,0.19187271700693775,201.5851130474524,1406,1406,2812,0.14337490259420513,224,0.224,7,0.194032955995048,217.67354685815673
nag,50,0.46925557219319025,0.4318859804689519,469.25557219319023,3280,3280,6560,0.14306572322963118,1347,1.347,7,0.4139696204750518,1301.096440042365
nag,50,0.5427194757442065,0.5162237180831362,542.7194757442065,3822,3821,7643,0.14203597899612838,1932,1.932,7,0.5378780011973117,2124.88275541484
nag,50,0.3934882267802255,0.37090168097498827,393.4882267802255,2804,2804,5608,0.1403310366548593,973,0.973,7,0.3881283088490274,943.3569486047747
nag,50,0.06531831846282242,0.06105183573601172,65.31831846282242,437,437,874,0.1494698362993648,15,0.015,7,0.042962847148787786,16.21046573822275
nag,50,0.06539431733931184,0.06111790059903721,65.39431733931184,443,443,886,0.14761696916323214,11,0.011,7,0.06632762073257303,9.889081953400575
nag,50,0.2604466980355972,0.24172274010902467,260.44669803559725,1867,1866,3733,0.13957486497084526,458,0.458,7,0.18838006905706353,500.5368285024471
nag,50,0.13970893035499074,0.13090228329349915,139.70893035499074,942,942,1884,0.1483109664065719,93,0.093,7,0.1272134335928334,98.11133502954502
nag,50,0.1390483708444246,0.12680153733412317,139.0483708444246,955,955,1910,0.1456003883187692,94,0.094,7,0.13040177527068986,84.99686282866392
nag,50,0.6085124307066072,0.5680812617584201,608.5124307066072,4215,4214,8429,0.14440257017242697,2339,2.339,7,0.6894993065094558,2590.6882959614836
nag,50,0.32810577093294213,0.29939943874940717,328.1057709329421,2343,2341,4684,0.14015624559288428,656,0.656,7,0.3693018653504504,569.08957752458
nag,50,0.3323155147402218,0.30933154690052,332.31551474022183,2304,2304,4608,0.14423416438377684,693,0.693,7,0.3013353872935599,770.2260037725089
nag,50,0.44864138541070464,0.40956424271604364,448.64138541070463,3222,3222,6444,0.13924313637824476,1273,1.273,7,0.4958286941940135,1396.2415370890299
nag,50,0.19806968993235385,0.18391435289209265,198.06968993235387,1445,1444,2889,0.13716737529941403,259,0.259,7,0.1452091652795627,239.1866267664664
nag,50,0.33038133495714933,0.311090227374446,330.3813349571493,2280,2280,4560,0.14490409427945145,645,0.645,7,0.23147099353733733,530.1494634931706
nag,50,0.46039032802345176,0.4278643046917948,460.39032802345173,3283,3282,6565,0.1402773699035502,1339,1.339,7,0.4200271344451421,1113.9031992073103
nag,50,0.27173626886045726,0.25354750851417324,271.73626886045724,1888,1887,3775,0.1440043820140208,431,0.431,7,0.25805586528882446,363.3695452530675
nag,50,0.20515272603572984,0.19357786585414397,205.15272603572984,1382,1382,2764,0.14844625617636023,238,0.238,7,0.1967341331672823,232.64504542175382
nag,50,0.4470600189210833,0.43034846388334913,447.0600189210833,3165,3165,6330,0.1412511908123486,1257,1.257,7,0.3448883886985691,1173.7108057482528
nag,50,0.3866100064513456,0.3533777903354089,386.61000645134555,2755,2755,5510,0.14033031087163178,1006,1.006,7,0.39095110693771107,1056.3278314888307
nag,50,0.20959874231644662,0.19503511552932185,209.59874231644662,1455,1454,2909,0.14415319278985325,253,0.253,7,0.24946406800830684,319.0120766696117
nag,50,0.3203107755778441,0.2957090912281441,320.3107755778441,2339,2339,4678,0.13694346967842844,592,0.592,7,0.24915460506955364,568.1840281177246
nag,50,0.4146414202559385,0.39334411183439505,414.6414202559385,2827,2827,5654,0.14667188548140733,1031,1.031,7,0.33535413771621875,1104.0770320671547
nag,50,0.27341539237707685,0.25628429453120066,273.41539237707684,1862,1862,3724,0.14683963070734524,451,0.451,7,0.2695879069937549,530.8181834387801
nag,50,0.20853006892759224,0.18952716200845285,208.53006892759223,1365,1365,2730,0.15276928126563533,197,0.197,7,0.1921537679680315,211.78988431961955
nag,50,0.2682319449340449,0.24590362766472249,268.2319449340449,1835,1835,3670,0.14617544683054218,376,0.376,7,0.2108578113879867,403.0429828867778
nag,50,0.07377087587584916,0.06832873374835921,73.77087587584916,497,497,994,0.14843234582665826,13,0.013,7,0.08397374078489821,13.117647994821265
nag,50,0.5220999722884963,0.4779305717102329,522.0999722884962,3643,3643,7286,0.14331594078739945,1914,1.914,7,0.40502220855346394,1823.5357302938503
nag,50,0.3339706884830589,0.32210679320314395,333.9706884830589,2291,2290,4581,0.14583872859522223,587,0.587,7,0.4472845576978056,596.51745481313
nag,50,0.2788982651613108,0.2562589186992843,278.8982651613108,1854,1853,3707,0.15051174590464694,472,0.472,7,0.23731236278561108,593.2770619042325
nag,50,0.3896243619115365,0.3550412034639193,389.6243619115365,2748,2748,5496,0.14178470229677456,990,0.99,7,0.2611049856210832,748.5544165274308
nag,50,0.12278845166558106,0.11363034786232365,122.78845166558105,920,920,1840,0.13346570833215332,108,0.108,7,0.14803208286550887,118.49887089405078
nag,50,0.4625724817514832,0.42678466411466537,462.57248175148317,3196,3195,6391,0.1447801194840323,1427,1.427,7,0.40327986531884563,1834.0895939540258
nag,50,0.33187066442595436,0.3092103856413891,331.8706644259544,2326,2325,4651,0.14274007072084058,662,0.662,7,0.2693150318587548,617.3876238673505
nag,50,0.4594503429564946,0.42309237677311773,459.45034295649464,3203,3203,6406,0.14344375365485315,1292,1.292,7,0.37163302557414063,1361.3998537182724
nag,50,0.19063877709450186,0.1789205749898117,190.63877709450185,1411,1410,2821,0.1352048064500013,204,0.204,7,0.1669411073018085,242.37396299175512
nag,50,0.25745052625014186,0.2359801810352287,257.4505262501419,1797,1797,3594,0.14326684821933328,423,0.423,7,0.27201086597324436,431.5240264064744
nag,50,0.26269495807028376,0.24794774644305267,262.69495807028375,1812,1811,3623,0.14505519495874308,420,0.42,7,0.2443851818787999,520.515605447615
nag,50,0.34893598487866756,0.3212129638933095,348.93598487866757,2411,2410,4821,0.14478671571728946,735,0.735,7,0.23384990170492434,594.4635270404759
nag,50,0.25778050872105324,0.2415194481729132,257.78050872105325,1848,1848,3696,0.1394916172732972,390,0.39,7,0.2782282181689816,391.20134694906557
nag,50,0.2692545130628318,0.24649111690584616,269.25451306283185,1889,1889,3778,0.14253812232018626,423,0.423,7,0.2545488786475028,375.753750745293
nag,50,0.4621446840205357,0.43124959712511857,462.1446840205357,3211,3211,6422,0.1439254699534524,1402,1.402,7,0.4607552998896141,1477.6772762093096
nag,50,0.451233190812476,0.4259002849283601,451.233190812476,3222,3220,6442,0.14013453130822234,1322,1.322,7,0.48255657181626127,1411.4563171688199
nag,50,0.12891879222075128,0.121735432844353,128.91879222075127,904,904,1808,0.1426092834300346,96,0.096,7,0.12287505700606763,69.10255780946513
nag,50,0.46427194853329196,0.4253111080586932,464.27194853329195,3277,3277,6554,0.14167590739496244,1381,1.381,7,0.38944656208997813,1846.425968311421
nag,50,0.4824860787041013,0.44798096002213783,482.4860787041013,3315,3314,6629,0.1455902470440861,1370,1.37,7,0.3130781833053055,1719.1336188077346
nag,50,0.3903075571187982,0.3551506048024959,390.30755711879823,2708,2708,5416,0.14413129878833023,865,0.865,7,0.4267442506944179,892.1178905888897
nag,50,0.4076208392629815,0.38520640879735957,407.62083926298146,2844,2844,5688,0.14332659608403006,1079,1.079,7,0.368942790410318,1049.259138901959
nag,50,0.3894526175762259,0.3655621883837199,389.4526175762259,2733,2733,5466,0.14250004302093885,1003,1.003,7,0.308622193002786,1053.2668417338152
nag,50,0.14090216107385664,0.13090038929955103,140.90216107385663,925,925,1850,0.15232666062038555,102,0.102,7,0.12447504342677744,125.86550600277745
nag,50,0.26898363298344485,0.24742140139102023,268.98363298344486,1903,1902,3805,0.14142146844555462,423,0.423,7,0.2807019409461832,497.9374106606761
nag,50,0.19250995182740044,0.17781679739184608,192.50995182740044,1379,1379,2758,0.13960112532806412,196,0.196,7,0.19562740516057597,232.70649287366663
nag,50,0.5390633229663658,0.506548065359403,539.0633229663658,3712,3712,7424,0.14522180036809423,1817,1.817,7,0.5947595653448212,1725.093188503236
nag,50,0.59954097279047,0.5520028688817318,599.54097279047,4157,4156,8313,0.1442591368600746,2301,2.301,7,0.5381745473124316,2038.7661821007894
nag,50,0.40077774130909677,0.37088542548178843,400.77774130909677,2798,2798,5596,0.14323721991032765,1017,1.017,7,0.37817477661567755,708.7466996083268
nag,50,0.46857220378359865,0.4367442668692255,468.57220378359864,3211,3210,6421,0.14597264915376904,1452,1.452,7,0.46521538603985907,1136.4657697986966
nag,50,0.4709798587859048,0.4344827793394866,470.9798587859048,3232,3232,6464,0.14572396620851016,1335,1.335,7,0.3745061570640137,1119.5252685286116
nag,50,0.40246028245357274,0.37922140180572955,402.46028245357274,2757,2757,5514,0.14597761423778483,937,0.937,7,0.35365951623839104,937.534632379409
nag,50,0.1943426684318996,0.18568469343903216,194.3426684318996,1351,1351,2702,0.14385097589333798,214,0.214,7,0.21964957388540216,187.51006046310286
nag,50,0.20534718522082368,0.1945243264827824,205.3471852208237,1376,1376,2752,0.14923487298024976,214,0.214,7,0.21699424647567617,245.13682776636003
nag,50,0.3881437431340273,0.3520430436245255,388.14374313402726,2739,2739,5478,0.1417100193990607,857,0.857,7,0.3456594291588294,706.5143053686368
nag,50,0.1374019036270611,0.13052403014587285,137.4019036270611,979,979,1958,0.14034923761701848,118,0.118,7,0.15240926885098918,137.72639290831302
nag,50,0.4801631214105296,0.43717034480988226,480.1631214105296,3291,3290,6581,0.14594623751079927,1461,1.461,7,0.3359517036883695,1505.888684168757
nag,50,0.4640991428362778,0.43406655157919316,464.0991428362778,3257,3255,6512,0.14258038182374125,1320,1.32,7,0.4363235530569103,1350.648135881625
nag,50,0.3486905296636834,0.3268019343401975,348.69052966368344,2353,2353,4706,0.1481897703628064,752,0.752,7,0.31074219718473434,760.9129452924138
nag,50,0.2626501161469516,0.24141216609858285,262.65011614695163,1876,1876,3752,0.14000539240242624,358,0.358,7,0.24143791802906459,337.97823052262015
nag,50,0.264051296157061,0.24849520518044851,264.051296157061,1879,1879,3758,0.1405275658100378,395,0.395,7,0.20623440026801457,403.78657118488445
nag,50,0.4654672535885943,0.435216159556756,465.4672535885943,3244,3242,6486,0.14357410659734557,1439,1.439,7,0.4414780025775998,1469.3269510296311
nag,50,0.464691991083096,0.4289708651008993,464.691991083096,3298,3298,6596,0.14090114950973195,1394,1.394,7,0.45924000525732883,1594.0651178774524
nag,50,0.4279689520304539,0.39058704027761815,427.96895203045386,2851,2851,5702,0.15011187373919813,1054,1.054,7,0.4625383384146364,1140.5606261979517
nag,50,0.4001508584697399,0.3739415962323998,400.1508584697399,2739,2739,5478,0.1460937781926761,1010,1.01,7,0.284620077039848,1156.7046866109938
nag,50,0.47160601414689907,0.43214535367153367,471.60601414689904,3264,3264,6528,0.1444871366871627,1445,1.445,7,0.4615817148544206,1632.8002398284366
nag,50,0.26576339146360195,0.24485482907535458,265.763391463602,1864,1864,3728,0.14257692675085942,450,0.45,7,0.2522504528659458,490.7752531168507
nag,50,0.6278441685713237,0.5740548623342372,627.8441685713237,4200,4199,8399,0.14952230735206568,2328,2.328,7,0.699004471351074,2216.1005495474174
bg,50,0.00074906625389184,0.0007485051536391204,0.74906625389184,17,17,34,0.044062720817167056,0,0.0,7,0.0004854803605940749,0.0
bg,50,0.0014313261248381046,0.0014292774303624604,1.4313261248381046,29,29,58,0.04935607327027947,0,0.0,7,0.001675631852705187,0.0
bg,50,0.0006466999879847624,0.0006462817671103031,0.6466999879847624,27,27,54,0.023951851406843052,0,0.0,7,0.0007077578663098267,0.0
bg,50,0.001040422811621923,0.0010393403319949796,1.040422811621923,32,32,64,0.03251321286318509,0,0.0,7,0.0011736992200230387,0.0
bg,50,0.0011987456087122724,0.0011973086176778652,1.1987456087122723,26,26,52,0.0461056003350874,0,0.0,7,0.0014490277083402646,0.0
bg,50,0.0004603751711025197,0.000460163225804352,0.4603751711025197,20,20,40,0.023018758555125984,0,0.0,7,0.0006137702444121537,0.0
bg,50,0.0008169082911144017,0.0008162409519583102,0.8169082911144017,29,29,58,0.02816925141773799,0,0.0,7,0.0007076149618517649,0.0
bg,50,0.0009387079703104319,0.0009378267976569075,0.938707970310432,24,24,48,0.039112832096268,0,0.0,7,0.0009504948071011799,0.0
bg,50,0.0007747515650569477,0.0007741513250693897,0.7747515650569476,26,26,52,0.02979813711757491,0,0.0,7,0.0008382655586991808,0.0
bg,50,0.0004912025056612705,0.0004909612257597026,0.49120250566127055,21,21,42,0.02339059550767955,0,0.0,7,0.0005037583817966216,0.0
bg,50,0.0009587557942743103,0.0009578365816012559,0.9587557942743103,40,40,80,0.02396889485685776,0,0.0,7,0.0011401486861230925,0.0
bg,50,0.0006660146507393066,0.0006655710752243071,0.6660146507393065,24,24,48,0.027750610447471107,0,0.0,7,0.0007042105467593142,0.0
bg,50,0.001195897118343975,0.0011944669484263118,1.195897118343975,27,27,54,0.04429248586459167,0,0.0,7,0.0012632227311316702,0.0
bg,50,0.0006694555258822276,0.0006690073551810933,0.6694555258822277,22,22,44,0.03042979663101035,0,0.0,7,0.0007532968459867255,0.0
bg,50,0.0010818099193822804,0.0010806396066806064,1.0818099193822803,33,33,66,0.03278211876916001,0,0.0,7,0.0012092325738607464,0.0
bg,50,0.000574225503274743,0.0005738957683461317,0.574225503274743,17,17,34,0.033777970780867236,0,0.0,7,0.0005168953465733869,0.0
bg,50,0.00044199394157882745,0.00044179858293443496,0.44199394157882743,21,21,42,0.021047330551372735,0,0.0,7,0.0005105393416474006,0.0
bg,50,0.0010117736460352727,0.0010107499601244613,1.0117736460352726,30,30,60,0.033725788201175756,0,0.0,7,0.0009503680449071602,0.0
bg,50,0.0013556994829742096,0.001353861561886073,1.3556994829742095,30,30,60,0.045189982765806984,0,0.0,7,0.0016654018412445622,0.0
bg,50,0.0008954079916596243,0.0008946062361880965,0.8954079916596243,30,30,60,0.02984693305532081,0,0.0,7,0.0008824681204169096,0.0
bg,50,0.0005602670455135624,0.0005599531463512738,0.5602670455135623,22,22,44,0.025466683886980104,0,0.0,7,0.0005964577448422777,0.0
bg,50,0.0009899427637903955,0.0009889627771148145,0.9899427637903955,25,25,50,0.03959771055161582,0,0.0,7,0.0009469798538885883,0.0
bg,50,0.0010736953663585721,0.0010725425446188321,1.0736953663585722,29,29,58,0.037023978150295594,0,0.0,7,0.0013951644646364315,0.0
bg,50,0.0011363359013053303,0.0011350446420247348,1.1363359013053302,28,28,56,0.04058342504661894,0,0.0,7,0.0012074748079760566,0.0
bg,50,0.0007462204453095392,0.0007456636003565411,0.7462204453095391,27,27,54,0.027637794270723673,0,0.0,7,0.0006982476659309255,0.0
bg,50,0.0008265468375035638,0.0008258636578289768,0.8265468375035638,19,19,38,0.04350246513176652,0,0.0,7,0.0009013331554542966,0.0
bg,50,0.0006457191910136526,0.0006453022377400094,0.6457191910136526,18,18,36,0.035873288389647366,0,0.0,7,0.000671832962127251,0.0
bg,50,0.0008134623009015343,0.0008128005799865463,0.8134623009015343,29,29,58,0.02805042416901842,0,0.0,7,0.000695737445700794,0.0
bg,50,0.0007673292919807651,0.0007667404977384335,0.767329291980765,23,23,46,0.03336214312959848,0,0.0,7,0.0007176120103439769,0.0
bg,50,0.0010049920586074918,0.0010039820495696278,1.0049920586074919,23,23,46,0.043695306895977906,0,0.0,7,0.0011411342481656714,0.0
bg,50,0.0008326600752460714,0.0008319667524451628,0.8326600752460713,23,23,46,0.036202611967220494,0,0.0,7,0.000984561515278813,0.0
bg,50,0.0005328160896590628,0.0005325321966736632,0.5328160896590628,18,18,36,0.029600893869947933,0,0.0,7,0.0005072727729759372,0.0
bg,50,0.0009836308120537592,0.0009826632824793376,0.9836308120537591,23,23,46,0.04276655704581561,0,0.0,7,0.001171895048425267,0.0
bg,50,0.0008741586632310714,0.0008733945098625695,0.8741586632310714,27,27,54,0.03237624678633598,0,0.0,7,0.0009287613251896567,0.0
bg,50,0.0008843719282636051,0.0008835898145561043,0.8843719282636051,23,23,46,0.03845095340276544,0,0.0,7,0.0009305573932977696,0.0
bg,50,0.000713952074635678,0.0007134423470708015,0.713952074635678,27,27,54,0.026442669430951037,0,0.0,7,0.0007576190267048667,0.0
bg,50,0.0011781069255236943,0.0011767189895957278,1.1781069255236942,33,33,66,0.03570020986435437,1,0.001,7,0.0011358236727063425,1.001884282547041
bg,50,0.0007799163277356059,0.0007793080582573373,0.7799163277356058,15,15,30,0.051994421849040386,0,0.0,7,0.0008353423927878902,0.0
bg,50,0.0003697511540254226,0.00036961443810951946,0.3697511540254226,17,17,34,0.021750067883848388,0,0.0,7,0.00031080913873274084,0.0
bg,50,0.0005854020366381754,0.0005850593410936753,0.5854020366381754,17,17,34,0.03443541391989267,0,0.0,7,0.0007828381269047671,0.0
bg,50,0.00040509499146030236,0.0004049308895081961,0.40509499146030237,22,22,44,0.018413408702741017,0,0.0,7,0.00038935137810928164,0.0
bg,50,0.0004771348335701724,0.00047690717592076645,0.4771348335701724,20,20,40,0.023856741678508618,0,0.0,7,0.0005815725034842403,0.0
bg,50,0.0006270724435330806,0.0006266792236836419,0.6270724435330806,16,16,32,0.039192027720817535,0,0.0,7,0.0006035024723274211,0.0
bg,50,0.0006798716046501169,0.0006794093792513076,0.679871604650117,30,30,60,0.022662386821670565,0,0.0,7,0.0007355779673842458,0.0
bg,50,0.0004923652641708571,0.0004921228406174951,0.49236526417085713,19,19,38,0.025913961272150374,0,0.0,7,0.0004745641137433247,0.0
bg,50,0.0006692687933064576,0.0006688208725887639,0.6692687933064576,17,17,34,0.039368752547438685,0,0.0,7,0.0005969774977874954,0.0
bg,50,0.0005041828722829687,0.0005039286719142653,0.5041828722829687,19,19,38,0.026535940646472033,0,0.0,7,0.0004830935977151233,0.0
bg,50,0.000824811554438976,0.0008241312403386397,0.824811554438976,25,25,50,0.032992462177559044,0,0.0,7,0.0007786653260169514,0.0
bg,50,0.0007432213009552484,0.0007426689230530547,0.7432213009552484,25,25,50,0.029728852038209935,0,0.0,7,0.0007725540375947387,0.0
bg,50,0.000619157258786371,0.000618773903075263,0.619157258786371,19,19,38,0.032587224146651106,0,0.0,7,0.0005541516151714542,0.0
bg,50,0.0010523763256538813,0.0010512688297230847,1.0523763256538814,21,21,42,0.05011315836447054,0,0.0,7,0.0012374466693810897,0.0
bg,50,0.0008962507653568057,0.000895447499922403,0.8962507653568057,32,32,64,0.028007836417400178,0,0.0,7,0.001195816778012017,0.0
bg,50,0.0006440281129098153,0.0006436133406995972,0.6440281129098153,28,28,56,0.023001004032493406,0,0.0,7,0.0006214404955228824,0.0
bg,50,0.000907289577131408,0.000906466402754637,0.907289577131408,31,31,62,0.029267405713916388,0,0.0,7,0.0007787963025998918,0.0
bg,50,0.0006469491353587595,0.0006465305921750181,0.6469491353587595,23,23,46,0.028128223276467804,0,0.0,7,0.0006705960628965306,0.0
bg,50,0.0007178176363091425,0.0007173023741501458,0.7178176363091424,17,17,34,0.04222456684171426,0,0.0,7,0.0006088491332043724,0.0
bg,50,0.0006650619857382285,0.0006646196782933543,0.6650619857382285,27,27,54,0.024631925397712168,0,0.0,7,0.0005650184888278978,0.0
bg,50,0.0008525578035798067,0.0008518309487713617,0.8525578035798067,32,32,64,0.02664243136186896,0,0.0,7,0.0006971019463358484,0.0
bg,50,0.0008062760293980605,0.0008056259483624783,0.8062760293980604,24,24,48,0.03359483455825252,0,0.0,7,0.0010349319038877947,0.0
bg,50,0.000777014869253648,0.0007764111171466068,0.777014869253648,30,30,60,0.025900495641788267,0,0.0,7,0.0009410619133072602,0.0
bg,50,0.000665769208282498,0.0006653259596438008,0.665769208282498,24,24,48,0.027740383678437414,0,0.0,7,0.0007061809355341594,0.0
bg,50,0.0002325945597829726,0.00023254045955373198,0.2325945597829726,14,14,28,0.016613897127355188,0,0.0,7,0.0002087339120458048,0.0
bg,50,0.0007406719911601982,0.000740123396161709,0.7406719911601982,28,28,56,0.026452571112864223,0,0.0,7,0.0007858687322822108,0.0
bg,50,0.0003817105708501316,0.00038156486789023286,0.3817105708501316,19,19,38,0.02009003004474377,0,0.0,7,0.0004926083519639294,0.0
bg,50,0.0008726939253715074,0.0008719323306841272,0.8726939253715074,24,24,48,0.036362246890479476,0,0.0,7,0.0008871892077857845,0.0
bg,50,0.0008651351342581581,0.0008643866754576303,0.8651351342581581,32,32,64,0.02703547294556744,0,0.0,7,0.0006327095976979062,0.0
bg,50,0.000882548422887055,0.0008817695311683145,0.882548422887055,26,26,52,0.033944170111040575,0,0.0,7,0.0008502930017756657,0.0
bg,50,0.0007352198797744478,0.0007346793315028323,0.7352198797744478,27,27,54,0.02723036591757214,0,0.0,7,0.0008636852634639016,0.0
bg,50,0.0005748627166410927,0.0005745322494981087,0.5748627166410927,24,24,48,0.023952613193378863,0,0.0,7,0.0005548159229688098,0.0
bg,50,0.0008439348075051623,0.0008432225815458437,0.8439348075051623,25,25,50,0.03375739230020649,0,0.0,7,0.0008300335172834923,0.0
bg,50,0.0007842780192037857,0.0007836629271923795,0.7842780192037857,27,27,54,0.029047334044584656,0,0.0,7,0.0006594541797808946,0.0
bg,50,0.0006592737981046035,0.0006588391561637362,0.6592737981046035,20,20,40,0.03296368990523017,0,0.0,7,0.0006167283824183337,0.0
bg,50,0.0007096332914182875,0.0007091297120099985,0.7096332914182875,28,28,56,0.025344046122081694,0,0.0,7,0.0007186133162775551,0.0
bg,50,0.0006803756418575659,0.0006799127308435329,0.6803756418575659,17,17,34,0.04002209657985682,0,0.0,7,0.0007510291462828316,0.0
bg,50,0.0012008562579472258,0.001199414202194975,1.2008562579472257,27,27,54,0.0444761577017491,0,0.0,7,0.0011513239028053727,0.0
bg,50,0.0007489620158401764,0.000748401071739005,0.7489620158401764,25,25,50,0.029958480633607055,0,0.0,7,0.0005991279302756513,0.0
bg,50,0.0009401686198009195,0.000939284702767261,0.9401686198009195,29,29,58,0.03241960757934205,0,0.0,7,0.0009710438800190518,0.0
bg,50,0.0012832587863841809,0.0012816120332713487,1.283258786384181,28,28,56,0.04583067094229217,0,0.0,7,0.00146144394482238,0.0
bg,50,0.0007658758292573537,0.000765289263471513,0.7658758292573538,29,29,58,0.026409511353701853,0,0.0,7,0.0007742090606605614,0.0
bg,50,0.000773931552150259,0.0007733325821028455,0.773931552150259,22,22,44,0.035178706915920864,0,0.0,7,0.000756281294243996,0.0
bg,50,0.0004818605201021455,0.0004816283305413124,0.48186052010214553,12,12,24,0.04015504334184546,0,0.0,7,0.0004620614566973083,0.0
bg,50,0.0008849240995533023,0.0008841410088913322,0.8849240995533023,22,22,44,0.04022382270696829,0,0.0,7,0.0011408280216105215,0.0
bg,50,0.0006447144789812586,0.0006442988222218507,0.6447144789812587,21,21,42,0.030700689475298033,0,0.0,7,0.0008598603989994629,0.0
bg,50,0.0008081352377213307,0.0008074821551588837,0.8081352377213307,20,20,40,0.04040676188606653,0,0.0,7,0.0006278486253753897,0.0
bg,50,0.000659999839041804,0.0006595642392542688,0.659999839041804,23,23,46,0.02869564517573061,0,0.0,7,0.0007691164972923731,0.0
bg,50,0.0006395626156772422,0.0006391535753378703,0.6395626156772423,21,21,42,0.030455362651297252,0,0.0,7,0.0006037296050297882,0.0
bg,50,0.0005865664156319284,0.0005862223554719811,0.5865664156319284,25,25,50,0.023462656625277134,0,0.0,7,0.0006315051828016783,0.0
bg,50,0.000683235249942669,0.0006827684395359049,0.683235249942669,21,21,42,0.03253501190203186,0,0.0,7,0.0009488457410161803,0.0
bg,50,0.000641473660485047,0.000641062172027951,0.6414736604850471,31,31,62,0.0206926987253241,0,0.0,7,0.0005221959098879016,0.0
bg,50,0.0010628789278976747,0.0010617492162823057,1.0628789278976747,32,32,64,0.033214966496802334,0,0.0,7,0.0011526791945023415,0.0
bg,50,0.000685497352126295,0.0006850274455065228,0.685497352126295,21,21,42,0.0326427310536331,0,0.0,7,0.0007645579618746791,0.0
bg,50,0.00042020788564327207,0.0004200313109761152,0.42020788564327205,18,18,36,0.023344882535737337,0,0.0,7,0.00040576348672984833,0.0
bg,50,0.0006317801844377388,0.0006313810382362905,0.6317801844377389,23,23,46,0.02746870367120604,0,0.0,7,0.0007888791636328764,0.0
bg,50,0.0009312826422164022,0.0009304153548567087,0.9312826422164022,27,27,54,0.0344919497117186,0,0.0,7,0.00120418013555329,0.0
bg,50,0.0005885347247707031,0.0005881883516484421,0.5885347247707031,30,30,60,0.019617824159023436,0,0.0,7,0.0005526175785228148,0.0
bg,50,0.000782762231458392,0.0007821495147473942,0.782762231458392,32,32,64,0.02446131973307475,0,0.0,7,0.0006835828194127786,0.0
bg,50,0.0007978254865785744,0.0007971889610715401,0.7978254865785743,26,26,52,0.030685595637637474,0,0.0,7,0.0006500751789721382,0.0
bg,50,0.0007768120025268228,0.0007762085656395532,0.7768120025268228,27,27,54,0.028770814908400846,0,0.0,7,0.0007398446112177077,0.0
bg,50,0.0007430439590531535,0.0007424918447280682,0.7430439590531535,24,24,48,0.03096016496054806,0,0.0,7,0.0010247161800512655,0.0
bg,50,0.000881625915756743,0.0008808486515014092,0.881625915756743,25,25,50,0.03526503663026972,0,0.0,7,0.0005709484267562802,0.0
bg,50,0.0007063228182219348,0.0007058239262983938,0.7063228182219348,20,20,40,0.035316140911096736,0,0.0,7,0.0006673428089271291,0.0
bg,50,0.0012250234439658634,0.0012235227615275974,1.2250234439658634,34,34,68,0.036030101293113626,0,0.0,7,0.0011003696198600892,0.0
bg,50,0.000883769914711749,0.0008829888654495993,0.883769914711749,26,26,52,0.0339911505658365,0,0.0,7,0.0007804897898701187,0.0
bg,50,0.0014257163277789928,0.0014236836607316975,1.4257163277789928,37,37,74,0.038532873723756564,0,0.0,7,0.0013765816466310358,0.0
bg,50,0.0008673388514828702,0.0008665865747995787,0.8673388514828702,28,28,56,0.030976387552959648,0,0.0,7,0.0008181090877071046,0.0
bg,50,0.0008891999646951448,0.0008884092881179308,0.8891999646951447,32,32,64,0.027787498896723273,0,0.0,7,0.0009267657359635525,0.0
bg,50,0.0008543949577369663,0.0008536649669931601,0.8543949577369663,30,30,60,0.028479831924565543,0,0.0,7,0.0008333479591611796,0.0
bg,50,0.0005347601116577678,0.0005344741432807476,0.5347601116577678,22,22,44,0.02430727780262581,0,0.0,7,0.0004914314605092264,0.0
bg,50,0.0009089239691842286,0.0009080978264024713,0.9089239691842286,28,28,56,0.032461570328008164,0,0.0,7,0.0009494223854652045,0.0
bg,50,0.0011308281005712856,0.001129549328378244,1.1308281005712857,30,30,60,0.03769427001904286,0,0.0,7,0.0013666946305948477,0.0
bg,50,0.0008371691656908044,0.0008364683134788211,0.8371691656908045,26,26,52,0.03219881406503094,0,0.0,7,0.0008864280345337579,0.0
bg,50,0.000742592487730691,0.0007420410441278571,0.7425924877306911,27,27,54,0.027503425471507078,0,0.0,7,0.0008070663957071296,0.0
bg,50,0.000545617520481045,0.0005453198220023892,0.545617520481045,22,22,44,0.024800796385502043,0,0.0,7,0.00043119726464712927,0.0
bg,50,0.0010284369646325472,0.001027379282042325,1.0284369646325473,24,24,48,0.04285154019302281,0,0.0,7,0.0011215910379330533,0.0
bg,50,0.0005206265510029234,0.0005203554989973142,0.5206265510029233,21,21,42,0.02479174052394873,0,0.0,7,0.0005100475358346295,0.0
bg,50,0.0009216595035084472,0.00092081004726804,0.9216595035084472,23,23,46,0.040072152326454225,0,0.0,7,0.0010869279480348556,0.0
bg,50,0.0005667242725863701,0.0005664030961852317,0.5667242725863701,23,23,46,0.02464018576462479,0,0.0,7,0.0006045406382790069,0.0
bg,50,0.000546226642652031,0.000545928279106888,0.546226642652031,27,27,54,0.020230616394519667,0,0.0,7,0.0005759256492739214,0.0
bg,50,0.0012070107425873342,0.001205553867654613,1.2070107425873342,24,24,48,0.050292114274472256,0,0.0,7,0.00108352024988311,0.0
bg,50,0.000613981190071712,0.0006136042171699503,0.613981190071712,18,18,36,0.034110066115095115,0,0.0,7,0.0004710571069121235,0.0
bg,50,0.0009306928126215936,0.0009298266235101282,0.9306928126215936,31,31,62,0.030022348794244955,0,0.0,7,0.0008747405671641241,0.0
bg,50,0.0013171067729360858,0.0013153720026847714,1.3171067729360857,25,25,50,0.052684270917443425,0,0.0,7,0.0008844898931194066,0.0
bg,50,0.000566021703941856,0.0005657013233725228,0.566021703941856,23,23,46,0.02460963930181983,0,0.0,7,0.0005939153951099108,0.0
bg,50,0.0006253225956555255,0.000624931567306888,0.6253225956555255,30,30,60,0.02084408652185085,0,0.0,7,0.0008154775375954074,0.0
bg,50,0.0006543027087673607,0.0006538745967326605,0.6543027087673607,23,23,46,0.028447943859450465,0,0.0,7,0.0006630534224750132,0.0
bg,50,0.0010177246849045049,0.001016688921370241,1.017724684904505,31,31,62,0.03282982854530661,0,0.0,7,0.0013550033796377553,0.0
bg,50,0.0005307941853761671,0.000530512442908938,0.5307941853761671,17,17,34,0.031223187375068653,0,0.0,7,0.00047995478660724293,0.0
bg,50,0.000995010673308725,0.0009940206270687266,0.995010673308725,27,27,54,0.03685224715958241,0,0.0,7,0.0008182833531847351,0.0
bg,50,0.0013053238934628232,0.0013036200229959783,1.3053238934628233,38,38,76,0.034350628775337455,0,0.0,7,0.0013778944464287119,0.0
bg,50,0.0008726780057595037,0.0008719164388577672,0.8726780057595036,22,22,44,0.03966718207997744,0,0.0,7,0.0008775058470631613,0.0
bg,50,0.001243096519810642,0.0012415512308530767,1.243096519810642,27,27,54,0.0460406118448386,0,0.0,7,0.0014163159091561137,0.0
bg,50,0.0006545777035466784,0.0006541492315766981,0.6545777035466784,25,25,50,0.026183108141867136,0,0.0,7,0.0008089188681840157,0.0
bg,50,0.0011880205768561556,0.001186609183965122,1.1880205768561556,33,33,66,0.03600062354109562,0,0.0,7,0.0009731626034377421,0.0
bg,50,0.0011717540225888712,0.001170381015099418,1.1717540225888712,30,30,60,0.03905846741962904,0,0.0,7,0.0012515304961063236,0.0
bg,50,0.0009251534607135028,0.0009242975517876327,0.9251534607135028,28,28,56,0.033041195025482244,0,0.0,7,0.0010844814287100366,0.0
bg,50,0.0006660075536493757,0.0006655639875878576,0.6660075536493757,18,18,36,0.03700041964718754,0,0.0,7,0.0006817973782601787,0.0
bg,50,0.0007083914877930582,0.0007078896692930807,0.7083914877930582,24,24,48,0.029516311991377425,0,0.0,7,0.0008288517275183308,0.0
bg,50,0.0006954383424554888,0.0006949547079673316,0.6954383424554889,27,27,54,0.025756975646499588,0,0.0,7,0.0006883008111206258,0.0
bg,50,0.000649177285365532,0.0006487558542176974,0.649177285365532,22,22,44,0.029508058425706,0,0.0,7,0.0006321631510360672,0.0
bg,50,0.0007438010877230852,0.0007432478476649871,0.7438010877230852,25,25,50,0.029752043508923406,0,0.0,7,0.0005403651583054876,0.0
bg,50,0.0007653335138301393,0.0007647477784427478,0.7653335138301394,21,21,42,0.03644445303953044,0,0.0,7,0.0007418219423627608,0.0
bg,50,0.0009092636556628051,0.0009084368952672956,0.9092636556628051,27,27,54,0.033676431691215,0,0.0,7,0.0007333604545451095,0.0
bg,50,0.0006621625382703052,0.0006617240790432167,0.6621625382703051,26,26,52,0.025467789933473275,0,0.0,7,0.0005887657781413141,0.0
bg,50,0.0007918845809152337,0.0007912574997257424,0.7918845809152337,27,27,54,0.029329058552416062,0,0.0,7,0.0007639886335853297,0.0
bg,50,0.0008624283884341982,0.0008616846057090208,0.8624283884341981,27,27,54,0.03194179216422956,0,0.0,7,0.0010473669525830416,0.0
bg,50,0.0010503033057132623,0.0010492001686792706,1.0503033057132622,33,33,66,0.031827372900401885,0,0.0,7,0.0012353995386813008,0.0
bg,50,0.0005775221860623105,0.0005771886541869162,0.5775221860623105,20,20,40,0.028876109303115526,0,0.0,7,0.0005939774861792613,0.0
bg,50,0.0008303269249160401,0.0008296374821137998,0.8303269249160401,28,28,56,0.02965453303271572,0,0.0,7,0.001066546520961972,0.0
bg,50,0.0007937590402164147,0.0007931289868024895,0.7937590402164147,28,28,56,0.02834853715058624,0,0.0,7,0.0008542755865273225,0.0
bg,50,0.0006261779035440114,0.0006257858047771246,0.6261779035440114,26,26,52,0.024083765520923513,0,0.0,7,0.0006900781802486009,0.0
bg,50,0.0010385247696392407,0.0010374462359420864,1.0385247696392406,29,29,58,0.03581119895307726,0,0.0,7,0.0009690247600656483,0.0
bg,50,0.0006800903520523108,0.0006796278291653561,0.6800903520523107,24,24,48,0.028337098002179612,0,0.0,7,0.0004883976319550912,0.0
bg,50,0.001003942623102219,0.0010029347223117378,1.003942623102219,28,28,56,0.03585509368222211,0,0.0,7,0.001308347468746072,0.0
bg,50,0.0009779026948109678,0.000976946401130449,0.9779026948109677,25,25,50,0.03911610779243871,0,0.0,7,0.0010378801029321631,0.0
bg,50,0.0005699078406682076,0.0005695830457213524,0.5699078406682077,20,20,40,0.028495392033410383,0,0.0,7,0.0005194352525226488,0.0
bg,50,0.0007698858100968372,0.0007692930859362487,0.7698858100968371,25,25,50,0.030795432403873484,0,0.0,7,0.0008884707163452119,0.0
bg,50,0.0004420277272356685,0.0004418323387240234,0.4420277272356685,18,18,36,0.02455709595753714,0,0.0,7,0.0004232557616767492,0.0
bg,50,0.0005012336950478158,0.0005009824598307645,0.5012336950478158,16,16,32,0.03132710594048849,0,0.0,7,0.00042990913139724857,0.0
bg,50,0.0008830472379030781,0.0008822674654787098,0.883047237903078,31,31,62,0.028485394771067034,0,0.0,7,0.0010631165083506264,0.0
bg,50,0.0010202323542397806,0.0010191914801831428,1.0202323542397806,30,30,60,0.03400774514132602,0,0.0,7,0.0011230366417172063,0.0
bg,50,0.0008202194011961125,0.000819546641330014,0.8202194011961126,25,25,50,0.032808776047844504,0,0.0,7,0.0008511464228711067,0.0
bg,50,0.000645534058999437,0.0006451173447781087,0.6455340589994369,26,26,52,0.02482823303843988,0,0.0,7,0.0006020031223890453,0.0
bg,50,0.0006312346978087006,0.000630836240564983,0.6312346978087007,21,21,42,0.03005879513374765,0,0.0,7,0.0007104356918620706,0.0
bg,50,0.0006097622708466722,0.0006093904608197243,0.6097622708466721,20,20,40,0.030488113542333606,0,0.0,7,0.0006788683092634424,0.0
bg,50,0.0007250921678365207,0.0007245664091846629,0.7250921678365208,24,24,48,0.03021217365985503,0,0.0,7,0.000772053498646164,0.0
bg,50,0.0009554794463630288,0.0009545665053906065,0.9554794463630287,26,26,52,0.0367492094755011,0,0.0,7,0.0009034806236481723,0.0
bg,50,0.0004483949477274365,0.000448193889698289,0.4483949477274365,21,21,42,0.021352140367973164,0,0.0,7,0.00040864072025159517,0.0
bg,50,0.0005463853463837179,0.0005460868094369749,0.5463853463837178,18,18,36,0.0303547414657621,0,0.0,7,0.00039945394317572933,0.0
bg,50,0.0007625981989845469,0.0008330157514947767,0.762598198984547,22,22,44,0.03466355449929759,2,0.002,7,0.0009364135355780538,2.2404673196794884
bg,50,0.0005122609144209634,0.0005119985031765199,0.5122609144209633,21,21,42,0.02439337687718873,0,0.0,7,0.000522763632373225,0.0
bg,50,0.0008095344352937915,0.0008088790892918651,0.8095344352937914,22,22,44,0.03679701978608143,0,0.0,7,0.0006449007114863197,0.0
bg,50,0.0006051480290583946,0.0006047818249213212,0.6051480290583946,22,22,44,0.02750672859356339,0,0.0,7,0.000649923297963594,0.0
bg,50,0.0006053450750589206,0.0006049786323990225,0.6053450750589207,19,19,38,0.031860267108364246,0,0.0,7,0.000705447371870563,0.0
bg,50,0.0006333216369443165,0.0006329205406484945,0.6333216369443164,20,20,40,0.031666081847215824,0,0.0,7,0.0008376075398123062,0.0
bg,50,0.0008923256833054012,0.0008915294381803147,0.8923256833054012,30,30,60,0.029744189443513373,0,0.0,7,0.0008162175385171236,0.0
bg,50,0.0010089773428711305,0.0010079593075927032,1.0089773428711304,26,26,52,0.03880682087965886,0,0.0,7,0.0010648493253965447,0.0
bg,50,0.000807988622046869,0.0008073357764335118,0.807988622046869,19,19,38,0.042525716949835216,0,0.0,7,0.0006766744218764242,0.0
bg,50,0.0009324061171331409,0.0009315367359658735,0.9324061171331408,26,26,52,0.03586177373589003,0,0.0,7,0.000881298315191547,0.0
bg,50,0.001089852884563804,0.0010886651052538123,1.089852884563804,28,28,56,0.03892331730585014,0,0.0,7,0.001474931026795105,0.0
bg,50,0.0007611898218483191,0.0007606104119034335,0.7611898218483191,21,21,42,0.03624713437372948,0,0.0,7,0.0009058388592122786,0.0
bg,50,0.0004960358710796697,0.0004957898194942719,0.49603587107966973,19,19,38,0.0261071511094563,0,0.0,7,0.0004223630452053472,0.0
bg,50,0.0008218650714029252,0.0008211896092073331,0.8218650714029252,26,26,52,0.031610195053958665,0,0.0,7,0.0008752370120252162,0.0
bg,50,0.0010328953399574843,0.0010318284671741787,1.0328953399574843,22,22,44,0.04694978817988565,0,0.0,7,0.0009565515276160573,0.0
bg,50,0.0010681321754451893,0.0010669912691009678,1.0681321754451893,34,34,68,0.03141565221897616,0,0.0,7,0.0012722743186224582,0.0
bg,50,0.0007634620743580456,0.0007628792000190627,0.7634620743580456,22,22,44,0.034702821561729345,0,0.0,7,0.0009483812968996411,0.0
bg,50,0.0005777246933946807,0.0005773909275733227,0.5777246933946807,25,25,50,0.023108987735787227,0,0.0,7,0.000416756925664736,0.0
bg,50,0.0008142415974175776,0.0008135786080386123,0.8142415974175776,29,29,58,0.02807729646267509,0,0.0,7,0.0008880914614054154,0.0
bg,50,0.001206914688288961,0.0012054580452241536,1.2069146882889612,30,30,60,0.04023048960963204,0,0.0,7,0.0015069823754939673,0.0
bg,50,0.0008679260943871796,0.0008671727986818616,0.8679260943871796,26,26,52,0.03338177286104537,0,0.0,7,0.0008670079884920687,0.0
bg,50,0.0008235744584266395,0.000822896183538067,0.8235744584266396,26,26,52,0.031675940708716904,0,0.0,7,0.0011917166054621392,0.0
bg,50,0.0009387491674635413,0.0009378679174641278,0.9387491674635413,29,29,58,0.03237066094701867,0,0.0,7,0.0010526274854362678,0.0
bg,50,0.0005381421025242621,0.0005378525056017529,0.5381421025242621,17,17,34,0.03165541779554483,0,0.0,7,0.0005366561306401072,0.0
bg,50,0.0010441790578665203,0.0010496380200603428,1.0441790578665202,29,29,58,0.03600617440919035,1,0.001,7,0.0014036173878829554,1.0479096970576025
bg,50,0.0004267911267616622,0.0004266089760957797,0.4267911267616622,23,23,46,0.018556135946159225,0,0.0,7,0.00046975467569205045,0.0
bg,50,0.0009607762083533915,0.0009598531174308535,0.9607762083533915,32,32,64,0.030024256511043484,0,0.0,7,0.0007520209164531576,0.0
bg,50,0.0008649468167673931,0.000864198683771557,0.864946816767393,37,37,74,0.023376940993713326,0,0.0,7,0.0008727412226324599,0.0
bg,50,0.0006582140068196622,0.0006577807611408886,0.6582140068196622,18,18,36,0.03656744482331457,0,0.0,7,0.0006121711027329809,0.0
bg,50,0.000982540183618241,0.0009815747984058163,0.9825401836182408,25,25,50,0.03930160734472963,0,0.0,7,0.000805649690957236,0.0
bg,50,0.0007380812315822424,0.0007375364676778284,0.7380812315822425,28,28,56,0.02636004398508009,0,0.0,7,0.0010405780745299375,0.0
bg,50,0.0003969618803556507,0.00039680430162119526,0.3969618803556507,22,22,44,0.01804372183434776,0,0.0,7,0.000378023966018611,0.0
bg,50,0.0008103253148134683,0.0008096686876976407,0.8103253148134684,26,26,52,0.031166358262056475,0,0.0,7,0.000774715768504046,0.0
bg,50,0.0007968153680903798,0.0007961804533595546,0.7968153680903798,24,24,48,0.03320064033709916,0,0.0,7,0.0006329270467495229,0.0
bg,50,0.0006189703634852818,0.0006185872391744089,0.6189703634852819,19,19,38,0.03257738755185694,0,0.0,7,0.0006000052638933271,0.0
bg,50,0.0007336638738545105,0.0007331256111747112,0.7336638738545105,24,24,48,0.03056932807727127,0,0.0,7,0.000670167806255492,0.0
bg,50,0.0008403892389038496,0.0008396829848309844,0.8403892389038496,29,29,58,0.02897893927254654,0,0.0,7,0.0007460643549083714,0.0
bg,50,0.0008209883836293876,0.000820314361703333,0.8209883836293876,32,32,64,0.025655886988418364,0,0.0,7,0.0008150348992835238,0.0
bg,50,0.0009777000112475066,0.000976744113935513,0.9777000112475065,29,29,58,0.033713793491293324,0,0.0,7,0.0009096504331542502,0.0
bg,50,0.001008201924965185,0.0010071854538436817,1.008201924965185,23,23,46,0.04383486630283413,0,0.0,7,0.000790397086108164,0.0
bg,50,0.0010948663474683684,0.001125882997711053,1.0948663474683684,34,34,68,0.032201951396128484,0,0.0,7,0.0011229748109571524,0.0
bg,50,0.0012759482244657009,0.0012743201805941835,1.2759482244657008,30,30,60,0.04253160748219002,0,0.0,7,0.0012666704563491346,0.0
bg,50,0.0007221041725245545,0.0007215827380885769,0.7221041725245545,24,24,48,0.030087673855189772,0,0.0,7,0.0006411278592283952,0.0
bg,50,0.000561251763079071,0.0005609367595375115,0.561251763079071,18,18,36,0.031180653504392832,0,0.0,7,0.0005910619152029003,0.0
bg,50,0.0006138204925424846,0.0006134437169454197,0.6138204925424846,19,19,38,0.032306341712762345,0,0.0,7,0.0005638260792797567,0.0
bg,50,0.0008668032585477983,0.0008660519106587692,0.8668032585477983,30,30,60,0.028893441951593275,0,0.0,7,0.0008517543852835835,0.0
bg,50,0.0010993888505391033,0.0010981801946944138,1.0993888505391034,30,30,60,0.036646295017970114,0,0.0,7,0.0010365279677794616,0.0
bg,50,0.0006622403537428596,0.000661801791456734,0.6622403537428596,20,20,40,0.03311201768714298,0,0.0,7,0.0006895148602941056,0.0
bg,50,0.0007943299076577332,0.0007936989476555337,0.7943299076577333,23,23,46,0.034536082941640574,0,0.0,7,0.0008260694113666342,0.0
bg,50,0.0006623603626020165,0.0006619216413520701,0.6623603626020165,23,23,46,0.028798276634870282,0,0.0,7,0.0005563690820140373,0.0
bg,50,0.0010786561152651758,0.0010774926162501767,1.0786561152651757,30,30,60,0.035955203842172524,0,0.0,7,0.0012342470651303507,0.0
bg,50,0.0010047469728749832,0.0010037374563954815,1.0047469728749832,25,25,50,0.040189878914999325,0,0.0,7,0.0010117163244071632,0.0
bg,50,0.00042743894745821365,0.0004272562434044094,0.42743894745821365,20,20,40,0.021371947372910684,0,0.0,7,0.000398291414186335,0.0
bg,50,0.0006257509301729973,0.000625359365946385,0.6257509301729973,21,21,42,0.0297976633415713,0,0.0,7,0.0006550968613234777,0.0
bg,50,0.0005418760522638308,0.0005415824226078138,0.5418760522638308,22,22,44,0.024630729648355946,0,0.0,7,0.0005723885329870754,0.0
bg,50,0.0006571575709758406,0.0006567257149027499,0.6571575709758406,27,27,54,0.024339169295401503,0,0.0,7,0.0007001169509309554,0.0
bg,50,0.0007074370854093601,0.0007069366181795478,0.7074370854093601,22,22,44,0.03215623115497091,0,0.0,7,0.0007824054500276093,0.0
bg,50,0.0005213024269978206,0.0005210306707774268,0.5213024269978206,22,22,44,0.0236955648635373,0,0.0,7,0.000495096239741335,0.0
bg,50,0.0006893837992268814,0.0006889085492042449,0.6893837992268814,22,22,44,0.03133562723758552,0,0.0,7,0.000502932517732351,0.0
bg,50,0.0005230298126216156,0.0005227562524367244,0.5230298126216155,16,16,32,0.03268936328885097,0,0.0,7,0.0005162534621741782,0.0
bg,50,0.0006701199200185499,0.0006696708593113441,0.6701199200185499,18,18,36,0.037228884445474994,0,0.0,7,0.0007783149457412289,0.0
bg,50,0.0003357473798261541,0.000335634653523094,0.3357473798261541,20,20,40,0.016787368991307706,0,0.0,7,0.0004221928569618339,0.0
bg,50,0.0008930733732777211,0.0008922757932276633,0.8930733732777211,29,29,58,0.030795633561300727,0,0.0,7,0.0008910030235178833,0.0
bg,50,0.0007224448837907147,0.0007219229571805994,0.7224448837907147,19,19,38,0.0380234149363534,0,0.0,7,0.0008665381792174492,0.0
bg,50,0.000998394075962917,0.0009973972852319994,0.9983940759629171,30,30,60,0.03327980253209724,0,0.0,7,0.0007032351715101828,0.0
bg,50,0.0009581983761418194,0.0009572802320137785,0.9581983761418194,21,21,42,0.0456284941019914,0,0.0,7,0.0007919857306390291,0.0
bg,50,0.0006529616315937119,0.0006525352727013784,0.6529616315937119,22,22,44,0.029680074163350542,0,0.0,7,0.0005887110582978407,0.0
bg,50,0.0007437475442862542,0.0007431943838766223,0.7437475442862542,22,22,44,0.0338067065584661,0,0.0,7,0.0006822251091073343,0.0
bg,50,0.0004236478545986273,0.0004234683770939214,0.4236478545986273,22,22,44,0.019256720663573968,0,0.0,7,0.00039310001329447816,0.0
bg,50,0.000887120308427015,0.0008863333259853913,0.887120308427015,28,28,56,0.031682868158107676,0,0.0,7,0.0008600823655000706,0.0
bg,50,0.0007815409397247457,0.0007809301334842798,0.7815409397247457,27,27,54,0.028945960730546137,0,0.0,7,0.0008407460363334976,0.0
bg,50,0.0008206964068789313,0.0008200228642866673,0.8206964068789313,22,22,44,0.037304382130860514,0,0.0,7,0.0007116884091829298,0.0
bg,50,0.0012453510576971,0.001264836712277086,1.2453510576970999,32,32,64,0.03891722055303437,0,0.0,7,0.0011222988057755926,0.0
bg,50,0.001138305952224247,0.001137010211783378,1.138305952224247,28,28,56,0.04065378400800882,0,0.0,7,0.0011183660455207816,0.0
bg,50,0.0008123634821208867,0.0008117035476938032,0.8123634821208867,24,24,48,0.03384847842170361,0,0.0,7,0.0009868920382052739,0.0
bg,50,0.0011552368013019248,0.0011539022292348425,1.1552368013019247,30,30,60,0.03850789337673082,0,0.0,7,0.0013242280522165696,0.0
bg,50,0.0011092678143300957,0.001108037339246187,1.1092678143300958,29,29,58,0.03825061428724468,0,0.0,7,0.0009238715412344484,0.0
bg,50,0.0006072133215333792,0.0006068446135155316,0.6072133215333793,16,16,32,0.037950832595836204,0,0.0,7,0.0006451782659168102,0.0
bg,50,0.0008482617912560783,0.0008475422431895733,0.8482617912560784,31,31,62,0.027363283588905753,0,0.0,7,0.0009348686104180692,0.0
bg,50,0.0006683926637708004,0.0006679459150178178,0.6683926637708004,21,21,42,0.03182822208432383,0,0.0,7,0.0006374919229697896,0.0
bg,50,0.0011604406748316229,0.001159094052271819,1.160440674831623,31,31,62,0.037433570155858804,0,0.0,7,0.001266946087857388,0.0
bg,50,0.0011993895792458585,0.0011979510438830548,1.1993895792458584,36,36,72,0.033316377201273846,0,0.0,7,0.0011081491613526358,0.0
bg,50,0.0011001439080884979,0.0010989335914699935,1.1001439080884978,31,31,62,0.03548851316414509,0,0.0,7,0.001174028311486664,0.0
bg,50,0.00108222889518294,0.0010810576758013713,1.08222889518294,26,26,52,0.04162418827626692,0,0.0,7,0.0009746895435930081,0.0
bg,50,0.0008623724604348553,0.0008616287741743387,0.8623724604348553,25,25,50,0.03449489841739421,0,0.0,7,0.0007003878649926266,0.0
bg,50,0.0006712456300600813,0.0006707950593642067,0.6712456300600813,19,19,38,0.035328717371583225,0,0.0,7,0.0006599146903891491,0.0
bg,50,0.0007059274780222893,0.0007054291444180622,0.7059274780222893,23,23,46,0.03069249904444736,0,0.0,7,0.0007188215673611028,0.0
bg,50,0.0009989446833346207,0.0009979467928542581,0.9989446833346207,18,18,36,0.055496926851923374,0,0.0,7,0.0010988931298590659,0.0
bg,50,0.0006300372047164124,0.0006296402578370857,0.6300372047164124,28,28,56,0.022501328739871873,0,0.0,7,0.000536799741346267,0.0
bg,50,0.0007640609305763499,0.0007634771414707166,0.7640609305763499,23,23,46,0.0332200404598413,0,0.0,7,0.0006689669856307867,0.0
bg,50,0.0008352177923718891,0.0008345202036111946,0.8352177923718891,20,20,40,0.041760889618594456,0,0.0,7,0.000966375645898687,0.0
bg,50,0.0005235909769122458,0.0005233168294011419,0.5235909769122458,19,19,38,0.027557419837486618,0,0.0,7,0.0006005960628502293,0.0
bg,50,0.00043076945257737977,0.00043058389025610593,0.43076945257737975,21,21,42,0.02051283107511332,0,0.0,7,0.0003928898154726443,0.0
bg,50,0.0006066091344693749,0.0006062411598273532,0.6066091344693749,23,23,46,0.026374310194320648,0,0.0,7,0.000611005748726408,0.0
bg,50,0.0009217968551389007,0.0009209471456967565,0.9217968551389006,23,23,46,0.04007812413647394,0,0.0,7,0.001083397579254931,0.0
bg,50,0.0008947157509040195,0.0008939152346291038,0.8947157509040196,22,22,44,0.04066889776836453,0,0.0,7,0.0006314879256735039,0.0
bg,50,0.0007069090830208324,0.0007064093625691751,0.7069090830208324,27,27,54,0.02618181788966046,0,0.0,7,0.0007043973447171185,0.0
bg,50,0.0009617271302632133,0.0009608022111901289,0.9617271302632133,22,22,44,0.04371486955741879,0,0.0,7,0.0010389152517158674,0.0
bg,50,0.0009401102938297114,0.0009392264864651468,0.9401102938297115,30,30,60,0.03133700979432372,0,0.0,7,0.0008015446268966387,0.0
bg,50,0.000683867428667682,0.0006833997540076895,0.683867428667682,21,21,42,0.032565115650842004,0,0.0,7,0.0006638420050782288,0.0
bg,50,0.0008150312098475896,0.000814366933974564,0.8150312098475896,25,25,50,0.03260124839390358,0,0.0,7,0.0008897729738119263,0.0
bg,50,0.0008232303600104478,0.000822552651784805,0.8232303600104478,24,24,48,0.03430126500043532,0,0.0,7,0.0007948327195036977,0.0
bg,50,0.0010690839026397292,0.001067940962248846,1.0690839026397292,32,32,64,0.03340887195749154,0,0.0,7,0.000984993044380339,0.0
bg,50,0.0006228760235311341,0.0006224880489904442,0.6228760235311341,27,27,54,0.023069482353004968,0,0.0,7,0.0006127870533121176,0.0
bg,50,0.001017173055356281,0.001016138414331738,1.017173055356281,24,24,48,0.04238221063984504,0,0.0,7,0.0009979963561978955,0.0
bg,50,0.0007333213229888429,0.0007327835628260928,0.7333213229888429,29,29,58,0.025286942172029064,0,0.0,7,0.0009448028229719843,0.0
bg,50,0.0008486404990336407,0.0008479203083370405,0.8486404990336407,22,22,44,0.038574568137892756,0,0.0,7,0.0008645749013644102,0.0
bg,50,0.0008016508994986467,0.0008010082553339796,0.8016508994986467,24,24,48,0.03340212081244361,0,0.0,7,0.0008972401581896744,0.0
bg,50,0.0008061348092645879,0.0008054849559338797,0.8061348092645879,26,26,52,0.03100518497171492,0,0.0,7,0.0006436231600390212,0.0
bg,50,0.0008028924213003164,0.0008022477850601348,0.8028924213003164,25,25,50,0.032115696852012654,1,0.001,7,0.0007390628818577172,0.8551769046282323
bg,50,0.0003784291929668342,0.00037828598431274466,0.3784291929668342,16,16,32,0.023651824560427137,0,0.0,7,0.00029534015854250416,0.0
bg,50,0.0012207339188244077,0.0012192437275238396,1.2207339188244077,28,28,56,0.043597639958014564,0,0.0,7,0.0015202602265060653,0.0
bg,50,0.0005934662131451702,0.0006014365596788966,0.5934662131451702,19,19,38,0.031235063849745802,1,0.001,7,0.0006446895261522895,0.7195371794517884
bg,50,0.0007236491215323078,0.0007231254534812132,0.7236491215323078,29,29,58,0.02495341798387268,0,0.0,7,0.000795466301221859,0.0
bg,50,0.0007781762263313218,0.0007775706680920946,0.7781762263313219,22,22,44,0.03537164665142372,0,0.0,7,0.0007430564116667079,0.0
bg,50,0.0005267387785467505,0.0005264613248059257,0.5267387785467506,19,19,38,0.027723093607723712,0,0.0,7,0.0005246604610556959,0.0
bg,50,0.000726537592705121,0.0007260097358315073,0.726537592705121,29,29,58,0.02505302043810762,0,0.0,7,0.0008046472073275027,0.0
bg,50,0.0004985213593276398,0.000498272835781934,0.49852135932763986,22,22,44,0.022660061787619992,0,0.0,7,0.0006843660310614941,0.0
bg,50,0.0005712558098891947,0.0005917406735573841,0.5712558098891947,24,24,48,0.02380232541204978,0,0.0,7,0.0007292312044160454,0.0
bg,50,0.0005967737864715552,0.0005964176475193356,0.5967737864715552,21,21,42,0.028417799355788344,0,0.0,7,0.0006123828053676668,0.0
bg,50,0.0007934390199460921,0.0007928094744677191,0.7934390199460921,17,17,34,0.046672883526240716,0,0.0,7,0.0010363373480051829,0.0
bg,50,0.0008758513247773507,0.0008750842092342364,0.8758513247773507,29,29,58,0.030201769819908644,0,0.0,7,0.0008765998839620261,0.0
bg,50,0.0006644776680163531,0.0006640361374450607,0.6644776680163531,22,22,44,0.030203530364379685,0,0.0,7,0.0006376596147830934,0.0
bg,50,0.0007665956242015497,0.0007660079553505046,0.7665956242015497,28,28,56,0.027378415150055346,0,0.0,7,0.0008202609250617433,0.0
bg,50,0.0008450883633197108,0.0008443741889778924,0.8450883633197108,22,22,44,0.03841310742362322,0,0.0,7,0.0009049091721488752,0.0
bg,50,0.000962681910682516,0.0009617551542213605,0.962681910682516,28,28,56,0.034381496810089854,0,0.0,7,0.0012396647858818582,0.0
bg,50,0.0011528601693292586,0.0011515310827592328,1.1528601693292586,32,32,64,0.03602688029153933,0,0.0,7,0.0012977191668347527,0.0
bg,50,0.0010240165601027584,0.0010229679501873937,1.0240165601027584,23,23,46,0.04452245913490254,0,0.0,7,0.0011868113150340848,0.0
bg,50,0.0006034920899444671,0.0006031278872418416,0.6034920899444671,25,25,50,0.024139683597778686,0,0.0,7,0.0005880257500583849,0.0
bg,50,0.0006918010506236376,0.0006913224619299937,0.6918010506236376,32,32,64,0.021618782831988675,0,0.0,7,0.0007395822281533182,0.0
bg,50,0.0015224562251601403,0.0015201383522026118,1.5224562251601403,40,40,80,0.03806140562900351,0,0.0,7,0.0017926666452340145,0.0
bg,50,0.0002898622283345844,0.0002897782082231693,0.2898622283345844,18,18,36,0.016103457129699135,0,0.0,7,0.0002644336044288951,0.0
bg,50,0.0008207072222774032,0.0008200336619327048,0.8207072222774032,26,26,52,0.03156566239528474,0,0.0,7,0.000870484412461123,0.0
bg,50,0.0008665475304005863,0.0008657966257781428,0.8665475304005863,33,33,66,0.02625901607274504,0,0.0,7,0.0009818559000376924,0.0
bg,50,0.0008476737777667118,0.0008469552269331985,0.8476737777667118,19,19,38,0.04461440935614273,0,0.0,7,0.0008569032603598923,0.0
bg,50,0.000505702089793445,0.0005054463551898236,0.505702089793445,17,17,34,0.02974718175255559,0,0.0,7,0.0004977768977338939,0.0
bg,50,0.0010303380985066325,0.0010292765019093983,1.0303380985066326,26,26,52,0.03962838840410125,0,0.0,7,0.0011448661259931838,0.0
bg,50,0.0007975925084682452,0.0007969563546586805,0.7975925084682453,30,30,60,0.026586416948941507,0,0.0,7,0.0008241498485391435,0.0
bg,50,0.0009009204846493973,0.0009001088269297363,0.9009204846493972,22,22,44,0.04095093112042714,0,0.0,7,0.0008879345299847455,0.0
bg,50,0.0011415339617826517,0.0011402308619967482,1.1415339617826517,33,33,66,0.03459193823583793,0,0.0,7,0.0008908473144995823,0.0
bg,50,0.0005998200213640317,0.0005994602373060025,0.5998200213640317,19,19,38,0.031569474808633244,0,0.0,7,0.0006024838426490335,0.0
bg,50,0.0009096900916781863,0.000908862555615289,0.9096900916781863,22,22,44,0.04134954962173574,0,0.0,7,0.0009643027102728428,0.0
bg,50,0.0006715691982387426,0.0006711181930507197,0.6715691982387426,26,26,52,0.025829584547643947,0,0.0,7,0.0005586163944386078,0.0
bg,50,0.0009573065215664114,0.0009563900857901777,0.9573065215664114,20,20,40,0.04786532607832057,0,0.0,7,0.0009745966678603096,0.0
bg,50,0.0006280404970983114,0.0006276460622323159,0.6280404970983113,24,24,48,0.02616835404576297,0,0.0,7,0.0007999822297227087,0.0
bg,50,0.0007339007879463197,0.0007333621775797714,0.7339007879463197,24,24,48,0.03057919949776332,0,0.0,7,0.0005865856307869329,0.0
bg,50,0.0007581562901989826,0.0007575814892386145,0.7581562901989827,23,23,46,0.03296331696517316,0,0.0,7,0.0008709454732871675,0.0
bg,50,0.0010305874170612839,0.001029525306637079,1.0305874170612839,27,27,54,0.038169904335603105,0,0.0,7,0.0011431545730023552,0.0
bg,50,0.0005703616809526356,0.0005700363685055365,0.5703616809526355,26,26,52,0.02193698772894752,0,0.0,7,0.0005189054792766703,0.0
bg,50,0.0005959336715812142,0.0005955785346402901,0.5959336715812142,17,17,34,0.03505492185771848,0,0.0,7,0.0006276927820029602,0.0
bg,50,0.000481772358996813,0.0004815402543909196,0.48177235899681303,22,22,44,0.021898743590764227,0,0.0,7,0.0005711429463722349,0.0
bg,50,0.0006042985843553126,0.0006039334075762588,0.6042985843553126,17,17,34,0.035546975550312505,0,0.0,7,0.0007112857073442626,0.0
bg,50,0.0008208702126811147,0.0008201963847750476,0.8208702126811147,22,22,44,0.03731228239459612,0,0.0,7,0.0007615484638174767,0.0
bg,50,0.0009674523951346287,0.000966516430997777,0.9674523951346288,28,28,56,0.03455187125480817,0,0.0,7,0.0008318585472199837,0.0
bg,50,0.0009865624060591642,0.000985589100678115,0.9865624060591642,24,24,48,0.04110676691913184,0,0.0,7,0.0011105094168979382,0.0
bg,50,0.001223698069917603,0.0012222006329512829,1.223698069917603,25,25,50,0.04894792279670412,0,0.0,7,0.0010182435784942803,0.0
bg,50,0.00048827923205662136,0.00048804081544816366,0.4882792320566214,19,19,38,0.025698906950348495,0,0.0,7,0.0004385417256978049,0.0
bg,50,0.0005566534326468861,0.0005563435696028084,0.5566534326468862,18,18,36,0.030925190702604785,0,0.0,7,0.000712728933559929,0.0
bg,50,0.0005065993586632529,0.0005063427157530548,0.5065993586632529,16,16,32,0.031662459916453306,0,0.0,7,0.0006156751305993486,0.0
bg,50,0.0010155616173930895,0.0010145302519943672,1.0155616173930895,23,23,46,0.044154852930134325,0,0.0,7,0.0009169946658407586,0.0
bg,50,0.0004903694138295052,0.0004901289516674857,0.49036941382950516,18,18,36,0.02724274521275029,0,0.0,7,0.0005496562817586224,0.0
bg,50,0.0006273677011906784,0.0006269741109581811,0.6273677011906784,17,17,34,0.03690398242298108,0,0.0,7,0.0004936290652867616,0.0
bg,50,0.0006871302904517336,0.0006866581424156773,0.6871302904517336,21,21,42,0.032720490021511124,0,0.0,7,0.0005199567836475542,0.0
bg,50,0.0008576285354597104,0.0008568930087548757,0.8576285354597104,29,29,58,0.029573397774472772,0,0.0,7,0.0007894240700631913,0.0
bg,50,0.0010518318755177508,0.0010507255252233956,1.0518318755177507,34,34,68,0.03093623163287502,0,0.0,7,0.0012667667863711864,0.0
bg,50,0.0009196430719242296,0.0009187973285444914,0.9196430719242297,24,24,48,0.03831846133017624,0,0.0,7,0.0008184845049762252,0.0
bg,50,0.0008018741202342739,0.0008012311181295724,0.8018741202342738,22,22,44,0.03644882364701245,0,0.0,7,0.0009578639154803371,0.0
bg,50,0.0008114529091462899,0.0008340370190914668,0.8114529091462899,29,29,58,0.027981134798147927,0,0.0,7,0.0005950100861333351,0.0
bg,50,0.0006614848611945092,0.0006610472989729196,0.6614848611945092,20,20,40,0.033074243059725464,0,0.0,7,0.0008810590761010271,0.0
bg,50,0.001264022579240887,0.0012624248261600567,1.264022579240887,32,32,64,0.03950070560127772,0,0.0,7,0.001235562889977385,0.0
bg,50,0.00046964537144243934,0.00046942480466752204,0.46964537144243934,18,18,36,0.026091409524579962,0,0.0,7,0.00046243011239202614,0.0
bg,50,0.0009122004844041101,0.000911368374680363,0.9122004844041101,29,29,58,0.031455189117383105,0,0.0,7,0.0007168053648796391,0.0
bg,50,0.0006204607164361419,0.0006200757449355014,0.620460716436142,22,22,44,0.028202759838006453,0,0.0,7,0.0005966231022233319,0.0
bg,50,0.0014792479938780083,0.0014770598192506163,1.4792479938780083,30,30,60,0.049308266462600274,0,0.0,7,0.0018788436422959036,0.0
bg,50,0.0008725013147287934,0.0008717400561845898,0.8725013147287934,26,26,52,0.033557742874184365,0,0.0,7,0.0008508407923780282,0.0
bg,50,0.0005688075745402159,0.0005684840324833616,0.5688075745402159,17,17,34,0.033459269090600936,0,0.0,7,0.0005434687365934592,0.0
bg,50,0.000609872530088289,0.0006095005855853326,0.609872530088289,18,18,36,0.033881807227127164,0,0.0,7,0.0006591621998570076,0.0
bg,50,0.0008102476410691839,0.0008095911398293257,0.8102476410691839,26,26,52,0.031163370810353228,0,0.0,7,0.0007896414756300232,0.0
bg,50,0.0007285528456801949,0.0007280220564312463,0.7285528456801948,21,21,42,0.03469299265143785,0,0.0,7,0.0008116665442792308,0.0
bg,50,0.0008273104296144141,0.0008266259870674654,0.827310429614414,25,25,50,0.03309241718457656,0,0.0,7,0.0007699469045693659,0.0
bg,50,0.0007928853760833902,0.0007922567088637834,0.7928853760833903,23,23,46,0.034473277221016965,0,0.0,7,0.0007971566640057015,0.0
bg,50,0.0015434836599960739,0.001541101318187399,1.543483659996074,38,38,76,0.04061799105252826,0,0.0,7,0.0017356899206547897,0.0
bg,50,0.0009204431287223578,0.0009195959131691456,0.9204431287223578,30,30,60,0.030681437624078593,0,0.0,7,0.0008543136336621593,0.0
bg,50,0.0006735534934501501,0.0006730998191416113,0.6735534934501501,27,27,54,0.024946425683338894,0,0.0,7,0.0008147410826549017,0.0
bg,50,0.00048251294094900745,0.0004822801222108241,0.48251294094900743,23,23,46,0.02097882351952206,0,0.0,7,0.0005294737516797685,0.0
bg,50,0.000624377256865479,0.0006239874099065881,0.6243772568654791,23,23,46,0.027146837255020827,0,0.0,7,0.000749966067861351,0.0
bg,50,0.0005173570335929369,0.0005170893752927288,0.5173570335929369,20,20,40,0.025867851679646846,0,0.0,7,0.0004416643455652377,0.0
bg,50,0.001312615412827469,0.0013108924536054769,1.3126154128274692,35,35,70,0.03750329750935626,0,0.0,7,0.0014201282075067768,0.0
bg,50,0.0010734601336602162,0.001072307817001658,1.073460133660216,34,34,68,0.0315723568723593,0,0.0,7,0.0008325611297097345,0.0
bg,50,0.0013058240229344787,0.0013041188465556062,1.3058240229344786,32,32,64,0.04080700071670246,0,0.0,7,0.0012310516354128616,0.0
bg,50,0.0008196664606281559,0.0008189946075214771,0.8196664606281558,24,24,48,0.03415276919283983,0,0.0,7,0.0007659635777555107,0.0
bg,50,0.0004494675429963877,0.00044926552192418043,0.4494675429963877,22,22,44,0.02043034286347217,0,0.0,7,0.0005247150883112392,0.0
bg,50,0.0009671158522335048,0.0009661805391618635,0.9671158522335048,32,32,64,0.030222370382297026,0,0.0,7,0.0010008192026025914,0.0
bg,50,0.0005758841746389294,0.0005755525320563297,0.5758841746389294,20,20,40,0.02879420873194647,0,0.0,7,0.0005889748300648848,0.0
bg,50,0.0015590642689118823,0.0015566335875172846,1.5590642689118823,38,38,76,0.04102800707662848,0,0.0,7,0.0017986952898601904,0.0
bg,50,0.0007080176643459844,0.0007075163753329583,0.7080176643459843,18,18,36,0.03933431468588802,0,0.0,7,0.0006043261347089232,0.0
bg,50,0.0007039995807343331,0.0007035039653246591,0.7039995807343331,24,24,48,0.029333315863930547,0,0.0,7,0.000764780570016274,0.0
bg,50,0.0009209458133562691,0.0009735964809773954,0.9209458133562691,21,21,42,0.04385456254077472,1,0.001,7,0.0010793815990781694,0.9598958384582867
bg,50,0.0008337705062276059,0.000833075332970551,0.833770506227606,27,27,54,0.03088038911954096,0,0.0,7,0.0008504869613220583,0.0
bg,50,0.0011271184089245594,0.001125848013016823,1.1271184089245594,31,31,62,0.03635865835240514,0,0.0,7,0.0008131014279661411,0.0
bg,50,0.0007956349977602954,0.0008438198692559441,0.7956349977602954,27,27,54,0.029467962880010943,1,0.001,7,0.0008399028145993159,1.1644827971349003
bg,50,0.00101204555793527,0.0010110213217239335,1.01204555793527,30,30,60,0.03373485193117567,0,0.0,7,0.0009808374503188187,0.0
bg,50,0.0012325571031433816,0.0012310379061308725,1.2325571031433817,30,30,60,0.04108523677144606,0,0.0,7,0.0014160983361912343,0.0
bg,50,0.0007731651788789069,0.000772567394485076,0.7731651788789069,25,25,50,0.030926607155156275,0,0.0,7,0.0006407672988687145,0.0
bg,50,0.0009781206619826435,0.0009771639419532462,0.9781206619826435,25,25,50,0.039124826479305735,0,0.0,7,0.001144967536706351,0.0
bg,50,0.0006363446304307416,0.0006359396959420637,0.6363446304307416,27,27,54,0.023568319645583022,0,0.0,7,0.0006767476516394578,0.0
bg,50,0.0005696920470668694,0.0005693674980383781,0.5696920470668694,24,24,48,0.023737168627786225,0,0.0,7,0.0004970661594613609,0.0
bg,50,0.001140124081122007,0.0011388241982016527,1.140124081122007,32,32,64,0.03562887753506272,0,0.0,7,0.0012859807768591561,0.0
bg,50,0.0006289805854765688,0.0006285849688996623,0.6289805854765689,17,17,34,0.03699885796920993,0,0.0,7,0.0007368992451101018,0.0
bg,50,0.0013258368813466777,0.0013240790379107385,1.3258368813466777,23,23,46,0.05764508179768164,0,0.0,7,0.0012239169490334066,0.0
bg,50,0.0007818529544337451,0.0007812416603913883,0.7818529544337451,21,21,42,0.03723109306827358,0,0.0,7,0.000979457953994171,0.0
bg,50,0.001057756317650842,0.001056637469223312,1.057756317650842,21,21,42,0.0503693484595639,0,0.0,7,0.0010374463068377128,0.0
bg,50,0.0005248655187023026,0.0005245900348895798,0.5248655187023026,21,21,42,0.024993596128681076,0,0.0,7,0.0004981486530726458,0.0
bg,50,0.0009727002500829726,0.0009717541043064612,0.9727002500829727,26,26,52,0.037411548080114335,0,0.0,7,0.0010855182865186885,0.0
bg,50,0.0006359442046019624,0.0006355397795705955,0.6359442046019623,27,27,54,0.02355348905933194,0,0.0,7,0.0004652153539934284,0.0
bg,50,0.0007066497991361729,0.0007061504451975537,0.7066497991361729,24,24,48,0.02944374163067387,0,0.0,7,0.0007999391204964663,0.0
bg,50,0.0009036630540201927,0.0009028464471049916,0.9036630540201926,25,25,50,0.03614652216080771,0,0.0,7,0.0009393744776413866,0.0
bg,50,0.0006184197551375679,0.0006180373121440235,0.6184197551375679,19,19,38,0.03254840816513515,0,0.0,7,0.0007325183838426436,0.0
bg,50,0.0005199454787984053,0.0005196751354974822,0.5199454787984052,23,23,46,0.022606325165148055,0,0.0,7,0.0005730132489940022,0.0
bg,50,0.0005476908665489049,0.0005473909012636038,0.5476908665489049,21,21,42,0.026080517454709757,0,0.0,7,0.0005491814998435313,0.0
bg,50,0.0007924507893181669,0.000791822811064676,0.7924507893181669,23,23,46,0.034454382144268124,0,0.0,7,0.0007157543652822309,0.0
bg,50,0.0010606416179782469,0.0010595166573364593,1.060641617978247,32,32,64,0.03314505056182022,0,0.0,7,0.0008203194634650532,0.0
bg,50,0.0015181951499570125,0.0015158902334436596,1.5181951499570125,40,40,80,0.037954878748925315,0,0.0,7,0.0011706843321113488,0.0
bg,50,0.0007489797700426663,0.0007484187993467332,0.7489797700426664,30,30,60,0.024965992334755546,0,0.0,7,0.0006772183428051607,0.0
bg,50,0.0009299609824514902,0.0009290961550226083,0.9299609824514903,27,27,54,0.034442999350055195,0,0.0,7,0.0004609605139104235,0.0
bg,50,0.0005663658590040513,0.0005660450887178058,0.5663658590040512,13,13,26,0.043566604538773174,0,0.0,7,0.00047929700391786793,0.0
bg,50,0.000961352758578947,0.0009604285594525197,0.961352758578947,33,33,66,0.029131901775119606,0,0.0,7,0.0007116280840490751,0.0
bg,50,0.0011795997406815104,0.0011782082851332948,1.1795997406815104,34,34,68,0.034694110020044425,0,0.0,7,0.0012418284280395512,0.0
bg,50,0.0006418703776013608,0.0006414583800197188,0.6418703776013608,26,26,52,0.024687322215436954,0,0.0,7,0.0005206372229711577,0.0
bg,50,0.0007305960278929505,0.0007300622573369776,0.7305960278929504,19,19,38,0.0384524225206816,0,0.0,7,0.0008500035880283668,0.0
bg,50,0.0008737715487307369,0.0008730080720113656,0.8737715487307369,31,31,62,0.028186178991314096,0,0.0,7,0.0009450102762916947,0.0
bg,50,0.001464358954514644,0.0014622146073669765,1.464358954514644,33,33,66,0.04437451377317103,0,0.0,7,0.001389902076635489,0.0
bg,50,0.0010405383408029713,0.0010394556207642906,1.0405383408029714,22,22,44,0.04729719730922597,0,0.0,7,0.000992903268446102,0.0
bg,50,0.0009541736370409843,0.0009532631897113603,0.9541736370409843,24,24,48,0.03975723487670768,0,0.0,7,0.0009953816647465484,0.0
bg,50,0.001083286891594124,0.0010821133811046244,1.083286891594124,29,29,58,0.037354720399797384,0,0.0,7,0.0011604491960437993,0.0
bg,50,0.0012569829711893234,0.0012554029649994637,1.2569829711893235,35,35,70,0.03591379917683781,0,0.0,7,0.0007794339602066475,0.0
bg,50,0.0006072207889424704,0.0006068520718559465,0.6072207889424703,26,26,52,0.023354645728556552,0,0.0,7,0.0006381709071161813,0.0
bg,50,0.0014336733760107875,0.0014316179566617056,1.4336733760107876,31,31,62,0.0462475282584125,0,0.0,7,0.0012632049943838933,0.0
bg,50,0.0016416314464198366,0.0016389364926139626,1.6416314464198365,30,30,60,0.05472104821399455,0,0.0,7,0.001286587963073644,0.0
bg,50,0.0007017844182816795,0.0007012919169119365,0.7017844182816795,26,26,52,0.02699170839544921,0,0.0,7,0.0007307153632099564,0.0
bg,50,0.0004707790059858894,0.0004705573731134123,0.4707790059858894,13,13,26,0.03621376969122226,0,0.0,7,0.00034000154791764657,0.0
bg,50,0.0005226226126715616,0.0005223494782762862,0.5226226126715616,26,26,52,0.020100869718136984,0,0.0,7,0.00043072341985785664,0.0
bg,50,0.0004795205190392551,0.00047929057911107545,0.4795205190392551,18,18,36,0.02664002883551417,0,0.0,7,0.0004270523126406393,0.0
bg,50,0.0007359057321120339,0.0007353641748654786,0.7359057321120339,28,28,56,0.02628234757542978,0,0.0,7,0.000547550700332828,0.0
bg,50,0.0011714780773162002,0.0011701057164305677,1.1714780773162001,32,32,64,0.036608689916131254,0,0.0,7,0.0011860757293387677,0.0
bg,50,0.0006109572519181227,0.0006105839831544513,0.6109572519181228,22,22,44,0.02777078417809649,0,0.0,7,0.0006321750022300015,0.0
bg,50,0.0008226526305265623,0.0008219758731760498,0.8226526305265622,24,24,48,0.03427719293860676,0,0.0,7,0.0010329039089938352,0.0
bg,50,0.0007886942425198171,0.0007880722039116333,0.7886942425198171,29,29,58,0.027196353190338522,0,0.0,7,0.0006412782477791592,0.0
bg,50,0.0010623121619584737,0.0010611836548290285,1.0623121619584737,26,26,52,0.04085816007532591,0,0.0,7,0.0009796929014691319,0.0
bg,50,0.0008977012273366025,0.0008968953598430408,0.8977012273366025,28,28,56,0.032060758119164375,0,0.0,7,0.0009380503445531788,0.0
bg,50,0.0008881708130460097,0.0008873819656528629,0.8881708130460098,27,27,54,0.03289521529800036,0,0.0,7,0.0009027761602197467,0.0
bg,50,0.000735583999751018,0.0007350429159303282,0.7355839997510181,21,21,42,0.035027809511953244,0,0.0,7,0.0006439022611070075,0.0
bg,50,0.0009933217823484882,0.0009923350941852,0.9933217823484881,20,20,40,0.04966608911742441,0,0.0,7,0.0010251938627101136,0.0
bg,50,0.0010641245064705435,0.0010629921455052726,1.0641245064705436,34,34,68,0.03129777960207481,0,0.0,7,0.0008372542126029982,0.0
bg,50,0.0008394089772051458,0.0008387043697741333,0.8394089772051458,29,29,58,0.028945137145005028,0,0.0,7,0.0007033957296631647,0.0
bg,50,0.0011682988634637397,0.0011669339412293692,1.1682988634637397,35,35,70,0.03337996752753542,0,0.0,7,0.001596108133028373,0.0
bg,50,0.0014328915325974095,0.00143083835445322,1.4328915325974094,37,37,74,0.03872679817830836,0,0.0,7,0.0013970984363920137,0.0
bg,50,0.0009078149009995968,0.00090699077310512,0.9078149009995968,28,28,56,0.0324219607499856,0,0.0,7,0.0008538715717030868,0.0
bg,50,0.0007918551129821374,0.0007912280784621815,0.7918551129821374,21,21,42,0.03770738633248273,0,0.0,7,0.0009600478213708099,0.0
bg,50,0.0007556360308149763,0.0007550650450039105,0.7556360308149763,21,21,42,0.03598266813404649,0,0.0,7,0.0007138907287642046,0.0
bg,50,0.0007714173697314201,0.0007708222849730967,0.7714173697314202,20,20,40,0.03857086848657101,0,0.0,7,0.0007182468539741389,0.0
bg,50,0.0006181965710260036,0.0006178144040255752,0.6181965710260036,21,21,42,0.02943793195361922,1,0.001,7,0.0006421066680287843,1.0621399973085597
bg,50,0.000756488581737174,0.0007559163067628753,0.756488581737174,35,35,70,0.021613959478204974,0,0.0,7,0.000993767393339688,0.0
bg,50,0.0006894649223161409,0.0006889895604370365,0.6894649223161409,27,27,54,0.025535737863560774,0,0.0,7,0.00077500078922891,0.0
bg,50,0.0010638627535832477,0.001090871664013356,1.0638627535832477,32,32,64,0.03324571104947649,1,0.001,7,0.0009544745292185737,0.9927693864861455
bg,50,0.0009305263030253351,0.0009296604238247131,0.930526303025335,29,29,58,0.03208711389742534,0,0.0,7,0.0010424392552850282,0.0
bg,50,0.0004243895106833406,0.00042420940422656264,0.42438951068334063,19,19,38,0.022336290035965295,0,0.0,7,0.00041256588601652945,0.0
bg,50,0.0006055879903184804,0.0006052212535044624,0.6055879903184804,22,22,44,0.0275267268326582,0,0.0,7,0.0005549028464197205,0.0
bg,50,0.0009315642898375315,0.0009306964778114311,0.9315642898375316,28,28,56,0.03327015320848327,0,0.0,7,0.0008043557278321696,0.0
bg,50,0.0012442715372368198,0.0012427233255784423,1.2442715372368198,32,32,64,0.03888348553865062,0,0.0,7,0.001215655942667572,0.0
bg,50,0.0009861732860067462,0.0009852007482567132,0.9861732860067463,33,33,66,0.0298840389699014,0,0.0,7,0.0012760668149572288,0.0
bg,50,0.0006406817038721311,0.0006402712308264547,0.6406817038721311,20,20,40,0.03203408519360655,0,0.0,7,0.0006617523339103856,0.0
bg,50,0.0007849303379743437,0.0007843142223388713,0.7849303379743438,24,24,48,0.03270543074893099,0,0.0,7,0.000740836093420061,0.0
bg,50,0.0004948632733556373,0.000494618383696321,0.4948632733556373,22,22,44,0.022493785152528967,0,0.0,7,0.0003754087706000755,0.0
bg,50,0.000574409355181345,0.0005740794090740252,0.574409355181345,23,23,46,0.02497431979049326,0,0.0,7,0.00046792070150909076,0.0
bg,50,0.0008848774688948495,0.0008840944607598917,0.8848774688948495,25,25,50,0.03539509875579398,0,0.0,7,0.0008043796653510554,0.0
bg,50,0.001303593252303834,0.001301893896936382,1.303593252303834,35,35,70,0.03724552149439526,0,0.0,7,0.00137967797872181,0.0
bg,50,0.00075736105883772,0.0007567874630642762,0.75736105883772,19,19,38,0.03986110835988,0,0.0,7,0.0008108351771271477,0.0
bg,50,0.0008256472656754021,0.0008249655722680849,0.8256472656754021,24,24,48,0.034401969403141754,0,0.0,7,0.0008904675675883201,0.0
bg,50,0.0008562414246960656,0.0008555082753187001,0.8562414246960657,27,27,54,0.03171264535911354,0,0.0,7,0.000876775869173643,0.0
bg,50,0.0005729751345426592,0.0005726468340378551,0.5729751345426592,15,15,30,0.03819834230284395,0,0.0,7,0.0006118131250267676,0.0
bg,50,0.0009469217426678575,0.0009460250818811203,0.9469217426678576,25,25,50,0.037876869706714306,0,0.0,7,0.000808595893558953,0.0
bg,50,0.0008023693321934644,0.00080172553564822,0.8023693321934644,24,24,48,0.03343205550806102,0,0.0,7,0.0007408660132058903,0.0
bg,50,0.00044809129660963265,0.00044789051079953537,0.44809129660963265,22,22,44,0.020367786209528758,0,0.0,7,0.00043182944811258014,0.0
bg,50,0.001246395206421357,0.001244841705410767,1.246395206421357,33,33,66,0.03776955170973809,0,0.0,7,0.0012508046161900893,0.0
bg,50,0.0010684547134021862,0.0010673131179275948,1.0684547134021862,32,32,64,0.03338920979381832,0,0.0,7,0.0011299197906746226,0.0
bg,50,0.0006994498580393654,0.0006989606279354538,0.6994498580393653,27,27,54,0.025905550297754272,0,0.0,7,0.0007237600435071335,0.0
bg,50,0.0008487785003071337,0.0008480580753645502,0.8487785003071338,29,29,58,0.029268224148521853,0,0.0,7,0.0009569264462453246,0.0
bg,50,0.0011175671424644732,0.0011163181861465572,1.1175671424644733,32,32,64,0.03492397320201479,0,0.0,7,0.0009474128101947069,0.0
bg,50,0.0007726226399460963,0.000772025694202339,0.7726226399460963,29,29,58,0.02664215999814125,0,0.0,7,0.0006878159123520128,0.0
bg,50,0.0006352959812013044,0.0006348923802175739,0.6352959812013044,21,21,42,0.030252189581014492,0,0.0,7,0.0007026430657293189,0.0
bg,50,0.0007483146552850144,0.0007477546804617,0.7483146552850144,26,26,52,0.028781332895577477,0,0.0,7,0.0007346679668625508,0.0
bg,50,0.0007666803041333896,0.0007660925054446435,0.7666803041333896,29,29,58,0.026437251866668607,0,0.0,7,0.0008121128519068917,0.0
bg,50,0.0005806991118629697,0.0005803619004044511,0.5806991118629696,21,21,42,0.027652338660141412,0,0.0,7,0.0006797431367313323,0.0
bg,50,0.0008545319250734807,0.0008538017002625109,0.8545319250734806,23,23,46,0.03715356195971655,0,0.0,7,0.0009132843787609871,0.0
bg,50,0.0008773659087937311,0.0008765961378558176,0.8773659087937311,24,24,48,0.036556912866405465,0,0.0,7,0.0008414043451530039,0.0
bg,50,0.0006120156746907836,0.0006116411115047164,0.6120156746907837,20,20,40,0.030600783734539182,0,0.0,7,0.0005618247777211242,0.0
bg,50,0.0009496939068282444,0.0009487919883115778,0.9496939068282444,30,30,60,0.03165646356094148,0,0.0,7,0.0009005484959189291,0.0
bg,50,0.0008420699602923065,0.0008413608784742798,0.8420699602923065,22,22,44,0.03827590728601393,0,0.0,7,0.0007896904800163244,0.0
bg,50,0.0008664932746506455,0.0008657424640556308,0.8664932746506455,32,32,64,0.027077914832832672,0,0.0,7,0.000761515721702984,0.0
bg,50,0.000562036959516739,0.000561721073972876,0.5620369595167389,17,17,34,0.0330609976186317,0,0.0,7,0.0005003741243786977,0.0
bg,50,0.0008436365932534216,0.0008429248705519453,0.8436365932534216,31,31,62,0.02721408365333618,0,0.0,7,0.0008503921043145891,0.0
bg,50,0.0005212827416778367,0.0005210110059810654,0.5212827416778367,20,20,40,0.026064137083891836,0,0.0,7,0.00047903528328963665,0.0
bg,50,0.0007720278100449107,0.000771431783105428,0.7720278100449107,22,22,44,0.03509217318385958,0,0.0,7,0.0005646003119810015,0.0
bg,50,0.0004575482395817545,0.00045733888919021013,0.4575482395817545,17,17,34,0.0269146023283385,0,0.0,7,0.000456417213072351,0.0
bg,50,0.0007809928751004769,0.0007803829252295192,0.7809928751004769,23,23,46,0.0339562119608903,0,0.0,7,0.0008215735351875625,0.0
bg,50,0.0004434796057411048,0.00044328293158039646,0.4434796057411048,18,18,36,0.024637755874505823,0,0.0,7,0.00036728845466026913,0.0
bg,50,0.0007690896082325906,0.0007684981094070992,0.7690896082325906,23,23,46,0.03343867861880829,0,0.0,7,0.0007302196408588117,0.0
bg,50,0.000707532334366761,0.0007070317323625867,0.707532334366761,22,22,44,0.03216056065303459,0,0.0,7,0.0006567027142261847,0.0
bg,50,0.0007897055602950616,0.0007890819254231006,0.7897055602950616,24,24,48,0.03290439834562756,0,0.0,7,0.0009069900266178676,0.0
bg,50,0.0009553482374548921,0.0009544355472000838,0.9553482374548921,30,30,60,0.0318449412484964,0,0.0,7,0.0008022419186610668,0.0
bg,50,0.0009476395283385912,0.0009467415076629217,0.9476395283385912,31,31,62,0.030569017043180362,0,0.0,7,0.0010313652065542152,0.0
bg,50,0.0007663754999993859,0.0007657881685923867,0.7663754999993859,22,22,44,0.03483524999997209,0,0.0,7,0.0006132041877141218,0.0
bg,50,0.0008029773444491468,0.0008023325718334481,0.8029773444491468,25,25,50,0.032119093777965874,0,0.0,7,0.0008764888183347002,0.0
bg,50,0.0005373318949643809,0.0005370431693990349,0.5373318949643808,17,17,34,0.031607758527316517,0,0.0,7,0.0005203138084644909,0.0
bg,50,0.0007829681452962927,0.000782355106179744,0.7829681452962927,20,20,40,0.03914840726481463,0,0.0,7,0.0005938278039718765,0.0
bg,50,0.0011619342004262024,0.0011605841093400824,1.1619342004262023,27,27,54,0.04303460001578527,0,0.0,7,0.001333663184274435,0.0
bg,50,0.0006974252641279541,0.0006969388621289102,0.6974252641279541,31,31,62,0.022497589165417876,0,0.0,7,0.0005540252263193278,0.0
bg,50,0.0009534594134777823,0.000952550328624633,0.9534594134777823,27,27,54,0.03531331161028823,0,0.0,7,0.0008682036580257487,0.0
bg,50,0.0011263081344537512,0.0011250395644400145,1.126308134453751,27,27,54,0.04171511609087967,0,0.0,7,0.0013168604633239955,0.0
bg,50,0.0011664921094666596,0.001165131405625212,1.1664921094666596,28,28,56,0.04166043248095213,0,0.0,7,0.0011648396482553404,0.0
bg,50,0.0008913086331724908,0.0008905142020929234,0.8913086331724909,21,21,42,0.04244326824630909,0,0.0,7,0.0007256374946979017,0.0
bg,50,0.0005043260197371837,0.0005040716750029996,0.5043260197371837,18,18,36,0.028018112207621317,0,0.0,7,0.00044975254546020764,0.0
bg,50,0.0011053835443336222,0.0011041616715535385,1.1053835443336222,29,29,58,0.0381166739425387,0,0.0,7,0.0011431291550728087,0.0
bg,50,0.0008609269923754975,0.0008601857970892967,0.8609269923754974,27,27,54,0.031886184902796204,0,0.0,7,0.0011298681396582362,0.0
bg,50,0.0010509603490611089,0.00104985583140581,1.0509603490611088,33,33,66,0.03184728330488208,0,0.0,7,0.0010376692008512022,0.0
bg,50,0.0010278111499998203,0.0010267547542397565,1.0278111499998204,31,31,62,0.03315519838709098,0,0.0,7,0.0008779010230386769,0.0
bg,50,0.0005085782255074207,0.0005083195736959603,0.5085782255074207,17,17,34,0.029916366206318865,0,0.0,7,0.00044864328881079384,0.0
bg,50,0.0009488372481994922,0.0009479369560759215,0.9488372481994922,30,30,60,0.03162790827331641,0,0.0,7,0.0007183236081545821,0.0
bg,50,0.0008236454053234326,0.0008229670135697221,0.8236454053234326,25,25,50,0.0329458162129373,0,0.0,7,0.0007881410580904878,0.0
bg,50,0.000549590189699444,0.0005492881403228301,0.549590189699444,14,14,28,0.03925644212138885,0,0.0,7,0.0006403285766152028,0.0
bg,50,0.0009989062465452143,0.0009979084328558274,0.9989062465452143,28,28,56,0.03567522309090051,0,0.0,7,0.001002409548397934,0.0
