ligand_type,r_max,time_weighted_mean_b,time_weighted_variance,total_bound_time,n_binding_events,n_unbinding_events,binding_unbinding_events,mean_bound_dwell_time,total_signal,signal_rate,ratio,time_weighted_variance_observed,total_signal_observed
ag,50,0.6719770641274541,0.43399048985740485,671.977064127454,667,667,1334,1.0074618652585516,341,0.341,6,0.38746269827310975,328.9874653057609
ag,50,1.973367849481111,1.3268025585913479,1973.367849481111,1983,1982,3965,0.9956447272861307,3368,3.368,6,1.5354769484147772,3310.076258952828
ag,50,1.3619719005687225,0.8582820929991707,1361.9719005687225,1313,1312,2625,1.0380883388481117,1537,1.537,6,0.8661679757160313,1317.015821275851
ag,50,3.7970568640030824,2.4880052916054494,3797.0568640030824,3808,3803,7611,0.9984372505924487,12827,12.827,6,1.6482073011108351,11848.328701764482
ag,50,1.322798102055964,0.8796333646599259,1322.7981020559641,1322,1322,2644,1.0006037080604873,1463,1.463,6,0.8677620509253866,1487.6014348556073
ag,50,1.2886519199112805,0.8975622577175294,1288.6519199112804,1297,1297,2594,0.9935635465777027,1470,1.47,6,0.8399939093627088,1344.6055776177304
ag,50,0.9705852594426727,0.6895171847229725,970.5852594426727,965,964,1929,1.0068311819944737,882,0.882,6,0.691126736369668,882.368016716741
ag,50,2.603073804813659,1.703403553727972,2603.073804813659,2525,2523,5048,1.0317375365888461,5654,5.654,6,2.1470186953210093,5256.776173930715
ag,50,1.9240102432613413,1.3467777368406706,1924.0102432613412,2014,2012,4026,0.9562675165314817,3422,3.422,6,1.3293499634577808,3259.920819668664
ag,50,0.9929141573430911,0.6549841958461757,992.9141573430911,983,982,1965,1.0111142131803372,854,0.854,6,0.669071607781542,818.66273198143
ag,50,1.6106313368544911,1.0714225662634584,1610.631336854491,1659,1658,3317,0.971430239357353,2305,2.305,6,0.9526918125840224,1671.4493394947365
ag,50,2.291978590284959,1.4916345319490525,2291.978590284959,2260,2257,4517,1.015497824672113,4471,4.471,6,1.472409481510441,3643.2813921275606
ag,50,1.599647850410108,1.097518899649784,1599.6478504101078,1576,1575,3151,1.0156494288318145,2198,2.198,6,1.068829569199748,1817.2481023660503
ag,50,1.2996300093801638,0.9252253833141149,1299.6300093801638,1321,1320,2641,0.9845681889243665,1474,1.474,6,0.8462493511907012,1703.9189853274095
ag,50,2.8604586321219005,1.8681670519895393,2860.4586321219003,2825,2823,5648,1.0132690868302872,7325,7.325,6,2.21062122954513,6945.924787286639
ag,50,1.8814190773738833,1.2173703233731503,1881.4190773738833,1917,1917,3834,0.9814392683223179,3191,3.191,6,0.7917398139298994,3156.359511927655
ag,50,1.0011596641425484,0.6532052996675899,1001.1596641425484,1003,1002,2005,0.9991613414596292,868,0.868,6,0.6394037081179649,840.2649025988694
ag,50,1.3789187669890253,0.8229701723619268,1378.9187669890252,1315,1315,2630,1.04860742736808,1676,1.676,6,0.9249904472574327,1101.6449464323298
ag,50,1.9460055483677574,1.2892706478163598,1946.0055483677575,1970,1969,3939,0.9883217614869261,3388,3.388,6,1.3377208881064244,3117.0159277428024
ag,50,2.2518532785418723,1.4643938114524522,2251.8532785418724,2292,2288,4580,0.9842016077543149,4506,4.506,6,1.749206165415627,3790.362974894724
ag,50,1.6260240539146966,1.080518817496105,1626.0240539146967,1609,1607,3216,1.0118382413906015,2352,2.352,6,1.0010622838243348,2196.8336494868704
ag,50,0.6968883437498592,0.46011654612257585,696.8883437498592,674,672,1346,1.0370362258182428,346,0.346,6,0.5106352902115286,441.2710108851588
ag,50,1.9132346928105766,1.2215068189026064,1913.2346928105765,1986,1984,3970,0.9643320024246858,3265,3.265,6,0.788996967350331,2185.824417439237
ag,50,1.7542144982675167,1.1207714318188295,1754.2144982675168,1660,1659,3319,1.0573927054053749,2419,2.419,6,0.8883329424963585,2128.9297157453757
ag,50,1.3168777746001639,0.8826116183030065,1316.8777746001638,1336,1336,2672,0.9856869570360507,1416,1.416,6,0.7873497889541352,1311.1424327456843
ag,50,2.1881753932853436,1.379047074699286,2188.1753932853435,2230,2227,4457,0.9825664091986275,4164,4.164,6,0.8070639578162738,4168.02558741627
ag,50,2.668395689958247,1.7852521020850018,2668.3956899582467,2599,2595,5194,1.0282835028740835,6122,6.122,6,1.650692790429333,5607.516558593908
ag,50,2.3206053562242173,1.5425854238319066,2320.6053562242173,2302,2300,4602,1.0089588505322684,4476,4.476,6,1.8306616564151306,4883.8043030306435
ag,50,1.9177312584156652,1.324413011437867,1917.7312584156653,1974,1973,3947,0.9719874599167082,3375,3.375,6,1.5326337698482424,3229.4661525341176
ag,50,3.2301727245646132,2.168707880033509,3230.1727245646134,3169,3165,6334,1.0205916981246803,9243,9.243,6,2.0733697739757835,5913.310039500369
ag,50,1.295167701688147,0.8714505027638297,1295.1677016881472,1311,1311,2622,0.9879234948040787,1489,1.489,6,1.0217223119377254,1739.0943628603684
ag,50,1.243307824235621,0.8568406168808999,1243.307824235621,1335,1334,2669,0.9320148607463425,1451,1.451,6,0.8068535671357747,1294.3902520578174
ag,50,1.371664065385252,0.833342901582771,1371.6640653852521,1353,1351,2704,1.0152953851852347,1525,1.525,6,0.5272425803951473,1353.3723812230928
ag,50,3.282966757098053,2.117905469944846,3282.966757098053,3221,3216,6437,1.0208229966100912,9510,9.51,6,2.1379412778949503,11236.354517171529
ag,50,3.125436950468451,2.0987698121345493,3125.436950468451,3192,3188,6380,0.9803754549775567,9051,9.051,6,2.378148941338414,5878.726937336427
ag,50,2.6298579563458424,1.6272279355684718,2629.8579563458425,2628,2626,5254,1.0014691379839462,6272,6.272,6,1.853855800822204,7459.220475178464
ag,50,1.2520361087358303,0.8734367800111029,1252.0361087358303,1272,1270,2542,0.9858552037290003,1349,1.349,6,0.9497819880579874,948.8584709517689
ag,50,1.6707057428733971,1.1267659468358757,1670.7057428733972,1643,1641,3284,1.0181022199106624,2414,2.414,6,0.9453566796800191,2110.037635405987
ag,50,0.998379405827082,0.652636244117187,998.379405827082,1003,1002,2005,0.996386632561958,779,0.779,6,0.703024473028022,773.7859091598575
ag,50,1.9937874605134367,1.3636454836448988,1993.7874605134366,1981,1978,3959,1.0079815270543158,3527,3.527,6,1.3756892309823276,4071.2384717227696
ag,50,1.959316968381966,1.202872539231944,1959.316968381966,1951,1948,3899,1.0058095320235965,3377,3.377,6,0.9178675159482553,2211.1596208663163
ag,50,2.1555870485689947,1.4602239113972642,2155.5870485689948,2245,2241,4486,0.961886233185629,4299,4.299,6,1.4998246444168677,4717.261370730361
ag,50,1.013135268752331,0.6585347286360806,1013.1352687523311,974,973,1947,1.0412489915234646,938,0.938,6,0.5708569956859563,806.7684947137924
ag,50,2.799183415516116,1.881093042653953,2799.183415516116,2843,2842,5685,0.9849343474722435,7022,7.022,6,1.984771502511459,6554.7780981692795
ag,50,1.9722946630412144,1.2682727388558148,1972.2946630412143,1960,1960,3920,1.0062727872659256,3341,3.341,6,1.576286541477422,3239.7923598849784
ag,50,1.0013798549226298,0.6184243699595335,1001.3798549226299,981,981,1962,1.0207745717865748,795,0.795,6,0.5554682004328508,797.5207541116048
ag,50,2.5656619658695026,1.722488763300059,2565.6619658695026,2549,2546,5095,1.0077226888725461,5691,5.691,6,2.346284148742091,5395.361193123125
ag,50,0.6565453249301288,0.4298115460293027,656.5453249301288,679,679,1358,0.9669297863477596,346,0.346,6,0.4042250655768451,323.71902037605264
ag,50,3.3097244653885527,2.2258837244701266,3309.7244653885527,3190,3186,6376,1.0388337932795206,9425,9.425,6,2.299450364945372,6359.859805340253
ag,50,1.285372758640779,0.8235367600876569,1285.372758640779,1285,1284,2569,1.0010691266672733,1323,1.323,6,1.01479481790993,1247.4752866495742
ag,50,0.9884372397660612,0.6686116988295637,988.4372397660612,1013,1011,2024,0.977682729738933,836,0.836,6,0.6729260199599406,842.0064926225712
ag,50,1.9810646651747292,1.304057399565858,1981.0646651747293,1956,1955,3911,1.0133323095522913,3432,3.432,6,1.155952001839784,3554.789504771187
ag,50,1.3334040056356966,0.8566842529482847,1333.4040056356966,1358,1357,2715,0.9826116474839327,1682,1.682,6,0.8771183869253348,1750.0145931470738
ag,50,0.9744377879836641,0.6873324181538298,974.4377879836641,1008,1006,2014,0.9686260317929066,813,0.813,6,0.6867841642882114,771.0838315885272
ag,50,1.8839175088623041,1.295951736980343,1883.9175088623042,1963,1962,3925,0.9602026039053538,2990,2.99,6,0.941570116984887,2950.9205469585454
ag,50,2.634780852134362,1.7188802115875046,2634.780852134362,2612,2610,5222,1.0094945793618244,6168,6.168,6,1.9387457236770558,6674.236401745665
ag,50,0.9893254712181118,0.6509831068442863,989.3254712181117,986,985,1971,1.0043913413381844,841,0.841,6,0.5103524468591696,569.4954567371599
ag,50,0.662256165161308,0.4313378049343385,662.256165161308,668,667,1335,0.9928878038400419,358,0.358,6,0.39039619395439185,348.14713212946
ag,50,1.3147840283991892,0.8678719535606418,1314.784028399189,1340,1339,2679,0.9819148830464445,1583,1.583,6,0.876276906513742,1619.8304911559203
ag,50,1.8870086536933615,1.2446133184457926,1887.0086536933616,1976,1975,3951,0.9554474195915755,3287,3.287,6,1.2372424851628556,3700.6124994939173
ag,50,1.0274939009562027,0.6668666060635569,1027.4939009562027,967,965,1932,1.0647605191255987,833,0.833,6,0.7959195083672873,727.7107064554244
ag,50,0.0,0.0,0.0,0,0,0,,0,0.0,6,0.0,0.0
ag,50,1.9284417491987735,1.289357634780914,1928.4417491987736,1963,1960,3923,0.9838988516320273,3364,3.364,6,1.1570912682812362,4179.643501072149
ag,50,1.66291060995049,1.0928867339125221,1662.91060995049,1605,1605,3210,1.0360813769161932,2404,2.404,6,0.8862730335092787,2193.7013189969953
ag,50,2.2848203811949954,1.5576671154587998,2284.820381194995,2262,2261,4523,1.0105353300287463,4612,4.612,6,1.8120400635615015,6419.475197017336
ag,50,0.9489106480192854,0.6100987487087429,948.9106480192854,996,995,1991,0.9536790432354627,787,0.787,6,0.6099648818434145,844.6493530828441
ag,50,2.0351193766323026,1.26866500277994,2035.1193766323026,1960,1956,3916,1.0404495790553694,3569,3.569,6,1.2987827419755338,2948.894240562096
ag,50,3.863048256987535,2.3865587172419627,3863.048256987535,3854,3852,7706,1.0028681871722571,12693,12.693,6,2.878908673117259,9137.562857582614
ag,50,1.3466139405143167,0.876611802201458,1346.6139405143167,1317,1316,2633,1.0232628727312436,1395,1.395,6,0.8143473522299137,1544.1188741765775
ag,50,0.9748456070940713,0.6512202043342638,974.8456070940713,977,977,1954,0.9977948895538089,718,0.718,6,0.67088999964562,723.2479594197163
ag,50,0.34771669649790427,0.2268097954744886,347.71669649790425,341,341,682,1.0196970571786048,59,0.059,6,0.23916263983371203,64.06380837024946
ag,50,1.659956589845193,1.1010334797024763,1659.9565898451929,1662,1659,3321,1.0005766062960777,2473,2.473,6,1.3177431076316513,2367.6489671796467
ag,50,0.9824808054243902,0.6434735135539533,982.4808054243902,990,987,1977,0.9954212820915807,819,0.819,6,0.6170749741803846,924.6235668386597
ag,50,1.2932424712877155,0.91940985027375,1293.2424712877155,1302,1300,2602,0.9948019009905503,1334,1.334,6,0.9481038647278619,1462.7703710368567
ag,50,1.9814193768124746,1.2971312389479963,1981.4193768124746,1956,1952,3908,1.0150714020555711,3440,3.44,6,1.3521288976373684,3784.4303134667184
ag,50,1.2923548101753648,0.8764085972466755,1292.3548101753647,1306,1305,2611,0.9903101993680956,1385,1.385,6,0.896966307157769,1450.2328116563735
ag,50,0.9891877408583186,0.6538864646282796,989.1877408583186,1011,1011,2022,0.9784250651417593,818,0.818,6,0.6113270135068721,826.8220763743885
ag,50,1.2728950296394341,0.8596187906569995,1272.8950296394341,1301,1301,2602,0.9783974094077127,1434,1.434,6,0.8691343780397004,1509.387940547852
ag,50,0.637613030895496,0.42132501264821404,637.6130308954961,670,670,1340,0.9516612401425315,327,0.327,6,0.514523164332261,298.6928746756832
ag,50,1.0063114744589312,0.6334377182586868,1006.3114744589311,973,971,1944,1.0363660911008559,780,0.78,6,0.6908266670139953,961.7112992213048
ag,50,1.8806692997490286,1.1909916964462108,1880.6692997490286,1953,1950,3903,0.9644457947430916,3286,3.286,6,1.0820242132923517,3451.0325734680246
ag,50,2.6463486601047492,1.7454875891216382,2646.3486601047493,2598,2597,5195,1.0190021794781476,5819,5.819,6,1.8158299896772752,6797.217486672407
ag,50,2.1896852455690694,1.3862469634342078,2189.6852455690696,2271,2269,4540,0.9650441805064212,4541,4.541,6,1.769869276226214,3130.9334431507614
ag,50,1.3346987962091001,0.8171055418301855,1334.6987962091002,1346,1343,2689,0.9938189100588982,1491,1.491,6,0.8460311285080028,1784.3758993523693
ag,50,1.646710033885602,1.115926115816008,1646.710033885602,1641,1637,3278,1.0059316028623102,2328,2.328,6,1.427060823297299,1685.6872542352446
ag,50,1.925337869709656,1.3949141981940754,1925.337869709656,1930,1929,3859,0.9981015395073385,3311,3.311,6,1.2872050373527641,3610.347787901572
ag,50,0.34190898169850675,0.2250072299323969,341.90898169850675,340,339,679,1.008581066957247,62,0.062,6,0.23812913439926683,56.896145204691834
ag,50,0.8961152253622613,0.6237854140348487,896.1152253622613,985,984,1969,0.9106862046364445,718,0.718,6,0.6982148257304119,805.8116587354198
ag,50,1.3298546229713522,0.8898524752055612,1329.8546229713522,1301,1301,2602,1.0221788032062662,1493,1.493,6,0.9227111558027744,1512.8759034792788
ag,50,2.6055027191506603,1.7406861582114437,2605.50271915066,2556,2553,5109,1.020565107383729,6039,6.039,6,1.498644802292797,7754.801529649471
ag,50,1.9394924062720424,1.2903922874992186,1939.4924062720424,1933,1931,3864,1.004397931782518,3289,3.289,6,1.5803022724481324,2404.1678690406698
ag,50,0.3144668031200184,0.21557743285549402,314.4668031200184,312,311,623,1.0111472769132426,69,0.069,6,0.25078217691165977,68.31190252806915
ag,50,0.9863186576704167,0.6757238594064867,986.3186576704167,991,991,1982,0.9952761429570299,829,0.829,6,0.8523130360857022,913.2732514760421
ag,50,0.9938356608928457,0.6763207552445843,993.8356608928457,998,996,1994,0.9978269687679173,881,0.881,6,0.6141588073637976,925.8889022045491
ag,50,1.5846107588583216,1.1049973737360106,1584.6107588583216,1647,1645,3292,0.9632892151114417,2265,2.265,6,0.841139091498492,2068.567030620441
ag,50,0.6028912137049319,0.42491312186283886,602.8912137049319,617,617,1234,0.9771332474958379,319,0.319,6,0.2567795931977097,301.81551239998697
ag,50,2.912655030474114,1.9681897678089149,2912.655030474114,2941,2940,5881,0.9906989899571816,7522,7.522,6,1.809997674540075,8200.452268921848
ag,50,0.6245842545229812,0.44339501383913454,624.5842545229812,637,637,1274,0.9805090337880394,337,0.337,6,0.5410791278166905,354.60996678009843
ag,50,1.6374882376413848,1.0964491881004617,1637.4882376413848,1667,1665,3332,0.9834764190038348,2485,2.485,6,1.18684988518954,2360.6805388705116
ag,50,3.453274408888438,2.205306577426035,3453.2744088884383,3517,3513,7030,0.9829986931080098,10679,10.679,6,1.8784360439082821,9677.765891938863
ag,50,0.6449468802952428,0.41295567398347544,644.9468802952429,630,630,1260,1.0237252068178457,280,0.28,6,0.4749437816968152,267.0860635730931
ag,50,3.27798297621314,2.1475625991466405,3277.98297621314,3293,3290,6583,0.9963474091833252,9432,9.432,6,3.0003748566754025,10902.178452030548
ag,50,2.270299009933121,1.5481760422997795,2270.299009933121,2294,2290,4584,0.9913969475690484,4296,4.296,6,1.7216404582165392,4089.481443067158
ag,50,3.5693412237975437,2.246058767442249,3569.3412237975435,3518,3516,7034,1.0151709965294493,11235,11.235,6,2.0837761305571356,9654.257732867778
ag,50,1.5448518246431924,1.11814696453444,1544.8518246431925,1626,1624,3250,0.9512634388196998,2073,2.073,6,1.115346940089237,2147.792123246937
ag,50,1.657221083528798,1.0854762461185892,1657.2210835287979,1612,1609,3221,1.0299695982155364,2357,2.357,6,0.9355874066097881,1657.9559537308626
ag,50,2.9235108307015736,1.8853674755602883,2923.5108307015735,2823,2817,5640,1.0378100215483044,7218,7.218,6,2.14465902182547,4968.054819265243
ag,50,2.278547243489068,1.4260815518305467,2278.547243489068,2232,2230,4462,1.0217700643448735,4499,4.499,6,1.6054155111274384,4207.931069578683
ag,50,0.6404428712152174,0.44859793920339586,640.4428712152173,659,659,1318,0.971840472253744,361,0.361,6,0.6495624054499242,372.77048166520996
ag,50,0.0,0.0,0.0,0,0,0,,0,0.0,6,0.0,0.0
ag,50,0.9436013561250649,0.6352069865926309,943.6013561250649,941,939,1880,1.0049002727636474,712,0.712,6,0.7169847359413646,672.8706325081677
ag,50,2.0053775547409396,1.2925931023848207,2005.3775547409396,1984,1982,3966,1.0117949317562762,3582,3.582,6,1.6505159844429043,4340.692266062993
ag,50,1.561085006819194,1.069447751303373,1561.085006819194,1618,1614,3232,0.9672149980292404,2143,2.143,6,1.3039247338019617,2264.4356909501566
ag,50,1.9639987001820218,1.3999560625051861,1963.9987001820218,2008,2007,4015,0.9785743399013561,3541,3.541,6,1.0384028454456824,2705.9983440202436
ag,50,1.3091772239707107,0.8518156785434071,1309.1772239707107,1277,1277,2554,1.0251975128979722,1446,1.446,6,0.9382143953877508,1614.3927510253804
ag,50,1.3709570378237232,0.8800453424235821,1370.9570378237233,1305,1303,2608,1.0521542884295652,1493,1.493,6,0.820323007465243,1579.3050526551754
ag,50,1.3243824183112656,0.8647546515061013,1324.3824183112656,1347,1347,2694,0.9832089222800784,1634,1.634,6,0.9345132582772008,1935.9442932153277
ag,50,2.3228406263819434,1.5691636840996817,2322.8406263819434,2279,2277,4556,1.0201320273965495,4749,4.749,6,1.4139021310829905,5321.841883215459
ag,50,1.6925138232823373,1.1039157892261753,1692.5138232823374,1642,1640,3282,1.0320206239526448,2394,2.394,6,0.8117361901187898,2456.9236672090215
ag,50,0.9044262515174403,0.6012177592645455,904.4262515174403,977,974,1951,0.9285690467324849,761,0.761,6,0.491320800577635,567.2777377842566
ag,50,1.916453139894765,1.2994283414326233,1916.4531398947652,1942,1940,3882,0.9878624432447243,3181,3.181,6,1.23271622278705,3702.309094180617
ag,50,0.6542450676454328,0.4162685765720308,654.2450676454328,622,622,1244,1.0518409447675767,310,0.31,6,0.3016394204895007,295.2774152428868
ag,50,1.6263802841107171,1.0420503106567944,1626.3802841107172,1698,1697,3395,0.9583855533946477,2342,2.342,6,0.9300632427166733,2134.051977954397
ag,50,1.0128538999168133,0.6770087962342412,1012.8538999168134,977,976,1953,1.0377601433573906,801,0.801,6,0.5018678665467023,804.8146027395533
ag,50,1.6683492495477295,1.1249162415847374,1668.3492495477294,1583,1580,3163,1.055917246549196,2541,2.541,6,1.298863930737638,2243.415005181666
ag,50,0.9835607138116945,0.6359311012178323,983.5607138116945,973,972,1945,1.0118937384893976,837,0.837,6,0.5018408625905348,811.766991343282
ag,50,2.904721348633612,1.930002421394691,2904.7213486336123,2834,2832,5666,1.0256784423141285,7380,7.38,6,2.396922386736801,9408.250463210168
ag,50,2.7892145399151635,1.8038030087713202,2789.2145399151636,2867,2865,5732,0.9735478324311216,6909,6.909,6,1.6590871529862214,6524.452154521145
ag,50,1.6720636552302763,1.1910678314227807,1672.0636552302763,1663,1663,3326,1.005450183541958,2534,2.534,6,1.273723357281254,2536.5857723609006
ag,50,1.6670357359551977,1.0934253780969432,1667.0357359551977,1605,1604,3209,1.0392990872538639,2431,2.431,6,0.8714945422815338,2456.691322770939
ag,50,0.3164160964990531,0.21629695037535504,316.41609649905314,317,317,634,0.9981580331200415,52,0.052,6,0.2645019049621976,48.925280241841264
ag,50,0.6692359917057753,0.4418079154831465,669.2359917057753,687,686,1373,0.9755626701250368,326,0.326,6,0.5061039849000836,329.51343123618506
ag,50,1.3488739695647556,0.9064021511323213,1348.8739695647555,1329,1329,2658,1.014954077926829,1593,1.593,6,0.7779332437595741,1936.3306089024952
ag,50,0.31669453450487467,0.21639910631961548,316.6945345048747,336,336,672,0.9425432574549842,60,0.06,6,0.16180096847372483,70.01752049986985
ag,50,1.354759592018678,0.9259555270947076,1354.759592018678,1345,1344,2689,1.008005648823421,1559,1.559,6,1.1375999251224376,1768.229756671645
ag,50,0.7009312727112723,0.45744814199916867,700.9312727112723,732,731,1463,0.9588663101385394,386,0.386,6,0.29916412255765473,448.23583396039925
ag,50,0.970922377285828,0.6535288291426388,970.922377285828,964,961,1925,1.0103250544077296,740,0.74,6,0.6967271811059944,711.4937755080263
ag,50,1.9898772359092232,1.261653728603625,1989.8772359092231,1938,1937,3875,1.0272985213780192,3595,3.595,6,1.3570545063389703,3241.8853652665493
ag,50,0.644990723117174,0.4253824386984262,644.990723117174,653,652,1305,0.9892495753330889,367,0.367,6,0.5096055039994224,432.7354677905418
ag,50,1.9843012940544744,1.2360931775105324,1984.3012940544745,1924,1920,3844,1.0334902573200389,3500,3.5,6,1.294703319563172,3227.7007544646185
ag,50,1.3193308970844841,0.8762502417054936,1319.3308970844841,1332,1329,2661,0.9927245275278286,1498,1.498,6,1.062255519484589,1565.050006609193
ag,50,0.6796481392264729,0.4658896648329564,679.648139226473,654,653,1307,1.0408087890145068,297,0.297,6,0.4429033396881186,348.9327961957457
ag,50,1.5822022370662032,0.9724930705946663,1582.2022370662032,1624,1623,3247,0.9748627461898972,2225,2.225,6,0.8908678607675268,2738.33041206256
ag,50,2.003255583392847,1.2472065256378646,2003.2555833928473,1925,1920,3845,1.0433622830171079,3310,3.31,6,1.433575062192443,3353.303868486899
ag,50,1.6019647600890987,1.0847735116960506,1601.9647600890987,1592,1590,3182,1.0075250063453451,2213,2.213,6,1.271303756131384,1844.4779172089263
ag,50,2.3200283369176216,1.5558984541518188,2320.0283369176213,2252,2250,4502,1.0311237052967206,4724,4.724,6,1.3531445065448515,5219.113472151533
ag,50,1.3286856876181454,0.854883950313591,1328.6856876181455,1313,1313,2626,1.0119464490618015,1423,1.423,6,0.9819434447379056,1489.5591271711862
ag,50,1.0052581146494999,0.6780470986103313,1005.2581146494999,1028,1027,2055,0.9788297124143135,826,0.826,6,0.592162117962267,1023.1906840136426
ag,50,1.9088851005529068,1.347960635673048,1908.8851005529068,1947,1947,3894,0.9804237804586065,3406,3.406,6,1.3640210744133066,3967.204243663038
ag,50,0.3176516378765392,0.21674907483089118,317.6516378765392,336,336,672,0.945391779394462,57,0.057,6,0.1762934926167224,48.94301498344153
ag,50,0.9760049340554658,0.6572557838226794,976.0049340554658,1000,999,1999,0.9769819159714372,811,0.811,6,0.6967696207216935,808.8720302744266
ag,50,2.9780830613289373,1.9069513115233023,2978.083061328937,2999,2996,5995,0.9940197133941713,7472,7.472,6,1.8837435493199315,6527.215251845017
ag,50,1.9550936496421225,1.2701497252085565,1955.0936496421225,1952,1949,3901,1.0031265518943677,3381,3.381,6,1.4288851285388076,3623.979496016111
ag,50,1.636523958514861,1.1265819059544746,1636.523958514861,1651,1648,3299,0.9930363825939691,2353,2.353,6,1.2626543061821578,1814.044367931036
ag,50,1.3065426362189465,0.8646335147073272,1306.5426362189464,1318,1317,2635,0.9920597085944923,1709,1.709,6,0.8939687888457506,1525.1801067011415
ag,50,0.6547018386873596,0.439503415692492,654.7018386873597,697,696,1393,0.9406635613324134,372,0.372,6,0.507010969207035,460.9273169446192
ag,50,1.5912851899006342,1.1142540787134454,1591.2851899006341,1635,1633,3268,0.9744551071038788,2080,2.08,6,1.0477521325416854,2899.5093347543902
ag,50,1.973726834852148,1.2929120758622004,1973.726834852148,1958,1954,3912,1.0100956166080592,3488,3.488,6,1.78641651578228,3278.2515019417683
ag,50,1.3415383848542413,0.867476800308369,1341.5383848542413,1307,1305,2612,1.0279987623404148,1496,1.496,6,1.016126394761745,1387.6281949836095
ag,50,1.0251789071896384,0.6621873383612056,1025.1789071896385,1001,999,2000,1.0262051123019404,867,0.867,6,0.6301311447211976,913.5429032563135
ag,50,0.9926695502941887,0.6596109693194208,992.6695502941886,1032,1032,2064,0.9618890991222758,866,0.866,6,0.6661835984831276,904.2685453407543
ag,50,0.3469852255210223,0.2265864787911476,346.9852255210223,339,339,678,1.0235552375251395,61,0.061,6,0.19584369972692875,60.70593993495594
ag,50,1.5855552172640264,1.0509407936001807,1585.5552172640264,1606,1605,3211,0.9878848705694868,2183,2.183,6,1.261981495863447,2545.743696711503
ag,50,1.659978589770911,1.044557868374798,1659.978589770911,1630,1626,3256,1.020897041679527,2290,2.29,6,0.9821183834329089,2097.887360173983
ag,50,1.3383486965731384,0.9001878381648899,1338.3486965731383,1322,1321,2643,1.013133002704874,1631,1.631,6,0.9676615588975722,1268.1171270473524
ag,50,3.2164877745782703,2.1352549264912217,3216.48777457827,3153,3149,6302,1.0214314939911942,8909,8.909,6,2.239751406175635,9860.36082651
ag,50,1.9378345594807023,1.240116007764176,1937.8345594807022,1922,1921,3843,1.0087634354402406,3188,3.188,6,1.44829425968842,1975.310035512109
ag,50,1.2705722220122457,0.898228873913492,1270.5722220122457,1323,1321,2644,0.9618260575414426,1448,1.448,6,0.7507793079903238,1331.5756027980883
ag,50,0.6202703828426128,0.40210400175235395,620.2703828426128,651,651,1302,0.9527962870086217,295,0.295,6,0.26894278865707805,319.85469171740215
ag,50,1.6124463706038992,0.9793044918658472,1612.4463706038991,1644,1642,3286,0.9820014437295366,2318,2.318,6,1.1235485360923012,1809.1000601013477
ag,50,1.0268549263816997,0.6814694225769867,1026.8549263816997,992,992,1984,1.0351360144976811,850,0.85,6,0.6923797114709316,915.3680401829727
ag,50,2.653382245629961,1.7533738372084628,2653.382245629961,2587,2587,5174,1.0256599325975884,6086,6.086,6,1.872209771227356,6348.165152285279
ag,50,1.999460647878359,1.3435951146461222,1999.460647878359,1980,1979,3959,1.0103388822023036,3659,3.659,6,1.083792486010087,3128.265259099203
ag,50,1.2862969833723688,0.8440108249919644,1286.2969833723687,1305,1303,2608,0.9871811077301371,1411,1.411,6,0.8112952421400575,1456.9042676802953
ag,50,1.6260503819043808,1.136875325514161,1626.0503819043809,1626,1623,3249,1.001879471290438,2402,2.402,6,0.9809233963027412,2381.387390096847
ag,50,1.6503017640374469,1.0301416872161224,1650.301764037447,1661,1658,3319,0.9953569143772297,2478,2.478,6,0.9705076169635497,2906.8962558088324
ag,50,0.9934819675281772,0.6498577370172899,993.4819675281772,1004,1003,2007,0.9905104362195186,795,0.795,6,0.6769913989486078,734.4880996104831
ag,50,0.6398181709731515,0.44981817933517243,639.8181709731515,646,646,1292,0.9904306052215968,298,0.298,6,0.5461407040331201,327.75766977253255
ag,50,1.9961985054053673,1.3166640891017847,1996.1985054053673,2002,2000,4002,0.9980992527026836,3581,3.581,6,1.426370246766603,4039.7712079362645
ag,50,1.606276353539,1.085664637090993,1606.276353539,1679,1677,3356,0.9578272829689922,2380,2.38,6,1.54399033884416,2141.2966904022405
ag,50,1.2637444538086573,0.8316525936773501,1263.7444538086572,1309,1308,2617,0.9661654845631936,1328,1.328,6,0.7203407635710203,1435.7739799230224
ag,50,0.9817540349490971,0.6319352400685457,981.7540349490971,949,947,1896,1.0366990865354775,829,0.829,6,0.7251452957299578,728.5603954441251
ag,50,1.317209440479583,0.857350455496321,1317.209440479583,1282,1280,2562,1.0290698753746743,1440,1.44,6,1.0054992141676242,1249.1225051614338
ag,50,2.5763802066186665,1.7536957963964173,2576.3802066186663,2607,2605,5212,0.9890135150167625,5914,5.914,6,1.6060151862264263,6751.019907836019
ag,50,1.379844495794015,0.8966609635093947,1379.844495794015,1349,1347,2696,1.0243834415694246,1590,1.59,6,0.8427023370180271,1424.4622994114382
ag,50,1.3479569540066407,0.8705417452184325,1347.9569540066407,1323,1321,2644,1.020406475402453,1545,1.545,6,0.9222566012866469,1563.2665138032307
ag,50,0.0,0.0,0.0,0,0,0,,0,0.0,6,0.0,0.0
ag,50,2.4944636938363085,1.6237458527235462,2494.4636938363087,2583,2579,5162,0.9672212849307129,5816,5.816,6,1.8723113145766754,6386.66832825687
ag,50,1.625412965473206,1.1298031790385672,1625.412965473206,1613,1611,3224,1.0089465955761676,2249,2.249,6,1.1512012761438966,2148.967427022074
ag,50,1.6336292512332822,1.060944125717053,1633.6292512332823,1667,1666,3333,0.9805697786514299,2345,2.345,6,0.9476707213206373,2765.8309520355733
ag,50,1.614158767760187,1.0991530232279465,1614.158767760187,1643,1642,3285,0.9830443165409177,2367,2.367,6,0.7657145986688465,2261.3125289395766
ag,50,1.2742487620078313,0.8641775413528858,1274.2487620078314,1305,1305,2610,0.9764358329561926,1369,1.369,6,0.8409163193066208,1323.1727488701506
ag,50,2.4851688039381954,1.5620203205226761,2485.168803938195,2545,2541,5086,0.9780278645959052,5440,5.44,6,1.6418070275180894,5974.301648365091
ag,50,1.0277604555795374,0.662827120867708,1027.7604555795374,976,975,1951,1.0541132877738846,880,0.88,6,0.4865006661820953,862.3135790740525
ag,50,0.31862916932781493,0.21710462178128156,318.6291693278149,334,333,667,0.9568443523357805,62,0.062,6,0.21317392992432257,47.038179598392155
ag,50,0.6978999601035087,0.44523416607260674,697.8999601035088,695,694,1389,1.0056195390540472,393,0.393,6,0.4557470393480213,467.28999432051774
ag,50,2.653024158378725,1.7265665520068647,2653.024158378725,2646,2642,5288,1.0041726564643167,6405,6.405,6,1.717703401115705,5581.248503787851
ag,50,2.5751903105077827,1.763066890967667,2575.1903105077827,2624,2622,5246,0.9821473342897722,6204,6.204,6,2.0585481350191177,7029.002106151957
ag,50,1.3433914539040623,0.8612230080989054,1343.3914539040622,1340,1339,2679,1.00327965190744,1501,1.501,6,0.8171923284688608,1533.928619176451
ag,50,1.9239562186314771,1.3274903035765924,1923.9562186314772,1955,1953,3908,0.9851286321717754,3350,3.35,6,1.0760052085224336,3611.0950267806593
ag,50,2.2328937887175315,1.5326985596029559,2232.8937887175316,2282,2279,4561,0.9797691043078243,4526,4.526,6,1.1752003370586384,2983.5830393759484
ag,50,1.6322852691625647,1.096613945058962,1632.2852691625646,1626,1623,3249,1.0057210530884564,2441,2.441,6,0.9074977919991427,2261.435267125394
ag,50,0.6587774507849878,0.42208655065609874,658.7774507849879,675,675,1350,0.9759665937555376,320,0.32,6,0.47101809875265765,376.07654565125756
ag,50,0.7102874124608725,0.45141748971726253,710.2874124608725,677,677,1354,1.0491689992036521,358,0.358,6,0.5588827645576617,348.75105220989616
ag,50,1.3091359359160237,0.8438803033409114,1309.1359359160238,1283,1283,2566,1.020370955507423,1447,1.447,6,0.7667902766271504,1256.0737142833525
ag,50,1.3128782634098402,0.8888350308572336,1312.8782634098402,1308,1307,2615,1.0044975236494569,1504,1.504,6,0.723625869009068,1423.7116598051623
ag,50,1.9978457033056198,1.2807648433071848,1997.8457033056197,1981,1980,3961,1.0090129814674846,3369,3.369,6,1.2083703368115326,3553.313232713623
ag,50,1.6608043807841804,1.0466818105129412,1660.8043807841805,1647,1645,3292,1.0096075263125717,2361,2.361,6,1.1767830060935502,2588.247375639591
ag,50,1.5740113135008869,1.0249220652410755,1574.011313500887,1685,1682,3367,0.9357974515463061,2249,2.249,6,1.0818662115151314,2053.2186187843954
ag,50,0.9855300724978713,0.6459497579437509,985.5300724978713,994,991,1985,0.9944803960624332,837,0.837,6,0.6984620195131748,741.1703622111244
ag,50,1.0008908828630676,0.6663340967950323,1000.8908828630675,966,964,1930,1.0382685506878293,783,0.783,6,0.6927807474417805,878.9826538284199
ag,50,1.636195066469634,1.0898040044443424,1636.1950664696342,1628,1625,3253,1.006889271673621,2445,2.445,6,1.0916816627979335,2409.4675033876656
ag,50,1.9349756351832574,1.3375529540821536,1934.9756351832575,2018,2016,4034,0.959809342848838,3258,3.258,6,1.2401981060474763,3121.963733029785
ag,50,0.9787863265890184,0.692387138071395,978.7863265890185,956,955,1911,1.0249071482607524,824,0.824,6,0.5145767893601094,768.8114469746454
ag,50,2.289902988206565,1.5535347633402417,2289.902988206565,2261,2259,4520,1.013679941658506,4447,4.447,6,1.3431120339926643,5440.268120398957
ag,50,1.586308781867362,1.0698449090099693,1586.308781867362,1606,1605,3211,0.9883543812257708,2246,2.246,6,1.0419015694688003,2164.218211234594
ag,50,2.263219817287828,1.517216986050712,2263.219817287828,2235,2231,4466,1.0144418723836073,4300,4.3,6,1.6674589789138201,4339.396914637282
ag,50,1.6285591957163426,1.1338126774217812,1628.5591957163426,1674,1672,3346,0.9740186577250853,2381,2.381,6,1.3916365070411365,1858.014423694474
ag,50,1.3050526283157302,0.9224187056883962,1305.0526283157303,1303,1302,2605,1.0023445685988712,1401,1.401,6,1.035684898070332,1331.0778751293851
ag,50,1.0129127484794285,0.6561566649585608,1012.9127484794284,996,994,1990,1.0190269099390628,878,0.878,6,0.6236391006817891,890.5458815490906
ag,50,1.2974639207834042,0.8613310022745888,1297.4639207834043,1335,1335,2670,0.9718830867291418,1427,1.427,6,0.8262308425953364,1207.5851509891709
ag,50,2.8958316844870713,1.9097229052839588,2895.8316844870715,2910,2905,5815,0.9968439533518318,7364,7.364,6,2.2431009573118295,5623.965966845562
ag,50,0.6675187045075627,0.4408327771759258,667.5187045075627,659,659,1318,1.0129267139720224,350,0.35,6,0.40493018887921906,383.97778416436586
ag,50,1.3177111994461692,0.8757657091265542,1317.7111994461693,1306,1303,2609,1.011290252836661,1501,1.501,6,0.9924978795958843,2103.1547311695904
ag,50,1.909083015461427,1.250610802943815,1909.0830154614268,1995,1994,3989,0.9574137489776463,3394,3.394,6,1.4346875863979864,4198.744852675517
ag,50,1.9316802794151033,1.3030470968882384,1931.6802794151033,1979,1979,3958,0.9760890749949992,3625,3.625,6,1.3781262073355773,2867.2732533560716
ag,50,2.5888284636798415,1.7985541178507691,2588.8284636798417,2667,2663,5330,0.9721473765226593,6144,6.144,6,1.9327458689051233,6843.950783007856
ag,50,2.900027125668252,1.841033228420551,2900.0271256682518,2887,2884,5771,1.0055572557795602,7383,7.383,6,2.009353909613797,5669.964375781925
ag,50,1.2781719429871776,0.8837773210010044,1278.1719429871775,1312,1312,2624,0.974216419959739,1504,1.504,6,0.9968908347304151,1499.2000171767163
ag,50,1.9833429006692138,1.338604437885319,1983.3429006692138,1942,1938,3880,1.0233967495713177,3569,3.569,6,1.2368586276344427,4706.820618397595
ag,50,0.6793832520033942,0.45338981303090453,679.3832520033942,652,652,1304,1.041998852765942,332,0.332,6,0.43601937109529426,258.32054321221574
ag,50,1.9588807567913082,1.2986237516673318,1958.8807567913082,1933,1932,3865,1.0139134351921886,3387,3.387,6,1.3704711860909171,2976.1692366294833
ag,50,2.230095045585569,1.4839625969141912,2230.095045585569,2313,2312,4625,0.9645739816546579,4772,4.772,6,1.290677091026295,3940.1482345924624
ag,50,1.6385935893322239,1.0722995851054347,1638.593589332224,1638,1635,3273,1.0021979139646628,2330,2.33,6,0.7934273181192123,2593.742788670255
ag,50,0.9744726309500539,0.6854900505403777,974.4726309500538,996,994,1990,0.9803547595070964,775,0.775,6,0.6224404081551492,823.2238912224508
ag,50,0.9930409895536013,0.6497306665764565,993.0409895536013,1018,1015,2033,0.9783655069493609,809,0.809,6,0.5422568246531072,945.9019741977223
ag,50,1.0297133972596206,0.6942915255580114,1029.7133972596207,1058,1057,2115,0.9741848602266989,955,0.955,6,0.6026864072806958,836.0698261071212
ag,50,2.671635882799287,1.6741679925014663,2671.635882799287,2652,2650,5302,1.0081644840752026,6190,6.19,6,1.4762222667597438,5928.654642468675
ag,50,0.3534154627830125,0.2285129734488816,353.4154627830125,348,347,695,1.018488365368912,62,0.062,6,0.2693416808280273,52.26565926435837
ag,50,0.9218997664047925,0.6489717741871084,921.8997664047926,954,953,1907,0.9673659668465819,724,0.724,6,0.7329049429282266,691.7702621052451
ag,50,0.35265142538646627,0.22828839755935984,352.65142538646626,327,327,654,1.0784447259524963,83,0.083,6,0.15636028529787294,75.77078593907308
ag,50,0.9317564277393715,0.6071966022516011,931.7564277393715,1022,1021,2043,0.9125919958270043,807,0.807,6,0.6281634697513653,988.1284299083409
ag,50,0.6611525931156244,0.4518342201990962,661.1525931156243,680,680,1360,0.9722832251700357,299,0.299,6,0.4160530230394236,335.3654332811393
ag,50,2.497377846312879,1.61387282448616,2497.3778463128792,2572,2569,5141,0.9721206096975007,5714,5.714,6,1.9258892509475358,4280.2362180861455
ag,50,0.9576505235350874,0.6357097054494704,957.6505235350874,1012,1011,2023,0.9472309827251111,806,0.806,6,0.7028786808830417,913.2639972158607
ag,50,2.6299943120238485,1.8163011774153204,2629.9943120238486,2605,2602,5207,1.0107587671113945,6104,6.104,6,2.111982250852099,5591.688327369077
ag,50,1.335249667465389,0.8156847794192481,1335.2496674653892,1312,1311,2623,1.0184970766326387,1557,1.557,6,0.8347593271022676,1440.1220109433993
ag,50,1.395682873991463,0.894254383187,1395.682873991463,1286,1285,2571,1.0861345322890763,1497,1.497,6,0.6939092146036031,1452.6929955971202
ag,50,1.564652888046935,1.054077225640352,1564.652888046935,1633,1631,3264,0.9593212066504813,2444,2.444,6,0.9221113822605017,2287.453092246511
ag,50,1.6249611109334097,1.0315272060496188,1624.9611109334096,1636,1634,3270,0.9944682441452936,2331,2.331,6,0.9826175291381435,2450.47715941101
ag,50,0.9461158082487766,0.6381927381054852,946.1158082487766,972,971,1943,0.9743726140564125,787,0.787,6,0.8363809690026894,838.9747715253566
ag,50,2.2164543969497728,1.5030714952481812,2216.4543969497727,2219,2218,4437,0.9993031546211779,4452,4.452,6,1.3978410078381236,5193.505303124172
ag,50,0.9363451122170691,0.6444019129210551,936.3451122170691,993,993,1986,0.9429457323434733,766,0.766,6,0.606626106257128,784.4250526507681
ag,50,1.3118417562696245,0.9395940583186232,1311.8417562696245,1352,1352,2704,0.9702971570041602,1528,1.528,6,0.845208053779582,1381.1505784163407
ag,50,0.3451041762351222,0.22600728378019994,345.10417623512217,322,322,644,1.071752100109075,80,0.08,6,0.26674594951139957,69.9580883247557
ag,50,0.9944957354227372,0.6649677923020992,994.4957354227372,994,992,1986,1.0025158623213077,848,0.848,6,0.611194433339462,807.7753370001147
ag,50,2.247327787660404,1.540235954729963,2247.327787660404,2208,2204,4412,1.019658705835029,4288,4.288,6,1.7546502932625632,4166.437392269202
ag,50,1.6399732997936276,1.116063184146621,1639.9732997936276,1637,1633,3270,1.0042702386978737,2532,2.532,6,1.225134310024675,2576.927141301977
ag,50,1.6381852095403993,1.1023198996155315,1638.1852095403992,1652,1650,3302,0.9928395209335753,2351,2.351,6,0.6596514029871318,2528.9793588221737
ag,50,1.611868866806833,1.0400464374453184,1611.868866806833,1608,1606,3214,1.0036543379868201,2346,2.346,6,1.2230955262262708,2300.8178941386573
ag,50,1.6957853715581284,1.0665991203245886,1695.7853715581284,1680,1680,3360,1.009396054498886,2572,2.572,6,1.1310430228617234,2567.7957266566273
ag,50,2.3325104181194147,1.5135454684737304,2332.5104181194147,2282,2281,4563,1.0225823840944388,4781,4.781,6,1.6056700169281868,4733.854431891134
ag,50,1.3768623565603886,0.8971245186782949,1376.8623565603887,1330,1328,2658,1.0367939431930637,1553,1.553,6,1.1857581434320263,1398.3941553954328
ag,50,1.9152017594550839,1.2242366807790703,1915.201759455084,1964,1962,3926,0.9761476857569235,3205,3.205,6,1.3354197999164517,3228.987275934275
ag,50,1.6095724683196495,1.0611239334691398,1609.5724683196495,1614,1613,3227,0.9978750578547114,2293,2.293,6,1.1648629348724466,2198.7391883069213
ag,50,2.2807791727804814,1.4337597053397453,2280.7791727804815,2314,2313,4627,0.9860696812712847,4572,4.572,6,1.3567172490326813,4625.756076643582
ag,50,0.3194367521815772,0.21739691353726281,319.43675218157716,325,324,649,0.9859159017949912,51,0.051,6,0.23504833267015277,51.78154095016331
ag,50,0.9958882198737726,0.6619606678441625,995.8882198737726,954,954,1908,1.0439079872890697,722,0.722,6,0.6000684726967221,867.1993438520383
ag,50,1.6364298832039235,1.1007210567900352,1636.4298832039235,1623,1618,3241,1.0113905335005708,2349,2.349,6,1.1782698505901539,2111.3589620311145
ag,50,0.9692024593085016,0.6656457753377893,969.2024593085016,987,987,1974,0.9819680438789277,826,0.826,6,0.7128557645072567,635.5781369252925
ag,50,1.2884672645848105,0.8626287486707734,1288.4672645848104,1312,1309,2621,0.984314182264943,1500,1.5,6,0.8286105934738627,1499.7921582221752
ag,50,1.9425192513043883,1.2847802340885723,1942.5192513043883,1932,1931,3863,1.005965433093935,3255,3.255,6,1.1237206942560594,3254.794136675158
ag,50,1.9937368398654025,1.254328696516487,1993.7368398654025,1957,1957,3914,1.018772018326726,3445,3.445,6,1.7214299595340008,3408.5648985607713
ag,50,0.6621390697483962,0.4579676334169649,662.1390697483962,668,668,1336,0.9912261523179584,288,0.288,6,0.43880586385084847,276.4905503798368
ag,50,1.9562354936283013,1.311518684797385,1956.2354936283014,1974,1973,3947,0.9915030378247853,3240,3.24,6,1.4501152286090397,3289.9279038629297
ag,50,1.952981058604968,1.2979779791219803,1952.981058604968,2003,2000,4003,0.976490529302484,3506,3.506,6,0.8059208545209801,3424.6898651240917
ag,50,0.6586612471813239,0.44918014014591356,658.6612471813239,672,671,1343,0.9816113966934783,363,0.363,6,0.31038303468024725,341.9943704174062
ag,50,2.299328844524388,1.4940323526478396,2299.328844524388,2245,2243,4488,1.0251131718789068,4696,4.696,6,1.5674857481384779,5780.878346508997
ag,50,1.2826078901569735,0.8920106499145699,1282.6078901569736,1311,1308,2619,0.9805870719854538,1564,1.564,6,1.031389459336401,1611.9647099991528
ag,50,1.3225441894879868,0.8461961672253203,1322.5441894879868,1328,1328,2656,0.9958917089517973,1552,1.552,6,0.896344996950955,1378.9026217690616
ag,50,2.5444230515910986,1.6785169134631563,2544.4230515910986,2585,2581,5166,0.9858283810891509,5824,5.824,6,1.8702476590353267,6692.660851205365
ag,50,1.0241726913915792,0.6654466268615573,1024.1726913915793,989,989,1978,1.0355638942280883,869,0.869,6,0.5785578834582162,740.7436631798976
ag,50,2.637184383452759,1.6997146433222814,2637.184383452759,2606,2605,5211,1.0123548496939574,6103,6.103,6,1.730495100571237,6064.509126986739
ag,50,1.3244217773584568,0.8514980167455733,1324.421777358457,1311,1309,2620,1.0117813425198297,1616,1.616,6,0.7652102260644245,1452.6281143145611
ag,50,2.2801510155159903,1.5111203774321236,2280.1510155159904,2266,2264,4530,1.007133840775614,4583,4.583,6,1.4223301514010298,3948.686725774261
ag,50,0.6561584771797916,0.42869006662207704,656.1584771797916,654,653,1307,1.004836871638272,318,0.318,6,0.42227174072541007,444.79377322464796
ag,50,2.9413164957044593,1.9622415909021442,2941.316495704459,2926,2922,5848,1.006610710371136,7473,7.473,6,1.4095129438661267,7335.058423136258
ag,50,0.9724378221197345,0.6254459542992761,972.4378221197345,959,959,1918,1.0140123275492539,847,0.847,6,0.593291692254969,865.5670048138875
ag,50,2.294829087595615,1.518903943229057,2294.8290875956154,2298,2298,4596,0.9986201425568387,4749,4.749,6,1.9763543722314374,4726.460898225183
ag,50,0.661018068138353,0.43712726826272263,661.018068138353,648,648,1296,1.0200896113246187,280,0.28,6,0.5153810342177202,290.96911070043944
ag,50,1.0148408352566722,0.6427031661717834,1014.8408352566723,1040,1038,2078,0.9776886659505514,890,0.89,6,0.6233300572419694,1154.735681652072
ag,50,0.6613932016921863,0.4273598158405202,661.3932016921863,649,648,1297,1.0206685211299171,282,0.282,6,0.40809021606449664,287.75713538292837
ag,50,1.6199238778058713,1.0764444160286886,1619.9238778058714,1611,1610,3221,1.0061638992583053,2340,2.34,6,1.013611310943028,2350.7563767862503
ag,50,1.0052103329230526,0.6704065682706901,1005.2103329230526,976,974,1950,1.032043462960013,810,0.81,6,0.627380651683203,591.6208779244475
ag,50,1.637741174770434,1.0705201781039393,1637.741174770434,1686,1684,3370,0.9725303888185476,2437,2.437,6,1.2434869914469224,2197.8760911244353
ag,50,1.6729542108783853,1.076402480045357,1672.9542108783853,1646,1643,3289,1.0182314125857488,2388,2.388,6,1.3707181994062876,2308.735120991217
ag,50,1.6405145664655159,1.0873112848560422,1640.5145664655158,1622,1622,3244,1.0114146525681356,2182,2.182,6,1.0476244707494842,1590.233162105538
ag,50,1.9839871700394092,1.2976893684166713,1983.9871700394092,1932,1930,3862,1.0279726269634244,3450,3.45,6,1.235302075898351,3524.8353744289107
ag,50,2.2321642322428152,1.4435312108513263,2232.164232242815,2201,2196,4397,1.0164682296187684,4384,4.384,6,1.2698919373741813,4945.95317972304
ag,50,1.6329414197668282,1.1209524027877122,1632.9414197668282,1616,1615,3231,1.011109238245714,2344,2.344,6,1.0946813442135042,2027.1332319065118
ag,50,0.6679836030700349,0.44710072103855414,667.9836030700349,682,682,1364,0.9794480983431596,344,0.344,6,0.3744585207754916,361.65715919726796
ag,50,1.6228128371792778,1.0524687505355264,1622.8128371792777,1623,1621,3244,1.0011183449594556,2298,2.298,6,0.9228004862715833,2734.101213540757
ag,50,0.3356919237388517,0.2230028560753607,335.6919237388517,350,350,700,0.9591197821110049,80,0.08,6,0.18814098579153632,58.60046506072663
ag,50,1.9415239814765415,1.329032495348428,1941.5239814765414,1946,1944,3890,0.9987263279200316,3233,3.233,6,1.4291831552755783,4141.93405496872
ag,50,1.9267096580222713,1.2940376380466918,1926.7096580222712,1948,1946,3894,0.9900871829508074,3320,3.32,6,1.3595739006369787,3194.9519960745506
ag,50,1.985577928237801,1.3068390725368666,1985.577928237801,1922,1920,3842,1.034155170957188,3252,3.252,6,1.3089530910268967,2773.0459240511473
ag,50,2.275235792697004,1.4313420450128806,2275.235792697004,2267,2266,4533,1.0040758131937353,4791,4.791,6,1.5505039649843484,4062.482708225453
ag,50,3.2248965781490115,2.103890438320601,3224.8965781490115,3291,3287,6578,0.9811063517338033,9274,9.274,6,2.256051855455975,9270.966384109443
ag,50,2.607857217905561,1.7168391888045247,2607.857217905561,2561,2559,5120,1.0190923086774368,5884,5.884,6,1.6773455468384775,5055.399179728891
ag,50,2.820765154401954,1.8408316954348394,2820.765154401954,2903,2903,5806,0.9716724610409763,7475,7.475,6,1.9596457974761463,5434.461610147104
ag,50,1.2845898850704933,0.8260969560637599,1284.5898850704932,1321,1317,2638,0.9753909529768362,1530,1.53,6,0.8285287268242442,1821.2492600516134
ag,50,1.9557184918762018,1.343519066234889,1955.7184918762018,1954,1953,3907,1.0013919569258587,3388,3.388,6,0.979702035253365,4520.893454269653
ag,50,2.25811375257506,1.4537412676665404,2258.11375257506,2275,2271,4546,0.9943257386944342,4386,4.386,6,1.6657622515257,4608.310942544149
ag,50,1.9515779528292583,1.219141985608125,1951.5779528292583,1877,1874,3751,1.041396986568441,3298,3.298,6,0.9638846393659711,3741.6312026523874
ag,50,1.9926907180815332,1.2500559783357448,1992.6907180815333,1976,1975,3951,1.008957325610903,3586,3.586,6,1.127934950228339,2867.3385372890134
ag,50,0.6909902050941619,0.4376607207149865,690.9902050941619,667,666,1333,1.0375228304717146,383,0.383,6,0.3719047558561234,360.6085322024277
ag,50,2.541709781641092,1.6683235687455207,2541.709781641092,2564,2558,5122,0.9936316581865098,5911,5.911,6,1.8056863492369208,6752.1337262886245
ag,50,1.626346178687614,1.0413091980826013,1626.3461786876142,1628,1627,3255,0.9995981430163579,2205,2.205,6,1.0719793447937365,1799.7918364489294
ag,50,0.6525115375986047,0.45377660145239485,652.5115375986047,688,687,1375,0.949798453564199,331,0.331,6,0.33703682073407215,311.53923041273913
ag,50,1.3211098435114326,0.8674586246734239,1321.1098435114325,1344,1343,2687,0.9837005536198306,1568,1.568,6,0.7779928068506206,1616.1462723618424
ag,50,1.2862326231247663,0.7925592683359632,1286.2326231247662,1323,1321,2644,0.9736810167484983,1400,1.4,6,0.8808965038920995,1397.9207923734225
ag,50,3.487511520449245,2.270010400564942,3487.511520449245,3464,3458,6922,1.0085342742768204,10558,10.558,6,2.9182859856168935,7542.2703950781215
ag,50,2.562611947944636,1.6568577771773787,2562.611947944636,2671,2671,5342,0.9594204222930124,6018,6.018,6,1.3825700482564485,6039.890508830292
ag,50,0.9813664193673421,0.668889515374568,981.3664193673421,988,988,1976,0.9932858495620872,836,0.836,6,0.7367670365605491,785.9917069239655
ag,50,2.8594889258051532,1.8660192112168863,2859.488925805153,2857,2854,5711,1.0019232395953586,7208,7.208,6,1.5008430059825295,7969.018322516458
ag,50,1.00500563869788,0.6555294749862708,1005.0056386978802,969,967,1936,1.0393026253338988,776,0.776,6,0.5670024909422263,722.0214907398067
ag,50,3.1780533203148575,2.051725882389677,3178.0533203148575,3162,3158,6320,1.0063500064328237,9069,9.069,6,2.2368247659375813,9081.3075287472
ag,50,0.9612820615236406,0.6768695395152304,961.2820615236406,1011,1010,2021,0.9517644173501392,838,0.838,6,0.4574522609190662,902.5543676527014
ag,50,0.32481720297656475,0.21931098762704584,324.8172029765648,322,322,644,1.0087490775669714,70,0.07,6,0.24707977375900947,58.59042361109176
ag,50,0.6684645631544885,0.4318865372324866,668.4645631544886,694,693,1387,0.9645953292272562,327,0.327,6,0.3760165893417558,333.84297927717734
ag,50,1.0526264787469721,0.6841128333172394,1052.6264787469722,1017,1015,2032,1.03707042241081,836,0.836,6,0.568735460127211,674.2821142720502
ag,50,1.6391681759066679,1.0807503987820228,1639.1681759066678,1619,1618,3237,1.0130829270127737,2461,2.461,6,1.3107579064232433,2488.729505515325
ag,50,2.9397774810755735,1.9002422303789333,2939.7774810755736,2925,2922,5847,1.0060840113194982,7635,7.635,6,1.5166441075513881,6778.219863200147
ag,50,1.9177213278575114,1.2903075274494673,1917.7213278575114,1947,1946,3893,0.9854683082515475,3157,3.157,6,1.6491114628914807,4030.558485556618
ag,50,2.2673445325702826,1.5524893069933494,2267.3445325702824,2317,2316,4633,0.9789915943740425,4551,4.551,6,1.8239542829376492,5321.42917450435
ag,50,0.6667820526526647,0.4284991253945585,666.7820526526647,678,677,1355,0.9849070201664175,355,0.355,6,0.48126577251857205,366.3526678792818
ag,50,1.9318976962227234,1.217377167067089,1931.8976962227234,1986,1984,3970,0.9737387581767759,3301,3.301,6,1.3659848279809446,2911.832732353108
ag,50,0.3423239632464671,0.22513826743369855,342.3239632464671,323,323,646,1.0598265115989693,65,0.065,6,0.19559386787334737,58.01100167664238
ag,50,1.98920789496481,1.3402843167983525,1989.20789496481,2017,2014,4031,0.9876901166657448,3512,3.512,6,1.5677569486812757,3582.0890413409847
ag,50,1.3792634008312639,0.8555976935600714,1379.2634008312639,1330,1328,2658,1.038601958457277,1614,1.614,6,0.8810440946040693,1774.5678859545715
ag,50,1.3076727117680071,0.8738133823839391,1307.672711768007,1269,1269,2538,1.0304749501717945,1348,1.348,6,0.9592729366146141,1375.3025221620574
ag,50,2.2508841576935192,1.533498002952743,2250.8841576935192,2252,2249,4501,1.000837775764126,4336,4.336,6,1.4039136097419127,5770.326117812912
ag,50,2.568816657185302,1.6459423580176686,2568.816657185302,2554,2553,5107,1.0061953220467301,5921,5.921,6,1.9703165179434774,4907.977051573051
ag,50,2.2460826574110406,1.4351551568557586,2246.0826574110406,2282,2280,4562,0.985123972548702,4691,4.691,6,1.3254581122898172,4627.393784817132
ag,50,1.3404146983620646,0.8785152552377943,1340.4146983620647,1305,1302,2607,1.0295043766221694,1473,1.473,6,0.9102134081498688,1456.1138538825228
ag,50,1.0165233578676571,0.6433031836971429,1016.5233578676572,969,968,1937,1.0501274358136954,767,0.767,6,0.5654236675985215,854.175477604496
ag,50,1.9708532511256112,1.312167763802809,1970.8532511256112,2013,2011,4024,0.9800364252240732,3646,3.646,6,1.4671307726690217,3040.8876104434626
ag,50,1.9547392134344719,1.246796955208607,1954.7392134344718,1971,1968,3939,0.9932617954443455,3169,3.169,6,0.8891643750710667,2778.6590286372616
ag,50,1.643589596558334,1.1046137056998646,1643.589596558334,1618,1616,3234,1.017072770147484,2076,2.076,6,1.2822089217948272,2122.04235617939
ag,50,1.282048326244394,0.8605253770309471,1282.048326244394,1286,1285,2571,0.9977029776220966,1429,1.429,6,0.7304405648515495,1910.652029565983
ag,50,1.9021162511606653,1.2693137387176312,1902.1162511606653,1950,1947,3897,0.9769472270984414,3476,3.476,6,1.087960357465105,3350.7958611060485
ag,50,1.3330867998067337,0.8800586747340632,1333.0867998067338,1347,1345,2692,0.991142602086791,1567,1.567,6,1.0672059317945686,1561.6074284023193
ag,50,0.7088136184575214,0.475435861319714,708.8136184575214,653,653,1306,1.08547261632086,307,0.307,6,0.5909761430735727,351.06019498169826
ag,50,0.9614727335963962,0.6361344396725674,961.4727335963962,969,968,1937,0.9932569561946242,775,0.775,6,0.6187213743516415,899.9250384964462
ag,50,1.3265376766428976,0.8649086687474951,1326.5376766428976,1342,1342,2684,0.988478149510356,1442,1.442,6,0.8188906917229527,1311.4443324810159
ag,50,2.5187074831005964,1.702658760859659,2518.7074831005966,2506,2503,5009,1.0062754626850166,5728,5.728,6,1.4812250111912961,6116.933672770266
ag,50,1.8978443964801979,1.2876268956245003,1897.844396480198,1946,1946,3892,0.9752540578007184,3299,3.299,6,1.2495748761222034,3808.5198488940573
ag,50,2.87671392461024,1.9270391400817457,2876.71392461024,2892,2891,5783,0.9950584312038188,7363,7.363,6,2.07799958768785,5274.225400460933
ag,50,2.2567539263484657,1.520409498139221,2256.753926348466,2249,2248,4497,1.0038940953507411,4431,4.431,6,1.228075120944288,2484.995367036941
ag,50,1.9240031710977163,1.3502430817597162,1924.0031710977164,1967,1965,3932,0.979136473841077,3320,3.32,6,1.2427004124162007,3734.2901064920907
ag,50,1.3534735838450411,0.8717917161102873,1353.473583845041,1344,1342,2686,1.008549615383786,1509,1.509,6,0.6570035958346245,1420.4983851486138
ag,50,2.3342992141513292,1.5012966097361722,2334.299214151329,2217,2215,4432,1.0538596903617738,4515,4.515,6,1.4779097341932668,4379.710333997862
ag,50,0.6984553346523485,0.43761794906794343,698.4553346523486,695,694,1389,1.0064197905653438,373,0.373,6,0.3823299872948313,372.6129815638782
ag,50,1.633233510935754,1.057649825736069,1633.233510935754,1669,1669,3338,0.978570108409679,2414,2.414,6,1.1559661082473671,2310.683875806645
ag,50,0.978286973872169,0.661412757066029,978.286973872169,976,976,1952,1.0023432109345993,816,0.816,6,0.46122097817814095,977.6667674747098
ag,50,0.9607153320540621,0.647460187167966,960.7153320540622,970,970,1940,0.9904281773753218,790,0.79,6,0.5838334689465449,703.2064229025964
ag,50,0.6982764536176456,0.4653833649904567,698.2764536176455,642,642,1284,1.0876580274418155,361,0.361,6,0.524952784791449,329.37861346638783
ag,50,2.8646522564828527,1.8750127710270186,2864.652256482853,2905,2904,5809,0.9864505015436821,7424,7.424,6,2.106454437182693,7636.081484111968
ag,50,1.0058079370737247,0.6718320232614325,1005.8079370737248,973,973,1946,1.0337183320387717,839,0.839,6,0.4774467334366427,964.7157991587695
ag,50,1.6670630770822545,1.0952679014736582,1667.0630770822545,1667,1666,3333,1.0006381014899486,2419,2.419,6,0.8832079342107148,2742.667508037218
ag,50,0.996536271133363,0.6757892694169682,996.536271133363,979,978,1957,1.0189532424676513,808,0.808,6,0.5924441919423117,832.3026918135117
ag,50,1.3404180070985396,0.8761217643885654,1340.4180070985396,1305,1304,2609,1.027927919554095,1644,1.644,6,0.8897769561683712,2326.1166178047574
ag,50,1.6253550681882172,1.0784061826557263,1625.3550681882173,1645,1642,3287,0.9898630135129216,2306,2.306,6,1.1319021103081932,2337.1691385247377
ag,50,2.5597114864387795,1.628076793104246,2559.7114864387795,2558,2556,5114,1.0014520682467838,5935,5.935,6,1.6105922470143126,5889.534624352292
ag,50,0.6515056203235526,0.43235530712959735,651.5056203235526,671,671,1342,0.9709472732094674,356,0.356,6,0.40106319163771215,351.78773527068273
ag,50,0.35760657717361716,0.22972411313578692,357.60657717361715,341,341,682,1.048699639805329,87,0.087,6,0.2446480231414166,107.45081945188016
ag,50,2.8212099904554107,1.7843808952604965,2821.2099904554107,2886,2884,5770,0.9782281520303089,7314,7.314,6,2.3410586177784296,7924.203369324915
ag,50,0.9474981380971511,0.6275790246402709,947.4981380971511,974,973,1947,0.9737904810864862,739,0.739,6,0.69240200834203,574.0182324332234
ag,50,2.3760649646729797,1.5232865108897908,2376.06496467298,2311,2310,4621,1.0285995518064848,4909,4.909,6,1.7897103326167456,4986.571350326925
ag,50,0.6685293573074788,0.4566010378638513,668.5293573074788,669,669,1338,0.999296498217457,359,0.359,6,0.48699090259428357,372.05393411175163
ag,50,0.6321616146918007,0.4302463628509619,632.1616146918007,668,667,1335,0.9477685377688165,321,0.321,6,0.45538900245081826,244.32415365647014
ag,50,2.291781694014292,1.47296692309028,2291.781694014292,2281,2279,4560,1.005608466000128,4625,4.625,6,1.3215220255885731,3751.4903143552856
ag,50,1.335776797645172,0.8791769656823005,1335.7767976451719,1331,1330,2661,1.0043434568760692,1440,1.44,6,1.1086615435531428,1511.9735408724052
ag,50,1.6565816369318493,1.1220831690955775,1656.5816369318493,1606,1604,3210,1.032781569159507,2412,2.412,6,1.2943358953509172,2339.1223709791916
ag,50,1.873707812041984,1.2399986061067791,1873.7078120419842,1926,1924,3850,0.9738606091694304,3134,3.134,6,1.2486126325510984,3837.6801100931493
ag,50,2.5650820893450796,1.609031982578812,2565.0820893450796,2609,2607,5216,0.9839210162428383,5972,5.972,6,1.867523017866778,6378.705233512436
ag,50,1.34479196527702,0.8163427398897687,1344.79196527702,1319,1318,2637,1.0203277430022912,1500,1.5,6,0.8726736432173489,1277.741790475738
ag,50,2.5885068891763385,1.5965389302387485,2588.5068891763385,2592,2589,5181,0.9998095361824405,5899,5.899,6,1.3964743847476577,5378.605667340945
ag,50,1.6594840837552305,1.1226451578483212,1659.4840837552306,1709,1708,3417,0.9715948968121959,2511,2.511,6,1.1671179678465189,2680.960740997968
ag,50,2.6026091625961336,1.6686458826820034,2602.6091625961335,2557,2556,5113,1.018235196633855,5976,5.976,6,1.49753636202104,6101.435798276305
ag,50,2.9015265932392484,1.8403252170725588,2901.5265932392485,2892,2890,5782,1.003988440567214,7134,7.134,6,2.112761738175974,7519.27698142707
ag,50,2.214245978372559,1.5869978881340783,2214.245978372559,2265,2264,4529,0.9780238420373494,4407,4.407,6,1.4941005422747293,3517.478561171991
ag,50,1.9260830058754714,1.244983529187013,1926.0830058754714,1970,1968,3938,0.9787007143676175,3318,3.318,6,1.3500695932998759,4241.794930835898
ag,50,1.9123472937764647,1.3341541203835667,1912.3472937764648,1899,1896,3795,1.0086219903884308,3199,3.199,6,1.1607539589172382,3544.9892869867945
ag,50,1.6784924489843995,1.051048968532023,1678.4924489843995,1658,1656,3314,1.01358239672971,2606,2.606,6,1.1410274590993104,2421.294789264851
ag,50,2.267781051366916,1.5024936930711505,2267.781051366916,2232,2231,4463,1.016486352024615,4768,4.768,6,1.8429815604566664,5088.083985607524
ag,50,1.634084914796905,1.101838882287931,1634.084914796905,1577,1576,3153,1.0368559104041275,2319,2.319,6,1.2338208638702908,2405.3636845474507
ag,50,0.6921298566296237,0.44508691188668725,692.1298566296236,680,678,1358,1.0208404965038698,411,0.411,6,0.47983064836308126,363.8074684745429
ag,50,2.577935425314896,1.6448427606686373,2577.935425314896,2560,2556,5116,1.0085819347867355,5917,5.917,6,1.7132591808792927,6670.728367849221
ag,50,0.3215754714763686,0.21816468762111987,321.5754714763686,304,304,608,1.0578140509091072,44,0.044,6,0.22467687102140652,60.377650766928774
ag,50,0.6615539345377728,0.4361503458616984,661.5539345377728,654,653,1307,1.0130994403334959,324,0.324,6,0.46941755542226576,315.1648294698006
ag,50,1.0109908400216383,0.6279132613343371,1010.9908400216384,986,984,1970,1.0274297154691447,846,0.846,6,0.899610585932843,620.7553016314303
ag,50,1.5604010360728051,1.021973979846797,1560.401036072805,1584,1582,3166,0.9863470518791435,2231,2.231,6,1.1029347180514701,2537.7308229161586
ag,50,1.6473142098017275,1.0417734765718272,1647.3142098017274,1615,1614,3229,1.0206407743505126,2440,2.44,6,1.0442874153521187,2476.586029717456
ag,50,1.0020151978783478,0.6954651067684183,1002.0151978783477,1022,1022,2044,0.9804453990981876,895,0.895,6,0.6208579934556776,732.3857619660914
ag,50,1.6521638177418447,1.0739770936821438,1652.1638177418447,1625,1625,3250,1.016716195533443,2321,2.321,6,1.057263249785476,2408.938052452404
ag,50,1.0188846686398725,0.6516467406470465,1018.8846686398724,1002,1002,2004,1.0168509667064596,882,0.882,6,0.8415405440388233,974.4615874073014
ag,50,2.3311872758365295,1.5043556863441394,2331.1872758365294,2266,2263,4529,1.0301313636042992,4506,4.506,6,1.8396480886916466,4380.555943741507
ag,50,1.9420258118378961,1.229062376989804,1942.025811837896,1966,1964,3930,0.9888115131557516,3207,3.207,6,1.0155255076614578,3489.7518903380314
ag,50,2.535309280421624,1.5943388271001646,2535.309280421624,2595,2594,5189,0.9773744334701712,5925,5.925,6,1.83996968814322,5760.186482294605
ag,50,2.2640797493926983,1.5463204442598517,2264.0797493926984,2243,2239,4482,1.0112013172812409,4588,4.588,6,1.5787308839154202,3695.9170462846405
ag,50,1.4095588134225892,0.8449882662423501,1409.558813422589,1372,1372,2744,1.0273752284421203,1691,1.691,6,0.915910664376183,1126.4184660819408
ag,50,0.9821624091406487,0.6342222160704466,982.1624091406487,1009,1007,2016,0.9753350636947852,756,0.756,6,0.447178077004803,939.2226386555692
ag,50,1.0266966507655149,0.6749097022295794,1026.696650765515,1009,1008,2017,1.0185482646483284,877,0.877,6,0.4596956274729383,723.3268980702253
ag,50,1.2704793453037015,0.8597931399656626,1270.4793453037016,1269,1268,2537,1.0019553196401432,1378,1.378,6,0.9120373321115349,1507.0550867400123
ag,50,0.6308400960401425,0.44312411285792497,630.8400960401425,648,647,1295,0.9750233323649807,288,0.288,6,0.3192943510131211,295.03870484291986
ag,50,2.5467271213647265,1.6746414387545572,2546.7271213647264,2549,2546,5095,1.0002855936232233,5889,5.889,6,1.6437085867861048,6564.436612321767
ag,50,0.32288042368353104,0.21862865568547454,322.88042368353103,321,320,641,1.0090013240110345,61,0.061,6,0.19444114823024874,69.2614179150915
ag,50,0.6832135514210392,0.4444392786881967,683.2135514210393,667,667,1334,1.0243081730450363,352,0.352,6,0.5120197469051083,336.31684352088246
ag,50,1.9872273930881075,1.3000475317018323,1987.2273930881074,1972,1971,3943,1.0082330761482026,3492,3.492,6,1.1768132389660506,2694.0395019919333
ag,50,0.0,0.0,0.0,0,0,0,,0,0.0,6,0.0,0.0
ag,50,1.017625445769344,0.6542484030651563,1017.6254457693441,983,982,1965,1.0362784580135886,835,0.835,6,0.6238995041764367,1016.1256561667313
ag,50,1.6698081530981257,1.1078852798362733,1669.8081530981258,1628,1626,3254,1.0269422835781832,2342,2.342,6,0.8860090718701307,2202.8111892922343
ag,50,1.9317282956085813,1.304245769312354,1931.7282956085812,1976,1974,3950,0.978585762719646,3369,3.369,6,1.157803472646948,3029.9884782800536
ag,50,1.0340986057582386,0.6494807923458524,1034.0986057582386,974,972,1946,1.0638874544837846,852,0.852,6,0.7228453273598042,816.6891198989995
ag,50,1.976139276339487,1.2770346538170843,1976.139276339487,1976,1974,3950,1.0010837266157482,3277,3.277,6,1.130446911121213,3655.1571763678126
ag,50,2.8625628829910106,1.7993151242233136,2862.5628829910106,2872,2869,5741,0.9977563203175359,7411,7.411,6,2.079411363368947,9120.676838209394
ag,50,2.5725424177802987,1.6764349483931427,2572.542417780299,2573,2572,5145,1.0002108933826979,5861,5.861,6,1.6819272930336382,5809.491338524492
ag,50,0.6896546406336368,0.46962905026067664,689.6546406336367,714,714,1428,0.9659028580303035,399,0.399,6,0.39423909561956505,300.7164883153625
ag,50,2.2364564210255824,1.4355893131810014,2236.4564210255826,2323,2318,4641,0.9648215793898113,4595,4.595,6,1.484047160872647,4842.240809928899
ag,50,1.9313342133715723,1.18112449207745,1931.3342133715723,2014,2011,4025,0.960384989244939,3346,3.346,6,1.0190679500521518,3368.549286476473
ag,50,1.5995339763752714,1.0822931620515315,1599.5339763752713,1604,1602,3206,0.9984606594102817,2263,2.263,6,1.2046853083966667,2465.59646105935
ag,50,1.3338947855944165,0.8577971596837237,1333.8947855944166,1293,1292,2585,1.0324263046396414,1537,1.537,6,0.8726495860568995,1537.7226948738132
ag,50,1.914438337855273,1.2957975561993837,1914.438337855273,1931,1929,3860,0.9924511860317641,3467,3.467,6,1.4726590685677032,4011.2439174312467
ag,50,1.022358181771507,0.6534102503176946,1022.3581817715071,990,990,1980,1.0326850320924315,796,0.796,6,0.5328558990125567,720.3700657196171
ag,50,0.9746999934987672,0.6330918492659684,974.6999934987672,984,984,1968,0.9905487738808609,835,0.835,6,0.74146246369626,782.0565765342365
ag,50,2.241303797064678,1.4394699078440645,2241.3037970646783,2221,2220,4441,1.0095963049840893,4413,4.413,6,1.8734512586364866,5377.953856257212
ag,50,1.6419901988084478,1.0730244446990012,1641.9901988084478,1590,1589,3179,1.033348142736594,2383,2.383,6,1.0720933782240352,2141.6064129122447
ag,50,0.6693329901901027,0.4236136925567989,669.3329901901027,663,662,1325,1.0110770244563485,324,0.324,6,0.37288843504240937,333.17464932282115
ag,50,1.7311276931220447,1.106805141654624,1731.1276931220448,1688,1685,3373,1.0273754855323707,2493,2.493,6,1.1308217365597937,3119.098183427603
ag,50,0.3129992443865161,0.21503071739998608,312.9992443865161,317,317,634,0.9873793198312811,32,0.032,6,0.21828500983508645,32.79424385992314
ag,50,0.982139513324543,0.6601388604581914,982.1395133245429,974,974,1948,1.008356789860927,772,0.772,6,0.7094280767290243,749.4757134259673
ag,50,1.3388752603136593,0.9180891510670451,1338.8752603136593,1302,1300,2602,1.0299040463951226,1400,1.4,6,0.9416736382857204,942.4228788911236
ag,50,2.233790617452128,1.4496197908706074,2233.790617452128,2279,2278,4557,0.9805928961598456,4496,4.496,6,1.3900508511479401,4438.056024250289
ag,50,1.3406525981053639,0.8735346555726392,1340.652598105364,1330,1330,2660,1.0080094722596722,1562,1.562,6,0.8808179186103071,1362.1093443928642
ag,50,1.9977370292073848,1.3084371494787341,1997.737029207385,1931,1929,3860,1.035633503995534,3588,3.588,6,1.5496544180813268,3517.550759570653
ag,50,2.9077933568269447,1.9534101384291884,2907.7933568269445,2872,2871,5743,1.0128155196192772,7115,7.115,6,1.4551145478206997,4543.190671865644
ag,50,2.536904349703675,1.713555322520209,2536.904349703675,2540,2538,5078,0.9995683016956954,5663,5.663,6,1.5680804981429506,5435.235389883267
ag,50,0.6257694750000093,0.4296446685712538,625.7694750000094,627,625,1252,1.001231160000015,323,0.323,6,0.44384276254189026,275.4932103471079
ag,50,2.00905077558393,1.3653493378864556,2009.0507755839303,1968,1966,3934,1.0218976478046442,3470,3.47,6,1.788738767169624,3245.7270615806424
ag,50,3.2893169802869835,2.109903395098297,3289.3169802869834,3283,3281,6564,1.0025348918887484,9618,9.618,6,2.1670996172419716,9860.055330106487
ag,50,0.9992925227729826,0.6738317751243827,999.2925227729827,1019,1018,2037,0.9816233033133426,921,0.921,6,0.5274429670944293,890.6978544121655
ag,50,2.233589329790093,1.5307201271452382,2233.589329790093,2262,2260,4522,0.9883138627389791,4675,4.675,6,1.8025125151111279,4119.20176060026
ag,50,2.247660240598205,1.5537418913374423,2247.6602405982053,2298,2297,4595,0.9785199131903375,4838,4.838,6,1.690551093322021,5880.293707461171
ag,50,1.6848211798619694,1.0846310491162812,1684.8211798619695,1670,1669,3339,1.0094794367057935,2575,2.575,6,1.2691460120688924,2314.194139336398
ag,50,1.2846576832165588,0.8610957467507864,1284.6576832165588,1290,1289,2579,0.9966312515256468,1461,1.461,6,0.569832158096772,1531.6978078301715
ag,50,0.3370814880304564,0.22345755845762966,337.0814880304564,321,321,642,1.0500980935528237,71,0.071,6,0.216193196665364,100.60384789972002
ag,50,1.6623784965022177,1.0993191674676137,1662.3784965022178,1636,1634,3270,1.01736750091935,2330,2.33,6,1.1352587828674006,2036.5830332106445
ag,50,1.387419442212377,0.9125037872935395,1387.419442212377,1333,1332,2665,1.0416061878471299,1695,1.695,6,0.846468643856592,1499.2759917548005
ag,50,0.9617152005427575,0.6380895174892254,961.7152005427575,996,995,1991,0.9665479402439774,840,0.84,6,0.6311164200928283,909.786650000546
ag,50,0.9853769468873677,0.6211688495015389,985.3769468873677,1010,1010,2020,0.9756207394924432,832,0.832,6,0.5480514058225084,889.4326411534813
ag,50,1.3342416724830104,0.8946803464239688,1334.2416724830105,1267,1265,2532,1.0547364999865696,1400,1.4,6,0.9793371133858914,1664.9168569245403
ag,50,2.1930356235467836,1.475127232941426,2193.0356235467834,2199,2197,4396,0.9981955500895692,4421,4.421,6,1.326809417396856,4678.052467890426
ag,50,0.6530614792905869,0.41847995502941104,653.0614792905869,685,684,1369,0.9547682445768815,407,0.407,6,0.3513600329056163,507.96467886257557
ag,50,1.9434150352462125,1.3336051627890069,1943.4150352462125,1925,1924,3849,1.0100909746601936,3337,3.337,6,1.5912982502249717,3387.096277012982
ag,50,1.898387245330653,1.2583442517825085,1898.387245330653,1912,1909,3821,0.9944406733004992,3179,3.179,6,1.3483379897545755,2519.017556170971
ag,50,2.6216598891099063,1.724316409968555,2621.6598891099065,2582,2580,5162,1.016147243841049,5703,5.703,6,1.8690134772743856,5633.361957201803
ag,50,1.2926044441995568,0.8850760759192765,1292.6044441995568,1318,1316,2634,0.9822222220361374,1465,1.465,6,1.040584817913515,1413.4889829434
ag,50,1.7064154112099894,1.0457254451274307,1706.4154112099893,1679,1678,3357,1.016934094880804,2440,2.44,6,1.1015198453592,2914.0402983190315
ag,50,1.5868479160528182,1.0595810775277454,1586.8479160528182,1623,1622,3245,0.9783279383802824,2114,2.114,6,1.1499569851353177,2225.0010594125933
ag,50,2.1902327774125796,1.4320782217737968,2190.2327774125797,2260,2257,4517,0.9704177126329552,4482,4.482,6,1.2932183830239035,3097.062856760845
ag,50,2.8464625439557456,1.8814009834355865,2846.462543955746,2849,2847,5696,0.9998112202162788,7512,7.512,6,1.846435344319669,6114.121871013078
ag,50,1.9094303775095471,1.2734523952620351,1909.430377509547,1872,1870,3742,1.0210857633740893,3132,3.132,6,1.4744455259580238,3662.5634542877297
ag,50,1.306032173691133,0.8929366852947982,1306.0321736911328,1369,1366,2735,0.9560996879144457,1546,1.546,6,0.7457101761945873,1323.737118175298
ag,50,1.2556014511592322,0.8739751430422644,1255.601451159232,1310,1310,2620,0.958474390197887,1375,1.375,6,0.7423600260812512,1209.690757989472
ag,50,1.655083276451324,1.1348696468981465,1655.0832764513239,1656,1653,3309,1.0012603003335292,2161,2.161,6,1.5559679137513838,1966.1053263022284
ag,50,2.2920582458524437,1.5327158574135105,2292.0582458524436,2283,2279,4562,1.0057298138887423,4774,4.774,6,1.565345195711076,5411.480193227409
ag,50,1.3544855780139147,0.9360828435411795,1354.4855780139146,1279,1278,2557,1.059847870120434,1611,1.611,6,0.977577373508643,1645.2563785200966
ag,50,1.6530598622919044,1.108196186830055,1653.0598622919044,1642,1639,3281,1.0085783174447251,2153,2.153,6,0.9188249238087589,2257.6851179453133
ag,50,1.9226557497678918,1.3457039643965347,1922.6557497678918,1932,1929,3861,0.9967111196308408,3245,3.245,6,1.3163001156073129,3640.888013345211
ag,50,1.6031850503198848,1.0630126866984815,1603.1850503198848,1625,1624,3249,0.9871829127585497,2398,2.398,6,1.141876903376457,2431.8836230602474
ag,50,2.868857456747291,1.932202989654118,2868.857456747291,2840,2838,5678,1.0108729586847396,7162,7.162,6,1.6141752748922504,7837.876437843847
ag,50,1.6154791556402353,1.07912094509976,1615.4791556402351,1594,1592,3186,1.0147482133418562,2200,2.2,6,0.9456882619858484,1821.8089435427373
ag,50,1.2950935360987292,0.8745561783692621,1295.0935360987291,1311,1310,2621,0.988621019922694,1481,1.481,6,0.9736802745494233,1394.4847692477956
ag,50,1.6491659838124373,1.0753939682733331,1649.1659838124374,1620,1618,3238,1.0192620419112715,2395,2.395,6,0.8039644289795476,2588.9679087114046
ag,50,2.2605504234759266,1.5198052058216451,2260.5504234759264,2235,2234,4469,1.011884701645446,4599,4.599,6,1.6606109595153524,4877.410770951906
ag,50,1.9251590749200658,1.1700579214462836,1925.1590749200657,1944,1940,3884,0.9923500386185905,3511,3.511,6,1.165820126053148,2694.2140574736723
ag,50,1.638766202726322,1.0593022359079922,1638.7662027263218,1635,1632,3267,1.0041459575528933,2429,2.429,6,0.8501577977515636,2440.467222647556
ag,50,1.3233268487377237,0.8366901482309045,1323.3268487377236,1303,1302,2605,1.0163800681549335,1330,1.33,6,0.9346706359529009,1567.773257817767
ag,50,1.4056261372817807,0.8534937128840515,1405.6261372817808,1326,1325,2651,1.0608499149296458,1608,1.608,6,0.9735700569117421,1690.8200871194254
ag,50,1.3199610598858522,0.8464071628957802,1319.9610598858521,1348,1347,2695,0.9799265477994448,1524,1.524,6,0.8573564440579644,1608.6685496679274
ag,50,2.541302258554857,1.5565097549522822,2541.302258554857,2626,2623,5249,0.9688533200742878,6282,6.282,6,1.85843410383012,6896.844288016549
ag,50,0.6808256165501536,0.46677222253399225,680.8256165501537,680,680,1360,1.00121414198552,393,0.393,6,0.4966712884442304,287.0423079636777
ag,50,1.0275773984416832,0.6500546155127919,1027.5773984416833,1009,1008,2017,1.0194220222635746,879,0.879,6,0.6623991196784121,749.36746038391
ag,50,1.307384367363441,0.8382929851757653,1307.384367363441,1294,1293,2587,1.0111248007451206,1409,1.409,6,0.8272552719131253,1561.8614584189445
ag,50,0.6677249521731348,0.4541650208873995,667.7249521731347,663,662,1325,1.0086479640077564,326,0.326,6,0.5057910866979495,253.45321972506486
ag,50,0.6763088327336709,0.43496964761795504,676.3088327336709,653,651,1304,1.038876855197651,312,0.312,6,0.4673475368635947,336.0045143709748
ag,50,0.9938682283197023,0.6621843441424937,993.8682283197023,969,968,1937,1.0267233763633288,793,0.793,6,0.6184511395315606,773.9144913231727
ag,50,0.9525120494164111,0.6041763669147355,952.5120494164111,1007,1006,2013,0.946831063038182,858,0.858,6,0.6203929864264238,930.8301834208007
ag,50,0.673283040049065,0.44704503991380146,673.283040049065,647,647,1294,1.0406229367064375,326,0.326,6,0.40767586757258534,233.1273042387919
nag,50,0.6319047380223927,0.5891100518455469,631.9047380223926,3689,3688,7377,0.17134076410585483,2012,2.012,6,0.6289763612064172,2331.8411850937428
nag,50,0.30169471833967193,0.27718006317764327,301.6947183396719,1867,1866,3733,0.16167991336531184,406,0.406,6,0.3103295114740243,460.0780369201849
nag,50,0.3014705678370931,0.28046612624882483,301.4705678370931,1886,1886,3772,0.15984653649898892,573,0.573,6,0.2652666324014735,455.0667495267468
nag,50,0.45493276277521016,0.4177177008015358,454.93276277521016,2778,2778,5556,0.16376269358358897,1081,1.081,6,0.3863538952833225,1055.4495675175428
nag,50,0.3855652915414321,0.3530240790035329,385.5652915414321,2291,2291,4582,0.16829563140175996,865,0.865,6,0.4419075016817323,978.5293594142255
nag,50,0.1567501962584408,0.1447193940140595,156.7501962584408,960,960,1920,0.16328145443587586,115,0.115,6,0.12868808929755182,125.83079624078711
nag,50,0.5185095078017137,0.48490528382234427,518.5095078017137,3199,3199,6398,0.16208487271075764,1464,1.464,6,0.5524409719085,1722.7965573004064
nag,50,0.5331916273480287,0.4775277562721391,533.1916273480288,3136,3135,6271,0.17007707411420375,1580,1.58,6,0.4936636531376588,1793.1418559475508
nag,50,0.6058105545353981,0.5453840870424392,605.8105545353981,3681,3681,7362,0.164577711093561,1986,1.986,6,0.46929286683525734,2024.240280148828
nag,50,0.29331079484851114,0.2729034893645545,293.31079484851114,1752,1751,3503,0.1675104482287328,493,0.493,6,0.21515455071830994,549.8558414511265
nag,50,0.5306817180586397,0.47588351132031576,530.6817180586397,3233,3232,6465,0.16419607613200488,1557,1.557,6,0.3282208231089129,1810.3304026920732
nag,50,0.3789227682672756,0.3556009937113021,378.9227682672756,2290,2290,4580,0.16546845775863564,762,0.762,6,0.3148685728835441,895.5132926841612
nag,50,0.3765949879125364,0.34265388726087487,376.59498791253645,2340,2340,4680,0.16093802902245147,749,0.749,6,0.3671120217981522,774.5594574575595
nag,50,0.4443848134455526,0.4117971532543878,444.3848134455526,2688,2688,5376,0.1653217311925419,1079,1.079,6,0.3995950693415582,969.0353548933437
nag,50,0.3605762325940618,0.33645592002692465,360.5762325940618,2272,2272,4544,0.15870432772625961,700,0.7,6,0.3568559695014767,694.8987719757847
nag,50,0.22706313219696472,0.2099262128200848,227.06313219696472,1372,1372,2744,0.16549790976455153,272,0.272,6,0.2080859335372904,318.9133011353594
nag,50,0.37856459024599565,0.3521615505715346,378.56459024599565,2303,2302,4605,0.16445029984621878,776,0.776,6,0.29604337214730475,849.8018432482429
nag,50,0.30608928786995704,0.2784034244792164,306.08928786995705,1819,1818,3637,0.16836594492296866,458,0.458,6,0.26949112517434604,354.3340192183097
nag,50,0.38315077914380813,0.36467017631349424,383.1507791438081,2268,2267,4535,0.16901225370260614,808,0.808,6,0.33246180570545664,657.112135986488
nag,50,0.4466462232879674,0.4102027240756114,446.64622328796736,2655,2655,5310,0.16822833268849996,1089,1.089,6,0.419452966011243,1055.4427745643889
nag,50,0.6884728463647164,0.6323551518243931,688.4728463647164,4142,4142,8284,0.166217490672312,2596,2.596,6,0.6297655609801225,3085.8402181881333
nag,50,0.15025179484249904,0.1367878986185032,150.25179484249904,923,923,1846,0.16278634327464683,80,0.08,6,0.12227821289382662,67.72379017632733
nag,50,0.36750997704731536,0.338214256836254,367.5099770473154,2238,2238,4476,0.16421357330085584,758,0.758,6,0.3655996661302225,701.8957007865916
nag,50,0.23767117589141193,0.22259123005844067,237.67117589141193,1388,1388,2776,0.17123283565663683,288,0.288,6,0.24633116535894958,315.12414483201843
nag,50,0.06784079372352166,0.06323842043048424,67.84079372352166,439,439,878,0.1545348376390015,12,0.012,6,0.06926937066348615,12.767332874167574
nag,50,0.22497699936658888,0.21005426013127498,224.97699936658887,1422,1421,2843,0.1583230115176558,276,0.276,6,0.2359346581980923,298.3660836848505
nag,50,0.6814473504155035,0.6242429112565897,681.4473504155035,4036,4036,8072,0.16884225728828134,2559,2.559,6,0.6590993031236012,3135.722369852174
nag,50,0.36847693112721935,0.34211944385434395,368.47693112721936,2196,2195,4391,0.16787103923791316,596,0.596,6,0.4113473356628096,634.8696365881215
nag,50,0.3757149797622964,0.35136281894053956,375.7149797622964,2289,2288,4577,0.16421109255345123,782,0.782,6,0.27779097617246584,1023.0967555115865
nag,50,0.23046880913532483,0.2111573387775635,230.46880913532482,1373,1372,2745,0.16798018158551373,269,0.269,6,0.20055647542575367,270.35402226805434
nag,50,0.14830781070702465,0.13407750416283812,148.30781070702466,873,872,1745,0.170077764572276,104,0.104,6,0.11140507347833974,109.14205319912118
nag,50,0.4404468925563312,0.40429848751737496,440.4468925563312,2652,2651,5303,0.1661436788217017,1120,1.12,6,0.29536323520704777,943.6447286193496
nag,50,0.43641529863392875,0.40472020641215084,436.4152986339287,2680,2678,5358,0.1629631436273072,1102,1.102,6,0.4448177451700652,1085.3813741548845
nag,50,0.8436023135390346,0.7824218492646913,843.6023135390346,5006,5006,10012,0.16851824081882433,3860,3.86,6,0.5830871269979107,3139.110215662188
nag,50,0.39292020584522513,0.3567719154477517,392.92020584522515,2288,2288,4576,0.17173085919808792,793,0.793,6,0.34470586867260905,705.9455511573608
nag,50,0.4534887346536126,0.4204068058446395,453.4887346536126,2747,2747,5494,0.16508508724194124,1162,1.162,6,0.3698025405161407,1657.6899539874635
nag,50,0.3116856109132671,0.28511482860195375,311.68561091326706,1777,1777,3554,0.1753998935921593,489,0.489,6,0.3523463430898321,450.260448729235
nag,50,0.3685353816716581,0.33619571589193925,368.5353816716581,2326,2326,4652,0.15844169461378252,741,0.741,6,0.3191118258792603,751.4629965542634
nag,50,0.15068626007356709,0.1432253094566608,150.6862600735671,910,910,1820,0.16558929678413967,105,0.105,6,0.18112895538304566,83.07122297398124
nag,50,0.5613413918274173,0.5028189651800363,561.3413918274173,3280,3280,6560,0.17114066824006624,1589,1.589,6,0.5956252718693253,1444.1816825553517
nag,50,0.3188937914772303,0.28658674114744953,318.8937914772303,1891,1891,3782,0.16863764752894253,467,0.467,6,0.3376134120409448,565.8916937127814
nag,50,0.3832810983152672,0.351585480246687,383.2810983152672,2285,2285,4570,0.16773789860624383,776,0.776,6,0.47679150472859694,844.2936117687183
nag,50,0.30966343171398464,0.27919500192748303,309.66343171398466,1903,1903,3806,0.16272382118443757,552,0.552,6,0.350974372933005,465.4414073226308
nag,50,0.6700054459237408,0.6132108523252766,670.0054459237408,4128,4127,8255,0.16234684902441018,2466,2.466,6,0.6935482428458053,2601.7667873859887
nag,50,0.3716922496803246,0.3506977633290317,371.6922496803246,2229,2228,4457,0.1668277601796789,716,0.716,6,0.42955792139470395,658.1942529075118
nag,50,0.1565441964240655,0.1434701422939424,156.5441964240655,933,933,1866,0.16778584825730491,142,0.142,6,0.1531062443129093,130.15383344151806
nag,50,0.31637702010900615,0.2829687615896736,316.37702010900614,1864,1864,3728,0.1697301610026857,469,0.469,6,0.30090543396975367,492.090398789449
nag,50,0.30710368833416224,0.27982497174120896,307.10368833416226,1853,1853,3706,0.16573323709344967,511,0.511,6,0.2951265993830317,408.70570840786405
nag,50,0.5264078320309371,0.48143230599618225,526.4078320309371,3195,3195,6390,0.1647598848297143,1525,1.525,6,0.4501766741849456,1419.5917479776629
nag,50,0.45838639293095707,0.4318870123780465,458.3863929309571,2811,2810,5621,0.1631268302245399,1155,1.155,6,0.490565828716924,1032.7897635387621
nag,50,0.45412599365577067,0.4062054429798675,454.1259936557707,2724,2724,5448,0.16671291984426237,1082,1.082,6,0.4513832417245071,1312.2739576023873
nag,50,0.3888827347402156,0.36288227007812474,388.8827347402156,2343,2343,4686,0.16597641260785984,831,0.831,6,0.42829437826687,838.3203458227765
nag,50,0.7150411038878419,0.6612215223509698,715.0411038878419,4185,4184,8369,0.1708989254034039,2818,2.818,6,0.5435882208959814,3085.8068045709333
nag,50,0.37575413108941164,0.34702419523675515,375.75413108941166,2245,2245,4490,0.1673737777681121,748,0.748,6,0.31655344127323115,628.9601115636507
nag,50,0.23634661885778083,0.21875827605155101,236.34661885778084,1356,1356,2712,0.17429691656178528,259,0.259,6,0.2313746640178165,226.8757226313846
nag,50,0.37024214735908206,0.33729931830029863,370.2421473590821,2293,2292,4585,0.1615367135074529,694,0.694,6,0.3942107820742386,865.8753525810131
nag,50,0.14229116290072213,0.1298750475048546,142.29116290072213,891,891,1782,0.15969827486051866,86,0.086,6,0.14311826731755423,100.4291137805751
nag,50,0.5337997245005378,0.48211953140419944,533.7997245005378,3196,3196,6392,0.16702119039441107,1418,1.418,6,0.4910469303582638,1599.2232403601245
nag,50,0.3680820679318248,0.3435814482615934,368.0820679318248,2255,2254,4509,0.16330171603009086,783,0.783,6,0.3784612228710524,926.6499126017901
nag,50,0.15544787657891476,0.14450228855904032,155.44787657891476,875,875,1750,0.1776547160901883,96,0.096,6,0.18083002855216174,130.22028377039678
nag,50,0.5273333222474543,0.4805118652017397,527.3333222474544,3165,3165,6330,0.16661400386965383,1541,1.541,6,0.46252876222655237,1505.8606548756684
nag,50,0.3847260039561092,0.35072921792665956,384.7260039561092,2339,2339,4678,0.16448311413258196,782,0.782,6,0.3354303019326474,659.5126458268694
nag,50,0.6876509373840968,0.6284880979372202,687.6509373840968,4119,4119,8238,0.16694608822143647,2581,2.581,6,0.6786423926285124,1901.1668254143003
nag,50,0.22711339964764665,0.2042502835574885,227.11339964764665,1299,1299,2598,0.1748371051944932,247,0.247,6,0.20731210298397276,305.48198483327195
nag,50,0.31103149353565923,0.28339297899752275,311.03149353565925,1818,1818,3636,0.17108442988760134,487,0.487,6,0.281695759661157,413.52827077964844
nag,50,0.5281599175167767,0.48850294694679597,528.1599175167767,3141,3140,6281,0.1682037953875085,1398,1.398,6,0.4045473623411648,1722.3683340243542
nag,50,0.32856379801612706,0.3018715848190366,328.56379801612707,1913,1913,3826,0.17175316153482859,581,0.581,6,0.28628655577910134,530.8660664670456
nag,50,0.4786201918923212,0.4236194112161653,478.6201918923212,2790,2789,5579,0.1716099648233493,1123,1.123,6,0.5483717726206198,1314.8390927271994
nag,50,0.3852894441426178,0.35379794112060664,385.2894441426178,2291,2291,4582,0.16817522660088075,783,0.783,6,0.35156904260575406,827.9235949655459
nag,50,0.24344413900338674,0.23275239115441707,243.44413900338674,1398,1398,2796,0.1741374384859705,304,0.304,6,0.21895896835871353,320.21125961792245
nag,50,0.3107536700251232,0.28614174538023296,310.7536700251232,1841,1841,3682,0.16879612711848083,516,0.516,6,0.3010839442165546,420.85611567786606
nag,50,0.3140651534121209,0.28442914823775006,314.0651534121209,1837,1837,3674,0.17096633283185678,487,0.487,6,0.2748660648853409,470.3941868750885
nag,50,0.4620630766334865,0.4232440238630569,462.0630766334865,2728,2728,5456,0.16937796064277363,1075,1.075,6,0.37202458583689596,1155.461424115185
nag,50,0.21945447212627875,0.20453516058643095,219.45447212627874,1320,1318,2638,0.16650566929156202,230,0.23,6,0.23802012174591622,209.03116880969986
nag,50,0.28994420205278304,0.26690570992244045,289.94420205278306,1732,1732,3464,0.16740427370253064,441,0.441,6,0.2858006629702871,491.314672376694
nag,50,0.3001092640454153,0.2779925036737407,300.10926404541533,1871,1871,3742,0.16040046180941492,488,0.488,6,0.3167745083599945,469.8010301440833
nag,50,0.47282348341127994,0.43656656361542,472.82348341127994,2833,2832,5665,0.16695744470737287,1227,1.227,6,0.3966155215802068,1311.1003761388783
nag,50,0.5291099895047792,0.49003093741347936,529.1099895047792,3233,3233,6466,0.16365913687125863,1530,1.53,6,0.5002667479748127,1817.6502634531712
nag,50,0.6739291497521308,0.60564785897839,673.9291497521308,4096,4096,8192,0.1645334838262038,2489,2.489,6,0.548011376634689,2707.747108811125
nag,50,0.288631364609524,0.26982839626953237,288.631364609524,1781,1781,3562,0.16206140629394947,387,0.387,6,0.2778083019994656,447.137899039807
nag,50,0.38173685913466804,0.35189936918499065,381.73685913466807,2270,2269,4539,0.1682401318354641,801,0.801,6,0.3770424200600128,464.80346179917285
nag,50,0.3890285012022789,0.35167993726644087,389.0285012022789,2331,2330,4661,0.166965021975227,782,0.782,6,0.3771698772017328,827.2247096901463
nag,50,0.5593675953823024,0.5064435634954751,559.3675953823024,3266,3266,6532,0.1712699312254447,1711,1.711,6,0.5953262542496038,1730.358614065502
nag,50,0.22285703337924115,0.20124843753006433,222.85703337924116,1390,1389,2779,0.16044422849477405,231,0.231,6,0.16333421145440796,261.36221245249766
nag,50,0.22608417364251374,0.21288812529666665,226.08417364251375,1329,1329,2658,0.17011600725546558,282,0.282,6,0.1873921360677272,213.79690416834
nag,50,0.29007876232798213,0.27407835971355554,290.07876232798213,1781,1781,3562,0.1628740945131848,532,0.532,6,0.29871859780353593,570.630733645544
nag,50,0.301628129421844,0.2837620358900144,301.62812942184405,1792,1791,3583,0.1684132492584277,462,0.462,6,0.26530593376018485,450.2311635718274
nag,50,0.38476931744964793,0.3513275641399867,384.76931744964793,2336,2335,4671,0.16478343359727962,817,0.817,6,0.4072903897487459,773.5233430305578
nag,50,0.5502732085020673,0.4934091165053082,550.2732085020673,3254,3254,6508,0.1691067020596396,1537,1.537,6,0.4737279900610673,1060.9541687338474
nag,50,0.0824154445325293,0.07562313903503487,82.4154445325293,468,468,936,0.1761013772062592,34,0.034,6,0.07394577275521466,37.642239744585154
nag,50,0.7706952521574226,0.7148361020518655,770.6952521574226,4560,4558,9118,0.16908627734914933,3241,3.241,6,0.6068389840950437,2337.534423168636
nag,50,0.7474652084662796,0.6901076412975146,747.4652084662796,4525,4523,9048,0.16525872395893867,2992,2.992,6,0.5629980378206597,3149.020053420069
nag,50,0.3221804012640041,0.2950062266187647,322.1804012640041,1894,1894,3788,0.17010580848152276,512,0.512,6,0.3042944540723405,508.19809761861455
nag,50,0.22864024829979782,0.21328919360311824,228.6402482997978,1372,1372,2744,0.1666474112972287,215,0.215,6,0.22053092851792713,212.90648084749657
nag,50,0.39351524088366024,0.3590990622448959,393.5152408836602,2355,2355,4710,0.16709776682957972,831,0.831,6,0.44553601119507635,919.6705701218416
nag,50,0.44669877677996406,0.4128151923844494,446.6987767799641,2726,2726,5452,0.1638660222963918,1089,1.089,6,0.40214040849346977,979.8032969062403
nag,50,0.23342557204574046,0.21449228779350032,233.42557204574047,1376,1374,2750,0.16988760702018957,242,0.242,6,0.1882109411385421,184.9396576171322
nag,50,0.3112437197617656,0.2858225945235148,311.24371976176565,1889,1889,3778,0.16476639479182936,503,0.503,6,0.20695292749804334,499.67074055416776
nag,50,0.4455603170482577,0.4003383725878266,445.56031704825773,2763,2763,5526,0.16125961529071942,1123,1.123,6,0.34858272199060675,732.6842066611594
nag,50,0.37841894689631667,0.3522570275448811,378.41894689631664,2306,2306,4612,0.16410188503743134,751,0.751,6,0.38318835595126766,738.911222123142
nag,50,0.38995638960805773,0.3561850227584813,389.95638960805775,2311,2310,4621,0.16881228987361807,711,0.711,6,0.4327239445463824,730.271699545376
nag,50,0.38989284536515006,0.3614184819650303,389.89284536515004,2364,2363,4727,0.16499908817822684,808,0.808,6,0.3172822966664449,822.8733969875312
nag,50,0.3059214825537857,0.29467840816404134,305.9214825537857,1928,1928,3856,0.15867296812955692,533,0.533,6,0.30267046249745844,644.3477956041944
nag,50,0.14841949531653748,0.13465025482765053,148.41949531653748,924,924,1848,0.16062715943348213,109,0.109,6,0.13825525529700544,88.0250795750121
nag,50,0.30631063951035076,0.2764554789739726,306.31063951035077,1884,1883,3767,0.1626716088743233,487,0.487,6,0.31252232450419204,504.0473316445726
nag,50,0.6783887506975116,0.6214557611928667,678.3887506975116,4089,4089,8178,0.165905783980805,2556,2.556,6,0.5344910969337786,1637.8147834935776
nag,50,0.0878606791045894,0.08014118017186977,87.86067910458941,479,479,958,0.1834252173373474,18,0.018,6,0.056695130396003865,23.665125660192665
nag,50,0.6228928563213059,0.5699670541821872,622.8928563213059,3607,3607,7214,0.1726900072972847,2124,2.124,6,0.5735085101068057,2850.351544415153
nag,50,0.5275202931355178,0.4683255900124141,527.5202931355178,3185,3185,6370,0.16562646566264297,1468,1.468,6,0.26241430664477017,1266.2071041942875
nag,50,0.7500082748221077,0.6870909154446677,750.0082748221078,4608,4608,9216,0.16276221241799213,3229,3.229,6,0.5487279995011994,3702.5892167973448
nag,50,0.3810399580275749,0.3468372764556609,381.0399580275749,2308,2307,4615,0.16516686520484392,751,0.751,6,0.39963743761415976,915.4753685843601
nag,50,0.3195792058283233,0.2933220280422946,319.57920582832327,1876,1876,3752,0.17035138903428745,501,0.501,6,0.3940500889713914,600.9312691063953
nag,50,0.0,0.0,0.0,0,0,0,,0,0.0,6,0.0,0.0
nag,50,0.30064418268691695,0.27405348601180707,300.64418268691696,1835,1835,3670,0.16383879165499562,505,0.505,6,0.22278223020438448,422.69977394633094
nag,50,0.16765022393098336,0.15120805304209345,167.65022393098337,993,992,1985,0.16900224186591065,112,0.112,6,0.1646048912981614,108.82947468927439
nag,50,0.146492160806658,0.13450074131114587,146.492160806658,892,891,1783,0.16441319955853873,73,0.073,6,0.11234640375860318,77.77356909170301
nag,50,0.23885930034220726,0.22341072477447296,238.85930034220726,1361,1361,2722,0.17550279231609645,310,0.31,6,0.2538836775330661,257.4701475466398
nag,50,0.5089857735278336,0.4607619106172328,508.98577352783354,3151,3151,6302,0.1615315054039459,1407,1.407,6,0.3944375061277636,1391.9325732461589
nag,50,0.6079483038838246,0.550665658438109,607.9483038838246,3694,3694,7388,0.1645772344027679,1969,1.969,6,0.48776489474049245,2017.1599331926109
nag,50,0.3869614913484304,0.3515861721850593,386.9614913484304,2269,2269,4538,0.17054274629723684,804,0.804,6,0.2981083532738077,540.4282880296778
nag,50,0.4424113071052805,0.4063992867310318,442.41130710528046,2765,2764,5529,0.16006197796862534,1119,1.119,6,0.4345467107277531,950.8768279368707
nag,50,0.3912202265933585,0.3633974510730593,391.22022659335846,2269,2269,4538,0.17241966795652644,749,0.749,6,0.37492519700457333,574.6868861084145
nag,50,0.23109082258971017,0.2121100729715036,231.09082258971017,1328,1328,2656,0.17401417363682994,231,0.231,6,0.22897051233170726,252.6486844524759
nag,50,0.468378896814589,0.4251967274323723,468.378896814589,2739,2739,5478,0.17100361329484812,1202,1.202,6,0.40918580874190785,1077.370705546535
nag,50,0.21452435168438347,0.19793453738291936,214.52435168438348,1327,1327,2654,0.1616611542459559,237,0.237,6,0.17441760362705094,249.5295106977111
nag,50,0.1513262289324163,0.1418494348352594,151.32622893241629,924,924,1848,0.16377297503508256,137,0.137,6,0.12442215858067576,99.75944415837503
nag,50,0.528257070900782,0.48648225060523814,528.257070900782,3176,3175,6351,0.1663801798112699,1536,1.536,6,0.519670767808422,1174.2221293024238
nag,50,0.22412454378395366,0.20474547421876044,224.12454378395367,1367,1366,2733,0.16407360452705247,225,0.225,6,0.20391453499136647,215.33135930069483
nag,50,0.36349764517212163,0.3353241435530269,363.4976451721216,2259,2259,4518,0.16091086550337388,730,0.73,6,0.4052891169762737,667.2571708297869
nag,50,0.6244909174351494,0.577774773453727,624.4909174351494,3703,3702,7405,0.1686901451742705,2216,2.216,6,0.5092831236747836,2212.575270660096
nag,50,0.07384793236263745,0.06839441524840077,73.84793236263745,456,456,912,0.16194722009350318,22,0.022,6,0.07382899257229723,28.08722574655066
nag,50,0.2332882811314265,0.20826539600035066,233.2882811314265,1433,1433,2866,0.16279712570232135,235,0.235,6,0.215120510878886,284.4217388548431
nag,50,0.5435247591601235,0.48583054080395166,543.5247591601235,3219,3217,6436,0.16895391953998243,1516,1.516,6,0.4520941462319709,1567.329887988733
nag,50,0.4749134828896614,0.4366256663342045,474.9134828896614,2811,2809,5620,0.1690685236346249,1162,1.162,6,0.3808164257448672,1348.7647354870996
nag,50,0.29729854216608514,0.2762525436276917,297.29854216608516,1850,1850,3700,0.16070191468437037,467,0.467,6,0.26570474624765644,448.6787603451434
nag,50,0.30131736665277925,0.27754405771766866,301.31736665277924,1835,1835,3670,0.16420564940205953,455,0.455,6,0.28486545811695163,574.2207619896831
nag,50,0.2240385738271077,0.20379819060236953,224.0385738271077,1344,1343,2687,0.16681948907454036,254,0.254,6,0.19998548156017715,274.72368161776023
nag,50,0.3674672867232148,0.3337426729688971,367.46728672321484,2247,2247,4494,0.1635368432235046,718,0.718,6,0.346817995097381,759.120047855902
nag,50,0.5431867635369465,0.5003557473330189,543.1867635369465,3223,3222,6445,0.16858682915485615,1567,1.567,6,0.5502844494446556,1516.9942167870715
nag,50,0.6207936751416169,0.5765491532453055,620.7936751416169,3610,3609,7219,0.17201265589958906,2050,2.05,6,0.638069129224664,2303.0769556887176
nag,50,0.30127555668826655,0.28102419899529996,301.27555668826653,1867,1867,3734,0.16136880379660767,403,0.403,6,0.30954333305182313,404.00303988819644
nag,50,0.3066886925844084,0.27976325985979633,306.6886925844084,1800,1799,3599,0.1704773166116778,469,0.469,6,0.33017445313665333,534.9724276792216
nag,50,0.30866341161745126,0.28392059513965134,308.66341161745123,1831,1831,3662,0.16857641268020274,535,0.535,6,0.25680888456436907,485.70372297037613
nag,50,0.20891612954567493,0.19230100035945458,208.91612954567492,1327,1327,2654,0.15743491299598714,221,0.221,6,0.14842790920077994,228.9361731331386
nag,50,0.555646615092082,0.5245245711649641,555.646615092082,3247,3245,6492,0.1712316225245245,1558,1.558,6,0.6437451305316216,1225.407322293657
nag,50,0.3153988368054121,0.2902664109852494,315.3988368054121,1830,1830,3660,0.1723490911504984,460,0.46,6,0.2637923703573554,513.1092339033571
nag,50,0.30794714773602105,0.28682924366672397,307.94714773602107,1832,1832,3664,0.1680934212532866,452,0.452,6,0.298958166198951,503.25695040381174
nag,50,0.5420018477470977,0.4926661352908005,542.0018477470977,3304,3304,6608,0.1640441427805986,1775,1.775,6,0.48299118673477515,1907.8359836448021
nag,50,0.6059702281883892,0.5718411147548784,605.9702281883892,3677,3677,7354,0.16480017084264054,2046,2.046,6,0.5588342036949221,2459.6561078239483
nag,50,0.3727255959330177,0.3432474101662507,372.7255959330177,2257,2256,4513,0.16521524642420998,802,0.802,6,0.3741569256397227,728.7337301253518
nag,50,0.3773072412368223,0.345187244480851,377.3072412368223,2233,2232,4465,0.16904446291972325,713,0.713,6,0.31185724947350535,758.8372694364756
nag,50,0.3732962075381615,0.35226309504155584,373.2962075381615,2270,2270,4540,0.16444766851901388,795,0.795,6,0.2643914788271337,1108.8531912051458
nag,50,0.4712248594355437,0.4414312087995688,471.2248594355437,2744,2743,5487,0.17179178251386937,1188,1.188,6,0.3439809066740783,1371.320446597782
nag,50,0.5537464050220012,0.503175828472923,553.7464050220012,3296,3295,6591,0.16805657208558458,1667,1.667,6,0.43971446779022416,1638.289084449105
nag,50,0.23025162010104594,0.20569121456332193,230.25162010104594,1354,1354,2708,0.17005289520018163,220,0.22,6,0.20619146397222768,216.78875869777258
nag,50,0.6976737436223381,0.6257645075052447,697.6737436223382,4166,4166,8332,0.1674684934283097,2527,2.527,6,0.627297998883545,2127.1816927281857
nag,50,0.37664369077229465,0.3483112780745026,376.64369077229463,2244,2244,4488,0.1678447819840885,802,0.802,6,0.31321421022853924,831.1635627744597
nag,50,0.23053373480108028,0.2116122538526281,230.53373480108027,1318,1317,2635,0.17504459741919534,251,0.251,6,0.22363270147420103,306.5595316030002
nag,50,0.6996964019444495,0.626604467869106,699.6964019444495,4182,4180,8362,0.1673914837187678,2759,2.759,6,0.7221829213365072,2678.874448873785
nag,50,0.2300799297772661,0.21257785141603563,230.0799297772661,1357,1357,2714,0.16955042724927494,202,0.202,6,0.19669180759599414,186.45806075709643
nag,50,0.4649338765590891,0.42850038169682064,464.9338765590891,2703,2703,5406,0.17200661359936703,1147,1.147,6,0.3975982963276518,1313.9763483877177
nag,50,0.22120356739789684,0.20071566200637556,221.20356739789685,1371,1371,2742,0.16134468810933394,240,0.24,6,0.18421582874492987,204.3547806946735
nag,50,0.07360855155220514,0.06819033269059149,73.60855155220514,415,415,830,0.17737000374025336,14,0.014,6,0.06411384858489481,12.201764657338371
nag,50,0.7490510698234173,0.6863562193913499,749.0510698234173,4525,4523,9048,0.16560934552806042,3101,3.101,6,0.7389452055764671,3449.3251098373244
nag,50,0.4566220630847168,0.42312512199873875,456.6220630847168,2699,2699,5398,0.1691819426027109,1136,1.136,6,0.37607054045461874,1171.2556446148008
nag,50,0.31210017506660576,0.28568091604194523,312.10017506660574,1846,1846,3692,0.16906835052362174,461,0.461,6,0.3269627760258469,511.23604309517026
nag,50,0.3030502156842069,0.28438250896127976,303.05021568420693,1825,1824,3649,0.1661459515812538,488,0.488,6,0.2681085175146246,469.8930711685709
nag,50,0.22550855937196526,0.20811062612757317,225.50855937196525,1351,1351,2702,0.1669197330658514,231,0.231,6,0.22640277766247466,216.36095851221648
nag,50,0.4714976818225148,0.4461448254308242,471.4976818225148,2849,2849,5698,0.1654958518155545,1262,1.262,6,0.42541761818636004,1350.8284635369748
nag,50,0.2485633440865886,0.22848109219785648,248.5633440865886,1489,1489,2978,0.1669330719184611,341,0.341,6,0.2092542361606487,267.03367819690055
nag,50,0.24773406922812014,0.22475415931374487,247.73406922812015,1402,1401,2803,0.17682660187588875,319,0.319,6,0.22011395827363373,325.15328755656674
nag,50,0.7336324319574933,0.6593466824430224,733.6324319574933,4609,4608,9217,0.1592084270741088,3020,3.02,6,0.6395961404086541,3183.857859423636
nag,50,0.3537338727174856,0.3221469597091664,353.73387271748555,2208,2208,4416,0.16020555829596267,684,0.684,6,0.26508834900342076,514.6993610478595
nag,50,0.32419114950671324,0.2993936385249841,324.19114950671326,1911,1911,3822,0.16964476687949412,555,0.555,6,0.3564252423595253,463.0643984538946
nag,50,0.3052533048691242,0.2801358701449663,305.25330486912424,1842,1842,3684,0.1657184065521847,469,0.469,6,0.29124322921575235,491.42139723616344
nag,50,0.28904155467149384,0.26800570109947325,289.0415546714938,1792,1791,3583,0.16138556933081732,473,0.473,6,0.21810299763975513,542.8843248085291
nag,50,0.3033366673179261,0.2825448209479347,303.33666731792607,1835,1835,3670,0.16530608573183983,485,0.485,6,0.31841641697858697,485.2544608264762
nag,50,0.23165770970956612,0.2138225977522628,231.65770970956612,1355,1355,2710,0.17096509941665397,241,0.241,6,0.24300738719840131,234.27690187333604
nag,50,0.0810497346215198,0.07448067513930101,81.0497346215198,485,485,970,0.16711285488973154,15,0.015,6,0.06771348262911364,13.694411058412099
nag,50,0.5328181383392306,0.47487670161850504,532.8181383392306,3172,3171,6343,0.16802842584018624,1399,1.399,6,0.3063823343407857,1376.7533417677116
nag,50,0.30527805461812385,0.2796715560507433,305.27805461812386,1834,1833,3667,0.16654558353416468,488,0.488,6,0.24736155273275853,489.20075531734983
nag,50,0.2202204304476884,0.2021332555153515,220.22043044768841,1387,1387,2774,0.15877464343741055,266,0.266,6,0.15682835041229692,264.5072442843141
nag,50,0.2321067751399127,0.2112066304524519,232.1067751399127,1418,1417,2835,0.16380153503169564,259,0.259,6,0.2164146781369513,270.64482089513916
nag,50,0.8419191928678383,0.7611999032274626,841.9191928678383,4997,4997,9994,0.16848492953128644,4019,4.019,6,0.7857404941308963,3751.7338101657333
nag,50,0.3159032697146511,0.29638015500298265,315.9032697146511,1849,1847,3696,0.17103587965059616,508,0.508,6,0.30130442030862437,562.5498583356342
nag,50,0.0,0.0,0.0,0,0,0,,0,0.0,6,0.0,0.0
nag,50,0.37353876651177903,0.3402373287094748,373.53876651177904,2277,2277,4554,0.164048645811058,840,0.84,6,0.36497399111313067,940.1085807985223
nag,50,0.44041979163031575,0.3986452744153919,440.41979163031573,2644,2644,5288,0.16657329486774422,1077,1.077,6,0.405035097189547,1073.3631955315677
nag,50,0.30033160895782407,0.27587021491765934,300.3316089578241,1837,1837,3674,0.1634902607282657,443,0.443,6,0.3183795675898608,439.0559404971746
nag,50,0.3713998663269518,0.3413045553209402,371.39986632695184,2296,2296,4592,0.1617595236615644,766,0.766,6,0.3159688652533746,923.9072032268016
nag,50,0.3899461842220128,0.35588456122656575,389.94618422201285,2301,2301,4602,0.16946813742808034,812,0.812,6,0.3802971015182734,933.9587771980454
nag,50,0.39554746603297986,0.365677745049985,395.54746603297986,2305,2305,4610,0.1716041067388199,760,0.76,6,0.3712638222508275,829.4207090556686
nag,50,0.6068465842443433,0.5575388360352009,606.8465842443434,3703,3703,7406,0.16387971489180214,2092,2.092,6,0.5001248286379877,1982.5147772283976
nag,50,0.6839063399782024,0.6102790902258024,683.9063399782024,4063,4062,8125,0.16836689807439742,2536,2.536,6,0.6059634531691884,2438.1676230139965
nag,50,0.14521979524583511,0.13080850928412063,145.21979524583512,898,898,1796,0.1617146940376783,100,0.1,6,0.13566549023135527,111.44387016735897
nag,50,0.3625511963151655,0.33779092562191326,362.5511963151655,2190,2190,4380,0.1655484914681121,785,0.785,6,0.34621661843775964,601.1946342002589
nag,50,0.15482161441053727,0.143865398098708,154.82161441053728,923,923,1846,0.16773739372755936,99,0.099,6,0.09488063662794605,100.27401781459275
nag,50,0.43675484618345617,0.41134485336868126,436.75484618345615,2699,2699,5398,0.16182098784122126,990,0.99,6,0.38990936890844013,1106.7219623757912
nag,50,0.374145524622354,0.34611239150796225,374.145524622354,2321,2320,4641,0.16126962268204914,810,0.81,6,0.31655696136034783,843.6582047625691
nag,50,0.4346882251764273,0.4059431528258008,434.6882251764273,2702,2702,5404,0.16087647119778953,1079,1.079,6,0.3009452139928517,1153.1014682810169
nag,50,0.2942274401476893,0.276286645759747,294.2274401476893,1825,1825,3650,0.16122051514941882,473,0.473,6,0.21365037757403635,437.51975554104587
nag,50,0.23555975794546904,0.21712646844758676,235.55975794546904,1369,1368,2737,0.17219280551569374,237,0.237,6,0.27736747328090566,199.87372228872593
nag,50,0.23042448753674696,0.21270882845528674,230.42448753674697,1361,1361,2722,0.16930528107035045,255,0.255,6,0.19112281979228726,230.8279048150993
nag,50,0.5510573990503362,0.4937307153181545,551.0573990503362,3296,3295,6591,0.16724048529600494,1553,1.553,6,0.4274378276808356,1465.6638204515402
nag,50,0.5566044716302575,0.5000817995220956,556.6044716302575,3303,3303,6606,0.16851482640940282,1696,1.696,6,0.5614010693026038,1671.4593954425482
nag,50,0.29691821381185773,0.2716539432559598,296.91821381185775,1816,1816,3632,0.16350121905939305,439,0.439,6,0.2520806288067181,477.7935240316212
nag,50,0.7489918013183761,0.6897011285827322,748.991801318376,4524,4524,9048,0.16555963778036606,3066,3.066,6,0.5480490611262269,2599.490038924588
nag,50,0.3815914882163612,0.34057661181603044,381.5914882163612,2273,2273,4546,0.16788010920209467,710,0.71,6,0.41692763599268695,507.9400931407452
nag,50,0.07698040519934016,0.07105442241468556,76.98040519934015,455,455,910,0.16918770373481354,18,0.018,6,0.07873896820329308,19.134399556238535
nag,50,0.3843817995701882,0.35088858561664893,384.3817995701882,2304,2304,4608,0.16683237828567196,757,0.757,6,0.2707710111402397,820.195715586719
nag,50,0.7709176318998072,0.7039080274985725,770.9176318998072,4606,4605,9211,0.16740882343101135,3162,3.162,6,0.7397745871025798,4400.920294743053
nag,50,0.0794237733798507,0.07311563760195681,79.4237733798507,461,461,922,0.17228584247256118,22,0.022,6,0.04771638972718747,15.830097558017641
nag,50,0.29924371565489416,0.27717784902400167,299.2437156548942,1833,1833,3666,0.16325352736218995,478,0.478,6,0.2912515504536885,494.43353424000685
nag,50,0.0,0.0,0.0,0,0,0,,0,0.0,6,0.0,0.0
nag,50,0.08151154608544842,0.07486741394020824,81.51154608544842,489,489,978,0.16669027829335054,25,0.025,6,0.08317289472967644,22.279947314905073
nag,50,0.538902251125849,0.4935108991747944,538.902251125849,3217,3217,6434,0.16751701931173424,1603,1.603,6,0.5682687663403674,1643.2507557955792
nag,50,0.28691891923035057,0.2730605668308051,286.9189192303506,1816,1815,3631,0.15808204916272758,447,0.447,6,0.3016430240005213,400.59991983462027
nag,50,0.22544334241604208,0.21028899728367667,225.44334241604207,1342,1341,2683,0.16811584072784644,241,0.241,6,0.25126867170896483,279.99992998357334
nag,50,0.3195739104130261,0.295412176798272,319.57391041302606,1817,1817,3634,0.17587997270942546,475,0.475,6,0.2865040446144586,536.0856380846174
nag,50,0.3067961226635387,0.28357681532135665,306.79612266353865,1843,1843,3686,0.1664656118630161,498,0.498,6,0.1838147346454176,450.2719931512947
nag,50,0.5458462573529185,0.4974735177129222,545.8462573529184,3274,3273,6547,0.16677245870849935,1608,1.608,6,0.5628532793139561,1275.9274362954436
nag,50,0.5543530230072027,0.503869501496322,554.3530230072026,3216,3216,6432,0.17237345242761276,1680,1.68,6,0.547950581321333,1588.3450098698424
nag,50,0.15155666235311754,0.1383577618762741,151.55666235311753,939,939,1878,0.16140219632919864,130,0.13,6,0.13549618194317306,135.14540468765804
nag,50,0.5990337112110158,0.5448908797629566,599.0337112110158,3603,3603,7206,0.16625970336136991,1908,1.908,6,0.4147842789908546,1675.8484953210752
nag,50,0.3686841113930556,0.33806309021460995,368.6841113930556,2271,2269,4540,0.16248748849407477,647,0.647,6,0.29917493927419514,724.0173950639089
nag,50,0.5346065006985135,0.5062158725620098,534.6065006985134,3223,3223,6446,0.1658723241385397,1576,1.576,6,0.4239573376750778,1397.409473515494
nag,50,0.3120983402916976,0.28860334817235844,312.0983402916976,1851,1851,3702,0.1686106646632618,442,0.442,6,0.2896440058003314,425.2321783444669
nag,50,0.37682481072841195,0.347161538032669,376.82481072841193,2234,2234,4468,0.16867717579606623,773,0.773,6,0.3143874451396714,678.6803615928909
nag,50,0.0,0.0,0.0,0,0,0,,0,0.0,6,0.0,0.0
nag,50,0.15974140075583274,0.1468320853013881,159.74140075583273,966,966,1932,0.16536376889837756,91,0.091,6,0.16557966600339175,89.10187245222636
nag,50,0.38497118730713864,0.3595670669133166,384.9711873071386,2354,2354,4708,0.16353916198264173,841,0.841,6,0.29609914845593593,948.0482603626269
nag,50,0.23320097326149136,0.21607360188027963,233.20097326149136,1370,1370,2740,0.17021968851203748,233,0.233,6,0.1574608861538535,237.5517934960701
nag,50,0.2545317955847593,0.23298585309395917,254.53179558475932,1438,1438,2876,0.1770040303092902,348,0.348,6,0.2553453608193541,405.3236194471558
nag,50,0.4377861432135423,0.4002566895000617,437.7861432135423,2703,2703,5406,0.16196305705273484,972,0.972,6,0.3611110952877861,701.3220032550212
nag,50,0.602346935621699,0.5526640171943398,602.346935621699,3586,3584,7170,0.16806555123373298,1959,1.959,6,0.5366831695821007,1716.1374494844817
nag,50,0.6639283789015733,0.6081651965398419,663.9283789015733,4038,4037,8075,0.16446083202912393,2498,2.498,6,0.4357635361943529,2279.3576023336004
nag,50,0.2336369265597358,0.217664667651134,233.6369265597358,1424,1424,2848,0.16407087539307288,252,0.252,6,0.22434464490566555,165.11724146744066
nag,50,0.6102955610682806,0.5644285975356987,610.2955610682807,3626,3626,7252,0.1683109655455821,2064,2.064,6,0.665676393166013,1982.9283785706243
nag,50,0.6910810964097472,0.6215721352483758,691.0810964097473,4166,4166,8332,0.1658860048991232,2694,2.694,6,0.6911561324705942,2478.1647143431974
nag,50,0.3681456270793267,0.34009067635954987,368.1456270793267,2255,2255,4510,0.16325748429238435,765,0.765,6,0.3769099324828975,751.5906492214878
nag,50,0.3101573425196259,0.28679751172385043,310.1573425196259,1869,1869,3738,0.1659482838521273,463,0.463,6,0.3509308282433247,478.1375467753512
nag,50,0.2380154997590119,0.21633008378142318,238.0154997590119,1323,1323,2646,0.1799058955094572,272,0.272,6,0.20633379980846975,196.82212825648196
nag,50,0.700677229603915,0.651747488153746,700.677229603915,4155,4154,8309,0.1686753080413854,2612,2.612,6,0.6876281179595171,2488.5391153932283
nag,50,0.4600729308199281,0.41883958365907903,460.0729308199281,2758,2758,5516,0.1668139705656012,1119,1.119,6,0.3636036289197446,1220.3895214281663
nag,50,0.0,0.0,0.0,0,0,0,,0,0.0,6,0.0,0.0
nag,50,0.6218725257564658,0.5580285687669417,621.8725257564657,3718,3718,7436,0.16725995851438025,2116,2.116,6,0.5868966883070584,2129.8176686833417
nag,50,0.300622655177463,0.2698236035627696,300.622655177463,1828,1828,3656,0.16445440655222265,472,0.472,6,0.24907075233574555,455.63336043009747
nag,50,0.15429498076168907,0.14193447255768604,154.29498076168906,933,933,1866,0.16537511335657992,121,0.121,6,0.1557147152454642,122.71159955857722
nag,50,0.3224649147938386,0.2984942909897243,322.4649147938386,1905,1905,3810,0.16927292115162132,589,0.589,6,0.2667063614791594,567.6608082802019
nag,50,0.07928993468533023,0.07300304094292628,79.28993468533022,450,450,900,0.1761998548562894,11,0.011,6,0.08929034574211034,10.966994284202729
nag,50,0.46481682099792815,0.41900773437743394,464.8168209979282,2771,2769,5540,0.1678645074026465,1124,1.124,6,0.3603785691204232,1057.6648500449305
nag,50,0.3860133336857127,0.3518128103393343,386.0133336857127,2328,2328,4656,0.16581328766568415,766,0.766,6,0.3765527471899785,910.0066964597985
nag,50,0.2330611433600902,0.2124477912900006,233.0611433600902,1444,1444,2888,0.16139968376737548,283,0.283,6,0.23865810024952944,193.42424177486092
nag,50,0.37251738809909446,0.33242945963436005,372.51738809909443,2335,2335,4670,0.15953635464629312,690,0.69,6,0.30373926115895133,659.146985893484
nag,50,0.23663883818942674,0.21737137955328528,236.63883818942674,1422,1422,2844,0.16641268508398505,284,0.284,6,0.1726068341832084,281.9972444160601
nag,50,0.5277987890024974,0.48184322535687035,527.7987890024974,3179,3179,6358,0.16602667159562673,1466,1.466,6,0.5659007558858065,1030.5358002602638
nag,50,0.3773578234600932,0.3524782231436626,377.35782346009324,2298,2298,4596,0.1642114114273687,718,0.718,6,0.33291793955687765,701.8836949372077
nag,50,0.23064153811108765,0.20700912924270667,230.64153811108764,1400,1399,2799,0.16486171416089182,252,0.252,6,0.20327525285756273,230.46991188655107
nag,50,0.30208092908630124,0.2747826471885779,302.08092908630124,1754,1753,3507,0.17232226416788435,484,0.484,6,0.30166060240029674,427.72341140326745
nag,50,0.37546507714448046,0.3390739561142077,375.46507714448046,2216,2214,4430,0.16958675571114745,719,0.719,6,0.29736080745065047,667.3280504626277
nag,50,0.29846936274249414,0.2765806498419981,298.4693627424941,1786,1786,3572,0.16711610455906725,428,0.428,6,0.3294656321575621,414.56786076901295
nag,50,0.2944809461407116,0.26932888774474406,294.4809461407116,1818,1818,3636,0.16198071844923628,488,0.488,6,0.22663372144001206,575.5408975857598
nag,50,0.15938075505499807,0.1473943680767717,159.38075505499808,949,949,1898,0.1679460011116945,104,0.104,6,0.10915878186226405,83.05714665830907
nag,50,0.38336523668295797,0.3552519156560414,383.36523668295797,2321,2321,4642,0.16517244148339422,800,0.8,6,0.33906374175716764,894.9154339591212
nag,50,0.39218804486271247,0.36566952759784005,392.18804486271245,2328,2327,4655,0.16853805107980768,780,0.78,6,0.44645269224312345,781.0482994212426
nag,50,0.390733354320103,0.36693071186928783,390.733354320103,2349,2349,4698,0.1663402955811422,788,0.788,6,0.43995718735242023,924.1687206565738
nag,50,0.16192110242553706,0.14880792034438184,161.92110242553707,931,931,1862,0.17392169970519555,97,0.097,6,0.16928931571045586,105.5013053760284
nag,50,0.39169071831978736,0.3519528229104044,391.6907183197874,2314,2314,4628,0.1692699733447655,807,0.807,6,0.27653158874768613,773.0597375079722
nag,50,0.230518569226968,0.2138245964298514,230.518569226968,1335,1335,2670,0.1726730855632719,256,0.256,6,0.13777630302455024,253.7970936949474
nag,50,0.3733569759149798,0.34517222386114416,373.3569759149798,2279,2278,4557,0.16389682875986822,748,0.748,6,0.38791297521360324,685.2116465044273
nag,50,0.2260121737445338,0.20617244501165805,226.0121737445338,1300,1300,2600,0.17385551826502602,243,0.243,6,0.23092208158382135,234.1241411153622
nag,50,0.45866742827607515,0.4207742604453736,458.66742827607516,2814,2813,5627,0.16305276511769468,1115,1.115,6,0.33037023748569255,915.5181995043201
nag,50,0.38024020881260995,0.34796535372773524,380.2402088126099,2357,2357,4714,0.16132380518142125,798,0.798,6,0.35226620096439604,797.9926933262796
nag,50,0.4634139832084029,0.422143503670016,463.4139832084029,2799,2799,5598,0.16556412404730364,1202,1.202,6,0.37108113007158705,942.8427515347789
nag,50,0.5284998928255205,0.4681019473618951,528.4998928255204,3255,3255,6510,0.16236555847174206,1631,1.631,6,0.5090319896101101,1257.0681825854133
nag,50,0.22370321556711878,0.20484230674933587,223.70321556711878,1397,1397,2794,0.16013114929643435,252,0.252,6,0.18333217112070077,267.21415373450355
nag,50,0.31978097811828776,0.29222812058846376,319.78097811828775,1861,1861,3722,0.1718328737873658,522,0.522,6,0.2718080620629081,412.6941698068829
nag,50,0.4530706353891552,0.4155256545185387,453.0706353891552,2735,2733,5468,0.16577776633339011,1045,1.045,6,0.45383543177304797,897.5816244970455
nag,50,0.45678025986477166,0.42736193466965766,456.78025986477166,2725,2725,5450,0.16762578343661347,1112,1.112,6,0.4850354222591211,1291.519318594799
nag,50,0.3044624320068507,0.27922006266754534,304.4624320068507,1803,1803,3606,0.16886435496774857,469,0.469,6,0.32739791301175963,338.496589632513
nag,50,0.13917770066368063,0.12903130250665423,139.17770066368064,864,864,1728,0.1610853016940748,88,0.088,6,0.13007442468852076,95.54215854004923
nag,50,0.46441244220697214,0.41644356538829025,464.4124422069721,2704,2703,5407,0.1718137041091277,1206,1.206,6,0.41800320563278986,1079.1733289592894
nag,50,0.3911657221064653,0.35382437607643624,391.1657221064653,2320,2320,4640,0.16860591470106262,739,0.739,6,0.34114323226835236,898.2908789737488
nag,50,0.08795885480399056,0.08022209466556107,87.95885480399056,500,500,1000,0.17591770960798112,35,0.035,6,0.08794130654081837,33.425533353304694
nag,50,0.3045326443680788,0.2830450613680921,304.5326443680788,1849,1849,3698,0.16470126791134604,481,0.481,6,0.27468269565465747,660.3132359639889
nag,50,0.674734097527236,0.6166200341649264,674.734097527236,4097,4095,8192,0.16477023138638242,2691,2.691,6,0.5676984761748406,3327.0757472866153
nag,50,0.5200698064565065,0.46621433791008304,520.0698064565065,3213,3212,6425,0.16191463463776665,1395,1.395,6,0.4132414213263465,1520.6203757274513
nag,50,0.24356139615511982,0.22317047969582893,243.5613961551198,1424,1424,2848,0.17104030628870773,271,0.271,6,0.19786812588718858,257.534714722403
nag,50,0.14859600581959576,0.13701138214134856,148.59600581959575,905,905,1810,0.16419448156861408,85,0.085,6,0.16107540314199725,93.11534224137459
nag,50,0.14981443639117747,0.13985610306169657,149.81443639117748,932,932,1864,0.16074510342401016,120,0.12,6,0.13432490602621697,142.39463866017792
nag,50,0.30620249609794575,0.2835017060930178,306.20249609794575,1838,1838,3676,0.16659548209899117,464,0.464,6,0.2557209062024984,346.00559505712283
nag,50,0.5139677735475534,0.48904090624845886,513.9677735475534,3138,3138,6276,0.16378832809036117,1420,1.42,6,0.4140421482732921,1272.959537434628
nag,50,0.2935744397375488,0.27046944903393366,293.5744397375488,1797,1797,3594,0.16336919295356084,505,0.505,6,0.3665725462456751,479.8818660004531
nag,50,0.551864812869117,0.5134466616015692,551.864812869117,3168,3167,6335,0.17425475619485856,1508,1.508,6,0.5631015572181957,1368.3111523097743
nag,50,0.2432372759805053,0.22302417217583562,243.2372759805053,1429,1429,2858,0.17021502867775037,308,0.308,6,0.22169795832314712,302.9342889919139
nag,50,0.3891191051578877,0.35062001020071387,389.1191051578877,2330,2330,4660,0.16700390779308485,840,0.84,6,0.3698640712259468,929.0398017084698
nag,50,0.5242170131079713,0.4874389408377788,524.2170131079713,3218,3218,6436,0.16290149568302403,1537,1.537,6,0.49541582071286805,1574.7034682797166
nag,50,0.2897423150954344,0.27377076479904894,289.74231509543444,1765,1765,3530,0.16415995189543028,406,0.406,6,0.20286403348248894,460.0017560976687
nag,50,0.5348272467379518,0.4762104806790967,534.8272467379518,3150,3149,6299,0.16984034510573254,1466,1.466,6,0.6140081372227809,1399.9671047072184
nag,50,0.38380782304050065,0.3506988720259756,383.80782304050064,2275,2275,4550,0.16870673540241787,694,0.694,6,0.2494741021231021,763.1358922279708
nag,50,0.5420559466093094,0.5060467438903916,542.0559466093094,3263,3263,6526,0.16612195728143103,1605,1.605,6,0.5831414471947624,1523.8295197349362
nag,50,0.6843316642772672,0.6059924413424542,684.3316642772672,4145,4144,8289,0.16513794987385794,2589,2.589,6,0.6340471382382941,2487.2618945574914
nag,50,0.5334546702747159,0.4992226301431901,533.4546702747159,3153,3152,6305,0.16924323295517638,1592,1.592,6,0.3685634698089227,1222.8553619898303
nag,50,0.22366651479909247,0.20446420062376122,223.66651479909248,1357,1357,2714,0.16482425556307478,245,0.245,6,0.19857612752660683,230.04997296273237
nag,50,0.40009896370920617,0.3614911200581239,400.09896370920615,2346,2345,4691,0.1706178949719429,849,0.849,6,0.3799085753510103,983.2790215435541
nag,50,0.31084704911779626,0.280663610058389,310.84704911779625,1869,1869,3738,0.16631730824922217,444,0.444,6,0.34631709272485944,376.21581017856596
nag,50,0.3868557526481361,0.3467620428210764,386.8557526481361,2280,2279,4559,0.1697480266117315,746,0.746,6,0.3955347603152371,851.895064260749
nag,50,0.07632812845606497,0.0705021452624594,76.32812845606497,467,467,934,0.16344352988450744,17,0.017,6,0.08023609163609009,13.507426269108675
nag,50,0.1465312772288413,0.13588973749712271,146.5312772288413,917,917,1834,0.15979419545129914,108,0.108,6,0.12588978385999666,102.95093344888699
nag,50,0.1601596136112504,0.14453389221023427,160.1596136112504,933,933,1866,0.171660893474009,88,0.088,6,0.15015138817159154,89.24800466636023
nag,50,0.23138488724552983,0.21523568341534188,231.38488724552982,1357,1357,2714,0.17051207608366237,238,0.238,6,0.21069004503150934,225.56641805209088
nag,50,0.4824897144062878,0.45017189128882773,482.4897144062878,2799,2798,5597,0.17244092723598564,1222,1.222,6,0.39584518159586846,873.1825807263376
nag,50,0.4561213531527556,0.4110712676499857,456.1213531527556,2748,2748,5496,0.1659830251647582,1134,1.134,6,0.3826665786013109,776.4800485380724
nag,50,0.15974697870936058,0.14530410683487316,159.74697870936058,921,921,1842,0.17344948828377912,109,0.109,6,0.16626890018693558,92.25893361987363
nag,50,0.6605273502347905,0.6126567304800397,660.5273502347904,4069,4069,8138,0.16233161716264205,2658,2.658,6,0.5082378061199657,2717.671842803983
nag,50,0.6949484871951096,0.6210229500667293,694.9484871951096,4140,4139,8279,0.16790250959050726,2623,2.623,6,0.6874058179495931,2706.736978634019
nag,50,0.3139834261169717,0.29169945146145804,313.9834261169717,1923,1922,3845,0.16336286478510495,587,0.587,6,0.34958207624988286,524.8213724956779
nag,50,0.23685304634810228,0.22089846155322737,236.85304634810228,1375,1374,2749,0.1723821298021123,279,0.279,6,0.2048565657187491,283.2990692185656
nag,50,0.07793170366688845,0.07185835323046473,77.93170366688845,469,469,938,0.16616567946031652,24,0.024,6,0.06014617023335224,29.13477934007077
nag,50,0.4548921766650408,0.42101983302736007,454.8921766650408,2748,2748,5496,0.1655357265884428,1258,1.258,6,0.39818722414346697,1606.9318646284885
nag,50,0.4540919813749729,0.4187988564716869,454.09198137497293,2762,2762,5524,0.1644069447411198,1130,1.13,6,0.3791015446153859,1180.2481518771856
nag,50,0.2941226028909214,0.2678463064894296,294.1226028909214,1862,1861,3723,0.15804546098383743,449,0.449,6,0.30031725871966336,356.89612821612207
nag,50,0.5307148427574195,0.501310640767849,530.7148427574195,3200,3200,6400,0.1658483883616936,1641,1.641,6,0.5502756530611718,1140.3618984191546
nag,50,0.3027550063033574,0.27714001419367795,302.7550063033574,1805,1805,3610,0.16773130543122294,526,0.526,6,0.2676481874097093,535.0857600512404
nag,50,0.24547042767587804,0.22871235879253926,245.47042767587803,1397,1397,2794,0.17571254665417183,316,0.316,6,0.22618647128779965,380.8497175687812
nag,50,0.36880524931131403,0.3383057879604426,368.805249311314,2269,2268,4537,0.1626125437880573,757,0.757,6,0.4098054371501982,645.7311488156314
nag,50,0.3055146669776678,0.2762855724232353,305.51466697766784,1878,1878,3756,0.1626808663352864,472,0.472,6,0.30253438776363334,439.71818317865643
nag,50,0.22347972249052891,0.21026590730183445,223.47972249052893,1356,1356,2712,0.16480805493401837,243,0.243,6,0.24953911079985366,211.98401590931806
nag,50,0.3787676302231872,0.35034179629450124,378.7676302231872,2332,2332,4664,0.16242179683670122,815,0.815,6,0.4033423156525635,974.7524145987834
nag,50,0.4030918017224988,0.37000982007272065,403.0918017224988,2405,2404,4809,0.16767545828722913,811,0.811,6,0.2411538198452955,822.197173412821
nag,50,0.1509194185174905,0.13755939194489536,150.9194185174905,909,908,1817,0.16621081334525387,98,0.098,6,0.13764899440762735,96.98114830332676
nag,50,0.5511898945169881,0.5062395293476626,551.189894516988,3243,3243,6486,0.1699629646984237,1642,1.642,6,0.47511929706071093,1843.2539490628142
nag,50,0.3172150925400829,0.2900507585084117,317.2150925400829,1928,1928,3856,0.16453064965771932,481,0.481,6,0.28203197588284223,548.5031274056686
nag,50,0.4645710231344762,0.42626424637868915,464.5710231344762,2781,2780,5561,0.16711187882535114,1240,1.24,6,0.39403547317772947,1231.4888148662455
nag,50,0.741811256456087,0.6537184668856973,741.811256456087,4423,4421,8844,0.16779263887267293,3027,3.027,6,0.7152499204227326,4103.305390830893
nag,50,0.1593212414376117,0.14328050724128485,159.3212414376117,939,939,1878,0.16967118363962908,112,0.112,6,0.1748305258603482,120.04400139301647
nag,50,0.39579012188812224,0.3575589427977318,395.79012188812226,2329,2329,4658,0.16993994069906496,805,0.805,6,0.38090319852805116,647.309001109215
nag,50,0.29615094052339724,0.27168118643415484,296.15094052339725,1810,1810,3620,0.16361930415657308,513,0.513,6,0.25487257019957926,575.1236895210267
nag,50,0.5945737757218041,0.5388929685525461,594.5737757218042,3658,3657,7315,0.1625851177800941,2003,2.003,6,0.49498702559728186,2130.4523272585325
nag,50,0.5258437243621925,0.4792612291468202,525.8437243621925,3192,3190,6382,0.1648412929035086,1511,1.511,6,0.5654134833054487,1395.0306751910152
nag,50,0.5338156089448332,0.4765151906813686,533.8156089448331,3250,3250,6500,0.16425095659841019,1496,1.496,6,0.41136225538383203,2008.5979660860273
nag,50,0.39667962472488877,0.36649922180089,396.67962472488875,2338,2336,4674,0.1698114831870243,848,0.848,6,0.4246075324761413,1004.6792308957824
nag,50,0.45289597326001046,0.4176086711102703,452.89597326001046,2767,2766,5533,0.1637367943817825,1117,1.117,6,0.48045110171022853,1314.7179216881261
nag,50,0.39091644430581124,0.35848942966930214,390.91644430581124,2294,2294,4588,0.17040821460584624,771,0.771,6,0.4250119329127925,858.4814641234844
nag,50,0.6205252528829781,0.5796660117575064,620.5252528829781,3622,3622,7244,0.17132116313721096,2156,2.156,6,0.701928266705724,2289.710335052902
nag,50,0.47750325271852956,0.43732022238516777,477.50325271852955,2773,2773,5546,0.17219735042139545,1130,1.13,6,0.49051261622927794,1091.5245739858474
nag,50,0.691124797044355,0.630885631422637,691.124797044355,4115,4115,8230,0.16795256307274725,2706,2.706,6,0.5509908987355571,2129.964018823514
nag,50,0.2292001171941013,0.20916871115915237,229.2001171941013,1391,1391,2782,0.16477362846448693,251,0.251,6,0.22325217972826134,319.4278433919415
nag,50,0.3854746939289069,0.3513420251488621,385.4746939289069,2260,2259,4519,0.17063952807831204,721,0.721,6,0.3269517514047996,629.4081715089164
nag,50,0.31291069715949293,0.2857120257006406,312.91069715949294,1858,1858,3716,0.16841264647981322,465,0.465,6,0.2916264950343046,422.78601512969874
nag,50,0.6210238466719136,0.5447291627322373,621.0238466719136,3668,3668,7336,0.1693085732475228,2027,2.027,6,0.5228373614835703,1627.8722826048959
nag,50,0.07378080676382376,0.06833719931710305,73.78080676382376,449,449,898,0.16432250949626673,14,0.014,6,0.06442291479282997,16.56727636460255
nag,50,0.07731972346930824,0.07134138383193793,77.31972346930824,466,466,932,0.16592215336761426,18,0.018,6,0.08744088083832079,19.495081799262856
nag,50,0.1463277644766293,0.14060042316086277,146.32776447662928,938,938,1876,0.15599974890898644,101,0.101,6,0.09582560835137473,99.48619470341157
nag,50,0.5948459195878805,0.5532981634891037,594.8459195878804,3660,3660,7320,0.16252620753767225,2118,2.118,6,0.5732134188991423,2537.779838744276
nag,50,0.39061618205278376,0.3506623219190001,390.61618205278376,2333,2332,4665,0.16750265096603076,754,0.754,6,0.3364008913691447,704.1394545861347
nag,50,0.21963610304439873,0.20592755828214257,219.63610304439874,1328,1327,2655,0.1655132652934429,270,0.27,6,0.2275346672139029,275.31324218313705
nag,50,0.4510679941156121,0.40809181770626685,451.0679941156121,2737,2737,5474,0.1648037976308411,982,0.982,6,0.5483139289279426,1293.9350522915386
nag,50,0.29434767489966274,0.2671760972286985,294.34767489966276,1771,1771,3542,0.16620422072256508,411,0.411,6,0.29918317160226965,413.13272813857355
nag,50,0.2213620613536066,0.20071050540582272,221.36206135360658,1334,1333,2667,0.16606306178065008,251,0.251,6,0.19848600008423317,297.8949447473541
nag,50,0.3855801443690054,0.3597377073389625,385.5801443690054,2306,2305,4611,0.1672798890971824,804,0.804,6,0.3663910623239811,806.1827552757708
nag,50,0.0,0.0,0.0,0,0,0,,0,0.0,6,0.0,0.0
nag,50,0.38127908854038933,0.3451187694693973,381.27908854038935,2280,2280,4560,0.16722767041245146,719,0.719,6,0.39875254972149526,782.3288697433492
nag,50,0.5181887512370821,0.47420179192577133,518.1887512370821,3136,3136,6272,0.16523875996080425,1526,1.526,6,0.38903687218207883,1664.1497010110463
nag,50,0.29926690187638894,0.27176109402226917,299.26690187638894,1760,1760,3520,0.17003801242976643,427,0.427,6,0.24973227387112618,477.85960338046476
nag,50,0.40256011679253983,0.3636443824495019,402.5601167925398,2350,2350,4700,0.17130217735852757,808,0.808,6,0.36238817878645246,814.8478228777213
nag,50,0.31027310648481543,0.2747430239965335,310.27310648481546,1921,1921,3842,0.16151645314149685,514,0.514,6,0.27899302735450376,484.71300706218216
nag,50,0.23576091456629628,0.22415322006390362,235.76091456629626,1454,1453,2907,0.1622580279189926,280,0.28,6,0.22859991657572995,257.2510126601554
nag,50,0.48271330189544165,0.4308765152056653,482.71330189544165,2857,2857,5714,0.168958103568583,1199,1.199,6,0.4222366378660436,1119.8224594197998
nag,50,0.15926588684091764,0.14481027351504105,159.26588684091763,893,893,1786,0.17834925738064683,127,0.127,6,0.14094112444233073,131.72580087433965
nag,50,0.32748175003231494,0.3060515343779856,327.48175003231495,1851,1851,3702,0.1769215289207536,522,0.522,6,0.3070291227993341,566.6399417095741
nag,50,0.6243282520577548,0.5738489711875938,624.3282520577548,3671,3670,7341,0.17011668993399312,2055,2.055,6,0.5556568603089361,2772.2300895432445
nag,50,0.31386145857490166,0.289215125748203,313.8614585749017,1921,1921,3842,0.1633844136256646,544,0.544,6,0.3145062495934217,621.5221772928812
nag,50,0.8164818222055231,0.7460751839051022,816.4818222055231,5026,5026,10052,0.16245161603770855,3927,3.927,6,0.7313212003270327,5296.874603743295
nag,50,0.14828010952623635,0.1383256026702124,148.28010952623634,898,898,1796,0.1651226163989269,89,0.089,6,0.11195365337085575,70.390536058905
nag,50,0.4582017643814974,0.42268439782034684,458.2017643814974,2764,2764,5528,0.16577487857507142,1144,1.144,6,0.3854480364515949,1366.8394475225539
nag,50,0.4789770572638272,0.4430022064808781,478.97705726382725,2779,2779,5558,0.17235590401721024,1125,1.125,6,0.35518854242104947,1034.8252591206124
nag,50,0.5367305342383272,0.5032539107263364,536.7305342383272,3203,3203,6406,0.1675711939551443,1710,1.71,6,0.5653530447060178,1687.3961232467868
nag,50,0.22802712106936932,0.2076061714043787,228.02712106936931,1384,1384,2768,0.1647594805414518,243,0.243,6,0.302529478439452,209.94272873342243
nag,50,0.3151273430169894,0.29521941726191053,315.1273430169894,1848,1847,3695,0.17061577856902513,460,0.46,6,0.28551595734574287,467.24573197828937
nag,50,0.5966669192726501,0.5621103575419254,596.6669192726501,3637,3637,7274,0.16405469322866378,2056,2.056,6,0.5459351814587248,1955.208919038602
nag,50,0.1532645820198901,0.1408197629473164,153.2645820198901,889,888,1777,0.17259525002239876,94,0.094,6,0.13061643746423962,101.73020766598118
nag,50,0.0,0.0,0.0,0,0,0,,0,0.0,6,0.0,0.0
nag,50,0.07707597057899093,0.07113526533829745,77.07597057899093,457,457,914,0.16865639076365632,20,0.02,6,0.07196702571583694,22.813423411435807
nag,50,0.3026300953020557,0.28557727133011707,302.6300953020557,1847,1847,3694,0.16384953725070692,512,0.512,6,0.31712998305275514,462.963344325638
nag,50,0.31882715722396315,0.2907158344858272,318.8271572239631,1873,1873,3746,0.17022272142229744,518,0.518,6,0.3194099294782386,607.3885690689322
nag,50,0.36051048012224524,0.32957142471310774,360.5104801222452,2171,2171,4342,0.1660573376887357,671,0.671,6,0.34452481193470397,636.3424788512594
nag,50,0.5319370844700966,0.4915844216223844,531.9370844700966,3135,3134,6269,0.16973104163053496,1628,1.628,6,0.38001177970723754,1842.5363967077399
nag,50,0.45498100524310453,0.4259880491306821,454.9810052431045,2755,2754,5509,0.16520733668958043,1348,1.348,6,0.4936412224371296,1381.0212038399193
nag,50,0.8123145721519273,0.7377564251997183,812.3145721519272,4882,4880,9762,0.1664579041294933,3625,3.625,6,0.5566077810123224,3537.463310408844
nag,50,0.5932884833768344,0.5294939534097746,593.2884833768344,3547,3546,7093,0.16731203704930467,1828,1.828,6,0.4210434888044403,2155.4115151708797
nag,50,0.39703346615236773,0.3617869856340511,397.03346615236774,2339,2339,4678,0.16974496201469336,728,0.728,6,0.3197328075841642,705.5921165198981
nag,50,0.38104497815659155,0.35112774425367443,381.0449781565915,2266,2266,4532,0.16815753669752495,744,0.744,6,0.4073875869619889,600.8410956966968
nag,50,0.4680561249307682,0.4307451924564771,468.0561249307682,2788,2788,5576,0.16788239775135158,1187,1.187,6,0.5571697346380368,1463.7480734826881
nag,50,0.16290809438685852,0.14851617083808158,162.90809438685852,935,935,1870,0.1742332560287257,99,0.099,6,0.09554369880370198,97.73366297087976
nag,50,0.45152081421685536,0.4146590313878552,451.52081421685534,2785,2785,5570,0.16212596560748846,1122,1.122,6,0.3738493355870288,1099.2734342492372
nag,50,0.14900681052065629,0.13534005175964006,149.00681052065627,896,896,1792,0.16630224388466103,80,0.08,6,0.10448517887076433,78.60182795571033
nag,50,0.6040249955905358,0.5475849451945932,604.0249955905358,3653,3653,7306,0.16535039572694657,1914,1.914,6,0.5969380575047061,1746.885525444908
nag,50,0.21578406702802205,0.20093774712873838,215.78406702802206,1362,1362,2724,0.1584317672746124,239,0.239,6,0.22898482832571496,303.50934297313796
nag,50,0.1590348119310953,0.14661007306827198,159.0348119310953,933,933,1866,0.17045531825412144,119,0.119,6,0.13752438647293302,121.81667624942322
nag,50,0.3712887877048295,0.33735518810892073,371.2887877048295,2287,2287,4574,0.16234752413853498,751,0.751,6,0.32034475744061763,973.201226008446
nag,50,0.4537443951121467,0.4253051345524536,453.7443951121467,2675,2674,5349,0.16968750752137124,1099,1.099,6,0.3775920851878845,1114.5119209820405
nag,50,0.3085578945969828,0.27968779730220944,308.5578945969828,1856,1856,3712,0.16624886562337435,428,0.428,6,0.271711437937555,324.05733567078994
nag,50,0.37790701851964514,0.34223032605581644,377.90701851964513,2317,2315,4632,0.16324277257868042,748,0.748,6,0.40340127992391644,910.3912619682455
nag,50,0.3335555977610346,0.3075674144294063,333.5555977610346,1910,1910,3820,0.17463643861834274,528,0.528,6,0.3284125803338838,396.75229281500106
nag,50,0.6813463582159884,0.6118327149858926,681.3463582159884,4131,4131,8262,0.16493496930912332,2613,2.613,6,0.41822327398978604,3092.4372141152717
nag,50,0.3108556548949808,0.28103267333564785,310.8556548949808,1893,1893,3786,0.16421323554938233,464,0.464,6,0.24659683168954125,517.0138171606402
nag,50,0.5363651979658203,0.48858679231845475,536.3651979658202,3155,3155,6310,0.17000481710485585,1448,1.448,6,0.34598680023921596,1465.6193008195303
nag,50,0.5395850226584483,0.4936990265683478,539.5850226584483,3266,3264,6530,0.16531403880467166,1683,1.683,6,0.5605448092603537,1700.054955623599
nag,50,0.2976693567177243,0.2742754481208339,297.6693567177243,1822,1822,3644,0.16337505857174772,482,0.482,6,0.33806506410048154,537.8790445969754
nag,50,0.550637863343275,0.49558459994881116,550.6378633432751,3265,3262,6527,0.1688037594553265,1629,1.629,6,0.5574254570506691,1469.895890844209
nag,50,0.22339819122363627,0.20731025608423923,223.39819122363627,1351,1351,2702,0.16535765449565973,308,0.308,6,0.2209587413104495,354.39816151752206
nag,50,0.3937191183125762,0.36637392426846543,393.7191183125762,2357,2356,4713,0.1671133778915858,834,0.834,6,0.38797059321155447,843.1587640899905
nag,50,0.5428613936239095,0.4990718686653742,542.8613936239095,3244,3244,6488,0.1673432162835726,1589,1.589,6,0.324972083539658,1933.6105181454393
nag,50,0.3087378050442308,0.28220256253288417,308.7378050442308,1848,1848,3696,0.16706591182047123,507,0.507,6,0.30402030018386794,425.67797644685686
nag,50,0.2967792500532854,0.2730629246564775,296.7792500532854,1800,1800,3600,0.1648773611407141,426,0.426,6,0.28001302312065823,357.8989634420102
nag,50,0.3845789027201733,0.35114265323612504,384.5789027201733,2299,2299,4598,0.167280949421563,742,0.742,6,0.3495586732126517,749.3334111041233
nag,50,0.4506567450855981,0.4235949433531244,450.6567450855981,2752,2752,5504,0.16375608469680164,1120,1.12,6,0.3299054708657415,1108.015013084732
nag,50,0.3051092294331763,0.27693362070316674,305.1092294331763,1878,1876,3754,0.16263818200062705,482,0.482,6,0.28733783276213776,400.7284775686409
nag,50,0.5478905637012913,0.4988101233250477,547.8905637012913,3216,3216,6432,0.17036398125040153,1761,1.761,6,0.5001238740314545,1418.426302306192
nag,50,0.46001603330200674,0.4103871420530989,460.01603330200675,2820,2817,5637,0.16329997632304108,1164,1.164,6,0.4856628964855931,1015.5650093786529
nag,50,0.23324037088769262,0.21648030465659532,233.24037088769262,1354,1354,2708,0.17226024437791182,249,0.249,6,0.16313401109360953,227.06367582876186
nag,50,0.0774411640670813,0.0714440301750167,77.4411640670813,445,445,890,0.17402508779119394,19,0.019,6,0.07771619369477357,20.659633528139068
nag,50,0.4597502990326079,0.4151214846887736,459.75029903260787,2771,2771,5542,0.1659149401055965,1246,1.246,6,0.3531721342068293,1591.0029688642067
nag,50,0.22474266286853403,0.21129662621996242,224.74266286853404,1330,1330,2660,0.16897944576581506,277,0.277,6,0.2525941877440097,325.71278561313875
nag,50,0.39387977096460636,0.36876028910494424,393.87977096460634,2352,2351,4703,0.167537120784605,902,0.902,6,0.3584930945264492,1070.76421540551
nag,50,0.24540858889617329,0.22577987757729231,245.40858889617328,1433,1432,2865,0.17137471291632211,340,0.34,6,0.2159673432922341,377.1094393903448
nag,50,0.36310286298388994,0.33674012831804073,363.10286298388996,2281,2281,4562,0.1591858233160412,761,0.761,6,0.38156148048573435,758.3098188050146
nag,50,0.4741726231276245,0.4412904527041097,474.1726231276245,2778,2778,5556,0.17068848924680508,1193,1.193,6,0.4489088460411327,1026.1347055831068
nag,50,0.3018701014859747,0.27280975334432445,301.8701014859747,1817,1816,3633,0.16622802945262924,433,0.433,6,0.32773463193784863,528.4527557991032
nag,50,0.6172927758033968,0.5743663529906862,617.2927758033968,3670,3669,7339,0.16824550989462983,2143,2.143,6,0.4940712342261727,2416.2138807875394
nag,50,0.2304907288961535,0.21051781473030354,230.49072889615348,1352,1352,2704,0.1704813083551431,243,0.243,6,0.2254689732616029,282.5563784970771
nag,50,0.3654766288673359,0.3376379765703783,365.4766288673359,2259,2259,4518,0.16178690963582817,729,0.729,6,0.24272715323360777,798.206854867769
nag,50,0.21113299284284476,0.19951212838668547,211.13299284284477,1312,1311,2623,0.16104728668409213,193,0.193,6,0.16554459281238215,185.10026666238494
nag,50,0.6717276540808198,0.6272458628783865,671.7276540808198,4017,4016,8033,0.16726286207191726,2455,2.455,6,0.7515306317856071,2229.2423932058236
nag,50,0.15961937766751394,0.14619147331707427,159.61937766751393,946,946,1892,0.16873084320033185,121,0.121,6,0.12057489926016175,132.92832213376718
nag,50,0.39596641123245774,0.36292369642999156,395.96641123245774,2355,2353,4708,0.16828151773585115,891,0.891,6,0.39893169203522716,752.1795325741581
nag,50,0.4540377252146079,0.410761406493516,454.0377252146079,2729,2728,5457,0.16643611628101462,1078,1.078,6,0.3537793695600961,1097.222707961657
nag,50,0.37446274254773715,0.34089308958966374,374.46274254773715,2282,2282,4564,0.1640941027816552,751,0.751,6,0.3142035490897985,860.0611510463033
nag,50,0.3042263322175563,0.29083514587441767,304.2263322175563,1797,1797,3594,0.16929679032696512,460,0.46,6,0.2970969828831929,572.2474169162903
nag,50,0.29878802918514974,0.26990660918100945,298.78802918514975,1770,1770,3540,0.16880679614980212,485,0.485,6,0.282287506454391,458.962944189448
nag,50,0.5269078032076839,0.47253369216417446,526.907803207684,3189,3188,6377,0.1652784828129498,1588,1.588,6,0.5665768997028262,1090.3785182984493
nag,50,0.28352538858795273,0.2586444082766846,283.5253885879527,1775,1775,3550,0.15973261328898744,379,0.379,6,0.2667559794049238,375.08480243056147
nag,50,0.3089530005819426,0.27306525798955694,308.9530005819426,1847,1846,3693,0.16736348893929717,435,0.435,6,0.30070443977007716,401.41523748300017
nag,50,0.32394475320049965,0.2946286184538274,323.94475320049963,1863,1862,3725,0.17397677400671302,544,0.544,6,0.3395654283152323,555.9329455797938
nag,50,0.6781999073955169,0.6150499987286281,678.1999073955169,4071,4071,8142,0.1665929519517359,2463,2.463,6,0.5668124357023473,2430.4848702126283
nag,50,0.45366153546261956,0.41892659716954167,453.66153546261955,2721,2720,5441,0.16678732921419837,1067,1.067,6,0.5288483929375618,967.837191040271
nag,50,0.6644934355795652,0.6116044494784832,664.4934355795652,4087,4086,8173,0.1626268809543723,2493,2.493,6,0.5937743641075581,2402.9923705796305
nag,50,0.45217179538888935,0.42373406471973135,452.17179538888934,2713,2712,5425,0.16673001304900048,1049,1.049,6,0.5011281271045346,1073.2963193206779
nag,50,0.3915210000697504,0.3521899723449506,391.52100006975036,2312,2311,4623,0.1694162700431633,794,0.794,6,0.3013114430796555,729.336568454979
nag,50,0.46099864278530983,0.4353707222577864,460.9986427853098,2803,2803,5606,0.16446615868188005,1204,1.204,6,0.36485704777694233,1108.2951240155196
nag,50,0.6210664009920783,0.5589253377127666,621.0664009920783,3665,3665,7330,0.16945877243985766,2067,2.067,6,0.43306231231673425,1918.679234807002
nag,50,0.2974481809768512,0.2678349638953558,297.44818097685123,1843,1842,3685,0.16148109716441436,441,0.441,6,0.25754635814845667,259.8217893157496
nag,50,0.476528593538426,0.4293546084479507,476.52859353842604,2832,2831,5663,0.1683251831644034,1269,1.269,6,0.433111026114247,1461.9562375370508
nag,50,0.07884152982765794,0.07262554300209245,78.84152982765794,453,453,906,0.1740431122023354,22,0.022,6,0.08093162649318378,16.914798683555357
nag,50,0.2879654904637348,0.26661197756677346,287.9654904637348,1784,1784,3568,0.1614156336680128,443,0.443,6,0.2741052675977069,495.68378223832224
nag,50,0.5590759660017067,0.5135032701343739,559.0759660017068,3293,3293,6586,0.1697770926212289,1644,1.644,6,0.343098269828989,1953.6985373540047
nag,50,0.22030033747665473,0.20146642991766217,220.30033747665473,1327,1327,2654,0.1660138187465371,260,0.26,6,0.23090280698413532,209.99458690920693
nag,50,0.39550146819587007,0.3687857018769178,395.5014681958701,2318,2318,4636,0.1706218585832054,815,0.815,6,0.3498315597819625,827.8703366677679
nag,50,0.29799883026668467,0.27961338772073074,297.99883026668465,1807,1806,3613,0.16500488940569472,419,0.419,6,0.19746477704847196,385.7752842297481
nag,50,0.38478297980507514,0.35395851136647105,384.7829798050751,2345,2345,4690,0.16408655855227083,783,0.783,6,0.39923065842285715,926.8970368453381
nag,50,0.3724078123062353,0.33801724594991356,372.4078123062353,2302,2302,4604,0.16177576555440282,779,0.779,6,0.3384868508462733,736.3692723804885
nag,50,0.5809056916325857,0.5414774516077673,580.9056916325857,3529,3529,7058,0.16460915036344168,1824,1.824,6,0.5051510662539135,1672.7741905759722
nag,50,0.23485127915312992,0.21653098755233183,234.85127915312992,1410,1410,2820,0.16656119088874463,294,0.294,6,0.22826533079387515,248.6821967213213
nag,50,0.3945062396413874,0.3626106339434228,394.5062396413874,2375,2375,4750,0.16610789037532103,832,0.832,6,0.28423944183811206,724.2258974180553
nag,50,0.2359937947459596,0.21743684436318814,235.9937947459596,1437,1437,2874,0.16422671868194824,275,0.275,6,0.1979377141686444,222.70089434895286
nag,50,0.5928204616317727,0.535993536367284,592.8204616317727,3735,3735,7470,0.15872033778628453,2012,2.012,6,0.5369158623342112,1746.119260945829
nag,50,0.5439747921572464,0.5130953351036478,543.9747921572464,3197,3197,6394,0.1701516397113689,1701,1.701,6,0.5538488269528381,1998.871890573211
nag,50,0.30823415523438596,0.28660317849746253,308.234155234386,1845,1845,3690,0.16706458278286504,518,0.518,6,0.2889886811459613,591.6575622790217
nag,50,0.16002234900091808,0.14652844970353568,160.02234900091807,926,926,1852,0.17281031209602382,121,0.121,6,0.1561613372642447,119.05986666109487
nag,50,0.3027295864444073,0.27419037896221105,302.7295864444073,1824,1823,3647,0.1660612103370309,458,0.458,6,0.24278873111291227,477.7683789804456
nag,50,0.1738633724256233,0.16399702016509574,173.8633724256233,964,964,1928,0.18035619546226483,106,0.106,6,0.15229008719978498,119.64410159236694
nag,50,0.46826994083877527,0.424302120196598,468.26994083877526,2740,2740,5480,0.17090143826232673,1125,1.125,6,0.37890098396134037,1236.742978028193
nag,50,0.549403955872826,0.5040986451368168,549.403955872826,3237,3236,6473,0.16977872554784487,1557,1.557,6,0.5530952659082299,1644.1715426018159
nag,50,0.6809710863151908,0.6192657987430793,680.9710863151907,4127,4126,8253,0.16504388907299825,2592,2.592,6,0.7281121073504311,2766.379201616765
nag,50,0.4764632337742065,0.42847411839430305,476.4632337742065,2791,2790,5581,0.17077535260724247,1193,1.193,6,0.4140073833959403,1357.3211961785898
nag,50,0.44076042053255526,0.39643057804977594,440.76042053255526,2708,2707,5415,0.16282246787312718,1025,1.025,6,0.34562311190819,1043.531095534252
nag,50,0.07040230002168099,0.06544581617333818,70.40230002168099,448,448,896,0.15714799111982364,11,0.011,6,0.057734144509577194,12.023559968823484
nag,50,0.07948282277812473,0.07316530366134595,79.48282277812473,453,453,906,0.17545876992963516,16,0.016,6,0.06223624856690865,18.60691893098987
nag,50,0.4704671416783078,0.4350854949906376,470.46714167830777,2803,2803,5606,0.16784414615708446,1169,1.169,6,0.41012200884763683,806.8715300525123
nag,50,0.15338514521598243,0.1405256929266891,153.38514521598242,873,873,1746,0.17569890631842203,99,0.099,6,0.10773317793503512,101.39731723107965
nag,50,0.4607605861039152,0.4080050034716672,460.76058610391516,2689,2688,5377,0.17141390852080177,1003,1.003,6,0.4814561794565096,1053.2738354469432
nag,50,0.6200844559406901,0.5743323331683746,620.0844559406901,3781,3780,7561,0.16404350686261643,2312,2.312,6,0.7073581524397416,1979.8483883413508
nag,50,0.4749571464284214,0.43675753041241866,474.9571464284214,2816,2815,5631,0.16872367546302716,1223,1.223,6,0.4382736748187126,1188.1934785789088
nag,50,0.37879763623373014,0.339121132688813,378.79763623373015,2262,2260,4522,0.16760957355474784,792,0.792,6,0.3534021991395045,684.4848091954516
nag,50,0.5423588497709484,0.48839468470558095,542.3588497709484,3249,3248,6497,0.16698240448612942,1677,1.677,6,0.4309007988073952,1056.5961062240583
nag,50,0.30169394231105456,0.2808928440681999,301.69394231105457,1802,1802,3604,0.16742172159326002,427,0.427,6,0.32303451830129243,526.3051058489501
nag,50,0.44613772725515566,0.40815983020365815,446.13772725515565,2733,2733,5466,0.16324102716983377,1218,1.218,6,0.46545819362842367,1252.6917828833464
nag,50,0.37522660556617016,0.3472202171132209,375.2266055661702,2228,2228,4456,0.16841409585555214,738,0.738,6,0.3558199399389954,841.6025957132557
nag,50,0.43927437031027294,0.4081662897378134,439.27437031027296,2697,2697,5394,0.16287518365230735,1043,1.043,6,0.4320135067096765,1144.9960348219136
nag,50,0.3117704506008939,0.2852429954205435,311.7704506008939,1889,1888,3777,0.165132653919965,444,0.444,6,0.241744543665413,452.37927337646096
nag,50,0.6921118138799796,0.6329694144278842,692.1118138799795,4166,4166,8332,0.16613341667786355,2666,2.666,6,0.603757965684281,2200.95295229877
nag,50,0.5243026592471617,0.4788135659763049,524.3026592471617,3170,3169,6339,0.16544735223955875,1421,1.421,6,0.4335538289247084,1571.8317087950568
nag,50,0.22880724970321722,0.20738337499892673,228.80724970321722,1400,1400,2800,0.1634337497880123,247,0.247,6,0.1954794638249518,284.33574800327546
nag,50,0.44112671893717914,0.41657490581416556,441.12671893717913,2690,2689,5379,0.16404861247198926,982,0.982,6,0.45364357002290473,886.3115990340856
nag,50,0.31748154621145297,0.28553540600737337,317.48154621145295,1895,1893,3788,0.1677134422670116,528,0.528,6,0.28156457580413613,545.8825146361211
nag,50,0.2985264361472158,0.2735157502022659,298.5264361472158,1806,1806,3612,0.16529702998184706,474,0.474,6,0.29761779524705145,484.1726034512259
nag,50,0.2177132224163816,0.19932146837437362,217.7132224163816,1317,1316,2633,0.16543557934375502,218,0.218,6,0.23872529460368963,242.20971750082734
nag,50,0.0752632877904573,0.06959872530142809,75.2632877904573,450,450,900,0.16725175064546066,15,0.015,6,0.08644549399970412,13.662131445026024
nag,50,0.23072903877339587,0.2122513569690363,230.72903877339587,1396,1396,2792,0.1652786810697678,254,0.254,6,0.23718374096997574,223.45071023001233
bg,50,0.0006048342385088859,0.0006044684140528131,0.6048342385088858,21,21,42,0.02880163040518504,0,0.0,6,0.0004902699307877525,0.0
bg,50,0.0006208216440988438,0.0006204362245850623,0.6208216440988439,23,23,46,0.026992245395601907,0,0.0,6,0.0006535901219880958,0.0
bg,50,0.0003363010222219884,0.00033618792384444083,0.33630102222198843,18,18,36,0.0186833901234438,0,0.0,6,0.0003430743798080426,0.0
bg,50,0.000402380454655856,0.00040221854462556684,0.40238045465585603,24,24,48,0.016765852277327336,0,0.0,6,0.0004908718173487244,0.0
bg,50,0.000631206610003872,0.0006308081882193595,0.631206610003872,26,26,52,0.024277177307841232,0,0.0,6,0.0004961517333048461,0.0
bg,50,0.0007467359725467424,0.0007461783579340471,0.7467359725467424,25,25,50,0.029869438901869695,0,0.0,6,0.0009455176765070704,0.0
bg,50,0.0009372108972606697,0.0009363325329947255,0.9372108972606696,32,32,64,0.029287840539395926,0,0.0,6,0.0008902927958824195,0.0
bg,50,0.0007333794115988397,0.0007328415662374826,0.7333794115988397,25,25,50,0.02933517646395359,0,0.0,6,0.000737025385468949,0.0
bg,50,0.0007541396660136144,0.0007535709393777595,0.7541396660136144,30,30,60,0.02513798886712048,0,0.0,6,0.0007231759036019379,0.0
bg,50,0.0009253562446275084,0.0009244999604480371,0.9253562446275083,21,21,42,0.0440645830775004,0,0.0,6,0.0009267318025429922,0.0
bg,50,0.0008076204498093365,0.0008069681990183863,0.8076204498093364,30,30,60,0.026920681660311214,0,0.0,6,0.0011625220595136078,0.0
bg,50,0.0008217938509270004,0.0008211185057935791,0.8217938509270004,26,26,52,0.03160745580488463,0,0.0,6,0.0008300091705520697,0.0
bg,50,0.0007397379931733496,0.0007391907808748055,0.7397379931733497,21,21,42,0.03522561872254046,0,0.0,6,0.0008229160821666574,0.0
bg,50,0.00034131961867245054,0.00034120311959035985,0.34131961867245053,16,16,32,0.021332476167028158,0,0.0,6,0.0004037018618162108,0.0
bg,50,0.0006834121655308394,0.0006829451133428439,0.6834121655308394,21,21,42,0.032543436453849495,0,0.0,6,0.0006206510566583342,0.0
bg,50,0.0004851142621716207,0.0004848789263242584,0.4851142621716207,20,20,40,0.024255713108581035,0,0.0,6,0.0004274577650934203,0.0
bg,50,0.0006429843723381859,0.0006425709434351147,0.6429843723381858,21,21,42,0.030618303444675515,0,0.0,6,0.0005655557240003096,0.0
bg,50,0.000762193477349534,0.0007616125384526199,0.762193477349534,24,24,48,0.031758061556230587,0,0.0,6,0.0007033389042467265,0.0
bg,50,0.00046583979543646595,0.0004656227887214536,0.4658397954364659,17,17,34,0.027402340908027407,0,0.0,6,0.0004554339533452425,0.0
bg,50,0.0006664614497188666,0.0006660172788549053,0.6664614497188666,17,17,34,0.03920361468934509,0,0.0,6,0.0007045742991574682,0.0
bg,50,0.0012481618843457056,0.001246603976256172,1.2481618843457056,29,29,58,0.043040064977438126,0,0.0,6,0.0011406162540601482,0.0
bg,50,0.0007063070121288071,0.0007058081425334249,0.7063070121288071,24,24,48,0.029429458838700295,0,0.0,6,0.0006460053127503165,0.0
bg,50,0.0006024901151235298,0.0006021271207847082,0.6024901151235298,29,28,57,0.021517504111554637,0,0.0,6,0.0004999412570985061,0.0
bg,50,0.0007950977712185221,0.0007944655907527254,0.7950977712185221,18,18,36,0.04417209840102901,0,0.0,6,0.0009513046239491429,0.0
bg,50,0.0011286373662686576,0.0011273635439641196,1.1286373662686575,38,38,76,0.02970098332285941,0,0.0,6,0.0011007143879500504,0.0
bg,50,0.0006229333866580404,0.000622545340653827,0.6229333866580404,22,22,44,0.028315153939001837,0,0.0,6,0.0005148336175264151,0.0
bg,50,0.0005384273890841876,0.0005381374850308715,0.5384273890841875,22,22,44,0.02447397223109943,0,0.0,6,0.0007216225411467107,0.0
bg,50,0.0005110895028680744,0.0005108282903881325,0.5110895028680744,22,22,44,0.02323134103945793,0,0.0,6,0.0006323291711223598,0.0
bg,50,0.0005531076057765745,0.0005528016777530065,0.5531076057765745,20,20,40,0.027655380288828725,0,0.0,6,0.0006480152540814041,0.0
bg,50,0.0005725360974668803,0.0005722082998839776,0.5725360974668803,23,23,46,0.024892873802907837,0,0.0,6,0.0005230702881695541,0.0
bg,50,0.0016819712214647745,0.0016791421942749388,1.6819712214647744,35,35,70,0.04805632061327927,0,0.0,6,0.0016532038023390676,0.0
bg,50,0.0007432628722015906,0.000742710432504397,0.7432628722015906,23,23,46,0.03231577705224307,0,0.0,6,0.0006941298244465822,0.0
bg,50,0.0005783216949180315,0.0005779872389352185,0.5783216949180314,17,17,34,0.03401892323047244,0,0.0,6,0.0005448722803705932,0.0
bg,50,0.001265254952948144,0.001263654082852184,1.265254952948144,34,34,68,0.03721338096906306,0,0.0,6,0.0014430589097163505,0.0
bg,50,0.0008947387153790754,0.0008939381580102771,0.8947387153790753,30,30,60,0.029824623845969178,0,0.0,6,0.0009443250382944607,0.0
bg,50,0.0010280079779391507,0.0010269511775364442,1.0280079779391507,30,30,60,0.034266932597971686,0,0.0,6,0.0009068562741740773,0.0
bg,50,0.0005367816181583241,0.0005364934836527314,0.536781618158324,22,22,44,0.024399164461742003,0,0.0,6,0.00040615219840270487,0.0
bg,50,0.00036060958079853835,0.00036047954152877465,0.36060958079853833,16,16,32,0.022538098799908646,0,0.0,6,0.0004240487614909837,0.0
bg,50,0.0006912582696877045,0.0006907804316922929,0.6912582696877045,23,23,46,0.030054707377726284,0,0.0,6,0.0007837919584486674,0.0
bg,50,0.0009682355025332185,0.0009672980225448528,0.9682355025332186,28,28,56,0.034579839376186375,0,0.0,6,0.0009577828900772564,0.0
bg,50,0.0003377676639949243,0.0003376535770000837,0.3377676639949243,19,19,38,0.01777724547341707,0,0.0,6,0.000377228230845348,0.0
bg,50,0.0008371797022276084,0.0008364788323737866,0.8371797022276084,26,26,52,0.032199219316446474,0,0.0,6,0.001008872864340593,0.0
bg,50,0.0008519265478022788,0.0008512007689594283,0.8519265478022788,26,26,52,0.03276640568470303,0,0.0,6,0.0008607387615021194,0.0
bg,50,0.0010356009214701363,0.0010345284522015866,1.0356009214701363,30,30,60,0.03452003071567121,0,0.0,6,0.0009224761622531856,0.0
bg,50,0.00030269756322070585,0.00030260593740592606,0.30269756322070585,17,17,34,0.017805739012982696,0,0.0,6,0.00022524221103036152,0.0
bg,50,0.0005870350581875599,0.0005866904480280185,0.5870350581875599,13,13,26,0.0451565429375046,0,0.0,6,0.0006059836919969753,0.0
bg,50,0.0007465481421326707,0.0007459908080041489,0.7465481421326707,20,20,40,0.037327407106633535,0,0.0,6,0.0007630308542243356,0.0
bg,50,0.000958679137060086,0.0009577600713722519,0.958679137060086,29,29,58,0.033057901277934,0,0.0,6,0.0008735862611699475,0.0
bg,50,0.0008736666500450579,0.000872903356629657,0.8736666500450578,31,31,62,0.0281827951627438,0,0.0,6,0.0007415829660615352,0.0
bg,50,0.0004652640046252188,0.0004650475340312189,0.4652640046252188,12,12,24,0.0387720003854349,0,0.0,6,0.0003090981515564208,0.0
bg,50,0.0010634432872891626,0.0010623123756638827,1.0634432872891626,33,33,66,0.032225554160277656,0,0.0,6,0.0012884823966401134,0.0
bg,50,0.000607407776446216,0.0006266849672881168,0.607407776446216,18,18,36,0.03374487646923422,3,0.003,6,0.0005989921212565303,2.9526149272807825
bg,50,0.0009051767044292589,0.0009043573595630174,0.9051767044292589,31,31,62,0.029199248529976095,0,0.0,6,0.0009387964362260272,0.0
bg,50,0.0011860397963584682,0.0011846331059599223,1.1860397963584681,28,28,56,0.04235856415565958,0,0.0,6,0.0010387994355026083,0.0
bg,50,0.00040366788252828203,0.00040350493476889717,0.403667882528282,14,14,28,0.02883342018059157,0,0.0,6,0.00033261376547413026,0.0
bg,50,0.0010551261819417449,0.0010540128906819258,1.0551261819417448,28,28,56,0.037683077926490886,0,0.0,6,0.0007973627416737282,0.0
bg,50,0.000773433443174,0.0007728352438829799,0.773433443174,24,24,48,0.032226393465583335,0,0.0,6,0.0009067309028669566,0.0
bg,50,0.0006131396102600366,0.0006127636700783667,0.6131396102600366,19,19,38,0.03227050580315982,0,0.0,6,0.000511522749952363,0.0
bg,50,0.0007168675076124238,0.0007163536085889533,0.7168675076124238,21,21,42,0.03413654798154399,0,0.0,6,0.0007981281040199618,0.0
bg,50,0.0010082290413974918,0.0010082347540392664,1.0082290413974917,33,33,66,0.030552395193863383,1,0.001,6,0.0011967883307056715,0.5981280965847228
bg,50,0.0010926143019925583,0.0010914204959796392,1.0926143019925583,28,28,56,0.03902193935687708,0,0.0,6,0.0011065691393985614,0.0
bg,50,0.0008582845995849056,0.000857547947131021,0.8582845995849055,27,27,54,0.03178831850314465,0,0.0,6,0.0009471225580857957,0.0
bg,50,0.0011053158034379038,0.0011040940804125743,1.1053158034379038,26,26,52,0.04251214628607322,0,0.0,6,0.0015479922359402686,0.0
bg,50,0.0008853072109873956,0.0008845234421295696,0.8853072109873956,25,25,50,0.03541228843949582,0,0.0,6,0.0009201164469450148,0.0
bg,50,0.00035190260772546367,0.0003517787722801397,0.35190260772546367,16,16,32,0.02199391298284148,0,0.0,6,0.00031572937497170614,0.0
bg,50,0.0003911108088972868,0.0003909578412324506,0.3911108088972868,12,12,24,0.03259256740810723,0,0.0,6,0.00040722067326495753,0.0
bg,50,0.0006963511206740592,0.0006958662157907952,0.6963511206740591,22,22,44,0.031652323667002685,0,0.0,6,0.00064582471371846,0.0
bg,50,0.0006969967819086165,0.0006965109773946254,0.6969967819086165,28,28,56,0.024892742211022018,0,0.0,6,0.0007100143434071095,0.0
bg,50,0.0008092195680977454,0.000808564731788353,0.8092195680977454,31,31,62,0.026103857035411144,0,0.0,6,0.0007989353063925119,0.0
bg,50,0.0006922249837418545,0.0006917458083137382,0.6922249837418546,25,25,50,0.027688999349674184,0,0.0,6,0.0008423023357137288,0.0
bg,50,0.0009037918871025852,0.0009029750473273926,0.9037918871025852,26,26,52,0.03476122642702251,0,0.0,6,0.0009586661910231822,0.0
bg,50,0.0006991592235691613,0.0006986703999492593,0.6991592235691613,20,20,40,0.034957961178458064,0,0.0,6,0.0008810268829461045,0.0
bg,50,0.0006820206327288289,0.0006815554805853611,0.682020632728829,23,23,46,0.029653070988209955,0,0.0,6,0.0006351434606103382,0.0
bg,50,0.0007204811291105884,0.0007199620360531838,0.7204811291105884,26,26,52,0.027710812658099552,0,0.0,6,0.0007721248584350065,0.0
bg,50,0.0015980590786593965,0.0015955052858405106,1.5980590786593964,35,35,70,0.045658830818839896,0,0.0,6,0.0015838353505795493,0.0
bg,50,0.0013002679019542497,0.0012985772053373975,1.3002679019542498,36,36,72,0.036118552832062494,0,0.0,6,0.0015237023183010058,0.0
bg,50,0.0010925742911561827,0.0010913805725744875,1.0925742911561827,25,25,50,0.043702971646247306,0,0.0,6,0.0008665135515957967,0.0
bg,50,0.0008381311697260543,0.0008374287058683878,0.8381311697260543,19,19,38,0.044112166827687066,0,0.0,6,0.0009171878989240393,0.0
bg,50,0.0011496780569846727,0.0011483562973499607,1.1496780569846727,31,31,62,0.037086388934989445,0,0.0,6,0.0011311897720285686,0.0
bg,50,0.0007316169641246404,0.0007310817007424456,0.7316169641246404,31,31,62,0.023600547229827108,0,0.0,6,0.0008030789719272814,0.0
bg,50,0.0010725611849644442,0.001071410797468952,1.0725611849644443,27,27,54,0.03972448833201646,0,0.0,6,0.0011461643677649525,0.0
bg,50,0.001012728755427979,0.001011703135895908,1.012728755427979,30,30,60,0.03375762518093263,0,0.0,6,0.0008548814300329005,0.0
bg,50,0.0008185130685418898,0.0008178431048985159,0.8185130685418898,27,27,54,0.030315298834884805,0,0.0,6,0.0008633473498039694,0.0
bg,50,0.000934208563244411,0.0009333358176047717,0.934208563244411,28,28,56,0.03336459154444325,0,0.0,6,0.0008293246578485844,0.0
bg,50,0.0007711821697947836,0.0007705874478557744,0.7711821697947836,23,23,46,0.03352965955629494,0,0.0,6,0.0007000126866703436,0.0
bg,50,0.0008212276225608375,0.0008205532077527805,0.8212276225608375,25,25,50,0.0328491049024335,0,0.0,6,0.0008324836959750933,0.0
bg,50,0.0012298040704373462,0.0012282916523856818,1.2298040704373463,33,33,66,0.03726679001325292,0,0.0,6,0.0013725499056933268,0.0
bg,50,0.0010053762481822374,0.0010043654667818284,1.0053762481822375,22,22,44,0.04569892037191989,0,0.0,6,0.0008214103865755239,0.0
bg,50,0.0008493142794314253,0.000848592944686179,0.8493142794314252,26,26,52,0.032665933824285585,0,0.0,6,0.0008942114102962886,0.0
bg,50,0.000998548796361021,0.000997551696662307,0.9985487963610211,25,25,50,0.03994195185444085,0,0.0,6,0.000972834524342715,0.0
bg,50,0.0008502472232730564,0.0008495243029323728,0.8502472232730565,25,25,50,0.03400988893092226,0,0.0,6,0.0007728962629521008,0.0
bg,50,0.000610511644190602,0.0006101389197229098,0.610511644190602,20,20,40,0.0305255822095301,0,0.0,6,0.0004451989457826534,0.0
bg,50,0.0008729355360681534,0.0008721735196180228,0.8729355360681534,33,33,66,0.026452592002065255,0,0.0,6,0.0011846569526913072,0.0
bg,50,0.0007822160263716391,0.0007816041644597263,0.7822160263716391,26,26,52,0.030085231783524582,0,0.0,6,0.0009258742144323074,0.0
bg,50,0.000823159735785973,0.0008224821438353539,0.823159735785973,24,24,48,0.03429832232441554,0,0.0,6,0.0008710775802049269,0.0
bg,50,0.0007563262972121052,0.0007557542677442506,0.7563262972121052,26,26,52,0.029089472969696353,0,0.0,6,0.0006775547331315251,0.0
bg,50,0.0007331202140557167,0.0007325827488074599,0.7331202140557167,23,23,46,0.031874791915465946,0,0.0,6,0.0006335504487838072,0.0
bg,50,0.00118542332413557,0.0011840180956781655,1.18542332413557,33,33,66,0.03592191891319909,0,0.0,6,0.0014608089962876213,0.0
bg,50,0.0010102633449835103,0.0010092427129572926,1.0102633449835103,28,28,56,0.03608083374941108,0,0.0,6,0.0008425985755519292,0.0
bg,50,0.000521932536081664,0.0005216601225094434,0.521932536081664,18,18,36,0.02899625200453689,0,0.0,6,0.0006138399555524295,0.0
bg,50,0.000783290770593231,0.0007826772261619345,0.783290770593231,29,29,58,0.027010026572180382,0,0.0,6,0.0006929578343330436,0.0
bg,50,0.0010720687205855767,0.0010709193892439186,1.0720687205855768,33,33,66,0.03248693092683566,0,0.0,6,0.0011082664187610576,0.0
bg,50,0.000836038864179077,0.0008353399031966592,0.836038864179077,27,27,54,0.03096440237700285,0,0.0,6,0.0007714308678199368,0.0
bg,50,0.0012269864220605226,0.0012254809263806017,1.2269864220605227,31,31,62,0.03958020716324267,0,0.0,6,0.001189690378723554,0.0
bg,50,0.000780027913407606,0.0007794194698619113,0.780027913407606,26,26,52,0.030001073592600232,0,0.0,6,0.0010003111245196496,0.0
bg,50,0.0006359939837838908,0.0006355894954364814,0.6359939837838908,26,26,52,0.024461307068611184,0,0.0,6,0.0006901617794226087,0.0
bg,50,0.0014531603999136161,0.0014510487247657389,1.453160399913616,36,36,72,0.04036556666426711,0,0.0,6,0.0014504978514288459,0.0
bg,50,0.0007154105805948987,0.0007148987682960716,0.7154105805948987,24,24,48,0.029808774191454113,0,0.0,6,0.000700025648205807,0.0
bg,50,0.0007971105135340686,0.0007964751283632821,0.7971105135340686,21,21,42,0.03795764350162231,0,0.0,6,0.0006373588959159393,0.0
bg,50,0.0008971573834132159,0.000896352492042603,0.8971573834132158,23,23,46,0.03900684275709634,0,0.0,6,0.0007832075588660512,0.0
bg,50,0.0008821472127148962,0.0008983495135495402,0.8821472127148962,22,22,44,0.040097600577949824,1,0.001,6,0.0007614353957023993,0.862558274195796
bg,50,0.0012508149119410063,0.0012492503739970724,1.2508149119410064,35,35,70,0.03573756891260018,0,0.0,6,0.0010786903606378434,0.0
bg,50,0.0006466666178876968,0.0006462484401730063,0.6466666178876967,22,22,44,0.02939393717671349,0,0.0,6,0.0005988616601192554,0.0
bg,50,0.0007340648757856685,0.0007335260245438064,0.7340648757856685,24,24,48,0.03058603649106952,0,0.0,6,0.0007505306280921801,0.0
bg,50,0.000610752140101539,0.0006103791219249004,0.610752140101539,25,25,50,0.02443008560406156,0,0.0,6,0.0005391651452070899,0.0
bg,50,0.0008375135279764976,0.0008368120990669541,0.8375135279764976,24,24,48,0.03489639699902073,0,0.0,6,0.0006602093556304899,0.0
bg,50,0.0011291602320615652,0.0011278852292318957,1.1291602320615652,24,24,48,0.04704834300256522,0,0.0,6,0.00102709338289888,0.0
bg,50,0.0011772398215585938,0.0011758539279611304,1.1772398215585937,31,31,62,0.03797547811479335,0,0.0,6,0.0012780299794363371,0.0
bg,50,0.0007817747805092416,0.0007811636087018013,0.7817747805092417,27,27,54,0.028954621500342285,0,0.0,6,0.0007372125833251982,0.0
bg,50,0.0003107284378888029,0.0003106318857266901,0.3107284378888029,19,19,38,0.016354128309936995,0,0.0,6,0.0002580813490513544,0.0
bg,50,0.0008077091970051952,0.0008070568028582684,0.8077091970051953,17,17,34,0.04751230570618796,0,0.0,6,0.0008091681604151253,0.0
bg,50,0.00040342940941810393,0.0004032666541297205,0.4034294094181039,17,17,34,0.0237311417304767,0,0.0,6,0.00038415725267235845,0.0
bg,50,0.0005346371265703808,0.0005343512897132735,0.5346371265703809,26,26,52,0.02056296640655311,0,0.0,6,0.0005782728726851893,0.0
bg,50,0.0007186575158296762,0.0007181410472046177,0.7186575158296762,26,26,52,0.027640673685756775,0,0.0,6,0.000758266763688256,0.0
bg,50,0.0006290117816391367,0.0006286161258176959,0.6290117816391367,21,21,42,0.029952941982816034,0,0.0,6,0.0005447970039495035,0.0
bg,50,0.0011977042040360252,0.0011962697086756598,1.1977042040360253,29,29,58,0.041300144966759496,0,0.0,6,0.000991761569132307,0.0
bg,50,0.000610777103417945,0.0006104040547478853,0.610777103417945,16,16,32,0.03817356896362156,0,0.0,6,0.0006072422762608511,0.0
bg,50,0.0009423257636526045,0.000941437785807761,0.9423257636526046,24,24,48,0.03926357348552519,0,0.0,6,0.000817955109945668,0.0
bg,50,0.0011615543970237908,0.0011602051884065457,1.1615543970237907,32,32,64,0.03629857490699346,0,0.0,6,0.0012732728408789925,0.0
bg,50,0.0005023608273444324,0.0005021084609435822,0.5023608273444324,17,17,34,0.029550636902613673,0,0.0,6,0.0004937188273151508,0.0
bg,50,0.000792998850786546,0.0007923700036091973,0.792998850786546,28,28,56,0.02832138752809093,0,0.0,6,0.0008603954458882351,0.0
bg,50,0.0009608025551621315,0.0009598794136121253,0.9608025551621315,33,33,66,0.029115228944307014,0,0.0,6,0.0008952019387013291,0.0
bg,50,0.0006436922248444077,0.0006432778851640826,0.6436922248444077,19,19,38,0.03387853814970567,0,0.0,6,0.000608562205481582,0.0
bg,50,0.0009994901981987922,0.0009984912175424968,0.9994901981987923,26,26,52,0.038441930699953546,0,0.0,6,0.0012193007314828253,0.0
bg,50,0.0008780387090579609,0.0008772677570833564,0.8780387090579609,28,28,56,0.0313585253234986,0,0.0,6,0.0007215657477624939,0.0
bg,50,0.00068142224454472,0.0006809579082693595,0.68142224454472,18,18,36,0.03785679136359556,0,0.0,6,0.0008139629002272535,0.0
bg,50,0.0007344586918700457,0.0007339192622999822,0.7344586918700458,23,23,46,0.031932986603045464,0,0.0,6,0.0006051374252484088,0.0
bg,50,0.001086281257486167,0.0011101233171349238,1.086281257486167,28,28,56,0.03879575919593454,0,0.0,6,0.0012359847989688636,0.0
bg,50,0.0009235285952917245,0.000922675690225403,0.9235285952917245,23,23,46,0.040153417186596714,0,0.0,6,0.0008499289568755108,0.0
bg,50,0.0009240175541829405,0.0009231637457425021,0.9240175541829405,33,33,66,0.028000531944937592,0,0.0,6,0.00095987122641307,0.0
bg,50,0.0006597602780456598,0.0006593249944211729,0.6597602780456597,17,17,34,0.038809428120332924,0,0.0,6,0.0007185536982167933,0.0
bg,50,0.0010039993436866013,0.0010029913290044781,1.0039993436866013,29,29,58,0.0346206670236759,0,0.0,6,0.0007980248920617535,0.0
bg,50,0.001211361167628411,0.0012098937717499733,1.2113611676284108,34,34,68,0.03562826963612973,0,0.0,6,0.000821174064811176,0.0
bg,50,0.0007350101688708576,0.0007344699289225141,0.7350101688708577,20,20,40,0.036750508443542884,0,0.0,6,0.000585845858238906,0.0
bg,50,0.0011674582718152137,0.0011746248484942113,1.1674582718152138,29,29,58,0.04025718178673151,1,0.001,6,0.0011976858073022133,1.4999109270648843
bg,50,0.0005535268676378103,0.0005532204756446132,0.5535268676378102,20,20,40,0.02767634338189051,0,0.0,6,0.0004836369243716228,0.0
bg,50,0.0009238800843793768,0.0009230265299690639,0.9238800843793769,23,23,46,0.04016869932084247,0,0.0,6,0.0010966414294513742,0.0
bg,50,0.0008577236718393317,0.0008569879819420982,0.8577236718393317,25,25,50,0.03430894687357327,0,0.0,6,0.0006396394365362047,0.0
bg,50,0.0008543199554288847,0.0008535900928426409,0.8543199554288847,26,26,52,0.03285845982418788,0,0.0,6,0.001019379899054567,0.0
bg,50,0.0007035705071504665,0.0007030754956919346,0.7035705071504665,25,25,50,0.028142820286018663,0,0.0,6,0.0005205286831581954,0.0
bg,50,0.0008147843189283393,0.0008141204454419679,0.8147843189283392,20,20,40,0.04073921594641696,0,0.0,6,0.0006714944356610395,0.0
bg,50,0.0006927620144793032,0.0006922820952705977,0.6927620144793032,23,23,46,0.030120087586056662,0,0.0,6,0.0006790664751075037,0.0
bg,50,0.0007624746790494781,0.0007618933114132867,0.7624746790494781,19,19,38,0.040130246265762004,0,0.0,6,0.0007705602819598023,0.0
bg,50,0.0008460288094638315,0.0008453130447173889,0.8460288094638315,23,23,46,0.036783861281036154,0,0.0,6,0.0008646639466711769,0.0
bg,50,0.000706621435299084,0.00070612212144626,0.706621435299084,19,19,38,0.03719060185784653,0,0.0,6,0.0008307092007174242,0.0
bg,50,0.0006985669752671022,0.0006980789794481683,0.6985669752671022,26,26,52,0.02686796058719624,0,0.0,6,0.0007332507262173643,0.0
bg,50,0.0009706631345578512,0.0009697209476370615,0.9706631345578511,18,18,36,0.053925729697658395,0,0.0,6,0.0008562029226074523,0.0
bg,50,0.0008673654212883939,0.0008666130985143471,0.8673654212883939,22,22,44,0.03942570096765427,0,0.0,6,0.0010255971100767214,0.0
bg,50,0.0009534581598633807,0.0009525490774007707,0.9534581598633807,35,35,70,0.027241661710382305,0,0.0,6,0.0009282732760947421,0.0
bg,50,0.0007532460675891883,0.0007526786879508498,0.7532460675891883,28,28,56,0.02690164527104244,0,0.0,6,0.0010454603469268462,0.0
bg,50,0.0009312212143334566,0.000930354041383432,0.9312212143334566,26,26,52,0.03581620055128679,0,0.0,6,0.0007573226460368091,0.0
bg,50,0.0008854546046649147,0.0008846705748079924,0.8854546046649148,24,24,48,0.036893941861038115,0,0.0,6,0.001137457897684299,0.0
bg,50,0.0007156675097010474,0.0007151553297166057,0.7156675097010474,21,21,42,0.0340794052238594,0,0.0,6,0.0007675967118381054,0.0
bg,50,0.0006692591977579383,0.0006688112898841547,0.6692591977579383,24,24,48,0.02788579990658076,0,0.0,6,0.000682958538191627,0.0
bg,50,0.0008222078594411997,0.0008215318336770728,0.8222078594411997,24,24,48,0.03425866081004999,0,0.0,6,0.0007047234798149319,0.0
bg,50,0.0010912567002696436,0.00109006585908376,1.0912567002696436,32,32,64,0.03410177188342636,0,0.0,6,0.0009812183012840273,0.0
bg,50,0.0008821406972400965,0.0008813625250303692,0.8821406972400965,31,31,62,0.02845615152387408,0,0.0,6,0.0009770687073575196,0.0
bg,50,0.0009951504760121565,0.000994160151542249,0.9951504760121566,26,26,52,0.03827501830815987,0,0.0,6,0.0008897503760812014,0.0
bg,50,0.001089205445662358,0.0010880190771594973,1.0892054456623579,31,31,62,0.035135659537495416,0,0.0,6,0.0011820220545823018,0.0
bg,50,0.0008790242630558681,0.000878251579400827,0.879024263055868,26,26,52,0.03380862550214877,0,0.0,6,0.0008477388746607017,0.0
bg,50,0.0007415861898867035,0.0007410362398096728,0.7415861898867036,27,27,54,0.02746615518098902,0,0.0,6,0.0007671415192881645,0.0
bg,50,0.0010397987912055414,0.0010387176096793487,1.0397987912055413,28,28,56,0.03713567111448362,0,0.0,6,0.0010967355683955268,0.0
bg,50,0.0006212124661017216,0.0006208265611736814,0.6212124661017215,22,22,44,0.02823693027735098,0,0.0,6,0.0006636816332316739,0.0
bg,50,0.0008327348966185681,0.0008320414492105217,0.8327348966185681,31,31,62,0.02686241601995381,0,0.0,6,0.0009231657231273577,0.0
bg,50,0.0006716948659416708,0.0006712436919487384,0.6716948659416708,24,24,48,0.02798728608090295,0,0.0,6,0.0007202164477519879,0.0
bg,50,0.0011002151525917583,0.001099004679209766,1.1002151525917583,32,32,64,0.034381723518492446,0,0.0,6,0.000972917908262098,0.0
bg,50,0.0007430733476471971,0.0007425211896472135,0.7430733476471971,24,24,48,0.03096138948529988,0,0.0,6,0.0007244345825920806,0.0
bg,50,0.000745889387509095,0.0007453330365306964,0.7458893875090951,23,23,46,0.03242997336996065,0,0.0,6,0.000766565312209072,0.0
bg,50,0.0010190051830248467,0.001017966811461815,1.0190051830248468,23,23,46,0.04430457317499334,0,0.0,6,0.0009167824209350967,0.0
bg,50,0.0006994714473049442,0.0006989821869993492,0.6994714473049441,29,29,58,0.024119705079480833,0,0.0,6,0.0008105596894707287,0.0
bg,50,0.0005211709547158456,0.0005208993355518061,0.5211709547158456,15,15,30,0.03474473031438971,0,0.0,6,0.0004068161235392082,0.0
bg,50,0.0009981925419569773,0.0009971961536061587,0.9981925419569773,21,21,42,0.047532978188427485,0,0.0,6,0.000931625573410959,0.0
bg,50,0.0003933254708110603,0.0003931707658850715,0.3933254708110603,14,14,28,0.028094676486504305,0,0.0,6,0.00030795202215020713,0.0
bg,50,0.0008638008084854576,0.0008630546566487175,0.8638008084854576,26,26,52,0.03322310801867145,0,0.0,6,0.0009267135722437026,0.0
bg,50,0.000961655473757105,0.000960730692506898,0.961655473757105,24,24,48,0.04006897807321271,0,0.0,6,0.0010029339672290012,0.0
bg,50,0.0006328706751472773,0.0006324701498558158,0.6328706751472772,29,29,58,0.021823126729216456,0,0.0,6,0.0008478224558494103,0.0
bg,50,0.0006056020905081549,0.0006052353366161272,0.6056020905081549,28,28,56,0.021628646089576962,0,0.0,6,0.0005916126525815693,0.0
bg,50,0.0009279045184079031,0.0009270435116126214,0.9279045184079031,27,27,54,0.034366834015107525,0,0.0,6,0.0009134701158410926,0.0
bg,50,0.001155604917110992,0.001154269494386541,1.155604917110992,35,35,70,0.03301728334602834,0,0.0,6,0.0012435272266302104,0.0
bg,50,0.000406603968316432,0.0004064386415293813,0.406603968316432,13,13,26,0.03127722833203323,0,0.0,6,0.0003246381243911289,0.0
bg,50,0.0007288760098936251,0.0007283447496558266,0.7288760098936251,24,24,48,0.030369833745567714,0,0.0,6,0.0005227941767141027,0.0
bg,50,0.0008365843815890841,0.0008358845081615653,0.8365843815890841,20,20,40,0.04182921907945421,0,0.0,6,0.0008362023446259047,0.0
bg,50,0.0008146245680994113,0.0008139609549124602,0.8146245680994113,23,23,46,0.0354184594825831,0,0.0,6,0.0008572625506297711,0.0
bg,50,0.0009166841710221058,0.0009158438611527036,0.9166841710221059,25,25,50,0.03666736684088424,0,0.0,6,0.0009809216633526628,0.0
bg,50,0.0008741387478046764,0.0008733746292542627,0.8741387478046764,28,28,56,0.031219240993024155,0,0.0,6,0.0008180480093660282,0.0
bg,50,0.0006201181884605518,0.0006197336418928923,0.6201181884605518,18,18,36,0.03445101047003066,0,0.0,6,0.0005961244322839641,0.0
bg,50,0.0008350505214304875,0.0008343532120571462,0.8350505214304875,26,26,52,0.032117327747326445,0,0.0,6,0.0009823582956662229,0.0
bg,50,0.0012964890728425615,0.0012948081889265616,1.2964890728425615,24,24,48,0.05402037803510673,0,0.0,6,0.0012488844433312903,0.0
bg,50,0.000861523387124814,0.0008607811645782509,0.861523387124814,28,28,56,0.030768692397314786,0,0.0,6,0.0006091958120146901,0.0
bg,50,0.0010664363963027767,0.0010652991097154173,1.0664363963027768,31,31,62,0.03440117407428312,0,0.0,6,0.0010016225926732176,0.0
bg,50,0.0010658455040491006,0.001064709477410599,1.0658455040491006,25,25,50,0.04263382016196402,0,0.0,6,0.0008843290886154845,0.0
bg,50,0.0006851813235248869,0.0006847118500787797,0.6851813235248869,20,20,40,0.03425906617624434,0,0.0,6,0.0007961028375939094,0.0
bg,50,0.0008957204630806643,0.000894918147932683,0.8957204630806643,21,21,42,0.04265335538479354,0,0.0,6,0.0008797876290483665,0.0
bg,50,0.0008926299307820233,0.0008918331425886955,0.8926299307820234,25,25,50,0.03570519723128093,0,0.0,6,0.0008335668487449671,0.0
bg,50,0.0006530516012148128,0.0006526251248209637,0.6530516012148129,24,24,48,0.027210483383950535,0,0.0,6,0.0005644549431736422,0.0
bg,50,0.0008486301284326955,0.000847909955337812,0.8486301284326956,33,33,66,0.025716064497960472,0,0.0,6,0.0009068109776505857,0.0
bg,50,0.0007679760923807724,0.0007673863051023039,0.7679760923807724,23,23,46,0.033390264886120534,0,0.0,6,0.0008022407006390054,0.0
bg,50,0.00046442287138606273,0.00046420718278259625,0.46442287138606275,19,19,38,0.024443309020319093,0,0.0,6,0.0004153705081092973,0.0
bg,50,0.0015223022136494294,0.0015199848096197474,1.5223022136494295,31,31,62,0.04910652302094934,0,0.0,6,0.0012154948584613056,0.0
bg,50,0.0013441364418506439,0.0013423297390763329,1.3441364418506438,29,29,58,0.04634953247760841,0,0.0,6,0.0015296007859388232,0.0
bg,50,0.0008372639614483627,0.0008365629505072226,0.8372639614483628,24,24,48,0.03488599839368178,0,0.0,6,0.000703655384621609,0.0
bg,50,0.0010135859813553084,0.0010125586248137084,1.0135859813553085,32,32,64,0.03167456191735339,0,0.0,6,0.0011639986421816996,0.0
bg,50,0.0008875396793136102,0.0008867519526312538,0.8875396793136101,27,27,54,0.032871839974578154,0,0.0,6,0.0007800845457602144,0.0
bg,50,0.0008007486773244113,0.0008001074788801744,0.8007486773244112,28,28,56,0.0285981670473004,0,0.0,6,0.0007510740586633879,0.0
bg,50,0.000884994697003961,0.0008842114813902357,0.884994697003961,25,25,50,0.03539978788015844,0,0.0,6,0.0007937183861932342,0.0
bg,50,0.0007812406611023306,0.0007806303241317712,0.7812406611023306,29,29,58,0.026939333141459677,0,0.0,6,0.0008208438501293988,0.0
bg,50,0.00121957244505818,0.0012180850881094343,1.21957244505818,31,31,62,0.03934104661478,0,0.0,6,0.0013205841733781017,0.0
bg,50,0.0009246132900545021,0.0009237583803183565,0.9246132900545021,34,34,68,0.027194508531014766,0,0.0,6,0.0008181304956536668,0.0
bg,50,0.0007530041778101406,0.0007524371625183411,0.7530041778101406,22,22,44,0.034227462627733664,0,0.0,6,0.0009102667399487531,0.0
bg,50,0.0011893735543862505,0.0011879589449343775,1.1893735543862505,34,34,68,0.03498157512900737,0,0.0,6,0.0013716454810779554,0.0
bg,50,0.0004753788502161882,0.00047515286516495525,0.4753788502161882,17,17,34,0.027963461777422836,0,0.0,6,0.0005822250913510106,0.0
bg,50,0.0011748190297259952,0.001173438829973389,1.1748190297259953,35,34,69,0.03455350087429398,0,0.0,6,0.0011321809180013015,0.0
bg,50,0.0010747378745025386,0.0010735828130036484,1.0747378745025387,25,25,50,0.04298951498010155,0,0.0,6,0.0011328823802999456,0.0
bg,50,0.0007836101191815458,0.0007829960743626621,0.7836101191815459,26,26,52,0.030138850737751764,0,0.0,6,0.0006683531725716878,0.0
bg,50,0.0009301670759237766,0.0009293018651346439,0.9301670759237766,26,26,52,0.035775656766299097,0,0.0,6,0.000636588783755848,0.0
bg,50,0.001054346543921428,0.0010532348972867487,1.054346543921428,31,31,62,0.03401117883617509,0,0.0,6,0.0013082789784581823,0.0
bg,50,0.0006580877659501194,0.0006576546864424262,0.6580877659501194,17,17,34,0.038711045055889376,0,0.0,6,0.0008012855627194225,0.0
bg,50,0.0006123098916233971,0.0006119349682200172,0.6123098916233971,25,25,50,0.024492395664935884,0,0.0,6,0.00043005168169442257,0.0
bg,50,0.00044067302298604713,0.0004404788302728595,0.44067302298604716,19,19,38,0.02319331699926564,0,0.0,6,0.0004869898606345923,0.0
bg,50,0.0005945823731008417,0.0005942288449024393,0.5945823731008417,26,26,52,0.022868552811570835,0,0.0,6,0.0005973859904438283,0.0
bg,50,0.0002989446528424367,0.00029885528493697354,0.29894465284243665,13,13,26,0.022995742526341283,0,0.0,6,0.00028701664002037396,0.0
bg,50,0.0006592638840123443,0.0006588292551435813,0.6592638840123444,18,18,36,0.03662577133401913,0,0.0,6,0.0004997428338300698,0.0
bg,50,0.0009712683719920463,0.0009703250097416144,0.9712683719920463,28,28,56,0.03468815614257308,0,0.0,6,0.0007485642350678737,0.0
bg,50,0.0013655044580205172,0.0013636398555956432,1.3655044580205171,42,42,84,0.03251201090525041,0,0.0,6,0.0014953786066926728,0.0
bg,50,0.0005227971790526737,0.0005225238621622484,0.5227971790526738,24,24,48,0.021783215793861405,0,0.0,6,0.00045630370552722467,0.0
bg,50,0.0008028278305553584,0.0008021832980298441,0.8028278305553584,22,22,44,0.03649217411615266,0,0.0,6,0.0008477558564602323,0.0
bg,50,0.0006087357677736521,0.000608365208538685,0.608735767773652,21,21,42,0.02898741751303105,0,0.0,6,0.0007051469030977498,0.0
bg,50,0.0010317067458383135,0.0010306423270289053,1.0317067458383136,27,27,54,0.038211360956974576,0,0.0,6,0.0009534716299476037,0.0
bg,50,0.000996988196949051,0.000995994211484195,0.9969881969490508,24,24,48,0.04154117487287712,0,0.0,6,0.0010043557171753852,0.0
bg,50,0.0005326591625403694,0.0005323754367569312,0.5326591625403694,27,27,54,0.01972811713112479,0,0.0,6,0.0005518634739496651,0.0
bg,50,0.0007022186231371865,0.0007017255121425059,0.7022186231371865,21,21,42,0.03343898205415174,5,0.005,6,0.0007722633565819391,5.995692126526716
bg,50,0.0009645355477870759,0.000963605218964131,0.9645355477870758,27,27,54,0.03572353880692874,0,0.0,6,0.0011231018459650125,0.0
bg,50,0.0010975135529479733,0.0010963090169490688,1.0975135529479734,25,25,50,0.04390054211791893,0,0.0,6,0.0006346852267417656,0.0
bg,50,0.0007490796908073136,0.0007485185704241337,0.7490796908073136,21,21,42,0.035670461467014934,0,0.0,6,0.0007637672456275366,0.0
bg,50,0.0007463170943933477,0.000745760105187964,0.7463170943933477,22,22,44,0.03392350429060671,0,0.0,6,0.0006200973364660258,0.0
bg,50,0.0005163582655728902,0.0005160916397144648,0.5163582655728902,21,21,42,0.024588488836804295,0,0.0,6,0.000528438316121296,0.0
bg,50,0.0011940261471216132,0.001192600448681603,1.1940261471216131,33,33,66,0.03618261051883676,0,0.0,6,0.0007610095335867155,0.0
bg,50,0.0009110089154867414,0.0009101789782426451,0.9110089154867413,28,28,56,0.03253603269595505,0,0.0,6,0.001055938025324379,0.0
bg,50,0.0009129322236144972,0.0009120987783695836,0.9129322236144972,27,27,54,0.03381230457831471,0,0.0,6,0.0010957225792017145,0.0
bg,50,0.0010888969917269744,0.0010877112950683824,1.0888969917269744,24,24,48,0.045370707988623936,0,0.0,6,0.0008070040784360738,0.0
bg,50,0.0008126278238725035,0.0008119674598923718,0.8126278238725035,27,27,54,0.030097326810092723,0,0.0,6,0.0007508151276225444,0.0
bg,50,0.000999669218908977,0.0009986698803617431,0.9996692189089771,26,26,52,0.038448816111883735,0,0.0,6,0.0009750009126808332,0.0
bg,50,0.0009465973930856251,0.0009457013464610286,0.9465973930856251,25,25,50,0.037863895723425,0,0.0,6,0.0009132748723713089,0.0
bg,50,0.0005681788198271072,0.000567855992655807,0.5681788198271072,20,20,40,0.02840894099135536,0,0.0,6,0.0005062313091027887,0.0
bg,50,0.0009199111867345593,0.0009190649501430799,0.9199111867345593,25,25,50,0.03679644746938237,0,0.0,6,0.0011414447027323002,0.0
bg,50,0.0009842486179850597,0.0009832798726430543,0.9842486179850596,28,28,56,0.03515173635660927,0,0.0,6,0.001132669702853106,0.0
bg,50,0.0012419457017886903,0.0012404032726624989,1.2419457017886903,33,33,66,0.03763471823602092,0,0.0,6,0.0012364051123206015,0.0
bg,50,0.000662214581722501,0.0006617760535702549,0.6622145817225009,25,25,50,0.026488583268900037,0,0.0,6,0.0008443269824693054,0.0
bg,50,0.0007970627049922357,0.0007964273960365461,0.7970627049922356,27,27,54,0.029520840925638357,0,0.0,6,0.000778111976183908,0.0
bg,50,0.0008656171483329729,0.0008648678552854848,0.8656171483329729,27,27,54,0.0320598943827027,0,0.0,6,0.0009737335932675828,0.0
bg,50,0.0009828035543142874,0.0009818376514879148,0.9828035543142875,31,31,62,0.03170334046175121,0,0.0,6,0.0011247955727360362,0.0
bg,50,0.0010229651760576247,0.0010219187183061976,1.0229651760576246,25,25,50,0.04091860704230498,0,0.0,6,0.0007853426536510612,0.0
bg,50,0.0005026489380351826,0.0005023962820802747,0.5026489380351826,17,17,34,0.02956758459030486,0,0.0,6,0.00048461508874042655,0.0
bg,50,0.0008559076286512876,0.0008551750507825042,0.8559076286512877,32,32,64,0.02674711339535274,0,0.0,6,0.0007282557308676268,0.0
bg,50,0.0009421404162403561,0.0009412527876764424,0.9421404162403562,28,28,56,0.03364787200858415,0,0.0,6,0.0007772922779060382,0.0
bg,50,0.00056561449277633,0.0005652945730218915,0.56561449277633,16,16,32,0.03535090579852063,0,0.0,6,0.0007615904508167682,0.0
bg,50,0.0012644112567996898,0.0012628125209733683,1.26441125679969,23,23,46,0.054974402469551736,0,0.0,6,0.0014740094618596082,0.0
bg,50,0.0009447204175141302,0.000943827920846862,0.9447204175141302,28,28,56,0.03374001491121893,0,0.0,6,0.0009984866603008314,0.0
bg,50,0.001142047563706031,0.0011407432910682637,1.142047563706031,33,33,66,0.034607501930485784,0,0.0,6,0.0011616207308411462,0.0
bg,50,0.0009419330763371825,0.0009410458384168844,0.9419330763371825,26,26,52,0.036228195243737785,0,0.0,6,0.0005410032338311079,0.0
bg,50,0.0009355692484850664,0.0009346939586663556,0.9355692484850664,26,26,52,0.03598343263404102,0,0.0,6,0.0009003161679378658,0.0
bg,50,0.0007735362712960381,0.0007729379129330275,0.7735362712960381,26,26,52,0.02975139504984762,0,0.0,6,0.0007143827209400437,0.0
bg,50,0.0013420121208310577,0.0013402111242986,1.3420121208310576,35,35,70,0.038343203452315934,0,0.0,6,0.0014665708149455814,0.0
bg,50,0.0008262414979084128,0.0008255588228955466,0.8262414979084127,22,22,44,0.03755643172310967,0,0.0,6,0.0007491681669224957,0.0
bg,50,0.0006687873337870283,0.0006683400572891943,0.6687873337870283,27,27,54,0.024769901251371417,0,0.0,6,0.0007374645640318106,0.0
bg,50,0.0004562603556407847,0.0004560521821286551,0.4562603556407847,20,20,40,0.022813017782039237,0,0.0,6,0.0003556714781944325,0.0
bg,50,0.0006304716872503918,0.0006300741927019673,0.6304716872503917,24,24,48,0.026269653635432988,0,0.0,6,0.0004461033093642278,0.0
bg,50,0.0013494911870334443,0.0013476700605695635,1.3494911870334443,30,30,60,0.04498303956778148,0,0.0,6,0.0009808107162370102,0.0
bg,50,0.0005596640886590478,0.0005593508647669135,0.5596640886590478,18,18,36,0.031092449369947102,0,0.0,6,0.000628206574573728,0.0
bg,50,0.0005853500006421201,0.0005850073660188684,0.5853500006421202,27,27,54,0.021679629653411858,0,0.0,6,0.0005746922428159871,0.0
bg,50,0.0004887369044695226,0.0004884980407077322,0.48873690446952267,16,16,32,0.030546056529345167,0,0.0,6,0.0004646187631737666,0.0
bg,50,0.0007433089543717983,0.0007427564461701489,0.7433089543717983,22,22,44,0.03378677065326356,0,0.0,6,0.0008221117592892975,0.0
bg,50,0.0006600279698785486,0.0006595923329575265,0.6600279698785485,26,26,52,0.02538569114917494,0,0.0,6,0.0007019485660479316,0.0
bg,50,0.0007219358291714996,0.0007214146378300583,0.7219358291714997,20,20,40,0.03609679145857499,0,0.0,6,0.0006829530419878676,0.0
bg,50,0.0008688658205565502,0.0008681108927424189,0.8688658205565503,21,21,42,0.04137456288364525,2,0.002,6,0.0008786124640583898,2.544210628002632
bg,50,0.0008508976858260482,0.0008501736589543043,0.8508976858260482,26,26,52,0.03272683407023262,0,0.0,6,0.0008831606113592727,0.0
bg,50,0.0006928246015578168,0.000692344595629293,0.6928246015578168,24,24,48,0.0288676917315757,0,0.0,6,0.0008126103681939835,0.0
bg,50,0.0005003264280926203,0.0005000761015579723,0.5003264280926203,21,21,42,0.02382506800441049,0,0.0,6,0.0004007111135698734,0.0
bg,50,0.0010356257403689852,0.0010345532196948703,1.0356257403689852,26,26,52,0.03983175924496097,0,0.0,6,0.0007048675669237,0.0
bg,50,0.0006956839849540515,0.0006952000087471301,0.6956839849540515,25,25,50,0.02782735939816206,0,0.0,6,0.0007371379911227522,0.0
bg,50,0.0008392778560720017,0.000838573468752309,0.8392778560720018,29,29,58,0.028940615726620753,0,0.0,6,0.0006103998198440688,0.0
bg,50,0.0008499945960664519,0.0008492721052531096,0.8499945960664519,25,25,50,0.033999783842658074,0,0.0,6,0.0006594504562158704,0.0
bg,50,0.0009860355395381645,0.0009850632734529324,0.9860355395381646,29,29,58,0.03400122550131602,0,0.0,6,0.0012515591303887991,0.0
bg,50,0.0008075611938211722,0.0008069090387394062,0.8075611938211722,24,24,48,0.03364838307588217,0,0.0,6,0.000761362138455179,0.0
bg,50,0.0012380360433526328,0.0012365033101079928,1.2380360433526327,27,27,54,0.045853186790838246,0,0.0,6,0.0013947185832760814,0.0
bg,50,0.0005473268026920621,0.000547027236063117,0.5473268026920621,13,13,26,0.04210206174554324,0,0.0,6,0.0005920074543332324,0.0
bg,50,0.0007272636927117233,0.0007267347802329865,0.7272636927117233,22,22,44,0.0330574405778056,0,0.0,6,0.0006820914035311423,0.0
bg,50,0.0011257610303136083,0.0011244936924162357,1.1257610303136083,28,28,56,0.04020575108262887,0,0.0,6,0.001347137178325398,0.0
bg,50,0.0008093971219557936,0.0008087419982547632,0.8093971219557936,28,28,56,0.02890704006984977,0,0.0,6,0.000610610466127288,0.0
bg,50,0.0010294621961080353,0.0010284024036948196,1.0294621961080352,27,27,54,0.038128229485482786,0,0.0,6,0.0013777047439733727,0.0
bg,50,0.0010344846830200964,0.001033414524460693,1.0344846830200964,30,30,60,0.034482822767336545,0,0.0,6,0.0010432719173875712,0.0
bg,50,0.0008837246232693836,0.0008829436540596109,0.8837246232693836,30,30,60,0.029457487442312788,0,0.0,6,0.0008263857203486434,0.0
bg,50,0.0005496452985811757,0.0005493431886269234,0.5496452985811757,17,17,34,0.032332076387127984,0,0.0,6,0.00046019121995452816,0.0
bg,50,0.0003766396771359837,0.00037649781968959056,0.3766396771359837,17,17,34,0.0221552751256461,0,0.0,6,0.00041254375183472915,0.0
bg,50,0.0008567679626527891,0.0008560339113109608,0.8567679626527891,25,25,50,0.03427071850611156,0,0.0,6,0.000857642018109878,0.0
bg,50,0.0008840833467171674,0.0008962562984099193,0.8840833467171674,20,20,40,0.04420416733585837,1,0.001,6,0.0009354836243675945,1.0693914204744317
bg,50,0.001065928687431104,0.0010647924834644156,1.065928687431104,28,28,56,0.038068881693968,0,0.0,6,0.0009364366269451731,0.0
bg,50,0.0005026250861684786,0.0005023724541912326,0.5026250861684787,24,24,48,0.020942711923686613,0,0.0,6,0.000521200032331698,0.0
bg,50,0.0012261694952296809,0.0012246660035986493,1.2261694952296809,22,22,44,0.055734977055894586,0,0.0,6,0.0011381668181168491,0.0
bg,50,0.0006915930198594751,0.0006911147189543568,0.6915930198594751,23,23,46,0.030069261733020654,0,0.0,6,0.000727290470136901,0.0
bg,50,0.0006865408774522143,0.0006860695390758014,0.6865408774522144,27,27,54,0.025427439905637568,0,0.0,6,0.0007505037220480088,0.0
bg,50,0.0012038719761702482,0.0012024226684352402,1.203871976170248,32,32,64,0.03762099925532025,0,0.0,6,0.0013949271684949858,0.0
bg,50,0.0007002528699212008,0.0006997625158393679,0.7002528699212007,24,24,48,0.029177202913383365,0,0.0,6,0.0006150844889750668,0.0
bg,50,0.0011506863095197665,0.0011493622305368504,1.1506863095197666,35,35,70,0.03287675170056476,0,0.0,6,0.0013333334476278425,0.0
bg,50,0.0004989155009599208,0.0004986665842828227,0.4989155009599209,24,24,48,0.020788145873330038,0,0.0,6,0.0005796290280378461,0.0
bg,50,0.000532360271143106,0.0005320768636848143,0.5323602711431059,23,23,46,0.02314609874535243,0,0.0,6,0.0007428741696509012,0.0
bg,50,0.0005944765534599484,0.0005941231510873347,0.5944765534599483,23,23,46,0.025846806672171665,0,0.0,6,0.0006653075228744271,0.0
bg,50,0.0007781916337101719,0.0007775860514913954,0.778191633710172,22,22,44,0.035372346986826,0,0.0,6,0.0008446243436415713,0.0
bg,50,0.0007265644624731494,0.0007260365665550203,0.7265644624731493,25,25,50,0.029062578498925972,0,0.0,6,0.0006701330059952221,0.0
bg,50,0.0006015854044493594,0.000601223499450513,0.6015854044493594,25,25,50,0.024063416177974375,0,0.0,6,0.0006372857916653048,0.0
bg,50,0.0006910038379872602,0.0006905263516831471,0.6910038379872603,19,19,38,0.03636862305196107,0,0.0,6,0.0007931946159811595,0.0
bg,50,0.00046495362215870004,0.00046473744028794153,0.46495362215870006,18,18,36,0.02583075678659445,0,0.0,6,0.0005350867347711972,0.0
bg,50,0.0007875135950222258,0.0007868934173598809,0.7875135950222258,21,21,42,0.037500647382010754,0,0.0,6,0.0008087002110684995,0.0
bg,50,0.0006128487442047019,0.0006124731606214287,0.6128487442047019,23,23,46,0.026645597574117476,0,0.0,6,0.0005803235815634217,0.0
bg,50,0.0006071248679980456,0.0006067562673927042,0.6071248679980457,25,25,50,0.024284994719921828,0,0.0,6,0.00057934874782301,0.0
bg,50,0.0005105934252200583,0.0005103327195741804,0.5105934252200584,13,13,26,0.039276417324619874,0,0.0,6,0.0003962377518029911,0.0
bg,50,0.001067539505524297,0.001066399864928442,1.067539505524297,26,26,52,0.04105921175093451,0,0.0,6,0.0011625666594881063,0.0
bg,50,0.0010540653932212861,0.0010529543393680994,1.0540653932212862,25,25,50,0.04216261572885145,0,0.0,6,0.0009605461232045758,0.0
bg,50,0.0006000736490398352,0.0005997135606555633,0.6000736490398353,20,20,40,0.030003682451991764,0,0.0,6,0.0006537926992444105,0.0
bg,50,0.0007632457257140857,0.0007626631816762648,0.7632457257140857,22,22,44,0.03469298753245844,0,0.0,6,0.0006401283288065523,0.0
bg,50,0.0005708361892644476,0.0005705103353094736,0.5708361892644476,20,20,40,0.02854180946322238,0,0.0,6,0.0005923497394698767,0.0
bg,50,0.0009402821375218479,0.0009393980070237054,0.940282137521848,28,28,56,0.03358150491149457,0,0.0,6,0.0006763031915597322,0.0
bg,50,0.0007630779270626138,0.0007624956391398436,0.7630779270626138,20,20,40,0.03815389635313069,0,0.0,6,0.000993512890387023,0.0
bg,50,0.0006365666432249099,0.0006361614261336436,0.63656664322491,20,20,40,0.0318283321612455,0,0.0,6,0.0005306276919396944,0.0
bg,50,0.0004549864647076749,0.00045477945202460773,0.4549864647076749,15,15,30,0.03033243098051166,0,0.0,6,0.0005448452512046201,0.0
bg,50,0.0005258900202636383,0.0005256134599502253,0.5258900202636383,22,22,44,0.023904091830165376,0,0.0,6,0.0005743833465147068,0.0
bg,50,0.00044628345780026277,0.0004460842888755566,0.4462834578002628,22,22,44,0.020285611718193763,0,0.0,6,0.000387456897277153,0.0
bg,50,0.0006383235783782375,0.0006379161213875239,0.6383235783782375,22,22,44,0.029014708108101705,0,0.0,6,0.0006151826549829615,0.0
bg,50,0.0009454995176525607,0.0009446055483146794,0.9454995176525607,37,37,74,0.025554041017636774,0,0.0,6,0.0009041449532449981,0.0
bg,50,0.0006472023909199364,0.0006467835199851239,0.6472023909199365,24,24,48,0.026966766288330685,0,0.0,6,0.0007410238036670572,0.0
bg,50,0.0005562736403419422,0.0005559641999790029,0.5562736403419422,20,20,40,0.027813682017097108,0,0.0,6,0.0006269833253049642,0.0
bg,50,0.0012027595871230386,0.0012085057584376774,1.2027595871230385,30,30,60,0.04009198623743462,0,0.0,6,0.00118275545421558,0.0
bg,50,0.00092152375040639,0.0009206745443838269,0.92152375040639,28,28,56,0.03291156251451393,2,0.002,6,0.0010188978327855787,1.9258819875474087
bg,50,0.0008058101319038471,0.0008051608019351683,0.8058101319038471,28,28,56,0.028778933282280254,0,0.0,6,0.0007532401192469828,0.0
bg,50,0.0007739255863612015,0.0007733266255479768,0.7739255863612016,26,26,52,0.02976636870620006,0,0.0,6,0.0008018686902602351,0.0
bg,50,0.001273279918363759,0.0012716586766132502,1.2732799183637589,26,26,52,0.048972304552452266,0,0.0,6,0.0008029869828271983,0.0
bg,50,0.0009346479635080698,0.00093377439669238,0.9346479635080698,22,22,44,0.0424839983412759,0,0.0,6,0.0010518618565309988,0.0
bg,50,0.0007779655021914528,0.0007773602718688529,0.7779655021914529,26,26,52,0.02992175008428665,0,0.0,6,0.0008504462022433777,0.0
bg,50,0.0007230190146365132,0.0007224962581409872,0.7230190146365132,18,18,36,0.04016772303536184,0,0.0,6,0.0008950256940020526,0.0
bg,50,0.0011341818353898104,0.0011328954669540823,1.1341818353898105,32,32,64,0.03544318235593158,0,0.0,6,0.0011760173593588449,0.0
bg,50,0.0005193570662445222,0.0005190873344822639,0.5193570662445222,12,12,24,0.04327975552037685,0,0.0,6,0.0005981097959947372,0.0
bg,50,0.0005728129277259448,0.0005724848130757748,0.5728129277259448,26,26,52,0.02203126645099788,0,0.0,6,0.000712284637283407,0.0
bg,50,0.0007769027017795906,0.0007762991239715582,0.7769027017795906,23,23,46,0.03377837833824307,0,0.0,6,0.0009015645819604838,0.0
bg,50,0.0007567906560175999,0.0007562179239205643,0.7567906560175999,27,27,54,0.0280292835562074,0,0.0,6,0.000809894675650985,0.0
bg,50,0.0009995970656306809,0.0009985978713370634,0.999597065630681,31,31,62,0.03224506663324777,0,0.0,6,0.0009404362542175339,0.0
bg,50,0.0011733582311783692,0.0011719814616396953,1.1733582311783692,30,30,60,0.03911194103927897,0,0.0,6,0.0008448134814167352,0.0
bg,50,0.0003340778755591032,0.00033396626753216514,0.3340778755591032,12,12,24,0.027839822963258598,0,0.0,6,0.00041536147554733653,0.0
bg,50,0.0006806385851890581,0.00068017531630541,0.6806385851890582,27,27,54,0.025208836488483637,0,0.0,6,0.0006731942562799513,0.0
bg,50,0.000629338737624252,0.0006289426703775775,0.6293387376242521,23,23,46,0.02736255380975009,0,0.0,6,0.0006798160713999685,0.0
bg,50,0.0008469155959028286,0.0008461983298762451,0.8469155959028285,31,31,62,0.027319857932349305,0,0.0,6,0.0007870155067005453,0.0
bg,50,0.0009704577731687723,0.0009695159848792685,0.9704577731687722,26,26,52,0.037325298968029705,0,0.0,6,0.001041832477529254,0.0
bg,50,0.0010069293720012347,0.001005915465241036,1.0069293720012347,18,18,36,0.05594052066673526,0,0.0,6,0.0009661003590730828,0.0
bg,50,0.0006963872937442304,0.000695902338481342,0.6963872937442304,24,24,48,0.029016137239342932,0,0.0,6,0.000745017445842985,0.0
bg,50,0.0011722576290571656,0.0011708834411082827,1.1722576290571656,34,34,68,0.03447816556050487,0,0.0,6,0.001121955730075767,0.0
bg,50,0.00035384046851749315,0.0003537152654403326,0.3538404685174932,14,14,28,0.025274319179820943,0,0.0,6,0.00039383100938037026,0.0
bg,50,0.0007958245489330711,0.0007951912122203864,0.7958245489330711,25,25,50,0.03183298195732284,0,0.0,6,0.0006907361397408595,0.0
bg,50,0.0012071280847634966,0.0012056709265504716,1.2071280847634966,29,29,58,0.04162510637115506,0,0.0,6,0.0011444120280686032,0.0
bg,50,0.0005208153920356473,0.0005205441433630661,0.5208153920356473,21,21,42,0.024800732954078444,0,0.0,6,0.0005601572358094011,0.0
bg,50,0.0006226687899686638,0.0006222810735466627,0.6226687899686638,25,25,50,0.024906751598746554,0,0.0,6,0.00046365263999911615,0.0
bg,50,0.0007643654719755233,0.0007637812174007747,0.7643654719755233,28,28,56,0.02729876685626869,0,0.0,6,0.0008399526320208795,0.0
bg,50,0.0009424643024921551,0.0009415760635306833,0.9424643024921551,30,30,60,0.031415476749738505,0,0.0,6,0.0011052299203493118,0.0
bg,50,0.0009579893427672737,0.0009570715991864181,0.9579893427672737,33,33,66,0.029029980083856776,0,0.0,6,0.0010672931156484402,0.0
bg,50,0.0009992716955818627,0.0009982731516602714,0.9992716955818626,30,30,60,0.03330905651939542,0,0.0,6,0.0010807024387723958,0.0
bg,50,0.0012988800999512336,0.001297193010437184,1.2988800999512335,30,30,60,0.043296003331707786,0,0.0,6,0.0013216270945010265,0.0
bg,50,0.0004222724725803033,0.0004220941585392042,0.4222724725803033,12,12,24,0.03518937271502528,0,0.0,6,0.00037787432877029874,0.0
bg,50,0.001565355727077737,0.0015629053885254417,1.565355727077737,33,33,66,0.047435022032658695,0,0.0,6,0.001726748404424957,0.0
bg,50,0.0005495433527205513,0.000549241354824032,0.5495433527205513,24,24,48,0.022897639696689637,0,0.0,6,0.000697802021524491,0.0
bg,50,0.0010045717586532846,0.0010035625942350006,1.0045717586532845,26,26,52,0.038637375332818635,0,0.0,6,0.0011603468496734182,0.0
bg,50,0.0007868736155554643,0.0007862544454686069,0.7868736155554643,23,23,46,0.03421189632849845,0,0.0,6,0.0007130242145806875,0.0
bg,50,0.000628019316847318,0.0006276249085849846,0.6280193168473179,24,24,48,0.026167471535304913,0,0.0,6,0.0007890714367807606,0.0
bg,50,0.0010444801308998066,0.0010433891921559622,1.0444801308998066,25,25,50,0.04177920523599227,0,0.0,6,0.0009871046271164626,0.0
bg,50,0.0006677711412665915,0.0006673252229694828,0.6677711412665914,28,28,56,0.023848969330949692,0,0.0,6,0.0004206632560656772,0.0
bg,50,0.0006414709800629526,0.0006410594950446896,0.6414709800629526,24,24,48,0.026727957502623023,0,0.0,6,0.0006141588245014948,0.0
bg,50,0.000728084603066101,0.000727554495876879,0.728084603066101,30,30,60,0.024269486768870033,0,0.0,6,0.0006651680234474877,0.0
bg,50,0.0008904063181378401,0.0008896134947264602,0.8904063181378401,23,23,46,0.038713318179906094,0,0.0,6,0.0009923701207861714,0.0
bg,50,0.0003857011064679199,0.0003855523411243893,0.3857011064679199,22,22,44,0.01753186847581454,0,0.0,6,0.0004180284730857372,0.0
bg,50,0.0006781836833471892,0.0006777237502388309,0.6781836833471893,25,25,50,0.02712734733388757,0,0.0,6,0.0006085318431239073,0.0
bg,50,0.0008873857097328254,0.0008865982563349874,0.8873857097328255,28,28,56,0.03169234677617234,0,0.0,6,0.0009404206843172804,0.0
bg,50,0.0009340346281769954,0.0009331622074903616,0.9340346281769953,28,28,56,0.033358379577749835,0,0.0,6,0.0007324667818067723,0.0
bg,50,0.00043088332087994275,0.0004306976604437302,0.43088332087994274,14,14,28,0.030777380062853053,0,0.0,6,0.0003739006061408892,0.0
bg,50,0.0011520651750053616,0.001150737920837902,1.1520651750053617,26,26,52,0.04431019903866776,0,0.0,6,0.001258787833146975,0.0
bg,50,0.0008632617341044693,0.0008625165132829004,0.8632617341044693,22,22,44,0.03923916973202133,0,0.0,6,0.0009760535068729449,0.0
bg,50,0.0008784491212694548,0.0008776774484107957,0.8784491212694547,29,29,58,0.030291349009291542,0,0.0,6,0.0006766567286470461,0.0
bg,50,0.00042580322001638395,0.0004256219116342077,0.42580322001638393,18,18,36,0.023655734445354664,0,0.0,6,0.0004248700879370033,0.0
bg,50,0.0007494087150844208,0.0007488471016621765,0.7494087150844209,24,24,48,0.031225363128517536,0,0.0,6,0.0007689460689115996,0.0
bg,50,0.0008225190590744731,0.0008218425214719323,0.8225190590744731,24,24,48,0.03427162746143638,0,0.0,6,0.0008889918958438413,0.0
bg,50,0.0006841266731119688,0.0006836586438071054,0.6841266731119688,22,22,44,0.031096666959634946,0,0.0,6,0.0004558008919379161,0.0
bg,50,0.0010843953896404947,0.0010832194762794213,1.0843953896404948,32,32,64,0.03388735592626546,0,0.0,6,0.001002505614632914,0.0
bg,50,0.0006412729141647909,0.0006408616832143492,0.6412729141647908,22,22,44,0.02914876882567231,0,0.0,6,0.0005224229119338006,0.0
bg,50,0.0005909410314511909,0.0005905918201485383,0.5909410314511909,24,24,48,0.024622542977132955,0,0.0,6,0.00041386849673463066,0.0
bg,50,0.0006595753035724528,0.0006591402639913701,0.6595753035724528,19,19,38,0.03471448966170804,0,0.0,6,0.0006214731649402346,0.0
bg,50,0.0011872730899665776,0.0011952892731627897,1.1872730899665775,27,27,54,0.04397307740616954,0,0.0,6,0.001158500595199552,0.0
bg,50,0.0005410079617871446,0.0005407152721724277,0.5410079617871446,18,18,36,0.03005599787706359,0,0.0,6,0.0004771353622210601,0.0
bg,50,0.000449362230570987,0.00044916030415672323,0.449362230570987,20,20,40,0.02246811152854935,0,0.0,6,0.0004060289097539279,0.0
bg,50,0.0012364937741841527,0.0012349648573305567,1.2364937741841526,27,27,54,0.04579606571052417,0,0.0,6,0.001508082231984568,0.0
bg,50,0.0008000330376501381,0.0007993929847888065,0.8000330376501381,27,27,54,0.029630853246301412,0,0.0,6,0.0008768659689632723,0.0
bg,50,0.0009109015035173371,0.0009100717619682269,0.9109015035173371,35,35,70,0.026025757243352488,0,0.0,6,0.0007823014356220416,0.0
bg,50,0.0010437261098648243,0.0010426367456724108,1.0437261098648243,27,27,54,0.03865652258758608,0,0.0,6,0.000929867730182753,0.0
bg,50,0.0004969545936609307,0.00049670762979277,0.49695459366093075,20,20,40,0.02484772968304654,0,0.0,6,0.0005315429252366033,0.0
bg,50,0.00045971618728609797,0.0004595048483132452,0.459716187286098,15,15,30,0.0306477458190732,0,0.0,6,0.0004477255283102933,0.0
bg,50,0.0008877555245877033,0.0008869674147162674,0.8877555245877033,26,26,52,0.03414444325337321,0,0.0,6,0.0008384336860546654,0.0
bg,50,0.0010499446173127466,0.0010488422336133228,1.0499446173127467,27,27,54,0.03888683767824988,0,0.0,6,0.0009522922231668736,0.0
bg,50,0.0011023684646216897,0.0011011532483898975,1.1023684646216898,27,27,54,0.040828461652655176,0,0.0,6,0.0007297158984014402,0.0
bg,50,0.0010327783119351607,0.0010317116808935569,1.0327783119351608,31,31,62,0.03331542941726325,0,0.0,6,0.0011595272148920695,0.0
bg,50,0.0007408314394954942,0.0007402826082737492,0.7408314394954942,24,24,48,0.030867976645645594,0,0.0,6,0.0007221770639487494,0.0
bg,50,0.0006760686554226076,0.0006756115865957629,0.6760686554226076,19,19,38,0.03558256081171619,0,0.0,6,0.0006141756696259431,0.0
bg,50,0.0004988026817343041,0.0004985538776189988,0.4988026817343041,23,23,46,0.021687073118882787,0,0.0,6,0.0004938920761717601,0.0
bg,50,0.0009972949129120642,0.000996300315768744,0.9972949129120643,26,26,52,0.038357496650464014,0,0.0,6,0.001112742834682975,0.0
bg,50,0.0012910250437739492,0.0012893582981102975,1.2910250437739492,31,31,62,0.04164596915399836,0,0.0,6,0.0014404004542869636,0.0
bg,50,0.0009342054668675175,0.0009333327270131923,0.9342054668675175,25,25,50,0.0373682186747007,0,0.0,6,0.0010177691693391286,0.0
bg,50,0.0007105302261143151,0.0007100253729120931,0.7105302261143152,15,15,30,0.04736868174095434,0,0.0,6,0.0009140251341456988,0.0
bg,50,0.0005870408605023272,0.0005866962435304278,0.5870408605023272,19,19,38,0.030896887394859324,0,0.0,6,0.0005689940534771193,0.0
bg,50,0.000561561815850439,0.0005612464641774177,0.561561815850439,19,19,38,0.029555885044759946,0,0.0,6,0.000531638768622618,0.0
bg,50,0.0007374947709636447,0.000736950872426446,0.7374947709636447,31,31,62,0.023790153902053055,0,0.0,6,0.0008550882562316145,0.0
bg,50,0.0011413679285276572,0.0011400652077793857,1.1413679285276572,25,25,50,0.04565471714110629,0,0.0,6,0.0008520308077628226,0.0
bg,50,0.0011985355371513897,0.0011970990497175748,1.1985355371513897,31,31,62,0.038662436682302896,0,0.0,6,0.0012035104597716518,0.0
bg,50,0.0012471580178305998,0.0012456026147091607,1.2471580178305999,27,27,54,0.046191037697429625,0,0.0,6,0.0012015117993971656,0.0
bg,50,0.0009767787360794448,0.0009758246393801878,0.9767787360794449,32,32,64,0.030524335502482652,0,0.0,6,0.0009890212323975032,0.0
bg,50,0.0010780085695362728,0.0010768464670602791,1.0780085695362729,24,24,48,0.04491702373067804,0,0.0,6,0.0012414493294869735,0.0
bg,50,0.000630623525534908,0.00063022583950395,0.630623525534908,23,23,46,0.027418414153691652,0,0.0,6,0.0005605271038534204,0.0
bg,50,0.0010415930298805236,0.001040508113840628,1.0415930298805236,30,30,60,0.03471976766268412,0,0.0,6,0.0010688154499616839,0.0
bg,50,0.0009016189578370568,0.0009008060410919257,0.9016189578370568,23,23,46,0.03920082425378508,0,0.0,6,0.0009772774881538614,0.0
bg,50,0.0010534599158898903,0.0010523501380955034,1.0534599158898903,33,33,66,0.0319230277542391,0,0.0,6,0.000896057883098982,0.0
bg,50,0.0008718903385429044,0.0008711301457804599,0.8718903385429044,29,29,58,0.03006518408768636,0,0.0,6,0.0009127773450555446,0.0
bg,50,0.001007373443728067,0.0010063586424729385,1.007373443728067,32,32,64,0.031480420116502095,0,0.0,6,0.0009364609089380024,0.0
bg,50,0.0009342753219998628,0.0009334024516225648,0.9342753219998627,26,26,52,0.03593366623076395,0,0.0,6,0.0009500833170676359,0.0
bg,50,0.0009975023024007398,0.0009965072915574453,0.9975023024007399,29,29,58,0.034396631117266895,0,0.0,6,0.0009130552597727184,0.0
bg,50,0.0010249086795171252,0.0010238582417157753,1.0249086795171252,28,28,56,0.0366038814113259,0,0.0,6,0.0010627553719444072,0.0
bg,50,0.0006766335004701993,0.0006761756675762407,0.6766335004701993,25,25,50,0.027065340018807973,0,0.0,6,0.0006221325338066287,0.0
bg,50,0.0008937567396974657,0.0008929579385877109,0.8937567396974657,23,23,46,0.038858988682498506,0,0.0,6,0.0009267495801686281,0.0
bg,50,0.0005789590161970111,0.0005786238226545752,0.5789590161970111,23,23,46,0.02517213113900048,0,0.0,6,0.0005349401776739136,0.0
bg,50,0.000719521836446539,0.0007190041247734156,0.719521836446539,28,28,56,0.02569720844451925,0,0.0,6,0.0009511267943287491,0.0
bg,50,0.0005461126632903018,0.0005458144242492957,0.5461126632903017,21,21,42,0.026005364918585797,0,0.0,6,0.0007420753829245686,0.0
bg,50,0.0012662271167250979,0.0012646237856139679,1.2662271167250978,35,35,70,0.03617791762071708,0,0.0,6,0.0012993197076362054,0.0
bg,50,0.00038999212787166473,0.0003898400340118628,0.3899921278716647,21,21,42,0.01857105370817451,0,0.0,6,0.0005115221222806317,0.0
bg,50,0.0010436298791126645,0.0010425407157880877,1.0436298791126646,31,31,62,0.033665479971376276,2,0.002,6,0.0009470677202313276,2.094211450454448
bg,50,0.0007655930908001381,0.0007650069580194572,0.765593090800138,21,21,42,0.03645681384762562,0,0.0,6,0.0007353782524052262,0.0
bg,50,0.0006939270976952408,0.0006934455628783251,0.6939270976952407,26,26,52,0.02668950375750926,0,0.0,6,0.00082019673966598,0.0
bg,50,0.0010230216268587694,0.0010219750536097484,1.0230216268587693,31,31,62,0.03300069764060546,0,0.0,6,0.0009850092054215051,0.0
bg,50,0.0007111503854752233,0.0007106446506044617,0.7111503854752232,27,27,54,0.02633890316574901,0,0.0,6,0.0009358254518513034,0.0
bg,50,0.0011184461745835587,0.001117195252738118,1.1184461745835588,28,28,56,0.039944506235127096,0,0.0,6,0.0012420139340644687,0.0
bg,50,0.0011342197746450325,0.0011329333201478364,1.1342197746450324,25,25,50,0.045368790985801294,0,0.0,6,0.0013491526472622863,0.0
bg,50,0.0009742711183889128,0.000973321914176786,0.9742711183889128,20,20,40,0.048713555919445636,0,0.0,6,0.001031472196347103,0.0
bg,50,0.001256467566147549,0.0012548888554027682,1.256467566147549,33,33,66,0.038074774731743914,0,0.0,6,0.0016897289409515247,0.0
bg,50,0.0009544364928305384,0.0009535255438116918,0.9544364928305384,29,29,58,0.03291160320105305,0,0.0,6,0.0007826293323607428,0.0
bg,50,0.0008693749666642314,0.0008686191538315687,0.8693749666642314,27,27,54,0.032199072839415976,0,0.0,6,0.0009686686134856325,0.0
bg,50,0.0007977248174266975,0.000797088452542359,0.7977248174266975,18,18,36,0.044318045412594306,0,0.0,6,0.0006323416745043012,0.0
bg,50,0.0007631622365204091,0.0007625798199211582,0.7631622365204092,25,25,50,0.030526489460816365,0,0.0,6,0.0007467312416615583,0.0
bg,50,0.0007724049256000108,0.0007718083162309195,0.7724049256000107,27,27,54,0.028607589837037435,0,0.0,6,0.0007447279276177237,0.0
bg,50,0.0008435891857309912,0.0008428775430167088,0.8435891857309912,20,20,40,0.04217945928654956,0,0.0,6,0.0008375670027974507,0.0
bg,50,0.0010953388329537005,0.0010941390657947243,1.0953388329537006,25,25,50,0.04381355331814803,0,0.0,6,0.0013277145050224432,0.0
bg,50,0.0007543517453948425,0.0007537826988390623,0.7543517453948425,21,21,42,0.03592151168546869,0,0.0,6,0.0006772801406133251,0.0
bg,50,0.00029731344076267875,0.00029722504548062065,0.29731344076267874,19,19,38,0.01564807582961467,0,0.0,6,0.00032790644511699306,0.0
bg,50,0.0005962351524701575,0.0005958796561131163,0.5962351524701575,22,22,44,0.027101597839552613,0,0.0,6,0.0005542827939559258,0.0
bg,50,0.0006818127836948023,0.0006813479150227926,0.6818127836948022,21,21,42,0.0324672754140382,0,0.0,6,0.0006713400283777811,0.0
bg,50,0.0005091685777517733,0.0005089093251112036,0.5091685777517734,21,21,42,0.024246122750084448,0,0.0,6,0.000504558434063376,0.0
bg,50,0.0008138497991604074,0.000813187447664814,0.8138497991604074,29,29,58,0.028063786177945086,0,0.0,6,0.000886576357016361,0.0
bg,50,0.0006651040340766947,0.0006646616707005496,0.6651040340766947,23,23,46,0.02891756669898673,0,0.0,6,0.0006327747678388428,0.0
bg,50,0.0006830582392522331,0.0006825916706940229,0.6830582392522331,26,26,52,0.026271470740470503,0,0.0,6,0.0005503985967746014,0.0
bg,50,0.0007654094718223803,0.0007648236201628249,0.7654094718223803,27,27,54,0.028348498956384454,0,0.0,6,0.0006379976250450591,0.0
bg,50,0.0005174857178075171,0.0005172179263393824,0.5174857178075172,16,16,32,0.032342857362969823,0,0.0,6,0.000505446750797765,0.0
bg,50,0.0008558614486934193,0.0008551289498740598,0.8558614486934193,28,28,56,0.03056648031047926,0,0.0,6,0.0008021205255458302,0.0
bg,50,0.0008834835324691035,0.0008827029893169594,0.8834835324691035,29,29,58,0.030464949395486326,0,0.0,6,0.0008995556359962166,0.0
bg,50,0.0006263633042260324,0.0006259709732371515,0.6263633042260324,21,21,42,0.029826824010763447,0,0.0,6,0.0006305287114669341,0.0
bg,50,0.0010503878960563071,0.0010492845813241257,1.0503878960563071,24,24,48,0.04376616233567946,0,0.0,6,0.0009728532024121789,0.0
bg,50,0.0007761669066841108,0.0007755644716170792,0.7761669066841108,26,26,52,0.029852573334004262,0,0.0,6,0.0006600461386476088,0.0
bg,50,0.0009974821883323487,0.000996487217616308,0.9974821883323486,26,26,52,0.03836469955124418,0,0.0,6,0.0010933510575382949,0.0
bg,50,0.0013042668110370243,0.0013025656991226518,1.3042668110370244,25,25,50,0.05217067244148097,0,0.0,6,0.0010675545721553434,0.0
bg,50,0.0004584183210124166,0.0004582081736553768,0.45841832101241664,19,19,38,0.024127280053285086,0,0.0,6,0.0004587368521864202,0.0
bg,50,0.0006011605420100353,0.0006007991480127654,0.6011605420100352,25,25,50,0.024046421680401407,0,0.0,6,0.0007642936279613278,0.0
bg,50,0.0009765504184347549,0.00097559676771501,0.9765504184347549,26,26,52,0.0375596314782598,0,0.0,6,0.0007677121595280321,0.0
bg,50,0.0009171991285284946,0.0009163578742871213,0.9171991285284946,25,25,50,0.03668796514113978,0,0.0,6,0.001022951609117064,0.0
bg,50,0.0009448923833592637,0.0009439995617431334,0.9448923833592637,22,22,44,0.04294965378905744,0,0.0,6,0.0011444318968765505,0.0
bg,50,0.0004987319706416927,0.0004984832370631524,0.4987319706416926,19,19,38,0.026249051086404875,0,0.0,6,0.000371056055840379,0.0
bg,50,0.0007502500055908179,0.0007496871305199288,0.7502500055908179,22,22,44,0.03410227298140081,0,0.0,6,0.0008501320416859933,0.0
bg,50,0.0009628322211227954,0.0009775543412752932,0.9628322211227953,20,20,40,0.04814161105613977,0,0.0,6,0.0011727069907017677,0.0
bg,50,0.0005994463456917601,0.0005990870097703967,0.59944634569176,24,24,48,0.02497693107049,0,0.0,6,0.0006121691978355566,0.0
bg,50,0.0006785861602757644,0.0006781256810988466,0.6785861602757643,22,22,44,0.030844825467080197,0,0.0,6,0.0007537376086641544,0.0
bg,50,0.000569845201644323,0.000569520478090486,0.5698452016443231,20,20,40,0.028492260082216152,0,0.0,6,0.0005464399728316778,0.0
bg,50,0.0007599879791254977,0.0007594103973970827,0.7599879791254978,19,19,38,0.03999936732239462,0,0.0,6,0.0008264717869794089,0.0
bg,50,0.0009117060073152672,0.0009108747994714924,0.9117060073152672,25,25,50,0.036468240292610685,0,0.0,6,0.0007560779105458236,0.0
bg,50,0.0005878537554388927,0.0005875081834011091,0.5878537554388927,24,24,48,0.02449390647662053,0,0.0,6,0.0005105580778191877,0.0
bg,50,0.0004988414340957696,0.000498592591319399,0.49884143409576964,19,19,38,0.02625481232082998,0,0.0,6,0.00045744878638169024,0.0
bg,50,0.0008694904059410824,0.0008687343923750587,0.8694904059410824,24,24,48,0.036228766914211764,0,0.0,6,0.001175100071201346,0.0
bg,50,0.0008048342012618192,0.0008041864431702984,0.8048342012618193,28,28,56,0.028744078616493546,0,0.0,6,0.0008136671685949917,0.0
bg,50,0.0006900500590782457,0.0006895738899942118,0.6900500590782457,29,29,58,0.023794829623387782,0,0.0,6,0.0006103183360077238,0.0
bg,50,0.000756857782254559,0.0007562849485519999,0.756857782254559,21,21,42,0.03604084677402662,0,0.0,6,0.0007138552030545958,0.0
bg,50,0.0006934050481556735,0.0006929242375948659,0.6934050481556735,21,21,42,0.03301928800741302,0,0.0,6,0.0006987664538672462,0.0
bg,50,0.0007901502605159365,0.0007895259230817432,0.7901502605159365,17,17,34,0.046479427089172735,0,0.0,6,0.0008964644220520404,0.0
bg,50,0.0006160321589473909,0.0006156526633265335,0.6160321589473909,20,20,40,0.030801607947369546,0,0.0,6,0.0006684981607397075,0.0
