ligand_type,r_max,time_weighted_mean_b,time_weighted_variance,total_bound_time,n_binding_events,n_unbinding_events,binding_unbinding_events,mean_bound_dwell_time,total_signal,signal_rate,ratio,time_weighted_variance_observed,total_signal_observed
ag,50,2.2114892408548803,1.4980566015297276,2211.4892408548803,2284,2284,4568,0.9682527324233277,4457,4.457,12,1.4043332127849855,4262.720976970014
ag,50,1.3225305957392808,0.8863415765233112,1322.5305957392807,1311,1310,2621,1.0095653402589928,1506,1.506,12,0.631451448423445,1635.3241049892472
ag,50,1.3115744188624843,0.843451758328121,1311.5744188624842,1301,1299,2600,1.0096800761066083,1472,1.472,12,0.9158165553976321,1260.7901366028057
ag,50,0.6561619554343668,0.4574256169533997,656.1619554343669,674,673,1347,0.9749806172873208,326,0.326,12,0.46012608593178,330.22653590747944
ag,50,1.3383179436132464,0.8281512007388628,1338.3179436132464,1298,1297,2595,1.0318565486609454,1471,1.471,12,0.8921927388881309,1342.5125684041238
ag,50,2.9595340589616335,1.875175411747667,2959.5340589616335,2955,2951,5906,1.0028919210307128,7645,7.645,12,1.7527609144811354,5698.030474727168
ag,50,1.6125124105478006,1.0679757834499233,1612.5124105478005,1615,1613,3228,0.9996977126768757,2444,2.444,12,0.7392581850719016,2485.721194512386
ag,50,1.6843153502094879,1.048694197090788,1684.3153502094879,1622,1621,3243,1.0390594387473706,2286,2.286,12,0.9313141732014698,2419.448322790587
ag,50,1.0374414313448326,0.6564595898576172,1037.4414313448326,970,970,1940,1.0695272488091059,849,0.849,12,0.6629949300894804,807.6954017130399
ag,50,2.002270987491775,1.3048702708804125,2002.2709874917746,2006,2003,4009,0.9996360396863577,3509,3.509,12,1.5125368878676686,2701.4906817515757
ag,50,0.9971555154184322,0.6466449900384232,997.1555154184322,1039,1038,2077,0.9606507855668903,862,0.862,12,0.7608840672133623,961.2451909533422
ag,50,0.9940457741010331,0.6470201862363205,994.0457741010331,977,977,1954,1.0174470563981914,845,0.845,12,0.6121129779795712,882.7319598054341
ag,50,3.477768489934667,2.262903034987487,3477.768489934667,3530,3526,7056,0.9863211826246928,10779,10.779,12,2.501447422646156,11445.035182067848
ag,50,1.0060160292944393,0.6608365392475188,1006.0160292944394,996,994,1990,1.0120885606583896,821,0.821,12,0.6443281367545851,882.6540159520697
ag,50,2.82044272164341,1.8078495703484603,2820.4427216434096,2925,2922,5847,0.9652439156890519,7323,7.323,12,2.1276747684479447,7185.213766903701
ag,50,2.225730765191466,1.4738241317251857,2225.730765191466,2249,2247,4496,0.9905343859330068,4385,4.385,12,1.8252626755364827,3568.532758745062
ag,50,1.317869990278669,0.8618177847782192,1317.869990278669,1341,1339,2680,0.9842195595807834,1607,1.607,12,0.6754670367458478,1977.931908399613
ag,50,2.564934112323886,1.677392111151748,2564.934112323886,2563,2562,5125,1.0011452429054981,5966,5.966,12,1.621862108213272,5729.854899316371
ag,50,2.8904654573074637,1.8846134815056699,2890.4654573074636,2945,2940,5885,0.983151516090974,7660,7.66,12,2.014573147736438,7291.3088640124915
ag,50,1.927962226335804,1.3287087644375697,1927.962226335804,1967,1966,3933,0.9806522005777233,3356,3.356,12,1.5054227588633569,3800.4921146671395
ag,50,0.9654972158797936,0.6150407975594523,965.4972158797937,999,998,1997,0.9674320800398734,861,0.861,12,0.7384741584065839,680.8381966834155
ag,50,0.9545827045534314,0.6511646952050353,954.5827045534314,965,965,1930,0.9892048751849031,749,0.749,12,0.6093354810459276,521.3381365660895
ag,50,1.310275563123525,0.8085772954332233,1310.275563123525,1346,1345,2691,0.9741825748130297,1603,1.603,12,0.6906475655313725,1430.8289418559077
ag,50,1.0379840274806817,0.6807528200753187,1037.9840274806818,992,991,1983,1.0474107239966517,847,0.847,12,0.7142501097143119,1111.1333320223966
ag,50,3.4743826686343624,2.19327058039064,3474.3826686343623,3441,3435,6876,1.0114651145951563,10739,10.739,12,2.4555727430979375,11264.73820014061
ag,50,2.292996539671798,1.4637621808200996,2292.996539671798,2273,2271,4544,1.0096858386929979,4780,4.78,12,1.3728109032028368,4866.474726593604
ag,50,1.3503322729467018,0.9172347301468889,1350.3322729467018,1332,1330,2662,1.0152874232681968,1584,1.584,12,0.9093920280610621,999.9851337848853
ag,50,1.6403160434062156,1.1299025214875047,1640.3160434062156,1641,1639,3280,1.0008029550983621,2353,2.353,12,1.1488459426655735,2268.942428144575
ag,50,0.6234480313534696,0.4178864543533249,623.4480313534696,655,654,1309,0.9532844516108098,289,0.289,12,0.3858524656826454,298.03937981543646
ag,50,1.2944828259113528,0.9164165607528614,1294.4828259113528,1315,1315,2630,0.9843975862443748,1452,1.452,12,0.9918679846507366,1468.5307196426163
ag,50,1.5754351495308674,1.0247968531633576,1575.4351495308674,1638,1637,3275,0.9623916612894731,2337,2.337,12,1.295666025909029,2220.6871211927373
ag,50,1.3772383431718793,0.8781690929826798,1377.2383431718793,1387,1385,2772,0.9943959156475662,1677,1.677,12,1.0707983840356707,1109.7916498944098
ag,50,1.366618314196811,0.8572078884707095,1366.6183141968108,1325,1325,2650,1.0314100484504232,1643,1.643,12,0.765692778563286,1689.2391255040714
ag,50,1.3542561875011132,0.8441769097974885,1354.2561875011131,1351,1350,2701,1.003152731482306,1648,1.648,12,0.6259382898557441,1474.4153900861338
ag,50,2.3065613213823672,1.536232904433451,2306.561321382367,2271,2268,4539,1.0170023462885216,4528,4.528,12,1.3220400355375508,4062.2641203522403
ag,50,1.943972802551082,1.318427348993525,1943.9728025510822,1950,1947,3897,0.9984451990503761,3374,3.374,12,1.1357407541858666,3373.1660346635326
ag,50,1.6412456645772167,1.048761766527573,1641.2456645772168,1636,1633,3269,1.005049396556777,2311,2.311,12,0.9112891643071457,2149.709050902073
ag,50,1.8729594011975281,1.2716069674089965,1872.9594011975282,1975,1975,3950,0.9483338740240649,3276,3.276,12,1.01128543186157,3000.5136010768465
ag,50,1.9791975472625418,1.3054625958799564,1979.1975472625418,1973,1971,3944,1.0041590802955564,3262,3.262,12,1.3293124628909403,2865.553652955179
ag,50,0.0,0.0,0.0,0,0,0,,0,0.0,12,0.0,0.0
ag,50,3.158604185133054,2.0138785067287444,3158.604185133054,3235,3230,6465,0.9778960325489332,8957,8.957,12,2.5819399463789656,7529.513515681553
ag,50,0.9798769864629423,0.6276690228518498,979.8769864629423,1024,1023,2047,0.9578465165815663,772,0.772,12,0.5962582389069399,726.4982028747777
ag,50,1.349171830165103,0.8324899600239092,1349.171830165103,1358,1357,2715,0.99423126762351,1570,1.57,12,0.9793089861059496,1464.459478065548
ag,50,1.3611579673935321,0.8713242959564775,1361.157967393532,1385,1383,2768,0.9842067732418888,1558,1.558,12,0.8273446405193616,1653.7840572243858
ag,50,2.6129647872911455,1.5785306684393399,2612.9647872911455,2589,2586,5175,1.0104272185967307,5921,5.921,12,1.3750165079460415,5775.293124849374
ag,50,1.6010977216264055,1.028418288735017,1601.0977216264055,1633,1631,3264,0.981666291616435,2243,2.243,12,1.0041023090522216,1846.9165781569054
ag,50,0.9459747300731225,0.6390633317931416,945.9747300731225,956,956,1912,0.9895133159760695,778,0.778,12,0.7726407492008589,917.44923404799
ag,50,2.0567920758952627,1.2764175773724293,2056.7920758952628,1953,1950,3903,1.0547651671257758,3493,3.493,12,1.358056747640181,3345.1885974597503
ag,50,2.2534034495698516,1.5230191076502346,2253.4034495698515,2315,2315,4630,0.9733924188206702,4695,4.695,12,1.5443557645894193,4425.37722927864
ag,50,1.8482528746198323,1.2428630927306459,1848.2528746198323,1932,1928,3860,0.9586373831015728,3040,3.04,12,1.208938233031786,2711.607743368835
ag,50,0.9819136454223313,0.6837112444296579,981.9136454223312,1006,1005,2011,0.9770285029077923,864,0.864,12,0.6546740009725991,720.2590434431877
ag,50,0.9741543653052527,0.6694460325743326,974.1543653052527,971,971,1942,1.0032485739497967,859,0.859,12,0.5112505903624225,881.4815967263982
ag,50,2.583283962126817,1.6664956323002396,2583.283962126817,2569,2567,5136,1.006343576987463,5998,5.998,12,1.9268251221854211,5050.226535592285
ag,50,0.9780041335973245,0.6542947412329072,978.0041335973245,974,973,1947,1.0051429944474044,794,0.794,12,0.7804818815220461,845.1152301698401
ag,50,3.2479316050041978,2.0786626930434133,3247.9316050041975,3192,3188,6380,1.0187991232760971,9125,9.125,12,2.279659833739172,9625.419606099105
ag,50,2.5059923862482636,1.6544148406655979,2505.9923862482638,2537,2535,5072,0.9885571543385656,5532,5.532,12,1.641166428172801,5718.3204813099455
ag,50,0.0,0.0,0.0,0,0,0,,0,0.0,12,0.0,0.0
ag,50,1.025255825125017,0.6381957759628906,1025.255825125017,992,990,1982,1.0356119445707244,804,0.804,12,0.7687319553408166,906.341862810927
ag,50,1.7159129861525904,1.0627698574321864,1715.9129861525903,1657,1655,3312,1.0368054296994502,2460,2.46,12,1.1877456058266822,2877.162735955417
ag,50,1.2930019852093182,0.8425696239718578,1293.0019852093183,1327,1327,2654,0.9743797929233747,1439,1.439,12,0.5641337831587336,1304.0213580949664
ag,50,3.1718398032936372,2.0570705777956952,3171.839803293637,3172,3165,6337,1.0021610752902486,8736,8.736,12,2.0471901334742393,8161.80898230754
ag,50,1.5799108100446624,1.0598395288489064,1579.9108100446624,1623,1622,3245,0.9740510542815428,2178,2.178,12,1.0812085560454912,2307.3982883224826
ag,50,2.3072462532438527,1.5604962823394306,2307.2462532438526,2301,2301,4602,1.0027145820268808,4675,4.675,12,1.8256268011178307,5229.648446119786
ag,50,1.2672973182344807,0.8281912003511095,1267.2973182344806,1325,1324,2649,0.9571732010834446,1539,1.539,12,0.8135017828594664,1878.5653777400953
ag,50,3.2152801531610398,2.125282830271548,3215.28015316104,3274,3269,6543,0.9835668868648026,9563,9.563,12,2.23707789946434,11600.353641998981
ag,50,1.4163953140756826,0.9378117596138514,1416.3953140756826,1318,1318,2636,1.0746550182668304,1479,1.479,12,0.8714792332592143,1536.9007798109783
ag,50,1.345653286816887,0.8622028020682742,1345.653286816887,1322,1321,2643,1.0186625941081657,1626,1.626,12,0.7146713068335748,2247.457896223542
ag,50,1.3118140857804599,0.831984811988418,1311.81408578046,1355,1353,2708,0.969559560813348,1628,1.628,12,0.6507661355742768,1802.5910625850777
ag,50,1.3397726531819567,0.9083796914457416,1339.7726531819567,1311,1310,2621,1.0227272161694325,1607,1.607,12,0.7326413761887317,1435.5366038834638
ag,50,2.5647272078963836,1.6735820924431897,2564.727207896384,2592,2587,5179,0.9913904939684514,6002,6.002,12,1.7807077166293903,5976.653874337381
ag,50,2.0502363954852107,1.2957249198991345,2050.236395485211,1991,1991,3982,1.0297520821121098,3487,3.487,12,1.1331371686503047,3037.809503743033
ag,50,1.9644572842789787,1.3093633760858157,1964.4572842789787,1969,1968,3937,0.9981998395726518,3418,3.418,12,1.5376974179243859,3801.503335815305
ag,50,0.9801572495991092,0.6297369626414565,980.1572495991093,962,961,1923,1.019934703016763,767,0.767,12,0.6860844507065446,769.4835895089996
ag,50,1.9267013445734256,1.2377617787051167,1926.7013445734256,1963,1962,3925,0.9820088402514912,3281,3.281,12,1.3999337114201553,3037.6968971368374
ag,50,1.016021610636602,0.6968216406551713,1016.021610636602,976,975,1951,1.0420734468067712,813,0.813,12,0.5932443402836216,641.0459095219634
ag,50,0.6909550813387679,0.4588919481813605,690.955081338768,683,682,1365,1.01313061779878,358,0.358,12,0.3204875133089925,375.4595259938687
ag,50,1.6662425816760649,1.0671946267307204,1666.242581676065,1616,1614,3230,1.0323683901338692,2334,2.334,12,0.8044181833445043,2657.651415325736
ag,50,2.3195399310826077,1.6197621675046807,2319.539931082608,2299,2297,4596,1.009812769300221,4856,4.856,12,1.5544965884058577,6012.730756244834
ag,50,1.277233373869649,0.848241659310358,1277.233373869649,1268,1267,2535,1.0080768538829117,1361,1.361,12,0.7348831280367862,1396.5698473038708
ag,50,0.9527295291909995,0.639191928252212,952.7295291909995,991,989,1980,0.9633261164721937,763,0.763,12,0.49232184781008365,716.9903852490268
ag,50,2.577415389302978,1.8165289319611315,2577.415389302978,2657,2654,5311,0.9711437035806247,6050,6.05,12,1.6876819134554997,5314.828650595227
ag,50,1.034019078142842,0.6447494938730133,1034.019078142842,1012,1012,2024,1.021757982354587,920,0.92,12,0.6383555434732467,1061.8855783898903
ag,50,0.7115955924629137,0.4430081670028278,711.5955924629137,660,660,1320,1.078175140095324,355,0.355,12,0.42778383708127554,280.1657341113761
ag,50,1.3610453772566569,0.9120934561110416,1361.0453772566568,1332,1331,2663,1.022573536631598,1626,1.626,12,0.9723067390557176,1606.253989976451
ag,50,1.3130656856375758,0.9049624930079921,1313.0656856375758,1309,1308,2617,1.0038728483467705,1537,1.537,12,0.8802922204307401,1136.3871379480672
ag,50,0.9762071351379509,0.655390004426667,976.2071351379509,964,964,1928,1.0126630032551358,735,0.735,12,0.6767661609419472,652.0750923461371
ag,50,0.9808431749921169,0.6628933452497091,980.8431749921169,1004,1004,2008,0.9769354332590806,836,0.836,12,0.5849241915859226,810.1899912269078
ag,50,0.3540224677387104,0.22869056007490415,354.02246773871036,331,331,662,1.0695542831985207,53,0.053,12,0.15561613295502594,57.37660753766809
ag,50,2.220395321422946,1.5294455587851066,2220.395321422946,2226,2223,4449,0.9988283047336689,4496,4.496,12,1.5977540809676902,3065.7516605489645
ag,50,1.2798419494592894,0.8054068053414634,1279.8419494592895,1323,1321,2644,0.9688432622704689,1490,1.49,12,0.6600895596236377,1420.0124978271435
ag,50,2.231351135422305,1.4359734125439825,2231.351135422305,2263,2262,4525,0.986450546163707,4681,4.681,12,1.4261532842684796,5325.753380489035
ag,50,1.88812947018551,1.3251951626480263,1888.12947018551,1920,1919,3839,0.983913220523976,3114,3.114,12,1.7212841246540704,3002.933702345149
ag,50,1.9417352161573616,1.3343526561952253,1941.7352161573615,1940,1937,3877,1.002444613400806,3379,3.379,12,1.1665479599427615,4232.318019038973
ag,50,1.6280960162318416,1.0720143037840404,1628.0960162318415,1609,1607,3216,1.0131275769955455,2269,2.269,12,1.069556163630964,2673.536444292308
ag,50,1.66637531064887,1.160221958818007,1666.3753106488698,1713,1711,3424,0.9739189425183342,2367,2.367,12,1.1017506413138551,2490.2830825142196
ag,50,1.3150631991274835,0.8596321659581609,1315.0631991274836,1276,1274,2550,1.0322317104611332,1487,1.487,12,0.7990784960773712,1646.8516385844625
ag,50,0.0,0.0,0.0,0,0,0,,0,0.0,12,0.0,0.0
ag,50,1.6553356904485763,1.1129501225023406,1655.3356904485763,1653,1650,3303,1.003233751787016,2605,2.605,12,1.2415997274860329,2348.4674315547186
ag,50,1.3068631758223292,0.8766124592682072,1306.8631758223291,1319,1317,2636,0.9923030947777746,1435,1.435,12,0.7601160543209059,1465.209829423823
ag,50,0.3314876454336815,0.22160358635851535,331.48764543368145,336,336,672,0.9865703733145281,65,0.065,12,0.23347434672807432,69.19825858899793
ag,50,1.2644872339186857,0.8709147232653327,1264.4872339186857,1339,1338,2677,0.9450577234070894,1438,1.438,12,0.9984157651739747,1351.6850955938817
ag,50,3.50665924531942,2.3654127587708134,3506.65924531942,3455,3452,6907,1.015834080335869,10480,10.48,12,2.4784229320211404,11135.04971707454
ag,50,1.0192226327962706,0.6534544777411979,1019.2226327962705,1001,1000,2001,1.0192226327962706,827,0.827,12,0.7289702585398609,599.5109809886508
ag,50,1.033987269780706,0.6745232284290213,1033.987269780706,1032,1030,2062,1.0038711357094232,860,0.86,12,0.6395471654336802,850.2926814911576
ag,50,2.1988445210681076,1.4565687613951073,2198.8445210681075,2259,2256,4515,0.9746651245869271,4435,4.435,12,1.8446897525076142,4945.851134552641
ag,50,1.6806032639673911,1.0922667066855614,1680.603263967391,1664,1662,3326,1.0111932996193689,2384,2.384,12,1.1059333213889622,2588.6808615193213
ag,50,1.9442840896488482,1.241847849645445,1944.2840896488483,1980,1976,3956,0.983949438081401,3358,3.358,12,1.3830433868449243,3871.389895831928
ag,50,1.964196045831381,1.2500136076760955,1964.196045831381,2008,2004,4012,0.9801377474208488,3417,3.417,12,0.8162209311079914,3552.1680992298548
ag,50,2.8726592318307547,1.9047332097406038,2872.659231830755,2902,2900,5802,0.9905721489071568,7435,7.435,12,1.7893868274468383,7644.365604162273
ag,50,2.6049326807870954,1.6985493792370256,2604.9326807870953,2583,2582,5165,1.0088817508857844,5672,5.672,12,1.6475709774999598,5874.016372607387
ag,50,0.9552236679314735,0.6539095628308758,955.2236679314735,1005,1003,2008,0.9523665682267931,730,0.73,12,0.5730741164133947,854.5114377432359
ag,50,1.3285238611510994,0.8374370199224879,1328.5238611510995,1323,1322,2645,1.0049348420204989,1400,1.4,12,0.787555263831366,1617.6677101471732
ag,50,1.0320657283527146,0.6591244124134875,1032.0657283527146,1013,1013,2026,1.018821054642364,915,0.915,12,0.8158073984975601,964.1474962214144
ag,50,1.2880864479672083,0.8599138003797753,1288.0864479672082,1327,1326,2653,0.9714075776524949,1379,1.379,12,0.8521262327803232,874.6740302923653
ag,50,0.6375473906126203,0.4386040789656886,637.5473906126203,645,644,1289,0.9899804202059322,306,0.306,12,0.5195638393408112,349.1642158805437
ag,50,1.944566190596835,1.2929134835837963,1944.566190596835,1923,1921,3844,1.0122676681920015,3241,3.241,12,1.268842319472099,3468.223110510258
ag,50,3.2944039051124427,2.076811207997556,3294.4039051124428,3261,3253,6514,1.0127279142675816,9379,9.379,12,1.535447003424386,8817.107423304607
ag,50,1.9372850105967003,1.299851342374445,1937.2850105967004,1948,1947,3895,0.9950102776562406,3384,3.384,12,1.3118285321004168,3388.6421935497274
ag,50,0.3515691465786837,0.22796828175261974,351.5691465786837,316,316,632,1.1125605904388725,53,0.053,12,0.19479279110125886,52.44537908659393
ag,50,2.2651912293155387,1.4221167358573128,2265.1912293155387,2303,2300,4603,0.9848657518763212,4555,4.555,12,1.451307144649361,4353.051832952986
ag,50,1.2378042726989966,0.8238420703383615,1237.8042726989966,1271,1269,2540,0.9754170785650091,1367,1.367,12,0.7997207426653584,1487.952627379044
ag,50,1.984376764930973,1.2659959955979225,1984.376764930973,1929,1928,3857,1.029241060648845,3547,3.547,12,1.0082428695363914,3318.258903552801
ag,50,0.946804986219483,0.6305137805461343,946.804986219483,945,945,1890,1.0019100383274953,750,0.75,12,0.6520302242268078,1076.1721702004638
ag,50,1.5491074060894183,1.0971125723796882,1549.1074060894184,1623,1618,3241,0.9574211409699743,2169,2.169,12,0.79899253119285,2112.011623363351
ag,50,0.3367180042945815,0.2233389898784557,336.7180042945815,343,343,686,0.981685143715981,63,0.063,12,0.24571491588192493,62.375604566765546
ag,50,3.237450604549628,2.0512652143024614,3237.450604549628,3147,3145,6292,1.029396058680327,9055,9.055,12,1.867199427186065,6850.583497269638
ag,50,0.34087872297638566,0.22468041919837417,340.8787229763857,334,333,667,1.023659828757915,68,0.068,12,0.1664581339701481,57.50402822474772
ag,50,1.6883996798368963,1.1290057796848596,1688.3996798368962,1648,1645,3293,1.0263827840953776,2437,2.437,12,0.9648434348960319,2867.5400499971656
ag,50,0.96178130522135,0.6676709153832203,961.78130522135,976,974,1950,0.9874551388309548,801,0.801,12,0.6183590914257826,983.3511514307658
ag,50,1.3204714622307985,0.9217579265363276,1320.4714622307986,1353,1353,2706,0.9759582130308933,1681,1.681,12,1.0020733573754899,1415.3303460146499
ag,50,1.5236916645210155,1.1121622067352641,1523.6916645210154,1645,1645,3290,0.9262563310158148,2097,2.097,12,1.3071667192816638,2828.8618691366637
ag,50,2.3150964496476654,1.4447916244642152,2315.0964496476654,2306,2303,4609,1.0052524748795768,4824,4.824,12,1.2803072307546695,5606.796064782714
ag,50,0.6707493254398361,0.438005038534885,670.7493254398361,660,659,1319,1.0178290219117392,309,0.309,12,0.48178482475957113,325.52654897087655
ag,50,1.545898767657553,1.084920988149825,1545.898767657553,1599,1598,3197,0.9673959747544136,2084,2.084,12,1.319326658891723,2037.4239881441936
ag,50,1.6114178832948345,1.0113996137551433,1611.4178832948344,1610,1610,3220,1.0008806728539343,2209,2.209,12,0.889261151865294,2504.3489974034633
ag,50,1.388355169201191,0.887843963822959,1388.355169201191,1360,1359,2719,1.0216005660052914,1678,1.678,12,0.9325243460676984,1431.4503242363232
ag,50,1.6363251574611868,1.1609736876370889,1636.3251574611868,1669,1668,3337,0.9810102862477139,2343,2.343,12,1.3420531819757735,2783.9908168395327
ag,50,2.2818735247075628,1.5458795006259607,2281.873524707563,2256,2255,4511,1.0119173058570123,4743,4.743,12,1.5851787924676854,5463.892004687744
ag,50,1.3144672411253164,0.907743696234184,1314.4672411253164,1312,1310,2622,1.0034101077292492,1591,1.591,12,1.0876849912804067,1321.7634362468555
ag,50,1.2827212790005842,0.886015782300165,1282.7212790005842,1297,1296,2593,0.9897540733029199,1430,1.43,12,0.8078961685175872,1557.9493641181598
ag,50,2.902066145389213,1.852553036686792,2902.066145389213,2890,2885,5775,1.0059154750049266,7349,7.349,12,1.5886552312120605,7472.014712826275
ag,50,2.608981739972497,1.7000267843432224,2608.981739972497,2622,2619,5241,0.9961747766218011,5938,5.938,12,1.8658032145916361,7624.883055234853
ag,50,1.3081397395507415,0.8610411189831209,1308.1397395507415,1365,1364,2729,0.9590467298759102,1522,1.522,12,0.7877328966923721,1514.4876540747805
ag,50,2.0333380278241426,1.3518920759797919,2033.3380278241425,1985,1984,3969,1.0248679575726525,3573,3.573,12,1.525686987498558,4519.6100019208425
ag,50,2.2068025309164208,1.4561869773171139,2206.802530916421,2259,2257,4516,0.9777592073178648,4432,4.432,12,1.7017963175336142,4509.925141550708
ag,50,1.3255029743141595,0.9232294967594539,1325.5029743141595,1325,1324,2649,1.0011351769744408,1428,1.428,12,0.8400834197935064,1359.1346874827539
ag,50,1.6029667268802867,1.055080307453018,1602.9667268802868,1605,1603,3208,0.9999792432191433,2219,2.219,12,0.904682314698339,2002.5117112825883
ag,50,1.8569459753126532,1.2728193105831838,1856.9459753126532,1961,1959,3920,0.9479050409967602,3222,3.222,12,1.0828167691331492,3328.2570387419423
ag,50,0.33556404109035876,0.2229608154174668,335.5640410903587,323,323,646,1.0388979600320705,60,0.06,12,0.18017195392636062,56.47912773147242
ag,50,2.2734143423253417,1.5084135026571561,2273.4143423253417,2343,2340,4683,0.9715445907373256,4673,4.673,12,1.7366235538911443,4909.894419045015
ag,50,1.6140177496485322,1.052343801607093,1614.0177496485321,1646,1644,3290,0.9817626214407129,2347,2.347,12,1.0706538615364616,2504.7904628819106
ag,50,2.01928486943312,1.3524641641470714,2019.2848694331199,1996,1992,3988,1.013697223611004,3597,3.597,12,0.9699760828195801,3189.820030290792
ag,50,1.9371218383761024,1.238870351172542,1937.1218383761025,1982,1979,3961,0.9788387258090462,3266,3.266,12,1.6738466153015508,3822.8356141524227
ag,50,1.3650864550723762,0.8485688083266377,1365.0864550723763,1300,1297,2597,1.052495339300213,1542,1.542,12,0.7070410032545349,1860.8218246567192
ag,50,0.9929559020280984,0.6020990031985184,992.9559020280983,1010,1010,2020,0.9831246554733647,858,0.858,12,0.6770102015009991,850.44378519061
ag,50,2.5896923126384044,1.728919698807578,2589.6923126384045,2603,2602,5205,0.9952699126204475,5798,5.798,12,1.8872875405327751,6584.303438534182
ag,50,0.9875568824032641,0.6573520509532158,987.5568824032641,991,990,1981,0.9975322044477415,800,0.8,12,0.6482516582835359,823.7609026238754
ag,50,1.3861432444727906,0.9144992351690442,1386.1432444727907,1288,1287,2575,1.0770343779897364,1556,1.556,12,0.8930524152074915,1558.77705634563
ag,50,1.6529602217965416,1.0770402577838605,1652.9602217965416,1629,1626,3255,1.0165807022118953,2366,2.366,12,1.287657170691906,2251.3043568778667
ag,50,3.1798677296926563,2.062649613322882,3179.867729692656,3203,3198,6401,0.9943301218551145,9206,9.206,12,2.4845494305593774,9746.215960046959
ag,50,1.8783413636849216,1.2632816185904125,1878.3413636849216,1927,1924,3851,0.976268900044138,3161,3.161,12,1.4121773634090313,3141.6340314389936
ag,50,1.2679603047570227,0.85947114487763,1267.9603047570226,1272,1272,2544,0.9968241389599235,1284,1.284,12,0.8857630894000252,1504.6899382542433
ag,50,0.9274838229465401,0.6207662286200897,927.48382294654,984,984,1968,0.9425648607180285,760,0.76,12,0.61018258598515,603.7870534882495
ag,50,1.6429130120350461,1.0534191258328878,1642.9130120350462,1637,1633,3270,1.006070429905111,2321,2.321,12,1.1925847588849532,2476.478674423348
ag,50,1.9967863619850403,1.2938333284386145,1996.7863619850402,1990,1987,3977,1.00492519475845,3350,3.35,12,1.5765828627354783,4323.092096138323
ag,50,1.2844378233524039,0.8478004169314056,1284.437823352404,1303,1299,2602,0.9887897023498106,1542,1.542,12,0.7517478890483338,1731.5776881505865
ag,50,1.5534709776217976,1.078446143763187,1553.4709776217976,1632,1630,3262,0.9530496795225752,2269,2.269,12,1.1368308033369747,2364.270420537276
ag,50,0.0,0.0,0.0,0,0,0,,0,0.0,12,0.0,0.0
ag,50,1.7301408457606586,1.1061362535601598,1730.1408457606585,1642,1640,3282,1.054963930341865,2497,2.497,12,0.777150995330249,2704.569900409526
ag,50,1.0043246731496387,0.6469868468605992,1004.3246731496387,973,971,1944,1.0343199517504003,842,0.842,12,0.48269353518809804,671.4687007590323
ag,50,3.0692527758317794,2.049616762270894,3069.252775831779,3162,3161,6323,0.9709752533476049,8408,8.408,12,2.4931448579145488,7695.701055435096
ag,50,2.2469037383659223,1.462931785076471,2246.9037383659224,2264,2263,4527,0.9928872021060197,4379,4.379,12,1.0279752202707566,5110.217543589865
ag,50,1.666890328902832,1.0926231783235505,1666.8903289028322,1648,1645,3293,1.0133071908223903,2408,2.408,12,1.368750532055024,2322.9116252087556
ag,50,2.2472238392684414,1.4522836360789975,2247.223839268441,2279,2278,4557,0.9864898328658653,4709,4.709,12,2.0809806431379765,4500.178869222274
ag,50,1.636966176608871,1.0641384687766844,1636.966176608871,1675,1674,3349,0.9778770469587043,2424,2.424,12,1.1846635684995583,2334.753925707349
ag,50,2.1888527721171904,1.464307000226179,2188.8527721171904,2257,2255,4512,0.9706664177903284,4423,4.423,12,1.5649805947713649,4700.419737109932
ag,50,1.9515433910316151,1.1988482257498614,1951.543391031615,1965,1962,3927,0.9946704337571942,3379,3.379,12,1.2556384104828098,3338.860245629077
ag,50,1.2854924950801123,0.826856592020822,1285.4924950801123,1322,1320,2642,0.973857950818267,1469,1.469,12,0.8358448103785873,1630.1098013003805
ag,50,0.6702002761748188,0.43635722167330043,670.2002761748188,676,675,1351,0.9928892980367686,352,0.352,12,0.489240145042996,300.97212277018326
ag,50,1.7137672027147874,1.119358684134514,1713.7672027147873,1684,1683,3367,1.0182811662001112,2622,2.622,12,1.1580586335368277,3062.144894923853
ag,50,1.3464295593683346,0.9050446396956582,1346.4295593683346,1297,1297,2594,1.0381106857119002,1537,1.537,12,0.9521917564830902,1527.760860851836
ag,50,1.3359213214568681,0.8675568015922117,1335.921321456868,1345,1343,2688,0.9947292043610336,1621,1.621,12,0.6617291356649772,1547.7946600134203
ag,50,2.2565078039707767,1.4358609766082127,2256.507803970777,2294,2291,4585,0.9849444801269214,4621,4.621,12,1.2751739160938025,4730.474501366938
ag,50,1.6403027494855413,1.0741515936261898,1640.3027494855414,1657,1655,3312,0.9911194860939827,2380,2.38,12,1.0495911478203939,1892.3546829240943
ag,50,0.9820141018748993,0.6346275659965482,982.0141018748993,983,983,1966,0.9989970517547297,876,0.876,12,0.751128068243953,892.5192711154078
ag,50,1.625582753300721,1.094349957287753,1625.582753300721,1672,1670,3342,0.9734028462878569,2510,2.51,12,1.189582763917793,3048.0234479971914
ag,50,1.9952375476774926,1.2427173928236084,1995.2375476774926,1982,1978,3960,1.008714634821786,3527,3.527,12,1.2222866881428012,3688.416255255058
ag,50,1.3447499965723542,0.8718587542862225,1344.7499965723541,1342,1341,2683,1.0027964180256184,1552,1.552,12,0.8929266311897033,1610.8438699957499
ag,50,2.647897964876958,1.712778517511119,2647.8979648769578,2501,2497,4998,1.0604317039955777,6065,6.065,12,1.444978032820182,6021.476361043871
ag,50,2.275676002025364,1.558623361185635,2275.676002025364,2242,2241,4483,1.0154734502567444,4535,4.535,12,1.9186336566626097,4684.99604292043
ag,50,0.3163101196853398,0.21625802786998582,316.31011968533977,332,332,664,0.9527413243534331,68,0.068,12,0.206956707173222,73.53498122676426
ag,50,1.2985740271324866,0.8738917159797163,1298.5740271324867,1320,1318,2638,0.9852610221035559,1485,1.485,12,0.8542942388084267,1171.4451405151374
ag,50,1.3002157684693434,0.8428748389281406,1300.2157684693434,1267,1265,2532,1.0278385521496787,1345,1.345,12,0.8384106496743187,1028.6432376790067
ag,50,1.6338412328371748,1.1301960981434658,1633.8412328371749,1704,1702,3406,0.9599537208209018,2516,2.516,12,1.140217903447546,2503.3990982987766
ag,50,0.650139056757759,0.44133252024891,650.1390567577589,654,654,1308,0.9940964170607934,321,0.321,12,0.33823065542600717,267.5856126282863
ag,50,1.6522084353629358,1.0477845352965733,1652.208435362936,1634,1632,3266,1.0123826197076813,2301,2.301,12,1.0430913137927316,2544.3485455867567
ag,50,2.601842504847389,1.654331871484315,2601.842504847389,2557,2555,5112,1.0183336613884106,5649,5.649,12,2.133137071784427,5916.940997800236
ag,50,1.6677193209615115,1.119794159527874,1667.7193209615116,1572,1571,3143,1.0615654493707902,2113,2.113,12,1.14459596082486,1940.5495031547744
ag,50,0.6662204451761164,0.4269957904686496,666.2204451761164,672,671,1343,0.9928769674755833,311,0.311,12,0.4210651426788311,269.63166672942094
ag,50,0.6481620599378267,0.43784503481943843,648.1620599378267,655,655,1310,0.9895603968516439,317,0.317,12,0.4430800804017174,341.51378249989784
ag,50,1.89759376172897,1.2665002833302768,1897.59376172897,1951,1949,3900,0.9736243005279477,3306,3.306,12,1.5026161684598363,3696.1661233905356
ag,50,1.9746453210990411,1.225946450993638,1974.6453210990412,1976,1974,3950,1.0003269103845194,3425,3.425,12,1.235293186588244,3184.018527145838
ag,50,2.5097223816727454,1.6782255249372862,2509.7223816727455,2559,2554,5113,0.9826634227379584,5439,5.439,12,1.5515242529034194,5619.312429071172
ag,50,1.6116243012239777,1.0965993299704464,1611.6243012239777,1612,1610,3222,1.0010088827478123,2228,2.228,12,1.1019067252378427,1978.4086820715188
ag,50,3.800805838307206,2.661527443312782,3800.8058383072057,3806,3804,7610,0.9991603150124095,12859,12.859,12,1.4552211014294405,15677.026364009696
ag,50,2.216038116088324,1.469900534433593,2216.038116088324,2214,2214,4428,1.000920558305476,4403,4.403,12,1.8647647135145484,3767.2420570673003
ag,50,0.9446423867087662,0.6230660647555559,944.6423867087663,941,940,1881,1.004938709264645,733,0.733,12,0.6003629383993819,842.2000970352391
ag,50,1.2680123140424062,0.8954233949959761,1268.0123140424062,1357,1357,2714,0.9344232233179117,1501,1.501,12,0.7798409367809696,1413.848768458404
ag,50,1.95137359736803,1.3366151551701486,1951.37359736803,1921,1918,3839,1.0174002071783264,3247,3.247,12,1.5734401007460606,3825.36597048522
ag,50,1.018602500913129,0.6508899416130671,1018.602500913129,1004,1003,2007,1.0155558334128902,851,0.851,12,0.508152930378208,707.0253285319004
ag,50,1.6186350614270302,1.078759670153205,1618.6350614270302,1622,1621,3243,0.9985410619537509,2281,2.281,12,0.9164363189067045,1837.7879098577869
ag,50,1.9450335344539453,1.2822944424235445,1945.0335344539453,1957,1955,3912,0.9949020636593071,3304,3.304,12,1.2458176360343887,3481.2528965915935
ag,50,1.2971623687175848,0.8469736172239856,1297.1623687175847,1361,1359,2720,0.9544976958922625,1498,1.498,12,1.0063005130036047,1235.8166276730676
ag,50,1.6367661468993524,1.1505781049730204,1636.7661468993524,1596,1595,3191,1.0261856720372116,2106,2.106,12,0.9501808870561365,1927.5649498507105
ag,50,2.592811356031328,1.7042662247147364,2592.811356031328,2580,2580,5160,1.0049656418726078,5816,5.816,12,1.4719106905325754,6041.020540728006
ag,50,0.7229250107291993,0.45740147413622584,722.9250107291994,684,684,1368,1.056907910422806,410,0.41,12,0.5447846239598039,411.73648098452725
ag,50,0.6992813555190065,0.4402255228898413,699.2813555190065,691,690,1381,1.013451239882618,341,0.341,12,0.4915783545627122,380.27911645329425
ag,50,1.9832759476592232,1.3780151258304432,1983.2759476592232,1936,1934,3870,1.0254787733501671,3535,3.535,12,1.400677306670147,3625.5496042660757
ag,50,2.9214394925273015,1.96363287749623,2921.4394925273014,2894,2894,5788,1.0094815108940225,7533,7.533,12,2.1551990608737355,6583.808055228737
ag,50,1.3146382451472374,0.8578330474799652,1314.6382451472373,1296,1295,2591,1.0151646680673647,1457,1.457,12,0.7621415695855758,1773.5713950783181
ag,50,1.0277782623552467,0.6476597828966179,1027.7782623552466,1043,1043,2086,0.9854058124211377,919,0.919,12,0.6011039272344719,786.161431331377
ag,50,0.9739298381845436,0.6424755875264181,973.9298381845435,959,958,1917,1.0166282235746802,772,0.772,12,0.5348517833018116,698.2793125181146
ag,50,1.3182605094710138,0.9015146896735771,1318.2605094710138,1293,1293,2586,1.0195363568994693,1433,1.433,12,0.9098913482750206,1320.2070066672757
ag,50,1.3121906098661476,0.8760319154781193,1312.1906098661475,1310,1307,2617,1.0039713923995008,1416,1.416,12,0.8423527899504966,1528.9504894048075
ag,50,1.3185975051481156,0.8695189566123783,1318.5975051481155,1344,1344,2688,0.9810993341875859,1528,1.528,12,0.9024251351801161,1538.7678776746943
ag,50,1.9470371546221827,1.2511379589902583,1947.0371546221827,1958,1955,3913,0.9959269333105794,3301,3.301,12,1.164474206931037,3183.1869665914023
ag,50,0.9785973812660501,0.6372497566006495,978.5973812660501,969,967,1936,1.0119931553940538,787,0.787,12,0.5830136877413841,904.3404226409234
ag,50,1.6400246530653406,1.0689687020809155,1640.0246530653405,1624,1623,3247,1.010489619880062,2269,2.269,12,1.4135662043946224,2249.2561461041314
ag,50,1.6122205855361835,1.0289607330474473,1612.2205855361835,1658,1657,3315,0.9729756098588916,2186,2.186,12,1.109799416604563,1705.6336154681976
ag,50,1.0233235155925233,0.6547186953077349,1023.3235155925233,1031,1031,2062,0.9925543313215551,946,0.946,12,0.6708347287535091,853.2580179202616
ag,50,1.336440162752875,0.847691016943604,1336.440162752875,1291,1290,2581,1.0360001261650194,1490,1.49,12,1.0887204923881655,1625.468475407525
ag,50,1.2785279515533907,0.849825608285606,1278.5279515533907,1267,1265,2532,1.0106940328485303,1442,1.442,12,0.7241872518310125,1817.9777466346466
ag,50,1.6573730983149089,1.0771120209867318,1657.373098314909,1663,1661,3324,0.9978164348674948,2468,2.468,12,1.1993181820966612,1466.8943398918166
ag,50,1.61608052602482,1.0541317840650288,1616.08052602482,1617,1616,3233,1.0000498304609036,2254,2.254,12,1.2643235235347534,2766.807417542264
ag,50,0.3563589584494923,0.22936725118228532,356.35895844949226,345,345,690,1.032924517244905,84,0.084,12,0.3001640284490349,81.43282644384009
ag,50,3.1785958204563842,2.1641378132235056,3178.5958204563844,3166,3164,6330,1.0046130911682631,8600,8.6,12,1.8465050953822537,9836.45857604651
ag,50,1.684129712429024,1.0541754690021243,1684.129712429024,1640,1640,3280,1.0269083612372099,2470,2.47,12,0.984111810337543,2351.789465149903
ag,50,2.2640879366538487,1.4218705031264263,2264.087936653849,2270,2267,4537,0.9987154550744812,4461,4.461,12,1.336023321596365,5716.417395098374
ag,50,1.630163828685927,1.0934689519336485,1630.163828685927,1637,1634,3271,0.9976522819375319,2310,2.31,12,0.786053548588859,2665.8682011540254
ag,50,0.3568635061065256,0.22951194411588335,356.8635061065256,326,325,651,1.098041557250848,76,0.076,12,0.2088792081303955,69.48608568650509
ag,50,2.168936862140883,1.4460986396376596,2168.936862140883,2279,2277,4556,0.9525414414320962,4238,4.238,12,1.5113853631511298,4913.4141884845685
ag,50,2.90866475838651,1.8608247636905055,2908.66475838651,2862,2856,5718,1.0184400414518593,7605,7.605,12,2.105356347571305,9956.429255398607
ag,50,1.5837482932223974,0.9806720836089539,1583.7482932223975,1640,1638,3278,0.9668792998915735,2263,2.263,12,1.0756419934876167,2127.9909462831533
ag,50,1.6066049975940928,0.991666665132591,1606.6049975940928,1627,1623,3250,0.9898983349316652,2416,2.416,12,1.1461636163625413,2437.418335763611
ag,50,1.6485662660768112,1.0638282084158714,1648.5662660768112,1649,1647,3296,1.0009509812245363,2279,2.279,12,0.9209881143152673,1907.2779816248021
ag,50,1.6005828378833198,1.0102950424831223,1600.5828378833198,1634,1631,3265,0.9813506056917963,2196,2.196,12,0.9604910506181092,1944.5542603900767
ag,50,2.598515434229294,1.723862729403655,2598.515434229294,2493,2490,4983,1.0435804956744152,5905,5.905,12,1.6845043081006332,4582.132128935401
ag,50,2.6012333777892347,1.6876894338280284,2601.2333777892345,2580,2578,5158,1.0090121713689815,6002,6.002,12,1.5957674136751294,5769.518466657999
ag,50,1.2650722800105487,0.8025261475746076,1265.0722800105486,1261,1259,2520,1.0048230977049633,1366,1.366,12,0.6326579656145344,798.333063757902
ag,50,2.252026996293695,1.4657630863176485,2252.026996293695,2256,2255,4511,0.998681594808734,4474,4.474,12,1.565245785499031,2311.7737591013024
ag,50,0.6677385533507666,0.43781415802653956,667.7385533507666,668,668,1336,0.9996086128005487,389,0.389,12,0.5683811538694368,431.38975080566183
ag,50,2.2822308516462724,1.4613382996560778,2282.230851646272,2292,2290,4582,0.9966073587974987,4682,4.682,12,1.2336306528822083,4277.998719258856
ag,50,3.5666086133957324,2.173612277655261,3566.6086133957324,3552,3546,7098,1.0058117917077642,11003,11.003,12,1.5935741378366124,10010.856332129833
ag,50,0.711471382726985,0.4722717831212227,711.471382726985,671,669,1340,1.0634848770209042,389,0.389,12,0.49585476686027274,437.55688407701643
ag,50,1.96368456484796,1.3000440686205337,1963.68456484796,1924,1921,3845,1.0222199712899322,3321,3.321,12,1.336154561916549,3000.6114898773
ag,50,2.0035833756234047,1.358984178244019,2003.5833756234047,1992,1991,3983,1.006320128389455,3629,3.629,12,1.2468225368026313,4013.162455819006
ag,50,1.0189852208602048,0.6540516006926446,1018.9852208602049,1024,1023,2047,0.9960754847118327,873,0.873,12,0.5550723444504096,1128.4631975056
ag,50,0.6323104624406226,0.4464302316420991,632.3104624406226,686,684,1370,0.9244305006441851,407,0.407,12,0.4214159162009205,344.16251325379227
ag,50,1.632562990777671,1.0785193421314436,1632.562990777671,1595,1592,3187,1.0254792655638638,2333,2.333,12,1.1441523747878368,2234.827412205942
ag,50,2.189898388187513,1.490114060449871,2189.8983881875133,2319,2315,4634,0.9459604268628568,4638,4.638,12,1.3079276739468704,4776.100080362536
ag,50,0.9924571871917838,0.6720369702747184,992.4571871917838,943,942,1885,1.0535638929849085,739,0.739,12,0.7349637196540029,811.7937422957592
ag,50,1.9387727246188675,1.3249894865908507,1938.7727246188674,1983,1980,3963,0.9791781437469027,3354,3.354,12,1.1381204206489424,2514.805331841204
ag,50,1.6526068188612997,1.0422307204009873,1652.6068188612996,1644,1644,3288,1.0052352912781628,2501,2.501,12,1.2251256833075725,2076.477764461161
ag,50,0.9313638530768557,0.6260044462130306,931.3638530768557,988,987,1975,0.9436310568154566,749,0.749,12,0.44506594791861764,817.34044001059
ag,50,1.8360637717312087,1.2975134237206842,1836.0637717312088,1955,1954,3909,0.9396436907529216,3122,3.122,12,1.374611185365499,3778.2036686799197
ag,50,2.6144800619977966,1.7650971304003116,2614.4800619977964,2605,2600,5205,1.0055692546145372,6033,6.033,12,1.8634762709792438,5723.6206165482745
ag,50,2.5416790091109465,1.6110060282041372,2541.6790091109465,2491,2490,4981,1.0207546221329102,5784,5.784,12,1.8183389522661173,5006.614972359772
ag,50,1.6178449023944563,1.0740005818022935,1617.8449023944563,1654,1651,3305,0.9799181722558791,2237,2.237,12,0.9671803482166598,1914.304216104172
ag,50,2.5476952172627385,1.6682182956068672,2547.6952172627384,2611,2610,5221,0.97612843573285,5696,5.696,12,1.8390553442904505,4033.938613536938
ag,50,0.6648024430919353,0.45426148292692087,664.8024430919353,645,644,1289,1.0323019302669802,391,0.391,12,0.4505690282533899,500.1622039648012
ag,50,0.30581401834490823,0.21229180452864832,305.8140183449082,321,321,642,0.9526916459342936,81,0.081,12,0.24832841230383967,89.97717855895328
ag,50,2.3339438402273807,1.4668778733834142,2333.943840227381,2300,2300,4600,1.014758191403209,4820,4.82,12,1.5308462784720014,4867.210936428833
ag,50,2.923897077001012,1.894930278923912,2923.897077001012,2877,2874,5751,1.0173615438416883,7206,7.206,12,1.8699100662483021,6406.429789554427
ag,50,1.9792875903316796,1.2729506508619908,1979.2875903316797,2008,2007,4015,0.9861921227362629,3713,3.713,12,1.4628387039738986,3597.8105046797104
ag,50,1.290710877736492,0.863083858779918,1290.710877736492,1360,1357,2717,0.9511502415154693,1578,1.578,12,1.0666977456811362,1274.4633232421556
ag,50,3.804032592361048,2.4738106519857563,3804.032592361048,3769,3765,7534,1.0103672224066529,12887,12.887,12,2.2887303287141187,9328.321741747073
ag,50,2.886751765309339,1.95646465786086,2886.7517653093387,2872,2868,5740,1.006538272423061,7528,7.528,12,1.5727228145266767,7184.986952073705
ag,50,1.3528028058578938,0.9261697811652321,1352.8028058578939,1336,1334,2670,1.014095056864988,1530,1.53,12,1.035456089475985,1313.7136373514863
ag,50,1.2971966077116552,0.7831332475850784,1297.1966077116551,1269,1267,2536,1.0238331552578177,1344,1.344,12,0.8300947276511196,1014.3191251730279
ag,50,0.6606213299314322,0.4501976611783265,660.6213299314322,686,685,1371,0.964410700629828,360,0.36,12,0.5385213645558329,422.6324723146821
ag,50,1.370740273889063,0.8853292774378843,1370.740273889063,1346,1344,2690,1.0198960371198385,1544,1.544,12,0.7720300679651623,1705.1363786400095
ag,50,0.955424149111003,0.6276725144206852,955.4241491110031,980,979,1959,0.9759184362727304,761,0.761,12,0.7295155163772434,680.1101854952112
ag,50,1.6873002070138625,1.1071685739279438,1687.3002070138625,1667,1664,3331,1.0140025282535232,2364,2.364,12,1.173085241963757,2040.5602188408066
ag,50,0.9999212045120073,0.662024574003686,999.9212045120073,1006,1006,2012,0.9939574597534864,844,0.844,12,0.4886378626770789,886.1413355258647
ag,50,1.26360745434522,0.845586607270546,1263.60745434522,1279,1277,2556,0.9895124936141112,1276,1.276,12,0.7507965914799091,1286.313730160978
ag,50,1.6663503965776918,1.0713975854469522,1666.3503965776918,1632,1632,3264,1.0210480371186836,2340,2.34,12,1.0491633678938226,2549.6088190652517
ag,50,1.315783160690553,0.8837373784246161,1315.783160690553,1348,1347,2695,0.9768249151377527,1566,1.566,12,0.61462357330693,1688.911672946379
ag,50,2.96478363143538,1.9671468056196302,2964.7836314353804,2864,2863,5727,1.0355513906515474,7430,7.43,12,1.9715702410570513,6637.957400003085
ag,50,1.342832996650262,0.8292380259162303,1342.832996650262,1294,1293,2587,1.0385406006575886,1549,1.549,12,0.9600184998517225,2395.3170662924563
ag,50,2.29130560413682,1.503006989398916,2291.30560413682,2237,2233,4470,1.026110884073811,4654,4.654,12,1.5671654967158806,3673.7001413015514
ag,50,1.8752725233472098,1.2373705936578159,1875.27252334721,1922,1921,3843,0.9761960038246799,3207,3.207,12,0.8446322003322715,2704.967056026791
ag,50,1.042602151814044,0.6569807755959975,1042.602151814044,993,991,1984,1.0520707889142724,835,0.835,12,0.608384476647205,646.4765817281415
ag,50,2.5564073062770705,1.6076014814041493,2556.4073062770703,2641,2640,5281,0.9683361008625266,5764,5.764,12,1.8705845035870152,5751.565865826149
ag,50,0.32406536503593214,0.21904700422006015,324.06536503593213,322,321,643,1.0095494237879505,65,0.065,12,0.19064296956599688,57.75652663567027
ag,50,1.968410587864109,1.2775935429990186,1968.410587864109,1984,1984,3968,0.9921424333992485,3506,3.506,12,1.182972193728974,3867.5810612646096
ag,50,0.6762758857250006,0.4435658623183915,676.2758857250006,687,687,1374,0.9843899355531305,353,0.353,12,0.5280874734068356,331.32976745450685
ag,50,1.6652235356760092,1.0545011259943522,1665.2235356760093,1628,1626,3254,1.0241227156679025,2240,2.24,12,0.715496360726882,2337.2327105485606
ag,50,1.121934101493628,0.7064237378727051,1121.9341014936278,1052,1051,2103,1.0674920090329476,974,0.974,12,0.8754913631172004,830.8027457866064
ag,50,1.0312225087057072,0.6670827193502166,1031.2225087057072,1006,1006,2012,1.025072076248218,824,0.824,12,0.755605437384601,832.8214702731209
ag,50,1.5997115769867418,1.0453141505047934,1599.7115769867419,1682,1681,3363,0.9516428179576096,2250,2.25,12,1.0919953964768192,2110.018823303613
ag,50,1.651511508025183,1.113718807586899,1651.511508025183,1642,1641,3283,1.0064055502895692,2301,2.301,12,1.0443162198048666,2174.138679066914
ag,50,1.9122643159077999,1.293442989483775,1912.2643159078,1940,1936,3876,0.9877398325970042,3306,3.306,12,1.1694097703071673,2619.181933843123
ag,50,2.3076865988784965,1.517493068898841,2307.6865988784966,2293,2292,4585,1.0068440658283144,4868,4.868,12,1.3820030230307871,5322.051720566449
ag,50,0.6536324417365781,0.4389826271098506,653.6324417365781,677,676,1353,0.9669118960600268,371,0.371,12,0.4346668699586607,417.64248096982277
ag,50,1.2877233931782257,0.88067234947662,1287.7233931782257,1331,1329,2660,0.9689416051002451,1444,1.444,12,0.9502310684211921,1133.3657630074997
ag,50,0.989386391716565,0.6686886138758426,989.386391716565,988,986,1974,1.003434474357571,867,0.867,12,0.7118575308641624,773.1331104042371
ag,50,1.6479211653199741,1.1223442522170508,1647.921165319974,1616,1614,3230,1.0210168310532677,2330,2.33,12,0.8163018594642635,1854.2538029937716
ag,50,2.5348011816361375,1.6589028655741225,2534.8011816361377,2551,2549,5100,0.9944296514853423,5592,5.592,12,1.4686155814987427,5400.43705904273
ag,50,3.2062888762568846,2.2226258693288674,3206.2888762568846,3252,3247,6499,0.9874619267806851,9169,9.169,12,2.2367632185685973,8795.994425859215
ag,50,0.3403723383743818,0.22451900964393715,340.3723383743818,337,337,674,1.0100069387963853,75,0.075,12,0.21405205598213511,66.81966711117097
ag,50,0.7054717207207546,0.4535688248107985,705.4717207207545,643,643,1286,1.0971566418674255,336,0.336,12,0.3987478077368405,344.475214837537
ag,50,0.9842854365732854,0.6551536076282538,984.2854365732853,997,997,1994,0.9872471781076082,871,0.871,12,0.5531703907174937,892.2963636657488
ag,50,0.9951590632937587,0.6399470047227585,995.1590632937587,987,985,1972,1.0103137698413793,811,0.811,12,0.6659344823860712,752.646911973199
ag,50,0.9844665290088954,0.6415895659349098,984.4665290088955,967,967,1934,1.018062594631743,785,0.785,12,0.6552299932579269,592.5474491824257
ag,50,0.9557534867415268,0.6500685353691418,955.7534867415268,952,951,1903,1.0049984087713215,773,0.773,12,0.6694064983944101,861.8740557535176
ag,50,0.32706451756062904,0.22009331891346204,327.06451756062904,318,318,636,1.0285047722032359,43,0.043,12,0.15220172710669896,49.25916680951388
ag,50,1.615679445943711,1.085043285658953,1615.679445943711,1652,1652,3304,0.9780141924598735,2577,2.577,12,0.9835237004565575,2864.3100026875645
ag,50,2.6302041040971273,1.7599717207438508,2630.204104097127,2567,2565,5132,1.0254207033517064,6050,6.05,12,1.6462165762888958,5907.913489555221
ag,50,2.8812587063882855,1.7908400763118195,2881.2587063882856,2896,2894,5790,0.9955973415301609,7277,7.277,12,1.208533503779444,7954.917505921111
ag,50,2.645626141386222,1.5904604792008707,2645.6261413862217,2643,2641,5284,1.0017516627740333,6169,6.169,12,1.398460381405572,6042.563551341183
ag,50,0.9807960152067923,0.6312656844575156,980.7960152067923,1006,1004,2010,0.9768884613613469,803,0.803,12,0.5954742952373704,816.1497215250823
ag,50,1.0077896416563057,0.6670272224729342,1007.7896416563058,993,992,1985,1.0159169774761148,847,0.847,12,0.7007372116273344,735.2203876632801
ag,50,2.48970093939412,1.6919924876201675,2489.70093939412,2636,2634,5270,0.945216757552817,5898,5.898,12,1.8355459506344316,6552.240018637763
ag,50,1.9508455417520436,1.3020548058457315,1950.8455417520436,1946,1941,3887,1.005072406878951,3355,3.355,12,1.2419405859130503,2656.1006049362645
ag,50,0.6788629678618125,0.4381149246932907,678.8629678618125,635,634,1269,1.0707617789618493,343,0.343,12,0.3244153737165142,351.87292506964377
ag,50,2.581494670487799,1.7010604855890734,2581.494670487799,2620,2618,5238,0.9860560238685252,6066,6.066,12,1.7497545087803765,7000.96912060302
ag,50,1.5730804970037635,1.0572598585934851,1573.0804970037634,1631,1628,3259,0.9662656615502232,2219,2.219,12,1.0575017440882524,2319.814202177731
ag,50,2.876621352918339,1.9621866829335133,2876.621352918339,2904,2902,5806,0.9912547735762712,7308,7.308,12,1.9936811519376243,7592.386304232007
ag,50,1.3300775481753828,0.8705758397228003,1330.0775481753828,1358,1356,2714,0.9808831476219637,1756,1.756,12,0.7692799480259137,1882.300914517825
ag,50,0.9711060684840824,0.6529169949964512,971.1060684840825,970,969,1939,1.002173445288011,777,0.777,12,0.739386797850097,760.4974808040748
ag,50,3.0187115815614614,1.9898793978195903,3018.7115815614616,2929,2927,5856,1.0313329626106804,8006,8.006,12,1.5985712941206627,6433.336110068111
ag,50,2.006314503172769,1.318703213610066,2006.314503172769,1995,1993,3988,1.006680633804701,3584,3.584,12,1.4112281317207394,3826.7604016629566
ag,50,2.222081798198834,1.4852894627049547,2222.081798198834,2288,2286,4574,0.9720392818017646,4588,4.588,12,1.4462195130209283,4538.229671871003
ag,50,1.623289336665602,1.0755076082582273,1623.2893366656021,1661,1659,3320,0.9784745850907789,2409,2.409,12,1.0882987148585161,2537.6969135780128
ag,50,0.9646924600999041,0.6765514550023531,964.6924600999041,987,987,1974,0.9773986424517772,713,0.713,12,0.47369597406255,736.736264711216
ag,50,1.9628902913114088,1.3411901685090533,1962.8902913114089,1975,1972,3947,0.9953804722674487,3458,3.458,12,1.124955058447271,2889.267680133074
ag,50,0.9651499635881223,0.6222188494521833,965.1499635881223,959,958,1917,1.007463427545013,815,0.815,12,0.7578852817997236,634.6152918935752
ag,50,1.2781022008915583,0.8656643466924772,1278.1022008915584,1295,1292,2587,0.9892431895445498,1325,1.325,12,1.0867352269752852,1246.6891096678212
ag,50,1.9289552338402765,1.2626807309730104,1928.9552338402764,1952,1949,3901,0.9897153585635077,3336,3.336,12,1.2180655124238293,3128.33928138423
ag,50,0.9545298693991322,0.6434086367481052,954.5298693991322,988,986,1974,0.9680830318449616,858,0.858,12,0.6764835432832885,706.7305147336953
ag,50,2.890535889913646,1.8938374048352076,2890.5358899136463,2943,2942,5885,0.9825071005824767,7443,7.443,12,1.934092723960644,7960.9687688130425
ag,50,1.2954298810514686,0.8636514052553537,1295.4298810514686,1304,1302,2606,0.9949538256923721,1411,1.411,12,0.8538245791447869,1182.953657188406
ag,50,1.0111494350678865,0.6699114372941277,1011.1494350678865,1044,1043,2087,0.9694625456067943,917,0.917,12,0.7226974899241227,1088.9802325984508
ag,50,0.9485716991769988,0.6416227834751156,948.5716991769988,959,957,1916,0.9911929980950875,706,0.706,12,0.6576369633709237,649.0058661423938
ag,50,0.6602228803713626,0.43686672373693425,660.2228803713625,664,663,1327,0.9958112826114065,348,0.348,12,0.4635359440812294,391.2751196043754
ag,50,2.5359472886895693,1.6303884599945926,2535.947288689569,2530,2528,5058,1.0031437059689752,5978,5.978,12,1.6097582217772055,6801.30109224118
ag,50,2.2037339046510995,1.463039890027017,2203.7339046510997,2223,2220,4443,0.9926729300230179,4095,4.095,12,1.5526142738685411,2636.5434028051804
ag,50,1.9103165359902219,1.251080845946659,1910.3165359902218,2018,2017,4035,0.947107851259406,3458,3.458,12,1.2992915881830882,2971.2600697839002
ag,50,1.9612972952333134,1.2609852224839668,1961.2972952333134,1930,1927,3857,1.0177982850198823,3279,3.279,12,1.129684882750605,3052.96370261817
ag,50,2.2835587089714426,1.44310721074144,2283.5587089714427,2241,2239,4480,1.0199011652395904,4492,4.492,12,1.240722160184013,4983.047200969113
ag,50,1.9191374309810472,1.25653371444063,1919.1374309810471,1975,1972,3947,0.9731934234183809,3455,3.455,12,1.3148479417319543,3505.193306549064
ag,50,2.2200260236009837,1.567037779995002,2220.0260236009835,2302,2300,4602,0.9652287059134711,4474,4.474,12,1.8886275924119273,4776.610593374745
ag,50,1.0307275686972952,0.634325430227909,1030.7275686972953,964,962,1926,1.0714423791032175,829,0.829,12,0.6233483063562488,671.5774811745388
ag,50,1.6713560040435704,1.1348584444821144,1671.3560040435705,1648,1648,3296,1.0141723325507102,2376,2.376,12,1.133797594142998,2526.3020369007154
ag,50,1.6275843445277218,1.0899082338550639,1627.584344527722,1640,1638,3278,0.9936412359754102,2304,2.304,12,1.031391519158643,2440.085583991524
ag,50,3.2199351313024827,2.146109909522133,3219.9351313024827,3154,3150,6304,1.0222016289849152,8921,8.921,12,2.282604072633385,9852.475488396081
ag,50,1.3412134048990534,0.8804232119472724,1341.2134048990533,1365,1364,2729,0.983294285116608,1511,1.511,12,1.120024479694711,1706.0709026603
ag,50,2.199035859134715,1.5122444433072137,2199.0358591347153,2210,2206,4416,0.9968430911762082,4296,4.296,12,1.5631478698157455,6113.6986634501845
ag,50,2.1783554606898825,1.5020527792097842,2178.3554606898824,2259,2256,4515,0.9655830942774302,4346,4.346,12,1.65850176612571,4830.376133181173
ag,50,0.6467360943844717,0.43892090332626027,646.7360943844717,649,648,1297,0.9980495283710983,339,0.339,12,0.4948711721401134,318.9317367128477
ag,50,1.01629063243052,0.6606059835819182,1016.2906324305202,1011,1009,2020,1.0072256020124084,822,0.822,12,0.693386304647614,846.0853209181482
ag,50,2.2884549469687183,1.5323593106466658,2288.454946968718,2235,2232,4467,1.025293435021827,4664,4.664,12,1.3293927300564696,4862.3938515147165
ag,50,1.931719416049846,1.2584421008519526,1931.7194160498461,1995,1995,3990,0.9682804090475419,3560,3.56,12,1.4806046759809675,4365.230702449151
ag,50,0.0,0.0,0.0,0,0,0,,0,0.0,12,0.0,0.0
ag,50,1.6414341389110425,1.0289843739288544,1641.4341389110425,1719,1716,3435,0.956546700997111,2425,2.425,12,0.9460279693877934,1700.3974930935117
ag,50,2.2850059827235634,1.4763259985101123,2285.005982723563,2276,2276,4552,1.0039569344128134,4605,4.605,12,1.3580265893929797,4348.9408969209635
ag,50,2.550576367693834,1.7508567184140058,2550.576367693834,2601,2598,5199,0.9817460999591355,5950,5.95,12,1.797074315209804,5549.529907351172
ag,50,1.941078036804874,1.2952663067780672,1941.0780368048738,1918,1918,3836,1.0120323445280885,3406,3.406,12,1.417440908739014,2883.93485695681
ag,50,0.9837986212345405,0.6398657432989401,983.7986212345405,996,996,1992,0.9877496197133941,886,0.886,12,0.5427632621048383,721.5889734866305
ag,50,1.6230619318523118,1.053765997417152,1623.0619318523118,1658,1657,3315,0.979518365632053,2219,2.219,12,1.0450174909782748,2276.352491635498
ag,50,1.3003188044820904,0.8223982876068539,1300.3188044820904,1290,1288,2578,1.0095642891941696,1442,1.442,12,0.958737012538161,1559.0174032371654
ag,50,1.974017891325517,1.3049828291163144,1974.017891325517,1995,1992,3987,0.9909728370108017,3493,3.493,12,1.0986762434132877,2690.600340896169
ag,50,1.3360108455440907,0.8560664987357534,1336.0108455440907,1295,1294,2589,1.0324658775456652,1581,1.581,12,0.9595463027520631,1678.3083165890582
ag,50,2.587117354851708,1.6937069895428694,2587.117354851708,2597,2595,5192,0.9969623718118336,6228,6.228,12,2.1103173838122036,6173.78379700919
ag,50,1.3371606482959735,0.8716317868067927,1337.1606482959735,1305,1305,2610,1.0246441749394433,1596,1.596,12,0.949825796341397,1344.28221761873
ag,50,0.32300154430562633,0.21867154668180683,323.00154430562634,315,315,630,1.0254017279543692,37,0.037,12,0.23734440937309967,33.76813729763241
ag,50,1.5617743037902356,1.071880272583302,1561.7743037902355,1631,1631,3262,0.9575562868119163,2185,2.185,12,0.8709585695767611,2350.714260242645
ag,50,1.9463331864431714,1.3165137345717974,1946.3331864431714,1930,1930,3860,1.0084627909031976,3388,3.388,12,1.6467630751872144,2547.444526431188
ag,50,2.6118614809479928,1.7361344581546803,2611.8614809479927,2541,2538,5079,1.0291022383561832,5793,5.793,12,1.0849340313831581,6804.5911103743665
ag,50,0.6439812769657897,0.4456610239643817,643.9812769657897,655,654,1309,0.9846808516296478,324,0.324,12,0.4750609171848706,311.1801036003627
ag,50,1.3580330689279148,0.8896943184678944,1358.0330689279147,1290,1289,2579,1.0535555228300346,1508,1.508,12,0.8285408502944678,1728.1238532570871
ag,50,0.29839905885419754,0.20935706052912667,298.39905885419756,339,339,678,0.8802332119592848,74,0.074,12,0.22480831381044672,76.979849851907
ag,50,1.2944624093921977,0.8432285379701018,1294.4624093921977,1373,1372,2745,0.9434857211313394,1518,1.518,12,0.8292111257533704,1630.2081015444012
ag,50,1.3697592823525517,0.861485942510902,1369.7592823525517,1343,1342,2685,1.020685009204584,1488,1.488,12,0.9974991848997995,1591.7577624515393
ag,50,2.5807858452287094,1.7127114374892305,2580.785845228709,2521,2517,5038,1.0253420124071153,5797,5.797,12,1.6213276777271421,4761.439492657599
ag,50,1.3253035220629663,0.8779057375480752,1325.3035220629663,1342,1341,2683,0.9882949456099674,1539,1.539,12,0.8980318897956634,1738.3276518880853
ag,50,1.9216267928167134,1.2114617068201632,1921.6267928167135,1928,1926,3854,0.9977293836016166,3288,3.288,12,1.1209206554271007,3370.477784338643
ag,50,0.6718431575912062,0.4352678211755674,671.8431575912061,636,635,1271,1.0580207206160726,312,0.312,12,0.40192274650964577,385.80229163526593
ag,50,0.9861137283743923,0.6616945731099664,986.1137283743923,971,970,1941,1.0166120911076209,801,0.801,12,0.7309012828594663,678.2356367281072
ag,50,1.3154567761101803,0.8714086179262782,1315.4567761101803,1348,1346,2694,0.977308154613804,1521,1.521,12,0.8211601245563177,1713.7005201966235
ag,50,1.9264097105282254,1.3360141360313107,1926.4097105282253,1993,1991,3984,0.9675588701799224,3222,3.222,12,1.2083301921930736,2569.2491687441066
ag,50,2.2818743526077916,1.4828874906715563,2281.8743526077915,2273,2272,4545,1.0043461059013166,4697,4.697,12,1.5070239032991843,4172.8558514518345
ag,50,1.0131394327178027,0.6199264470745359,1013.1394327178027,1013,1011,2024,1.0021161550126634,877,0.877,12,0.5778042809497471,893.3151456982168
ag,50,1.5856967689958466,1.0642408131756478,1585.6967689958465,1635,1634,3269,0.9704386591161851,2198,2.198,12,1.0134357770798368,2671.286625073102
ag,50,1.9889777615983404,1.3169761650362668,1988.9777615983403,1993,1991,3984,0.9989843101950479,3452,3.452,12,1.1466947614864635,3369.3428603023
ag,50,2.264601044459777,1.4337154562163172,2264.601044459777,2274,2270,4544,0.9976216054888885,4544,4.544,12,1.3379699798984297,5178.395188443953
ag,50,0.6600408731470413,0.43603594520920863,660.0408731470413,675,674,1349,0.9792891292982809,388,0.388,12,0.4017320370974874,402.41516783716816
ag,50,2.332973437917878,1.4456562301643352,2332.973437917878,2288,2286,4574,1.0205483105502529,4571,4.571,12,1.280559410352339,4204.699445440405
ag,50,1.3513557494046435,0.8173070825215624,1351.3557494046436,1313,1311,2624,1.0307824175474016,1480,1.48,12,0.9708256008726134,1313.398015355781
ag,50,1.6457943665977004,1.0735994875053532,1645.7943665977004,1713,1710,3423,0.9624528459635675,2337,2.337,12,1.1959603470447473,2552.383236985941
ag,50,2.2622769036330337,1.5132990325617257,2262.2769036330337,2302,2299,4601,0.9840264913584313,4368,4.368,12,1.7021782858053265,4793.554368169605
ag,50,1.0247492236144602,0.6781920045416536,1024.74922361446,979,978,1957,1.0478008421415748,837,0.837,12,0.5520111547105051,902.538588195241
ag,50,1.6509774779125486,1.0593913180313563,1650.9774779125485,1609,1608,3217,1.0267272872590476,2216,2.216,12,1.0099951762846668,1906.0040379963036
ag,50,0.6755735223553027,0.44424030619117516,675.5735223553027,649,648,1297,1.0425517320297881,373,0.373,12,0.4960700350689256,380.62731668187286
ag,50,1.3658645561004306,0.8686547131439009,1365.8645561004305,1305,1303,2608,1.0482460138913512,1476,1.476,12,0.7952714538199134,1558.846766051637
ag,50,3.2016123756545922,2.1009502897951795,3201.612375654592,3163,3159,6322,1.013489197738079,9169,9.169,12,2.1790986873000153,7348.481838952916
ag,50,2.2561261904751055,1.5836678131349131,2256.1261904751054,2292,2290,4582,0.9852079434389107,4719,4.719,12,1.5972905193265439,5401.274933051282
ag,50,0.668800639895906,0.46015336305499466,668.800639895906,665,665,1330,1.0057152479637683,321,0.321,12,0.4084977084548311,237.46408606639355
ag,50,0.9723687910283922,0.6541602034922546,972.3687910283923,999,998,1997,0.9743174258801526,861,0.861,12,0.5739838957853982,646.8269554230818
ag,50,3.166369159760664,2.0929552624062144,3166.369159760664,3208,3208,6416,0.9870228054116783,8926,8.926,12,2.1138956805304083,9109.063256853793
ag,50,0.6366902069671967,0.4275524567518877,636.6902069671967,671,671,1342,0.9488676705919473,306,0.306,12,0.4043517714246243,310.2297483587626
ag,50,2.2553086262393562,1.468642451052719,2255.3086262393563,2259,2258,4517,0.9988080718509107,4563,4.563,12,1.4259299255617828,4426.872328566912
ag,50,1.268634440575119,0.8578205279746839,1268.634440575119,1304,1303,2607,0.9736258177859701,1411,1.411,12,0.8562707562082593,1218.9707970062987
ag,50,1.9405219200748327,1.2311837977013695,1940.5219200748327,1981,1978,3959,0.9810525379549204,3411,3.411,12,1.0394193594012866,3461.4102429207446
ag,50,3.5007656350904033,2.1428638209998083,3500.765635090403,3578,3572,7150,0.9800575686143346,10539,10.539,12,2.086008945475639,9755.844297677353
ag,50,1.8810709496659046,1.2385717494206154,1881.0709496659047,1957,1957,3914,0.9612013028441005,3185,3.185,12,1.3932645565645767,3733.7213166219044
ag,50,2.5507371209784813,1.7289753083262374,2550.7371209784815,2613,2609,5222,0.977668501716551,5828,5.828,12,1.4943916064515064,4941.1024786050975
ag,50,0.982290032691326,0.636114486647176,982.290032691326,1000,998,1998,0.9842585497909079,801,0.801,12,0.6691856744912034,706.5563468857479
ag,50,1.3148812342605576,0.8528425157467672,1314.8812342605577,1303,1302,2605,1.0098934210910582,1527,1.527,12,0.6704594320142406,1711.2275185317021
ag,50,3.4442143720736804,2.2357393898564197,3444.2143720736804,3527,3521,7048,0.9781920965844022,10731,10.731,12,2.148103941024873,11165.441563233382
ag,50,0.9679311122817412,0.6328709060721376,967.9311122817412,997,995,1992,0.972795087720343,742,0.742,12,0.6279199597490374,855.4137961782998
ag,50,2.5818010965698255,1.6423230345529845,2581.8010965698254,2509,2506,5015,1.0302478438028035,5561,5.561,12,1.8368025932517125,4483.293448453501
ag,50,1.6411315105543867,1.0508654611074486,1641.1315105543868,1676,1674,3350,0.9803652990169575,2410,2.41,12,1.1101064562726144,2859.581948893814
ag,50,2.8529206776475045,1.8652150799503817,2852.9206776475044,2798,2796,5594,1.0203578961543291,7298,7.298,12,1.8630420851703382,7988.851280868679
ag,50,2.2933505104590366,1.4872952842298268,2293.3505104590367,2245,2244,4489,1.0219922060869149,4366,4.366,12,1.2835405728124476,4526.284866492135
ag,50,1.9941327956359856,1.2585201941983815,1994.1327956359855,1973,1971,3944,1.0117365782019205,3514,3.514,12,1.3540681412523288,2937.5608216044175
ag,50,1.2805157050537481,0.9018349631099963,1280.5157050537482,1323,1322,2645,0.9686200492085841,1446,1.446,12,0.9021600763531259,1648.635039240756
ag,50,2.5362882248663636,1.6839386891462622,2536.2882248663636,2466,2464,4930,1.0293377535983619,5667,5.667,12,1.797594152148196,6418.746485836562
ag,50,1.2972159344249448,0.889462502007357,1297.2159344249449,1283,1282,2565,1.0118689036076014,1401,1.401,12,0.975096173266326,1027.7342826384202
ag,50,0.6175021233535507,0.4305290839151812,617.5021233535507,626,626,1252,0.986425117178196,294,0.294,12,0.35849176654573145,242.00611918064718
ag,50,1.5946110575380754,1.10973310620022,1594.6110575380753,1625,1624,3249,0.9819033605530021,2189,2.189,12,1.0632417619904242,2180.7371326503257
ag,50,1.3024110149112151,0.9207079409226653,1302.411014911215,1297,1295,2592,1.0057227914372318,1440,1.44,12,0.8766086478224955,1565.7781990280273
ag,50,4.159086587893372,2.6500545392292305,4159.086587893372,4132,4128,8260,1.007530665671844,15054,15.054,12,2.900611129525812,16417.9226065142
ag,50,1.6045132135693208,1.1177059442852826,1604.5132135693207,1621,1620,3241,0.9904402552897041,2402,2.402,12,1.2506219134911698,2526.392431107593
ag,50,0.6802926922209385,0.4548551676250571,680.2926922209384,638,637,1275,1.0679634100799662,323,0.323,12,0.27421273148315356,316.62739726875907
ag,50,1.6521288824913185,1.169934175929273,1652.1288824913186,1633,1631,3264,1.01295455701491,2267,2.267,12,1.0639399076286609,1628.2393039001297
ag,50,0.6576899478465235,0.44243136567958113,657.6899478465234,652,650,1302,1.0118306889946513,326,0.326,12,0.4479554087344401,341.2995216348538
ag,50,1.8876780958130974,1.2830117264074052,1887.6780958130973,1958,1956,3914,0.9650706011314404,3215,3.215,12,1.0938847728352925,4115.902213066694
ag,50,2.5642242627482577,1.665583694125571,2564.224262748258,2553,2549,5102,1.0059726413292498,6089,6.089,12,1.6976731267976333,6103.6201799541
ag,50,1.3578458064036572,0.8613549609638094,1357.8458064036572,1358,1357,2715,1.000623291380735,1504,1.504,12,0.8352124671854192,1263.0875794131423
ag,50,0.9985931315838741,0.6385732115916628,998.5931315838741,980,979,1959,1.0200134132623841,859,0.859,12,0.6546774248077548,853.8587129489644
ag,50,1.656789301265007,1.078261657266277,1656.789301265007,1664,1661,3325,0.9974649616285413,2427,2.427,12,0.622769136600226,2519.7426634184653
ag,50,0.9363473184046692,0.6394035919661745,936.3473184046692,1007,1006,2013,0.9307627419529515,836,0.836,12,0.6298270142738661,639.6053778559786
ag,50,1.9897746559079115,1.2354555031963532,1989.7746559079114,1967,1967,3934,1.0115783710767217,3544,3.544,12,0.8136337826548362,3641.0329737144034
ag,50,2.5825826006113215,1.6841329365867783,2582.5826006113216,2602,2601,5203,0.9929191082704043,6117,6.117,12,1.3192206706828333,6063.2401496096045
ag,50,1.6274292299804611,1.0871738947304974,1627.429229980461,1662,1660,3322,0.9803790542050971,2437,2.437,12,1.2187499088606102,2500.3988761083265
ag,50,1.6491301837385581,1.1412949521474225,1649.1301837385581,1642,1640,3282,1.0055671852064378,2344,2.344,12,0.8790381158756952,2040.8299072304574
ag,50,2.5796503771861015,1.649016278697426,2579.6503771861017,2628,2627,5255,0.9819757811899892,5816,5.816,12,1.459520678821806,3948.7974862388573
ag,50,1.9628927115248411,1.3014750803960837,1962.8927115248412,1957,1956,3913,1.0035238811476692,3272,3.272,12,1.473116148692558,3717.0652032818844
ag,50,2.504687417799725,1.674166249290639,2504.687417799725,2569,2564,5133,0.9768671676285979,5761,5.761,12,1.7044521576577334,6345.714340822665
ag,50,2.8528491867511385,1.9212486998350986,2852.8491867511384,2852,2850,5702,1.0009997146495222,7355,7.355,12,2.11210499380164,9939.814331202204
ag,50,2.6102954548154593,1.6300409083813951,2610.2954548154594,2587,2583,5170,1.0105673460377311,6102,6.102,12,1.5658404597106352,5656.078438350949
ag,50,1.3090554220812882,0.8767095152908266,1309.0554220812883,1331,1329,2660,0.9849927931386668,1471,1.471,12,0.6896745603827025,1202.3289607627441
ag,50,1.9242919422965288,1.3771846547596,1924.2919422965288,1984,1983,3967,0.9703943228928537,3409,3.409,12,1.0093204307664037,4139.903965944085
ag,50,1.0277154331592941,0.6566110414019382,1027.7154331592942,1026,1025,2051,1.0026492030822383,875,0.875,12,0.7346538334074981,893.0426126317245
ag,50,0.6300500970002628,0.4235408577372953,630.0500970002628,660,659,1319,0.9560699499245262,337,0.337,12,0.37235662120006063,324.35051617526784
ag,50,2.0577721700852862,1.2650303242385128,2057.7721700852862,1985,1983,3968,1.0377065910667103,3810,3.81,12,1.0929333538448378,3426.1078945817244
ag,50,1.3393126321853006,0.8747129839622889,1339.3126321853006,1320,1318,2638,1.0161704341314874,1579,1.579,12,0.7636681536291587,1536.5465435293816
ag,50,0.329247425043547,0.22084355814574086,329.24742504354697,334,334,668,0.9857707336633142,66,0.066,12,0.22729294886413567,62.09331556982754
ag,50,1.5936966851983327,1.106608245052741,1593.6966851983327,1620,1619,3239,0.9843710223584513,2249,2.249,12,1.076931501747574,2386.044713867868
ag,50,1.6760176420531112,1.153773743006564,1676.017642053111,1634,1633,3267,1.026342707932095,2336,2.336,12,0.9645464216775651,2427.4427989784585
ag,50,2.2309275868224687,1.4783717286869007,2230.9275868224686,2288,2288,4576,0.9750557634713587,4482,4.482,12,1.5564643025301914,5796.377901293864
ag,50,1.6318670804708146,1.037498184252894,1631.8670804708147,1668,1667,3335,0.9789244633898109,2450,2.45,12,1.1000626190443048,3210.663793794813
ag,50,2.282783385696986,1.448192440229432,2282.783385696986,2296,2291,4587,0.9964135249659476,4581,4.581,12,1.0005207300336398,4108.965281777604
ag,50,3.204779238967506,2.1497667903464452,3204.779238967506,3181,3179,6360,1.0081092289926097,8763,8.763,12,2.1333616414882863,9595.458952990863
ag,50,1.6276180246017922,1.0429828400468517,1627.618024601792,1624,1622,3246,1.0034636403216968,2290,2.29,12,1.0512207990880074,2365.6970675859175
ag,50,2.5924399132236435,1.736714838247432,2592.4399132236435,2631,2628,5259,0.9864687645447654,6008,6.008,12,1.5668429354988578,3713.797550215545
ag,50,2.3180883919982826,1.4594761973335575,2318.0883919982825,2321,2317,4638,1.000469741906898,4767,4.767,12,1.6703494558888645,4688.060421506816
ag,50,2.559899085013696,1.6235567988346042,2559.8990850136956,2549,2547,5096,1.0050644228557895,6191,6.191,12,1.747470527931049,6453.953464296285
ag,50,1.3235237413347323,0.8851455125764554,1323.5237413347322,1293,1293,2586,1.0236069151854077,1502,1.502,12,0.7199317643667011,1744.804999798011
ag,50,2.883301864072361,1.9202773164205984,2883.3018640723612,2889,2887,5776,0.9987190384732807,7374,7.374,12,1.9888069523756065,9461.650533621703
ag,50,1.6184784342074354,1.0306183343883786,1618.4784342074354,1636,1636,3272,0.9892899964593126,2343,2.343,12,0.7621976309995282,2504.999352523787
ag,50,0.9758078773108189,0.6675721362808801,975.8078773108189,988,986,1974,0.9896631615728386,792,0.792,12,0.7446846650649446,846.4803220216194
ag,50,2.2218187532822657,1.4786035360957739,2221.818753282266,2271,2269,4540,0.9792061495294252,4496,4.496,12,1.4587737488366244,4121.15437613882
ag,50,2.2296129566102367,1.4922533543838474,2229.612956610237,2184,2182,4366,1.0218207867141325,4396,4.396,12,1.4662069853001924,4411.5135798892
ag,50,1.8713111843949155,1.2851212385702842,1871.3111843949155,1956,1953,3909,0.9581726494597621,3303,3.303,12,1.4222883174774545,2809.4663022568384
ag,50,1.6245731855546621,1.1111668114254254,1624.5731855546621,1636,1633,3269,0.9948396727217772,2399,2.399,12,1.1392227642460073,2187.0978716603645
ag,50,1.5959722004252126,1.0840066711734153,1595.9722004252126,1663,1661,3324,0.9608502109724338,2291,2.291,12,0.9483570744417218,2032.2274128313993
ag,50,2.0159182107135005,1.386875605719235,2015.9182107135007,1984,1983,3967,1.0166002071172469,3599,3.599,12,1.6255685551876469,2925.11981758227
ag,50,2.340585550438982,1.6048240123344144,2340.585550438982,2236,2232,4468,1.0486494401608342,4617,4.617,12,1.8877502341444898,4672.9582397357
ag,50,1.006138919358539,0.6409621127577987,1006.138919358539,993,993,1986,1.0132315401395158,860,0.86,12,0.7365766435578842,1045.8518347058416
ag,50,1.0003020558554891,0.6643453861349184,1000.3020558554892,1056,1056,2112,0.9472557347116375,877,0.877,12,0.5117180479189372,941.9567491161025
ag,50,1.93759147894128,1.2728060179464586,1937.59147894128,1993,1989,3982,0.9741535841836501,3490,3.49,12,1.379682051811349,2995.4535774772885
ag,50,2.2728250599910345,1.4269936051282994,2272.8250599910343,2245,2244,4489,1.0128453921528673,4534,4.534,12,1.5498417181588158,4699.911111756312
ag,50,2.5740071246488094,1.722413835270912,2574.0071246488096,2533,2530,5063,1.0173941204145494,5677,5.677,12,1.6404263711812932,5776.34504058171
ag,50,1.287263404491991,0.832171179848037,1287.263404491991,1300,1299,2599,0.9909648995319407,1374,1.374,12,0.7126978061561252,903.3882272857768
ag,50,1.3408019106814135,0.8512500940632561,1340.8019106814136,1363,1361,2724,0.9851593759598924,1542,1.542,12,0.6804509037162764,1463.5439652818193
ag,50,1.3653079267946704,0.9157633006467208,1365.3079267946705,1283,1283,2566,1.064152709894521,1509,1.509,12,0.9240399961224322,1215.3201879486692
ag,50,0.9105064651315072,0.6452166837132347,910.5064651315072,943,941,1884,0.9675945431790725,738,0.738,12,0.7150769714483134,782.4458169967708
ag,50,0.6759115572238468,0.455465344782972,675.9115572238468,634,633,1267,1.067790769705919,300,0.3,12,0.6291263648992984,264.5780618144593
ag,50,0.30807423566906256,0.21316450098598547,308.07423566906255,337,337,674,0.9141668714215506,59,0.059,12,0.22237453009856345,38.51488839236113
ag,50,0.0,0.0,0.0,0,0,0,,0,0.0,12,0.0,0.0
ag,50,1.3501455479252582,0.8680186217377434,1350.1455479252581,1331,1330,2661,1.0151470285152318,1543,1.543,12,0.9076013729590345,1720.7650451469865
ag,50,1.9532798554038746,1.28926396747844,1953.2798554038745,1917,1915,3832,1.0199894806286551,3274,3.274,12,1.3396375501370448,3262.980315382147
ag,50,1.2755106717820455,0.8992116264123658,1275.5106717820454,1332,1331,2663,0.9583100464177652,1405,1.405,12,0.762996914823076,1449.556587317964
ag,50,2.4820848088256007,1.6726166803591784,2482.0848088256007,2530,2529,5059,0.9814491138100437,5274,5.274,12,1.9150119593589392,5024.009558943555
ag,50,2.3498095423369496,1.576958324569576,2349.8095423369496,2311,2306,4617,1.0189980669284258,4903,4.903,12,1.2372747463086367,4780.934173360005
ag,50,0.31368179848212024,0.21528552778314275,313.68179848212026,348,348,696,0.9013844783968973,52,0.052,12,0.19481963856473516,56.43962663397612
ag,50,1.3334055225426593,0.9042198285300397,1333.4055225426594,1358,1357,2715,0.9826127653225198,1583,1.583,12,0.9172274731174188,1441.6382362651154
ag,50,0.647821139393765,0.4318179817200597,647.821139393765,683,683,1366,0.9484936155106368,312,0.312,12,0.4413041967257354,244.11941849506184
nag,50,0.19847169323964045,0.18670455196205774,198.47169323964044,2336,2336,4672,0.08496219744847622,354,0.354,12,0.15533357455768435,369.2468824894374
nag,50,0.039722667359168226,0.03814477705704111,39.72266735916823,474,474,948,0.08380309569444774,2,0.002,12,0.044341522345050406,2.5206184539326957
nag,50,0.1542213531392676,0.14672980695787244,154.2213531392676,1857,1857,3714,0.08304865543310049,244,0.244,12,0.136316949001904,266.14693531402
nag,50,0.16394568459430833,0.15904327840722698,163.94568459430835,1929,1929,3858,0.08498998682960515,270,0.27,12,0.15707022053791886,276.7939178970663
nag,50,0.24229659866505415,0.23344319042576822,242.29659866505415,2903,2903,5806,0.08346420897866144,596,0.596,12,0.23300649873181792,654.3476855261935
nag,50,0.2404050153797847,0.2300903290360414,240.40501537978471,2860,2860,5720,0.08405769768523941,584,0.584,12,0.2011963747198773,547.756139059964
nag,50,0.2079097214865269,0.20075531427227158,207.9097214865269,2442,2442,4884,0.08513911608784885,421,0.421,12,0.17274176283679454,479.73358304657864
nag,50,0.15979547621177784,0.15499556479322435,159.79547621177784,1911,1911,3822,0.08361877352787955,226,0.226,12,0.1591494346492354,241.2293062126332
nag,50,0.2412381126409158,0.23202166418118847,241.2381126409158,2854,2854,5708,0.08452631837453252,641,0.641,12,0.28331911488987666,626.2057708118688
nag,50,0.07895416714518111,0.07602799154205257,78.9541671451811,965,965,1930,0.08181778978775243,67,0.067,12,0.06566275275225653,80.76008565380756
nag,50,0.2830198729548165,0.2658641413457426,283.0198729548165,3333,3333,6666,0.08491445333177812,896,0.896,12,0.2962268803005032,753.0594002770591
nag,50,0.2047748688797367,0.19375166229629806,204.7748688797367,2409,2408,4817,0.08503939737530593,456,0.456,12,0.17225957663863395,540.4116731401194
nag,50,0.15246168712716002,0.14393387611229552,152.46168712716002,1834,1834,3668,0.08313069090902946,268,0.268,12,0.17872478114815457,311.9000060187478
nag,50,0.15462766423904312,0.14917624779183225,154.62766423904313,1887,1887,3774,0.08194364824538586,254,0.254,12,0.16161478940845292,246.7314359925368
nag,50,0.23252010073174467,0.22259818067276002,232.52010073174466,2738,2738,5476,0.0849233384703231,618,0.618,12,0.22198882946188325,528.6198261888007
nag,50,0.08176523678273791,0.07968901438758652,81.7652367827379,955,955,1910,0.0856180489871601,49,0.049,12,0.10211488882936293,59.56896282412788
nag,50,0.12320219008841782,0.11830587574532217,123.20219008841782,1472,1472,2944,0.08369714000571862,145,0.145,12,0.1279292666632775,138.4859470238933
nag,50,0.2758500311728825,0.2610508149283898,275.8500311728825,3336,3335,6671,0.08271365252560195,943,0.943,12,0.28839162632194276,870.263091656491
nag,50,0.0781481711507582,0.07586341085824287,78.1481711507582,891,891,1782,0.08770838512991942,64,0.064,12,0.08037613243222959,54.789534985138964
nag,50,0.08215542624956329,0.07897702474356952,82.15542624956329,957,957,1914,0.08584684038616854,61,0.061,12,0.08602175093753998,70.88411732677724
nag,50,0.3564644387969753,0.3474110727603367,356.4644387969753,4281,4280,8561,0.08328608383106899,1428,1.428,12,0.3836822865361509,1556.8967275121915
nag,50,0.196829184455247,0.1854826859518263,196.829184455247,2368,2368,4736,0.08312043262468201,425,0.425,12,0.17848594393671444,353.01547728201973
nag,50,0.1164437271339381,0.11190689315595725,116.4437271339381,1439,1439,2878,0.0809198937692412,120,0.12,12,0.06981155490074999,113.70265557969962
nag,50,0.23033516509926155,0.2150878328938198,230.33516509926156,2823,2823,5646,0.08159233620235974,525,0.525,12,0.23454319751699704,457.80449354949644
nag,50,0.1276874609356662,0.12260764422326634,127.68746093566622,1484,1484,2968,0.08604276343373735,163,0.163,12,0.1253328604924592,153.922037885506
nag,50,0.3574271713654005,0.34484017397548905,357.42717136540045,4324,4324,8648,0.08266123297072166,1441,1.441,12,0.3164688738238141,1818.1311808667288
nag,50,0.03931676553419871,0.03777095748212755,39.31676553419871,495,495,990,0.07942780915999739,4,0.004,12,0.03984264910017179,4.3111889524782985
nag,50,0.04189852116366319,0.04014303508796125,41.89852116366319,486,486,972,0.08621094889642632,6,0.006,12,0.029434908230216307,6.624558670638992
nag,50,0.23494698654445823,0.22586079384475954,234.9469865444582,2876,2876,5752,0.08169227626719687,656,0.656,12,0.23003516579121516,705.3450208291115
nag,50,0.07993938034940226,0.0773182959958785,79.93938034940226,1000,1000,2000,0.07993938034940226,59,0.059,12,0.08156132730060645,54.28717154146359
nag,50,0.2791906157694048,0.26937569594264266,279.1906157694048,3384,3384,6768,0.08250313704769646,925,0.925,12,0.2641703822749535,879.6118996350556
nag,50,0.23340619660542977,0.2228562810659778,233.40619660542978,2736,2734,5470,0.08537168859013525,568,0.568,12,0.17709473799242595,490.88562206291465
nag,50,0.08291172314810939,0.07914629130339483,82.91172314810939,974,974,1948,0.0851249724313238,38,0.038,12,0.0749967616539559,35.09386622745092
nag,50,0.11774615507550439,0.11360669370451933,117.74615507550439,1478,1478,2956,0.07966586946921812,148,0.148,12,0.11066834210951863,138.79205354676984
nag,50,0.0817798362322593,0.07757348823036357,81.7798362322593,946,946,1892,0.0864480298438259,46,0.046,12,0.08433667137807888,42.403075031494076
nag,50,0.23115273480584853,0.22276250636420758,231.15273480584852,2871,2871,5742,0.08051296928103396,602,0.602,12,0.1994820715177684,530.000246581405
nag,50,0.13012587859318317,0.12314022669129214,130.12587859318316,1484,1483,2967,0.08774502939526849,146,0.146,12,0.09946041822739819,152.03599390466283
nag,50,0.2125118657551633,0.20454422389946672,212.51186575516329,2426,2425,4851,0.08763375907429413,486,0.486,12,0.2493691353122375,501.0455293410573
nag,50,0.36070213017531844,0.3433046147549729,360.7021301753184,4309,4309,8618,0.0837090114122345,1428,1.428,12,0.3357656765274941,1887.94644521465
nag,50,0.22730075014639517,0.2208015747160568,227.30075014639516,2795,2795,5590,0.08132406087527555,615,0.615,12,0.23242159649362548,591.4765185814717
nag,50,0.3113393872909179,0.29679158351147256,311.3393872909179,3785,3785,7570,0.08225611289059918,1071,1.071,12,0.2662980799898107,1216.7721668713143
nag,50,0.1272572186168626,0.12132183343035255,127.2572186168626,1450,1450,2900,0.08776359904611214,171,0.171,12,0.14314659895955983,165.35045483649208
nag,50,0.20455464963090011,0.19652133356007778,204.55464963090012,2419,2419,4838,0.08456165755721377,444,0.444,12,0.19609083350226422,495.28936081865385
nag,50,0.27361243346462977,0.26268912955227397,273.61243346462976,3296,3295,6591,0.08303867479958414,855,0.855,12,0.2436879980965179,791.3240220586639
nag,50,0.3482527469010648,0.33579772221260495,348.25274690106477,4212,4211,8423,0.08270072355760265,1309,1.309,12,0.3947495989420026,1197.3973763469494
nag,50,0.07646281137556042,0.0735820864070223,76.46281137556042,957,957,1914,0.07989844448856888,63,0.063,12,0.08123838996676333,62.51891920448678
nag,50,0.14956936289420442,0.14227887293060598,149.5693628942044,1874,1874,3748,0.07981289375357759,230,0.23,12,0.15568852199997152,221.67731799680976
nag,50,0.03704926141781569,0.03567661364621005,37.04926141781569,451,451,902,0.08214913839870441,8,0.008,12,0.03282973460583792,8.0256158234816
nag,50,0.3161280421428656,0.3065819788871863,316.1280421428656,3819,3817,7636,0.0828210747033968,1179,1.179,12,0.3086869828389196,1380.2128281634505
nag,50,0.19568647747436704,0.18630849650322598,195.68647747436705,2348,2348,4696,0.08334177064496041,479,0.479,12,0.18789264997124352,463.64940383070405
nag,50,0.22937030191445454,0.2213589158407464,229.37030191445453,2837,2837,5674,0.08084959531704425,613,0.613,12,0.23250456675398734,640.5653235329983
nag,50,0.19357502844678962,0.18404773919023573,193.57502844678962,2377,2377,4754,0.08143669686444661,386,0.386,12,0.15307928361160592,340.7565601495409
nag,50,0.19088021442592287,0.17977732709584263,190.88021442592287,2380,2380,4760,0.08020177076719448,360,0.36,12,0.198749135499968,384.9170429835067
nag,50,0.07586844849641702,0.07286021282163611,75.86844849641702,963,963,1926,0.07878343561414021,65,0.065,12,0.07242881614974572,65.21115946494454
nag,50,0.12613418319717967,0.12088219771921688,126.13418319717967,1431,1431,2862,0.08814408329642184,130,0.13,12,0.1563961407416697,144.96152456935857
nag,50,0.24434361421129852,0.23446900173415164,244.34361421129853,2857,2857,5714,0.08552454120101453,621,0.621,12,0.2500754039767748,478.0633512986139
nag,50,0.1999169893019609,0.1895364154299291,199.91698930196088,2402,2402,4804,0.08322938771938422,397,0.397,12,0.1985933984759213,429.8832294881366
nag,50,0.27802457291094934,0.2587315007055158,278.02457291094936,3352,3352,6704,0.08294289167987749,804,0.804,12,0.2201506972452327,1006.0078082544668
nag,50,0.1559640406267851,0.15066430106749595,155.9640406267851,1884,1883,3767,0.08282742465575417,247,0.247,12,0.14112924606844968,222.1533036632369
nag,50,0.15738481599755086,0.15229766733905503,157.38481599755085,1923,1923,3846,0.08184337805384859,237,0.237,12,0.14160703457441937,218.22334242468204
nag,50,0.159864316729892,0.15607140482260679,159.86431672989198,1923,1923,3846,0.08313277001034425,230,0.23,12,0.14100340481633564,182.37599789573767
nag,50,0.19627182894475875,0.18976585682703398,196.27182894475877,2408,2408,4816,0.08150823461161079,439,0.439,12,0.1855421102513539,404.67990804951427
nag,50,0.20000195501176968,0.19486863365656884,200.00195501176967,2392,2392,4784,0.083612857446392,415,0.415,12,0.1488528919855387,317.06478205462344
nag,50,0.11686758633837038,0.11180947743294409,116.86758633837039,1372,1372,2744,0.08518045651484722,135,0.135,12,0.115529240197124,170.46050041440068
nag,50,0.20148504856042704,0.19291915411783658,201.48504856042703,2399,2399,4798,0.08398709819109089,375,0.375,12,0.1919929267533431,375.7940980567658
nag,50,0.07911150679929604,0.07552638556021678,79.11150679929604,961,961,1922,0.08232206742902813,77,0.077,12,0.08639540069243047,48.84342083736383
nag,50,0.0803947467430882,0.07755569274328838,80.3947467430882,981,980,1961,0.0820354558602941,54,0.054,12,0.07450772573699992,58.15477617497125
nag,50,0.47151637009194053,0.44773951944397905,471.51637009194053,5673,5672,11345,0.08313053069321942,2649,2.649,12,0.42956143637903066,2737.789147103683
nag,50,0.19305710224394154,0.1823734410133785,193.05710224394153,2337,2337,4674,0.08260894404961126,450,0.45,12,0.21370335992262282,505.1255251085432
nag,50,0.24156935752577335,0.2353054767375732,241.56935752577334,2863,2863,5726,0.08437630371141228,641,0.641,12,0.27340785617137847,875.5887624913871
nag,50,0.1978592742651183,0.18832466659091232,197.8592742651183,2374,2374,4748,0.08334426043181058,445,0.445,12,0.2069986394188391,410.16842644728797
nag,50,0.2416335661139708,0.23183339188649366,241.6335661139708,2860,2860,5720,0.08448726087901078,623,0.623,12,0.16871854235238343,619.635837254025
nag,50,0.19524053669692312,0.18667469050341357,195.24053669692313,2349,2349,4698,0.08311644814683829,420,0.42,12,0.1916011278706636,383.5824776617384
nag,50,0.3233565434433239,0.3074761549973928,323.35654344332386,3780,3779,7559,0.08556669580400209,1089,1.089,12,0.3734338913112486,1182.4000310674253
nag,50,0.24356500719830718,0.241304376444635,243.56500719830717,2882,2881,5763,0.08454182825349087,674,0.674,12,0.15524161647179227,785.9481138593384
nag,50,0.12425713931336294,0.11789435456193066,124.25713931336294,1443,1443,2886,0.08611028365444418,155,0.155,12,0.09475366738242101,138.14600733818278
nag,50,0.16310806865359972,0.15609934769833092,163.10806865359973,1913,1913,3826,0.08526297368196536,304,0.304,12,0.1608111952073173,339.4493194140166
nag,50,0.11507337818519026,0.11174480107445953,115.07337818519025,1385,1385,2770,0.08308547161385578,142,0.142,12,0.10888375598086726,106.0282394074277
nag,50,0.12742202113032775,0.12167945277227557,127.42202113032775,1497,1497,2994,0.08511825058806129,123,0.123,12,0.10473045543460738,143.76632042694936
nag,50,0.12161668448238737,0.11782957114985754,121.61668448238737,1475,1475,2950,0.08245198947958465,166,0.166,12,0.13710721841330015,183.95886229396828
nag,50,0.08339057908768127,0.08054317724637948,83.39057908768127,953,953,1906,0.08750323094195307,34,0.034,12,0.06711720809865683,29.090201578190356
nag,50,0.28838060290941425,0.27507981186482766,288.3806029094143,3410,3410,6820,0.08456909176229158,880,0.88,12,0.26844322511747953,884.6453760331542
nag,50,0.20595623025098342,0.1976245694919414,205.95623025098342,2378,2378,4756,0.08660901188014442,446,0.446,12,0.1542578872083237,514.2068798008335
nag,50,0.3894614897827006,0.37660828512059397,389.4614897827006,4720,4720,9440,0.08251302749633488,1753,1.753,12,0.4257085590924098,1599.7038803283956
nag,50,0.19393660484794814,0.18954434424805583,193.93660484794813,2315,2315,4630,0.08377391138140308,440,0.44,12,0.17069721451177264,428.60124276209996
nag,50,0.23702254982241416,0.23228806926568527,237.02254982241416,2821,2821,5642,0.08402075498844884,626,0.626,12,0.16146325132357542,556.602849774923
nag,50,0.119405627029686,0.11395737196614819,119.405627029686,1453,1453,2906,0.0821786834340578,150,0.15,12,0.10298896473959858,140.58841067102063
nag,50,0.1195934773146152,0.1159475746075932,119.5934773146152,1409,1409,2818,0.0848782663694927,153,0.153,12,0.11862330844895563,141.5822340889929
nag,50,0.15538672389056543,0.14923977516328965,155.38672389056543,1928,1928,3856,0.0805947738021605,262,0.262,12,0.12300196471005273,235.69700803768362
nag,50,0.16770256904386815,0.1596654785056228,167.70256904386815,1967,1967,3934,0.08525804221853998,304,0.304,12,0.12764002565932647,326.2821347983956
nag,50,0.24616036404451955,0.23528403303469134,246.16036404451955,2948,2947,5895,0.08352913608568699,647,0.647,12,0.20537184578229747,827.3814605026955
nag,50,0.23825993999605996,0.22630069331801128,238.25993999605996,2854,2854,5708,0.08348281008971968,672,0.672,12,0.22768426630854768,844.178697870949
nag,50,0.11966019464536796,0.11298301426069403,119.66019464536797,1458,1457,2915,0.08212779316771995,129,0.129,12,0.09654809915715008,151.63850320273633
nag,50,0.19987511901413887,0.19442021574073987,199.87511901413887,2406,2405,4811,0.08310815759423654,431,0.431,12,0.17844828031129956,271.8005240330912
nag,50,0.19458298443093883,0.1863906397504135,194.58298443093884,2395,2394,4789,0.08127944211818665,397,0.397,12,0.2066797204643486,385.6841877624497
nag,50,0.07766995318407098,0.07507033171758731,77.66995318407098,928,928,1856,0.0836960702414558,52,0.052,12,0.09984080394894637,51.77680109973453
nag,50,0.1126286143179777,0.10743466939127463,112.6286143179777,1378,1378,2756,0.08173339210303172,109,0.109,12,0.0950376975493419,121.34735337952227
nag,50,0.23850451789342375,0.22886515080620454,238.50451789342375,2871,2871,5742,0.08307367394406957,536,0.536,12,0.18079916834019596,591.3779584219935
nag,50,0.1982373107692808,0.19029355777276852,198.2373107692808,2406,2405,4811,0.08242715624502321,417,0.417,12,0.2184711910029584,414.442627633794
nag,50,0.23304233819388703,0.22622910277736763,233.04233819388702,2888,2888,5776,0.08069333039954536,590,0.59,12,0.19055000081669907,598.2794639918053
nag,50,0.20789726494932198,0.19658383514874309,207.897264949322,2465,2465,4930,0.08433966123704746,419,0.419,12,0.15649213553063326,327.06096575019524
nag,50,0.14956499565970818,0.14309714940138865,149.5649956597082,1886,1886,3772,0.07930275485668514,242,0.242,12,0.14662761024896565,223.88978696616124
nag,50,0.35017131077186864,0.32927652321815587,350.17131077186866,4280,4279,8559,0.08183484710723736,1438,1.438,12,0.25625895496482587,1247.057346644874
nag,50,0.11981391835640619,0.11574032924237625,119.81391835640619,1431,1431,2862,0.0837274062588443,120,0.12,12,0.11125139819340324,122.79550324108098
nag,50,0.2316540503118712,0.2197550379769135,231.6540503118712,2813,2813,5626,0.08235124433411703,570,0.57,12,0.20546533827528768,729.6097235280937
nag,50,0.27571302816665627,0.26288205052243474,275.7130281666563,3318,3318,6636,0.0830961507434166,863,0.863,12,0.2395740639959149,893.2433593037604
nag,50,0.19673602097038487,0.18999972002624893,196.73602097038486,2395,2395,4790,0.0821444763968204,485,0.485,12,0.16929018007748073,468.37997632410463
nag,50,0.11259502263924062,0.10765287878034867,112.59502263924063,1407,1407,2814,0.08002489171232453,127,0.127,12,0.08911275734761748,107.5984918576865
nag,50,0.0779792649513219,0.07490048420305755,77.97926495132191,996,996,1992,0.07829243469008224,60,0.06,12,0.07349173308177863,64.75733020279877
nag,50,0.28092093682421215,0.2693008262599367,280.92093682421216,3352,3352,6704,0.08380696205972916,871,0.871,12,0.3499657115011309,702.5389285503833
nag,50,0.15363991256966636,0.14575444438196092,153.63991256966636,1866,1866,3732,0.08233650191300448,210,0.21,12,0.10862527651450349,246.09156190306732
nag,50,0.19392331405242746,0.1848423990525075,193.92331405242746,2353,2352,4705,0.08245038862773277,396,0.396,12,0.18375255658491044,387.9457942589221
nag,50,0.1124549143606897,0.10735311754353423,112.4549143606897,1430,1430,2860,0.07863980025223057,151,0.151,12,0.11054024572159127,172.54726132126038
nag,50,0.2814356710387551,0.27211480722366127,281.4356710387551,3329,3329,6658,0.08454060409695258,822,0.822,12,0.27151564692042174,662.4998084545654
nag,50,0.19338290579662162,0.18646485677675023,193.38290579662163,2350,2349,4699,0.08232563039447494,361,0.361,12,0.1648291515622999,309.96678962921743
nag,50,0.1613679410851536,0.1536827265711349,161.3679410851536,1873,1873,3746,0.08615480036580545,268,0.268,12,0.15248302243324813,297.61622492734637
nag,50,0.3163556649931104,0.300742384296008,316.3556649931104,3822,3821,7643,0.0827939453004738,1108,1.108,12,0.2911675392610971,1030.6640933527235
nag,50,0.15792303717349324,0.14965679916440977,157.92303717349324,1942,1942,3884,0.08131979257131475,287,0.287,12,0.1143818081898754,245.1730676179518
nag,50,0.19426845184470473,0.18516628642372035,194.26845184470474,2319,2319,4638,0.08377251049793219,421,0.421,12,0.22262286637308185,389.65328428160456
nag,50,0.35432405770486697,0.33644911016289497,354.32405770486696,4192,4192,8384,0.08452386872730605,1329,1.329,12,0.2294277563765174,1629.4458736942486
nag,50,0.1546042583065161,0.14715283483604497,154.6042583065161,1865,1865,3730,0.0828977256335207,264,0.264,12,0.1670032236516305,263.63088282471205
nag,50,0.117737091751794,0.11381292191914212,117.737091751794,1494,1494,2988,0.07880662098513655,133,0.133,12,0.09969968825948156,99.2029817430167
nag,50,0.1999695767506973,0.19171717547075334,199.96957675069729,2435,2435,4870,0.08212302946640546,443,0.443,12,0.17999946206520318,488.34602321958977
nag,50,0.15330799688754576,0.1493576047942205,153.30799688754576,1851,1850,3701,0.08286918750678149,250,0.25,12,0.1670598855322083,273.82784301606995
nag,50,0.11983099500251565,0.11398091587515437,119.83099500251565,1475,1475,2950,0.08124135254407841,133,0.133,12,0.12902470799465238,133.58831163755892
nag,50,0.19624508962449053,0.18693618704287435,196.24508962449053,2382,2382,4764,0.08238668749978612,388,0.388,12,0.23308512825974054,349.34542682634446
nag,50,0.28176929869020034,0.26726980146677104,281.76929869020034,3317,3316,6633,0.0849726473734018,856,0.856,12,0.26919861236718046,698.6810461064754
nag,50,0.23599281056822974,0.22770082433117575,235.99281056822974,2821,2821,5642,0.08365572866651179,590,0.59,12,0.21673938164356868,609.2714184451612
nag,50,0.20232622718031953,0.19491675935233121,202.32622718031953,2397,2397,4794,0.08440810478945329,450,0.45,12,0.2337263568589145,464.95966318582583
nag,50,0.1167783446744027,0.11187213882729866,116.7783446744027,1450,1450,2900,0.08053678943062255,136,0.136,12,0.08621373279896387,155.11319243266894
nag,50,0.08432535028589976,0.0811106475547665,84.32535028589976,974,974,1948,0.0865763349957903,86,0.086,12,0.08254903224453788,97.94551321944313
nag,50,0.16140370783597024,0.156686517908554,161.40370783597024,1906,1906,3812,0.08468190337668953,288,0.288,12,0.11031103830305468,268.4614323027591
nag,50,0.11944104235056073,0.11469359192213226,119.44104235056074,1423,1423,2846,0.0839360803587918,148,0.148,12,0.10805255513124395,104.97279460489722
nag,50,0.16566407273580291,0.15774875771452015,165.6640727358029,1986,1985,3971,0.08345797115153798,247,0.247,12,0.14904335004020464,246.985273163759
nag,50,0.12000349574665779,0.11586881620717739,120.00349574665779,1430,1430,2860,0.08391852849416628,178,0.178,12,0.13640620481205953,177.35699678560454
nag,50,0.2751766721437243,0.26263460102842373,275.1766721437243,3339,3339,6678,0.08241289971360417,854,0.854,12,0.22942633732726783,824.4703324365969
nag,50,0.19688238051852222,0.19231948758388204,196.8823805185222,2421,2421,4842,0.0813227511435449,418,0.418,12,0.20516478040044797,481.3993925983065
nag,50,0.16583871469962383,0.15607964652664133,165.83871469962384,1940,1940,3880,0.08548387355650713,255,0.255,12,0.15545029522641235,220.92300457461604
nag,50,0.08221315258534322,0.08001422283300941,82.21315258534321,952,952,1904,0.08635835355603279,47,0.047,12,0.0909742620676402,41.46661646253285
nag,50,0.240944866209081,0.23294552789107492,240.944866209081,2917,2917,5834,0.08260022838844053,641,0.641,12,0.22550178755924,574.3411702458301
nag,50,0.2854758227548904,0.27501351529806145,285.47582275489043,3452,3451,6903,0.08272263771512328,795,0.795,12,0.30808127771175825,943.8338474705461
nag,50,0.23589940063558107,0.22118241050846807,235.89940063558106,2862,2862,5724,0.08242466828636655,636,0.636,12,0.22157880034925545,794.694322134434
nag,50,0.03973466732896359,0.038155823541220185,39.73466732896359,466,466,932,0.0852675264570034,7,0.007,12,0.040466642275104964,6.818060815908506
nag,50,0.08334117173350732,0.0810321392115658,83.34117173350731,996,996,1992,0.08367587523444509,48,0.048,12,0.09351217351444882,34.132270076072565
nag,50,0.11777941893146647,0.11264064008936578,117.77941893146647,1430,1430,2860,0.08236323002200452,183,0.183,12,0.10450181503019104,219.93093367654978
nag,50,0.27555045526820654,0.26872515103823436,275.5504552682065,3311,3311,6622,0.08322272886384975,803,0.803,12,0.29980793326064753,960.6707535452276
nag,50,0.3190064188453869,0.3025966188668688,319.00641884538686,3857,3857,7714,0.08270843112403081,1127,1.127,12,0.3619851041647133,1065.0244931539328
nag,50,0.15823009035649255,0.15636245053842346,158.23009035649255,1875,1874,3749,0.0844344132105083,248,0.248,12,0.17213835996495438,266.5846935474852
nag,50,0.19664091089533006,0.18464107612769703,196.64091089533005,2416,2415,4831,0.08142480782415323,394,0.394,12,0.15820193762932988,394.2428355165219
nag,50,0.20228904001338224,0.19659554701483986,202.28904001338225,2397,2397,4794,0.08439259074400594,414,0.414,12,0.16138374048038656,457.37461447833493
nag,50,0.15223183252824107,0.14676904334607146,152.23183252824109,1904,1904,3808,0.07995369355474848,280,0.28,12,0.14136137301281643,250.4666441455393
nag,50,0.12222627599991241,0.11754644718021602,122.22627599991242,1429,1429,2858,0.08553273337992472,136,0.136,12,0.1220144048365833,143.1468846286837
nag,50,0.2335382798870035,0.2229007218825391,233.5382798870035,2834,2833,5667,0.0824349734864114,613,0.613,12,0.21476283520480308,589.8257906860485
nag,50,0.3548065417623671,0.3315410579744058,354.8065417623671,4245,4245,8490,0.08358222420786032,1407,1.407,12,0.30740443192598205,1346.956727178735
nag,50,0.36489648678467757,0.3481370799371489,364.89648678467756,4360,4360,8720,0.08369185476712789,1566,1.566,12,0.3024482244483645,1369.5268285650154
nag,50,0.20488540093145574,0.19426867684040108,204.88540093145573,2368,2368,4736,0.08652255106902691,447,0.447,12,0.19588114362039705,342.4601989191952
nag,50,0.2811987235848945,0.2745350906864254,281.1987235848945,3380,3380,6760,0.08319488863458417,918,0.918,12,0.24483377721206537,748.2098633162518
nag,50,0.19614154314926585,0.18777223898804346,196.14154314926586,2371,2371,4742,0.08272523962432132,428,0.428,12,0.19427726144052457,437.48087031884893
nag,50,0.20739581512311014,0.19477962206500193,207.39581512311014,2443,2443,4886,0.08489390713185024,426,0.426,12,0.20258470208336365,454.09385983976836
nag,50,0.18719753913589796,0.17884543690361587,187.19753913589796,2267,2267,4534,0.08257500623550858,370,0.37,12,0.17999924380600912,282.32835471461846
nag,50,0.07630629328030486,0.072582502709241,76.30629328030486,957,957,1914,0.07973489370982743,51,0.051,12,0.08735018359724166,49.99845309769781
nag,50,0.3112134923959429,0.29564329986598387,311.2134923959429,3730,3730,7460,0.08343525265306781,987,0.987,12,0.29177457635794957,1058.732506315946
nag,50,0.324468618095622,0.3081911666277419,324.468618095622,3892,3892,7784,0.0833680930358741,1198,1.198,12,0.3073119614339555,1085.8077447706228
nag,50,0.11607698197648111,0.11121181840311456,116.07698197648111,1414,1414,2828,0.0820912178051493,131,0.131,12,0.11920324005577962,137.2944394958802
nag,50,0.32947830605657524,0.30902334136840603,329.47830605657526,3950,3950,7900,0.08341222938141146,1150,1.15,12,0.31034261869970636,1226.7763348091635
nag,50,0.24289973050056038,0.22962199600542443,242.89973050056037,2833,2833,5666,0.08573940363591966,600,0.6,12,0.23727866218097476,536.7116787924272
nag,50,0.18900345930042153,0.18019973488101568,189.00345930042153,2342,2342,4684,0.08070173326234907,396,0.396,12,0.2116456499852628,393.6837100101612
nag,50,0.3632124006414788,0.3471613889136061,363.2124006414788,4311,4310,8621,0.0842720187103199,1450,1.45,12,0.3314967775643164,1580.8019399234033
nag,50,0.278376780232757,0.2665345497486575,278.376780232757,3341,3341,6682,0.08332139486164532,868,0.868,12,0.26573456724688693,949.0911644098477
nag,50,0.07548272039093792,0.07329608262717699,75.48272039093793,953,953,1906,0.07920537291808807,35,0.035,12,0.07326437874537266,29.13891061319818
nag,50,0.35968874550473073,0.3395808587008816,359.6887455047307,4240,4240,8480,0.08483225129828555,1391,1.391,12,0.2132316491072284,1539.7638758083235
nag,50,0.15435860133390333,0.1528583868188503,154.35860133390332,1933,1933,3866,0.0798544238664787,264,0.264,12,0.1588169182974466,208.93464206356012
nag,50,0.19938241847402755,0.18969992051049284,199.38241847402753,2430,2429,4859,0.08208415746151813,444,0.444,12,0.20556098123913388,383.4673551255524
nag,50,0.11759822078583089,0.1139051975098873,117.59822078583089,1405,1405,2810,0.08369980127105402,149,0.149,12,0.08108560161982561,119.5659262368486
nag,50,0.36118032277882345,0.33779849513365207,361.18032277882344,4392,4392,8784,0.08223595691685415,1412,1.412,12,0.3323093942640458,900.3886442583448
nag,50,0.12230896703193893,0.11765000378130043,122.30896703193893,1481,1481,2962,0.08258539299928355,151,0.151,12,0.13963510411233768,169.08524495681257
nag,50,0.0783279083929412,0.07532083544836585,78.3279083929412,969,969,1938,0.08083375479147699,84,0.084,12,0.08895662961482183,76.33951367004296
nag,50,0.08096038373575407,0.07669456978071719,80.96038373575406,934,934,1868,0.08668135303613926,53,0.053,12,0.08460013596513993,64.53472009987831
nag,50,0.19421898249955788,0.18364471755134826,194.21898249955788,2352,2351,4703,0.08261122182031386,359,0.359,12,0.2259411267833904,355.46818335201596
nag,50,0.23975232852624168,0.2279567134994295,239.75232852624168,2922,2922,5844,0.08205076267154061,627,0.627,12,0.20492636182738747,539.0529833814127
nag,50,0.19186838828328448,0.1841674451693873,191.86838828328447,2304,2304,4608,0.08327621019239778,355,0.355,12,0.16273551689718727,360.92281504807465
nag,50,0.16312958591722518,0.15784838262952886,163.12958591722517,1934,1934,3868,0.08434828641014745,303,0.303,12,0.16521225874052728,306.12844769888045
nag,50,0.11514249795447219,0.11114900045131293,115.14249795447219,1387,1387,2774,0.08301549960668507,134,0.134,12,0.09116763127563943,116.39135915047493
nag,50,0.2364402271496728,0.2284406527504919,236.4402271496728,2853,2852,5705,0.08290330545219944,579,0.579,12,0.27674604368045885,536.4261844551119
nag,50,0.2809593422924888,0.26757117534966207,280.9593422924888,3336,3336,6672,0.08422042634666932,859,0.859,12,0.3098924972962203,737.5220639321404
nag,50,0.3864496283252046,0.36240867345356254,386.44962832520457,4626,4626,9252,0.08353861399161361,1654,1.654,12,0.3080504839567879,1584.0431095336667
nag,50,0.23431467008368845,0.2216326114264195,234.31467008368844,2837,2836,5673,0.08262153388000297,535,0.535,12,0.1522718132049648,448.73691336860287
nag,50,0.28933910430494225,0.2858988986772879,289.3391043049422,3368,3368,6736,0.08590828512617049,900,0.9,12,0.2737094903516062,638.579164052164
nag,50,0.20294234469726416,0.1925665847247709,202.94234469726416,2403,2403,4806,0.08445374311163718,380,0.38,12,0.2073139608031827,433.31310541774974
nag,50,0.28574478356896443,0.27077811025134857,285.7447835689644,3375,3375,6750,0.08466512105747094,870,0.87,12,0.33239087703508124,832.0352102832571
nag,50,0.1540680924183107,0.14775249490577516,154.0680924183107,1854,1853,3707,0.08314521986956865,227,0.227,12,0.11313426873173726,274.13513477740173
nag,50,0.23814735625083017,0.23019108878140981,238.14735625083017,2836,2836,5672,0.08397297470057481,636,0.636,12,0.2698786657501683,630.286798001882
nag,50,0.4022819822665398,0.3810219041221967,402.2819822665398,4807,4807,9614,0.0836867031967006,1692,1.692,12,0.35260685531729363,2130.4072634087224
nag,50,0.19748943538782834,0.190901186084928,197.48943538782834,2347,2346,4693,0.08418134500759947,418,0.418,12,0.18190785584837424,342.0090245540644
nag,50,0.11865478496085978,0.11588673861355096,118.65478496085979,1420,1419,2839,0.0836185940527553,126,0.126,12,0.1175534593118189,140.54959739184193
nag,50,0.20051718933209053,0.1905973933487903,200.51718933209054,2349,2349,4698,0.08536278813626673,417,0.417,12,0.2260131824216487,426.8901495751908
nag,50,0.038501174728762765,0.037018834273268034,38.50117472876276,457,457,914,0.08424764710889007,5,0.005,12,0.043253962372940956,4.175898130125059
nag,50,0.08417887135830415,0.08135963465699295,84.17887135830415,973,973,1946,0.08651477015241947,75,0.075,12,0.0627061230858288,62.75463098169542
nag,50,0.15286143651675604,0.14428864718862297,152.86143651675604,1917,1917,3834,0.07973992515219408,280,0.28,12,0.1442193142476355,394.58758294066354
nag,50,0.19102929532841365,0.1810492502164891,191.02929532841364,2382,2382,4764,0.08019701735029959,379,0.379,12,0.15732137251667086,359.25800917130016
nag,50,0.043090305136832895,0.041233530740047535,43.090305136832896,475,475,950,0.09071643186701663,12,0.012,12,0.041176096770150744,10.898055278111784
nag,50,0.19653289190308396,0.18776899442162073,196.53289190308396,2363,2361,4724,0.08324137734141633,440,0.44,12,0.16763712991272306,498.58163120318187
nag,50,0.15526866123394206,0.14875923714485237,155.26866123394205,1957,1957,3914,0.07934014370666431,255,0.255,12,0.13231507700615433,194.39369525407187
nag,50,0.08344804751902048,0.07969000939655638,83.44804751902048,958,958,1916,0.08710652141860176,45,0.045,12,0.09596942529667767,35.71555155675926
nag,50,0.15327565377585037,0.1473663251946489,153.27565377585037,1850,1850,3700,0.0828517047437029,280,0.28,12,0.1679637677002779,289.38456936083344
nag,50,0.1546994400603891,0.14867129822828856,154.6994400603891,1882,1882,3764,0.08219948993644478,254,0.254,12,0.14639380654661116,215.36089766953597
nag,50,0.28583119124791867,0.27470067897233447,285.8311912479187,3451,3451,6902,0.08282561322744673,901,0.901,12,0.2929644192125082,823.3478755560485
nag,50,0.15996032443160954,0.15309638257072816,159.96032443160954,1859,1859,3718,0.08604643595030098,241,0.241,12,0.15508961257850587,275.447692189807
nag,50,0.31554050667269434,0.30584173134247283,315.54050667269433,3740,3740,7480,0.08436911943120169,1126,1.126,12,0.29428813075212096,1032.2239186857435
nag,50,0.27512439970375135,0.261723681785016,275.12439970375135,3248,3248,6496,0.08470578808613034,772,0.772,12,0.2584914443010175,831.3110285662018
nag,50,0.20302045238138977,0.19417923601590714,203.02045238138976,2423,2423,4846,0.08378887840750712,444,0.444,12,0.19507112602201573,459.1291768644654
nag,50,0.07880967209944711,0.07589271779476124,78.80967209944711,944,944,1888,0.08348482213924482,65,0.065,12,0.08467545971243444,68.23188809876375
nag,50,0.23358399203534194,0.22618482556660072,233.58399203534194,2811,2811,5622,0.08309640413921805,646,0.646,12,0.19397342081395808,629.3512689743133
nag,50,0.11399404013011316,0.11003757581333616,113.99404013011316,1424,1424,2848,0.08005199447339408,117,0.117,12,0.09636009127131183,107.09808764245201
nag,50,0.27475799688285457,0.2594901242417261,274.75799688285457,3270,3270,6540,0.08402385225775369,826,0.826,12,0.242151667369535,830.4142456845009
nag,50,0.12360886849021444,0.11765799643846421,123.60886849021443,1480,1480,2960,0.08351950573663137,192,0.192,12,0.09417962679103735,154.26858500763402
nag,50,0.1528075455155382,0.1432699801326874,152.8075455155382,1908,1908,3816,0.08008781211506195,216,0.216,12,0.13812857936333597,169.45455205623796
nag,50,0.20122017894578165,0.19498498726165378,201.22017894578164,2371,2371,4742,0.08486722013740264,431,0.431,12,0.1718880693142959,482.2266197116862
nag,50,0.03943627784520821,0.03788105783492375,39.43627784520821,475,475,950,0.08302374283201729,18,0.018,12,0.03397674196321535,18.918488033407733
nag,50,0.0773952578176669,0.07330913417391774,77.3952578176669,969,969,1938,0.07987126709769546,53,0.053,12,0.08412671162264324,40.629449117337174
nag,50,0.12361113551714326,0.11941389313707963,123.61113551714325,1431,1431,2862,0.08638094725167243,135,0.135,12,0.15658847291610584,131.9623548248985
nag,50,0.07801379858639156,0.0740194636480206,78.01379858639156,931,931,1862,0.0837957020261993,55,0.055,12,0.07643809649815463,63.06427574693356
nag,50,0.16621747448051707,0.15965800238508468,166.21747448051707,1889,1888,3777,0.08803891656807049,264,0.264,12,0.1880806661848496,280.92883384846886
nag,50,0.20373218647804991,0.19049013904690407,203.73218647804993,2385,2385,4770,0.08542230041008382,406,0.406,12,0.19408602257799473,469.0147036331758
nag,50,0.11473336225800282,0.11037461390159313,114.73336225800281,1385,1385,2770,0.08283997274946052,124,0.124,12,0.1342816219771007,126.49064808158055
nag,50,0.2016566493670972,0.19531876778098664,201.6566493670972,2434,2434,4868,0.08284989702838834,451,0.451,12,0.17382832849403226,373.4763265176226
nag,50,0.4004963480716929,0.3737366923105969,400.49634807169286,4741,4741,9482,0.08447507869050683,1698,1.698,12,0.33516314736631664,1553.1495530476595
nag,50,0.1596396781653166,0.15225576943866617,159.6396781653166,1898,1898,3796,0.08410941947593077,265,0.265,12,0.19000723763932217,282.81614211234546
nag,50,0.07919018328817805,0.07512725181475934,79.19018328817805,998,998,1996,0.07934888105027861,43,0.043,12,0.07461834239404651,38.058637837517786
nag,50,0.10991485987111779,0.10483678356581902,109.9148598711178,1381,1381,2762,0.07959077470754367,97,0.097,12,0.11465942768453131,106.16866413047735
nag,50,0.30911547312929477,0.29616975896796227,309.1154731292948,3803,3803,7606,0.08128200713365627,1023,1.023,12,0.2685092359168008,1052.8245455479828
nag,50,0.11952118628889102,0.11455066130169156,119.52118628889103,1444,1443,2887,0.08282826492646642,149,0.149,12,0.07410377416979506,147.01653885400052
nag,50,0.2880434957482123,0.27396742819320413,288.0434957482123,3416,3416,6832,0.0843218664368303,909,0.909,12,0.3353065211992751,994.1112127937562
nag,50,0.154582340465514,0.14631045464743908,154.582340465514,1857,1857,3714,0.08324304817744427,235,0.235,12,0.13236708055534463,197.78613721201828
nag,50,0.19362593845009374,0.18564304704956927,193.62593845009374,2336,2335,4671,0.08292331411138919,410,0.41,12,0.20464973959574004,312.9524513125105
nag,50,0.15015298829949364,0.1452240717459837,150.15298829949364,1816,1816,3632,0.08268336360104275,250,0.25,12,0.12093253259013838,210.53324982131994
nag,50,0.19812512222031572,0.18718825918706564,198.12512222031572,2401,2401,4802,0.08251775186185578,381,0.381,12,0.20727515321129814,290.7652052154689
nag,50,0.23846284085897182,0.22571669395641292,238.46284085897182,2869,2869,5738,0.08311705850783263,613,0.613,12,0.26059968417579676,532.078854929464
nag,50,0.2804432493174544,0.2646223626514751,280.4432493174544,3366,3366,6732,0.08331647335634415,880,0.88,12,0.3451540668958442,689.9647335522154
nag,50,0.12279024192946451,0.11996062527958214,122.79024192946451,1473,1473,2946,0.08336065304104855,159,0.159,12,0.11026823856291047,124.28261433437622
nag,50,0.1550229641430128,0.15149331231065902,155.0229641430128,1912,1912,3824,0.0810789561417431,262,0.262,12,0.15656353694110578,268.8318067167014
nag,50,0.12446894747532294,0.11885581374144627,124.46894747532295,1490,1490,2980,0.08353620635927715,137,0.137,12,0.10253518425842226,158.80423957630572
nag,50,0.1178565910696131,0.11279676099876156,117.8565910696131,1442,1442,2884,0.08173133916061935,152,0.152,12,0.07963887228708906,138.05754666656273
nag,50,0.23964050744319,0.2303593049323211,239.64050744319,2879,2879,5758,0.08323741140784648,647,0.647,12,0.24573117741036396,561.711993164919
nag,50,0.19862136937497815,0.18765876400489181,198.62136937497814,2368,2368,4736,0.08387726747254144,431,0.431,12,0.16642097622056592,329.3020255269248
nag,50,0.1585739423808875,0.1500664126202126,158.5739423808875,1906,1906,3812,0.08319724154296301,217,0.217,12,0.13361179073921262,216.192945437376
nag,50,0.23600913302034252,0.22096142938733823,236.00913302034252,2899,2898,5797,0.08143862423062198,592,0.592,12,0.2154036676510064,641.290846117951
nag,50,0.22475162872556298,0.21245855593394478,224.75162872556297,2801,2800,5601,0.0802684388305582,509,0.509,12,0.22886162853830713,556.1161406410367
nag,50,0.07872399811704947,0.07673773709011823,78.72399811704948,951,951,1902,0.08278022935546737,61,0.061,12,0.0665958714161611,52.37933257082198
nag,50,0.11948696374367164,0.11425716452680354,119.48696374367164,1441,1441,2882,0.08291947518644804,152,0.152,12,0.13851862547814986,143.63986291918658
nag,50,0.19299095996717672,0.1856589370415602,192.9909599671767,2356,2355,4711,0.08194945221536167,400,0.4,12,0.1731725690681636,502.78642269287826
nag,50,0.23379607131468066,0.22410654796600624,233.79607131468066,2920,2919,5839,0.080094577360288,593,0.593,12,0.2784966915538548,599.2039503698637
nag,50,0.12516203484016644,0.12033917394353849,125.16203484016644,1493,1493,2986,0.08383257524458569,97,0.097,12,0.11136947209261108,101.59530115335778
nag,50,0.11848007269893285,0.1167387412561306,118.48007269893284,1488,1488,2976,0.0796237047707882,164,0.164,12,0.11943956529820796,120.2822208523507
nag,50,0.2737432142834209,0.2575335052821272,273.7432142834209,3275,3274,6549,0.08361124443598685,810,0.81,12,0.2423445267639699,632.7713307326786
nag,50,0.33199730726427945,0.319054382245221,331.99730726427947,3914,3914,7828,0.08482302178443522,1115,1.115,12,0.355192273365474,1159.0262572900879
nag,50,0.2361042269087069,0.2232061867951837,236.1042269087069,2774,2774,5548,0.08511327574214379,583,0.583,12,0.2758944065817265,587.2488846929332
nag,50,0.20427671494850236,0.19362588447654414,204.27671494850236,2415,2415,4830,0.08458663144865522,450,0.45,12,0.1462730351839508,431.13363944269213
nag,50,0.07624926682970996,0.07308010850574675,76.24926682970997,933,933,1866,0.08172483047128613,39,0.039,12,0.08417889138853443,47.50808891072609
nag,50,0.3654915401644491,0.3455032756847605,365.49154016444913,4267,4266,8533,0.08567546651768615,1327,1.327,12,0.3045734810464551,1357.732204172777
nag,50,0.07532868500272175,0.07212860398716725,75.32868500272174,909,909,1818,0.08286984048704261,40,0.04,12,0.06657412372855537,41.88452135043407
nag,50,0.31824124377512464,0.3051706984388292,318.24124377512464,3875,3874,7749,0.08214797206379057,1103,1.103,12,0.30051117821857737,1317.2401538520764
nag,50,0.16747148197669526,0.16099947624017902,167.47148197669526,1992,1992,3984,0.0840720291047667,283,0.283,12,0.13791335418750017,314.8490962400219
nag,50,0.11763675965956012,0.1131058949468544,117.63675965956013,1456,1456,2912,0.08079447778815943,140,0.14,12,0.10219422461027723,180.3119452693171
nag,50,0.24090140122568987,0.22293795264109542,240.90140122568988,2867,2866,5733,0.08405492017644448,612,0.612,12,0.2233668423976777,558.9444133437453
nag,50,0.08795976366075992,0.0828353490713828,87.95976366075992,987,987,1974,0.08911830158131703,48,0.048,12,0.06891954833753222,47.21177280765594
nag,50,0.07453682463026474,0.07125403641971124,74.53682463026475,933,933,1866,0.0798894154665217,68,0.068,12,0.0711514891897597,69.68297492130668
nag,50,0.15539497755006842,0.14735844470958143,155.39497755006843,1883,1883,3766,0.08252521378123656,220,0.22,12,0.14676827691174615,249.4693411683175
nag,50,0.16250707083215002,0.1567814993340576,162.50707083215002,1939,1938,3877,0.0838529777255676,294,0.294,12,0.15292326917971705,291.75368585150204
nag,50,0.24299419982494697,0.23197768174871058,242.99419982494697,2854,2854,5708,0.08514162572703117,575,0.575,12,0.21416581201050058,650.4183273398642
nag,50,0.046704891135520635,0.04452354427953979,46.70489113552063,541,541,1082,0.08633066753330985,13,0.013,12,0.04348443288375561,9.59672381719929
nag,50,0.2748695528049767,0.2667547515048789,274.8695528049767,3326,3326,6652,0.08264267973691422,860,0.86,12,0.24004014319804637,927.1073180230832
nag,50,0.23863890980464306,0.22912839237534258,238.63890980464305,2975,2974,5949,0.08024173160882415,633,0.633,12,0.24866991988380946,662.8228590476539
nag,50,0.2303918873808684,0.22695729305398402,230.3918873808684,2830,2830,5660,0.08141056091196763,584,0.584,12,0.1948466814274053,579.6530273109402
nag,50,0.03855978582092953,0.037072928738373576,38.559785820929534,478,478,956,0.08066900799357643,8,0.008,12,0.03718948743728659,6.648188113019432
nag,50,0.1539698844570915,0.14765539896766813,153.9698844570915,1915,1915,3830,0.08040202843712349,241,0.241,12,0.17199854219424587,247.22286624843971
nag,50,0.24653837433531742,0.23279809413294453,246.53837433531743,2929,2929,5858,0.08417151735586119,771,0.771,12,0.2077302824788187,909.035204290513
nag,50,0.26580278517710504,0.25407612578185396,265.802785177105,3263,3263,6526,0.08145963382687865,864,0.864,12,0.24430527004522615,824.9111913893316
nag,50,0.16101489423920337,0.15318291658427166,161.01489423920336,1921,1921,3842,0.08381826873461913,280,0.28,12,0.11215864396537736,265.4745199617477
nag,50,0.23576354386786613,0.22707703202136428,235.76354386786613,2838,2838,5676,0.08307383504857863,675,0.675,12,0.22772531755740472,679.296069132793
nag,50,0.16943134472152382,0.1636413092978691,169.43134472152383,1985,1985,3970,0.08535584116953342,289,0.289,12,0.15479564507084054,284.36184021031926
nag,50,0.2794902304735721,0.26758494673740174,279.49023047357207,3317,3317,6634,0.08425994286209589,865,0.865,12,0.31326577554645024,1017.952507335695
nag,50,0.20455052743106836,0.19567417539652524,204.55052743106836,2407,2407,4814,0.08498152365229263,446,0.446,12,0.2067926554115668,549.179143400344
nag,50,0.31843992421098793,0.3041418700119915,318.43992421098795,3846,3845,7691,0.08281922606267567,1191,1.191,12,0.30332053856972396,874.7627624498374
nag,50,0.08547674979348575,0.08217905395485638,85.47674979348575,1008,1008,2016,0.08479836289036286,57,0.057,12,0.10141968779031993,49.38228426776255
nag,50,0.24491693747979607,0.23705596098146262,244.91693747979608,2895,2894,5789,0.08462921129225849,681,0.681,12,0.22508354332738012,677.3996509183003
nag,50,0.27405885568533267,0.2591384411394752,274.0588556853327,3276,3276,6552,0.08365654935449715,882,0.882,12,0.3138698883672174,911.9407767642742
nag,50,0.1914603083039543,0.18705515521318192,191.4603083039543,2326,2326,4652,0.08231311620978259,423,0.423,12,0.2047909932847798,392.5324216577476
nag,50,0.15326688067921515,0.14720100643968032,153.26688067921515,1871,1870,3741,0.08196089875893858,242,0.242,12,0.1745046916698597,335.9688685113357
nag,50,0.12197644374891235,0.11888179972297475,121.97644374891236,1454,1454,2908,0.08389026392634963,151,0.151,12,0.10567178390735425,135.43113718755225
nag,50,0.2016364042145124,0.19295549654257976,201.6364042145124,2404,2404,4808,0.08387537612916489,375,0.375,12,0.10935213766507278,415.17394220826293
nag,50,0.19383323841415268,0.18648877671443642,193.83323841415267,2382,2382,4764,0.0813741555055217,365,0.365,12,0.16916602154598903,299.4679479412457
nag,50,0.12088077632546027,0.1157275046668893,120.88077632546026,1440,1440,2880,0.0839449835593474,151,0.151,12,0.12598769413477062,147.59565547410085
nag,50,0.12579777380747803,0.1195834356756115,125.79777380747802,1451,1451,2902,0.08669729414712475,158,0.158,12,0.11332741433636552,168.30934623430738
nag,50,0.32236597674954687,0.3120734584022427,322.36597674954686,3873,3871,7744,0.08327718335043835,1146,1.146,12,0.30749289245234734,1203.5938545569618
nag,50,0.20268355241199051,0.19804677830639386,202.68355241199052,2457,2456,4913,0.08252587638924695,423,0.423,12,0.18353536762942038,361.2682093670715
nag,50,0.246778488244705,0.23534930382174848,246.778488244705,2904,2903,5807,0.0850080910247003,687,0.687,12,0.25285018779106866,726.3349929826912
nag,50,0.15783144995072967,0.14947308135958381,157.83144995072968,1911,1911,3822,0.08259102561524316,248,0.248,12,0.15068164005602186,270.42760406310526
nag,50,0.2488536267664052,0.23520648770383173,248.8536267664052,2869,2869,5738,0.08673880333440405,645,0.645,12,0.19881701924168144,521.3048055926947
nag,50,0.3512562003412674,0.33719962940225345,351.2562003412674,4304,4304,8608,0.08161157071126102,1484,1.484,12,0.3657136195848786,1331.5272387298542
nag,50,0.3202004787058531,0.3048700730360504,320.20047870585313,3837,3835,7672,0.08349425781117421,1152,1.152,12,0.33208814512021295,956.5989939875633
nag,50,0.3556372300419904,0.3341417056303429,355.6372300419904,4347,4347,8694,0.0818121072100277,1504,1.504,12,0.32854231475829215,1430.68875746942
nag,50,0.12104079565896848,0.11744487545730578,121.04079565896848,1433,1433,2866,0.0844667101597826,170,0.17,12,0.0867323091025845,170.45036538075922
nag,50,0.12160946964320513,0.1153970916420586,121.60946964320513,1453,1453,2906,0.08369543678128365,146,0.146,12,0.12807649845163394,126.03520428380158
nag,50,0.1951107830485133,0.18194234861448189,195.1107830485133,2389,2389,4778,0.0816704826490219,394,0.394,12,0.16883583081415698,256.0108592064439
nag,50,0.19265343443005145,0.1837624815693065,192.65343443005145,2318,2318,4636,0.08311192166956491,387,0.387,12,0.1994739639590878,407.47207926499954
nag,50,0.15845422930166225,0.1520390077800805,158.45422930166225,1899,1898,3797,0.08348484157094956,276,0.276,12,0.1516323077676862,302.14412096382154
nag,50,0.27731558533508843,0.27057199811587557,277.31558533508843,3337,3337,6674,0.08310326201231298,846,0.846,12,0.28867220787946724,664.5290664845404
nag,50,0.11593318067976403,0.1108371131480066,115.93318067976404,1423,1423,2846,0.08147096323244135,140,0.14,12,0.10667266740338008,145.30386726400334
nag,50,0.24527628205320995,0.2362263606779363,245.27628205320994,2903,2903,5806,0.08449062420021011,611,0.611,12,0.28614340072940003,599.8335807328674
nag,50,0.23713297851325554,0.228271841924175,237.13297851325555,2861,2860,5721,0.08291362885078865,540,0.54,12,0.18588284700633584,411.3796317105722
nag,50,0.2012735670112765,0.1898065621092904,201.2735670112765,2427,2427,4854,0.0829310123655857,405,0.405,12,0.15999491719183012,412.83831000427915
nag,50,0.1599796834655975,0.15667116549612667,159.97968346559747,1910,1909,3819,0.08380287242828574,293,0.293,12,0.1291412825200322,307.88826600615477
nag,50,0.23659806215528215,0.22925206382434363,236.59806215528215,2840,2840,5680,0.0833091768152402,596,0.596,12,0.2109942980264239,592.9679760654427
nag,50,0.12587463989950315,0.12086997932060009,125.87463989950314,1472,1471,2943,0.08557079530897561,143,0.143,12,0.10285559815152794,152.24844885936457
nag,50,0.3466347666103552,0.3325248950959987,346.6347666103552,4184,4183,8367,0.08286750337326206,1331,1.331,12,0.2722011595655289,1435.0927788147692
nag,50,0.2677817870580321,0.2592015289611217,267.7817870580321,3279,3279,6558,0.0816656868124526,810,0.81,12,0.2868814936572144,745.362313774299
nag,50,0.16172783552949851,0.15457234974844977,161.72783552949852,1990,1990,3980,0.08127026911030076,272,0.272,12,0.19307236043936515,320.3251128436353
nag,50,0.39094886923623096,0.3688518710258388,390.94886923623096,4753,4753,9506,0.08225307579133831,1724,1.724,12,0.3964042907157044,2367.363332572246
nag,50,0.16108446954089525,0.15124258524524345,161.08446954089524,1918,1918,3836,0.08398564626741149,292,0.292,12,0.1650463293514782,280.8680128483918
nag,50,0.35361109762634896,0.33472346478857673,353.61109762634896,4261,4261,8522,0.08298781920355526,1345,1.345,12,0.26001219179123114,1491.884225164127
nag,50,0.32583131445050717,0.3102587872828838,325.8313144505072,3897,3897,7794,0.08361080689004546,1077,1.077,12,0.3348558526896143,1062.9990323038508
nag,50,0.36007083918533694,0.34024878830004723,360.0708391853369,4301,4301,8602,0.08371793517445639,1382,1.382,12,0.32133680892706373,1371.4563531987317
nag,50,0.11741663032996334,0.1131477703233727,117.41663032996334,1383,1383,2766,0.08489994962397927,118,0.118,12,0.10596586721585793,111.30434217291192
nag,50,0.4037967992536323,0.39053579600870447,403.79679925363234,4813,4813,9626,0.08389711183329157,1957,1.957,12,0.48391694112459804,1868.445790677905
nag,50,0.11698394349360923,0.11112444231699507,116.98394349360923,1457,1457,2914,0.08029097013974552,136,0.136,12,0.10730898380408511,130.66422815881768
nag,50,0.20090822389409982,0.1946123280274447,200.90822389409982,2383,2383,4766,0.08430894833994956,462,0.462,12,0.2071144186341557,489.5615728194519
nag,50,0.20140628339255254,0.19487676317636432,201.40628339255252,2409,2409,4818,0.08360576313514011,476,0.476,12,0.19903763869019872,432.2974789619734
nag,50,0.3203891114125903,0.3063522569427291,320.3891114125903,3877,3875,7752,0.08268106100970073,1089,1.089,12,0.36506397916962624,1073.2831186093695
nag,50,0.07953010065908425,0.07543211428150144,79.53010065908425,943,943,1886,0.08433732837654746,62,0.062,12,0.10250109519645692,55.24208236667834
nag,50,0.08750765919752436,0.08380697271716364,87.50765919752436,1027,1027,2054,0.08520706835201983,72,0.072,12,0.06845429504983333,73.95603068346331
nag,50,0.28009836364280605,0.2650320543871891,280.098363642806,3405,3405,6810,0.08226089974825433,874,0.874,12,0.20162029380062707,818.342002332261
nag,50,0.3098766071694636,0.29666047703141907,309.87660716946357,3842,3841,7683,0.08067602373586659,1121,1.121,12,0.24466535310093024,1218.7949095754054
nag,50,0.04141642603878525,0.039701105692959086,41.416426038785254,498,498,996,0.08316551413410693,6,0.006,12,0.04145436577743682,6.304888759126492
nag,50,0.1576135826150088,0.1524344716461549,157.6135826150088,1879,1879,3758,0.083881629917514,258,0.258,12,0.13039082750469957,270.9808151491497
nag,50,0.23903884970494801,0.22952744911450798,239.038849704948,2879,2877,5756,0.08308614866352033,584,0.584,12,0.2190881624882506,612.6439982972579
nag,50,0.34241715294892333,0.33389116039302175,342.41715294892333,4263,4262,8525,0.08034189416915141,1415,1.415,12,0.29900891795372914,1329.428699397843
nag,50,0.2385017365567171,0.22801241801764183,238.5017365567171,2892,2892,5784,0.08246948013717742,625,0.625,12,0.2322727883230725,665.3482104325053
nag,50,0.20460358661861902,0.19801152784039136,204.60358661861903,2439,2439,4878,0.08388830939672777,401,0.401,12,0.20599588068700408,305.88689190258395
nag,50,0.1677544978437141,0.15912596662269418,167.7544978437141,2013,2012,4025,0.0833769869998579,300,0.3,12,0.16402498977413618,291.24750724366885
nag,50,0.2713636404869954,0.2566554147510838,271.3636404869954,3263,3263,6526,0.08316384936775832,771,0.771,12,0.23468321461043773,856.4033192090942
nag,50,0.16278482295099514,0.15608855867686017,162.78482295099514,1964,1964,3928,0.08288432940478367,252,0.252,12,0.16131551437815148,276.0995179862523
nag,50,0.19732907701371488,0.19287845935262182,197.32907701371488,2426,2426,4852,0.0813392732950185,434,0.434,12,0.1407980938243171,371.57434928055545
nag,50,0.15731966042793358,0.1505085095675745,157.31966042793357,1914,1914,3828,0.08219417995189841,311,0.311,12,0.1302969202594973,295.4571160686802
nag,50,0.11768195194442381,0.11259614038382747,117.68195194442382,1391,1391,2782,0.08460240973718462,141,0.141,12,0.09006714298390095,132.32741174894664
nag,50,0.3273844313271022,0.31068959573477956,327.3844313271022,3891,3891,7782,0.08413889265666981,1117,1.117,12,0.4020279954366348,1025.1143239283313
nag,50,0.15892224127192162,0.15326141339706206,158.92224127192162,2002,2002,4004,0.07938173889706375,287,0.287,12,0.145812453838016,236.20007117310192
nag,50,0.07812217213421294,0.07450569310692652,78.12217213421293,953,953,1906,0.0819749969928782,64,0.064,12,0.07659283770970672,62.99429443286254
nag,50,0.23799552427745693,0.2284525249212079,237.99552427745692,2924,2924,5848,0.08139381815234505,662,0.662,12,0.24386134219057792,685.5104846384169
nag,50,0.2724570114288654,0.25909980576020714,272.4570114288654,3300,3300,6600,0.08256273073601983,807,0.807,12,0.31162175079848203,867.8118277094649
nag,50,0.07609274318613767,0.07359495433189452,76.09274318613767,934,934,1868,0.08146974645196753,54,0.054,12,0.07480532742643464,49.81149161048518
nag,50,0.40671057893180684,0.3832828621121502,406.7105789318068,4747,4747,9494,0.08567739181205115,1888,1.888,12,0.3776537025785923,1681.0361000878252
nag,50,0.2823555353448029,0.26873532808254347,282.3555353448029,3392,3392,6784,0.08324160829740651,911,0.911,12,0.25395770085225355,1047.556539823448
nag,50,0.24985661126647812,0.2369440227173916,249.85661126647813,2873,2873,5746,0.08696714628140555,706,0.706,12,0.25387215304099753,787.3143669719747
nag,50,0.16312537829603332,0.15760163336061617,163.12537829603332,1914,1914,3828,0.0852274703741031,272,0.272,12,0.15909381340576023,247.31321211452263
nag,50,0.1187564850856963,0.11436284999033114,118.75648508569631,1415,1415,2830,0.08392684458353096,130,0.13,12,0.11552404910858328,131.11420357991273
nag,50,0.20420919166876553,0.1950433973750089,204.20919166876553,2440,2440,4880,0.08369229166752686,438,0.438,12,0.23519022531149722,384.5304640920508
nag,50,0.34722955937991495,0.33266936275827946,347.229559379915,4240,4240,8480,0.08189376400469693,1352,1.352,12,0.39669231795587373,1227.8560937694251
nag,50,0.24230558233362492,0.23335928382085117,242.30558233362493,2865,2865,5730,0.08457437428747816,577,0.577,12,0.2524656478908006,444.85167765189715
nag,50,0.11845666038503055,0.11531282537900535,118.45666038503056,1439,1439,2878,0.0823187355003687,172,0.172,12,0.10769405608213363,192.68331766688232
nag,50,0.07791354154724778,0.07454552850551278,77.91354154724777,959,959,1918,0.08124456887095702,58,0.058,12,0.09842052167342735,41.98441592460488
nag,50,0.16303360379759319,0.1533380426240958,163.03360379759317,1960,1959,3919,0.08322287074915424,244,0.244,12,0.1482220376265382,244.55466314204978
nag,50,0.24319686436932314,0.233782899078522,243.19686436932315,2948,2948,5896,0.08249554422297257,644,0.644,12,0.21907901616184403,582.4477888422496
nag,50,0.2044035252405468,0.1950875465867712,204.4035252405468,2411,2411,4822,0.08477956252200199,441,0.441,12,0.1731331004376029,380.6183060495656
nag,50,0.3174053050585604,0.30192363886272555,317.40530505856043,3782,3782,7564,0.08392525252738245,1063,1.063,12,0.22893823879933495,1364.8314516923804
nag,50,0.20144173646340727,0.19442853452709757,201.44173646340727,2433,2433,4866,0.08279561712429398,417,0.417,12,0.18950616168357892,559.8857160075421
nag,50,0.28262803936917014,0.2718304504776013,282.62803936917015,3384,3384,6768,0.08351892416346636,865,0.865,12,0.3329877497637544,773.1458616721459
nag,50,0.27278094631997046,0.262072585486678,272.78094631997044,3329,3329,6658,0.08194080694501965,884,0.884,12,0.22838886315579432,769.9745242974594
nag,50,0.12365295812973529,0.11788036107510436,123.65295812973528,1446,1446,2892,0.0855138023027215,153,0.153,12,0.10390571656524349,219.21670544321952
nag,50,0.26381038511011856,0.24851803343685755,263.81038511011855,3226,3226,6452,0.08177631280536843,734,0.734,12,0.22255245545847926,739.9971131407684
nag,50,0.16239037361775163,0.1574092191104711,162.39037361775164,1936,1936,3872,0.0838793252157808,271,0.271,12,0.14739477715906432,256.80889498540284
nag,50,0.2338113182133547,0.22755537974338988,233.81131821335472,2831,2831,5662,0.08258965673378832,602,0.602,12,0.20911582557451758,580.3298000818803
nag,50,0.16293606978506897,0.15520865142686813,162.93606978506898,1919,1919,3838,0.08490675861650286,260,0.26,12,0.17013984759475115,219.1622194386954
nag,50,0.1494853198628409,0.14294347716520206,149.4853198628409,1882,1882,3764,0.07942896910884213,237,0.237,12,0.18272732889410673,148.36177521007102
nag,50,0.16504142510350167,0.1592359611213766,165.04142510350167,1915,1915,3830,0.08618351180339513,259,0.259,12,0.15924751006236704,239.83299135317338
nag,50,0.23732059665999128,0.2261984577025139,237.32059665999128,2854,2854,5708,0.08315367787666128,551,0.551,12,0.23967728715729716,543.0556828320483
nag,50,0.1950638979832968,0.1864655592166925,195.06389798329678,2365,2364,4729,0.0825143392484335,377,0.377,12,0.22070610705130608,514.8774460997108
nag,50,0.47275209850366784,0.4464166923958961,472.75209850366787,5656,5656,11312,0.08358417583162445,2394,2.394,12,0.42417333156574283,2033.493073345623
nag,50,0.24412291627054433,0.23525093713111409,244.12291627054432,2792,2792,5584,0.08743657459546716,582,0.582,12,0.23552841228249474,661.3725003768163
nag,50,0.23059115483302367,0.2175952990610349,230.59115483302367,2789,2789,5578,0.08267879341449397,618,0.618,12,0.2096296458942759,568.0194171212897
nag,50,0.23997550831259384,0.23295144675874382,239.97550831259383,2876,2875,5751,0.08346974202177176,601,0.601,12,0.279893717361691,569.7724707314824
nag,50,0.07684988919693982,0.07383707137138475,76.84988919693981,925,925,1850,0.08308096129398898,54,0.054,12,0.07328921152636743,51.14063834513243
nag,50,0.0,0.0,0.0,0,0,0,,0,0.0,12,0.0,0.0
nag,50,0.15666051292038832,0.1488633527687736,156.66051292038833,1876,1876,3752,0.08350773609828802,223,0.223,12,0.12524365474450505,198.509405007482
nag,50,0.2436880902323624,0.23570739959344525,243.6880902323624,2932,2932,5864,0.0831132640628794,611,0.611,12,0.2654352395933847,705.138906686318
nag,50,0.11918486161533093,0.11395901934939079,119.18486161533093,1422,1422,2844,0.08381495190951542,139,0.139,12,0.1608003307161553,125.46918838283291
nag,50,0.1620042389406737,0.15550880255897587,162.0042389406737,1913,1913,3826,0.08468595867259472,243,0.243,12,0.12721818819702352,284.3089766164048
nag,50,0.15901605257902737,0.15079169640182594,159.01605257902736,1955,1955,3910,0.08133813431152295,283,0.283,12,0.1345275121187126,335.0279891872216
nag,50,0.3198456419937897,0.30461360468766147,319.8456419937897,3821,3820,7641,0.08372922565282452,1063,1.063,12,0.33490323602771455,856.7489763603776
nag,50,0.23895769777578715,0.23097136304917407,238.95769777578715,2901,2901,5802,0.08237080240461467,585,0.585,12,0.1860027801331229,606.4409861096361
nag,50,0.19129133312987043,0.18130504494135147,191.29133312987042,2318,2318,4636,0.08252430247190269,352,0.352,12,0.24968944099905063,361.4967376018808
nag,50,0.27797414577949214,0.2643517151147856,277.9741457794921,3325,3325,6650,0.08360124685097507,889,0.889,12,0.2839144393739578,945.9565578963366
nag,50,0.1613340802029858,0.15391029284520255,161.3340802029858,1979,1979,3958,0.08152303193682961,265,0.265,12,0.11127137159759173,261.84103629104624
nag,50,0.20169890971956436,0.19170733491645314,201.69890971956437,2458,2458,4916,0.08205814065075849,385,0.385,12,0.20781455950539562,437.7544555420652
nag,50,0.326252581979682,0.31761581135436917,326.25258197968196,3906,3905,7811,0.08354739615356772,1179,1.179,12,0.30643018324166404,950.5728462954823
nag,50,0.2441198934272521,0.2333151005113823,244.1198934272521,2806,2806,5612,0.08699924926131579,616,0.616,12,0.2705803765087094,615.3893791026638
nag,50,0.07684099290240638,0.07493728192610936,76.84099290240638,944,944,1888,0.08139935688814236,56,0.056,12,0.07157145156275894,65.71737112522447
nag,50,0.19466575032634684,0.18797229546019265,194.66575032634682,2372,2372,4744,0.0820681915372457,433,0.433,12,0.20590407987829953,430.84718128124877
nag,50,0.23801179010745185,0.23221953940033355,238.01179010745184,2826,2826,5652,0.08422214795026604,561,0.561,12,0.2428525932845084,475.6385460054767
nag,50,0.16279071939585799,0.15484748484512004,162.790719395858,2003,2003,4006,0.08127344952364353,301,0.301,12,0.13175051265742432,254.2401277910794
nag,50,0.1923039803513117,0.18483960807371988,192.30398035131168,2372,2371,4743,0.08110669774412134,414,0.414,12,0.1979442060440022,343.1669845645477
nag,50,0.20659890796488936,0.19708406638585854,206.59890796488935,2433,2433,4866,0.08491529303941198,480,0.48,12,0.25373523052017444,398.4897094350114
nag,50,0.34773040072281514,0.3348478115159124,347.73040072281515,4255,4254,8509,0.0817419841849589,1338,1.338,12,0.33237548161097275,1587.5021347148547
nag,50,0.1586917489063672,0.14969267734506458,158.6917489063672,1921,1921,3842,0.0826089270725493,242,0.242,12,0.17515401519978552,285.7000309619393
nag,50,0.19414254413769547,0.18747564117597587,194.14254413769547,2356,2356,4712,0.08240345676472643,375,0.375,12,0.15944150882337754,433.620439974243
nag,50,0.48628382630215244,0.4606415236690353,486.2838263021524,5748,5748,11496,0.08460052649654705,2585,2.585,12,0.38445850527721226,2349.2953791804125
nag,50,0.0409942460831414,0.03931371787121624,40.9942460831414,495,494,989,0.08298430381202712,4,0.004,12,0.0360087486756143,3.83284527326143
nag,50,0.12050028657648304,0.11529931500552706,120.50028657648303,1466,1466,2932,0.08219664841506347,145,0.145,12,0.1215479905577378,163.6561382450695
nag,50,0.15234178728240078,0.14420214226641934,152.3417872824008,1842,1842,3684,0.08270455335635223,223,0.223,12,0.13501037599614277,218.68964970453567
nag,50,0.08056210476057415,0.07684799859681236,80.56210476057416,973,973,1946,0.08279764106944928,54,0.054,12,0.06423820211871108,56.303007924664136
nag,50,0.15570219323177148,0.14929995422533981,155.70219323177147,1907,1907,3814,0.08164771538110722,279,0.279,12,0.16242399300862254,332.0856731549125
nag,50,0.3109105120747835,0.29368453463986044,310.91051207478347,3735,3734,7469,0.08326473274632659,1121,1.121,12,0.3764648669529633,1086.9195776166591
nag,50,0.15728018734227497,0.1504322268291361,157.28018734227498,1891,1891,3782,0.08317302344911422,288,0.288,12,0.09144232167525011,295.3389580694578
nag,50,0.19309577475156858,0.18388165855124158,193.09577475156857,2406,2406,4812,0.08025593298070181,381,0.381,12,0.21001186052720147,387.68424824276354
nag,50,0.2708646699873974,0.25268851289938804,270.8646699873974,3348,3348,6696,0.08090342592216171,907,0.907,12,0.3096764214796751,1018.1887624967527
nag,50,0.2373155900751398,0.22613015246005375,237.3155900751398,2878,2878,5756,0.08245850940762328,585,0.585,12,0.19935989483729027,512.5234731892464
nag,50,0.2714934874052516,0.25610560124560366,271.4934874052516,3230,3229,6459,0.0840797421508986,693,0.693,12,0.26515296904412466,638.2240189788293
nag,50,0.21008168205603447,0.19922625272296302,210.08168205603448,2445,2445,4890,0.08592297834602637,398,0.398,12,0.1792732114140183,323.0629690730533
nag,50,0.3808937708134994,0.3622197483376817,380.8937708134994,4669,4669,9338,0.08157930409370301,1722,1.722,12,0.37331222527242325,1820.332265692991
nag,50,0.11584339589227034,0.10996945921863145,115.84339589227034,1444,1444,2888,0.08022395837414843,148,0.148,12,0.11908050185226596,143.17396478842352
nag,50,0.40221813013136243,0.3855150385604021,402.21813013136244,4793,4792,9585,0.08393533600404057,1689,1.689,12,0.3738926694168406,1827.4892090224143
nag,50,0.15846336462414837,0.1536643752554748,158.46336462414837,1926,1926,3852,0.08227589025137506,258,0.258,12,0.14161151971814284,302.1440038201391
nag,50,0.0737491687986967,0.07013125823910424,73.7491687986967,912,912,1824,0.08086531666523761,39,0.039,12,0.0670871749569419,52.742493861885464
nag,50,0.3114075314362219,0.3014461508343947,311.4075314362219,3797,3796,7593,0.08203570375032189,1157,1.157,12,0.2650251591189713,1351.1138760390297
nag,50,0.35523876576534996,0.33826330545587213,355.23876576534997,4300,4300,8600,0.08261366645705813,1402,1.402,12,0.379469234276269,1233.911221470091
nag,50,0.2302250976824079,0.22182361353861854,230.2250976824079,2841,2840,5681,0.08106517524028446,525,0.525,12,0.191268731187471,333.34672909473005
nag,50,0.0,0.0,0.0,0,0,0,,0,0.0,12,0.0,0.0
nag,50,0.04472948223011213,0.04272875564953823,44.72948223011213,511,511,1022,0.08753323332702961,5,0.005,12,0.040393175621329866,4.0721456571972325
nag,50,0.12555617131231872,0.11970419197530506,125.55617131231871,1451,1451,2902,0.08653078656948222,183,0.183,12,0.12704568016653806,186.99076547653397
nag,50,0.26500211043746436,0.25261444529873034,265.00211043746435,3234,3234,6468,0.08194252023421904,728,0.728,12,0.25874848054862937,673.0461249455562
nag,50,0.11618671970902948,0.11054172602319556,116.18671970902948,1425,1425,2850,0.08153454014668735,146,0.146,12,0.11099213344248256,140.84448933623827
nag,50,0.20087203289440356,0.19191466128891174,200.87203289440356,2347,2347,4694,0.08558672044925589,375,0.375,12,0.21285031565142762,253.04682863287323
nag,50,0.3581142825298155,0.3417397927582087,358.11428252981545,4280,4280,8560,0.08367156133874193,1402,1.402,12,0.2676387998193844,1493.2829256249615
nag,50,0.3591898364425282,0.3408670469433449,359.18983644252825,4309,4309,8618,0.08335804976619361,1384,1.384,12,0.3098255849784161,1342.2985026172807
nag,50,0.2745872301061222,0.2625402417772976,274.5872301061222,3341,3340,6681,0.08221174554075515,878,0.878,12,0.17903859412567807,1081.332133820383
nag,50,0.0,0.0,0.0,0,0,0,,0,0.0,12,0.0,0.0
nag,50,0.3454780209352106,0.33413885550663314,345.47802093521057,4299,4298,8597,0.08038111236277584,1293,1.293,12,0.4120463400552342,1278.3730044773617
nag,50,0.3236737609875029,0.30486575834218604,323.6737609875029,3836,3836,7672,0.08437793560675258,1042,1.042,12,0.34695421746095145,1132.27386001373
nag,50,0.24273101983463335,0.2313335412679972,242.73101983463334,2942,2942,5884,0.08250544521911399,644,0.644,12,0.2766628672906955,586.5493252431494
nag,50,0.27433144045138286,0.26603880321647044,274.33144045138283,3277,3277,6554,0.08371420215177994,831,0.831,12,0.22520985089125428,877.8479384491778
nag,50,0.40202839312907135,0.38491236057251743,402.02839312907133,4872,4871,9743,0.0825350837875326,1855,1.855,12,0.33374969670349425,1696.3788600458824
nag,50,0.20460916380092925,0.1975497188005474,204.60916380092925,2424,2424,4848,0.08440972103998731,384,0.384,12,0.1703657300146944,454.20971287738905
nag,50,0.15965866135509146,0.15150465438857352,159.65866135509145,1925,1925,3850,0.08293956434030725,269,0.269,12,0.15436701991435828,290.13480955288696
nag,50,0.12155154995569765,0.11618537313307555,121.55154995569765,1451,1451,2902,0.08377088211970893,130,0.13,12,0.11506577485186112,127.9513621746495
nag,50,0.11914677563250432,0.11383721035299195,119.14677563250433,1395,1395,2790,0.08540987500537944,103,0.103,12,0.1213471988352066,115.85367002804762
nag,50,0.3479737408212073,0.3323750806915723,347.9737408212073,4274,4274,8548,0.08141641104848088,1356,1.356,12,0.2847482760662956,1450.9326627823702
nag,50,0.1167918843363323,0.11104967481034211,116.79188433633229,1423,1423,2846,0.0820744092314352,117,0.117,12,0.11204849566127495,110.4198399576487
nag,50,0.24664831029690032,0.23928592099022386,246.64831029690032,3007,3007,6014,0.08202471243661467,649,0.649,12,0.2789872364180852,795.3594043635063
nag,50,0.2414799628523416,0.22655059511721942,241.4799628523416,2922,2922,5844,0.08264201329648925,599,0.599,12,0.26381703300670867,638.5576982524957
nag,50,0.20626241714116583,0.2007576651936684,206.26241714116583,2380,2380,4760,0.08666488115175035,455,0.455,12,0.2070505028612513,594.3857325099182
nag,50,0.08151154845549666,0.07863713353662947,81.51154845549665,985,984,1969,0.08283693948729334,75,0.075,12,0.0771962035050985,56.57888300499205
nag,50,0.24188722911820407,0.2327197795596657,241.88722911820406,2886,2885,5771,0.08384306035293035,654,0.654,12,0.255251815043313,538.7456167821014
nag,50,0.172192435113632,0.16700514069937458,172.192435113632,2020,2020,4040,0.08524377975922376,319,0.319,12,0.13321514304714135,323.20403879640605
nag,50,0.2897136899863376,0.27933021361626686,289.7136899863376,3413,3413,6826,0.08488534719787214,917,0.917,12,0.2579532656452745,1145.9401769024043
nag,50,0.20354309209800242,0.19748264512841465,203.54309209800243,2456,2456,4912,0.08287585183143421,484,0.484,12,0.19033726036183357,430.5740084502462
nag,50,0.11859200528300982,0.1156129217333141,118.59200528300983,1371,1371,2742,0.08650036855070009,159,0.159,12,0.13012072894466942,154.24935150126115
nag,50,0.1257930823995035,0.12013887889499171,125.79308239950348,1456,1456,2912,0.08639634780185679,166,0.166,12,0.10903097550304236,175.7310167218793
nag,50,0.23573143907909846,0.22764430313396009,235.73143907909846,2871,2871,5742,0.08210778094012486,594,0.594,12,0.23607271208054537,485.57425523814993
nag,50,0.278409096172472,0.26532425646477764,278.409096172472,3441,3441,6882,0.08090935663251148,915,0.915,12,0.3097355254281506,1007.8368406140877
nag,50,0.15194922605878058,0.14420439515586603,151.9492260587806,1858,1858,3716,0.08178106892291744,216,0.216,12,0.19329196985638614,176.0827772710723
nag,50,0.25399703598575657,0.24288070067038003,253.99703598575658,2972,2972,5944,0.08546333646896251,668,0.668,12,0.19548169966537235,617.3247353576028
nag,50,0.15824808473201415,0.15028794698691703,158.24808473201415,1852,1852,3704,0.08544712998488885,204,0.204,12,0.2050364168863917,191.98951257739907
nag,50,0.0805035721833708,0.07640612479423436,80.5035721833708,958,958,1916,0.0840329563500739,65,0.065,12,0.062498228305053125,51.03860924648064
nag,50,0.04035860584312343,0.038729788777522825,40.35860584312343,507,507,1014,0.07960277286612116,14,0.014,12,0.037714551041237165,15.592500338486511
nag,50,0.19881935749473512,0.19121091707665908,198.81935749473513,2376,2376,4752,0.08367818076377741,418,0.418,12,0.18430255737447104,320.4765764892416
nag,50,0.2330979811262448,0.2220245999505374,233.0979811262448,2796,2795,5591,0.08339820433854912,581,0.581,12,0.20336264913689436,523.987262434059
nag,50,0.19909626275845185,0.19067700007937902,199.09626275845184,2324,2324,4648,0.08566964834701025,419,0.419,12,0.22184781443856588,526.8868428151702
nag,50,0.11896578017299865,0.11435523069280733,118.96578017299865,1446,1446,2892,0.08227232377109174,135,0.135,12,0.10092420372997334,123.99754022799159
nag,50,0.28794281437389496,0.2726679941508156,287.942814373895,3387,3386,6773,0.0850392245640564,899,0.899,12,0.22910328868441404,860.3930080573912
nag,50,0.32054687893861494,0.30706107262808147,320.54687893861495,3854,3854,7708,0.0831725165901959,1155,1.155,12,0.344783738937082,1190.805358045901
nag,50,0.07881383197514433,0.076446962940076,78.81383197514432,921,921,1842,0.08557419324119905,67,0.067,12,0.06385607018450001,49.65803430098324
nag,50,0.15935609558393174,0.1518368365028064,159.35609558393173,1939,1939,3878,0.08218468054870126,291,0.291,12,0.1480090125863462,335.57683522382194
nag,50,0.15998956714803714,0.1526661239027744,159.98956714803714,1880,1880,3760,0.08510083358938146,224,0.224,12,0.15280672853403449,243.1483253674059
nag,50,0.2702980383023434,0.2627071740240473,270.2980383023434,3257,3257,6514,0.08298987973667282,852,0.852,12,0.28689822303603146,852.3149044366509
nag,50,0.20598033409605854,0.1984616472177383,205.98033409605853,2415,2415,4830,0.08529206380789173,482,0.482,12,0.19455024072837085,439.7973187588811
nag,50,0.24153003223008235,0.231788530791425,241.53003223008236,2933,2933,5866,0.0823491415717976,595,0.595,12,0.24012382124522175,592.9938334805794
nag,50,0.19776712225955465,0.19114327246242926,197.76712225955464,2441,2441,4882,0.0810188948216119,475,0.475,12,0.25988209185061956,478.9340749349157
nag,50,0.1533582520386384,0.14578550891319575,153.3582520386384,1883,1882,3765,0.08148685017993539,266,0.266,12,0.13043788774700965,379.33815968464177
nag,50,0.19878183765272076,0.1942008948881268,198.78183765272075,2337,2337,4674,0.08505855269692801,438,0.438,12,0.16063111532728513,337.6507064381054
nag,50,0.2457536209914423,0.23383077312640052,245.7536209914423,2989,2988,5977,0.08224686110824708,650,0.65,12,0.2601599260847346,549.3697853224177
nag,50,0.20199550338363498,0.19436274031362238,201.99550338363497,2447,2446,4893,0.08258197194752043,406,0.406,12,0.15613590127009086,383.9680198762298
nag,50,0.2813855054730122,0.27241988137436296,281.38550547301224,3434,3433,6867,0.08196490109904231,878,0.878,12,0.29604670445529185,818.6939829698658
nag,50,0.15487732068023763,0.1485146535362911,154.87732068023763,1908,1908,3816,0.08117259993723146,255,0.255,12,0.17267526397907476,293.86839142686176
nag,50,0.28610903002271104,0.26602281005602185,286.10903002271107,3486,3486,6972,0.08207373207765664,859,0.859,12,0.2659385369129769,715.8597991969312
nag,50,0.3605925431797236,0.3505361281923344,360.59254317972363,4338,4338,8676,0.08312414550016681,1448,1.448,12,0.3763266345761504,1534.8230900750675
nag,50,0.15817043484165147,0.1513444922542433,158.17043484165146,1885,1885,3770,0.08391004500883366,290,0.29,12,0.14085289821364108,323.78230725761034
nag,50,0.19539848113493316,0.1865066273421397,195.39848113493315,2354,2354,4708,0.08300700133174731,382,0.382,12,0.20989115814247275,475.0411262467462
nag,50,0.20213791804169956,0.19551159246548855,202.13791804169955,2404,2404,4808,0.08408399252982511,432,0.432,12,0.19096052315976497,473.374392205838
nag,50,0.23383948246797245,0.2228412277041449,233.83948246797246,2845,2844,5689,0.08222204024893547,588,0.588,12,0.23492586807759203,437.88620802948526
nag,50,0.11860616835156255,0.11453670941602148,118.60616835156256,1419,1419,2838,0.08358433287636544,106,0.106,12,0.11018488343532294,105.55257365385557
nag,50,0.3624462542195245,0.3427946311100117,362.44625421952446,4252,4252,8504,0.0852413580008289,1498,1.498,12,0.46396435055287744,1151.448125423936
nag,50,0.16284757312270867,0.15715435093958258,162.84757312270867,1886,1886,3772,0.08634547885615518,254,0.254,12,0.18086211032632427,299.61322744121327
nag,50,0.2101703286460092,0.19787970211876849,210.1703286460092,2446,2446,4892,0.0859240918421951,480,0.48,12,0.2013591656606426,321.188529425815
nag,50,0.3157959405312235,0.300937874770714,315.7959405312235,3750,3750,7500,0.08421225080832627,1010,1.01,12,0.3748183693044461,1169.1035067131977
nag,50,0.2410056030561385,0.23053342026679008,241.00560305613848,2878,2878,5756,0.08374065429330732,631,0.631,12,0.18921959861297397,702.005109476296
nag,50,0.35632448514201054,0.34325285650620696,356.32448514201053,4309,4309,8618,0.08269308079415422,1387,1.387,12,0.32207206385338066,1760.8512227490821
nag,50,0.19740223157147901,0.18538018571932663,197.402231571479,2475,2475,4950,0.07975847740261778,432,0.432,12,0.1531262182514106,362.48512023789635
nag,50,0.12493057124359062,0.11854738614493723,124.93057124359062,1397,1397,2794,0.0894277532166003,120,0.12,12,0.1239519004876325,132.12137451416956
nag,50,0.15318260058066166,0.14791142783238367,153.18260058066167,1880,1879,3759,0.08152347023984123,226,0.226,12,0.1686094227962155,213.22021226490648
nag,50,0.24899043519532893,0.23898160970713858,248.99043519532893,2916,2916,5832,0.08538766639071636,601,0.601,12,0.2655447965037122,637.9953035249534
bg,50,0.0013152145795029496,0.0013134847901128128,1.3152145795029497,33,33,66,0.03985498725766514,0,0.0,12,0.0014612477781960646,0.0
bg,50,0.0007136262924284437,0.0007131170299431987,0.7136262924284438,25,25,50,0.028545051697137752,0,0.0,12,0.0008930235015684215,0.0
bg,50,0.0008925619872229475,0.000891765320321912,0.8925619872229476,29,29,58,0.030777999559411986,0,0.0,12,0.0007736753611988004,0.0
bg,50,0.0006271554761171103,0.0006267621521258868,0.6271554761171103,22,22,44,0.028507067096232287,0,0.0,12,0.0007914709100034348,0.0
bg,50,0.0007903503642404672,0.0007897257105422121,0.7903503642404672,26,26,52,0.030398090932325664,0,0.0,12,0.0007508244129042875,0.0
bg,50,0.0006835954022966603,0.0006831280996226193,0.6835954022966604,21,21,42,0.03255216201412668,0,0.0,12,0.0007706620280096843,0.0
bg,50,0.0005096380474836906,0.0005093783165442476,0.5096380474836906,16,16,32,0.03185237796773066,0,0.0,12,0.0005119860835883715,0.0
bg,50,0.000641176198109946,0.0006407650911929233,0.641176198109946,25,25,50,0.02564704792439784,0,0.0,12,0.00041752389985484964,0.0
bg,50,0.0010775513806317533,0.001076390263653852,1.0775513806317534,28,28,56,0.03848397787970548,0,0.0,12,0.0013772604460255866,0.0
bg,50,0.0007905662581973285,0.0007899412631887285,0.7905662581973285,31,31,62,0.025502137361204144,0,0.0,12,0.0007979878527388489,0.0
bg,50,0.0009355667080808843,0.000934691423015615,0.9355667080808843,27,27,54,0.03465061881781053,0,0.0,12,0.0009795365869365012,0.0
bg,50,0.0006786217139114115,0.0006781611864808194,0.6786217139114115,24,24,48,0.02827590474630881,0,0.0,12,0.0007302094200877299,0.0
bg,50,0.0010707236889489114,0.0010695772397308347,1.0707236889489113,26,26,52,0.0411816803441889,0,0.0,12,0.0012079891474793137,0.0
bg,50,0.0004032615289149426,0.0004030989090542398,0.4032615289149426,18,18,36,0.022403418273052367,0,0.0,12,0.000444148257843797,0.0
bg,50,0.0004967797948410464,0.000496533004676484,0.4967797948410464,25,25,50,0.019871191793641857,0,0.0,12,0.0004314178866601763,0.0
bg,50,0.0008324948230622482,0.0008318017754318226,0.8324948230622482,23,23,46,0.03619542708966297,0,0.0,12,0.0007477583191585119,0.0
bg,50,0.0006969924800964619,0.000696506681579151,0.696992480096462,22,22,44,0.031681476368020996,0,0.0,12,0.0006050398211850428,0.0
bg,50,0.0008372607497536855,0.0008365597441906074,0.8372607497536855,24,24,48,0.034885864573070226,0,0.0,12,0.0009000567547336971,0.0
bg,50,0.0006250281718061475,0.0006246375115905961,0.6250281718061474,20,20,40,0.031251408590307374,0,0.0,12,0.0006764392628153833,0.0
bg,50,0.0006962563724163822,0.0006957715994802517,0.6962563724163822,20,20,40,0.03481281862081911,0,0.0,12,0.0006192817450199416,0.0
bg,50,0.0010470120176683225,0.0010459157835031804,1.0470120176683224,25,25,50,0.0418804807067329,0,0.0,12,0.001178818959434971,0.0
bg,50,0.0007099221032554049,0.0007094181138627143,0.7099221032554048,23,23,46,0.030866178402408906,0,0.0,12,0.000628122321288358,0.0
bg,50,0.0010424559350394134,0.0010413692206629145,1.0424559350394134,34,34,68,0.030660468677629806,0,0.0,12,0.000974770318914121,0.0
bg,50,0.0006823831985232048,0.000681917551693578,0.6823831985232047,26,26,52,0.026245507635507873,0,0.0,12,0.0007841352842214023,0.0
bg,50,0.0004159176250342371,0.000415744637563423,0.4159176250342371,21,21,42,0.01980560119210653,0,0.0,12,0.0003739766169920059,0.0
bg,50,0.0007259170696997899,0.0007253901141077082,0.7259170696997899,22,22,44,0.03299623044089954,0,0.0,12,0.0006500812880375179,0.0
bg,50,0.0011471011138455508,0.0011457852728801652,1.147101113845551,29,29,58,0.03955521082226038,0,0.0,12,0.001165538443601991,0.0
bg,50,0.0009013400108651055,0.0009005275970499194,0.9013400108651055,25,25,50,0.03605360043460422,0,0.0,12,0.0010574799606588967,0.0
bg,50,0.0009643346027131159,0.0009634046614871258,0.9643346027131159,27,27,54,0.03571609639678207,0,0.0,12,0.0010814823701059994,0.0
bg,50,0.0009083488130590054,0.0009075237154928196,0.9083488130590054,22,22,44,0.041288582411772974,0,0.0,12,0.0007591187767529323,0.0
bg,50,0.0009466185987678557,0.0009457225119963224,0.9466185987678557,24,24,48,0.03944244161532732,0,0.0,12,0.0008993432553933879,0.0
bg,50,0.0013297676543603458,0.0013530581570447757,1.3297676543603458,34,34,68,0.03911081336353958,0,0.0,12,0.0014238948446372245,0.0
bg,50,0.0008225136739438561,0.0008218371452000313,0.8225136739438561,30,30,60,0.027417122464795204,0,0.0,12,0.0008623694079033976,0.0
bg,50,0.0006405300598004259,0.0006401197810429179,0.640530059800426,17,17,34,0.03767823881178976,0,0.0,12,0.0006133314637359043,0.0
bg,50,0.0008150821205853127,0.0008144177617220149,0.8150821205853127,27,27,54,0.030188226688344914,0,0.0,12,0.0007422688998128915,0.0
bg,50,0.0007244888247298444,0.0007239639406726861,0.7244888247298444,25,25,50,0.028979552989193778,0,0.0,12,0.0007260923285717102,0.0
bg,50,0.0007390361592317136,0.0007384899847870616,0.7390361592317136,24,24,48,0.030793173301321402,0,0.0,12,0.000783760042793392,0.0
bg,50,0.0008724231110534362,0.0008716619889687361,0.8724231110534362,27,27,54,0.03231196707605319,0,0.0,12,0.0009205737339629567,0.0
bg,50,0.00048074043413645027,0.0004805093227714366,0.4807404341364503,24,24,48,0.020030851422352097,0,0.0,12,0.0004170226826333518,0.0
bg,50,0.00038866385324721266,0.0003885127936563916,0.38866385324721264,15,15,30,0.025910923549814176,0,0.0,12,0.00044597631354191265,0.0
bg,50,0.0008999909744865349,0.0008991809907323776,0.8999909744865349,25,25,50,0.035999638979461394,0,0.0,12,0.0009438955551466994,0.0
bg,50,0.000605216212631138,0.0006048499259671066,0.605216212631138,22,22,44,0.027509827846869908,0,0.0,12,0.0006173086555142014,0.0
bg,50,0.0007892882003090591,0.000788665224445912,0.7892882003090591,22,22,44,0.03587673637768451,0,0.0,12,0.0009088529574274716,0.0
bg,50,0.0012422282075719088,0.0012406850766522215,1.2422282075719089,32,32,64,0.03881963148662215,0,0.0,12,0.001212664708268108,0.0
bg,50,0.0011097940246088012,0.0011085623818317437,1.1097940246088012,31,31,62,0.0357998072454452,0,0.0,12,0.0011887726585032966,0.0
bg,50,0.0009688146425307807,0.0009678760407191986,0.9688146425307806,29,29,58,0.03340740146657864,0,0.0,12,0.0008076860549413517,0.0
bg,50,0.001107722817472343,0.0011064957676319943,1.107722817472343,29,29,58,0.03819733853352907,0,0.0,12,0.0009269210143582758,0.0
bg,50,0.0011924284663792069,0.0011910065807317755,1.1924284663792069,39,39,78,0.030575088881518126,0,0.0,12,0.0011919968666234558,0.0
bg,50,0.0007574002051930009,0.0007568265501221745,0.7574002051930009,26,26,52,0.029130777122807726,0,0.0,12,0.0006318610241396138,0.0
bg,50,0.0009764592020201946,0.0009755057294469847,0.9764592020201945,25,25,50,0.03905836808080778,0,0.0,12,0.000954476058706598,0.0
bg,50,0.0008990556465259659,0.0008982473454704155,0.8990556465259658,28,28,56,0.03210913023307021,0,0.0,12,0.0009665913160468835,0.0
bg,50,0.000794874576360229,0.0007942427507680854,0.794874576360229,20,20,40,0.03974372881801145,0,0.0,12,0.0007272587266866591,0.0
bg,50,0.0006110792341333422,0.0006107058163029533,0.6110792341333422,19,19,38,0.03216206495438643,0,0.0,12,0.0005335817244462121,0.0
bg,50,0.0004012475063251202,0.0004010865067637881,0.4012475063251202,15,15,30,0.02674983375500801,0,0.0,12,0.0005009466594578152,0.0
bg,50,0.001395504787963584,0.0013935573543503547,1.395504787963584,27,27,54,0.05168536251716978,0,0.0,12,0.0017333753853449134,0.0
bg,50,0.0013936264213883617,0.00139168422678597,1.3936264213883618,35,35,70,0.039817897753953196,0,0.0,12,0.0012283578383596788,0.0
bg,50,0.0007581948188011083,0.0007576199594178513,0.7581948188011083,22,22,44,0.03446340085459583,0,0.0,12,0.0009081404123472402,0.0
bg,50,0.0009582831799312838,0.0009573648732783445,0.9582831799312839,26,26,52,0.03685704538197246,0,0.0,12,0.0008994736765013569,0.0
bg,50,0.0006247938202867402,0.0006244034529688717,0.6247938202867402,17,17,34,0.036752577663925895,0,0.0,12,0.0006644880080854138,0.0
bg,50,0.0011548780026632021,0.0011535442594621669,1.1548780026632022,28,28,56,0.041245642952257223,0,0.0,12,0.0009821368060724178,0.0
bg,50,0.0004766158511647074,0.00047638868849512594,0.4766158511647074,20,20,40,0.02383079255823537,0,0.0,12,0.00045504306818059623,0.0
bg,50,0.0006821945498677415,0.0006817291604638722,0.6821945498677415,22,22,44,0.031008843175806433,0,0.0,12,0.000673126789367186,0.0
bg,50,0.0006830143321312248,0.000682547823553328,0.6830143321312248,28,28,56,0.0243933690046866,0,0.0,12,0.0007653335291494958,0.0
bg,50,0.0004048930091018228,0.0004047290707530032,0.4048930091018228,22,22,44,0.018404227686446492,0,0.0,12,0.0004291864337839113,0.0
bg,50,0.0007474410216182719,0.0007783574397830378,0.7474410216182719,27,27,54,0.027683000800676736,0,0.0,12,0.0007708663164753778,0.0
bg,50,0.001014839243328389,0.0010138093446385894,1.0148392433283888,27,27,54,0.03758663864179218,0,0.0,12,0.000887967102136986,0.0
bg,50,0.0005750304314993429,0.0005746997715021926,0.5750304314993429,21,21,42,0.027382401499968706,0,0.0,12,0.000467991263576196,0.0
bg,50,0.0005942017481763702,0.0005938486724588343,0.5942017481763702,23,23,46,0.02583485861636392,0,0.0,12,0.0006242333925731658,0.0
bg,50,0.001288794525487484,0.0012871335341585574,1.288794525487484,36,36,72,0.035799847930207886,0,0.0,12,0.0011190319995320567,0.0
bg,50,0.0006640038302121028,0.0006635629291255662,0.6640038302121027,25,25,50,0.026560153208484108,0,0.0,12,0.0006081219842189285,0.0
bg,50,0.0006719220622710833,0.0006714705830133167,0.6719220622710833,27,27,54,0.02488600230633642,0,0.0,12,0.0006472742674412602,0.0
bg,50,0.0011872032849191215,0.0011857938332793985,1.1872032849191214,30,30,60,0.03957344283063738,0,0.0,12,0.001098576993918032,0.0
bg,50,0.0010830884452269877,0.0010819153646468033,1.0830884452269878,31,31,62,0.034938336942806056,0,0.0,12,0.0010762007091836788,0.0
bg,50,0.0014461018052734005,0.0014440105948421856,1.4461018052734005,33,33,66,0.043821266826466684,0,0.0,12,0.0013431579912129919,0.0
bg,50,0.0010434872723719718,0.0010423984066843697,1.043487272371972,32,32,64,0.03260897726162412,0,0.0,12,0.0011431116656056223,0.0
bg,50,0.0007623883964856475,0.0007618071604185514,0.7623883964856475,28,28,56,0.027228157017344552,0,0.0,12,0.0005255461717792773,0.0
bg,50,0.0006350205171859855,0.0006346172661287382,0.6350205171859855,17,17,34,0.03735414806976385,0,0.0,12,0.0008162922270021768,0.0
bg,50,0.000878454528615066,0.0008776828462562216,0.878454528615066,26,26,52,0.033786712639041,0,0.0,12,0.0007916886006496826,0.0
bg,50,0.001201381392697403,0.0011999380754466832,1.201381392697403,36,36,72,0.033371705352705644,0,0.0,12,0.0011678752154274852,0.0
bg,50,0.0008803062876438728,0.0008795313484838075,0.8803062876438728,30,30,60,0.029343542921462424,0,0.0,12,0.0010426350713308933,0.0
bg,50,0.0009915293803827295,0.0009905462498705675,0.9915293803827296,29,29,58,0.034190668289059645,0,0.0,12,0.001133841917365277,0.0
bg,50,0.0012352529232987947,0.0012337270735142765,1.2352529232987948,29,29,58,0.04259492838961361,0,0.0,12,0.0009549887226242137,0.0
bg,50,0.0009091323915540279,0.0009083058698486554,0.9091323915540279,27,27,54,0.03367157005755659,0,0.0,12,0.0008262927589205119,0.0
bg,50,0.0005761153447301552,0.0005757834358397218,0.5761153447301552,19,19,38,0.03032186024895554,0,0.0,12,0.0006092877205621476,0.0
bg,50,0.0010867120578363513,0.0010855311147397043,1.0867120578363512,29,29,58,0.03747282958056383,0,0.0,12,0.0010091043586137691,0.0
bg,50,0.000333729526203669,0.0003336181508070089,0.333729526203669,15,15,30,0.022248635080244602,0,0.0,12,0.0002875282221492677,0.0
bg,50,0.0007596689060241709,0.0007590918091773907,0.7596689060241708,26,26,52,0.029218034847083494,0,0.0,12,0.0005814893199920743,0.0
bg,50,0.0009627315404376162,0.0009618046884186628,0.9627315404376162,27,27,54,0.035656723719911715,0,0.0,12,0.0009626414122159951,0.0
bg,50,0.000707327760911781,0.0007068274483504245,0.707327760911781,30,30,60,0.0235775920303927,0,0.0,12,0.0005753006178972626,0.0
bg,50,0.0010612485565720106,0.0010601223080731845,1.0612485565720107,29,29,58,0.03659477781282795,0,0.0,12,0.0012530682443334929,0.0
bg,50,0.0008857624922709846,0.0008849779170782704,0.8857624922709846,25,25,50,0.03543049969083938,0,0.0,12,0.0008672503754610678,0.0
bg,50,0.0008286088468872208,0.000827922254266081,0.8286088468872208,32,32,64,0.02589402646522565,0,0.0,12,0.000720375581801776,0.0
bg,50,0.0011945016692315137,0.0011930748349937167,1.1945016692315136,36,36,72,0.0331806019230976,0,0.0,12,0.0009749620704185781,0.0
bg,50,0.0011662369864885917,0.0011648768777799377,1.1662369864885918,35,35,70,0.03332105675681691,0,0.0,12,0.0010670297969879539,0.0
bg,50,0.001005809437014795,0.0010047977843912071,1.0058094370147952,26,26,52,0.038684978346722895,0,0.0,12,0.0012914675344411941,0.0
bg,50,0.0012541135414137728,0.0012525407406390157,1.2541135414137727,30,30,60,0.041803784713792425,0,0.0,12,0.0012152314050980042,0.0
bg,50,0.0010338149824776685,0.0010327462090596732,1.0338149824776686,30,30,60,0.03446049941592229,0,0.0,12,0.0011842539436243144,0.0
bg,50,0.0005689417133524068,0.0005686180186792143,0.5689417133524067,25,25,50,0.02275766853409627,0,0.0,12,0.0007915139904742304,0.0
bg,50,0.0010171666735659998,0.0010161320455241863,1.0171666735659997,35,35,70,0.02906190495902856,0,0.0,12,0.0011607756850579084,0.0
bg,50,0.0011089124691131926,0.001107682782249038,1.1089124691131926,31,31,62,0.03577136997139331,0,0.0,12,0.0013050475536045378,0.0
bg,50,0.0007249231687038673,0.0007243976551033439,0.7249231687038673,28,28,56,0.02589011316799526,0,0.0,12,0.000789974891753703,0.0
bg,50,0.0006188350370920164,0.0006184520802888836,0.6188350370920164,25,25,50,0.024753401483680656,0,0.0,12,0.0007040831042179226,0.0
bg,50,0.0007087861115744403,0.0007082837338224794,0.7087861115744403,21,21,42,0.03375171959878287,0,0.0,12,0.0005452264660660109,0.0
bg,50,0.0009238988586881263,0.0009230452695870409,0.9238988586881263,28,28,56,0.032996387810290226,0,0.0,12,0.0008474011555516023,0.0
bg,50,0.0007383935486669912,0.0007378483236342782,0.7383935486669913,26,26,52,0.028399751871807356,0,0.0,12,0.0007213777840679634,0.0
bg,50,0.0005661296062025798,0.0005658091034715608,0.5661296062025798,23,23,46,0.02461433070445999,0,0.0,12,0.0005588500233873162,0.0
bg,50,0.0005349983291849654,0.0005347121059727346,0.5349983291849654,22,22,44,0.02431810587204388,0,0.0,12,0.0006101096945823963,0.0
bg,50,0.0008457010514078646,0.0008449858411395122,0.8457010514078647,26,26,52,0.0325269635156871,0,0.0,12,0.0008586509409326412,0.0
bg,50,0.0005294685877187675,0.0005291882507333867,0.5294685877187675,20,20,40,0.026473429385938375,0,0.0,12,0.0006169745239549871,0.0
bg,50,0.0007464501426451129,0.0007458929548296579,0.7464501426451129,19,19,38,0.03928684961290068,0,0.0,12,0.0008662438899692389,0.0
bg,50,0.0008634529247252658,0.0008627073737720492,0.8634529247252658,29,29,58,0.029774238783629857,0,0.0,12,0.0008077147463442587,0.0
bg,50,0.0008141666755210233,0.0008135038081454942,0.8141666755210233,27,27,54,0.030154321315593455,0,0.0,12,0.000704635697235947,0.0
bg,50,0.0005344034784694074,0.0005341178913916072,0.5344034784694074,20,19,39,0.028126498866810914,0,0.0,12,0.0005929901097165318,0.0
bg,50,0.000949947103782284,0.0009490447042822997,0.949947103782284,27,27,54,0.035183226066010514,0,0.0,12,0.0005384554509833446,0.0
bg,50,0.0005625896296248155,0.0005622731225334542,0.5625896296248154,26,26,52,0.021638062677877514,0,0.0,12,0.0005486276313543163,0.0
bg,50,0.0009497742724344551,0.0009488722012658766,0.9497742724344551,31,31,62,0.030637879755950163,0,0.0,12,0.0009451977165488971,0.0
bg,50,0.0006450057153113197,0.0006445896829385355,0.6450057153113197,23,23,46,0.028043726752666073,0,0.0,12,0.0004148216398493841,0.0
bg,50,0.0006576067323167791,0.0006571742857023908,0.6576067323167791,22,22,44,0.029891215105308143,0,0.0,12,0.0008440522011272573,0.0
bg,50,0.0008558205939246814,0.0008646672108528864,0.8558205939246815,23,23,46,0.03720959104020354,0,0.0,12,0.0005874781714223997,0.0
bg,50,0.0008721300289036762,0.0008713694181163609,0.8721300289036762,30,30,60,0.029071000963455874,0,0.0,12,0.0008602268799330838,0.0
bg,50,0.0007334512881156527,0.0007329133373236142,0.7334512881156527,24,24,48,0.030560470338152197,0,0.0,12,0.0009840533589071587,0.0
bg,50,0.0007574818349395951,0.0007569080562093315,0.7574818349395951,21,21,42,0.03607056356855215,0,0.0,12,0.0008937024712354454,0.0
bg,50,0.0005427356483563193,0.0005424410863723225,0.5427356483563193,26,26,52,0.020874448013704586,0,0.0,12,0.0006216700261810481,0.0
bg,50,0.0007277603763249942,0.0007272307411596455,0.7277603763249942,21,21,42,0.034655256015475915,0,0.0,12,0.0006043781169316769,0.0
bg,50,0.000851058579836681,0.0008503342791303673,0.851058579836681,21,21,42,0.04052659903984195,0,0.0,12,0.0007351646755732689,0.0
bg,50,0.0012309451344712787,0.0012294299085472003,1.2309451344712787,27,27,54,0.04559056053597329,0,0.0,12,0.0012167869359456253,0.0
bg,50,0.0005395469701752944,0.000539255859242269,0.5395469701752944,21,21,42,0.02569271286549021,0,0.0,12,0.0005177468039649372,0.0
bg,50,0.0010135202771691355,0.0010124930538169023,1.0135202771691354,21,21,42,0.0482628703413874,0,0.0,12,0.0008162556566379951,0.0
bg,50,0.0006884226675191059,0.0006879487417499517,0.6884226675191059,22,22,44,0.03129193943268663,0,0.0,12,0.0008089020099490405,0.0
bg,50,0.0010588436899580955,0.0010577225399983317,1.0588436899580955,28,28,56,0.037815846069931984,0,0.0,12,0.0007973346207320645,0.0
bg,50,0.001016115224366679,0.0010150827342174892,1.0161152243666791,30,30,60,0.033870507478889304,0,0.0,12,0.0008656986520200881,0.0
bg,50,0.0007443701463620869,0.0007438160594472918,0.7443701463620869,23,23,46,0.032363919407047255,0,0.0,12,0.0005894963992804425,0.0
bg,50,0.0010550846632237593,0.0010539714595771891,1.0550846632237594,19,19,38,0.055530771748618916,0,0.0,12,0.0013452475707869944,0.0
bg,50,0.0007188284963660933,0.0007183117819589053,0.7188284963660934,20,20,40,0.03594142481830467,0,0.0,12,0.0006274030623910231,0.0
bg,50,0.000911703188310014,0.0009108719856064393,0.911703188310014,29,29,58,0.03143804097620738,0,0.0,12,0.0008038678428569584,0.0
bg,50,0.0006375434993018114,0.0006371370375883094,0.6375434993018114,17,17,34,0.0375025587824595,0,0.0,12,0.0005793277134084051,0.0
bg,50,0.00046158196930252873,0.0004613689113881435,0.4615819693025287,16,16,32,0.028848873081408044,0,0.0,12,0.0004543482369305766,0.0
bg,50,0.0010391372397863634,0.0010380574335832526,1.0391372397863634,27,27,54,0.03848656443653198,0,0.0,12,0.0010660452182811517,0.0
bg,50,0.0008452821453302057,0.0008445676434249918,0.8452821453302057,23,23,46,0.03675139762305242,0,0.0,12,0.0007445053332233168,0.0
bg,50,0.0004830883265939896,0.0004828549522626983,0.4830883265939896,23,23,46,0.021003840286695198,0,0.0,12,0.0004430653234293308,0.0
bg,50,0.0004709632443971259,0.0004707414380195528,0.4709632443971259,19,19,38,0.0247875391787961,0,0.0,12,0.00045497935910953404,0.0
bg,50,0.0010885756066667546,0.0010873906098153245,1.0885756066667547,30,30,60,0.03628585355555849,0,0.0,12,0.0011739475678619355,0.0
bg,50,0.00037224047475886837,0.00037210191178781957,0.37224047475886834,12,12,24,0.031020039563239028,0,0.0,12,0.0003190692663882124,0.0
bg,50,0.0009097925011701449,0.0009089647787749594,0.9097925011701449,28,28,56,0.03249258932750517,0,0.0,12,0.0009512191356848744,0.0
bg,50,0.000686700325112098,0.0006862287677755891,0.686700325112098,25,25,50,0.02746801300448392,0,0.0,12,0.0006960333797590656,0.0
bg,50,0.0013052755189991386,0.0013035717748186404,1.3052755189991387,29,29,58,0.04500950065514271,0,0.0,12,0.0015438377475594305,0.0
bg,50,0.000930771960164245,0.0009299056237224171,0.930771960164245,27,27,54,0.03447303556163871,0,0.0,12,0.0011687461785667185,0.0
bg,50,0.0007994503154240106,0.0007988111946171791,0.7994503154240107,24,24,48,0.033310429809333776,0,0.0,12,0.0007139860720202514,0.0
bg,50,0.0010140944687751557,0.0010130660811835553,1.0140944687751556,28,28,56,0.0362176595991127,0,0.0,12,0.0010539643853850463,0.0
bg,50,0.0009433572849408733,0.0009424673619738224,0.9433572849408733,24,24,48,0.03930655353920306,0,0.0,12,0.000950908445550744,0.0
bg,50,0.000863404978913998,0.0008626595107563843,0.8634049789139979,27,27,54,0.03197796218199992,0,0.0,12,0.0011836691444624822,0.0
bg,50,0.0011112147234182785,0.001109979925256737,1.1112147234182785,29,29,58,0.03831774908338891,0,0.0,12,0.001359932306578183,0.0
bg,50,0.0004809836980012783,0.0004807523526835353,0.48098369800127827,19,19,38,0.02531493147375149,0,0.0,12,0.00034254630515632506,0.0
bg,50,0.0007973939170301989,0.0007967580799712823,0.7973939170301989,28,28,56,0.028478354179649962,0,0.0,12,0.0006022810757052036,0.0
bg,50,0.0007503096970742398,0.0007497467324327161,0.7503096970742398,28,28,56,0.026796774895508562,0,0.0,12,0.0004986047739499754,0.0
bg,50,0.0011290703438786593,0.0011277955440372332,1.1290703438786593,26,26,52,0.043425782456871516,0,0.0,12,0.0008674835840763185,0.0
bg,50,0.0003916807956533503,0.0003915273818076667,0.39168079565335034,18,18,36,0.02176004420296391,0,0.0,12,0.0003078484077656469,0.0
bg,50,0.0010735208852563928,0.0010723684381653113,1.0735208852563929,34,34,68,0.031574143684011555,0,0.0,12,0.001071004485782829,0.0
bg,50,0.0008788091944323497,0.0008780368888321308,0.8788091944323497,30,30,60,0.029293639814411656,0,0.0,12,0.000865056642658368,0.0
bg,50,0.000753122507339718,0.0007525553138286563,0.7531225073397181,19,19,38,0.03963802670209043,0,0.0,12,0.0007904870515006084,0.0
bg,50,0.000560653370168751,0.0005603390379672695,0.560653370168751,20,20,40,0.028032668508437553,0,0.0,12,0.00039298686864949956,0.0
bg,50,0.0006205499546234314,0.0006201648723772481,0.6205499546234314,22,22,44,0.028206816119246882,0,0.0,12,0.00073682536476321,0.0
bg,50,0.00046656173300421244,0.00046634405315350855,0.46656173300421244,15,15,30,0.03110411553361416,0,0.0,12,0.0004898562343718451,0.0
bg,50,0.0005762415721676426,0.0005759095178181484,0.5762415721676426,21,21,42,0.027440074865125837,0,0.0,12,0.0005618559860172175,0.0
bg,50,0.0005649601411619187,0.0005646409612008172,0.5649601411619187,22,22,44,0.02568000641645085,0,0.0,12,0.0007693282153012106,0.0
bg,50,0.001033877352775022,0.001032808450394441,1.033877352775022,26,26,52,0.03976451356827008,0,0.0,12,0.0008857157780231421,0.0
bg,50,0.0006806449458898243,0.0006801816683474588,0.6806449458898243,21,21,42,0.03241166408999163,0,0.0,12,0.0005133455752834399,0.0
bg,50,0.0006033024488722933,0.000602938475027478,0.6033024488722933,22,22,44,0.027422838585104244,0,0.0,12,0.0005227787950810881,0.0
bg,50,0.0007409468025515151,0.0007403978003873037,0.7409468025515151,25,25,50,0.029637872102060606,0,0.0,12,0.000696549355420822,0.0
bg,50,0.0009732799570384927,0.0009723326831637199,0.9732799570384927,29,29,58,0.03356137782891354,0,0.0,12,0.0007600509748630014,0.0
bg,50,0.00040166830287322774,0.00040150696544769465,0.40166830287322774,19,19,38,0.021140436993327776,0,0.0,12,0.0002654570206914858,0.0
bg,50,0.0008826899031441116,0.0008819107616789989,0.8826899031441116,18,18,36,0.04903832795245064,0,0.0,12,0.0007644296983336396,0.0
bg,50,0.001238792532792143,0.001237257925852841,1.238792532792143,31,31,62,0.03996104944490784,0,0.0,12,0.0011806220373734044,0.0
bg,50,0.0007618325523256928,0.0007612521634879098,0.7618325523256928,20,20,40,0.03809162761628464,0,0.0,12,0.0007578940412587665,0.0
bg,50,0.0008402821280423582,0.0008395760539876509,0.8402821280423582,29,29,58,0.028975245794564078,0,0.0,12,0.001072101356844794,0.0
bg,50,0.0004343262706578486,0.000434137631348465,0.43432627065784857,18,18,36,0.024129237258769365,0,0.0,12,0.000500719246833459,0.0
bg,50,0.0010733358921089717,0.0010721838421716822,1.0733358921089717,32,32,64,0.03354174662840537,0,0.0,12,0.001029879888862895,0.0
bg,50,0.0007044751254966926,0.000703978840294249,0.7044751254966926,31,31,62,0.022725004048280404,0,0.0,12,0.0006521977463711119,0.0
bg,50,0.0010680761921912864,0.0010669354054389606,1.0680761921912865,34,34,68,0.031414005652684894,0,0.0,12,0.0011240487445690445,0.0
bg,50,0.00041409350046951233,0.0004139220270423812,0.4140935004695123,22,22,44,0.01882243183952329,0,0.0,12,0.00035757081934569424,0.0
bg,50,0.0008385350341110018,0.0008378318931075701,0.8385350341110018,30,30,60,0.02795116780370006,0,0.0,12,0.0006158445348760424,0.0
bg,50,0.0008304185453609385,0.0008297289504004591,0.8304185453609385,29,29,58,0.028635122253825467,0,0.0,12,0.0009118314139067633,0.0
bg,50,0.0005552258330672828,0.0005549175573415776,0.5552258330672828,22,22,44,0.025237537866694672,0,0.0,12,0.0005312538893991166,0.0
bg,50,0.0009548565232794601,0.0009539447722994109,0.9548565232794601,24,24,48,0.03978568846997751,0,0.0,12,0.0010303228672521544,0.0
bg,50,0.0004678347708701267,0.0004861193906499273,0.4678347708701267,16,16,32,0.02923967317938292,0,0.0,12,0.000626005499298845,0.0
bg,50,0.001394939764980414,0.0013929939080324905,1.394939764980414,27,27,54,0.051664435740015335,0,0.0,12,0.001151840054083369,0.0
bg,50,0.000820268007114304,0.0008195951675108087,0.820268007114304,24,24,48,0.03417783362976267,0,0.0,12,0.0007492021951519466,0.0
bg,50,0.0006295689745482243,0.0006291726174545104,0.6295689745482242,22,22,44,0.02861677157037383,0,0.0,12,0.0006706842951295204,0.0
bg,50,0.0008421843310759059,0.000841475056628396,0.8421843310759058,27,27,54,0.031192012262070586,0,0.0,12,0.0008655264634720459,0.0
bg,50,0.0013580666672303324,0.0013562223221576899,1.3580666672303323,32,32,64,0.042439583350947885,0,0.0,12,0.001303079566600709,0.0
bg,50,0.0006673409798392029,0.0006668956358558303,0.6673409798392029,17,17,34,0.039255351755247234,0,0.0,12,0.0007207790158141354,0.0
bg,50,0.0007320584552666069,0.0007315225456846797,0.732058455266607,21,21,42,0.034859926441266995,0,0.0,12,0.000646467985808376,0.0
bg,50,0.0005338402080727107,0.0005335552227049556,0.5338402080727107,21,21,42,0.025420962289176702,0,0.0,12,0.0006824622573042748,0.0
bg,50,0.0004158314423210641,0.00041565852653264134,0.41583144232106406,18,18,36,0.02310174679561467,0,0.0,12,0.0004371349469793118,0.0
bg,50,0.001128798942191814,0.0011275247551399208,1.128798942191814,34,34,68,0.033199968887994535,0,0.0,12,0.0009273991095848816,0.0
bg,50,0.0008706045831597446,0.0008698466308195258,0.8706045831597446,32,32,64,0.02720639322374202,0,0.0,12,0.0007659462648338189,0.0
bg,50,0.0004921972185124375,0.000491954960410526,0.4921972185124375,17,17,34,0.028952777559555144,0,0.0,12,0.0005688521095824104,0.0
bg,50,0.0009385415348597946,0.0009376606746471375,0.9385415348597945,19,19,38,0.04939692288735761,0,0.0,12,0.0009934668888370382,0.0
bg,50,0.0008819562669557257,0.0008811784200989031,0.8819562669557257,31,31,62,0.02845020215986212,0,0.0,12,0.0007099962675051445,0.0
bg,50,0.0010394545443133225,0.001038374078563629,1.0394545443133225,25,25,50,0.0415781817725329,0,0.0,12,0.0009770736317916652,0.0
bg,50,0.00045630603956024984,0.00045609782435851063,0.45630603956024984,19,19,38,0.024016107345276306,0,0.0,12,0.00025841873356495553,0.0
bg,50,0.0009493692878945268,0.0009484679858497291,0.9493692878945268,22,22,44,0.04315314944975122,0,0.0,12,0.0009377694148205488,0.0
bg,50,0.0007434249803236952,0.000742872299622326,0.7434249803236952,28,28,56,0.026550892154417687,0,0.0,12,0.000624697555128564,0.0
bg,50,0.001035734469676065,0.0010346617237843895,1.0357344696760649,25,25,50,0.041429378787042594,0,0.0,12,0.0010581577718787281,0.0
bg,50,0.0007275488825681346,0.0007270195551916086,0.7275488825681347,25,25,50,0.029101955302725385,0,0.0,12,0.0006783192669713973,0.0
bg,50,0.000698621488958399,0.0006981334169735646,0.698621488958399,21,21,42,0.033267689950399956,0,0.0,12,0.0008398393315251234,0.0
bg,50,0.001308083010698091,0.0013063719295352142,1.3080830106980912,27,27,54,0.048447518914744116,0,0.0,12,0.0012979859311210047,0.0
bg,50,0.0006388933887113168,0.0006384852039491776,0.6388933887113168,19,19,38,0.033625967826911414,0,0.0,12,0.0005906764541028615,0.0
bg,50,0.0007515623212864142,0.0007509974753636368,0.7515623212864142,27,27,54,0.027835641529126452,0,0.0,12,0.0008091725279673892,0.0
bg,50,0.0006409971433461692,0.0006405862660083913,0.6409971433461692,27,27,54,0.023740634938747007,0,0.0,12,0.0007658688807081687,0.0
bg,50,0.0009812398702282365,0.000980277038545311,0.9812398702282366,30,30,60,0.03270799567427455,0,0.0,12,0.000906592954210484,0.0
bg,50,0.0006239079887196368,0.0006235187275412487,0.6239079887196368,24,24,48,0.025996166196651533,0,0.0,12,0.0006801403784036879,0.0
bg,50,0.0006982539803125505,0.0006977664216915282,0.6982539803125505,20,20,40,0.034912699015627525,0,0.0,12,0.0007522636231627259,0.0
bg,50,0.0010322281442205537,0.001031162649278833,1.0322281442205536,25,25,50,0.04128912576882215,0,0.0,12,0.0012026533177802272,0.0
bg,50,0.000825609387020875,0.0008249277561609379,0.825609387020875,24,24,48,0.034400391125869796,0,0.0,12,0.0006520560911399346,0.0
bg,50,0.0008008999376903852,0.0008002584969801927,0.8008999376903851,27,27,54,0.02966296065519945,0,0.0,12,0.0008571615636028786,0.0
bg,50,0.0006793374133685148,0.0006788759140473126,0.6793374133685148,25,25,50,0.027173496534740594,0,0.0,12,0.0006741106794657355,0.0
bg,50,0.0009129011908787561,0.000912067802294448,0.9129011908787561,27,27,54,0.03381115521773171,0,0.0,12,0.0008339486323039407,0.0
bg,50,0.001294208596947904,0.00129253362105549,1.2942085969479038,34,34,68,0.038064958733761874,0,0.0,12,0.0013520962491445935,0.0
bg,50,0.0006523586019621277,0.0006519330302165736,0.6523586019621277,22,22,44,0.029652663725551257,0,0.0,12,0.0005512992803694037,0.0
bg,50,0.0010401139678896242,0.001039032130823425,1.0401139678896243,28,28,56,0.03714692742462944,0,0.0,12,0.0010579507683512845,0.0
bg,50,0.0009327537213018218,0.0009318836917972193,0.9327537213018218,29,29,58,0.03216392142420075,0,0.0,12,0.0010056056353733404,0.0
bg,50,0.0007437350604421766,0.0007431819186020457,0.7437350604421766,21,21,42,0.03541595525915127,0,0.0,12,0.0008883209125146223,0.0
bg,50,0.0007343332189728571,0.00073379397369637,0.7343332189728571,23,23,46,0.03192753125968944,0,0.0,12,0.0007098763354606219,0.0
bg,50,0.001105592615299214,0.0011043702802682098,1.105592615299214,26,26,52,0.04252279289612361,0,0.0,12,0.0012553761716036964,0.0
bg,50,0.00041809613332545584,0.00041792132894875417,0.4180961333254558,17,17,34,0.02459389019561505,0,0.0,12,0.00045043464048173746,0.0
bg,50,0.0008826491698957204,0.0008818701003386029,0.8826491698957204,32,32,64,0.027582786559241262,0,0.0,12,0.0008861826336570986,0.0
bg,50,0.0007008100124678265,0.0007003188777942513,0.7008100124678265,23,23,46,0.030470000542079413,0,0.0,12,0.0008671579218118861,0.0
bg,50,0.0011625814551350154,0.0011612298594951915,1.1625814551350153,33,33,66,0.03522974106469744,0,0.0,12,0.0010168139075953171,0.0
bg,50,0.000375619775463349,0.00037547868524762996,0.375619775463349,17,17,34,0.022095280909608765,0,0.0,12,0.000487650849133382,0.0
bg,50,0.0009425313928303556,0.0009416430274038849,0.9425313928303556,33,33,66,0.028561557358495623,0,0.0,12,0.0010757334480641346,0.0
bg,50,0.0007417911339954822,0.0007412408799090077,0.7417911339954822,19,19,38,0.03904163863134117,0,0.0,12,0.0006989818895602467,0.0
bg,50,0.0006890506064652247,0.0006885758157269547,0.6890506064652246,23,23,46,0.029958722020227157,0,0.0,12,0.0009078785806896071,0.0
bg,50,0.0010235669282405056,0.001022519238983918,1.0235669282405055,22,22,44,0.046525769465477526,0,0.0,12,0.0008807331080114792,0.0
bg,50,0.0008245466319666548,0.0008238667548183672,0.8245466319666548,31,31,62,0.026598278450537253,0,0.0,12,0.000737052731833077,0.0
bg,50,0.0007214375471069002,0.0007209170749725246,0.7214375471069001,21,21,42,0.034354168909852385,0,0.0,12,0.0007014908142183848,0.0
bg,50,0.001041300883641192,0.0010402165761109203,1.0413008836411919,24,24,48,0.043387536818383,0,0.0,12,0.0010771868345714646,0.0
bg,50,0.000746239805401892,0.0007456829315547257,0.7462398054018919,28,28,56,0.02665142162149614,0,0.0,12,0.0007600071105887177,0.0
bg,50,0.0012911670608010014,0.001289499948422104,1.2911670608010013,31,31,62,0.0416505503484194,0,0.0,12,0.0015362811169127258,0.0
bg,50,0.0006206792722714454,0.000620294029512418,0.6206792722714454,20,20,40,0.031033963613572267,0,0.0,12,0.0006500823590912809,0.0
bg,50,0.0008424454889452875,0.0008417357745434432,0.8424454889452875,24,24,48,0.035101895372720314,0,0.0,12,0.0008299840264433701,0.0
bg,50,0.0006638435247624841,0.0006634028365371151,0.6638435247624841,27,27,54,0.024586797213425337,0,0.0,12,0.0007945191727074598,0.0
bg,50,0.0008019601772331679,0.0008013170371073,0.8019601772331679,23,23,46,0.03486783379274643,0,0.0,12,0.0009330099951685718,0.0
bg,50,0.0006360257181043404,0.0006356211893902503,0.6360257181043405,19,19,38,0.03347503779496529,0,0.0,12,0.0005104715488975546,0.0
bg,50,0.0008473314932665806,0.0008466135226070992,0.8473314932665805,24,24,48,0.03530547888610752,0,0.0,12,0.000817018483374368,0.0
bg,50,0.0008480354601251036,0.0008473162959834741,0.8480354601251037,32,32,64,0.02650110812890949,0,0.0,12,0.0009376863893139682,0.0
bg,50,0.0007983834143383319,0.0007977459982620413,0.7983834143383319,23,23,46,0.03471232236253617,0,0.0,12,0.0006741479507997724,0.0
bg,50,0.0007700119368219525,0.0007694190184391042,0.7700119368219525,24,24,48,0.03208383070091469,0,0.0,12,0.000995943420956877,0.0
bg,50,0.0008811734178456448,0.000880396951253327,0.8811734178456447,29,29,58,0.030385290270539475,0,0.0,12,0.00047929971755105994,0.0
bg,50,0.0005781893389502955,0.0005778550360386197,0.5781893389502955,19,19,38,0.030431017839489233,0,0.0,12,0.0006626336956933255,0.0
bg,50,0.0012688715002300004,0.0012672614653459042,1.2688715002300004,26,26,52,0.048802750008846166,0,0.0,12,0.001083641130130132,0.0
bg,50,0.0008432858923291065,0.0008425747612329052,0.8432858923291064,25,25,50,0.03373143569316426,0,0.0,12,0.0008663295584496174,0.0
bg,50,0.0009348674730090246,0.0009339934958169343,0.9348674730090245,27,27,54,0.034624721222556464,0,0.0,12,0.0007049480028413392,0.0
bg,50,0.000532922743317819,0.0005326387366674734,0.532922743317819,16,16,32,0.033307671457363686,0,0.0,12,0.0007206232022995304,0.0
bg,50,0.0007937188134072314,0.0007930888238524747,0.7937188134072315,25,25,50,0.03174875253628926,0,0.0,12,0.0007676236354448523,0.0
bg,50,0.000941720477605223,0.0009408336401472819,0.941720477605223,31,31,62,0.03037807992274913,0,0.0,12,0.0008943167947401495,0.0
bg,50,0.0006991568197194056,0.0006986679994608454,0.6991568197194056,25,25,50,0.027966272788776222,0,0.0,12,0.0006663393093787371,0.0
bg,50,0.0008708164186611675,0.0008700580974261576,0.8708164186611675,25,25,50,0.0348326567464467,0,0.0,12,0.0008448793679161704,0.0
bg,50,0.0006502174126923279,0.0006628644070381733,0.6502174126923279,27,27,54,0.024082126396012146,1,0.001,12,0.0006384369981304398,0.9060394165535351
bg,50,0.0006793077845219138,0.0006871024835972227,0.6793077845219138,24,24,48,0.028304491021746408,1,0.001,12,0.0007359772150697274,1.2608277309473668
bg,50,0.0009388697494220395,0.0009379882730156598,0.9388697494220395,32,32,64,0.029339679669438734,0,0.0,12,0.0007566374597820583,0.0
bg,50,0.000781070133666006,0.0007804600631123008,0.781070133666006,21,21,42,0.03719381588885743,0,0.0,12,0.0008471095019286847,0.0
bg,50,0.0007218186822915378,0.000721297660081433,0.7218186822915378,28,28,56,0.025779238653269206,0,0.0,12,0.0007313184562838035,0.0
bg,50,0.00037089242823142856,0.00037075486703810916,0.37089242823142854,22,22,44,0.016858746737792207,0,0.0,12,0.00032330061994911076,0.0
bg,50,0.000711870014721832,0.0007113632558039718,0.711870014721832,22,22,44,0.032357727941901455,0,0.0,12,0.000718522611141365,0.0
bg,50,0.0010272285916684248,0.0010261733930888837,1.0272285916684247,29,29,58,0.03542167557477326,0,0.0,12,0.0010283455030283605,0.0
bg,50,0.0005932057454316392,0.0005928538523752261,0.5932057454316393,24,24,48,0.024716906059651638,0,0.0,12,0.0006295927220764749,0.0
bg,50,0.0008038794642249059,0.0008032332420319034,0.8038794642249059,25,25,50,0.03215517856899623,0,0.0,12,0.0007736154513126226,0.0
bg,50,0.0008822550882939355,0.0008814767142531148,0.8822550882939355,29,29,58,0.030422589251515017,0,0.0,12,0.000944198240088244,0.0
bg,50,0.0006457540768401486,0.0006453370785123927,0.6457540768401486,23,23,46,0.028076264210441244,0,0.0,12,0.0006912422800592957,0.0
bg,50,0.0011147982625703801,0.0011135554874041503,1.11479826257038,25,25,50,0.0445919305028152,0,0.0,12,0.0009754375239227281,0.0
bg,50,0.0009603740474538931,0.0009594517291428702,0.9603740474538931,32,32,64,0.03001168898293416,0,0.0,12,0.0006395140808375837,0.0
bg,50,0.0006984206499682682,0.0006979328585639662,0.6984206499682681,17,17,34,0.04108356764519224,0,0.0,12,0.0007156945790361237,0.0
bg,50,0.001070705288595761,0.0010695588787807337,1.0707052885957609,24,24,48,0.0446127203581567,0,0.0,12,0.0008513517908410109,0.0
bg,50,0.0009406626828812889,0.0009411117543434378,0.940662682881289,26,26,52,0.036179333956972655,0,0.0,12,0.001097763245473794,0.0
bg,50,0.001114298522790328,0.0011130568615924355,1.1142985227903281,31,31,62,0.03594511363839768,0,0.0,12,0.0008615132474685626,0.0
bg,50,0.0010827824234466306,0.0010816100056701054,1.0827824234466306,28,28,56,0.038670800837379664,0,0.0,12,0.0009087402454020347,0.0
bg,50,0.000556917473776771,0.000556607316704173,0.556917473776771,23,23,46,0.024213803207685698,0,0.0,12,0.000606360642138536,0.0
bg,50,0.0005871959301708855,0.0005868511311104763,0.5871959301708856,18,18,36,0.032621996120604756,0,0.0,12,0.0006613452856236939,0.0
bg,50,0.0012754661421416236,0.0012738393282618738,1.2754661421416236,31,31,62,0.041144069101342697,0,0.0,12,0.0009636484147392083,0.0
bg,50,0.0005410743826485742,0.0005407816211610156,0.5410743826485742,17,17,34,0.031827904861680835,0,0.0,12,0.000425052960274476,0.0
bg,50,0.0007796401673192363,0.0007790323285287388,0.7796401673192364,24,24,48,0.032485006971634846,0,0.0,12,0.0008409640037445804,0.0
bg,50,0.0010123250116918464,0.0010113002097625495,1.0123250116918463,23,23,46,0.04401413094312375,0,0.0,12,0.001072249381794751,0.0
bg,50,0.0009295778851528222,0.0009913077654607292,0.9295778851528222,25,25,50,0.03718311540611289,2,0.002,12,0.0009536786096650996,1.5024919728272386
bg,50,0.000866888940141465,0.0008661374437069255,0.866888940141465,30,30,60,0.0288962980047155,0,0.0,12,0.0009022314788555996,0.0
bg,50,0.0009889645264115217,0.0009879864755770213,0.9889645264115217,24,24,48,0.041206855267146736,0,0.0,12,0.0010745807702230293,0.0
bg,50,0.0010458907942474767,0.001044796906693985,1.0458907942474767,29,29,58,0.036065199801637124,0,0.0,12,0.0008367884409944457,0.0
bg,50,0.0004371575861705992,0.0004369664794154528,0.4371575861705992,18,18,36,0.024286532565033287,0,0.0,12,0.0004169939782382208,0.0
bg,50,0.0010582385718705468,0.001057118702995552,1.0582385718705467,29,29,58,0.0364909852369154,0,0.0,12,0.0010278369137610422,0.0
bg,50,0.0009252085280823863,0.0009243525172619498,0.9252085280823863,27,27,54,0.034266982521569865,0,0.0,12,0.0007705282365874014,0.0
bg,50,0.0011391444349829456,0.001137846784939193,1.1391444349829456,38,38,76,0.029977485131130147,0,0.0,12,0.001330277522338054,0.0
bg,50,0.00056554461174089,0.000565224771033021,0.56554461174089,22,22,44,0.025706573260949547,0,0.0,12,0.000554234591438148,0.0
bg,50,0.0009030728170666702,0.0009022572765537453,0.9030728170666702,29,29,58,0.031140441967816214,0,0.0,12,0.0008521746788200888,0.0
bg,50,0.0008843191385741278,0.0008835371182352795,0.8843191385741278,26,26,52,0.03401227456054338,0,0.0,12,0.001004450061049124,0.0
bg,50,0.0007640711086063448,0.0007634873039473379,0.7640711086063448,24,24,48,0.031836296191931034,0,0.0,12,0.0006920611829010137,0.0
bg,50,0.0011066485854420538,0.0011054239143503928,1.1066485854420538,29,29,58,0.03816029604972599,0,0.0,12,0.0013838971961421258,0.0
bg,50,0.0008235874948557233,0.0008229091984940407,0.8235874948557234,27,27,54,0.030503240550211978,0,0.0,12,0.000614592533081595,0.0
bg,50,0.0003819041913284884,0.0003817583405171341,0.3819041913284884,20,20,40,0.01909520956642442,0,0.0,12,0.000353717739401552,0.0
bg,50,0.0007111541623525497,0.0007106484221099183,0.7111541623525497,18,18,36,0.03950856457514165,0,0.0,12,0.0005931419213324386,0.0
bg,50,0.000699266111819302,0.000698777138724163,0.699266111819302,19,19,38,0.03680347956943695,0,0.0,12,0.0007370737845557849,0.0
bg,50,0.00044230880519020843,0.00044211316811105963,0.44230880519020843,22,22,44,0.02010494569046402,0,0.0,12,0.0003853929995426968,0.0
bg,50,0.0007796644108760055,0.0007790565342824191,0.7796644108760056,29,29,58,0.026884979685379503,0,0.0,12,0.0009088577533992781,0.0
bg,50,0.0007700352105837594,0.0007694422563582206,0.7700352105837593,21,21,42,0.036668343361131395,0,0.0,12,0.0008589058516643471,0.0
bg,50,0.0006977052905925252,0.0006972184979200043,0.6977052905925252,23,23,46,0.030335012634457616,0,0.0,12,0.0007860443254705854,0.0
bg,50,0.0009487033103636672,0.0009478032723925722,0.9487033103636673,31,31,62,0.030603332592376364,0,0.0,12,0.0011170448046438665,0.0
bg,50,0.0007460960086424979,0.0007455393493883857,0.7460960086424979,22,22,44,0.03391345493829536,0,0.0,12,0.0006017743787099818,0.0
bg,50,0.0008977699953442624,0.0008969640043797218,0.8977699953442624,31,31,62,0.028960322430460077,0,0.0,12,0.0009977618821413023,0.0
bg,50,0.000988601429189039,0.0009876240964032446,0.988601429189039,27,27,54,0.03661486774774219,0,0.0,12,0.0010380073929119604,0.0
bg,50,0.0005813145824533592,0.0005809766558095862,0.5813145824533592,23,23,46,0.02527454706318953,0,0.0,12,0.0005884145635418654,0.0
bg,50,0.000688067873433603,0.0006875944360351515,0.688067873433603,25,25,50,0.02752271493734412,0,0.0,12,0.0005821859101227613,0.0
bg,50,0.0008685979440770524,0.0008678434816885975,0.8685979440770524,27,27,54,0.032170294225076015,0,0.0,12,0.001060118757251421,0.0
bg,50,0.0007700113996261315,0.0007694184820705773,0.7700113996261315,21,21,42,0.036667209506006264,0,0.0,12,0.000707075541475023,0.0
bg,50,0.0009776202496118386,0.0009766645082593878,0.9776202496118387,24,24,48,0.04073417706715995,0,0.0,12,0.0008737121246551846,0.0
bg,50,0.0012627266162865568,0.0012611321377790782,1.2627266162865567,29,29,58,0.04354229711332954,0,0.0,12,0.0013871118897941944,0.0
bg,50,0.0013252228585178027,0.0013234666428930649,1.3252228585178027,30,30,60,0.04417409528392676,0,0.0,12,0.0013648083264483747,0.0
bg,50,0.00117860696978045,0.001177217855391235,1.17860696978045,28,28,56,0.0420931060635875,0,0.0,12,0.0013102458154504591,0.0
bg,50,0.0010360539697765211,0.0010349805619482315,1.0360539697765212,28,28,56,0.03700192749201862,0,0.0,12,0.0010857997792540436,0.0
bg,50,0.0005844503080844597,0.0005841087259218398,0.5844503080844596,21,21,42,0.027830967051640936,0,0.0,12,0.0005219598604595274,0.0
bg,50,0.0008320357134370355,0.0008313434300086009,0.8320357134370355,24,24,48,0.034668154726543145,0,0.0,12,0.000643914605204907,0.0
bg,50,0.0006803957784197836,0.000679932840004492,0.6803957784197836,22,22,44,0.03092708083726289,0,0.0,12,0.0007090440713412856,0.0
bg,50,0.0006793949157736776,0.0006789333383220986,0.6793949157736776,21,21,42,0.0323521388463656,0,0.0,12,0.0005546789014559122,0.0
bg,50,0.001370213796612631,0.0013683363107642032,1.370213796612631,31,31,62,0.04420044505202036,0,0.0,12,0.0010153555555967475,0.0
bg,50,0.0005662197100904578,0.0005658991053303629,0.5662197100904578,20,20,40,0.02831098550452289,0,0.0,12,0.00045994656148362064,0.0
bg,50,0.0006625180032850114,0.0006620790731803347,0.6625180032850114,24,24,48,0.027604916803542143,0,0.0,12,0.0005269018155044732,0.0
bg,50,0.0009921875605650356,0.0009912031244096954,0.9921875605650357,28,28,56,0.03543527002017984,0,0.0,12,0.0008966089455027676,0.0
bg,50,0.0008388301851677653,0.0008381265490882169,0.8388301851677653,27,27,54,0.03106778463584316,0,0.0,12,0.0009727785776931043,0.0
bg,50,0.0013313570453557446,0.0013295845337735264,1.3313570453557446,36,36,72,0.03698214014877069,0,0.0,12,0.0011962990994126704,0.0
bg,50,0.0008359314955285129,0.0008352327140632963,0.8359314955285129,22,22,44,0.03799688616038695,0,0.0,12,0.000701057073114213,0.0
bg,50,0.0007931669963360051,0.0007925378824519283,0.7931669963360051,22,22,44,0.036053045288000234,0,0.0,12,0.0007241112170945299,0.0
bg,50,0.000543920597945382,0.0005436247483285128,0.5439205979453821,21,21,42,0.025900980854542004,0,0.0,12,0.0005833594609270297,0.0
bg,50,0.001157321819903423,0.0011559824261085983,1.157321819903423,31,31,62,0.037332961932368486,0,0.0,12,0.001309892975175419,0.0
bg,50,0.0006394738244959796,0.000639064897723764,0.6394738244959797,23,23,46,0.02780320976069477,0,0.0,12,0.0005602304197310486,0.0
bg,50,0.001056988218863438,0.001055870994768622,1.056988218863438,24,24,48,0.044041175785976584,0,0.0,12,0.0010959715663428529,0.0
bg,50,0.0010233278942440762,0.0010222806942649383,1.0233278942440762,27,27,54,0.03790103312015097,0,0.0,12,0.001075121110592496,0.0
bg,50,0.0007708624248462144,0.0007702681959681746,0.7708624248462144,18,18,36,0.042825690269234135,0,0.0,12,0.0008633073479289727,0.0
bg,50,0.0012225554334574298,0.0012210607916695536,1.2225554334574298,28,28,56,0.04366269405205107,0,0.0,12,0.0010840299434901077,0.0
bg,50,0.0009860535792779999,0.000985081277616793,0.9860535792779999,28,28,56,0.03521619925992857,0,0.0,12,0.0013929983934065893,0.0
bg,50,0.0010661881228854213,0.0010650513657720392,1.0661881228854213,36,36,72,0.029616336746817257,0,0.0,12,0.0011611377880251304,0.0
bg,50,0.0009528833692758738,0.0009519753825604312,0.9528833692758738,24,24,48,0.039703473719828075,0,0.0,12,0.0009125627665837723,0.0
bg,50,0.0005996004035154954,0.0005992408828715994,0.5996004035154954,21,21,42,0.02855240016740454,0,0.0,12,0.0007025142280553016,0.0
bg,50,0.0012634406659513928,0.0012618443836350131,1.2634406659513928,29,29,58,0.04356691951556527,0,0.0,12,0.001187913992528802,0.0
bg,50,0.000636047894716782,0.0006356433377924083,0.636047894716782,28,28,56,0.022715996239885072,0,0.0,12,0.0006859842562781372,0.0
bg,50,0.0012380206623196486,0.001236487967159318,1.2380206623196486,38,38,76,0.03257949111367496,0,0.0,12,0.0011851805785747618,0.0
bg,50,0.001081922292270807,0.0010807517364242948,1.0819222922708072,27,27,54,0.0400711960100299,0,0.0,12,0.0012297513467446123,0.0
bg,50,0.0005482895155280723,0.0005479888941352341,0.5482895155280723,22,22,44,0.024922250705821467,0,0.0,12,0.0004526772788424187,0.0
bg,50,0.0008003378846950833,0.0007996973439654051,0.8003378846950833,25,25,50,0.03201351538780333,0,0.0,12,0.0007573323089385061,0.0
bg,50,0.0005694221148220251,0.0005690978732771768,0.5694221148220251,30,30,60,0.01898073716073417,0,0.0,12,0.0005457230649346468,0.0
bg,50,0.0009577929347840703,0.0009568755674781482,0.9577929347840703,34,34,68,0.028170380434825597,0,0.0,12,0.0009475381101359057,0.0
bg,50,0.0008609198266411227,0.0008601786436932188,0.8609198266411227,30,30,60,0.02869732755470409,1,0.001,12,0.0007360587903636094,0.9422332226541417
bg,50,0.0009351608630688162,0.0009342863372290007,0.9351608630688162,27,27,54,0.03463558752106727,0,0.0,12,0.0010150388636390826,0.0
bg,50,0.0010806893992469,0.0010795215096692555,1.0806893992469,26,26,52,0.04156497689411154,0,0.0,12,0.0008649957298474138,0.0
bg,50,0.0009141144638262446,0.0009132788585732682,0.9141144638262446,25,25,50,0.03656457855304979,0,0.0,12,0.0010027213288694849,0.0
bg,50,0.0011604493331671755,0.0011591026905123274,1.1604493331671755,24,24,48,0.04835205554863231,0,0.0,12,0.0012231741290647873,0.0
bg,50,0.0010274413483538504,0.0010263857126295432,1.0274413483538503,31,31,62,0.033143269301737104,0,0.0,12,0.0010544708409591687,0.0
bg,50,0.0008906352148361183,0.0008898419837502121,0.8906352148361183,28,28,56,0.03180840052986137,0,0.0,12,0.0009610031103473324,0.0
bg,50,0.000905781633028532,0.0009049611926618,0.905781633028532,24,24,48,0.03774090137618883,0,0.0,12,0.0008500657106632234,0.0
bg,50,0.0009476731594768247,0.0009467750750596318,0.9476731594768246,28,28,56,0.033845469981315164,0,0.0,12,0.0010050840437126997,0.0
bg,50,0.0005939611342374747,0.0005936083444084899,0.5939611342374747,19,19,38,0.03126111232828814,0,0.0,12,0.0006514170576726412,0.0
bg,50,0.0009631893723852798,0.0009622616386182037,0.9631893723852798,32,32,64,0.030099667887039994,0,0.0,12,0.0009780788724797287,0.0
bg,50,0.0010727446843350919,0.0010715939031773227,1.0727446843350918,26,26,52,0.04125941093596507,0,0.0,12,0.001217988145774217,0.0
bg,50,0.0010141988406143483,0.0010131702413260445,1.0141988406143483,32,32,64,0.031693713769198384,0,0.0,12,0.0010008656962591956,0.0
bg,50,0.000794599112106031,0.0007939677243570713,0.794599112106031,26,26,52,0.03056150431177042,0,0.0,12,0.0006197639578866851,0.0
bg,50,0.0009715631466804559,0.0009706192117324682,0.971563146680456,23,23,46,0.04224187594262852,0,0.0,12,0.0012765557279895807,0.0
bg,50,0.0007801227405845453,0.0007795141490941679,0.7801227405845452,21,21,42,0.037148701932597394,0,0.0,12,0.0008150436544965967,0.0
bg,50,0.001104354486257421,0.001103134887426104,1.1043544862574208,26,26,52,0.04247517254836234,0,0.0,12,0.001036285351798199,0.0
bg,50,0.0010113006688615798,0.00101027793981874,1.0113006688615798,26,26,52,0.03889617957159922,0,0.0,12,0.00093797467037054,0.0
bg,50,0.0007051919558480933,0.0007046946601535005,0.7051919558480932,20,20,40,0.03525959779240466,0,0.0,12,0.0006076717056592533,0.0
bg,50,0.0006890523006916495,0.0006885775076185612,0.6890523006916496,23,23,46,0.029958795682245635,0,0.0,12,0.0007211005494280563,0.0
bg,50,0.0009481212754709987,0.0009472223415179979,0.9481212754709987,24,24,48,0.03950505314462494,0,0.0,12,0.0009895017464800987,0.0
bg,50,0.0009015637797369199,0.0009007509624879864,0.9015637797369198,30,30,60,0.03005212599123066,0,0.0,12,0.00085312508521635,0.0
bg,50,0.0008633268425413938,0.0008625815093043414,0.8633268425413938,20,20,40,0.04316634212706969,0,0.0,12,0.0006710508160851713,0.0
bg,50,0.0008612597088605156,0.0008605179405744091,0.8612597088605156,24,24,48,0.035885821202521484,0,0.0,12,0.0009676578375384888,0.0
bg,50,0.00082871591332243,0.0008280291432574362,0.82871591332243,24,24,48,0.034529829721767914,0,0.0,12,0.0009455139671081565,0.0
bg,50,0.0006426266695208796,0.0006422137004845003,0.6426266695208795,23,23,46,0.027940289979168677,0,0.0,12,0.000932170296704839,0.0
bg,50,0.0008544836888515377,0.0008537535464770244,0.8544836888515377,24,24,48,0.03560348703548074,0,0.0,12,0.000564601501817274,0.0
bg,50,0.0007919977479336424,0.0007913704875009104,0.7919977479336424,24,24,48,0.03299990616390177,0,0.0,12,0.0008660284278212744,0.0
bg,50,0.0008011224993194617,0.0008004807020605458,0.8011224993194617,19,19,38,0.04216434206944535,0,0.0,12,0.0007813656189441133,0.0
bg,50,0.0007105784454654742,0.0007100735237383141,0.7105784454654742,23,23,46,0.03089471502023801,0,0.0,12,0.0007830868254982927,0.0
bg,50,0.0009567006501807334,0.0009557853740466772,0.9567006501807334,27,27,54,0.03543335741410124,0,0.0,12,0.0011882142775910946,0.0
bg,50,0.0006949092966825959,0.0006944263977519801,0.6949092966825958,31,31,62,0.022416428925245025,0,0.0,12,0.0005116141890967353,0.0
bg,50,0.0006885577312970685,0.0006880836195477395,0.6885577312970685,20,20,40,0.034427886564853426,0,0.0,12,0.0007518501821242433,0.0
bg,50,0.0007606509120857865,0.0007600723222757297,0.7606509120857865,26,26,52,0.029255804310991788,0,0.0,12,0.0006828771588960363,0.0
bg,50,0.0014182885991220289,0.0014162770565716294,1.4182885991220289,27,27,54,0.05252920737488996,0,0.0,12,0.0015589638925158872,0.0
bg,50,0.0009441330842760678,0.0009432416969952429,0.9441330842760678,30,30,60,0.03147110280920226,0,0.0,12,0.0009510138190956921,0.0
bg,50,0.0006633634524375509,0.0006629234013675211,0.6633634524375509,21,21,42,0.031588735830359566,0,0.0,12,0.0006295262352378873,0.0
bg,50,0.0004606057913270636,0.00046039363363205944,0.4606057913270636,19,19,38,0.02424241006984545,0,0.0,12,0.0004750340256748619,0.0
bg,50,0.0010159500293369294,0.0010149178748748197,1.0159500293369295,23,23,46,0.04417174040595345,0,0.0,12,0.0009798813202321994,0.0
bg,50,0.0006523683206127444,0.0006519427361870053,0.6523683206127444,21,21,42,0.0310651581244164,0,0.0,12,0.0006271949053739992,0.0
bg,50,0.0006369403223031611,0.0006365346293289854,0.6369403223031611,19,19,38,0.03352317485806111,0,0.0,12,0.00068076606566003,0.0
bg,50,0.0012185691846899474,0.0012170842738320716,1.2185691846899473,37,37,74,0.03293430228891749,0,0.0,12,0.0013059205650732897,0.0
bg,50,0.0006539917443845269,0.0006535640391828037,0.6539917443845269,22,22,44,0.02972689747202395,0,0.0,12,0.0006992773492984131,0.0
bg,50,0.0005321169719776364,0.0005318338235057697,0.5321169719776364,22,22,44,0.024187135089892564,0,0.0,12,0.0005086497598535788,0.0
bg,50,0.0004328259411198232,0.00043263860282451703,0.4328259411198232,14,14,28,0.03091613865141594,0,0.0,12,0.00033561354790891985,0.0
bg,50,0.0007281291106821719,0.0007275989386803489,0.7281291106821719,22,22,44,0.03309677775828054,0,0.0,12,0.0007803448264445996,0.0
bg,50,0.0005709078257629621,0.0005705818900174446,0.5709078257629621,23,23,46,0.02482207938099835,0,0.0,12,0.0005531064044299681,0.0
bg,50,0.0006735855728330762,0.0006731318553091472,0.6735855728330762,20,20,40,0.033679278641653806,0,0.0,12,0.0007778176878729825,0.0
bg,50,0.0010129582010205169,0.0010119321167035022,1.012958201020517,33,33,66,0.030695703061227785,0,0.0,12,0.0010494512337417162,0.0
bg,50,0.0004593820832350115,0.0004591710513366141,0.4593820832350115,22,22,44,0.020881003783409614,0,0.0,12,0.0005202382837577599,0.0
bg,50,0.0007307058957175343,0.0007301719646114979,0.7307058957175343,25,25,50,0.029228235828701373,0,0.0,12,0.000650836923180236,0.0
bg,50,0.000986284023473445,0.000985311267298486,0.9862840234734449,27,27,54,0.03652903790642389,0,0.0,12,0.0007432776790664826,0.0
bg,50,0.0007274753047224287,0.0007631529428254675,0.7274753047224287,24,24,48,0.030311471030101195,0,0.0,12,0.0006896864533682316,0.0
bg,50,0.000805121434934577,0.0008044732144095858,0.805121434934577,33,33,66,0.024397619240441728,0,0.0,12,0.0007617637334723879,0.0
bg,50,0.0006616381664013175,0.0006612004013380786,0.6616381664013176,25,25,50,0.0264655266560527,0,0.0,12,0.0004956654996049535,0.0
bg,50,0.0011569753150591207,0.0011556367231794645,1.1569753150591207,29,29,58,0.03989570051928002,0,0.0,12,0.0009827597999934978,0.0
bg,50,0.00046192343577196657,0.0004617100625114512,0.4619234357719666,17,17,34,0.02717196681011568,0,0.0,12,0.0005472082697698233,0.0
bg,50,0.0006258806443741988,0.0006254889177931966,0.6258806443741989,20,20,40,0.031294032218709945,0,0.0,12,0.0007754238116438287,0.0
bg,50,0.0005343985439424089,0.000534112962138641,0.5343985439424088,21,21,42,0.025447549711543276,0,0.0,12,0.000502905929479997,0.0
bg,50,0.0008789039188873229,0.0008781314467886874,0.8789039188873229,21,21,42,0.041852567566062995,0,0.0,12,0.0009700078901205086,0.0
bg,50,0.0010024261352476972,0.0010014212770910694,1.0024261352476973,28,28,56,0.035800933401703476,0,0.0,12,0.0009692576663124375,0.0
bg,50,0.0006440225279012921,0.0006436077628848478,0.6440225279012921,27,27,54,0.023852686218566375,0,0.0,12,0.0006823661337999994,0.0
bg,50,0.0008150449476748225,0.0008143806494080923,0.8150449476748225,22,22,44,0.03704749762158284,0,0.0,12,0.0006025179484985354,0.0
bg,50,0.001108838648819841,0.0011076091256707245,1.108838648819841,26,26,52,0.04264764033922465,0,0.0,12,0.001284330811190798,0.0
bg,50,0.0006203495770516483,0.0006199647434539002,0.6203495770516483,21,21,42,0.02954045605007849,0,0.0,12,0.0005190321816840624,0.0
bg,50,0.0006647452587655049,0.0006643033725064537,0.6647452587655049,23,23,46,0.02890196777241326,0,0.0,12,0.0007623557860066735,0.0
bg,50,0.0006010587330221142,0.0006006974614215721,0.6010587330221142,26,26,52,0.023117643577773624,0,0.0,12,0.0007679353527668322,0.0
bg,50,0.0008367623489402973,0.0008360621777116932,0.8367623489402973,23,23,46,0.03638097169305641,0,0.0,12,0.0009432312502303908,0.0
bg,50,0.0006898237482503191,0.000689347891446669,0.6898237482503191,23,23,46,0.029992336880448656,0,0.0,12,0.0006554417843387787,0.0
bg,50,0.0009619222563213938,0.0009609969618941874,0.9619222563213938,26,26,52,0.036997009858515145,0,0.0,12,0.0010060389383252312,0.0
bg,50,0.0008774808596082266,0.0008767108869492477,0.8774808596082266,20,20,40,0.04387404298041133,0,0.0,12,0.000772360451553836,0.0
bg,50,0.0006592783039606474,0.0006588436560785741,0.6592783039606473,21,21,42,0.031394204950507015,0,0.0,12,0.000834624553721082,0.0
bg,50,0.0008456935038262259,0.0008449783063238119,0.8456935038262259,26,26,52,0.03252667322408561,0,0.0,12,0.0007331541445555819,0.0
bg,50,0.0013618185480664237,0.0013599639983085663,1.3618185480664238,29,29,58,0.046959260278152545,0,0.0,12,0.0012261359542698983,0.0
bg,50,0.0007834829262538818,0.0007828690807581507,0.7834829262538818,26,26,52,0.03013395870207238,0,0.0,12,0.0008652490822914217,0.0
bg,50,0.001223125725395935,0.0012216296888558098,1.223125725395935,37,36,73,0.033975714594331526,0,0.0,12,0.0012496448169942369,0.0
bg,50,0.0008168313077190985,0.0008161640943338284,0.8168313077190985,25,25,50,0.03267325230876394,0,0.0,12,0.0007850553383566737,0.0
bg,50,0.000704193395909698,0.0007036975075708551,0.704193395909698,22,22,44,0.03200879072316809,0,0.0,12,0.0008164512474834809,0.0
bg,50,0.0009626362301191165,0.0009617095616075785,0.9626362301191165,27,27,54,0.03565319370811543,0,0.0,12,0.0011080186938472953,0.0
bg,50,0.0010281613241564208,0.0010271042084479293,1.0281613241564207,28,28,56,0.03672004729130074,0,0.0,12,0.0010861668657746201,0.0
bg,50,0.000555622948815023,0.0005553142319537731,0.555622948815023,18,18,36,0.030867941600834614,0,0.0,12,0.0003933404285413741,0.0
bg,50,0.0009745662554196848,0.0009736164760334821,0.9745662554196848,27,27,54,0.036095046497025364,0,0.0,12,0.0007640778557259108,0.0
bg,50,0.0006821249215675072,0.0006816596271588839,0.6821249215675071,23,23,46,0.02965760528554379,0,0.0,12,0.0007548404679862661,0.0
bg,50,0.0005738772640765575,0.0005735479289623337,0.5738772640765575,25,25,50,0.0229550905630623,0,0.0,12,0.000599008157171492,0.0
bg,50,0.0007563154324817383,0.0007557434194483282,0.7563154324817383,26,26,52,0.029089055095451472,0,0.0,12,0.000767219827602326,0.0
bg,50,0.0004833940351737596,0.00048316036538051805,0.48339403517375956,19,19,38,0.025441791324934713,0,0.0,12,0.0005188833870746637,0.0
bg,50,0.0005057705478765797,0.0005055147440294805,0.5057705478765797,20,20,40,0.025288527393828985,0,0.0,12,0.00041384271391533883,0.0
bg,50,0.0014420249729934654,0.0014399455369707283,1.4420249729934653,33,33,66,0.043697726454347434,0,0.0,12,0.0014348134912154315,0.0
bg,50,0.0011603140930172913,0.0012099482990664114,1.1603140930172913,34,34,68,0.03412688508874386,0,0.0,12,0.0011520716558199484,0.0
bg,50,0.0004492876617197048,0.00044908580231673123,0.4492876617197048,17,17,34,0.026428685983512046,0,0.0,12,0.00045066432344435635,0.0
bg,50,0.0006100807553173126,0.000609708556789304,0.6100807553173127,18,18,36,0.03389337529540626,0,0.0,12,0.0007967370640988839,0.0
bg,50,0.0009830480912579134,0.0009820817077081875,0.9830480912579134,23,23,46,0.04274122135903971,0,0.0,12,0.0007700465436849322,0.0
bg,50,0.0009335648931552641,0.0009326933497455322,0.933564893155264,21,21,42,0.04445547110263162,0,0.0,12,0.0009248483358492455,0.0
bg,50,0.001134840007711631,0.001133552145868528,1.134840007711631,27,27,54,0.04203111139672707,0,0.0,12,0.0013565844624245085,0.0
bg,50,0.0010413873084750662,0.0010403028209488132,1.0413873084750662,33,33,66,0.031557191165911096,2,0.002,12,0.0009409784995409775,2.3908451016642127
bg,50,0.0008524852944151489,0.0008517585632379546,0.8524852944151489,31,31,62,0.027499525626295124,0,0.0,12,0.0008479286557157646,0.0
bg,50,0.0006272502241125579,0.0006268567812689087,0.6272502241125579,22,22,44,0.02851137382329809,0,0.0,12,0.0006848162177358688,0.0
bg,50,0.00066444588216083,0.0006640043938305094,0.66444588216083,23,23,46,0.028888951398296957,0,0.0,12,0.0007089476116120496,0.0
bg,50,0.0006015453145266108,0.0006011834577611816,0.6015453145266108,20,20,40,0.030077265726330536,0,0.0,12,0.0007867648763130109,0.0
bg,50,0.0013032500609364704,0.0013015516002151393,1.3032500609364703,32,32,64,0.0407265644042647,0,0.0,12,0.0014424913877963252,0.0
bg,50,0.0006487828385323695,0.0006483619193607954,0.6487828385323695,18,18,36,0.03604349102957608,0,0.0,12,0.0006602568288738817,0.0
bg,50,0.0006569072544399007,0.0006564757272989649,0.6569072544399006,27,27,54,0.024329898312588912,0,0.0,12,0.0007314623981113423,0.0
bg,50,0.0007662099184735531,0.0007656228408343859,0.7662099184735531,29,29,58,0.02642103167150183,0,0.0,12,0.0008607582479526805,0.0
bg,50,0.0008462365632121092,0.0008455204468911921,0.8462365632121092,27,27,54,0.031342094933781824,0,0.0,12,0.0008165681953577126,0.0
bg,50,0.0006956900915710662,0.0006952061068675561,0.6956900915710662,19,19,38,0.03661526797742454,0,0.0,12,0.0006324044911830341,0.0
bg,50,0.0012757035533584355,0.0012740761338023837,1.2757035533584355,30,30,60,0.04252345177861452,0,0.0,12,0.0008473416237867795,0.0
bg,50,0.0006592753246857299,0.0006588406807319907,0.6592753246857299,22,22,44,0.029967060212987725,0,0.0,12,0.0004685568577295706,0.0
bg,50,0.0011319784605660112,0.0011306970853308255,1.1319784605660113,28,28,56,0.04042780216307183,0,0.0,12,0.0014024891916978506,0.0
bg,50,0.0005431035485185784,0.0005428085870541649,0.5431035485185784,21,21,42,0.025862073738979925,0,0.0,12,0.0006544493944768055,0.0
bg,50,0.0011843164960599175,0.001182913890497078,1.1843164960599175,39,39,78,0.030367089642561986,0,0.0,12,0.0013160537936001506,0.0
bg,50,0.0008794059480823649,0.0008786325932608422,0.8794059480823648,24,24,48,0.03664191450343187,0,0.0,12,0.0006442002501561633,0.0
bg,50,0.0006017634100607232,0.0006014012908590354,0.6017634100607232,18,18,36,0.03343130055892907,0,0.0,12,0.0006550485315805275,0.0
bg,50,0.000519938923039092,0.000519668586555401,0.5199389230390921,29,29,58,0.017928928380658345,0,0.0,12,0.0003905163697294399,0.0
bg,50,0.0011172550939329779,0.0011160068349880586,1.117255093932978,25,25,50,0.044690203757319115,0,0.0,12,0.0010106923374059997,0.0
bg,50,0.0008368155794078689,0.0008361153190939291,0.8368155794078689,23,23,46,0.03638328606121169,0,0.0,12,0.0007186515696906921,0.0
bg,50,0.0007432453116962101,0.0007426928981028516,0.7432453116962101,20,20,40,0.037162265584810505,0,0.0,12,0.0006872479757759954,0.0
bg,50,0.0008716745074766479,0.0008709146910296633,0.8716745074766479,24,24,48,0.036319771144860326,0,0.0,12,0.0010500251963166194,0.0
bg,50,0.0009679271156938247,0.0009669902327925293,0.9679271156938247,31,31,62,0.031223455344962087,0,0.0,12,0.0008720645734591113,0.0
bg,50,0.0010543479996816387,0.001053236349977206,1.0543479996816387,21,21,42,0.050207047603887556,0,0.0,12,0.0010506114183536591,0.0
bg,50,0.0009748333848757689,0.0009738830847475004,0.9748333848757689,30,30,60,0.03249444616252563,0,0.0,12,0.0009387590209044445,0.0
bg,50,0.0010013333525697413,0.0010003306840867727,1.0013333525697412,27,27,54,0.03708642046554597,0,0.0,12,0.0010701029146261939,0.0
bg,50,0.0010069229974950904,0.0010059091035722059,1.0069229974950904,24,24,48,0.04195512489562877,0,0.0,12,0.0007886227037273795,0.0
bg,50,0.0010914547082321703,0.0010902634348520486,1.0914547082321704,33,33,66,0.03307438509794456,0,0.0,12,0.0009859013769371813,0.0
bg,50,0.0008173091628623648,0.0008166411685946661,0.8173091628623648,31,31,62,0.02636481170523757,0,0.0,12,0.0008507333820652473,0.0
bg,50,0.0008022404935933522,0.0008015969037837913,0.8022404935933523,27,27,54,0.02971261087382786,0,0.0,12,0.0007563798693844021,0.0
bg,50,0.001121969816895202,0.0011207110006251784,1.1219698168952021,22,22,44,0.050998628040691,0,0.0,12,0.0010766963915719392,0.0
bg,50,0.0008297323351214345,0.0008290438793734885,0.8297323351214345,27,27,54,0.030730827226719798,0,0.0,12,0.0007405821854712701,0.0
bg,50,0.0008616150659994135,0.0008608726854774562,0.8616150659994135,33,33,66,0.026109547454527683,0,0.0,12,0.0009382371727048265,0.0
bg,50,0.000778671226182837,0.000778064897304352,0.778671226182837,25,25,50,0.03114684904731348,0,0.0,12,0.000792713616300883,0.0
bg,50,0.0005694370738392006,0.0005691128152581381,0.5694370738392006,25,25,50,0.022777482953568025,0,0.0,12,0.0006687739572209411,0.0
bg,50,0.0007986842440667772,0.0007980463475450564,0.7986842440667772,25,25,50,0.03194736976267109,0,0.0,12,0.000845615341167576,0.0
bg,50,0.0008538442459131517,0.0008531151959168726,0.8538442459131517,25,25,50,0.034153769836526064,0,0.0,12,0.000910435297726827,0.0
bg,50,0.0011010122528015316,0.0010998000248207123,1.1010122528015316,30,30,60,0.03670040842671772,0,0.0,12,0.0012163069497206976,0.0
bg,50,0.0007565909597611591,0.0007560185298807668,0.7565909597611591,31,31,62,0.024406159992295454,0,0.0,12,0.0008680256926576426,0.0
bg,50,0.0008330616840135808,0.0008323676922442091,0.8330616840135807,28,28,56,0.029752203000485027,0,0.0,12,0.0005947659146270215,0.0
bg,50,0.0009056461594686524,0.0009048259645024922,0.9056461594686525,24,24,48,0.03773525664452718,0,0.0,12,0.0007503508087829378,0.0
bg,50,0.0010125353363685116,0.0010115101085611167,1.0125353363685115,24,24,48,0.04218897234868798,0,0.0,12,0.0007312171193610592,0.0
bg,50,0.0011394131548775447,0.001138114892540037,1.1394131548775448,31,31,62,0.03675526306056596,0,0.0,12,0.00098004646977381,0.0
bg,50,0.0005025931756911373,0.000502340575790886,0.5025931756911373,19,19,38,0.0264522724047967,0,0.0,12,0.00040134881425149337,0.0
bg,50,0.0007008858871823805,0.000700394646155529,0.7008858871823804,19,19,38,0.03688873090433581,0,0.0,12,0.0008571205733577482,0.0
bg,50,0.0009624487485317985,0.000961522440938248,0.9624487485317985,24,24,48,0.04010203118882494,0,0.0,12,0.0011672755103993772,0.0
bg,50,0.0007799839172194609,0.0007793755423083398,0.7799839172194609,25,25,50,0.031199356688778438,0,0.0,12,0.0008741353046978803,0.0
bg,50,0.0012195952533778432,0.0012181078407957813,1.2195952533778431,31,31,62,0.0393417823670272,0,0.0,12,0.0010743143258530683,0.0
bg,50,0.0005768979682364339,0.0005765651569706787,0.5768979682364339,20,20,40,0.028844898411821696,0,0.0,12,0.0004964138837549061,0.0
bg,50,0.0012020346019434597,0.0012005897147591904,1.2020346019434598,33,33,66,0.03642529096798363,0,0.0,12,0.0013047661457949505,0.0
bg,50,0.0005978505890999059,0.000597493163773019,0.597850589099906,27,27,54,0.02214261441110763,0,0.0,12,0.0006739249252669512,0.0
bg,50,0.0005419498005797471,0.0005416560909933989,0.5419498005797472,20,20,40,0.02709749002898736,0,0.0,12,0.00039469170417991237,0.0
bg,50,0.0008233277672594568,0.0008226498986471163,0.8233277672594568,28,28,56,0.029404563116409172,0,0.0,12,0.0009297613903835416,0.0
bg,50,0.001300527945602756,0.001298836572665462,1.3005279456027559,39,39,78,0.033346870400070665,0,0.0,12,0.0014584067028011734,0.0
bg,50,0.000512823274298114,0.0005125602865874521,0.512823274298114,17,17,34,0.03016607495871259,0,0.0,12,0.0003550988653264332,0.0
bg,50,0.0011094166385724443,0.0011081858332945029,1.1094166385724442,26,26,52,0.04266987071432478,0,0.0,12,0.0012351715734162305,0.0
bg,50,0.0006477946877353791,0.0006473750497779209,0.6477946877353791,18,18,36,0.035988593763076615,0,0.0,12,0.0006035763301552317,0.0
